872.639882
872.916898
872.980822
872.995574
872.998979
872.999764
872.999946
872.999987
872.999997
872.999999
872.999999
872.999997
872.999987
872.999946
872.999764
872.998979
872.995574
872.980822
872.916898
872.639882
872.440128
872.796672
872.935970
872.981275
872.994768
872.998582
872.999624
872.999902
872.999974
872.999992
872.999992
872.999974
872.999902
872.999624
872.998582
872.994768
872.981275
872.935970
872.796672
872.440128
872.295898
872.684100
872.876433
872.956269
872.985584
872.995488
872.998642
872.999603
872.999885
872.999960
872.999960
872.999885
872.999603
872.998642
872.995488
872.985584
872.956269
872.876433
872.684100
872.295898
872.178462
872.582979
872.811836
872.923118
872.970985
872.989716
872.996531
872.998874
872.999639
872.999861
872.999861
872.999639
872.998874
872.996531
872.989716
872.970985
872.923118
872.811836
872.582979
872.178462
872.077197
872.491592
872.746641
872.884742
872.951540
872.980933
872.992900
872.997469
872.999109
872.999623
872.999623
872.999109
872.997469
872.992900
872.980933
872.951540
872.884742
872.746641
872.491592
872.077197
871.987048
872.408016
872.682687
872.843317
872.928192
872.969186
872.987507
872.995160
872.998147
872.999147
872.999147
872.998147
872.995160
872.987507
872.969186
872.928192
872.843317
872.682687
872.408016
871.987048
871.905154
872.330757
872.620674
872.800275
872.901874
872.954742
872.980264
872.991775
872.996601
872.998313
872.998313
872.996601
872.991775
872.980264
872.954742
872.901874
872.800275
872.620674
872.330757
871.905154
871.829705
872.258700
872.560811
872.756524
872.873372
872.937960
872.971204
872.987203
872.994336
872.996992
872.996992
872.994336
872.987203
872.971204
872.937960
872.873372
872.756524
872.560811
872.258700
871.829705
871.759471
872.191011
872.503101
872.712633
872.843305
872.919209
872.960429
872.981391
872.991239
872.995059
872.995059
872.991239
872.981391
872.960429
872.919209
872.843305
872.712633
872.503101
872.191011
871.759471
871.693568
872.127050
872.447457
872.668957
872.812144
872.898830
872.948081
872.974330
872.987224
872.992403
872.992403
872.987224
872.974330
872.948081
872.898830
872.812144
872.668957
872.447457
872.127050
871.693568
871.631337
872.066314
872.393758
872.625718
872.780246
872.877118
872.934315
872.966044
872.982235
872.988929
872.988929
872.982235
872.966044
872.934315
872.877118
872.780246
872.625718
872.393758
872.066314
871.631337
871.572269
872.008402
872.341874
872.583049
872.747875
872.854325
872.919282
872.956576
872.976234
872.984564
872.984564
872.976234
872.956576
872.919282
872.854325
872.747875
872.583049
872.341874
872.008402
871.572269
871.515964
871.952990
872.291678
872.541029
872.715229
872.830657
872.903124
872.945980
872.969207
872.979256
872.979256
872.969207
872.945980
872.903124
872.830657
872.715229
872.541029
872.291678
871.952990
871.515964
871.462098
871.899807
872.243048
872.499700
872.682457
872.806284
872.885968
872.934318
872.961153
872.972972
872.972972
872.961153
872.934318
872.885968
872.806284
872.682457
872.499700
872.243048
871.899807
871.462098
871.410405
871.848630
872.195872
872.459079
872.649667
872.781344
872.867930
872.921651
872.952087
872.965695
872.965695
872.952087
872.921651
872.867930
872.781344
872.649667
872.459079
872.195872
871.848630
871.410405
871.360664
871.799267
872.150049
872.419168
872.616940
872.755950
872.849107
872.908041
872.942030
872.957423
872.957423
872.942030
872.908041
872.849107
872.755950
872.616940
872.419168
872.150049
871.799267
871.360664
871.312687
871.751555
872.105483
872.379957
872.584333
872.730191
872.829586
872.893549
872.931011
872.948166
872.948166
872.931011
872.893549
872.829586
872.730191
872.584333
872.379957
872.105483
871.751555
871.312687
871.266315
871.705353
872.062089
872.341429
872.551889
872.704141
872.809442
872.878230
872.919064
872.937944
872.937944
872.919064
872.878230
872.809442
872.704141
872.551889
872.341429
872.062089
871.705353
871.266315
871.221410
871.660537
872.019788
872.303565
872.519637
872.677858
872.788740
872.862140
872.906227
872.926781
872.926781
872.906227
872.862140
872.788740
872.677858
872.519637
872.303565
872.019788
871.660537
871.221410
871.177850
871.616998
871.978508
872.266338
872.487596
872.651391
872.767537
872.845328
872.892539
872.914708
872.914708
872.892539
872.845328
872.767537
872.651391
872.487596
872.266338
871.978508
871.616998
871.177850
871.135530
871.574640
871.938183
872.229725
872.455779
872.624777
872.745882
872.827844
872.878040
872.901762
872.901762
872.878040
872.827844
872.745882
872.624777
872.455779
872.229725
871.938183
871.574640
871.135530
871.094355
871.533377
871.898751
872.193697
872.424193
872.598048
872.723817
872.809730
872.862772
872.887977
872.887977
872.862772
872.809730
872.723817
872.598048
872.424193
872.193697
871.898751
871.533377
871.094355
871.054243
871.493130
871.860157
872.158229
872.392840
872.571229
872.701381
872.791030
872.846774
872.873394
872.873394
872.846774
872.791030
872.701381
872.571229
872.392840
872.158229
871.860157
871.493130
871.054243
871.015118
871.453831
871.822348
872.123293
872.361719
872.544340
872.678608
872.771782
872.830087
872.858051
872.858051
872.830087
872.771782
872.678608
872.544340
872.361719
872.123293
871.822348
871.453831
871.015118
870.976911
871.415415
871.785277
872.088865
872.330829
872.517397
872.655526
872.752022
872.812750
872.841987
872.841987
872.812750
872.752022
872.655526
872.517397
872.330829
872.088865
871.785277
871.415415
870.976911
870.939560
871.377824
871.748898
872.054917
872.300164
872.490416
872.632163
872.731785
872.794799
872.825241
872.825241
872.794799
872.731785
872.632163
872.490416
872.300164
872.054917
871.748898
871.377824
870.939560
870.903010
871.341006
871.713170
872.021427
872.269718
872.463406
872.608542
872.711103
872.776271
872.807851
872.807851
872.776271
872.711103
872.608542
872.463406
872.269718
872.021427
871.713170
871.341006
870.903010
870.867209
871.304911
871.678055
871.988371
872.239486
872.436377
872.584685
872.690005
872.757201
872.789853
872.789853
872.757201
872.690005
872.584685
872.436377
872.239486
871.988371
871.678055
871.304911
870.867209
870.832109
871.269494
871.643516
871.955725
872.209460
872.409336
872.560612
872.668519
872.737622
872.771283
872.771283
872.737622
872.668519
872.560612
872.409336
872.209460
871.955725
871.643516
871.269494
870.832109
870.797666
871.234714
871.609520
871.923470
872.179633
872.382290
872.536340
872.646673
872.717566
872.752175
872.752175
872.717566
872.646673
872.536340
872.382290
872.179633
871.923470
871.609520
871.234714
870.797666
870.763841
871.200532
871.576035
871.891583
872.149998
872.355244
872.511885
872.624489
872.697061
872.732562
872.732562
872.697061
872.624489
872.511885
872.355244
872.149998
871.891583
871.576035
871.200532
870.763841
870.730596
871.166912
871.543032
871.860047
872.120546
872.328202
872.487263
872.601992
872.676138
872.712474
872.712474
872.676138
872.601992
872.487263
872.328202
872.120546
871.860047
871.543032
871.166912
870.730596
870.697896
871.133821
871.510483
871.828843
872.091271
872.301168
872.462486
872.579203
872.654822
872.691942
872.691942
872.654822
872.579203
872.462486
872.301168
872.091271
871.828843
871.510483
871.133821
870.697896
870.665708
871.101229
871.478364
871.797952
872.062164
872.274146
872.437568
872.556142
872.633140
872.670993
872.670993
872.633140
872.556142
872.437568
872.274146
872.062164
871.797952
871.478364
871.101229
870.665708
870.634004
871.069105
871.446649
871.767360
872.033220
872.247137
872.412521
872.532828
872.611116
872.649654
872.649654
872.611116
872.532828
872.412521
872.247137
872.033220
871.767360
871.446649
871.069105
870.634004
870.602754
871.037424
871.415316
871.737050
872.004432
872.220144
872.387354
872.509279
872.588771
872.627951
872.627951
872.588771
872.509279
872.387354
872.220144
872.004432
871.737050
871.415316
871.037424
870.602754
870.571933
871.006160
871.384344
871.707008
871.975792
872.193170
872.362079
872.485512
872.566128
872.605908
872.605908
872.566128
872.485512
872.362079
872.193170
871.975792
871.707008
871.384344
871.006160
870.571933
870.541517
870.975289
871.353714
871.677220
871.947295
872.166216
872.336704
872.461542
872.543207
872.583546
872.583546
872.543207
872.461542
872.336704
872.166216
871.947295
871.677220
871.353714
870.975289
870.541517
870.511481
870.944790
871.323406
871.647673
871.918934
872.139283
872.311238
872.437384
872.520026
872.560888
872.560888
872.520026
872.437384
872.311238
872.139283
871.918934
871.647673
871.323406
870.944790
870.511481
870.481806
870.914641
871.293403
871.618354
871.890704
872.112373
872.285690
872.413052
872.496605
872.537953
872.537953
872.496605
872.413052
872.285690
872.112373
871.890704
871.618354
871.293403
870.914641
870.481806
870.452471
870.884824
871.263689
871.589253
871.862600
872.085488
872.260066
872.388559
872.472959
872.514760
872.514760
872.472959
872.388559
872.260066
872.085488
871.862600
871.589253
871.263689
870.884824
870.452471
870.423457
870.855320
871.234249
871.560359
871.834616
872.058627
872.234374
872.363916
872.449105
872.491327
872.491327
872.449105
872.363916
872.234374
872.058627
871.834616
871.560359
871.234249
870.855320
870.423457
870.394747
870.826113
871.205067
871.531660
871.806747
872.031792
872.208620
872.339137
872.425057
872.467672
872.467672
872.425057
872.339137
872.208620
872.031792
871.806747
871.531660
871.205067
870.826113
870.394747
870.366324
870.797185
871.176131
871.503148
871.778989
872.004985
872.182811
872.314230
872.400830
872.443809
872.443809
872.400830
872.314230
872.182811
872.004985
871.778989
871.503148
871.176131
870.797185
870.366324
870.338173
870.768524
871.147427
871.474814
871.751338
871.978205
872.156953
872.289206
872.376436
872.419753
872.419753
872.376436
872.289206
872.156953
871.978205
871.751338
871.474814
871.147427
870.768524
870.338173
870.310280
870.740113
871.118944
871.446648
871.723788
871.951453
872.131050
872.264075
872.351889
872.395519
872.395519
872.351889
872.264075
872.131050
871.951453
871.723788
871.446648
871.118944
870.740113
870.310280
870.282630
870.711941
871.090671
871.418644
871.696338
871.924731
872.105108
872.238846
872.327199
872.371120
872.371120
872.327199
872.238846
872.105108
871.924731
871.696338
871.418644
871.090671
870.711941
870.282630
870.255211
870.683995
871.062596
871.390793
871.668982
871.898038
872.079132
872.213526
872.302378
872.346567
872.346567
872.302378
872.213526
872.079132
871.898038
871.668982
871.390793
871.062596
870.683995
870.255211
870.228011
870.656263
871.034711
871.363088
871.641718
871.871376
872.053126
872.188124
872.277436
872.321874
872.321874
872.277436
872.188124
872.053126
871.871376
871.641718
871.363088
871.034711
870.656263
870.228011
870.201019
870.628734
871.007005
871.335524
871.614541
871.844744
872.027093
872.162647
872.252383
872.297049
872.297049
872.252383
872.162647
872.027093
871.844744
871.614541
871.335524
871.007005
870.628734
870.201019
870.174224
870.601398
870.979470
871.308093
871.587450
871.818143
872.001039
872.137102
872.227228
872.272105
872.272105
872.227228
872.137102
872.001039
871.818143
871.587450
871.308093
870.979470
870.601398
870.174224
870.147616
870.574246
870.952099
871.280789
871.560441
871.791574
871.974967
872.111495
872.201979
872.247050
872.247050
872.201979
872.111495
871.974967
871.791574
871.560441
871.280789
870.952099
870.574246
870.147616
870.121186
870.547269
870.924882
871.253608
871.533511
871.765037
871.948880
872.085832
872.176644
872.221893
872.221893
872.176644
872.085832
871.948880
871.765037
871.533511
871.253608
870.924882
870.547269
870.121186
870.094926
870.520457
870.897813
871.226543
871.506658
871.738532
871.922781
872.060120
872.151231
872.196643
872.196643
872.151231
872.060120
871.922781
871.738532
871.506658
871.226543
870.897813
870.520457
870.094926
870.068826
870.493804
870.870885
871.199591
871.479880
871.712060
871.896673
872.034363
872.125747
872.171308
872.171308
872.125747
872.034363
871.896673
871.712060
871.479880
871.199591
870.870885
870.493804
870.068826
870.042880
870.467301
870.844092
871.172746
871.453174
871.685621
871.870560
872.008566
872.100199
872.145896
872.145896
872.100199
872.008566
871.870560
871.685621
871.453174
871.172746
870.844092
870.467301
870.042880
870.017080
870.440941
870.817428
871.146004
871.426537
871.659215
871.844444
871.982735
872.074593
872.120413
872.120413
872.074593
871.982735
871.844444
871.659215
871.426537
871.146004
870.817428
870.440941
870.017080
869.991419
870.414719
870.790886
871.119362
871.399969
871.632842
871.818327
871.956874
872.048934
872.094866
872.094866
872.048934
871.956874
871.818327
871.632842
871.399969
871.119362
870.790886
870.414719
869.991419
869.965891
870.388627
870.764463
871.092815
871.373468
871.606503
871.792211
871.930986
872.023228
872.069261
872.069261
872.023228
871.930986
871.792211
871.606503
871.373468
871.092815
870.764463
870.388627
869.965891
869.940490
870.362660
870.738151
871.066359
871.347030
871.580199
871.766100
871.905075
871.997481
872.043604
872.043604
871.997481
871.905075
871.766100
871.580199
871.347030
871.066359
870.738151
870.362660
869.940490
869.915210
870.336813
870.711948
871.039991
871.320655
871.553928
871.739994
871.879146
871.971697
872.017900
872.017900
871.971697
871.879146
871.739994
871.553928
871.320655
871.039991
870.711948
870.336813
869.915210
869.890045
870.311080
870.685849
871.013709
871.294341
871.527691
871.713896
871.853202
871.945880
871.992156
871.992156
871.945880
871.853202
871.713896
871.527691
871.294341
871.013709
870.685849
870.311080
869.890045
869.864992
870.285456
870.659849
870.987509
871.268087
871.501489
871.687808
871.827246
871.920035
871.966374
871.966374
871.920035
871.827246
871.687808
871.501489
871.268087
870.987509
870.659849
870.285456
869.864992
869.840045
870.259937
870.633944
870.961388
871.241891
871.475322
871.661731
871.801280
871.894167
871.940561
871.940561
871.894167
871.801280
871.661731
871.475322
871.241891
870.961388
870.633944
870.259937
869.840045
869.815199
870.234518
870.608131
870.935344
871.215752
871.449189
871.635667
871.775309
871.868278
871.914720
871.914720
871.868278
871.775309
871.635667
871.449189
871.215752
870.935344
870.608131
870.234518
869.815199
869.790451
870.209197
870.582407
870.909375
871.189669
871.423091
871.609618
871.749334
871.842372
871.888855
871.888855
871.842372
871.749334
871.609618
871.423091
871.189669
870.909375
870.582407
870.209197
869.790451
869.765797
870.183968
870.556768
870.883477
871.163640
871.397029
871.583584
871.723358
871.816453
871.862970
871.862970
871.816453
871.723358
871.583584
871.397029
871.163640
870.883477
870.556768
870.183968
869.765797
869.741233
870.158828
870.531211
870.857649
871.137665
871.371001
871.557567
871.697383
871.790523
871.837069
871.837069
871.790523
871.697383
871.557567
871.371001
871.137665
870.857649
870.531211
870.158828
869.741233
869.716756
870.133774
870.505733
870.831888
871.111742
871.345009
871.531568
871.671412
871.764586
871.811154
871.811154
871.764586
871.671412
871.531568
871.345009
871.111742
870.831888
870.505733
870.133774
869.716756
869.692361
870.108803
870.480332
870.806193
871.085870
871.319052
871.505589
871.645446
871.738645
871.785229
871.785229
871.738645
871.645446
871.505589
871.319052
871.085870
870.806193
870.480332
870.108803
869.692361
869.668048
870.083912
870.455005
870.780562
871.060048
871.293130
871.479631
871.619487
871.712701
871.759297
871.759297
871.712701
871.619487
871.479631
871.293130
871.060048
870.780562
870.455005
870.083912
869.668048
869.643811
870.059097
870.429750
870.754993
871.034277
871.267244
871.453694
871.593538
871.686757
871.733360
871.733360
871.686757
871.593538
871.453694
871.267244
871.034277
870.754993
870.429750
870.059097
869.643811
869.619650
870.034357
870.404564
870.729485
871.008554
871.241393
871.427779
871.567600
871.660816
871.707422
871.707422
871.660816
871.567600
871.427779
871.241393
871.008554
870.729485
870.404564
870.034357
869.619650
869.595560
870.009689
870.379446
870.704036
870.982879
871.215578
871.401888
871.541675
871.634880
871.681483
871.681483
871.634880
871.541675
871.401888
871.215578
870.982879
870.704036
870.379446
870.009689
869.595560
869.571541
869.985091
870.354392
870.678644
870.957251
871.189798
871.376020
871.515763
871.608950
871.655548
871.655548
871.608950
871.515763
871.376020
871.189798
870.957251
870.678644
870.354392
869.985091
869.571541
869.547589
869.960560
870.329403
870.653308
870.931670
871.164055
871.350178
871.489867
871.583028
871.629617
871.629617
871.583028
871.489867
871.350178
871.164055
870.931670
870.653308
870.329403
869.960560
869.547589
869.523703
869.936095
870.304475
870.628028
870.906134
871.138347
871.324361
871.463988
871.557117
871.603693
871.603693
871.557117
871.463988
871.324361
871.138347
870.906134
870.628028
870.304475
869.936095
869.523703
869.499880
869.911693
870.279607
870.602801
870.880644
871.112674
871.298571
871.438127
871.531218
871.577777
871.577777
871.531218
871.438127
871.298571
871.112674
870.880644
870.602801
870.279607
869.911693
869.499880
869.476119
869.887353
870.254797
870.577627
870.855199
871.087038
871.272807
871.412284
871.505331
871.551872
871.551872
871.505331
871.412284
871.272807
871.087038
870.855199
870.577627
870.254797
869.887353
869.476119
869.452417
869.863072
870.230045
870.552504
870.829798
871.061437
871.247071
871.386462
871.479460
871.525979
871.525979
871.479460
871.386462
871.247071
871.061437
870.829798
870.552504
870.230045
869.863072
869.452417
869.428775
869.838850
870.205348
870.527432
870.804440
871.035872
871.221363
871.360661
871.453605
871.500099
871.500099
871.453605
871.360661
871.221363
871.035872
870.804440
870.527432
870.205348
869.838850
869.428775
869.405188
869.814685
870.180706
870.502409
870.779126
871.010343
871.195683
871.334883
871.427767
871.474234
871.474234
871.427767
871.334883
871.195683
871.010343
870.779126
870.502409
870.180706
869.814685
869.405188
869.381657
869.790576
870.156117
870.477435
870.753854
870.984850
871.170033
871.309127
871.401948
871.448385
871.448385
871.401948
871.309127
871.170033
870.984850
870.753854
870.477435
870.156117
869.790576
869.381657
869.358180
869.766520
870.131579
870.452509
870.728624
870.959392
871.144412
871.283395
871.376149
871.422554
871.422554
871.376149
871.283395
871.144412
870.959392
870.728624
870.452509
870.131579
869.766520
869.358180
869.334756
869.742518
870.107093
870.427630
870.703437
870.933971
871.118820
871.257688
871.350370
871.396741
871.396741
871.350370
871.257688
871.118820
870.933971
870.703437
870.427630
870.107093
869.742518
869.334756
869.311382
869.718567
870.082657
870.402797
870.678290
870.908585
871.093259
871.232006
871.324613
871.370948
871.370948
871.324613
871.232006
871.093259
870.908585
870.678290
870.402797
870.082657
869.718567
869.311382
869.288059
869.694667
870.058269
870.378010
870.653185
870.883235
871.067729
871.206350
871.298879
871.345176
871.345176
871.298879
871.206350
871.067729
870.883235
870.653185
870.378010
870.058269
869.694667
869.288059
869.264786
869.670816
870.033930
870.353268
870.628121
870.857921
871.042230
871.180721
871.273168
871.319426
871.319426
871.273168
871.180721
871.042230
870.857921
870.628121
870.353268
870.033930
869.670816
869.264786
869.241560
869.647013
870.009638
870.328570
870.603096
870.832642
871.016761
871.155119
871.247481
871.293698
871.293698
871.247481
871.155119
871.016761
870.832642
870.603096
870.328570
870.009638
869.647013
869.241560
869.218381
869.623259
869.985392
870.303916
870.578112
870.807400
870.991325
871.129545
871.221819
871.267994
871.267994
871.221819
871.129545
870.991325
870.807400
870.578112
870.303916
869.985392
869.623259
869.218381
869.195249
869.599551
869.961192
870.279305
870.553168
870.782193
870.965920
871.103999
871.196183
871.242314
871.242314
871.196183
871.103999
870.965920
870.782193
870.553168
870.279305
869.961192
869.599551
869.195249
869.172162
869.575888
869.937036
870.254737
870.528263
870.757022
870.940547
871.078482
871.170574
871.216659
871.216659
871.170574
871.078482
870.940547
870.757022
870.528263
870.254737
869.937036
869.575888
869.172162
869.149120
869.552271
869.912925
870.230211
870.503397
870.731887
870.915206
871.052994
871.144991
871.191030
871.191030
871.144991
871.052994
870.915206
870.731887
870.503397
870.230211
869.912925
869.552271
869.149120
869.126121
869.528699
869.888858
870.205726
870.478570
870.706788
870.889898
871.027536
871.119435
871.165427
871.165427
871.119435
871.027536
870.889898
870.706788
870.478570
870.205726
869.888858
869.528699
869.126121
869.103166
869.505170
869.864833
870.181283
870.453782
870.681724
870.864623
871.002107
871.093908
871.139851
871.139851
871.093908
871.002107
870.864623
870.681724
870.453782
870.181283
869.864833
869.505170
869.103166
869.080253
869.481683
869.840851
870.156881
870.429033
870.656696
870.839381
870.976710
871.068409
871.114303
871.114303
871.068409
870.976710
870.839381
870.656696
870.429033
870.156881
869.840851
869.481683
869.080253
869.057381
869.458240
869.816910
870.132519
870.404321
870.631704
870.814171
870.951342
871.042940
871.088783
871.088783
871.042940
870.951342
870.814171
870.631704
870.404321
870.132519
869.816910
869.458240
869.057381
869.034551
869.434838
869.793012
870.108196
870.379648
870.606747
870.788995
870.926006
871.017499
871.063291
871.063291
871.017499
870.926006
870.788995
870.606747
870.379648
870.108196
869.793012
869.434838
869.034551
869.011762
869.411477
869.769153
870.083914
870.355012
870.581826
870.763852
870.900701
870.992089
871.037828
871.037828
870.992089
870.900701
870.763852
870.581826
870.355012
870.083914
869.769153
869.411477
869.011762
868.989013
869.388157
869.745336
870.059671
870.330414
870.556940
870.738743
870.875428
870.966708
871.012395
871.012395
870.966708
870.875428
870.738743
870.556940
870.330414
870.059671
869.745336
869.388157
868.989013
868.966303
869.364877
869.721558
870.035467
870.305853
870.532090
870.713667
870.850186
870.941358
870.986991
870.986991
870.941358
870.850186
870.713667
870.532090
870.305853
870.035467
869.721558
869.364877
868.966303
868.943632
869.341638
869.697820
870.011302
870.281330
870.507275
870.688624
870.824977
870.916039
870.961618
870.961618
870.916039
870.824977
870.688624
870.507275
870.281330
870.011302
869.697820
869.341638
868.943632
868.921001
869.318437
869.674121
869.987175
870.256844
870.482496
870.663616
870.799800
870.890751
870.936275
870.936275
870.890751
870.799800
870.663616
870.482496
870.256844
869.987175
869.674121
869.318437
868.921001
868.898407
869.295275
869.650461
869.963086
870.232394
870.457752
870.638641
870.774655
870.865495
870.910963
870.910963
870.865495
870.774655
870.638641
870.457752
870.232394
869.963086
869.650461
869.295275
868.898407
868.875851
869.272152
869.626839
869.939035
870.207982
870.433044
870.613701
870.749543
870.840270
870.885683
870.885683
870.840270
870.749543
870.613701
870.433044
870.207982
869.939035
869.626839
869.272152
868.875851
868.853333
869.249067
869.603256
869.915021
870.183606
870.408371
870.588794
870.724464
870.815077
870.860433
870.860433
870.815077
870.724464
870.588794
870.408371
870.183606
869.915021
869.603256
869.249067
868.853333
868.830851
869.226019
869.579710
869.891045
870.159266
870.383733
870.563922
870.699418
870.789916
870.835216
870.835216
870.789916
870.699418
870.563922
870.383733
870.159266
869.891045
869.579710
869.226019
868.830851
868.808407
869.203010
869.556202
869.867106
870.134963
870.359131
870.539083
870.674405
870.764788
870.810030
870.810030
870.764788
870.674405
870.539083
870.359131
870.134963
869.867106
869.556202
869.203010
868.808407
868.785999
869.180037
869.532731
869.843204
870.110696
870.334564
870.514279
870.649425
870.739692
870.784876
870.784876
870.739692
870.649425
870.514279
870.334564
870.110696
869.843204
869.532731
869.180037
868.785999
868.763627
869.157101
869.509297
869.819339
870.086465
870.310032
870.489509
870.624478
870.714629
870.759755
870.759755
870.714629
870.624478
870.489509
870.310032
870.086465
869.819339
869.509297
869.157101
868.763627
868.741290
869.134201
869.485900
869.795510
870.062270
870.285535
870.464774
870.599565
870.689599
870.734666
870.734666
870.689599
870.599565
870.464774
870.285535
870.062270
869.795510
869.485900
869.134201
868.741290
868.718990
869.111338
869.462540
869.771718
870.038111
870.261073
870.440072
870.574686
870.664601
870.709610
870.709610
870.664601
870.574686
870.440072
870.261073
870.038111
869.771718
869.462540
869.111338
868.718990
868.696724
869.088511
869.439216
869.747961
870.013987
870.236647
870.415405
870.549840
870.639637
870.684587
870.684587
870.639637
870.549840
870.415405
870.236647
870.013987
869.747961
869.439216
869.088511
868.696724
868.674494
869.065720
869.415927
869.724241
869.989899
870.212255
870.390773
870.525028
870.614706
870.659597
870.659597
870.614706
870.525028
870.390773
870.212255
869.989899
869.724241
869.415927
869.065720
868.674494
868.652298
869.042964
869.392675
869.700557
869.965847
870.187898
870.366174
870.500250
870.589809
870.634640
870.634640
870.589809
870.500250
870.366174
870.187898
869.965847
869.700557
869.392675
869.042964
868.652298
868.630137
869.020243
869.369458
869.676908
869.941830
870.163577
870.341610
870.475506
870.564945
870.609717
870.609717
870.564945
870.475506
870.341610
870.163577
869.941830
869.676908
869.369458
869.020243
868.630137
868.608011
868.997558
869.346277
869.653295
869.917848
870.139290
870.317081
870.450795
870.540114
870.584826
870.584826
870.540114
870.450795
870.317081
870.139290
869.917848
869.653295
869.346277
868.997558
868.608011
868.585918
868.974907
869.323131
869.629717
869.893902
870.115038
870.292586
870.426119
870.515317
870.559970
870.559970
870.515317
870.426119
870.292586
870.115038
869.893902
869.629717
869.323131
868.974907
868.585918
868.563860
868.952292
869.300021
869.606174
869.869990
870.090820
870.268125
870.401477
870.490554
870.535146
870.535146
870.490554
870.401477
870.268125
870.090820
869.869990
869.606174
869.300021
868.952292
868.563860
868.541835
868.929710
869.276945
869.582666
869.846114
870.066638
870.243699
870.376868
870.465825
870.510357
870.510357
870.465825
870.376868
870.243699
870.066638
869.846114
869.582666
869.276945
868.929710
868.541835
868.519844
868.907163
869.253904
869.559194
869.822273
870.042490
870.219307
870.352294
870.441130
870.485601
870.485601
870.441130
870.352294
870.219307
870.042490
869.822273
869.559194
869.253904
868.907163
868.519844
868.497886
868.884651
869.230897
869.535756
869.798466
870.018377
870.194950
870.327754
870.416468
870.460879
870.460879
870.416468
870.327754
870.194950
870.018377
869.798466
869.535756
869.230897
868.884651
868.497886
868.475961
868.862172
869.207926
869.512353
869.774694
869.994299
870.170627
870.303248
870.391841
870.436191
870.436191
870.391841
870.303248
870.170627
869.994299
869.774694
869.512353
869.207926
868.862172
868.475961
868.454070
868.839727
869.184988
869.488985
869.750957
869.970255
870.146338
870.278777
870.367248
870.411537
870.411537
870.367248
870.278777
870.146338
869.970255
869.750957
869.488985
869.184988
868.839727
868.454070
868.432211
868.817316
869.162085
869.465651
869.727254
869.946245
870.122084
870.254339
870.342688
870.386916
870.386916
870.342688
870.254339
870.122084
869.946245
869.727254
869.465651
869.162085
868.817316
868.432211
868.410385
868.794938
869.139216
869.442351
869.703586
869.922270
870.097864
870.229936
870.318163
870.362330
870.362330
870.318163
870.229936
870.097864
869.922270
869.703586
869.442351
869.139216
868.794938
868.410385
868.388592
868.772594
869.116380
869.419086
869.679952
869.898330
870.073679
870.205567
870.293672
870.337778
870.337778
870.293672
870.205567
870.073679
869.898330
869.679952
869.419086
869.116380
868.772594
868.388592
868.366832
868.750283
869.093579
869.395855
869.656353
869.874424
870.049528
870.181232
870.269215
870.313260
870.313260
870.269215
870.181232
870.049528
869.874424
869.656353
869.395855
869.093579
868.750283
868.366832
868.345104
868.728005
869.070812
869.372658
869.632788
869.850552
870.025411
870.156932
870.244792
870.288776
870.288776
870.244792
870.156932
870.025411
869.850552
869.632788
869.372658
869.070812
868.728005
868.345104
868.323408
868.705761
869.048078
869.349495
869.609257
869.826715
870.001328
870.132665
870.220403
870.264326
870.264326
870.220403
870.132665
870.001328
869.826715
869.609257
869.349495
869.048078
868.705761
868.323408
868.301744
868.683549
869.025377
869.326366
869.585760
869.802911
869.977280
870.108433
870.196049
870.239910
870.239910
870.196049
870.108433
869.977280
869.802911
869.585760
869.326366
869.025377
868.683549
868.301744
868.280113
868.661370
869.002710
869.303271
869.562297
869.779142
869.953265
870.084235
870.171728
870.215529
870.215529
870.171728
870.084235
869.953265
869.779142
869.562297
869.303271
869.002710
868.661370
868.280113
868.258513
868.639224
868.980077
869.280209
869.538869
869.755407
869.929286
870.060072
870.147442
870.191181
870.191181
870.147442
870.060072
869.929286
869.755407
869.538869
869.280209
868.980077
868.639224
868.258513
868.236945
868.617111
868.957476
869.257182
869.515474
869.731706
869.905340
870.035942
870.123190
870.166868
870.166868
870.123190
870.035942
869.905340
869.731706
869.515474
869.257182
868.957476
868.617111
868.236945
868.215409
868.595030
868.934909
869.234187
869.492113
869.708040
869.881428
870.011847
870.098972
870.142589
870.142589
870.098972
870.011847
869.881428
869.708040
869.492113
869.234187
868.934909
868.595030
868.215409
868.193905
868.572982
868.912375
869.211227
869.468786
869.684407
869.857550
869.987785
870.074789
870.118344
870.118344
870.074789
869.987785
869.857550
869.684407
869.468786
869.211227
868.912375
868.572982
868.193905
868.172432
868.550966
868.889873
869.188299
869.445493
869.660808
869.833707
869.963758
870.050639
870.094133
870.094133
870.050639
869.963758
869.833707
869.660808
869.445493
869.188299
868.889873
868.550966
868.172432
868.150991
868.528982
868.867405
869.165405
869.422233
869.637243
869.809897
869.939765
870.026524
870.069957
870.069957
870.026524
869.939765
869.809897
869.637243
869.422233
869.165405
868.867405
868.528982
868.150991
868.129581
868.507030
868.844969
869.142545
869.399007
869.613712
869.786122
869.915806
870.002442
870.045814
870.045814
870.002442
869.915806
869.786122
869.613712
869.399007
869.142545
868.844969
868.507030
868.129581
868.108202
868.485110
868.822566
869.119717
869.375815
869.590215
869.762380
869.891882
869.978395
870.021706
870.021706
869.978395
869.891882
869.762380
869.590215
869.375815
869.119717
868.822566
868.485110
868.108202
868.086855
868.463223
868.800196
869.096923
869.352656
869.566751
869.738673
869.867991
869.954382
869.997632
869.997632
869.954382
869.867991
869.738673
869.566751
869.352656
869.096923
868.800196
868.463223
868.086855
868.065539
868.441367
868.777858
869.074162
869.329530
869.543321
869.714999
869.844134
869.930403
869.973592
869.973592
869.930403
869.844134
869.714999
869.543321
869.329530
869.074162
868.777858
868.441367
868.065539
868.044253
868.419543
868.755553
869.051433
869.306438
869.519925
869.691359
869.820311
869.906458
869.949586
869.949586
869.906458
869.820311
869.691359
869.519925
869.306438
869.051433
868.755553
868.419543
868.044253
868.022999
868.397751
868.733280
869.028738
869.283379
869.496562
869.667753
869.796522
869.882548
869.925614
869.925614
869.882548
869.796522
869.667753
869.496562
869.283379
869.028738
868.733280
868.397751
868.022999
868.001776
868.375991
868.711040
869.006075
869.260353
869.473233
869.644181
869.772767
869.858671
869.901676
869.901676
869.858671
869.772767
869.644181
869.473233
869.260353
869.006075
868.711040
868.375991
868.001776
867.980583
868.354262
868.688831
868.983446
869.237361
869.449938
869.620643
869.749046
869.834828
869.877772
869.877772
869.834828
869.749046
869.620643
869.449938
869.237361
868.983446
868.688831
868.354262
867.980583
867.959422
868.332565
868.666655
868.960848
869.214402
869.426676
869.597138
869.725359
869.811019
869.853902
869.853902
869.811019
869.725359
869.597138
869.426676
869.214402
868.960848
868.666655
868.332565
867.959422
867.938291
868.310899
868.644511
868.938284
869.191475
869.403447
869.573667
869.701706
869.787244
869.830066
869.830066
869.787244
869.701706
869.573667
869.403447
869.191475
868.938284
868.644511
868.310899
867.938291
867.917190
868.289265
868.622400
868.915752
869.168582
869.380252
869.550229
869.678086
869.763503
869.806264
869.806264
869.763503
869.678086
869.550229
869.380252
869.168582
868.915752
868.622400
868.289265
867.917190
867.896120
868.267662
868.600320
868.893253
869.145722
869.357090
869.526825
869.654500
869.739795
869.782496
869.782496
869.739795
869.654500
869.526825
869.357090
869.145722
868.893253
868.600320
868.267662
867.896120
867.875081
868.246090
868.578272
868.870786
869.122895
869.333961
869.503454
869.630948
869.716122
869.758762
869.758762
869.716122
869.630948
869.503454
869.333961
869.122895
868.870786
868.578272
868.246090
867.875081
867.854072
868.224549
868.556256
868.848352
869.100100
869.310866
869.480117
869.607429
869.692482
869.735062
869.735062
869.692482
869.607429
869.480117
869.310866
869.100100
868.848352
868.556256
868.224549
867.854072
867.833094
868.203040
868.534271
868.825950
869.077339
869.287804
869.456814
869.583945
869.668876
869.711395
869.711395
869.668876
869.583945
869.456814
869.287804
869.077339
868.825950
868.534271
868.203040
867.833094
867.812145
868.181562
868.512319
868.803580
869.054610
869.264774
869.433544
869.560493
869.645304
869.687763
869.687763
869.645304
869.560493
869.433544
869.264774
869.054610
868.803580
868.512319
868.181562
867.812145
867.791227
868.160114
868.490398
868.781243
869.031914
869.241778
869.410307
869.537076
869.621765
869.664164
869.664164
869.621765
869.537076
869.410307
869.241778
869.031914
868.781243
868.490398
868.160114
867.791227
867.770340
868.138698
868.468509
868.758938
869.009251
869.218815
869.387103
869.513691
869.598261
869.640598
869.640598
869.598261
869.513691
869.387103
869.218815
869.009251
868.758938
868.468509
868.138698
867.770340
867.749482
868.117313
868.446651
868.736665
868.986620
869.195885
869.363933
869.490341
869.574789
869.617067
869.617067
869.574789
869.490341
869.363933
869.195885
868.986620
868.736665
868.446651
868.117313
867.749482
867.728654
868.095958
868.424825
868.714424
868.964021
869.172988
869.340796
869.467023
869.551352
869.593569
869.593569
869.551352
869.467023
869.340796
869.172988
868.964021
868.714424
868.424825
868.095958
867.728654
867.707857
868.074634
868.403031
868.692215
868.941456
869.150124
869.317692
869.443739
869.527947
869.570104
869.570104
869.527947
869.443739
869.317692
869.150124
868.941456
868.692215
868.403031
868.074634
867.707857
867.687089
868.053341
868.381268
868.670038
868.918922
869.127292
869.294622
869.420489
869.504577
869.546674
869.546674
869.504577
869.420489
869.294622
869.127292
868.918922
868.670038
868.381268
868.053341
867.687089
867.666351
868.032079
868.359536
868.647893
868.896421
869.104493
869.271584
869.397271
869.481239
869.523276
869.523276
869.481239
869.397271
869.271584
869.104493
868.896421
868.647893
868.359536
868.032079
867.666351
867.645644
868.010847
868.337835
868.625780
868.873953
869.081728
869.248579
869.374087
869.457936
869.499912
869.499912
869.457936
869.374087
869.248579
869.081728
868.873953
868.625780
868.337835
868.010847
867.645644
867.624966
867.989646
868.316166
868.603698
868.851517
869.058994
869.225608
869.350937
869.434665
869.476582
869.476582
869.434665
869.350937
869.225608
869.058994
868.851517
868.603698
868.316166
867.989646
867.624966
867.604317
867.968475
868.294528
868.581649
868.829113
869.036294
869.202669
869.327819
869.411428
869.453285
869.453285
869.411428
869.327819
869.202669
869.036294
868.829113
868.581649
868.294528
867.968475
867.604317
867.583699
867.947335
868.272921
868.559631
868.806741
869.013626
869.179763
869.304734
869.388224
869.430021
869.430021
869.388224
869.304734
869.179763
869.013626
868.806741
868.559631
868.272921
867.947335
867.583699
867.563110
867.926226
868.251345
868.537645
868.784401
868.990990
869.156890
869.281683
869.365053
869.406791
869.406791
869.365053
869.281683
869.156890
868.990990
868.784401
868.537645
868.251345
867.926226
867.563110
867.542551
867.905146
868.229800
868.515690
868.762093
868.968387
869.134050
869.258665
869.341916
869.383594
869.383594
869.341916
869.258665
869.134050
868.968387
868.762093
868.515690
868.229800
867.905146
867.542551
867.522021
867.884097
868.208286
868.493767
868.739818
868.945817
869.111243
869.235679
869.318811
869.360430
869.360430
869.318811
869.235679
869.111243
868.945817
868.739818
868.493767
868.208286
867.884097
867.522021
867.501520
867.863078
868.186803
868.471876
868.717574
868.923279
869.088468
869.212727
869.295740
869.337299
869.337299
869.295740
869.212727
869.088468
868.923279
868.717574
868.471876
868.186803
867.863078
867.501520
867.481050
867.842090
868.165351
868.450015
868.695363
868.900773
869.065726
869.189807
869.272702
869.314202
869.314202
869.272702
869.189807
869.065726
868.900773
868.695363
868.450015
868.165351
867.842090
867.481050
867.460608
867.821131
868.143930
868.428187
868.673183
868.878299
869.043017
869.166921
869.249697
869.291137
869.291137
869.249697
869.166921
869.043017
868.878299
868.673183
868.428187
868.143930
867.821131
867.460608
867.440196
867.800203
868.122539
868.406390
868.651035
868.855858
869.020340
869.144067
869.226725
869.268106
869.268106
869.226725
869.144067
869.020340
868.855858
868.651035
868.406390
868.122539
867.800203
867.440196
867.419813
867.779304
868.101180
868.384624
868.628919
868.833449
868.997696
869.121246
869.203786
869.245108
869.245108
869.203786
869.121246
868.997696
868.833449
868.628919
868.384624
868.101180
867.779304
867.419813
867.399460
867.758436
868.079850
868.362889
868.606835
868.811072
868.975084
869.098457
869.180879
869.222142
869.222142
869.180879
869.098457
868.975084
868.811072
868.606835
868.362889
868.079850
867.758436
867.399460
867.379135
867.737598
868.058552
868.341185
868.584782
868.788728
868.952505
869.075702
869.158006
869.199210
869.199210
869.158006
869.075702
868.952505
868.788728
868.584782
868.341185
868.058552
867.737598
867.379135
867.358840
867.716789
868.037284
868.319513
868.562762
868.766415
868.929958
869.052979
869.135165
869.176310
869.176310
869.135165
869.052979
868.929958
868.766415
868.562762
868.319513
868.037284
867.716789
867.358840
867.338574
867.696011
868.016047
868.297872
868.540772
868.744134
868.907444
869.030288
869.112357
869.153443
869.153443
869.112357
869.030288
868.907444
868.744134
868.540772
868.297872
868.016047
867.696011
867.338574
867.318337
867.675262
867.994840
868.276262
868.518815
868.721886
868.884962
869.007630
869.089582
869.130609
869.130609
869.089582
869.007630
868.884962
868.721886
868.518815
868.276262
867.994840
867.675262
867.318337
867.298129
867.654543
867.973664
868.254682
868.496888
868.699669
868.862512
868.985005
869.066839
869.107808
869.107808
869.066839
868.985005
868.862512
868.699669
868.496888
868.254682
867.973664
867.654543
867.298129
867.277950
867.633854
867.952518
868.233134
868.474994
868.677484
868.840094
868.962412
869.044129
869.085040
869.085040
869.044129
868.962412
868.840094
868.677484
868.474994
868.233134
867.952518
867.633854
867.277950
867.257800
867.613195
867.931402
868.211617
868.453130
868.655331
868.817708
868.939851
869.021452
869.062304
869.062304
869.021452
868.939851
868.817708
868.655331
868.453130
868.211617
867.931402
867.613195
867.257800
867.237679
867.592565
867.910317
868.190131
868.431298
868.633210
868.795355
868.917323
868.998807
869.039600
869.039600
868.998807
868.917323
868.795355
868.633210
868.431298
868.190131
867.910317
867.592565
867.237679
867.217587
867.571964
867.889262
868.168675
868.409498
868.611120
868.773033
868.894827
868.976194
869.016930
869.016930
868.976194
868.894827
868.773033
868.611120
868.409498
868.168675
867.889262
867.571964
867.217587
867.197523
867.551394
867.868237
868.147250
868.387728
868.589063
868.750744
868.872364
868.953614
868.994291
868.994291
868.953614
868.872364
868.750744
868.589063
868.387728
868.147250
867.868237
867.551394
867.197523
867.177488
867.530852
867.847242
868.125856
868.365990
868.567036
868.728486
868.849932
868.931067
868.971685
868.971685
868.931067
868.849932
868.728486
868.567036
868.365990
868.125856
867.847242
867.530852
867.177488
867.157482
867.510340
867.826277
868.104493
868.344283
868.545042
868.706261
868.827533
868.908552
868.949112
868.949112
868.908552
868.827533
868.706261
868.545042
868.344283
868.104493
867.826277
867.510340
867.157482
867.137505
867.489858
867.805343
868.083160
868.322608
868.523079
868.684067
868.805166
868.886069
868.926571
868.926571
868.886069
868.805166
868.684067
868.523079
868.322608
868.083160
867.805343
867.489858
867.137505
867.117556
867.469405
867.784438
868.061858
868.300963
868.501147
868.661905
868.782831
868.863618
868.904062
868.904062
868.863618
868.782831
868.661905
868.501147
868.300963
868.061858
867.784438
867.469405
867.117556
867.097636
867.448981
867.763564
868.040587
868.279349
868.479247
868.639775
868.760528
868.841199
868.881586
868.881586
868.841199
868.760528
868.639775
868.479247
868.279349
868.040587
867.763564
867.448981
867.097636
867.077744
867.428587
867.742719
868.019346
868.257767
868.457379
868.617677
868.738257
868.818813
868.859142
868.859142
868.818813
868.738257
868.617677
868.457379
868.257767
868.019346
867.742719
867.428587
867.077744
867.057881
867.408221
867.721904
867.998135
868.236215
868.435541
868.595611
868.716018
868.796459
868.836730
868.836730
868.796459
868.716018
868.595611
868.435541
868.236215
867.998135
867.721904
867.408221
867.057881
867.038046
867.387885
867.701119
867.976955
868.214694
868.413735
868.573576
868.693811
868.774136
868.814350
868.814350
868.774136
868.693811
868.573576
868.413735
868.214694
867.976955
867.701119
867.387885
867.038046
867.018240
867.367578
867.680364
867.955805
868.193204
868.391961
868.551572
868.671635
868.751846
868.792003
868.792003
868.751846
868.671635
868.551572
868.391961
868.193204
867.955805
867.680364
867.367578
867.018240
866.998462
867.347300
867.659639
867.934686
868.171745
868.370217
868.529601
868.649492
868.729588
868.769687
868.769687
868.729588
868.649492
868.529601
868.370217
868.171745
867.934686
867.659639
867.347300
866.998462
866.978712
867.327052
867.638943
867.913596
868.150317
868.348505
868.507660
868.627380
868.707362
868.747403
868.747403
868.707362
868.627380
868.507660
868.348505
868.150317
867.913596
867.638943
867.327052
866.978712
866.958990
867.306832
867.618277
867.892537
868.128919
868.326824
868.485752
868.605300
868.685167
868.725152
868.725152
868.685167
868.605300
868.485752
868.326824
868.128919
867.892537
867.618277
867.306832
866.958990
866.939297
867.286641
867.597640
867.871509
868.107552
868.305174
868.463874
868.583252
868.663005
868.702932
868.702932
868.663005
868.583252
868.463874
868.305174
868.107552
867.871509
867.597640
867.286641
866.939297
866.919632
867.266479
867.577034
867.850510
868.086216
868.283555
868.442028
868.561235
868.640874
868.680744
868.680744
868.640874
868.561235
868.442028
868.283555
868.086216
867.850510
867.577034
867.266479
866.919632
866.899995
867.246346
867.556456
867.829541
868.064910
868.261967
868.420214
868.539250
868.618775
868.658588
868.658588
868.618775
868.539250
868.420214
868.261967
868.064910
867.829541
867.556456
867.246346
866.899995
866.880386
867.226242
867.535908
867.808603
868.043635
868.240410
868.398430
868.517296
868.596708
868.636463
868.636463
868.596708
868.517296
868.398430
868.240410
868.043635
867.808603
867.535908
867.226242
866.880386
866.860806
867.206166
867.515390
867.787694
868.022390
868.218884
868.376678
868.495374
868.574672
868.614371
868.614371
868.574672
868.495374
868.376678
868.218884
868.022390
867.787694
867.515390
867.206166
866.860806
866.841253
867.186119
867.494901
867.766816
868.001176
868.197389
868.354957
868.473483
868.552668
868.592310
868.592310
868.552668
868.473483
868.354957
868.197389
868.001176
867.766816
867.494901
867.186119
866.841253
866.821728
867.166101
867.474441
867.745967
867.979992
868.175924
868.333267
868.451624
868.530695
868.570281
868.570281
868.530695
868.451624
868.333267
868.175924
867.979992
867.745967
867.474441
867.166101
866.821728
866.802231
867.146112
867.454011
867.725149
867.958839
868.154490
868.311609
868.429796
868.508754
868.548283
868.548283
868.508754
868.429796
868.311609
868.154490
867.958839
867.725149
867.454011
867.146112
866.802231
866.782762
867.126151
867.433610
867.704360
867.937716
868.133087
868.289981
868.407999
868.486844
868.526317
868.526317
868.486844
868.407999
868.289981
868.133087
867.937716
867.704360
867.433610
867.126151
866.782762
866.763321
867.106219
867.413238
867.683601
867.916623
868.111715
868.268384
868.386234
868.464966
868.504382
868.504382
868.464966
868.386234
868.268384
868.111715
867.916623
867.683601
867.413238
867.106219
866.763321
866.743908
867.086315
867.392895
867.662871
867.895560
868.090374
868.246819
868.364500
868.443119
868.482479
868.482479
868.443119
868.364500
868.246819
868.090374
867.895560
867.662871
867.392895
867.086315
866.743908
866.724522
867.066440
867.372582
867.642172
867.874528
868.069063
868.225284
868.342797
868.421304
868.460607
868.460607
868.421304
868.342797
868.225284
868.069063
867.874528
867.642172
867.372582
867.066440
866.724522
866.705165
867.046593
867.352297
867.621501
867.853525
868.047782
868.203780
868.321125
868.399520
868.438767
868.438767
868.399520
868.321125
868.203780
868.047782
867.853525
867.621501
867.352297
867.046593
866.705165
866.685834
867.026775
867.332042
867.600861
867.832553
868.026532
868.182307
868.299484
868.377767
868.416958
868.416958
868.377767
868.299484
868.182307
868.026532
867.832553
867.600861
867.332042
867.026775
866.685834
866.666532
867.006985
867.311815
867.580250
867.811611
868.005312
868.160865
868.277874
868.356045
868.395180
868.395180
868.356045
868.277874
868.160865
868.005312
867.811611
867.580250
867.311815
867.006985
866.666532
866.647257
866.987224
867.291618
867.559669
867.790699
867.984123
868.139453
868.256295
868.334354
868.373433
868.373433
868.334354
868.256295
868.139453
867.984123
867.790699
867.559669
867.291618
866.987224
866.647257
866.628010
866.967490
867.271449
867.539117
867.769817
867.962965
868.118072
868.234747
868.312695
868.351718
868.351718
868.312695
868.234747
868.118072
867.962965
867.769817
867.539117
867.271449
866.967490
866.628010
866.608790
866.947785
867.251309
867.518595
867.748964
867.941836
868.096722
868.213230
868.291066
868.330034
868.330034
868.291066
868.213230
868.096722
867.941836
867.748964
867.518595
867.251309
866.947785
866.608790
866.589598
866.928108
867.231198
867.498101
867.728142
867.920738
868.075402
868.191744
868.269469
868.308380
868.308380
868.269469
868.191744
868.075402
867.920738
867.728142
867.498101
867.231198
866.928108
866.589598
866.570433
866.908459
867.211116
867.477638
867.707349
867.899670
868.054113
868.170288
868.247902
868.286758
868.286758
868.247902
868.170288
868.054113
867.899670
867.707349
867.477638
867.211116
866.908459
866.570433
866.551295
866.888839
867.191063
867.457203
867.686587
867.878632
868.032855
868.148864
868.226367
868.265167
868.265167
868.226367
868.148864
868.032855
867.878632
867.686587
867.457203
867.191063
866.888839
866.551295
866.532185
866.869246
867.171038
867.436798
867.665853
867.857625
868.011626
868.127470
868.204862
868.243607
868.243607
868.204862
868.127470
868.011626
867.857625
867.665853
867.436798
867.171038
866.869246
866.532185
866.513102
866.849681
867.151042
867.416422
867.645150
867.836647
867.990429
868.106107
868.183388
868.222077
868.222077
868.183388
868.106107
867.990429
867.836647
867.645150
867.416422
867.151042
866.849681
866.513102
866.494047
866.830145
867.131075
867.396076
867.624476
867.815700
867.969261
868.084774
868.161945
868.200579
868.200579
868.161945
868.084774
867.969261
867.815700
867.624476
867.396076
867.131075
866.830145
866.494047
866.475019
866.810636
867.111136
867.375758
867.603832
867.794782
867.948124
868.063472
868.140532
868.179111
868.179111
868.140532
868.063472
867.948124
867.794782
867.603832
867.375758
867.111136
866.810636
866.475019
866.456018
866.791155
867.091226
867.355469
867.583218
867.773895
867.927018
868.042200
868.119151
868.157674
868.157674
868.119151
868.042200
867.927018
867.773895
867.583218
867.355469
867.091226
866.791155
866.456018
866.437044
866.771702
867.071344
867.335210
867.562633
867.753037
867.905941
868.020959
868.097799
868.136268
868.136268
868.097799
868.020959
867.905941
867.753037
867.562633
867.335210
867.071344
866.771702
866.437044
866.418097
866.752277
867.051490
867.314979
867.542077
867.732209
867.884895
867.999748
868.076479
868.114893
868.114893
868.076479
867.999748
867.884895
867.732209
867.542077
867.314979
867.051490
866.752277
866.418097
866.399177
866.732880
867.031666
867.294778
867.521551
867.711411
867.863879
867.978568
868.055189
868.093548
868.093548
868.055189
867.978568
867.863879
867.711411
867.521551
867.294778
867.031666
866.732880
866.399177
866.380284
866.713510
867.011869
867.274605
867.501054
867.690643
867.842893
867.957418
868.033930
868.072234
868.072234
868.033930
867.957418
867.842893
867.690643
867.501054
867.274605
867.011869
866.713510
866.380284
866.361419
866.694168
866.992101
867.254461
867.480587
867.669905
867.821937
867.936299
868.012701
868.050950
868.050950
868.012701
867.936299
867.821937
867.669905
867.480587
867.254461
866.992101
866.694168
866.361419
866.342580
866.674854
866.972361
867.234347
867.460149
867.649196
867.801011
867.915209
867.991502
868.029697
868.029697
867.991502
867.915209
867.801011
867.649196
867.460149
867.234347
866.972361
866.674854
866.342580
866.323768
866.655567
866.952649
867.214260
867.439740
867.628517
867.780115
867.894150
867.970334
868.008474
868.008474
867.970334
867.894150
867.780115
867.628517
867.439740
867.214260
866.952649
866.655567
866.323768
866.304983
866.636308
866.932965
867.194203
867.419360
867.607868
867.759249
867.873121
867.949196
867.987282
867.987282
867.949196
867.873121
867.759249
867.607868
867.419360
867.194203
866.932965
866.636308
866.304983
866.286225
866.617077
866.913310
867.174174
867.399010
867.587248
867.738413
867.852122
867.928088
867.966120
867.966120
867.928088
867.852122
867.738413
867.587248
867.399010
867.174174
866.913310
866.617077
866.286225
866.267494
866.597873
866.893683
867.154174
867.378689
867.566658
867.717607
867.831153
867.907011
867.944988
867.944988
867.907011
867.831153
867.717607
867.566658
867.378689
867.154174
866.893683
866.597873
866.267494
866.248789
866.578696
866.874083
867.134203
867.358396
867.546097
867.696830
867.810215
867.885964
867.923886
867.923886
867.885964
867.810215
867.696830
867.546097
867.358396
867.134203
866.874083
866.578696
866.248789
866.230111
866.559547
866.854512
867.114260
867.338133
867.525566
867.676084
867.789306
867.864947
867.902815
867.902815
867.864947
867.789306
867.676084
867.525566
867.338133
867.114260
866.854512
866.559547
866.230111
866.211460
866.540425
866.834969
867.094346
867.317899
867.505064
867.655366
867.768427
867.843960
867.881774
867.881774
867.843960
867.768427
867.655366
867.505064
867.317899
867.094346
866.834969
866.540425
866.211460
866.192835
866.521331
866.815454
867.074460
867.297694
867.484591
867.634679
867.747578
867.823003
867.860763
867.860763
867.823003
867.747578
867.634679
867.484591
867.297694
867.074460
866.815454
866.521331
866.192835
866.174237
866.502264
866.795966
867.054603
867.277518
867.464148
867.614021
867.726759
867.802076
867.839783
867.839783
867.802076
867.726759
867.614021
867.464148
867.277518
867.054603
866.795966
866.502264
866.174237
866.155666
866.483224
866.776507
867.034774
867.257370
867.443734
867.593393
867.705970
867.781180
867.818832
867.818832
867.781180
867.705970
867.593393
867.443734
867.257370
867.034774
866.776507
866.483224
866.155666
866.137121
866.464211
866.757075
867.014973
867.237252
867.423349
867.572795
867.685211
867.760313
867.797911
867.797911
867.760313
867.685211
867.572795
867.423349
867.237252
867.014973
866.757075
866.464211
866.137121
866.118603
866.445225
866.737671
866.995201
867.217162
867.402993
867.552226
867.664481
867.739476
867.777021
867.777021
867.739476
867.664481
867.552226
867.402993
867.217162
866.995201
866.737671
866.445225
866.118603
866.100111
866.426267
866.718295
866.975457
867.197101
867.382667
867.531686
867.643781
867.718669
867.756160
867.756160
867.718669
867.643781
867.531686
867.382667
867.197101
866.975457
866.718295
866.426267
866.100111
866.081645
866.407336
866.698947
866.955741
867.177069
867.362370
867.511176
867.623110
867.697891
867.735329
867.735329
867.697891
867.623110
867.511176
867.362370
867.177069
866.955741
866.698947
866.407336
866.081645
866.063206
866.388431
866.679626
866.936054
867.157065
867.342101
867.490695
867.602470
867.677144
867.714528
867.714528
867.677144
867.602470
867.490695
867.342101
867.157065
866.936054
866.679626
866.388431
866.063206
866.044793
866.369554
866.660333
866.916394
867.137090
867.321862
867.470243
867.581858
867.656426
867.693757
867.693757
867.656426
867.581858
867.470243
867.321862
867.137090
866.916394
866.660333
866.369554
866.044793
866.026407
866.350704
866.641067
866.896763
867.117143
867.301652
867.449821
867.561277
867.635737
867.673015
867.673015
867.635737
867.561277
867.449821
867.301652
867.117143
866.896763
866.641067
866.350704
866.026407
866.008047
866.331881
866.621829
866.877160
867.097225
867.281470
867.429428
867.540724
867.615079
867.652303
867.652303
867.615079
867.540724
867.429428
867.281470
867.097225
866.877160
866.621829
866.331881
866.008047
865.989713
866.313084
866.602619
866.857585
867.077336
867.261317
867.409064
867.520202
867.594450
867.631621
867.631621
867.594450
867.520202
867.409064
867.261317
867.077336
866.857585
866.602619
866.313084
865.989713
865.971405
866.294314
866.583436
866.838037
867.057475
867.241194
867.388729
867.499708
867.573850
867.610968
867.610968
867.573850
867.499708
867.388729
867.241194
867.057475
866.838037
866.583436
866.294314
865.971405
865.953123
866.275572
866.564280
866.818518
867.037642
867.221099
867.368423
867.479244
867.553280
867.590345
867.590345
867.553280
867.479244
867.368423
867.221099
867.037642
866.818518
866.564280
866.275572
865.953123
865.934867
866.256856
866.545152
866.799027
867.017838
867.201033
867.348147
867.458809
867.532740
867.569752
867.569752
867.532740
867.458809
867.348147
867.201033
867.017838
866.799027
866.545152
866.256856
865.934867
865.916638
866.238166
866.526051
866.779563
866.998062
867.180995
867.327899
867.438404
867.512229
867.549188
867.549188
867.512229
867.438404
867.327899
867.180995
866.998062
866.779563
866.526051
866.238166
865.916638
865.898434
866.219504
866.506977
866.760128
866.978315
867.160986
867.307681
867.418027
867.491747
867.528653
867.528653
867.491747
867.418027
867.307681
867.160986
866.978315
866.760128
866.506977
866.219504
865.898434
865.880257
866.200868
866.487931
866.740720
866.958595
867.141006
867.287491
867.397680
867.471294
867.508148
867.508148
867.471294
867.397680
867.287491
867.141006
866.958595
866.740720
866.487931
866.200868
865.880257
865.862105
866.182258
866.468912
866.721340
866.938904
867.121055
867.267330
867.377362
867.450871
867.487672
867.487672
867.450871
867.377362
867.267330
867.121055
866.938904
866.721340
866.468912
866.182258
865.862105
865.843979
866.163676
866.449920
866.701988
866.919241
867.101132
867.247199
867.357073
867.430477
867.467226
867.467226
867.430477
867.357073
867.247199
867.101132
866.919241
866.701988
866.449920
866.163676
865.843979
865.825879
866.145119
866.430955
866.682663
866.899606
867.081237
867.227095
867.336813
867.410112
867.446809
867.446809
867.410112
867.336813
867.227095
867.081237
866.899606
866.682663
866.430955
866.145119
865.825879
865.807805
866.126590
866.412017
866.663366
866.880000
867.061371
867.207021
867.316582
867.389777
867.426421
867.426421
867.389777
867.316582
867.207021
867.061371
866.880000
866.663366
866.412017
866.126590
865.807805
865.789757
866.108086
866.393107
866.644096
866.860421
867.041533
867.186976
867.296380
867.369470
867.406062
867.406062
867.369470
867.296380
867.186976
867.041533
866.860421
866.644096
866.393107
866.108086
865.789757
865.771735
866.089610
866.374223
866.624854
866.840870
867.021724
867.166959
867.276207
867.349193
867.385732
867.385732
867.349193
867.276207
867.166959
867.021724
866.840870
866.624854
866.374223
866.089610
865.771735
865.753738
866.071159
866.355366
866.605640
866.821347
867.001943
867.146970
867.256063
867.328944
867.365431
867.365431
867.328944
867.256063
867.146970
867.001943
866.821347
866.605640
866.355366
866.071159
865.753738
865.735767
866.052735
866.336537
866.586453
866.801853
866.982190
867.127011
867.235947
867.308725
867.345160
867.345160
867.308725
867.235947
867.127011
866.982190
866.801853
866.586453
866.336537
866.052735
865.735767
865.717821
866.034337
866.317734
866.567294
866.782386
866.962466
867.107079
867.215861
867.288534
867.324917
867.324917
867.288534
867.215861
867.107079
866.962466
866.782386
866.567294
866.317734
866.034337
865.717821
865.699902
866.015966
866.298958
866.548161
866.762946
866.942770
867.087177
867.195803
867.268373
867.304704
867.304704
867.268373
867.195803
867.087177
866.942770
866.762946
866.548161
866.298958
866.015966
865.699902
865.682007
865.997621
866.280209
866.529057
866.743535
866.923102
867.067303
867.175774
867.248240
867.284519
867.284519
867.248240
867.175774
867.067303
866.923102
866.743535
866.529057
866.280209
865.997621
865.682007
865.664139
865.979301
866.261486
866.509979
866.724151
866.903462
867.047457
867.155773
867.228136
867.264363
867.264363
867.228136
867.155773
867.047457
866.903462
866.724151
866.509979
866.261486
865.979301
865.664139
865.646295
865.961008
866.242791
866.490929
866.704795
866.883850
867.027640
867.135801
867.208061
867.244236
867.244236
867.208061
867.135801
867.027640
866.883850
866.704795
866.490929
866.242791
865.961008
865.646295
865.628478
865.942742
866.224122
866.471906
866.685467
866.864266
867.007851
867.115858
867.188014
867.224138
867.224138
867.188014
867.115858
867.007851
866.864266
866.685467
866.471906
866.224122
865.942742
865.628478
865.610685
865.924501
866.205479
866.452910
866.666167
866.844710
866.988090
867.095943
867.167996
867.204069
867.204069
867.167996
867.095943
866.988090
866.844710
866.666167
866.452910
866.205479
865.924501
865.610685
865.592918
865.906286
866.186864
866.433941
866.646894
866.825183
866.968358
867.076056
867.148007
867.184028
867.184028
867.148007
867.076056
866.968358
866.825183
866.646894
866.433941
866.186864
865.906286
865.592918
865.575177
865.888097
866.168275
866.415000
866.627648
866.805683
866.948653
867.056199
867.128047
867.164016
867.164016
867.128047
867.056199
866.948653
866.805683
866.627648
866.415000
866.168275
865.888097
865.575177
865.557460
865.869935
866.149712
866.396085
866.608430
866.786211
866.928977
867.036369
867.108115
867.144033
867.144033
867.108115
867.036369
866.928977
866.786211
866.608430
866.396085
866.149712
865.869935
865.557460
865.539769
865.851798
866.131176
866.377197
866.589240
866.766767
866.909329
867.016568
867.088211
867.124078
867.124078
867.088211
867.016568
866.909329
866.766767
866.589240
866.377197
866.131176
865.851798
865.539769
865.522104
865.833687
866.112667
866.358337
866.570077
866.747350
866.889710
866.996795
867.068336
867.104152
867.104152
867.068336
866.996795
866.889710
866.747350
866.570077
866.358337
866.112667
865.833687
865.522104
865.504463
865.815602
866.094184
866.339503
866.550941
866.727962
866.870118
866.977051
867.048490
867.084254
867.084254
867.048490
866.977051
866.870118
866.727962
866.550941
866.339503
866.094184
865.815602
865.504463
865.486848
865.797543
866.075727
866.320697
866.531833
866.708601
866.850554
866.957334
867.028671
867.064385
867.064385
867.028671
866.957334
866.850554
866.708601
866.531833
866.320697
866.075727
865.797543
865.486848
865.469257
865.779509
866.057296
866.301917
866.512751
866.689267
866.831018
866.937646
867.008881
867.044544
867.044544
867.008881
866.937646
866.831018
866.689267
866.512751
866.301917
866.057296
865.779509
865.469257
865.451692
865.761501
866.038892
866.283164
866.493698
866.669962
866.811511
866.917986
866.989120
867.024732
867.024732
866.989120
866.917986
866.811511
866.669962
866.493698
866.283164
866.038892
865.761501
865.451692
865.434152
865.743519
866.020515
866.264438
866.474671
866.650684
866.792031
866.898354
866.969386
867.004947
867.004947
866.969386
866.898354
866.792031
866.650684
866.474671
866.264438
866.020515
865.743519
865.434152
865.416637
865.725563
866.002163
866.245738
866.455672
866.631433
866.772578
866.878751
866.949681
866.985192
866.985192
866.949681
866.878751
866.772578
866.631433
866.455672
866.245738
866.002163
865.725563
865.416637
865.399146
865.707632
865.983838
866.227065
866.436700
866.612210
866.753154
866.859175
866.930004
866.965464
866.965464
866.930004
866.859175
866.753154
866.612210
866.436700
866.227065
865.983838
865.707632
865.399146
865.381681
865.689727
865.965539
866.208419
866.417754
866.593015
866.733758
866.839627
866.910356
866.945765
866.945765
866.910356
866.839627
866.733758
866.593015
866.417754
866.208419
865.965539
865.689727
865.381681
865.364241
865.671847
865.947266
866.189800
866.398836
866.573847
866.714389
866.820107
866.890735
866.926093
866.926093
866.890735
866.820107
866.714389
866.573847
866.398836
866.189800
865.947266
865.671847
865.364241
865.346825
865.653993
865.929019
866.171207
866.379945
866.554706
866.695048
866.800615
866.871142
866.906450
866.906450
866.871142
866.800615
866.695048
866.554706
866.379945
866.171207
865.929019
865.653993
865.346825
865.329435
865.636164
865.910798
866.152641
866.361081
866.535593
866.675734
866.781151
866.851578
866.886835
866.886835
866.851578
866.781151
866.675734
866.535593
866.361081
866.152641
865.910798
865.636164
865.329435
865.312069
865.618361
865.892603
866.134101
866.342244
866.516507
866.656448
866.761715
866.832041
866.867248
866.867248
866.832041
866.761715
866.656448
866.516507
866.342244
866.134101
865.892603
865.618361
865.312069
865.294728
865.600583
865.874434
866.115588
866.323434
866.497448
866.637190
866.742307
866.812532
866.847689
866.847689
866.812532
866.742307
866.637190
866.497448
866.323434
866.115588
865.874434
865.600583
865.294728
865.277411
865.582831
865.856291
866.097101
866.304651
866.478417
866.617959
866.722926
866.793051
866.828158
866.828158
866.793051
866.722926
866.617959
866.478417
866.304651
866.097101
865.856291
865.582831
865.277411
865.260120
865.565103
865.838174
866.078640
866.285894
866.459413
866.598756
866.703573
866.773598
866.808655
866.808655
866.773598
866.703573
866.598756
866.459413
866.285894
866.078640
865.838174
865.565103
865.260120
865.242853
865.547402
865.820083
866.060206
866.267165
866.440435
866.579580
866.684248
866.754173
866.789180
866.789180
866.754173
866.684248
866.579580
866.440435
866.267165
866.060206
865.820083
865.547402
865.242853
865.225610
865.529725
865.802017
866.041798
866.248462
866.421485
866.560432
866.664950
866.734776
866.769733
866.769733
866.734776
866.664950
866.560432
866.421485
866.248462
866.041798
865.802017
865.529725
865.225610
865.208392
865.512074
865.783978
866.023417
866.229786
866.402562
866.541311
866.645680
866.715406
866.750313
866.750313
866.715406
866.645680
866.541311
866.402562
866.229786
866.023417
865.783978
865.512074
865.208392
865.191199
865.494447
865.765964
866.005061
866.211136
866.383667
866.522217
866.626437
866.696064
866.730922
866.730922
866.696064
866.626437
866.522217
866.383667
866.211136
866.005061
865.765964
865.494447
865.191199
865.174030
865.476846
865.747975
865.986732
866.192513
866.364798
866.503151
866.607222
866.676750
866.711557
866.711557
866.676750
866.607222
866.503151
866.364798
866.192513
865.986732
865.747975
865.476846
865.174030
865.156886
865.459270
865.730013
865.968429
866.173917
866.345956
866.484111
866.588035
866.657463
866.692221
866.692221
866.657463
866.588035
866.484111
866.345956
866.173917
865.968429
865.730013
865.459270
865.156886
865.139766
865.441719
865.712076
865.950153
866.155347
866.327141
866.465099
866.568874
866.638204
866.672912
866.672912
866.638204
866.568874
866.465099
866.327141
866.155347
865.950153
865.712076
865.441719
865.139766
865.122671
865.424193
865.694165
865.931902
866.136804
866.308352
866.446114
866.549742
866.618972
866.653631
866.653631
866.618972
866.549742
866.446114
866.308352
866.136804
865.931902
865.694165
865.424193
865.122671
865.105600
865.406693
865.676279
865.913677
866.118287
866.289591
866.427157
866.530636
866.599768
866.634378
866.634378
866.599768
866.530636
866.427157
866.289591
866.118287
865.913677
865.676279
865.406693
865.105600
865.088553
865.389217
865.658419
865.895479
866.099797
866.270857
866.408226
866.511558
866.580591
866.615152
866.615152
866.580591
866.511558
866.408226
866.270857
866.099797
865.895479
865.658419
865.389217
865.088553
865.071530
865.371766
865.640584
865.877306
866.081333
866.252149
866.389322
866.492507
866.561442
866.595953
866.595953
866.561442
866.492507
866.389322
866.252149
866.081333
865.877306
865.640584
865.371766
865.071530
865.054532
865.354339
865.622775
865.859159
866.062895
866.233468
866.370446
866.473483
866.542320
866.576782
866.576782
866.542320
866.473483
866.370446
866.233468
866.062895
865.859159
865.622775
865.354339
865.054532
865.037558
865.336938
865.604991
865.841038
866.044484
866.214813
866.351596
866.454487
866.523225
866.557638
866.557638
866.523225
866.454487
866.351596
866.214813
866.044484
865.841038
865.604991
865.336938
865.037558
865.020608
865.319562
865.587232
865.822943
866.026099
866.196186
866.332773
866.435517
866.504158
866.538522
866.538522
866.504158
866.435517
866.332773
866.196186
866.026099
865.822943
865.587232
865.319562
865.020608
865.003683
865.302210
865.569499
865.804874
866.007740
866.177584
866.313978
866.416575
866.485118
866.519432
866.519432
866.485118
866.416575
866.313978
866.177584
866.007740
865.804874
865.569499
865.302210
865.003683
864.986781
865.284883
865.551791
865.786831
865.989408
866.159010
866.295209
866.397660
866.466105
866.500371
866.500371
866.466105
866.397660
866.295209
866.159010
865.989408
865.786831
865.551791
865.284883
864.986781
864.969904
865.267581
865.534109
865.768813
865.971101
866.140462
866.276466
866.378772
866.447119
866.481336
866.481336
866.447119
866.378772
866.276466
866.140462
865.971101
865.768813
865.534109
865.267581
864.969904
864.953050
865.250303
865.516451
865.750821
865.952821
866.121940
866.257751
866.359910
866.428160
866.462329
866.462329
866.428160
866.359910
866.257751
866.121940
865.952821
865.750821
865.516451
865.250303
864.953050
864.936221
865.233050
865.498819
865.732855
865.934567
866.103445
866.239062
866.341076
866.409229
866.443348
866.443348
866.409229
866.341076
866.239062
866.103445
865.934567
865.732855
865.498819
865.233050
864.936221
864.919415
865.215822
865.481212
865.714915
865.916339
866.084976
866.220400
866.322269
866.390324
866.424395
866.424395
866.390324
866.322269
866.220400
866.084976
865.916339
865.714915
865.481212
865.215822
864.919415
864.902634
865.198618
865.463630
865.697000
865.898137
866.066534
866.201765
866.303488
866.371447
866.405469
866.405469
866.371447
866.303488
866.201765
866.066534
865.898137
865.697000
865.463630
865.198618
864.902634
864.885876
865.181439
865.446073
865.679110
865.879961
866.048118
866.183156
866.284735
866.352596
866.386570
866.386570
866.352596
866.284735
866.183156
866.048118
865.879961
865.679110
865.446073
865.181439
864.885876
864.869143
865.164284
865.428541
865.661246
865.861811
866.029728
866.164574
866.266008
866.333773
866.367698
866.367698
866.333773
866.266008
866.164574
866.029728
865.861811
865.661246
865.428541
865.164284
864.869143
864.852433
865.147153
865.411034
865.643408
865.843687
866.011365
866.146018
866.247307
866.314976
866.348853
866.348853
866.314976
866.247307
866.146018
866.011365
865.843687
865.643408
865.411034
865.147153
864.852433
864.835747
865.130047
865.393552
865.625595
865.825588
865.993028
866.127489
866.228634
866.296206
866.330035
866.330035
866.296206
866.228634
866.127489
865.993028
865.825588
865.625595
865.393552
865.130047
864.835747
864.819084
865.112966
865.376095
865.607807
865.807516
865.974716
866.108987
866.209987
866.277463
866.311243
866.311243
866.277463
866.209987
866.108987
865.974716
865.807516
865.607807
865.376095
865.112966
864.819084
864.802446
865.095909
865.358663
865.590045
865.789469
865.956431
866.090510
866.191367
866.258747
866.292479
866.292479
866.258747
866.191367
866.090510
865.956431
865.789469
865.590045
865.358663
865.095909
864.802446
864.785831
865.078876
865.341256
865.572308
865.771448
865.938173
866.072060
866.172773
866.240057
866.273741
866.273741
866.240057
866.172773
866.072060
865.938173
865.771448
865.572308
865.341256
865.078876
864.785831
864.769240
865.061867
865.323874
865.554597
865.753453
865.919940
866.053637
866.154206
866.221394
866.255030
866.255030
866.221394
866.154206
866.053637
865.919940
865.753453
865.554597
865.323874
865.061867
864.769240
864.752672
865.044883
865.306516
865.536910
865.735483
865.901733
866.035240
866.135666
866.202758
866.236346
866.236346
866.202758
866.135666
866.035240
865.901733
865.735483
865.536910
865.306516
865.044883
864.752672
864.736128
865.027922
865.289183
865.519249
865.717539
865.883552
866.016869
866.117152
866.184148
866.217689
866.217689
866.184148
866.117152
866.016869
865.883552
865.717539
865.519249
865.289183
865.027922
864.736128
864.719608
865.010986
865.271875
865.501613
865.699621
865.865397
865.998524
866.098664
866.165565
866.199058
866.199058
866.165565
866.098664
865.998524
865.865397
865.699621
865.501613
865.271875
865.010986
864.719608
864.703111
864.994075
865.254591
865.484003
865.681728
865.847268
865.980205
866.080203
866.147009
866.180454
866.180454
866.147009
866.080203
865.980205
865.847268
865.681728
865.484003
865.254591
864.994075
864.703111
864.686637
864.977187
865.237333
865.466417
865.663861
865.829165
865.961913
866.061768
866.128479
866.161876
866.161876
866.128479
866.061768
865.961913
865.829165
865.663861
865.466417
865.237333
864.977187
864.686637
864.670187
864.960323
865.220098
865.448856
865.646019
865.811088
865.943647
866.043359
866.109975
866.143325
866.143325
866.109975
866.043359
865.943647
865.811088
865.646019
865.448856
865.220098
864.960323
864.670187
864.653761
864.943483
865.202889
865.431321
865.628203
865.793037
865.925406
866.024977
866.091498
866.124800
866.124800
866.091498
866.024977
865.925406
865.793037
865.628203
865.431321
865.202889
864.943483
864.653761
864.637358
864.926668
865.185703
865.413810
865.610412
865.775011
865.907192
866.006621
866.073047
866.106302
866.106302
866.073047
866.006621
865.907192
865.775011
865.610412
865.413810
865.185703
864.926668
864.637358
864.620978
864.909876
865.168543
865.396325
865.592646
865.757011
865.889004
865.988291
866.054623
866.087830
866.087830
866.054623
865.988291
865.889004
865.757011
865.592646
865.396325
865.168543
864.909876
864.620978
864.604622
864.893108
865.151407
865.378864
865.574906
865.739037
865.870842
865.969988
866.036224
866.069385
866.069385
866.036224
865.969988
865.870842
865.739037
865.574906
865.378864
865.151407
864.893108
864.604622
864.588288
864.876364
865.134295
865.361429
865.557191
865.721088
865.852705
865.951710
866.017852
866.050966
866.050966
866.017852
865.951710
865.852705
865.721088
865.557191
865.361429
865.134295
864.876364
864.588288
864.571978
864.859644
865.117207
865.344018
865.539502
865.703165
865.834595
865.933459
865.999507
866.032573
866.032573
865.999507
865.933459
865.834595
865.703165
865.539502
865.344018
865.117207
864.859644
864.571978
864.555692
864.842948
865.100144
865.326632
865.521837
865.685268
865.816510
865.915233
865.981187
866.014206
866.014206
865.981187
865.915233
865.816510
865.685268
865.521837
865.326632
865.100144
864.842948
864.555692
864.539428
864.826275
865.083106
865.309270
865.504198
865.667396
865.798451
865.897034
865.962894
865.995866
865.995866
865.962894
865.897034
865.798451
865.667396
865.504198
865.309270
865.083106
864.826275
864.539428
864.523188
864.809626
865.066091
865.291934
865.486584
865.649549
865.780418
865.878860
865.944627
865.977552
865.977552
865.944627
865.878860
865.780418
865.649549
865.486584
865.291934
865.066091
864.809626
864.523188
864.506971
864.793001
865.049101
865.274622
865.468995
865.631728
865.762411
865.860713
865.926386
865.959264
865.959264
865.926386
865.860713
865.762411
865.631728
865.468995
865.274622
865.049101
864.793001
864.506971
864.490777
864.776400
865.032135
865.257335
865.451431
865.613933
865.744429
865.842591
865.908170
865.941002
865.941002
865.908170
865.842591
865.744429
865.613933
865.451431
865.257335
865.032135
864.776400
864.490777
864.474605
864.759822
865.015193
865.240073
865.433892
865.596163
865.726473
865.824495
865.889981
865.922766
865.922766
865.889981
865.824495
865.726473
865.596163
865.433892
865.240073
865.015193
864.759822
864.474605
864.458457
864.743268
864.998276
865.222835
865.416379
865.578418
865.708543
865.806426
865.871818
865.904556
865.904556
865.871818
865.806426
865.708543
865.578418
865.416379
865.222835
864.998276
864.743268
864.458457
864.442332
864.726738
864.981382
865.205622
865.398890
865.560698
865.690638
865.788381
865.853681
865.886372
865.886372
865.853681
865.788381
865.690638
865.560698
865.398890
865.205622
864.981382
864.726738
864.442332
864.426230
864.710231
864.964512
865.188433
865.381426
865.543004
865.672759
865.770363
865.835570
865.868214
865.868214
865.835570
865.770363
865.672759
865.543004
865.381426
865.188433
864.964512
864.710231
864.426230
864.410151
864.693747
864.947667
865.171269
865.363987
865.525335
865.654905
865.752370
865.817484
865.850082
865.850082
865.817484
865.752370
865.654905
865.525335
865.363987
865.171269
864.947667
864.693747
864.410151
864.394095
864.677287
864.930846
865.154129
865.346573
865.507691
865.637077
865.734403
865.799424
865.831976
865.831976
865.799424
865.734403
865.637077
865.507691
865.346573
865.154129
864.930846
864.677287
864.394095
864.378061
864.660850
864.914048
865.137014
865.329184
865.490073
865.619274
865.716462
865.781390
865.813896
865.813896
865.781390
865.716462
865.619274
865.490073
865.329184
865.137014
864.914048
864.660850
864.378061
864.362050
864.644437
864.897274
865.119923
865.311819
865.472479
865.601497
865.698546
865.763382
865.795841
865.795841
865.763382
865.698546
865.601497
865.472479
865.311819
865.119923
864.897274
864.644437
864.362050
864.346062
864.628048
864.880525
865.102856
865.294479
865.454911
865.583745
865.680656
865.745400
865.777812
865.777812
865.745400
865.680656
865.583745
865.454911
865.294479
865.102856
864.880525
864.628048
864.346062
864.330097
864.611681
864.863799
865.085814
865.277164
865.437367
865.566018
865.662791
865.727443
865.759809
865.759809
865.727443
865.662791
865.566018
865.437367
865.277164
865.085814
864.863799
864.611681
864.330097
864.314155
864.595338
864.847097
865.068796
865.259874
865.419849
865.548316
865.644952
865.709511
865.741832
865.741832
865.709511
865.644952
865.548316
865.419849
865.259874
865.068796
864.847097
864.595338
864.314155
864.298235
864.579018
864.830419
865.051802
865.242608
865.402356
865.530640
865.627138
865.691606
865.723880
865.723880
865.691606
865.627138
865.530640
865.402356
865.242608
865.051802
864.830419
864.579018
864.298235
864.282338
864.562721
864.813764
865.034833
865.225367
865.384887
865.512989
865.609350
865.673726
865.705954
865.705954
865.673726
865.609350
865.512989
865.384887
865.225367
865.034833
864.813764
864.562721
864.282338
864.266464
864.546448
864.797134
865.017887
865.208151
865.367444
865.495363
865.591587
865.655871
865.688054
865.688054
865.655871
865.591587
865.495363
865.367444
865.208151
865.017887
864.797134
864.546448
864.266464
864.250612
864.530198
864.780527
865.000966
865.190959
865.350025
865.477762
865.573849
865.638042
865.670179
865.670179
865.638042
865.573849
865.477762
865.350025
865.190959
865.000966
864.780527
864.530198
864.250612
864.234782
864.513970
864.763943
864.984069
865.173791
865.332631
865.460187
865.556137
865.620238
865.652329
865.652329
865.620238
865.556137
865.460187
865.332631
865.173791
864.984069
864.763943
864.513970
864.234782
864.218976
864.497766
864.747383
864.967196
865.156648
865.315262
865.442636
865.538449
865.602460
865.634505
865.634505
865.602460
865.538449
865.442636
865.315262
865.156648
864.967196
864.747383
864.497766
864.218976
864.203191
864.481585
864.730847
864.950347
865.139530
865.297918
865.425111
865.520788
865.584707
865.616707
865.616707
865.584707
865.520788
865.425111
865.297918
865.139530
864.950347
864.730847
864.481585
864.203191
864.187429
864.465427
864.714335
864.933522
865.122436
865.280598
865.407610
865.503151
865.566979
865.598933
865.598933
865.566979
865.503151
865.407610
865.280598
865.122436
864.933522
864.714335
864.465427
864.187429
864.171690
864.449292
864.697846
864.916721
865.105366
865.263303
865.390135
865.485539
865.549277
865.581185
865.581185
865.549277
865.485539
865.390135
865.263303
865.105366
864.916721
864.697846
864.449292
864.171690
864.155973
864.433180
864.681380
864.899944
865.088320
865.246033
865.372684
865.467953
865.531599
865.563463
865.563463
865.531599
865.467953
865.372684
865.246033
865.088320
864.899944
864.681380
864.433180
864.155973
864.140278
864.417091
864.664938
864.883191
865.071299
865.228787
865.355258
865.450391
865.513947
865.545766
865.545766
865.513947
865.450391
865.355258
865.228787
865.071299
864.883191
864.664938
864.417091
864.140278
864.124606
864.401025
864.648519
864.866461
865.054302
865.211566
865.337857
865.432855
865.496321
865.528094
865.528094
865.496321
865.432855
865.337857
865.211566
865.054302
864.866461
864.648519
864.401025
864.124606
864.108956
864.384982
864.632123
864.849756
865.037329
865.194370
865.320481
865.415344
865.478719
865.510447
865.510447
865.478719
865.415344
865.320481
865.194370
865.037329
864.849756
864.632123
864.384982
864.108956
864.093328
864.368961
864.615751
864.833074
865.020381
865.177198
865.303129
865.397857
865.461143
865.492825
865.492825
865.461143
865.397857
865.303129
865.177198
865.020381
864.833074
864.615751
864.368961
864.093328
864.077722
864.352964
864.599403
864.816416
865.003457
865.160050
865.285803
865.380396
865.443591
865.475228
865.475228
865.443591
865.380396
865.285803
865.160050
865.003457
864.816416
864.599403
864.352964
864.077722
864.062139
864.336989
864.583077
864.799782
864.986556
865.142927
865.268501
865.362959
865.426065
865.457657
865.457657
865.426065
865.362959
865.268501
865.142927
864.986556
864.799782
864.583077
864.336989
864.062139
864.046578
864.321037
864.566775
864.783172
864.969680
865.125829
865.251224
865.345548
865.408563
865.440111
865.440111
865.408563
865.345548
865.251224
865.125829
864.969680
864.783172
864.566775
864.321037
864.046578
864.031039
864.305107
864.550496
864.766585
864.952828
865.108754
865.233971
865.328161
865.391087
865.422589
865.422589
865.391087
865.328161
865.233971
865.108754
864.952828
864.766585
864.550496
864.305107
864.031039
864.015522
864.289200
864.534240
864.750022
864.936000
865.091705
865.216743
865.310799
865.373635
865.405093
865.405093
865.373635
865.310799
865.216743
865.091705
864.936000
864.750022
864.534240
864.289200
864.015522
864.000027
864.273316
864.518007
864.733482
864.919196
865.074679
865.199539
865.293461
865.356208
865.387621
865.387621
865.356208
865.293461
865.199539
865.074679
864.919196
864.733482
864.518007
864.273316
864.000027
863.984554
864.257455
864.501798
864.716966
864.902415
865.057677
865.182360
865.276149
865.338806
865.370175
865.370175
865.338806
865.276149
865.182360
865.057677
864.902415
864.716966
864.501798
864.257455
863.984554
863.969103
864.241616
864.485611
864.700473
864.885659
865.040700
865.165206
865.258861
865.321429
865.352753
865.352753
865.321429
865.258861
865.165206
865.040700
864.885659
864.700473
864.485611
864.241616
863.969103
863.953674
864.225799
864.469448
864.684004
864.868926
865.023747
865.148076
865.241598
865.304077
865.335356
865.335356
865.304077
865.241598
865.148076
865.023747
864.868926
864.684004
864.469448
864.225799
863.953674
863.938267
864.210005
864.453307
864.667559
864.852218
865.006818
865.130970
865.224359
865.286749
865.317984
865.317984
865.286749
865.224359
865.130970
865.006818
864.852218
864.667559
864.453307
864.210005
863.938267
863.922882
864.194234
864.437190
864.651136
864.835533
864.989914
865.113889
865.207145
865.269447
865.300637
865.300637
865.269447
865.207145
865.113889
864.989914
864.835533
864.651136
864.437190
864.194234
863.922882
863.907519
864.178484
864.421095
864.634738
864.818872
864.973033
865.096832
865.189955
865.252168
865.283314
865.283314
865.252168
865.189955
865.096832
864.973033
864.818872
864.634738
864.421095
864.178484
863.907519
863.892177
864.162758
864.405024
864.618362
864.802235
864.956176
865.079799
865.172790
865.234915
865.266016
865.266016
865.234915
865.172790
865.079799
864.956176
864.802235
864.618362
864.405024
864.162758
863.892177
863.876858
864.147054
864.388975
864.602010
864.785621
864.939344
865.062791
865.155649
865.217686
865.248743
865.248743
865.217686
865.155649
865.062791
864.939344
864.785621
864.602010
864.388975
864.147054
863.876858
863.861560
864.131372
864.372949
864.585681
864.769031
864.922535
865.045806
865.138533
865.200481
865.231495
865.231495
865.200481
865.138533
865.045806
864.922535
864.769031
864.585681
864.372949
864.131372
863.861560
863.846284
864.115712
864.356946
864.569375
864.752465
864.905751
865.028846
865.121441
865.183301
865.214271
865.214271
865.183301
865.121441
865.028846
864.905751
864.752465
864.569375
864.356946
864.115712
863.846284
863.831030
864.100075
864.340965
864.553093
864.735922
864.888990
865.011911
865.104374
865.166146
865.197071
865.197071
865.166146
865.104374
865.011911
864.888990
864.735922
864.553093
864.340965
864.100075
863.831030
863.815797
864.084459
864.325008
864.536834
864.719403
864.872253
864.994999
865.087331
865.149015
865.179896
865.179896
865.149015
865.087331
864.994999
864.872253
864.719403
864.536834
864.325008
864.084459
863.815797
863.800586
864.068866
864.309073
864.520598
864.702907
864.855540
864.978111
865.070312
865.131908
865.162746
865.162746
865.131908
865.070312
864.978111
864.855540
864.702907
864.520598
864.309073
864.068866
863.800586
863.785397
864.053296
864.293160
864.504385
864.686435
864.838851
864.961248
865.053317
865.114826
865.145619
865.145619
865.114826
865.053317
864.961248
864.838851
864.686435
864.504385
864.293160
864.053296
863.785397
863.770229
864.037747
864.277271
864.488195
864.669986
864.822185
864.944408
865.036347
865.097768
865.128518
865.128518
865.097768
865.036347
864.944408
864.822185
864.669986
864.488195
864.277271
864.037747
863.770229
863.755083
864.022221
864.261404
864.472028
864.653561
864.805543
864.927593
865.019401
865.080735
865.111441
865.111441
865.080735
865.019401
864.927593
864.805543
864.653561
864.472028
864.261404
864.022221
863.755083
863.739958
864.006716
864.245559
864.455884
864.637159
864.788925
864.910801
865.002478
865.063725
865.094388
865.094388
865.063725
865.002478
864.910801
864.788925
864.637159
864.455884
864.245559
864.006716
863.739958
863.724855
863.991234
864.229737
864.439763
864.620780
864.772331
864.894034
864.985580
865.046740
865.077359
865.077359
865.046740
864.985580
864.894034
864.772331
864.620780
864.439763
864.229737
863.991234
863.724855
863.709773
863.975773
864.213938
864.423665
864.604425
864.755760
864.877290
864.968707
865.029779
865.060355
865.060355
865.029779
864.968707
864.877290
864.755760
864.604425
864.423665
864.213938
863.975773
863.709773
863.694713
863.960335
864.198161
864.407590
864.588093
864.739213
864.860570
864.951857
865.012843
865.043374
865.043374
865.012843
864.951857
864.860570
864.739213
864.588093
864.407590
864.198161
863.960335
863.694713
863.679674
863.944919
864.182407
864.391538
864.571784
864.722690
864.843874
864.935031
864.995930
865.026418
865.026418
864.995930
864.935031
864.843874
864.722690
864.571784
864.391538
864.182407
863.944919
863.679674
863.664657
863.929524
864.166675
864.375509
864.555498
864.706190
864.827202
864.918229
864.979042
865.009487
865.009487
864.979042
864.918229
864.827202
864.706190
864.555498
864.375509
864.166675
863.929524
863.664657
863.649660
863.914152
864.150965
864.359502
864.539236
864.689713
864.810553
864.901451
864.962177
864.992579
864.992579
864.962177
864.901451
864.810553
864.689713
864.539236
864.359502
864.150965
863.914152
863.649660
863.634686
863.898801
864.135278
864.343518
864.522997
864.673260
864.793928
864.884697
864.945337
864.975695
864.975695
864.945337
864.884697
864.793928
864.673260
864.522997
864.343518
864.135278
863.898801
863.634686
863.619732
863.883472
864.119613
864.327557
864.506781
864.656830
864.777327
864.867967
864.928520
864.958836
864.958836
864.928520
864.867967
864.777327
864.656830
864.506781
864.327557
864.119613
863.883472
863.619732
863.604800
863.868165
864.103970
864.311619
864.490588
864.640424
864.760749
864.851260
864.911728
864.942000
864.942000
864.911728
864.851260
864.760749
864.640424
864.490588
864.311619
864.103970
863.868165
863.604800
863.589889
863.852879
864.088349
864.295703
864.474418
864.624041
864.744195
864.834578
864.894959
864.925189
864.925189
864.894959
864.834578
864.744195
864.624041
864.474418
864.295703
864.088349
863.852879
863.589889
863.574999
863.837616
864.072751
864.279810
864.458271
864.607681
864.727665
864.817919
864.878215
864.908401
864.908401
864.878215
864.817919
864.727665
864.607681
864.458271
864.279810
864.072751
863.837616
863.574999
863.560130
863.822374
864.057175
864.263940
864.442147
864.591345
864.711158
864.801284
864.861494
864.891637
864.891637
864.861494
864.801284
864.711158
864.591345
864.442147
864.263940
864.057175
863.822374
863.560130
863.545282
863.807154
864.041621
864.248092
864.426046
864.575032
864.694675
864.784672
864.844797
864.874897
864.874897
864.844797
864.784672
864.694675
864.575032
864.426046
864.248092
864.041621
863.807154
863.545282
863.530456
863.791955
864.026089
864.232267
864.409968
864.558742
864.678215
864.768084
864.828124
864.858181
864.858181
864.828124
864.768084
864.678215
864.558742
864.409968
864.232267
864.026089
863.791955
863.530456
863.515650
863.776778
864.010580
864.216464
864.393912
864.542476
864.661779
864.751520
864.811474
864.841489
864.841489
864.811474
864.751520
864.661779
864.542476
864.393912
864.216464
864.010580
863.776778
863.515650
863.500866
863.761622
863.995092
864.200684
864.377880
864.526232
864.645366
864.734980
864.794849
864.824821
864.824821
864.794849
864.734980
864.645366
864.526232
864.377880
864.200684
863.995092
863.761622
863.500866
863.486102
863.746489
863.979626
864.184926
864.361871
864.510012
864.628976
864.718463
864.778246
864.808176
864.808176
864.778246
864.718463
864.628976
864.510012
864.361871
864.184926
863.979626
863.746489
863.486102
863.471360
863.731376
863.964183
864.169191
864.345884
864.493814
864.612610
864.701969
864.761668
864.791555
864.791555
864.761668
864.701969
864.612610
864.493814
864.345884
864.169191
863.964183
863.731376
863.471360
863.456638
863.716285
863.948761
864.153478
864.329920
864.477640
864.596266
864.685499
864.745113
864.774958
864.774958
864.745113
864.685499
864.596266
864.477640
864.329920
864.153478
863.948761
863.716285
863.456638
863.441938
863.701216
863.933361
864.137787
864.313978
864.461489
864.579947
864.669053
864.728582
864.758384
864.758384
864.728582
864.669053
864.579947
864.461489
864.313978
864.137787
863.933361
863.701216
863.441938
863.427258
863.686168
863.917983
864.122119
864.298060
864.445361
864.563650
864.652629
864.712074
864.741834
864.741834
864.712074
864.652629
864.563650
864.445361
864.298060
864.122119
863.917983
863.686168
863.427258
863.412599
863.671141
863.902627
864.106473
864.282164
864.429255
864.547377
864.636230
864.695590
864.725307
864.725307
864.695590
864.636230
864.547377
864.429255
864.282164
864.106473
863.902627
863.671141
863.412599
863.397961
863.656136
863.887293
864.090849
864.266290
864.413173
864.531127
864.619853
864.679129
864.708804
864.708804
864.679129
864.619853
864.531127
864.413173
864.266290
864.090849
863.887293
863.656136
863.397961
863.383344
863.641152
863.871981
864.075248
864.250440
864.397114
864.514900
864.603500
864.662692
864.692325
864.692325
864.662692
864.603500
864.514900
864.397114
864.250440
864.075248
863.871981
863.641152
863.383344
863.368747
863.626189
863.856690
864.059668
864.234611
864.381077
864.498696
864.587170
864.646278
864.675869
864.675869
864.646278
864.587170
864.498696
864.381077
864.234611
864.059668
863.856690
863.626189
863.368747
863.354172
863.611248
863.841421
864.044111
864.218806
864.365063
864.482515
864.570864
864.629887
864.659436
864.659436
864.629887
864.570864
864.482515
864.365063
864.218806
864.044111
863.841421
863.611248
863.354172
863.339617
863.596327
863.826174
864.028576
864.203022
864.349072
864.466357
864.554580
864.613520
864.643027
864.643027
864.613520
864.554580
864.466357
864.349072
864.203022
864.028576
863.826174
863.596327
863.339617
863.325082
863.581428
863.810949
864.013063
864.187261
864.333104
864.450222
864.538320
864.597176
864.626641
864.626641
864.597176
864.538320
864.450222
864.333104
864.187261
864.013063
863.810949
863.581428
863.325082
863.310568
863.566550
863.795745
863.997572
864.171523
864.317158
864.434110
864.522083
864.580855
864.610279
864.610279
864.580855
864.522083
864.434110
864.317158
864.171523
863.997572
863.795745
863.566550
863.310568
863.296075
863.551694
863.780562
863.982103
864.155807
864.301235
864.418021
864.505869
864.564558
864.593939
864.593939
864.564558
864.505869
864.418021
864.301235
864.155807
863.982103
863.780562
863.551694
863.296075
863.281603
863.536858
863.765402
863.966656
864.140113
864.285335
864.401955
864.489678
864.548284
864.577623
864.577623
864.548284
864.489678
864.401955
864.285335
864.140113
863.966656
863.765402
863.536858
863.281603
863.267151
863.522044
863.750263
863.951231
864.124442
864.269458
864.385912
864.473510
864.532033
864.561331
864.561331
864.532033
864.473510
864.385912
864.269458
864.124442
863.951231
863.750263
863.522044
863.267151
863.252719
863.507250
863.735145
863.935828
864.108793
864.253603
864.369891
864.457365
864.515805
864.545061
864.545061
864.515805
864.457365
864.369891
864.253603
864.108793
863.935828
863.735145
863.507250
863.252719
863.238308
863.492478
863.720049
863.920447
864.093166
864.237770
864.353894
864.441244
864.499600
864.528815
864.528815
864.499600
864.441244
864.353894
864.237770
864.093166
863.920447
863.720049
863.492478
863.238308
863.223918
863.477726
863.704974
863.905088
864.077562
864.221960
864.337919
864.425145
864.483418
864.512591
864.512591
864.483418
864.425145
864.337919
864.221960
864.077562
863.905088
863.704974
863.477726
863.223918
863.209548
863.462996
863.689921
863.889751
864.061979
864.206173
864.321967
864.409069
864.467259
864.496391
864.496391
864.467259
864.409069
864.321967
864.206173
864.061979
863.889751
863.689921
863.462996
863.209548
863.195198
863.448286
863.674889
863.874435
864.046419
864.190408
864.306037
864.393016
864.451123
864.480214
864.480214
864.451123
864.393016
864.306037
864.190408
864.046419
863.874435
863.674889
863.448286
863.195198
863.180869
863.433597
863.659879
863.859141
864.030881
864.174665
864.290130
864.376985
864.435011
864.464060
864.464060
864.435011
864.376985
864.290130
864.174665
864.030881
863.859141
863.659879
863.433597
863.180869
863.166560
863.418930
863.644890
863.843869
864.015365
864.158945
864.274246
864.360978
864.418921
864.447929
864.447929
864.418921
864.360978
864.274246
864.158945
864.015365
863.843869
863.644890
863.418930
863.166560
863.152271
863.404283
863.629922
863.828619
863.999871
864.143247
864.258385
864.344993
864.402854
864.431820
864.431820
864.402854
864.344993
864.258385
864.143247
863.999871
863.828619
863.629922
863.404283
863.152271
863.138003
863.389656
863.614975
863.813390
863.984399
864.127572
864.242546
864.329031
864.386810
864.415735
864.415735
864.386810
864.329031
864.242546
864.127572
863.984399
863.813390
863.614975
863.389656
863.138003
863.123755
863.375051
863.600050
863.798183
863.968950
864.111919
864.226729
864.313092
864.370788
864.399673
864.399673
864.370788
864.313092
864.226729
864.111919
863.968950
863.798183
863.600050
863.375051
863.123755
863.109527
863.360466
863.585146
863.782997
863.953522
864.096288
864.210935
864.297175
864.354790
864.383633
864.383633
864.354790
864.297175
864.210935
864.096288
863.953522
863.782997
863.585146
863.360466
863.109527
863.095319
863.345902
863.570263
863.767834
863.938116
864.080679
864.195164
864.281281
864.338814
864.367617
864.367617
864.338814
864.281281
864.195164
864.080679
863.938116
863.767834
863.570263
863.345902
863.095319
863.081131
863.331359
863.555401
863.752691
863.922732
864.065093
864.179415
864.265410
864.322861
864.351623
864.351623
864.322861
864.265410
864.179415
864.065093
863.922732
863.752691
863.555401
863.331359
863.081131
863.066964
863.316837
863.540560
863.737570
863.907369
864.049528
864.163688
864.249561
864.306931
864.335651
864.335651
864.306931
864.249561
864.163688
864.049528
863.907369
863.737570
863.540560
863.316837
863.066964
863.052817
863.302335
863.525741
863.722471
863.892029
864.033986
864.147984
864.233735
864.291023
864.319703
864.319703
864.291023
864.233735
864.147984
864.033986
863.892029
863.722471
863.525741
863.302335
863.052817
863.038689
863.287853
863.510942
863.707393
863.876710
864.018466
864.132302
864.217931
864.275138
864.303777
864.303777
864.275138
864.217931
864.132302
864.018466
863.876710
863.707393
863.510942
863.287853
863.038689
863.024582
863.273392
863.496165
863.692337
863.861414
864.002968
864.116642
864.202150
864.259275
864.287874
864.287874
864.259275
864.202150
864.116642
864.002968
863.861414
863.692337
863.496165
863.273392
863.024582
863.010495
863.258952
863.481408
863.677302
863.846139
863.987492
864.101005
864.186391
864.243436
864.271994
864.271994
864.243436
864.186391
864.101005
863.987492
863.846139
863.677302
863.481408
863.258952
863.010495
862.996428
863.244532
863.466673
863.662288
863.830885
863.972038
864.085390
864.170655
864.227618
864.256136
864.256136
864.227618
864.170655
864.085390
863.972038
863.830885
863.662288
863.466673
863.244532
862.996428
862.982381
863.230133
863.451958
863.647296
863.815654
863.956606
864.069797
864.154941
864.211823
864.240301
864.240301
864.211823
864.154941
864.069797
863.956606
863.815654
863.647296
863.451958
863.230133
862.982381
862.968354
863.215754
863.437264
863.632325
863.800444
863.941196
864.054226
864.139249
864.196051
864.224488
864.224488
864.196051
864.139249
864.054226
863.941196
863.800444
863.632325
863.437264
863.215754
862.968354
862.954346
863.201395
863.422591
863.617375
863.785255
863.925808
864.038677
864.123580
864.180301
864.208697
864.208697
864.180301
864.123580
864.038677
863.925808
863.785255
863.617375
863.422591
863.201395
862.954346
862.940359
863.187057
863.407939
863.602447
863.770088
863.910441
864.023151
864.107933
864.164574
864.192930
864.192930
864.164574
864.107933
864.023151
863.910441
863.770088
863.602447
863.407939
863.187057
862.940359
862.926391
863.172740
863.393308
863.587539
863.754943
863.895097
864.007647
864.092308
864.148868
864.177184
864.177184
864.148868
864.092308
864.007647
863.895097
863.754943
863.587539
863.393308
863.172740
862.926391
862.912444
863.158442
863.378698
863.572653
863.739820
863.879774
863.992164
864.076706
864.133185
864.161461
864.161461
864.133185
864.076706
863.992164
863.879774
863.739820
863.572653
863.378698
863.158442
862.912444
862.898516
863.144165
863.364108
863.557788
863.724717
863.864473
863.976704
864.061125
864.117525
864.145760
864.145760
864.117525
864.061125
863.976704
863.864473
863.724717
863.557788
863.364108
863.144165
862.898516
862.884607
863.129908
863.349539
863.542945
863.709637
863.849194
863.961265
864.045567
864.101887
864.130082
864.130082
864.101887
864.045567
863.961265
863.849194
863.709637
863.542945
863.349539
863.129908
862.884607
862.870719
863.115672
863.334991
863.528122
863.694577
863.833937
863.945849
864.030031
864.086271
864.114426
864.114426
864.086271
864.030031
863.945849
863.833937
863.694577
863.528122
863.334991
863.115672
862.870719
862.856850
863.101455
863.320463
863.513320
863.679539
863.818701
863.930454
864.014517
864.070677
864.098792
864.098792
864.070677
864.014517
863.930454
863.818701
863.679539
863.513320
863.320463
863.101455
862.856850
862.843001
863.087259
863.305956
863.498539
863.664523
863.803487
863.915082
863.999025
864.055105
864.083181
864.083181
864.055105
863.999025
863.915082
863.803487
863.664523
863.498539
863.305956
863.087259
862.843001
862.829171
863.073083
863.291470
863.483780
863.649528
863.788295
863.899731
863.983555
864.039556
864.067591
864.067591
864.039556
863.983555
863.899731
863.788295
863.649528
863.483780
863.291470
863.073083
862.829171
862.815362
863.058927
863.277004
863.469041
863.634554
863.773124
863.884402
863.968107
864.024028
864.052024
864.052024
864.024028
863.968107
863.884402
863.773124
863.634554
863.469041
863.277004
863.058927
862.815362
862.801571
863.044791
863.262559
863.454323
863.619601
863.757975
863.869095
863.952681
864.008523
864.036479
864.036479
864.008523
863.952681
863.869095
863.757975
863.619601
863.454323
863.262559
863.044791
862.801571
862.787801
863.030676
863.248134
863.439626
863.604670
863.742847
863.853809
863.937277
863.993040
864.020956
864.020956
863.993040
863.937277
863.853809
863.742847
863.604670
863.439626
863.248134
863.030676
862.787801
862.774050
863.016580
863.233730
863.424950
863.589759
863.727741
863.838546
863.921895
863.977578
864.005455
864.005455
863.977578
863.921895
863.838546
863.727741
863.589759
863.424950
863.233730
863.016580
862.774050
862.760318
863.002504
863.219346
863.410295
863.574870
863.712656
863.823304
863.906535
863.962139
863.989976
863.989976
863.962139
863.906535
863.823304
863.712656
863.574870
863.410295
863.219346
863.002504
862.760318
862.746606
862.988448
863.204982
863.395661
863.560003
863.697592
863.808083
863.891196
863.946722
863.974520
863.974520
863.946722
863.891196
863.808083
863.697592
863.560003
863.395661
863.204982
862.988448
862.746606
862.732913
862.974413
863.190639
863.381047
863.545156
863.682551
863.792885
863.875880
863.931326
863.959085
863.959085
863.931326
863.875880
863.792885
863.682551
863.545156
863.381047
863.190639
862.974413
862.732913
862.719240
862.960397
863.176317
863.366455
863.530330
863.667530
863.777708
863.860585
863.915953
863.943672
863.943672
863.915953
863.860585
863.777708
863.667530
863.530330
863.366455
863.176317
862.960397
862.719240
862.705586
862.946401
863.162014
863.351883
863.515526
863.652531
863.762552
863.845312
863.900601
863.928281
863.928281
863.900601
863.845312
863.762552
863.652531
863.515526
863.351883
863.162014
862.946401
862.705586
862.691951
862.932425
863.147732
863.337331
863.500742
863.637553
863.747418
863.830060
863.885271
863.912912
863.912912
863.885271
863.830060
863.747418
863.637553
863.500742
863.337331
863.147732
862.932425
862.691951
862.678336
862.918468
863.133471
863.322801
863.485980
863.622596
863.732306
863.814831
863.869963
863.897564
863.897564
863.869963
863.814831
863.732306
863.622596
863.485980
863.322801
863.133471
862.918468
862.678336
862.664740
862.904532
863.119229
863.308290
863.471238
863.607661
863.717214
863.799622
863.854677
863.882239
863.882239
863.854677
863.799622
863.717214
863.607661
863.471238
863.308290
863.119229
862.904532
862.664740
862.651164
862.890615
863.105008
863.293801
863.456518
863.592747
863.702145
863.784436
863.839412
863.866935
863.866935
863.839412
863.784436
863.702145
863.592747
863.456518
863.293801
863.105008
862.890615
862.651164
862.637606
862.876718
863.090807
863.279332
863.441818
863.577854
863.687097
863.769271
863.824169
863.851653
863.851653
863.824169
863.769271
863.687097
863.577854
863.441818
863.279332
863.090807
862.876718
862.637606
862.624068
862.862841
863.076626
863.264884
863.427139
863.562982
863.672070
863.754128
863.808948
863.836393
863.836393
863.808948
863.754128
863.672070
863.562982
863.427139
863.264884
863.076626
862.862841
862.624068
862.610549
862.848983
863.062465
863.250456
863.412481
863.548131
863.657065
863.739006
863.793749
863.821154
863.821154
863.793749
863.739006
863.657065
863.548131
863.412481
863.250456
863.062465
862.848983
862.610549
862.597050
862.835145
863.048324
863.236049
863.397844
863.533302
863.642080
863.723906
863.778571
863.805938
863.805938
863.778571
863.723906
863.642080
863.533302
863.397844
863.236049
863.048324
862.835145
862.597050
862.583569
862.821327
863.034204
863.221662
863.383227
863.518493
863.627118
863.708827
863.763414
863.790742
863.790742
863.763414
863.708827
863.627118
863.518493
863.383227
863.221662
863.034204
862.821327
862.583569
862.570108
862.807528
863.020103
863.207295
863.368632
863.503706
863.612176
863.693769
863.748279
863.775569
863.775569
863.748279
863.693769
863.612176
863.503706
863.368632
863.207295
863.020103
862.807528
862.570108
862.556665
862.793749
863.006023
863.192949
863.354057
863.488939
863.597256
863.678733
863.733166
863.760417
863.760417
863.733166
863.678733
863.597256
863.488939
863.354057
863.192949
863.006023
862.793749
862.556665
862.543242
862.779990
862.991962
863.178624
863.339503
863.474194
863.582357
863.663718
863.718074
863.745286
863.745286
863.718074
863.663718
863.582357
863.474194
863.339503
863.178624
862.991962
862.779990
862.543242
862.529838
862.766250
862.977921
863.164318
863.324969
863.459469
863.567479
863.648725
863.703004
863.730177
863.730177
863.703004
863.648725
863.567479
863.459469
863.324969
863.164318
862.977921
862.766250
862.529838
862.516452
862.752529
862.963901
863.150033
863.310456
863.444766
863.552622
863.633753
863.687955
863.715089
863.715089
863.687955
863.633753
863.552622
863.444766
863.310456
863.150033
862.963901
862.752529
862.516452
862.503086
862.738828
862.949900
863.135768
863.295964
863.430083
863.537786
863.618802
863.672927
863.700023
863.700023
863.672927
863.618802
863.537786
863.430083
863.295964
863.135768
862.949900
862.738828
862.503086
862.489739
862.725147
862.935919
863.121524
863.281492
863.415421
863.522972
863.603873
863.657921
863.684979
863.684979
863.657921
863.603873
863.522972
863.415421
863.281492
863.121524
862.935919
862.725147
862.489739
862.476410
862.711484
862.921958
863.107300
863.267041
863.400780
863.508178
863.588964
863.642936
863.669955
863.669955
863.642936
863.588964
863.508178
863.400780
863.267041
863.107300
862.921958
862.711484
862.476410
862.463101
862.697841
862.908017
863.093095
863.252611
863.386160
863.493405
863.574077
863.627972
863.654953
863.654953
863.627972
863.574077
863.493405
863.386160
863.252611
863.093095
862.908017
862.697841
862.463101
862.449810
862.684218
862.894095
863.078911
863.238200
863.371560
863.478654
863.559211
863.613029
863.639973
863.639973
863.613029
863.559211
863.478654
863.371560
863.238200
863.078911
862.894095
862.684218
862.449810
862.436538
862.670614
862.880193
863.064748
863.223811
863.356981
863.463923
863.544366
863.598108
863.625013
863.625013
863.598108
863.544366
863.463923
863.356981
863.223811
863.064748
862.880193
862.670614
862.436538
862.423285
862.657029
862.866311
863.050604
863.209442
863.342423
863.449213
863.529543
863.583208
863.610075
863.610075
863.583208
863.529543
863.449213
863.342423
863.209442
863.050604
862.866311
862.657029
862.423285
862.410051
862.643463
862.852449
863.036480
863.195093
863.327886
863.434524
863.514740
863.568329
863.595158
863.595158
863.568329
863.514740
863.434524
863.327886
863.195093
863.036480
862.852449
862.643463
862.410051
862.396835
862.629917
862.838606
863.022377
863.180764
863.313369
863.419857
863.499958
863.553472
863.580262
863.580262
863.553472
863.499958
863.419857
863.313369
863.180764
863.022377
862.838606
862.629917
862.396835
862.383639
862.616390
862.824783
863.008293
863.166456
863.298873
863.405209
863.485197
863.538635
863.565388
863.565388
863.538635
863.485197
863.405209
863.298873
863.166456
863.008293
862.824783
862.616390
862.383639
862.370461
862.602882
862.810980
862.994230
863.152168
863.284397
863.390583
863.470458
863.523820
863.550534
863.550534
863.523820
863.470458
863.390583
863.284397
863.152168
862.994230
862.810980
862.602882
862.370461
862.357301
862.589393
862.797196
862.980186
863.137901
863.269942
863.375977
863.455739
863.509025
863.535702
863.535702
863.509025
863.455739
863.375977
863.269942
863.137901
862.980186
862.797196
862.589393
862.357301
862.344161
862.575923
862.783432
862.966162
863.123653
863.255508
863.361393
863.441041
863.494252
863.520891
863.520891
863.494252
863.441041
863.361393
863.255508
863.123653
862.966162
862.783432
862.575923
862.344161
862.331039
862.562473
862.769687
862.952158
863.109426
863.241094
863.346828
863.426364
863.479499
863.506100
863.506100
863.479499
863.426364
863.346828
863.241094
863.109426
862.952158
862.769687
862.562473
862.331039
862.317935
862.549041
862.755962
862.938174
863.095219
863.226700
863.332285
863.411708
863.464768
863.491331
863.491331
863.464768
863.411708
863.332285
863.226700
863.095219
862.938174
862.755962
862.549041
862.317935
862.304850
862.535629
862.742256
862.924210
863.081033
863.212327
863.317762
863.397072
863.450057
863.476583
863.476583
863.450057
863.397072
863.317762
863.212327
863.081033
862.924210
862.742256
862.535629
862.304850
862.291784
862.522235
862.728570
862.910266
863.066866
863.197974
863.303260
863.382458
863.435367
863.461855
863.461855
863.435367
863.382458
863.303260
863.197974
863.066866
862.910266
862.728570
862.522235
862.291784
862.278736
862.508861
862.714903
862.896342
863.052720
863.183642
863.288778
863.367864
863.420698
863.447149
863.447149
863.420698
863.367864
863.288778
863.183642
863.052720
862.896342
862.714903
862.508861
862.278736
862.265707
862.495505
862.701255
862.882437
863.038593
863.169330
863.274317
863.353291
863.406050
863.432464
863.432464
863.406050
863.353291
863.274317
863.169330
863.038593
862.882437
862.701255
862.495505
862.265707
862.252696
862.482169
862.687627
862.868552
863.024487
863.155038
863.259877
863.338738
863.391423
863.417799
863.417799
863.391423
863.338738
863.259877
863.155038
863.024487
862.868552
862.687627
862.482169
862.252696
862.239703
862.468851
862.674018
862.854687
863.010401
863.140767
863.245457
863.324206
863.376817
863.403155
863.403155
863.376817
863.324206
863.245457
863.140767
863.010401
862.854687
862.674018
862.468851
862.239703
862.226729
862.455552
862.660428
862.840841
862.996334
863.126516
863.231057
863.309695
863.362231
863.388532
863.388532
863.362231
863.309695
863.231057
863.126516
862.996334
862.840841
862.660428
862.455552
862.226729
862.213774
862.442272
862.646858
862.827015
862.982288
863.112285
863.216678
863.295205
863.347666
863.373930
863.373930
863.347666
863.295205
863.216678
863.112285
862.982288
862.827015
862.646858
862.442272
862.213774
862.200836
862.429011
862.633307
862.813209
862.968261
863.098074
863.202320
863.280735
863.333122
863.359348
863.359348
863.333122
863.280735
863.202320
863.098074
862.968261
862.813209
862.633307
862.429011
862.200836
862.187917
862.415769
862.619775
862.799422
862.954255
863.083884
863.187981
863.266285
863.318598
863.344787
863.344787
863.318598
863.266285
863.187981
863.083884
862.954255
862.799422
862.619775
862.415769
862.187917
862.175017
862.402545
862.606263
862.785655
862.940268
863.069713
863.173664
863.251857
863.304095
863.330247
863.330247
863.304095
863.251857
863.173664
863.069713
862.940268
862.785655
862.606263
862.402545
862.175017
862.162134
862.389341
862.592769
862.771907
862.926301
863.055563
863.159366
863.237448
863.289613
863.315728
863.315728
863.289613
863.237448
863.159366
863.055563
862.926301
862.771907
862.592769
862.389341
862.162134
862.149270
862.376154
862.579295
862.758179
862.912354
863.041433
863.145089
863.223060
863.275151
863.301229
863.301229
863.275151
863.223060
863.145089
863.041433
862.912354
862.758179
862.579295
862.376154
862.149270
862.136424
862.362987
862.565840
862.744470
862.898427
863.027323
863.130832
863.208693
863.260709
863.286750
863.286750
863.260709
863.208693
863.130832
863.027323
862.898427
862.744470
862.565840
862.362987
862.136424
862.123597
862.349838
862.552403
862.730781
862.884520
863.013233
863.116595
863.194345
863.246288
863.272293
863.272293
863.246288
863.194345
863.116595
863.013233
862.884520
862.730781
862.552403
862.349838
862.123597
862.110787
862.336708
862.538986
862.717111
862.870632
862.999163
863.102378
863.180019
863.231888
863.257855
863.257855
863.231888
863.180019
863.102378
862.999163
862.870632
862.717111
862.538986
862.336708
862.110787
862.097996
862.323597
862.525588
862.703460
862.856764
862.985112
863.088182
863.165712
863.217508
863.243439
863.243439
863.217508
863.165712
863.088182
862.985112
862.856764
862.703460
862.525588
862.323597
862.097996
862.085223
862.310504
862.512209
862.689829
862.842916
862.971082
863.074006
863.151426
863.203149
863.229042
863.229042
863.203149
863.151426
863.074006
862.971082
862.842916
862.689829
862.512209
862.310504
862.085223
862.072467
862.297430
862.498849
862.676217
862.829087
862.957072
863.059849
863.137160
863.188809
863.214667
863.214667
863.188809
863.137160
863.059849
862.957072
862.829087
862.676217
862.498849
862.297430
862.072467
862.059730
862.284374
862.485508
862.662625
862.815278
862.943081
863.045713
863.122915
863.174491
863.200311
863.200311
863.174491
863.122915
863.045713
862.943081
862.815278
862.662625
862.485508
862.284374
862.059730
862.047011
862.271337
862.472186
862.649052
862.801488
862.929111
863.031597
863.108689
863.160192
863.185976
863.185976
863.160192
863.108689
863.031597
862.929111
862.801488
862.649052
862.472186
862.271337
862.047011
862.034310
862.258318
862.458882
862.635498
862.787718
862.915160
863.017501
863.094484
863.145914
863.171661
863.171661
863.145914
863.094484
863.017501
862.915160
862.787718
862.635498
862.458882
862.258318
862.034310
862.021627
862.245317
862.445598
862.621963
862.773968
862.901229
863.003425
863.080299
863.131656
863.157367
863.157367
863.131656
863.080299
863.003425
862.901229
862.773968
862.621963
862.445598
862.245317
862.021627
862.008962
862.232335
862.432332
862.608448
862.760237
862.887318
862.989369
863.066134
863.117418
863.143093
863.143093
863.117418
863.066134
862.989369
862.887318
862.760237
862.608448
862.432332
862.232335
862.008962
861.996315
862.219372
862.419085
862.594951
862.746526
862.873427
862.975333
863.051989
863.103201
863.128839
863.128839
863.103201
863.051989
862.975333
862.873427
862.746526
862.594951
862.419085
862.219372
861.996315
861.983686
862.206427
862.405857
862.581474
862.732834
862.859555
862.961317
863.037865
863.089004
863.114605
863.114605
863.089004
863.037865
862.961317
862.859555
862.732834
862.581474
862.405857
862.206427
861.983686
861.971075
862.193500
862.392648
862.568016
862.719161
862.845703
862.947321
863.023760
863.074827
863.100392
863.100392
863.074827
863.023760
862.947321
862.845703
862.719161
862.568016
862.392648
862.193500
861.971075
861.958481
862.180591
862.379457
862.554577
862.705508
862.831870
862.933345
863.009675
863.060670
863.086199
863.086199
863.060670
863.009675
862.933345
862.831870
862.705508
862.554577
862.379457
862.180591
861.958481
861.945906
862.167701
862.366285
862.541157
862.691874
862.818057
862.919388
862.995611
863.046533
863.072026
863.072026
863.046533
862.995611
862.919388
862.818057
862.691874
862.541157
862.366285
862.167701
861.945906
861.933348
862.154829
862.353132
862.527756
862.678260
862.804264
862.905451
862.981566
863.032416
863.057873
863.057873
863.032416
862.981566
862.905451
862.804264
862.678260
862.527756
862.353132
862.154829
861.933348
861.920808
862.141975
862.339997
862.514374
862.664665
862.790491
862.891534
862.967541
863.018319
863.043740
863.043740
863.018319
862.967541
862.891534
862.790491
862.664665
862.514374
862.339997
862.141975
861.920808
861.908285
862.129140
862.326881
862.501011
862.651089
862.776737
862.877637
862.953536
863.004242
863.029627
863.029627
863.004242
862.953536
862.877637
862.776737
862.651089
862.501011
862.326881
862.129140
861.908285
861.895781
862.116323
862.313784
862.487667
862.637532
862.763002
862.863760
862.939551
862.990185
863.015534
863.015534
862.990185
862.939551
862.863760
862.763002
862.637532
862.487667
862.313784
862.116323
861.895781
861.883294
862.103523
862.300705
862.474342
862.623995
862.749287
862.849902
862.925586
862.976148
863.001461
863.001461
862.976148
862.925586
862.849902
862.749287
862.623995
862.474342
862.300705
862.103523
861.883294
861.870825
862.090742
862.287645
862.461035
862.610477
862.735591
862.836064
862.911641
862.962131
862.987409
862.987409
862.962131
862.911641
862.836064
862.735591
862.610477
862.461035
862.287645
862.090742
861.870825
861.858373
862.077979
862.274603
862.447748
862.596978
862.721915
862.822245
862.897715
862.948134
862.973376
862.973376
862.948134
862.897715
862.822245
862.721915
862.596978
862.447748
862.274603
862.077979
861.858373
861.845940
862.065235
862.261580
862.434480
862.583498
862.708258
862.808446
862.883809
862.934157
862.959363
862.959363
862.934157
862.883809
862.808446
862.708258
862.583498
862.434480
862.261580
862.065235
861.845940
861.833523
862.052508
862.248575
862.421230
862.570037
862.694621
862.794667
862.869923
862.920200
862.945370
862.945370
862.920200
862.869923
862.794667
862.694621
862.570037
862.421230
862.248575
862.052508
861.833523
861.821125
862.039799
862.235589
862.407999
862.556595
862.681003
862.780907
862.856057
862.906262
862.931396
862.931396
862.906262
862.856057
862.780907
862.681003
862.556595
862.407999
862.235589
862.039799
861.821125
861.808744
862.027108
862.222620
862.394787
862.543173
862.667404
862.767167
862.842210
862.892344
862.917443
862.917443
862.892344
862.842210
862.767167
862.667404
862.543173
862.394787
862.222620
862.027108
861.808744
861.796380
862.014435
862.209671
862.381593
862.529769
862.653824
862.753446
862.828383
862.878446
862.903509
862.903509
862.878446
862.828383
862.753446
862.653824
862.529769
862.381593
862.209671
862.014435
861.796380
861.784034
862.001781
862.196740
862.368419
862.516384
862.640264
862.739745
862.814575
862.864568
862.889595
862.889595
862.864568
862.814575
862.739745
862.640264
862.516384
862.368419
862.196740
862.001781
861.784034
861.771705
861.989144
862.183827
862.355262
862.503019
862.626723
862.726063
862.800787
862.850709
862.875701
862.875701
862.850709
862.800787
862.726063
862.626723
862.503019
862.355262
862.183827
861.989144
861.771705
861.759394
861.976525
862.170932
862.342125
862.489672
862.613201
862.712400
862.787019
862.836870
862.861827
862.861827
862.836870
862.787019
862.712400
862.613201
862.489672
862.342125
862.170932
861.976525
861.759394
861.747100
861.963924
862.158055
862.329006
862.476344
862.599698
862.698757
862.773270
862.823051
862.847972
862.847972
862.823051
862.773270
862.698757
862.599698
862.476344
862.329006
862.158055
861.963924
861.747100
861.734824
861.951340
862.145197
862.315906
862.463036
862.586215
862.685133
862.759541
862.809251
862.834137
862.834137
862.809251
862.759541
862.685133
862.586215
862.463036
862.315906
862.145197
861.951340
861.734824
861.722565
861.938775
862.132357
862.302824
862.449746
862.572750
862.671529
862.745831
862.795471
862.820322
862.820322
862.795471
862.745831
862.671529
862.572750
862.449746
862.302824
862.132357
861.938775
861.722565
861.710324
861.926227
862.119536
862.289761
862.436474
862.559305
862.657944
862.732141
862.781710
862.806526
862.806526
862.781710
862.732141
862.657944
862.559305
862.436474
862.289761
862.119536
861.926227
861.710324
861.698099
861.913697
862.106732
862.276717
862.423222
862.545879
862.644378
862.718470
862.767969
862.792749
862.792749
862.767969
862.718470
862.644378
862.545879
862.423222
862.276717
862.106732
861.913697
861.698099
861.685892
861.901185
862.093947
862.263691
862.409989
862.532472
862.630831
862.704818
862.754247
862.778993
862.778993
862.754247
862.704818
862.630831
862.532472
862.409989
862.263691
862.093947
861.901185
861.685892
861.673703
861.888691
862.081179
862.250683
862.396774
862.519084
862.617304
862.691186
862.740545
862.765255
862.765255
862.740545
862.691186
862.617304
862.519084
862.396774
862.250683
862.081179
861.888691
861.673703
861.661530
861.876214
862.068430
862.237694
862.383578
862.505714
862.603795
862.677573
862.726862
862.751538
862.751538
862.726862
862.677573
862.603795
862.505714
862.383578
862.237694
862.068430
861.876214
861.661530
861.649375
861.863755
862.055699
862.224723
862.370400
862.492364
862.590306
862.663980
862.713199
862.737839
862.737839
862.713199
862.663980
862.590306
862.492364
862.370400
862.224723
862.055699
861.863755
861.649375
861.637237
861.851313
862.042986
862.211770
862.357242
862.479033
862.576836
862.650405
862.699555
862.724160
862.724160
862.699555
862.650405
862.576836
862.479033
862.357242
862.211770
862.042986
861.851313
861.637237
861.625116
861.838890
862.030290
862.198836
862.344102
862.465720
862.563385
862.636850
862.685930
862.710501
862.710501
862.685930
862.636850
862.563385
862.465720
862.344102
862.198836
862.030290
861.838890
861.625116
861.613013
861.826483
862.017613
862.185921
862.330980
862.452427
862.549953
862.623314
862.672325
862.696861
862.696861
862.672325
862.623314
862.549953
862.452427
862.330980
862.185921
862.017613
861.826483
861.613013
861.600926
861.814095
862.004954
862.173023
862.317877
862.439152
862.536541
862.609798
862.658739
862.683240
862.683240
862.658739
862.609798
862.536541
862.439152
862.317877
862.173023
862.004954
861.814095
861.600926
861.588857
861.801724
861.992313
862.160144
862.304793
862.425896
862.523147
862.596300
862.645172
862.669639
862.669639
862.645172
862.596300
862.523147
862.425896
862.304793
862.160144
861.992313
861.801724
861.588857
861.576805
861.789370
861.979689
862.147283
862.291728
862.412659
862.509772
862.582822
862.631624
862.656056
862.656056
862.631624
862.582822
862.509772
862.412659
862.291728
862.147283
861.979689
861.789370
861.576805
861.564769
861.777034
861.967084
862.134440
862.278680
862.399441
862.496416
862.569363
862.618096
862.642494
862.642494
862.618096
862.569363
862.496416
862.399441
862.278680
862.134440
861.967084
861.777034
861.564769
861.552751
861.764715
861.954496
862.121616
862.265652
862.386241
862.483079
862.555922
862.604587
862.628950
862.628950
862.604587
862.555922
862.483079
862.386241
862.265652
862.121616
861.954496
861.764715
861.552751
861.540750
861.752414
861.941926
862.108809
862.252641
862.373060
862.469761
862.542501
862.591097
862.615425
862.615425
862.591097
862.542501
862.469761
862.373060
862.252641
862.108809
861.941926
861.752414
861.540750
861.528766
861.740130
861.929374
862.096021
862.239650
862.359898
862.456462
862.529099
862.577626
862.601920
862.601920
862.577626
862.529099
862.456462
862.359898
862.239650
862.096021
861.929374
861.740130
861.528766
861.077728
861.626737
861.893546
862.077885
862.225440
862.346469
862.443116
862.515701
862.564171
862.588433
862.588433
862.564171
862.515701
862.443116
862.346469
862.225440
862.077885
861.893546
861.626737
861.077728
860.822035
861.467982
861.826468
862.047769
862.207381
862.331914
862.429467
862.502234
862.550711
862.574957
862.574957
862.550711
862.502234
862.429467
862.331914
862.207381
862.047769
861.826468
861.467982
860.822035
860.634031
861.318481
861.741474
862.004635
862.183298
862.315058
862.415035
862.488528
862.537189
862.561471
862.561471
862.537189
862.488528
862.415035
862.315058
862.183298
862.004635
861.741474
861.318481
860.634031
860.478703
861.182907
861.650285
861.951583
862.152643
862.294969
862.399256
862.474320
862.523497
862.547922
862.547922
862.523497
862.474320
862.399256
862.294969
862.152643
861.951583
861.650285
861.182907
860.478703
860.343105
861.059188
861.558349
861.892163
862.116102
862.271237
862.381649
862.459312
862.509482
862.534226
862.534226
862.509482
862.459312
862.381649
862.271237
862.116102
861.892163
861.558349
861.059188
860.343105
860.221074
860.944990
861.467916
861.829025
862.074816
862.243915
862.361919
862.443227
862.494961
862.520261
862.520261
862.494961
862.443227
862.361919
862.243915
862.074816
861.829025
861.467916
860.944990
860.221074
860.109120
860.838494
861.379843
861.763915
862.029920
862.213324
862.339959
862.425854
862.479753
862.505880
862.505880
862.479753
862.425854
862.339959
862.213324
862.029920
861.763915
861.379843
860.838494
860.109120
860.005040
860.738348
861.294392
861.697942
861.982370
862.179900
862.315804
862.407056
862.463690
862.490930
862.490930
862.463690
862.407056
862.315804
862.179900
861.982370
861.697942
861.294392
860.738348
860.005040
859.907334
860.643536
861.211569
861.631801
861.932920
862.144090
862.289579
862.386770
862.446637
862.475257
862.475257
862.446637
862.386770
862.289579
862.144090
861.932920
861.631801
861.211569
860.643536
859.907334
859.814923
860.553278
861.131269
861.565926
861.882145
862.106309
862.261456
862.364983
862.428488
862.458725
862.458725
862.428488
862.364983
862.261456
862.106309
861.882145
861.565926
861.131269
860.553278
859.814923
859.727005
860.466964
861.053348
861.500590
861.830479
862.066916
862.231620
862.341723
862.409173
862.441220
862.441220
862.409173
862.341723
862.231620
862.066916
861.830479
861.500590
861.053348
860.466964
859.727005
859.642961
860.384106
860.977649
861.435957
861.778245
862.026217
862.200256
862.317042
862.388647
862.422651
862.422651
862.388647
862.317042
862.200256
862.026217
861.778245
861.435957
860.977649
860.384106
859.642961
859.562300
860.304308
860.904017
861.372123
861.725687
861.984463
862.167536
862.291006
862.366891
862.402955
862.402955
862.366891
862.291006
862.167536
861.984463
861.725687
861.372123
860.904017
860.304308
859.562300
859.484629
860.227242
860.832306
861.309141
861.672984
861.941863
862.133617
862.263687
862.343905
862.382091
862.382091
862.343905
862.263687
862.133617
861.941863
861.672984
861.309141
860.832306
860.227242
859.484629
859.409624
860.152635
860.762379
861.247033
861.620270
861.898585
862.098636
862.235162
862.319704
862.360038
862.360038
862.319704
862.235162
862.098636
861.898585
861.620270
861.247033
860.762379
860.152635
859.409624
859.337014
860.080254
860.694113
861.185801
861.567643
861.854765
862.062713
862.205505
862.294315
862.336793
862.336793
862.294315
862.205505
862.062713
861.854765
861.567643
861.185801
860.694113
860.080254
859.337014
859.266573
860.009901
860.627394
861.125435
861.515176
861.810514
862.025955
862.174788
862.267772
862.312367
862.312367
862.267772
862.174788
862.025955
861.810514
861.515176
861.125435
860.627394
860.009901
859.266573
859.198103
859.941403
860.562116
861.065914
861.462919
861.765920
861.988453
862.143082
862.240117
862.286782
862.286782
862.240117
862.143082
861.988453
861.765920
861.462919
861.065914
860.562116
859.941403
859.198103
859.131439
859.874610
860.498184
861.007213
861.410908
861.721057
861.950285
862.110452
862.211394
862.260071
862.260071
862.211394
862.110452
861.950285
861.721057
861.410908
861.007213
860.498184
859.874610
859.131439
859.066431
859.809389
860.435511
860.949304
861.359168
861.675982
861.911521
862.076959
862.181651
862.232269
862.232269
862.181651
862.076959
861.911521
861.675982
861.359168
860.949304
860.435511
859.809389
859.066431
859.002952
859.745624
860.374016
860.892156
861.307714
861.630743
861.872220
862.042661
862.150938
862.203420
862.203420
862.150938
862.042661
861.872220
861.630743
861.307714
860.892156
860.374016
859.745624
859.002952
858.940886
859.683209
860.313626
860.835736
861.256556
861.585376
861.832436
862.007613
862.119304
862.173567
862.173567
862.119304
862.007613
861.832436
861.585376
861.256556
860.835736
860.313626
859.683209
858.940886
858.880132
859.622049
860.254271
860.780012
861.205695
861.539914
861.792214
861.971865
862.086797
862.142757
862.142757
862.086797
861.971865
861.792214
861.539914
861.205695
860.780012
860.254271
859.622049
858.880132
858.820597
859.562060
860.195888
860.724952
861.155132
861.494382
861.751595
861.935465
862.053466
862.111037
862.111037
862.053466
861.935465
861.751595
861.494382
861.155132
860.724952
860.195888
859.562060
858.820597
858.762198
859.503163
860.138420
860.670524
861.104864
861.448799
861.710615
861.898458
862.019358
862.078456
862.078456
862.019358
861.898458
861.710615
861.448799
861.104864
860.670524
860.138420
859.503163
858.762198
858.704860
859.445289
860.081812
860.616698
861.054885
861.403183
861.669308
861.860883
861.984519
862.045059
862.045059
861.984519
861.860883
861.669308
861.403183
861.054885
860.616698
860.081812
859.445289
858.704860
858.648515
859.388372
860.026012
860.563444
861.005189
861.357547
861.627701
861.822782
861.948993
862.010893
862.010893
861.948993
861.822782
861.627701
861.357547
861.005189
860.563444
860.026012
859.388372
858.648515
858.593099
859.332354
859.970975
860.510734
860.955768
861.311902
861.585821
861.784189
861.912821
861.976003
861.976003
861.912821
861.784189
861.585821
861.311902
860.955768
860.510734
859.970975
859.332354
858.593099
858.538555
859.277178
859.916656
860.458541
860.906613
861.266258
861.543693
861.745139
861.876044
861.940430
861.940430
861.876044
861.745139
861.543693
861.266258
860.906613
860.458541
859.916656
859.277178
858.538555
858.484829
859.222795
859.863015
860.406838
860.857715
861.220623
861.501337
861.705664
861.838700
861.904217
861.904217
861.838700
861.705664
861.501337
861.220623
860.857715
860.406838
859.863015
859.222795
858.484829
858.431872
859.169157
859.810013
860.355601
860.809066
861.175002
861.458774
861.665793
861.800825
861.867403
861.867403
861.800825
861.665793
861.458774
861.175002
860.809066
860.355601
859.810013
859.169157
858.431872
858.379639
859.116221
859.757614
860.304806
860.760656
861.129402
861.416021
861.625555
861.762456
861.830027
861.830027
861.762456
861.625555
861.416021
861.129402
860.760656
860.304806
859.757614
859.116221
858.379639
858.328086
859.063946
859.705786
860.254430
860.712477
861.083827
861.373096
861.584977
861.723623
861.792123
861.792123
861.723623
861.584977
861.373096
861.083827
860.712477
860.254430
859.705786
859.063946
858.328086
858.277176
859.012295
859.654496
860.204454
860.664519
861.038281
861.330013
861.544082
861.684358
861.753727
861.753727
861.684358
861.544082
861.330013
861.038281
860.664519
860.204454
859.654496
859.012295
858.277176
858.226870
858.961232
859.603716
860.154857
860.616775
860.992766
861.286788
861.502893
861.644691
861.714872
861.714872
861.644691
861.502893
861.286788
860.992766
860.616775
860.154857
859.603716
858.961232
858.226870
858.177136
858.910725
859.553417
860.105619
860.569235
860.947287
861.243432
861.461434
861.604649
861.675586
861.675586
861.604649
861.461434
861.243432
860.947287
860.569235
860.105619
859.553417
858.910725
858.177136
858.127940
858.860742
859.503575
860.056724
860.521892
860.901845
861.199959
861.419723
861.564258
861.635901
861.635901
861.564258
861.419723
861.199959
860.901845
860.521892
860.056724
859.503575
858.860742
858.127940
858.079254
858.811255
859.454164
860.008154
860.474739
860.856443
861.156380
861.377780
861.523543
861.595843
861.595843
861.523543
861.377780
861.156380
860.856443
860.474739
860.008154
859.454164
858.811255
858.079254
858.031049
858.762237
859.405163
859.959894
860.427767
860.811083
861.112705
861.335622
861.482526
861.555437
861.555437
861.482526
861.335622
861.112705
860.811083
860.427767
859.959894
859.405163
858.762237
858.031049
857.983299
858.713662
859.356550
859.911928
860.380970
860.765765
861.068944
861.293268
861.441231
861.514710
861.514710
861.441231
861.293268
861.068944
860.765765
860.380970
859.911928
859.356550
858.713662
857.983299
857.935979
858.665508
859.308305
859.864243
860.334342
860.720493
861.025106
861.250732
861.399677
861.473683
861.473683
861.399677
861.250732
861.025106
860.720493
860.334342
859.864243
859.308305
858.665508
857.935979
857.889068
858.617752
859.260409
859.816825
860.287876
860.675266
860.981201
861.208029
861.357884
861.432379
861.432379
861.357884
861.208029
860.981201
860.675266
860.287876
859.816825
859.260409
858.617752
857.889068
857.842543
858.570373
859.212845
859.769663
860.241566
860.630086
860.937235
861.165174
861.315870
861.390818
861.390818
861.315870
861.165174
860.937235
860.630086
860.241566
859.769663
859.212845
858.570373
857.842543
857.796384
858.523353
859.165595
859.722743
860.195407
860.584954
860.893218
861.122178
861.273652
861.349018
861.349018
861.273652
861.122178
860.893218
860.584954
860.195407
859.722743
859.165595
858.523353
857.796384
857.750572
858.476671
859.118646
859.676056
860.149394
860.539872
860.849155
861.079056
861.231247
861.306999
861.306999
861.231247
861.079056
860.849155
860.539872
860.149394
859.676056
859.118646
858.476671
857.750572
857.705090
858.430312
859.071981
859.629591
860.103520
860.494839
860.805053
861.035817
861.188668
861.264777
861.264777
861.188668
861.035817
860.805053
860.494839
860.103520
859.629591
859.071981
858.430312
857.705090
857.659921
858.384260
859.025588
859.583337
860.057782
860.449858
860.760918
860.992474
861.145931
861.222368
861.222368
861.145931
860.992474
860.760918
860.449858
860.057782
859.583337
859.025588
858.384260
857.659921
857.615050
858.338498
858.979453
859.537286
860.012175
860.404928
860.716757
860.949035
861.103049
861.179788
861.179788
861.103049
860.949035
860.716757
860.404928
860.012175
859.537286
858.979453
858.338498
857.615050
857.570461
858.293014
858.933564
859.491430
859.966696
860.360050
860.672574
860.905511
861.060034
861.137050
861.137050
861.060034
860.905511
860.672574
860.360050
859.966696
859.491430
858.933564
858.293014
857.570461
857.526140
858.247793
858.887910
859.445760
859.921339
860.315224
860.628375
860.861911
861.016899
861.094168
861.094168
861.016899
860.861911
860.628375
860.315224
859.921339
859.445760
858.887910
858.247793
857.526140
857.482076
858.202823
858.842481
859.400268
859.876101
860.270452
860.584164
860.818242
860.973654
861.051154
861.051154
860.973654
860.818242
860.584164
860.270452
859.876101
859.400268
858.842481
858.202823
857.482076
857.438256
858.158093
858.797265
859.354947
859.830978
860.225734
860.539946
860.774513
860.930309
861.008020
861.008020
860.930309
860.774513
860.539946
860.225734
859.830978
859.354947
858.797265
858.158093
857.438256
857.394668
858.113591
858.752255
859.309790
859.785969
860.181070
860.495726
860.730732
860.886875
860.964777
860.964777
860.886875
860.730732
860.495726
860.181070
859.785969
859.309790
858.752255
858.113591
857.394668
857.351302
858.069307
858.707440
859.264792
859.741068
860.136461
860.451506
860.686905
860.843361
860.921435
860.921435
860.843361
860.686905
860.451506
860.136461
859.741068
859.264792
858.707440
858.069307
857.351302
857.308147
858.025231
858.662812
859.219946
859.696273
860.091907
860.407291
860.643038
860.799775
860.878005
860.878005
860.799775
860.643038
860.407291
860.091907
859.696273
859.219946
858.662812
858.025231
857.308147
857.265194
857.981354
858.618365
859.175247
859.651582
860.047408
860.363084
860.599138
860.756126
860.834494
860.834494
860.756126
860.599138
860.363084
860.047408
859.651582
859.175247
858.618365
857.981354
857.265194
857.222435
857.937668
858.574089
859.130688
859.606992
860.002965
860.318888
860.555211
860.712420
860.790913
860.790913
860.712420
860.555211
860.318888
860.002965
859.606992
859.130688
858.574089
857.937668
857.222435
857.179861
857.894164
858.529979
859.086266
859.562499
859.958578
860.274706
860.511262
860.668666
860.747269
860.747269
860.668666
860.511262
860.274706
859.958578
859.562499
859.086266
858.529979
857.894164
857.179861
857.137463
857.850834
858.486028
859.041976
859.518103
859.914247
860.230542
860.467296
860.624869
860.703568
860.703568
860.624869
860.467296
860.230542
859.914247
859.518103
859.041976
858.486028
857.850834
857.137463
857.095235
857.807672
858.442230
858.997812
859.473801
859.869973
860.186398
860.423317
860.581036
860.659820
860.659820
860.581036
860.423317
860.186398
859.869973
859.473801
858.997812
858.442230
857.807672
857.095235
857.053170
857.764671
858.398578
858.953772
859.429590
859.825756
860.142275
860.379331
860.537174
860.616030
860.616030
860.537174
860.379331
860.142275
859.825756
859.429590
858.953772
858.398578
857.764671
857.053170
857.011261
857.721824
858.355068
858.909850
859.385470
859.781596
860.098178
860.335341
860.493287
860.572204
860.572204
860.493287
860.335341
860.098178
859.781596
859.385470
858.909850
858.355068
857.721824
857.011261
856.969502
857.679125
858.311694
858.866044
859.341437
859.737493
860.054107
860.291352
860.449381
860.528349
860.528349
860.449381
860.291352
860.054107
859.737493
859.341437
858.866044
858.311694
857.679125
856.969502
856.927887
857.636570
858.268452
858.822350
859.297490
859.693447
860.010066
860.247366
860.405460
860.484469
860.484469
860.405460
860.247366
860.010066
859.693447
859.297490
858.822350
858.268452
857.636570
856.927887
856.886411
857.594152
858.225338
858.778765
859.253628
859.649459
859.966055
860.203389
860.361530
860.440571
860.440571
860.361530
860.203389
859.966055
859.649459
859.253628
858.778765
858.225338
857.594152
856.886411
856.845069
857.551867
858.182346
858.735285
859.209849
859.605529
859.922076
860.159421
860.317594
860.396659
860.396659
860.317594
860.159421
859.922076
859.605529
859.209849
858.735285
858.182346
857.551867
856.845069
856.803855
857.509709
858.139473
858.691909
859.166151
859.561656
859.878132
860.115468
860.273657
860.352737
860.352737
860.273657
860.115468
859.878132
859.561656
859.166151
858.691909
858.139473
857.509709
856.803855
856.762766
857.467676
858.096715
858.648632
859.122534
859.517842
859.834224
860.071531
860.229723
860.308810
860.308810
860.229723
860.071531
859.834224
859.517842
859.122534
858.648632
858.096715
857.467676
856.762766
856.721797
857.425762
858.054069
858.605453
859.078996
859.474085
859.790353
860.027613
860.185794
860.264881
860.264881
860.185794
860.027613
859.790353
859.474085
859.078996
858.605453
858.054069
857.425762
856.721797
856.680944
857.383963
858.011531
858.562368
859.035535
859.430386
859.746521
859.983718
860.141874
860.220956
860.220956
860.141874
859.983718
859.746521
859.430386
859.035535
858.562368
858.011531
857.383963
856.680944
856.640204
857.342277
857.969098
858.519377
858.992151
859.386746
859.702729
859.939846
860.097967
860.177036
860.177036
860.097967
859.939846
859.702729
859.386746
858.992151
858.519377
857.969098
857.342277
856.640204
856.599572
857.300699
857.926768
858.476477
858.948842
859.343164
859.658978
859.896001
860.054075
860.133126
860.133126
860.054075
859.896001
859.658978
859.343164
858.948842
858.476477
857.926768
857.300699
856.599572
856.559046
857.259226
857.884537
858.433665
858.905608
859.299641
859.615270
859.852184
860.010201
860.089229
860.089229
860.010201
859.852184
859.615270
859.299641
858.905608
858.433665
857.884537
857.259226
856.559046
856.518622
857.217856
857.842403
858.390940
858.862447
859.256175
859.571605
859.808397
859.966348
860.045346
860.045346
859.966348
859.808397
859.571605
859.256175
858.862447
858.390940
857.842403
857.217856
856.518622
856.478298
857.176585
857.800363
858.348300
858.819359
859.212769
859.527984
859.764642
859.922517
860.001483
860.001483
859.922517
859.764642
859.527984
859.212769
858.819359
858.348300
857.800363
857.176585
856.478298
856.438070
857.135411
857.758416
858.305744
858.776342
859.169420
859.484409
859.720921
859.878712
859.957639
859.957639
859.878712
859.720921
859.484409
859.169420
858.776342
858.305744
857.758416
857.135411
856.438070
856.397937
857.094331
857.716558
858.263269
858.733397
859.126130
859.440880
859.677236
859.834935
859.913819
859.913819
859.834935
859.677236
859.440880
859.126130
858.733397
858.263269
857.716558
857.094331
856.397937
856.357895
857.053343
857.674788
858.220874
858.690521
859.082899
859.397397
859.633588
859.791186
859.870025
859.870025
859.791186
859.633588
859.397397
859.082899
858.690521
858.220874
857.674788
857.053343
856.357895
856.317942
857.012445
857.633105
858.178559
858.647715
859.039726
859.353963
859.589977
859.747469
859.826258
859.826258
859.747469
859.589977
859.353963
859.039726
858.647715
858.178559
857.633105
857.012445
856.317942
856.278076
856.971634
857.591505
858.136321
858.604977
858.996612
859.310577
859.546407
859.703785
859.782520
859.782520
859.703785
859.546407
859.310577
858.996612
858.604977
858.136321
857.591505
856.971634
856.278076
856.238296
856.930909
857.549988
858.094159
858.562308
858.953556
859.267240
859.502877
859.660136
859.738814
859.738814
859.660136
859.502877
859.267240
858.953556
858.562308
858.094159
857.549988
856.930909
856.238296
856.198598
856.890267
857.508551
858.052073
858.519706
858.910559
859.223953
859.459389
859.616523
859.695141
859.695141
859.616523
859.459389
859.223953
858.910559
858.519706
858.052073
857.508551
856.890267
856.198598
856.158982
856.849707
857.467194
858.010060
858.477170
858.867621
859.180716
859.415944
859.572947
859.651503
859.651503
859.572947
859.415944
859.180716
858.867621
858.477170
858.010060
857.467194
856.849707
856.158982
856.119446
856.809227
857.425915
857.968121
858.434701
858.824741
859.137530
859.372543
859.529411
859.607901
859.607901
859.529411
859.372543
859.137530
858.824741
858.434701
857.968121
857.425915
856.809227
856.119446
856.079987
856.768826
857.384712
857.926253
858.392298
858.781919
859.094395
859.329187
859.485914
859.564336
859.564336
859.485914
859.329187
859.094395
858.781919
858.392298
857.926253
857.384712
856.768826
856.079987
856.040605
856.728502
857.343585
857.884457
858.349960
858.739156
859.051312
859.285877
859.442459
859.520811
859.520811
859.442459
859.285877
859.051312
858.739156
858.349960
857.884457
857.343585
856.728502
856.040605
856.001298
856.688254
857.302531
857.842731
858.307686
858.696451
859.008281
859.242613
859.399047
859.477326
859.477326
859.399047
859.242613
859.008281
858.696451
858.307686
857.842731
857.302531
856.688254
856.001298
855.962065
856.648080
857.261551
857.801074
858.265477
858.653805
858.965303
859.199397
859.355678
859.433882
859.433882
859.355678
859.199397
858.965303
858.653805
858.265477
857.801074
857.261551
856.648080
855.962065
855.922904
856.607980
857.220642
857.759485
858.223332
858.611217
858.922377
859.156229
859.312353
859.390481
859.390481
859.312353
859.156229
858.922377
858.611217
858.223332
857.759485
857.220642
856.607980
855.922904
855.883814
856.567951
857.179804
857.717964
858.181250
858.568688
858.879505
859.113109
859.269073
859.347123
859.347123
859.269073
859.113109
858.879505
858.568688
858.181250
857.717964
857.179804
856.567951
855.883814
855.844794
856.527994
857.139035
857.676511
858.139231
858.526217
858.836686
859.070039
859.225840
859.303810
859.303810
859.225840
859.070039
858.836686
858.526217
858.139231
857.676511
857.139035
856.527994
855.844794
855.805844
856.488106
857.098336
857.635124
858.097275
858.483804
858.793921
859.027018
859.182654
859.260542
859.260542
859.182654
859.027018
858.793921
858.483804
858.097275
857.635124
857.098336
856.488106
855.805844
855.766961
856.448287
857.057705
857.593802
858.055381
858.441450
858.751211
858.984048
859.139515
859.217320
859.217320
859.139515
858.984048
858.751211
858.441450
858.055381
857.593802
857.057705
856.448287
855.766961
855.728145
856.408536
857.017141
857.552546
858.013549
858.399153
858.708554
858.941129
859.096425
859.174146
859.174146
859.096425
858.941129
858.708554
858.399153
858.013549
857.552546
857.017141
856.408536
855.728145
855.689395
856.368853
856.976644
857.511354
857.971779
858.356915
858.665952
858.898262
859.053384
859.131019
859.131019
859.053384
858.898262
858.665952
858.356915
857.971779
857.511354
856.976644
856.368853
855.689395
855.650711
856.329235
856.936212
857.470227
857.930070
858.314735
858.623405
858.855446
859.010392
859.087940
859.087940
859.010392
858.855446
858.623405
858.314735
857.930070
857.470227
856.936212
856.329235
855.650711
855.612091
856.289683
856.895846
857.429162
857.888422
858.272613
858.580913
858.812682
858.967450
859.044910
859.044910
858.967450
858.812682
858.580913
858.272613
857.888422
857.429162
856.895846
856.289683
855.612091
855.573535
856.250196
856.855544
857.388161
857.846835
858.230549
858.538476
858.769971
858.924559
859.001930
859.001930
858.924559
858.769971
858.538476
858.230549
857.846835
857.388161
856.855544
856.250196
855.573535
855.535042
856.210773
856.815306
857.347223
857.805309
858.188543
858.496094
858.727313
858.881719
858.959000
858.959000
858.881719
858.727313
858.496094
858.188543
857.805309
857.347223
856.815306
856.210773
855.535042
855.496611
856.171413
856.775131
857.306347
857.763842
858.146595
858.453768
858.684707
858.838931
858.916121
858.916121
858.838931
858.684707
858.453768
858.146595
857.763842
857.306347
856.775131
856.171413
855.496611
855.458242
856.132116
856.735019
857.265532
857.722436
858.104704
858.411497
858.642156
858.796194
858.873293
858.873293
858.796194
858.642156
858.411497
858.104704
857.722436
857.265532
856.735019
856.132116
855.458242
855.419934
856.092881
856.694969
857.224779
857.681090
858.062872
858.369282
858.599658
858.753510
858.830516
858.830516
858.753510
858.599658
858.369282
858.062872
857.681090
857.224779
856.694969
856.092881
855.419934
855.381686
856.053708
856.654980
857.184086
857.639803
858.021097
858.327123
858.557214
858.710879
858.787792
858.787792
858.710879
858.557214
858.327123
858.021097
857.639803
857.184086
856.654980
856.053708
855.381686
855.343499
856.014596
856.615053
857.143455
857.598575
857.979379
858.285019
858.514824
858.668300
858.745119
858.745119
858.668300
858.514824
858.285019
857.979379
857.598575
857.143455
856.615053
856.014596
855.343499
855.305370
855.975544
856.575187
857.102883
857.557406
857.937720
858.242971
858.472489
858.625775
858.702500
858.702500
858.625775
858.472489
858.242971
857.937720
857.557406
857.102883
856.575187
855.975544
855.305370
855.267301
855.936552
856.535382
857.062372
857.516297
857.896117
858.200980
858.430209
858.583303
858.659933
858.659933
858.583303
858.430209
858.200980
857.896117
857.516297
857.062372
856.535382
855.936552
855.267301
855.229290
855.897620
856.495636
857.021920
857.475246
857.854573
858.159044
858.387983
858.540885
858.617419
858.617419
858.540885
858.387983
858.159044
857.854573
857.475246
857.021920
856.495636
855.897620
855.229290
855.191337
855.858748
856.455949
856.981527
857.434253
857.813085
858.117165
858.345812
858.498522
858.574960
858.574960
858.498522
858.345812
858.117165
857.813085
857.434253
856.981527
856.455949
855.858748
855.191337
855.153442
855.819934
856.416322
856.941194
857.393319
857.771655
858.075341
858.303696
858.456212
858.532554
858.532554
858.456212
858.303696
858.075341
857.771655
857.393319
856.941194
856.416322
855.819934
855.153442
855.115604
855.781178
856.376754
856.900919
857.352443
857.730282
858.033574
858.261635
858.413957
858.490202
858.490202
858.413957
858.261635
858.033574
857.730282
857.352443
856.900919
856.376754
855.781178
855.115604
855.077823
855.742480
856.337245
856.860702
857.311625
857.688966
857.991863
858.219630
858.371756
858.447904
858.447904
858.371756
858.219630
857.991863
857.688966
857.311625
856.860702
856.337245
855.742480
855.077823
855.040098
855.703840
856.297793
856.820544
857.270864
857.647708
857.950209
858.177680
858.329611
858.405660
858.405660
858.329611
858.177680
857.950209
857.647708
857.270864
856.820544
856.297793
855.703840
855.040098
855.002429
855.665258
856.258400
856.780444
857.230162
857.606506
857.908610
858.135786
858.287520
858.363472
858.363472
858.287520
858.135786
857.908610
857.606506
857.230162
856.780444
856.258400
855.665258
855.002429
854.964816
855.626732
856.219064
856.740402
857.189517
857.565361
857.867068
858.093947
858.245484
858.321338
858.321338
858.245484
858.093947
857.867068
857.565361
857.189517
856.740402
856.219064
855.626732
854.964816
854.927259
855.588263
856.179786
856.700417
857.148929
857.524274
857.825582
858.052164
858.203504
858.279259
858.279259
858.203504
858.052164
857.825582
857.524274
857.148929
856.700417
856.179786
855.588263
854.927259
854.889757
855.549851
856.140564
856.660490
857.108398
857.483242
857.784153
858.010437
858.161579
858.237235
858.237235
858.161579
858.010437
857.784153
857.483242
857.108398
856.660490
856.140564
855.549851
854.889757
854.852309
855.511494
856.101400
856.620619
857.067925
857.442268
857.742779
857.968765
858.119709
858.195267
858.195267
858.119709
857.968765
857.742779
857.442268
857.067925
856.620619
856.101400
855.511494
854.852309
854.814917
855.473194
856.062292
856.580806
857.027508
857.401350
857.701462
857.927149
858.077895
858.153353
858.153353
858.077895
857.927149
857.701462
857.401350
857.027508
856.580806
856.062292
855.473194
854.814917
854.777578
855.434949
856.023241
856.541049
856.987149
857.360489
857.660201
857.885590
858.036136
858.111495
858.111495
858.036136
857.885590
857.660201
857.360489
856.987149
856.541049
856.023241
855.434949
854.777578
854.740294
855.396759
855.984245
856.501349
856.946845
857.319685
857.618996
857.844086
857.994433
858.069693
858.069693
857.994433
857.844086
857.618996
857.319685
856.946845
856.501349
855.984245
855.396759
854.740294
854.703064
855.358625
855.945306
856.461706
856.906599
857.278937
857.577848
857.802638
857.952786
858.027946
858.027946
857.952786
857.802638
857.577848
857.278937
856.906599
856.461706
855.945306
855.358625
854.703064
854.665887
855.320545
855.906422
856.422118
856.866408
857.238245
857.536756
857.761245
857.911194
857.986255
857.986255
857.911194
857.761245
857.536756
857.238245
856.866408
856.422118
855.906422
855.320545
854.665887
854.628764
855.282520
855.867594
856.382587
856.826275
857.197609
857.495719
857.719909
857.869658
857.944619
857.944619
857.869658
857.719909
857.495719
857.197609
856.826275
856.382587
855.867594
855.282520
854.628764
854.591694
855.244550
855.828821
856.343111
856.786197
857.157030
857.454739
857.678629
857.828178
857.903039
857.903039
857.828178
857.678629
857.454739
857.157030
856.786197
856.343111
855.828821
855.244550
854.591694
854.554677
855.206634
855.790104
856.303692
856.746175
857.116507
857.413815
857.637405
857.786754
857.861515
857.861515
857.786754
857.637405
857.413815
857.116507
856.746175
856.303692
855.790104
855.206634
854.554677
854.517713
855.168772
855.751441
856.264327
856.706209
857.076039
857.372947
857.596237
857.745385
857.820047
857.820047
857.745385
857.596237
857.372947
857.076039
856.706209
856.264327
855.751441
855.168772
854.517713
854.480802
855.130964
855.712834
856.225019
856.666299
857.035628
857.332135
857.555124
857.704073
857.778634
857.778634
857.704073
857.555124
857.332135
857.035628
856.666299
856.225019
855.712834
855.130964
854.480802
854.443943
855.093209
855.674281
856.185765
856.626445
856.995273
857.291379
857.514068
857.662816
857.737277
857.737277
857.662816
857.514068
857.291379
856.995273
856.626445
856.185765
855.674281
855.093209
854.443943
854.407136
855.055508
855.635782
856.146567
856.586646
856.954973
857.250679
857.473067
857.621615
857.695977
857.695977
857.621615
857.473067
857.250679
856.954973
856.586646
856.146567
855.635782
855.055508
854.407136
854.370381
855.017861
855.597338
856.107424
856.546902
856.914730
857.210035
857.432122
857.580471
857.654732
857.654732
857.580471
857.432122
857.210035
856.914730
856.546902
856.107424
855.597338
855.017861
854.370381
854.333679
854.980266
855.558948
856.068336
856.507215
856.874541
857.169446
857.391234
857.539382
857.613542
857.613542
857.539382
857.391234
857.169446
856.874541
856.507215
856.068336
855.558948
854.980266
854.333679
854.297028
854.942725
855.520612
856.029302
856.467582
856.834409
857.128914
857.350401
857.498348
857.572409
857.572409
857.498348
857.350401
857.128914
856.834409
856.467582
856.029302
855.520612
854.942725
854.297028
854.260429
854.905237
855.482329
855.990323
856.428004
856.794332
857.088437
857.309624
857.457371
857.531332
857.531332
857.457371
857.309624
857.088437
856.794332
856.428004
855.990323
855.482329
854.905237
854.260429
854.223881
854.867801
855.444101
855.951399
856.388482
856.754310
857.048015
857.268902
857.416450
857.490310
857.490310
857.416450
857.268902
857.048015
856.754310
856.388482
855.951399
855.444101
854.867801
854.223881
854.187385
854.830419
855.405926
855.912529
856.349014
856.714344
857.007649
857.228236
857.375584
857.449345
857.449345
857.375584
857.228236
857.007649
856.714344
856.349014
855.912529
855.405926
854.830419
854.187385
854.150940
854.793088
855.367805
855.873713
856.309602
856.674433
856.967339
857.187626
857.334774
857.408435
857.408435
857.334774
857.187626
856.967339
856.674433
856.309602
855.873713
855.367805
854.793088
854.150940
854.114546
854.755810
855.329737
855.834951
856.270244
856.634577
856.927084
857.147072
857.294020
857.367581
857.367581
857.294020
857.147072
856.927084
856.634577
856.270244
855.834951
855.329737
854.755810
854.114546
854.078203
854.718584
855.291723
855.796244
856.230941
856.594776
856.886885
857.106573
857.253321
857.326782
857.326782
857.253321
857.106573
856.886885
856.594776
856.230941
855.796244
855.291723
854.718584
854.078203
854.041911
854.681411
855.253761
855.757590
856.191692
856.555030
856.846741
857.066130
857.212679
857.286040
857.286040
857.212679
857.066130
856.846741
856.555030
856.191692
855.757590
855.253761
854.681411
854.041911
854.005669
854.644289
855.215853
855.718991
856.152498
856.515340
856.806652
857.025742
857.172092
857.245353
857.245353
857.172092
857.025742
856.806652
856.515340
856.152498
855.718991
855.215853
854.644289
854.005669
853.969479
854.607219
855.177998
855.680445
856.113358
856.475704
856.766618
856.985410
857.131560
857.204721
857.204721
857.131560
856.985410
856.766618
856.475704
856.113358
855.680445
855.177998
854.607219
853.969479
853.933338
854.570201
855.140195
855.641953
856.074273
856.436123
856.726640
856.945133
857.091084
857.164146
857.164146
857.091084
856.945133
856.726640
856.436123
856.074273
855.641953
855.140195
854.570201
853.933338
853.897249
854.533234
855.102445
855.603514
856.035242
856.396596
856.686716
856.904912
857.050663
857.123626
857.123626
857.050663
856.904912
856.686716
856.396596
856.035242
855.603514
855.102445
854.533234
853.897249
853.861209
854.496320
855.064747
855.565129
855.996264
856.357125
856.646848
856.864745
857.010298
857.083161
857.083161
857.010298
856.864745
856.646848
856.357125
855.996264
855.565129
855.064747
854.496320
853.861209
853.825220
854.459456
855.027103
855.526797
855.957341
856.317707
856.607035
856.824634
856.969989
857.042752
857.042752
856.969989
856.824634
856.607035
856.317707
855.957341
855.526797
855.027103
854.459456
853.825220
853.789280
854.422644
854.989510
855.488518
855.918472
856.278345
856.567276
856.784578
856.929734
857.002398
857.002398
856.929734
856.784578
856.567276
856.278345
855.918472
855.488518
854.989510
854.422644
853.789280
853.753391
854.385883
854.951970
855.450292
855.879657
856.239036
856.527573
856.744578
856.889535
856.962100
856.962100
856.889535
856.744578
856.527573
856.239036
855.879657
855.450292
854.951970
854.385883
853.753391
853.717551
854.349173
854.914481
855.412120
855.840895
856.199782
856.487924
856.704632
856.849391
856.921857
856.921857
856.849391
856.704632
856.487924
856.199782
855.840895
855.412120
854.914481
854.349173
853.717551
853.681761
854.312514
854.877045
855.374000
855.802188
856.160583
856.448329
856.664741
856.809303
856.881670
856.881670
856.809303
856.664741
856.448329
856.160583
855.802188
855.374000
854.877045
854.312514
853.681761
853.646021
854.275906
854.839661
855.335934
855.763533
856.121437
856.408790
856.624905
856.769269
856.841537
856.841537
856.769269
856.624905
856.408790
856.121437
855.763533
855.335934
854.839661
854.275906
853.646021
853.610330
854.239349
854.802329
855.297920
855.724933
856.082346
856.369305
856.585125
856.729291
856.801460
856.801460
856.729291
856.585125
856.369305
856.082346
855.724933
855.297920
854.802329
854.239349
853.610330
853.574689
854.202842
854.765048
855.259958
855.686385
856.043308
856.329874
856.545398
856.689367
856.761438
856.761438
856.689367
856.545398
856.329874
856.043308
855.686385
855.259958
854.765048
854.202842
853.574689
853.539097
854.166386
854.727820
855.222050
855.647891
856.004325
856.290498
856.505727
856.649499
856.721470
856.721470
856.649499
856.505727
856.290498
856.004325
855.647891
855.222050
854.727820
854.166386
853.539097
853.503555
854.129981
854.690642
855.184193
855.609450
855.965395
856.251176
856.466110
856.609685
856.681558
856.681558
856.609685
856.466110
856.251176
855.965395
855.609450
855.184193
854.690642
854.129981
853.503555
853.468062
854.093626
854.653517
855.146390
855.571063
855.926519
856.211908
856.426548
856.569926
856.641701
856.641701
856.569926
856.426548
856.211908
855.926519
855.571063
855.146390
854.653517
854.093626
853.468062
853.432617
854.057321
854.616442
855.108638
855.532728
855.887697
856.172695
856.387040
856.530222
856.601899
856.601899
856.530222
856.387040
856.172695
855.887697
855.532728
855.108638
854.616442
854.057321
853.432617
853.397222
854.021067
854.579419
855.070939
855.494447
855.848928
856.133535
856.347587
856.490573
856.562151
856.562151
856.490573
856.347587
856.133535
855.848928
855.494447
855.070939
854.579419
854.021067
853.397222
853.361876
853.984862
854.542448
855.033292
855.456218
855.810213
856.094430
856.308188
856.450978
856.522458
856.522458
856.450978
856.308188
856.094430
855.810213
855.456218
855.033292
854.542448
853.984862
853.361876
853.326578
853.948708
854.505527
854.995697
855.418043
855.771552
856.055379
856.268844
856.411438
856.482820
856.482820
856.411438
856.268844
856.055379
855.771552
855.418043
854.995697
854.505527
853.948708
853.326578
853.291329
853.912604
854.468657
854.958154
855.379920
855.732944
856.016381
856.229554
856.371952
856.443237
856.443237
856.371952
856.229554
856.016381
855.732944
855.379920
854.958154
854.468657
853.912604
853.291329
853.256129
853.876550
854.431839
854.920663
855.341849
855.694389
855.977437
856.190318
856.332521
856.403708
856.403708
856.332521
856.190318
855.977437
855.694389
855.341849
854.920663
854.431839
853.876550
853.256129
853.220978
853.840545
854.395071
854.883224
855.303832
855.655887
855.938547
856.151136
856.293144
856.364233
856.364233
856.293144
856.151136
855.938547
855.655887
855.303832
854.883224
854.395071
853.840545
853.220978
853.185875
853.804590
854.358354
854.845836
855.265867
855.617439
855.899711
856.112008
856.253821
856.324813
856.324813
856.253821
856.112008
855.899711
855.617439
855.265867
854.845836
854.358354
853.804590
853.185875
853.150820
853.768685
854.321688
854.808500
855.227954
855.579044
855.860928
856.072934
856.214553
856.285447
856.285447
856.214553
856.072934
855.860928
855.579044
855.227954
854.808500
854.321688
853.768685
853.150820
853.115814
853.732830
854.285073
854.771216
855.190094
855.540701
855.822199
856.033914
856.175339
856.246136
856.246136
856.175339
856.033914
855.822199
855.540701
855.190094
854.771216
854.285073
853.732830
853.115814
853.080856
853.697024
854.248508
854.733983
855.152286
855.502412
855.783524
855.994948
856.136178
856.206878
856.206878
856.136178
855.994948
855.783524
855.502412
855.152286
854.733983
854.248508
853.697024
853.080856
853.045946
853.661267
854.211993
854.696802
855.114530
855.464175
855.744901
855.956035
856.097072
856.167675
856.167675
856.097072
855.956035
855.744901
855.464175
855.114530
854.696802
854.211993
853.661267
853.045946
853.011085
853.625560
854.175529
854.659672
855.076826
855.425992
855.706332
855.917176
856.058020
856.128526
856.128526
856.058020
855.917176
855.706332
855.425992
855.076826
854.659672
854.175529
853.625560
853.011085
852.976271
853.589902
854.139115
854.622593
855.039174
855.387861
855.667816
855.878371
856.019021
856.089431
856.089431
856.019021
855.878371
855.667816
855.387861
855.039174
854.622593
854.139115
853.589902
852.976271
852.941505
853.554293
854.102752
854.585565
855.001575
855.349782
855.629353
855.839619
855.980077
856.050390
856.050390
855.980077
855.839619
855.629353
855.349782
855.001575
854.585565
854.102752
853.554293
852.941505
852.906787
853.518733
854.066439
854.548589
854.964027
855.311756
855.590944
855.800921
855.941186
856.011402
856.011402
855.941186
855.800921
855.590944
855.311756
854.964027
854.548589
854.066439
853.518733
852.906787
852.872117
853.483222
854.030175
854.511663
854.926531
855.273783
855.552587
855.762276
855.902348
855.972468
855.972468
855.902348
855.762276
855.552587
855.273783
854.926531
854.511663
854.030175
853.483222
852.872117
852.837495
853.447760
853.993962
854.474789
854.889087
855.235862
855.514283
855.723685
855.863565
855.933588
855.933588
855.863565
855.723685
855.514283
855.235862
854.889087
854.474789
853.993962
853.447760
852.837495
852.802920
853.412347
853.957799
854.437965
854.851694
855.197993
855.476032
855.685146
855.824834
855.894762
855.894762
855.824834
855.685146
855.476032
855.197993
854.851694
854.437965
853.957799
853.412347
852.802920
852.768393
853.376983
853.921685
854.401192
854.814353
855.160177
855.437834
855.646661
855.786158
855.855989
855.855989
855.786158
855.646661
855.437834
855.160177
854.814353
854.401192
853.921685
853.376983
852.768393
852.733914
853.341667
853.885622
854.364470
854.777063
855.122412
855.399689
855.608229
855.747534
855.817270
855.817270
855.747534
855.608229
855.399689
855.122412
854.777063
854.364470
853.885622
853.341667
852.733914
852.699482
853.306401
853.849608
854.327799
854.739825
855.084700
855.361596
855.569850
855.708964
855.778604
855.778604
855.708964
855.569850
855.361596
855.084700
854.739825
854.327799
853.849608
853.306401
852.699482
852.665097
853.271182
853.813643
854.291178
854.702639
855.047040
855.323556
855.531524
855.670447
855.739991
855.739991
855.670447
855.531524
855.323556
855.047040
854.702639
854.291178
853.813643
853.271182
852.665097
852.630759
853.236012
853.777729
854.254607
854.665503
855.009432
855.285568
855.493251
855.631983
855.701432
855.701432
855.631983
855.493251
855.285568
855.009432
854.665503
854.254607
853.777729
853.236012
852.630759
852.596469
853.200891
853.741863
854.218087
854.628419
854.971875
855.247633
855.455030
855.593572
855.662926
855.662926
855.593572
855.455030
855.247633
854.971875
854.628419
854.218087
853.741863
853.200891
852.596469
852.562226
853.165818
853.706047
854.181617
854.591386
854.934371
855.209749
855.416863
855.555214
855.624473
855.624473
855.555214
855.416863
855.209749
854.934371
854.591386
854.181617
853.706047
853.165818
852.562226
852.528030
853.130793
853.670281
854.145198
854.554404
854.896918
855.171919
855.378747
855.516909
855.586073
855.586073
855.516909
855.378747
855.171919
854.896918
854.554404
854.145198
853.670281
853.130793
852.528030
852.493880
853.095816
853.634563
854.108828
854.517473
854.859517
855.134140
855.340685
855.478657
855.547726
855.547726
855.478657
855.340685
855.134140
854.859517
854.517473
854.108828
853.634563
853.095816
852.493880
852.459778
853.060888
853.598895
854.072509
854.480593
854.822167
855.096413
855.302675
855.440458
855.509431
855.509431
855.440458
855.302675
855.096413
854.822167
854.480593
854.072509
853.598895
853.060888
852.459778
852.425723
853.026007
853.563276
854.036240
854.443763
854.784869
855.058739
855.264717
855.402311
855.471190
855.471190
855.402311
855.264717
855.058739
854.784869
854.443763
854.036240
853.563276
853.026007
852.425723
852.391714
852.991175
853.527706
854.000021
854.406985
854.747622
855.021116
855.226812
855.364217
855.433001
855.433001
855.364217
855.226812
855.021116
854.747622
854.406985
854.000021
853.527706
852.991175
852.391714
852.357752
852.956390
853.492185
853.963851
854.370257
854.710427
854.983545
855.188959
855.326175
855.394865
855.394865
855.326175
855.188959
854.983545
854.710427
854.370257
853.963851
853.492185
852.956390
852.357752
852.323837
852.921653
853.456713
853.927732
854.333579
854.673282
854.946026
855.151158
855.288186
855.356782
855.356782
855.288186
855.151158
854.946026
854.673282
854.333579
853.927732
853.456713
852.921653
852.323837
852.289969
852.886964
853.421290
853.891662
854.296953
854.636189
854.908559
855.113409
855.250249
855.318751
855.318751
855.250249
855.113409
854.908559
854.636189
854.296953
853.891662
853.421290
852.886964
852.289969
852.256146
852.852323
853.385915
853.855642
854.260376
854.599148
854.871144
855.075713
855.212365
855.280773
855.280773
855.212365
855.075713
854.871144
854.599148
854.260376
853.855642
853.385915
852.852323
852.256146
852.222371
852.817729
853.350589
853.819671
854.223850
854.562157
854.833780
855.038068
855.174532
855.242847
855.242847
855.174532
855.038068
854.833780
854.562157
854.223850
853.819671
853.350589
852.817729
852.222371
852.188641
852.783183
853.315312
853.783750
854.187375
854.525217
854.796467
855.000475
855.136752
855.204973
855.204973
855.136752
855.000475
854.796467
854.525217
854.187375
853.783750
853.315312
852.783183
852.188641
852.154958
852.748684
853.280083
853.747879
854.150949
854.488328
854.759206
854.962934
855.099024
855.167151
855.167151
855.099024
854.962934
854.759206
854.488328
854.150949
853.747879
853.280083
852.748684
852.154958
852.121322
852.714233
853.244902
853.712057
854.114574
854.451490
854.721996
854.925445
855.061349
855.129382
855.129382
855.061349
854.925445
854.721996
854.451490
854.114574
853.712057
853.244902
852.714233
852.121322
852.087731
852.679829
853.209770
853.676284
854.078249
854.414703
854.684838
854.888007
855.023724
855.091664
855.091664
855.023724
854.888007
854.684838
854.414703
854.078249
853.676284
853.209770
852.679829
852.087731
852.054186
852.645472
853.174687
853.640560
854.041974
854.377966
854.647730
854.850621
854.986152
855.053999
855.053999
854.986152
854.850621
854.647730
854.377966
854.041974
853.640560
853.174687
852.645472
852.054186
852.020688
852.611162
853.139651
853.604885
854.005749
854.341280
854.610674
854.813287
854.948632
855.016386
855.016386
854.948632
854.813287
854.610674
854.341280
854.005749
853.604885
853.139651
852.611162
852.020688
851.987235
852.576900
853.104664
853.569260
853.969573
854.304644
854.573669
854.776004
854.911163
854.978824
854.978824
854.911163
854.776004
854.573669
854.304644
853.969573
853.569260
853.104664
852.576900
851.987235
851.953829
852.542685
853.069725
853.533684
853.933448
854.268059
854.536715
854.738772
854.873746
854.941314
854.941314
854.873746
854.738772
854.536715
854.268059
853.933448
853.533684
853.069725
852.542685
851.953829
851.920468
852.508516
853.034834
853.498156
853.897372
854.231524
854.499812
854.701592
854.836381
854.903856
854.903856
854.836381
854.701592
854.499812
854.231524
853.897372
853.498156
853.034834
852.508516
851.920468
851.887153
852.474395
852.999990
853.462677
853.861346
854.195040
854.462960
854.664463
854.799067
854.866450
854.866450
854.799067
854.664463
854.462960
854.195040
853.861346
853.462677
852.999990
852.474395
851.887153
851.853883
852.440320
852.965195
853.427248
853.825369
854.158606
854.426158
854.627385
854.761804
854.829095
854.829095
854.761804
854.627385
854.426158
854.158606
853.825369
853.427248
852.965195
852.440320
851.853883
851.820660
852.406292
852.930447
853.391867
853.789442
854.122222
854.389407
854.590358
854.724593
854.791791
854.791791
854.724593
854.590358
854.389407
854.122222
853.789442
853.391867
852.930447
852.406292
851.820660
851.787481
852.372311
852.895748
853.356534
853.753565
854.085888
854.352707
854.553382
854.687433
854.754539
854.754539
854.687433
854.553382
854.352707
854.085888
853.753565
853.356534
852.895748
852.372311
851.787481
851.754349
852.338377
852.861096
853.321250
853.717737
854.049604
854.316057
854.516457
854.650324
854.717338
854.717338
854.650324
854.516457
854.316057
854.049604
853.717737
853.321250
852.861096
852.338377
851.754349
851.721261
852.304489
852.826491
853.286015
853.681958
854.013370
854.279458
854.479583
854.613267
854.680189
854.680189
854.613267
854.479583
854.279458
854.013370
853.681958
853.286015
852.826491
852.304489
851.721261
851.688219
852.270647
852.791934
853.250828
853.646228
853.977186
854.242909
854.442760
854.576260
854.643090
854.643090
854.576260
854.442760
854.242909
853.977186
853.646228
853.250828
852.791934
852.270647
851.688219
851.655223
852.236853
852.757425
853.215689
853.610547
853.941052
854.206410
854.405987
854.539305
854.606043
854.606043
854.539305
854.405987
854.206410
853.941052
853.610547
853.215689
852.757425
852.236853
851.655223
851.622271
852.203104
852.722963
853.180599
853.574916
853.904967
854.169962
854.369265
854.502400
854.569047
854.569047
854.502400
854.369265
854.169962
853.904967
853.574916
853.180599
852.722963
852.203104
851.622271
851.589365
852.169402
852.688548
853.145557
853.539333
853.868932
854.133564
854.332594
854.465546
854.532102
854.532102
854.465546
854.332594
854.133564
853.868932
853.539333
853.145557
852.688548
852.169402
851.589365
851.556504
852.135746
852.654180
853.110563
853.503800
853.832947
854.097216
854.295973
854.428743
854.495207
854.495207
854.428743
854.295973
854.097216
853.832947
853.503800
853.110563
852.654180
852.135746
851.556504
851.523688
852.102136
852.619860
853.075618
853.468315
853.797011
854.060918
854.259403
854.391991
854.458364
854.458364
854.391991
854.259403
854.060918
853.797011
853.468315
853.075618
852.619860
852.102136
851.523688
851.490916
852.068572
852.585587
853.040720
853.432879
853.761125
854.024670
854.222883
854.355289
854.421571
854.421571
854.355289
854.222883
854.024670
853.761125
853.432879
853.040720
852.585587
852.068572
851.490916
851.458190
852.035054
852.551361
853.005870
853.397492
853.725288
853.988471
854.186413
854.318637
854.384829
854.384829
854.318637
854.186413
853.988471
853.725288
853.397492
853.005870
852.551361
852.035054
851.458190
851.425509
852.001583
852.517182
852.971068
853.362154
853.689500
853.952323
854.149993
854.282037
854.348138
854.348138
854.282037
854.149993
853.952323
853.689500
853.362154
852.971068
852.517182
852.001583
851.425509
851.392872
851.968157
852.483050
852.936314
853.326864
853.653762
853.916224
854.113624
854.245486
854.311497
854.311497
854.245486
854.113624
853.916224
853.653762
853.326864
852.936314
852.483050
851.968157
851.392872
851.360280
851.934777
852.448964
852.901608
853.291622
853.618072
853.880176
854.077304
854.208986
854.274906
854.274906
854.208986
854.077304
853.880176
853.618072
853.291622
852.901608
852.448964
851.934777
851.360280
851.327733
851.901443
852.414926
852.866949
853.256429
853.582432
853.844176
854.041035
854.172536
854.238366
854.238366
854.172536
854.041035
853.844176
853.582432
853.256429
852.866949
852.414926
851.901443
851.327733
851.295230
851.868154
852.380934
852.832338
853.221285
853.546841
853.808226
854.004815
854.136137
854.201876
854.201876
854.136137
854.004815
853.808226
853.546841
853.221285
852.832338
852.380934
851.868154
851.295230
851.262772
851.834911
852.346989
852.797775
853.186188
853.511299
853.772326
853.968646
854.099787
854.165436
854.165436
854.099787
853.968646
853.772326
853.511299
853.186188
852.797775
852.346989
851.834911
851.262772
851.230358
851.801714
852.313090
852.763259
853.151140
853.475805
853.736475
853.932526
854.063487
854.129047
854.129047
854.063487
853.932526
853.736475
853.475805
853.151140
852.763259
852.313090
851.801714
851.230358
851.197989
851.768562
852.279238
852.728790
853.116140
853.440361
853.700673
853.896455
854.027238
854.092707
854.092707
854.027238
853.896455
853.700673
853.440361
853.116140
852.728790
852.279238
851.768562
851.197989
851.165663
851.735456
852.245432
852.694369
853.081189
853.404965
853.664921
853.860435
853.991038
854.056418
854.056418
853.991038
853.860435
853.664921
853.404965
853.081189
852.694369
852.245432
851.735456
851.165663
851.133383
851.702395
852.211673
852.659995
853.046285
853.369617
853.629218
853.824464
853.954888
854.020178
854.020178
853.954888
853.824464
853.629218
853.369617
853.046285
852.659995
852.211673
851.702395
851.133383
851.101146
851.669379
852.177960
852.625668
853.011429
853.334319
853.593564
853.788542
853.918788
853.983989
853.983989
853.918788
853.788542
853.593564
853.334319
853.011429
852.625668
852.177960
851.669379
851.101146
851.068953
851.636409
852.144293
852.591388
852.976621
853.299069
853.557958
853.752670
853.882737
853.947849
853.947849
853.882737
853.752670
853.557958
853.299069
852.976621
852.591388
852.144293
851.636409
851.068953
851.036805
851.603484
852.110673
852.557155
852.941861
853.263867
853.522402
853.716847
853.846737
853.911759
853.911759
853.846737
853.716847
853.522402
853.263867
852.941861
852.557155
852.110673
851.603484
851.036805
851.004701
851.570603
852.077098
852.522970
852.907149
853.228714
853.486895
853.681074
853.810785
853.875719
853.875719
853.810785
853.681074
853.486895
853.228714
852.907149
852.522970
852.077098
851.570603
851.004701
850.972640
851.537768
852.043570
852.488831
852.872484
853.193609
853.451437
853.645349
853.774883
853.839728
853.839728
853.774883
853.645349
853.451437
853.193609
852.872484
852.488831
852.043570
851.537768
850.972640
850.940623
851.504978
852.010088
852.454739
852.837867
853.158552
853.416027
853.609674
853.739031
853.803786
853.803786
853.739031
853.609674
853.416027
853.158552
852.837867
852.454739
852.010088
851.504978
850.940623
850.908651
851.472233
851.976651
852.420694
852.803297
853.123544
853.380666
853.574048
853.703227
853.767894
853.767894
853.703227
853.574048
853.380666
853.123544
852.803297
852.420694
851.976651
851.472233
850.908651
850.876721
851.439533
851.943260
852.386696
852.768775
853.088583
853.345353
853.538471
853.667473
853.732052
853.732052
853.667473
853.538471
853.345353
853.088583
852.768775
852.386696
851.943260
851.439533
850.876721
850.844836
851.406877
851.909916
852.352744
852.734301
853.053671
853.310090
853.502943
853.631769
853.696259
853.696259
853.631769
853.502943
853.310090
853.053671
852.734301
852.352744
851.909916
851.406877
850.844836
850.812994
851.374267
851.876616
852.318839
852.699873
853.018806
853.274874
853.467463
853.596113
853.660515
853.660515
853.596113
853.467463
853.274874
853.018806
852.699873
852.318839
851.876616
851.374267
850.812994
850.781196
851.341700
851.843363
852.284980
852.665493
852.983990
853.239707
853.432033
853.560506
853.624820
853.624820
853.560506
853.432033
853.239707
852.983990
852.665493
852.284980
851.843363
851.341700
850.781196
850.749441
851.309179
851.810155
852.251168
852.631160
852.949221
853.204588
853.396651
853.524948
853.589174
853.589174
853.524948
853.396651
853.204588
852.949221
852.631160
852.251168
851.810155
851.309179
850.749441
850.717730
851.276702
851.776993
852.217402
852.596874
852.914500
853.169518
853.361318
853.489440
853.553577
853.553577
853.489440
853.361318
853.169518
852.914500
852.596874
852.217402
851.776993
851.276702
850.717730
850.686062
851.244269
851.743876
852.183683
852.562636
852.879827
853.134496
853.326033
853.453979
853.518029
853.518029
853.453979
853.326033
853.134496
852.879827
852.562636
852.183683
851.743876
851.244269
850.686062
850.654438
851.211881
851.710804
852.150010
852.528444
852.845201
853.099522
853.290797
853.418568
853.482530
853.482530
853.418568
853.290797
853.099522
852.845201
852.528444
852.150010
851.710804
851.211881
850.654438
850.622856
851.179538
851.677778
852.116382
852.494299
852.810623
853.064595
853.255609
853.383205
853.447080
853.447080
853.383205
853.255609
853.064595
852.810623
852.494299
852.116382
851.677778
851.179538
850.622856
850.591318
851.147238
851.644797
852.082802
852.460201
852.776092
853.029717
853.220469
853.347891
853.411679
853.411679
853.347891
853.220469
853.029717
852.776092
852.460201
852.082802
851.644797
851.147238
850.591318
850.559823
851.114983
851.611861
852.049267
852.426150
852.741609
852.994887
853.185378
853.312626
853.376326
853.376326
853.312626
853.185378
852.994887
852.741609
852.426150
852.049267
851.611861
851.114983
850.559823
850.528371
851.082772
851.578971
852.015778
852.392146
852.707173
852.960105
853.150335
853.277409
853.341022
853.341022
853.277409
853.150335
852.960105
852.707173
852.392146
852.015778
851.578971
851.082772
850.528371
850.496962
851.050605
851.546125
851.982335
852.358188
852.672784
852.925370
853.115340
853.242240
853.305766
853.305766
853.242240
853.115340
852.925370
852.672784
852.358188
851.982335
851.546125
851.050605
850.496962
850.465596
851.018482
851.513324
851.948938
852.324277
852.638443
852.890683
853.080394
853.207120
853.270559
853.270559
853.207120
853.080394
852.890683
852.638443
852.324277
851.948938
851.513324
851.018482
850.465596
850.434273
850.986403
851.480569
851.915586
852.290412
852.604149
852.856044
853.045495
853.172048
853.235400
853.235400
853.172048
853.045495
852.856044
852.604149
852.290412
851.915586
851.480569
850.986403
850.434273
850.402993
850.954367
851.447858
851.882281
852.256594
852.569902
852.821452
853.010644
853.137024
853.200290
853.200290
853.137024
853.010644
852.821452
852.569902
852.256594
851.882281
851.447858
850.954367
850.402993
850.371755
850.922376
851.415192
851.849021
852.222822
852.535701
852.786908
852.975841
853.102048
853.165227
853.165227
853.102048
852.975841
852.786908
852.535701
852.222822
851.849021
851.415192
850.922376
850.371755
850.340560
850.890429
851.382571
851.815806
852.189097
852.501548
852.752411
852.941086
853.067120
853.130213
853.130213
853.067120
852.941086
852.752411
852.501548
852.189097
851.815806
851.382571
850.890429
850.340560
850.309408
850.858525
851.349994
851.782638
852.155418
852.467442
852.717962
852.906378
853.032241
853.095247
853.095247
853.032241
852.906378
852.717962
852.467442
852.155418
851.782638
851.349994
850.858525
850.309408
850.278299
850.826665
851.317462
851.749514
852.121785
852.433382
852.683560
852.871719
852.997409
853.060329
853.060329
852.997409
852.871719
852.683560
852.433382
852.121785
851.749514
851.317462
850.826665
850.278299
850.247231
850.794848
851.284975
851.716436
852.088198
852.399369
852.649205
852.837107
852.962625
853.025459
853.025459
852.962625
852.837107
852.649205
852.399369
852.088198
851.716436
851.284975
850.794848
850.247231
850.216207
850.763075
851.252532
851.683404
852.054657
852.365403
852.614897
852.802542
852.927889
852.990637
852.990637
852.927889
852.802542
852.614897
852.365403
852.054657
851.683404
851.252532
850.763075
850.216207
850.185224
850.731345
851.220133
851.650416
852.021162
852.331483
852.580636
852.768025
852.893200
852.955863
852.955863
852.893200
852.768025
852.580636
852.331483
852.021162
851.650416
851.220133
850.731345
850.185224
850.154284
850.699659
851.187779
851.617474
851.987713
852.297610
852.546423
852.733555
852.858559
852.921136
852.921136
852.858559
852.733555
852.546423
852.297610
851.987713
851.617474
851.187779
850.699659
850.154284
850.123387
850.668016
851.155469
851.584577
851.954310
852.263784
852.512256
852.699132
852.823966
852.886457
852.886457
852.823966
852.699132
852.512256
852.263784
851.954310
851.584577
851.155469
850.668016
850.123387
850.092531
850.636417
851.123204
851.551725
851.920953
852.230003
852.478136
852.664757
852.789420
852.851826
852.851826
852.789420
852.664757
852.478136
852.230003
851.920953
851.551725
851.123204
850.636417
850.092531
850.061718
850.604860
851.090982
851.518918
851.887641
852.196269
852.444063
852.630429
852.754921
852.817242
852.817242
852.754921
852.630429
852.444063
852.196269
851.887641
851.518918
851.090982
850.604860
850.061718
850.030947
850.573347
851.058805
851.486156
851.854375
852.162582
852.410037
852.596148
852.720470
852.782706
852.782706
852.720470
852.596148
852.410037
852.162582
851.854375
851.486156
851.058805
850.573347
850.030947
850.000217
850.541877
851.026672
851.453439
851.821155
852.128940
852.376057
852.561914
852.686066
852.748217
852.748217
852.686066
852.561914
852.376057
852.128940
851.821155
851.453439
851.026672
850.541877
850.000217
849.969530
850.510450
850.994582
851.420766
851.787980
852.095345
852.342124
852.527727
852.651710
852.713775
852.713775
852.651710
852.527727
852.342124
852.095345
851.787980
851.420766
850.994582
850.510450
849.969530
849.938885
850.479066
850.962537
851.388139
851.754851
852.061796
852.308238
852.493587
852.617400
852.679381
852.679381
852.617400
852.493587
852.308238
852.061796
851.754851
851.388139
850.962537
850.479066
849.938885
849.908281
850.447725
850.930535
851.355556
851.721767
852.028293
852.274398
852.459494
852.583138
852.645034
852.645034
852.583138
852.459494
852.274398
852.028293
851.721767
851.355556
850.930535
850.447725
849.908281
849.877720
850.416426
850.898577
851.323017
851.688729
851.994835
852.240604
852.425448
852.548923
852.610734
852.610734
852.548923
852.425448
852.240604
851.994835
851.688729
851.323017
850.898577
850.416426
849.877720
849.847200
850.385171
850.866663
851.290523
851.655735
851.961424
852.206857
852.391448
852.514754
852.576481
852.576481
852.514754
852.391448
852.206857
851.961424
851.655735
851.290523
850.866663
850.385171
849.847200
849.816721
850.353958
850.834793
851.258074
851.622787
851.928058
852.173156
852.357495
852.480633
852.542276
852.542276
852.480633
852.357495
852.173156
851.928058
851.622787
851.258074
850.834793
850.353958
849.816721
849.786285
850.322787
850.802966
851.225669
851.589884
851.894738
852.139502
852.323588
852.446558
852.508117
852.508117
852.446558
852.323588
852.139502
851.894738
851.589884
851.225669
850.802966
850.322787
849.786285
849.755889
850.291660
850.771183
851.193309
851.557026
851.861464
852.105893
852.289728
852.412530
852.474005
852.474005
852.412530
852.289728
852.105893
851.861464
851.557026
851.193309
850.771183
850.291660
849.755889
849.725536
850.260575
850.739443
851.160993
851.524213
851.828235
852.072330
852.255915
852.378549
852.439939
852.439939
852.378549
852.255915
852.072330
851.828235
851.524213
851.160993
850.739443
850.260575
849.725536
849.695224
850.229532
850.707747
851.128721
851.491445
851.795052
852.038814
852.222148
852.344614
852.405921
852.405921
852.344614
852.222148
852.038814
851.795052
851.491445
851.128721
850.707747
850.229532
849.695224
849.664953
850.198532
850.676093
851.096493
851.458722
851.761914
852.005344
852.188427
852.310726
852.371949
852.371949
852.310726
852.188427
852.005344
851.761914
851.458722
851.096493
850.676093
850.198532
849.664953
849.634723
850.167574
850.644484
851.064309
851.426044
851.728822
851.971919
852.154752
852.276885
852.338024
852.338024
852.276885
852.154752
851.971919
851.728822
851.426044
851.064309
850.644484
850.167574
849.634723
849.604535
850.136658
850.612917
851.032169
851.393410
851.695775
851.938540
852.121124
852.243089
852.304145
852.304145
852.243089
852.121124
851.938540
851.695775
851.393410
851.032169
850.612917
850.136658
849.604535
849.574388
850.105785
850.581394
851.000074
851.360822
851.662774
851.905207
852.087541
852.209340
852.270313
852.270313
852.209340
852.087541
851.905207
851.662774
851.360822
851.000074
850.581394
850.105785
849.574388
849.544282
850.074954
850.549913
850.968022
851.328277
851.629817
851.871920
852.054005
852.175638
852.236527
852.236527
852.175638
852.054005
851.871920
851.629817
851.328277
850.968022
850.549913
850.074954
849.544282
849.514217
850.044165
850.518476
850.936014
851.295778
851.596906
851.838678
852.020515
852.141981
852.202787
852.202787
852.141981
852.020515
851.838678
851.596906
851.295778
850.936014
850.518476
850.044165
849.514217
849.484193
850.013418
850.487082
850.904050
851.263323
851.564040
851.805482
851.987070
852.108371
852.169094
852.169094
852.108371
851.987070
851.805482
851.564040
851.263323
850.904050
850.487082
850.013418
849.484193
849.454210
849.982713
850.455731
850.872129
851.230912
851.531219
851.772331
851.953672
852.074807
852.135447
852.135447
852.074807
851.953672
851.772331
851.531219
851.230912
850.872129
850.455731
849.982713
849.454210
849.424268
849.952050
850.424422
850.840253
851.198545
851.498442
851.739226
851.920319
852.041289
852.101846
852.101846
852.041289
851.920319
851.739226
851.498442
851.198545
850.840253
850.424422
849.952050
849.424268
849.394367
849.921429
850.393156
850.808420
851.166223
851.465711
851.706166
851.887012
852.007817
852.068291
852.068291
852.007817
851.887012
851.706166
851.465711
851.166223
850.808420
850.393156
849.921429
849.394367
849.364507
849.890849
850.361933
850.776630
851.133946
851.433025
851.673151
851.853750
851.974390
852.034782
852.034782
851.974390
851.853750
851.673151
851.433025
851.133946
850.776630
850.361933
849.890849
849.364507
849.334687
849.860312
850.330753
850.744884
851.101712
851.400383
851.640182
851.820534
851.941010
852.001319
852.001319
851.941010
851.820534
851.640182
851.400383
851.101712
850.744884
850.330753
849.860312
849.334687
849.304908
849.829816
850.299615
850.713181
851.069522
851.367786
851.607257
851.787364
851.907675
851.967902
851.967902
851.907675
851.787364
851.607257
851.367786
851.069522
850.713181
850.299615
849.829816
849.304908
849.275170
849.799361
850.268520
850.681522
851.037377
851.335233
851.574378
851.754239
851.874386
851.934531
851.934531
851.874386
851.754239
851.574378
851.335233
851.037377
850.681522
850.268520
849.799361
849.275170
849.245472
849.768949
850.237468
850.649906
851.005275
851.302725
851.541544
851.721159
851.841142
851.901206
851.901206
851.841142
851.721159
851.541544
851.302725
851.005275
850.649906
850.237468
849.768949
849.245472
849.215815
849.738578
850.206457
850.618333
850.973218
851.270262
851.508755
851.688125
851.807944
851.867926
851.867926
851.807944
851.688125
851.508755
851.270262
850.973218
850.618333
850.206457
849.738578
849.215815
849.186198
849.708248
850.175490
850.586803
850.941204
851.237843
851.476010
851.655136
851.774792
851.834691
851.834691
851.774792
851.655136
851.476010
851.237843
850.941204
850.586803
850.175490
849.708248
849.186198
849.156621
849.677959
850.144564
850.555317
850.909234
851.205469
851.443311
851.622192
851.741685
851.801503
851.801503
851.741685
851.622192
851.443311
851.205469
850.909234
850.555317
850.144564
849.677959
849.156621
849.127085
849.647712
850.113681
850.523873
850.877308
851.173138
851.410656
851.589294
851.708623
851.768359
851.768359
851.708623
851.589294
851.410656
851.173138
850.877308
850.523873
850.113681
849.647712
849.127085
849.097589
849.617507
850.082840
850.492473
850.845425
851.140852
851.378046
851.556440
851.675607
851.735261
851.735261
851.675607
851.556440
851.378046
851.140852
850.845425
850.492473
850.082840
849.617507
849.097589
849.068134
849.587342
850.052041
850.461115
850.813587
851.108611
851.345481
851.523631
851.642636
851.702209
851.702209
851.642636
851.523631
851.345481
851.108611
850.813587
850.461115
850.052041
849.587342
849.068134
849.038718
849.557219
850.021284
850.429801
850.781791
851.076413
851.312960
851.490868
851.609710
851.669202
851.669202
851.609710
851.490868
851.312960
851.076413
850.781791
850.429801
850.021284
849.557219
849.038718
849.009343
849.527137
849.990569
850.398529
850.750039
851.044259
851.280484
851.458149
851.576829
851.636240
851.636240
851.576829
851.458149
851.280484
851.044259
850.750039
850.398529
849.990569
849.527137
849.009343
848.980007
849.497095
849.959896
850.367299
850.718331
851.012150
851.248052
851.425475
851.543993
851.603323
851.603323
851.543993
851.425475
851.248052
851.012150
850.718331
850.367299
849.959896
849.497095
848.980007
848.950712
849.467095
849.929265
850.336113
850.686666
850.980084
851.215665
851.392846
851.511202
851.570451
851.570451
851.511202
851.392846
851.215665
850.980084
850.686666
850.336113
849.929265
849.467095
848.950712
848.921457
849.437136
849.898675
850.304969
850.655044
850.948062
851.183322
851.360261
851.478456
851.537624
851.537624
851.478456
851.360261
851.183322
850.948062
850.655044
850.304969
849.898675
849.437136
848.921457
848.892241
849.407217
849.868128
850.273868
850.623465
850.916084
851.151023
851.327721
851.445755
851.504842
851.504842
851.445755
851.327721
851.151023
850.916084
850.623465
850.273868
849.868128
849.407217
848.892241
848.863065
849.377340
849.837622
850.242809
850.591930
850.884150
851.118769
851.295225
851.413098
851.472105
851.472105
851.413098
851.295225
851.118769
850.884150
850.591930
850.242809
849.837622
849.377340
848.863065
848.833929
849.347503
849.807158
850.211792
850.560438
850.852259
851.086558
851.262774
851.380487
851.439413
851.439413
851.380487
851.262774
851.086558
850.852259
850.560438
850.211792
849.807158
849.347503
848.833929
848.804833
849.317707
849.776735
850.180818
850.528988
850.820412
851.054392
851.230368
851.347920
851.406766
851.406766
851.347920
851.230368
851.054392
850.820412
850.528988
850.180818
849.776735
849.317707
848.804833
848.775776
849.287951
849.746354
850.149887
850.497582
850.788609
851.022269
851.198006
851.315397
851.374163
851.374163
851.315397
851.198006
851.022269
850.788609
850.497582
850.149887
849.746354
849.287951
848.775776
848.746759
849.258236
849.716015
850.118997
850.466219
850.756849
850.990191
851.165688
851.282919
851.341605
851.341605
851.282919
851.165688
850.990191
850.756849
850.466219
850.118997
849.716015
849.258236
848.746759
848.717781
849.228562
849.685717
850.088150
850.434898
850.725132
850.958156
851.133414
851.250486
851.309091
851.309091
851.250486
851.133414
850.958156
850.725132
850.434898
850.088150
849.685717
849.228562
848.717781
848.688843
849.198928
849.655460
850.057345
850.403621
850.693459
850.926166
851.101184
851.218096
851.276622
851.276622
851.218096
851.101184
850.926166
850.693459
850.403621
850.057345
849.655460
849.198928
848.688843
848.659945
849.169334
849.625244
850.026582
850.372386
850.661829
850.894219
851.068999
851.185752
851.244198
851.244198
851.185752
851.068999
850.894219
850.661829
850.372386
850.026582
849.625244
849.169334
848.659945
848.631085
849.139781
849.595070
849.995861
850.341194
850.630242
850.862315
851.036857
851.153451
851.211818
851.211818
851.153451
851.036857
850.862315
850.630242
850.341194
849.995861
849.595070
849.139781
848.631085
848.602265
849.110268
849.564937
849.965181
850.310044
850.598699
850.830456
851.004760
851.121195
851.179482
851.179482
851.121195
851.004760
850.830456
850.598699
850.310044
849.965181
849.564937
849.110268
848.602265
848.573485
849.080796
849.534845
849.934544
850.278937
850.567199
850.798640
850.972706
851.088982
851.147190
851.147190
851.088982
850.972706
850.798640
850.567199
850.278937
849.934544
849.534845
849.080796
848.573485
848.544743
849.051363
849.504794
849.903949
850.247872
850.535741
850.766867
850.940697
851.056814
851.114943
851.114943
851.056814
850.940697
850.766867
850.535741
850.247872
849.903949
849.504794
849.051363
848.544743
848.516041
849.021971
849.474784
849.873395
850.216850
850.504327
850.735138
850.908731
851.024690
851.082739
851.082739
851.024690
850.908731
850.735138
850.504327
850.216850
849.873395
849.474784
849.021971
848.516041
848.487377
848.992618
849.444815
849.842883
850.185871
850.472956
850.703452
850.876808
850.992610
851.050580
851.050580
850.992610
850.876808
850.703452
850.472956
850.185871
849.842883
849.444815
848.992618
848.487377
848.458753
848.963306
849.414887
849.812413
850.154933
850.441627
850.671810
850.844930
850.960574
851.018465
851.018465
850.960574
850.844930
850.671810
850.441627
850.154933
849.812413
849.414887
848.963306
848.458753
848.430168
848.934034
849.384999
849.781984
850.124038
850.410342
850.640211
850.813095
850.928581
850.986393
850.986393
850.928581
850.813095
850.640211
850.410342
850.124038
849.781984
849.384999
848.934034
848.430168
848.401621
848.904801
849.355153
849.751597
850.093185
850.379099
850.608655
850.781303
850.896632
850.954366
850.954366
850.896632
850.781303
850.608655
850.379099
850.093185
849.751597
849.355153
848.904801
848.401621
848.373113
848.875609
849.325347
849.721252
850.062374
850.347899
850.577142
850.749555
850.864727
850.922382
850.922382
850.864727
850.749555
850.577142
850.347899
850.062374
849.721252
849.325347
848.875609
848.373113
848.344645
848.846456
849.295582
849.690947
850.031605
850.316741
850.545672
850.717851
850.832866
850.890442
850.890442
850.832866
850.717851
850.545672
850.316741
850.031605
849.690947
849.295582
848.846456
848.344645
848.316215
848.817343
849.265857
849.660684
850.000879
850.285626
850.514245
850.686190
850.801048
850.858546
850.858546
850.801048
850.686190
850.514245
850.285626
850.000879
849.660684
849.265857
848.817343
848.316215
848.287823
848.788269
849.236173
849.630463
849.970194
850.254554
850.482862
850.654572
850.769274
850.826693
850.826693
850.769274
850.654572
850.482862
850.254554
849.970194
849.630463
849.236173
848.788269
848.287823
848.259471
848.759235
849.206530
849.600283
849.939551
850.223524
850.451521
850.622997
850.737543
850.794884
850.794884
850.737543
850.622997
850.451521
850.223524
849.939551
849.600283
849.206530
848.759235
848.259471
848.231157
848.730241
849.176927
849.570143
849.908950
850.192536
850.420223
850.591465
850.705855
850.763119
850.763119
850.705855
850.591465
850.420223
850.192536
849.908950
849.570143
849.176927
848.730241
848.231157
848.202881
848.701286
849.147364
849.540045
849.878391
850.161591
850.388967
850.559977
850.674211
850.731397
850.731397
850.674211
850.559977
850.388967
850.161591
849.878391
849.540045
849.147364
848.701286
848.202881
848.174644
848.672371
849.117841
849.509988
849.847873
850.130687
850.357755
850.528532
850.642610
850.699718
850.699718
850.642610
850.528532
850.357755
850.130687
849.847873
849.509988
849.117841
848.672371
848.174644
848.146445
848.643495
849.088359
849.479972
849.817397
850.099827
850.326585
850.497129
850.611053
850.668082
850.668082
850.611053
850.497129
850.326585
850.099827
849.817397
849.479972
849.088359
848.643495
848.146445
848.118285
848.614658
849.058917
849.449997
849.786963
850.069008
850.295457
850.465770
850.579538
850.636490
850.636490
850.579538
850.465770
850.295457
850.069008
849.786963
849.449997
849.058917
848.614658
848.118285
848.090163
848.585861
849.029515
849.420063
849.756570
850.038231
850.264372
850.434453
850.548066
850.604941
850.604941
850.548066
850.434453
850.264372
850.038231
849.756570
849.420063
849.029515
848.585861
848.090163
848.062079
848.557103
849.000153
849.390170
849.726219
850.007497
850.233330
850.403179
850.516638
850.573435
850.573435
850.516638
850.403179
850.233330
850.007497
849.726219
849.390170
849.000153
848.557103
848.062079
848.034034
848.528384
848.970831
849.360317
849.695909
849.976804
850.202330
850.371948
850.485252
850.541972
850.541972
850.485252
850.371948
850.202330
849.976804
849.695909
849.360317
848.970831
848.528384
848.034034
848.006026
848.499704
848.941549
849.330505
849.665641
849.946153
850.171372
850.340759
850.453910
850.510552
850.510552
850.453910
850.340759
850.171372
849.946153
849.665641
849.330505
848.941549
848.499704
848.006026
847.978057
848.471063
848.912307
849.300734
849.635413
849.915544
850.140457
850.309614
850.422610
850.479175
850.479175
850.422610
850.309614
850.140457
849.915544
849.635413
849.300734
848.912307
848.471063
847.978057
847.950126
848.442461
848.883105
849.271004
849.605228
849.884977
850.109584
850.278510
850.391353
850.447841
850.447841
850.391353
850.278510
850.109584
849.884977
849.605228
849.271004
848.883105
848.442461
847.950126
847.922232
848.413898
848.853943
849.241314
849.575083
849.854452
850.078753
850.247449
850.360138
850.416550
850.416550
850.360138
850.247449
850.078753
849.854452
849.575083
849.241314
848.853943
848.413898
847.922232
847.894377
848.385374
848.824820
849.211664
849.544979
849.823968
850.047964
850.216431
850.328966
850.385301
850.385301
850.328966
850.216431
850.047964
849.823968
849.544979
849.211664
848.824820
848.385374
847.894377
847.866560
848.356889
848.795737
849.182055
849.514917
849.793526
850.017217
850.185455
850.297837
850.354096
850.354096
850.297837
850.185455
850.017217
849.793526
849.514917
849.182055
848.795737
848.356889
847.866560
847.838780
848.328442
848.766694
849.152486
849.484895
849.763125
849.986512
850.154521
850.266751
850.322932
850.322932
850.266751
850.154521
849.986512
849.763125
849.484895
849.152486
848.766694
848.328442
847.838780
847.811038
848.300035
848.737690
849.122958
849.454914
849.732766
849.955849
850.123630
850.235706
850.291812
850.291812
850.235706
850.123630
849.955849
849.732766
849.454914
849.122958
848.737690
848.300035
847.811038
847.783334
848.271666
848.708726
849.093469
849.424975
849.702449
849.925228
850.092780
850.204705
850.260734
850.260734
850.204705
850.092780
849.925228
849.702449
849.424975
849.093469
848.708726
848.271666
847.783334
847.755668
848.243335
848.679801
849.064021
849.395076
849.672172
849.894649
850.061973
850.173745
850.229698
850.229698
850.173745
850.061973
849.894649
849.672172
849.395076
849.064021
848.679801
848.243335
847.755668
847.728039
848.215043
848.650916
849.034614
849.365218
849.641938
849.864111
850.031208
850.142828
850.198705
850.198705
850.142828
850.031208
849.864111
849.641938
849.365218
849.034614
848.650916
848.215043
847.728039
847.700448
848.186790
848.622070
849.005246
849.335400
849.611744
849.833615
850.000485
850.111953
850.167754
850.167754
850.111953
850.000485
849.833615
849.611744
849.335400
849.005246
848.622070
848.186790
847.700448
847.672894
848.158575
848.593263
848.975918
849.305624
849.581591
849.803161
849.969804
850.081120
850.136845
850.136845
850.081120
849.969804
849.803161
849.581591
849.305624
848.975918
848.593263
848.158575
847.672894
847.645377
848.130398
848.564496
848.946630
849.275887
849.551480
849.772748
849.939164
850.050330
850.105979
850.105979
850.050330
849.939164
849.772748
849.551480
849.275887
848.946630
848.564496
848.130398
847.645377
847.617899
848.102260
848.535767
848.917382
849.246192
849.521410
849.742377
849.908567
850.019581
850.075154
850.075154
850.019581
849.908567
849.742377
849.521410
849.246192
848.917382
848.535767
848.102260
847.617899
847.590457
848.074160
848.507078
848.888174
849.216537
849.491380
849.712048
849.878011
849.988874
850.044372
850.044372
849.988874
849.878011
849.712048
849.491380
849.216537
848.888174
848.507078
848.074160
847.590457
847.563053
848.046098
848.478428
848.859006
849.186922
849.461392
849.681759
849.847497
849.958209
850.013632
850.013632
849.958209
849.847497
849.681759
849.461392
849.186922
848.859006
848.478428
848.046098
847.563053
847.535686
848.018075
848.449817
848.829877
849.157348
849.431444
849.651512
849.817025
849.927587
849.982934
849.982934
849.927587
849.817025
849.651512
849.431444
849.157348
848.829877
848.449817
848.018075
847.535686
847.508356
847.990089
848.421244
848.800789
849.127814
849.401538
849.621306
849.786594
849.897005
849.952277
849.952277
849.897005
849.786594
849.621306
849.401538
849.127814
848.800789
848.421244
847.990089
847.508356
847.481063
847.962142
848.392711
848.771739
849.098320
849.371672
849.591142
849.756205
849.866466
849.921663
849.921663
849.866466
849.756205
849.591142
849.371672
849.098320
848.771739
848.392711
847.962142
847.481063
847.453808
847.934233
848.364217
848.742730
849.068867
849.341847
849.561018
849.725857
849.835968
849.891090
849.891090
849.835968
849.725857
849.561018
849.341847
849.068867
848.742730
848.364217
847.934233
847.453808
847.426589
847.906361
848.335761
848.713760
849.039453
849.312063
849.530936
849.695550
849.805512
849.860559
849.860559
849.805512
849.695550
849.530936
849.312063
849.039453
848.713760
848.335761
847.906361
847.426589
847.399407
847.878528
848.307344
848.684829
849.010080
849.282319
849.500895
849.665285
849.775098
849.830070
849.830070
849.775098
849.665285
849.500895
849.282319
849.010080
848.684829
848.307344
847.878528
847.399407
847.372263
847.850732
848.278966
848.655938
848.980747
849.252615
849.470894
849.635062
849.744725
849.799622
849.799622
849.744725
849.635062
849.470894
849.252615
848.980747
848.655938
848.278966
847.850732
847.372263
847.345155
847.822974
848.250626
848.627086
848.951453
849.222953
849.440935
849.604879
849.714393
849.769216
849.769216
849.714393
849.604879
849.440935
849.222953
848.951453
848.627086
848.250626
847.822974
847.345155
847.318084
847.795254
848.222325
848.598273
848.922200
849.193330
849.411016
849.574738
849.684103
849.738851
849.738851
849.684103
849.574738
849.411016
849.193330
848.922200
848.598273
848.222325
847.795254
847.318084
847.291050
847.767572
848.194062
848.569500
848.892986
849.163748
849.381139
849.544637
849.653854
849.708528
849.708528
849.653854
849.544637
849.381139
849.163748
848.892986
848.569500
848.194062
847.767572
847.291050
847.264052
847.739927
848.165838
848.540766
848.863813
849.134207
849.351302
849.514578
849.623647
849.678246
849.678246
849.623647
849.514578
849.351302
849.134207
848.863813
848.540766
848.165838
847.739927
847.264052
847.237091
847.712320
848.137652
848.512070
848.834679
849.104705
849.321505
849.484560
849.593480
849.648005
849.648005
849.593480
849.484560
849.321505
849.104705
848.834679
848.512070
848.137652
847.712320
847.237091
847.210167
847.684750
848.109505
848.483414
848.805584
849.075244
849.291750
849.454583
849.563355
849.617806
849.617806
849.563355
849.454583
849.291750
849.075244
848.805584
848.483414
848.109505
847.684750
847.210167
847.183280
847.657218
848.081396
848.454797
848.776530
849.045823
849.262034
849.424646
849.533271
849.587648
849.587648
849.533271
849.424646
849.262034
849.045823
848.776530
848.454797
848.081396
847.657218
847.183280
847.156428
847.629723
848.053325
848.426219
848.747515
849.016442
849.232360
849.394751
849.503228
849.557531
849.557531
849.503228
849.394751
849.232360
849.016442
848.747515
848.426219
848.053325
847.629723
847.156428
847.129614
847.602266
848.025292
848.397680
848.718539
848.987102
849.202726
849.364896
849.473225
849.527455
849.527455
849.473225
849.364896
849.202726
848.987102
848.718539
848.397680
848.025292
847.602266
847.129614
847.102836
847.574846
847.997298
848.369180
848.689603
848.957801
849.173132
849.335082
849.443264
849.497420
849.497420
849.443264
849.335082
849.173132
848.957801
848.689603
848.369180
847.997298
847.574846
847.102836
847.076094
847.547463
847.969341
848.340718
848.660706
848.928540
849.143578
849.305309
849.413344
849.467426
849.467426
849.413344
849.305309
849.143578
848.928540
848.660706
848.340718
847.969341
847.547463
847.076094
847.049388
847.520117
847.941423
848.312296
848.631849
848.899319
849.114065
849.275576
849.383464
849.437473
849.437473
849.383464
849.275576
849.114065
848.899319
848.631849
848.312296
847.941423
847.520117
847.049388
847.022719
847.492809
847.913542
848.283911
848.603031
848.870137
849.084592
849.245883
849.353625
849.407561
849.407561
849.353625
849.245883
849.084592
848.870137
848.603031
848.283911
847.913542
847.492809
847.022719
846.996086
847.465538
847.885700
848.255566
848.574252
848.840996
849.055159
849.216232
849.323827
849.377689
849.377689
849.323827
849.216232
849.055159
848.840996
848.574252
848.255566
847.885700
847.465538
846.996086
846.969489
847.438303
847.857895
848.227259
848.545512
848.811894
849.025767
849.186620
849.294070
849.347859
849.347859
849.294070
849.186620
849.025767
848.811894
848.545512
848.227259
847.857895
847.438303
846.969489
846.942928
847.411106
847.830128
848.198991
848.516812
848.782832
848.996414
849.157049
849.264353
849.318069
849.318069
849.264353
849.157049
848.996414
848.782832
848.516812
848.198991
847.830128
847.411106
846.942928
846.916403
847.383946
847.802399
848.170761
848.488150
848.753809
848.967102
849.127518
849.234676
849.288319
849.288319
849.234676
849.127518
848.967102
848.753809
848.488150
848.170761
847.802399
847.383946
846.916403
846.889914
847.356822
847.774707
848.142569
848.459528
848.724826
848.937829
849.098028
849.205040
849.258610
849.258610
849.205040
849.098028
848.937829
848.724826
848.459528
848.142569
847.774707
847.356822
846.889914
846.863461
847.329736
847.747054
848.114416
848.430945
848.695882
848.908596
849.068578
849.175445
849.228942
849.228942
849.175445
849.068578
848.908596
848.695882
848.430945
848.114416
847.747054
847.329736
846.863461
846.837044
847.302686
847.719437
848.086301
848.402400
848.666978
848.879403
849.039167
849.145889
849.199314
849.199314
849.145889
849.039167
848.879403
848.666978
848.402400
848.086301
847.719437
847.302686
846.837044
846.810663
847.275673
847.691859
848.058224
848.373894
848.638113
848.850250
849.009797
849.116374
849.169727
849.169727
849.116374
849.009797
848.850250
848.638113
848.373894
848.058224
847.691859
847.275673
846.810663
846.784318
847.248696
847.664317
848.030186
848.345427
848.609288
848.821136
848.980467
849.086900
849.140179
849.140179
849.086900
848.980467
848.821136
848.609288
848.345427
848.030186
847.664317
847.248696
846.784318
846.758008
847.221757
847.636814
848.002186
848.316999
848.580501
848.792062
848.951177
849.057465
849.110672
849.110672
849.057465
848.951177
848.792062
848.580501
848.316999
848.002186
847.636814
847.221757
846.758008
846.731734
847.194854
847.609347
847.974224
848.288610
848.551754
848.763028
848.921927
849.028070
849.081206
849.081206
849.028070
848.921927
848.763028
848.551754
848.288610
847.974224
847.609347
847.194854
846.731734
846.705496
847.167987
847.581918
847.946299
848.260259
848.523046
848.734033
848.892716
848.998716
849.051779
849.051779
848.998716
848.892716
848.734033
848.523046
848.260259
847.946299
847.581918
847.167987
846.705496
846.679293
847.141157
847.554526
847.918413
848.231947
848.494377
848.705078
848.863546
848.969401
849.022393
849.022393
848.969401
848.863546
848.705078
848.494377
848.231947
847.918413
847.554526
847.141157
846.679293
846.653126
847.114363
847.527172
847.890565
848.203673
848.465747
848.676162
848.834415
848.940127
848.993046
848.993046
848.940127
848.834415
848.676162
848.465747
848.203673
847.890565
847.527172
847.114363
846.653126
846.626995
847.087606
847.499855
847.862754
848.175438
848.437156
848.647286
848.805324
848.910892
848.963740
848.963740
848.910892
848.805324
848.647286
848.437156
848.175438
847.862754
847.499855
847.087606
846.626995
846.600898
847.060885
847.472574
847.834982
848.147241
848.408604
848.618449
848.776272
848.881697
848.934473
848.934473
848.881697
848.776272
848.618449
848.408604
848.147241
847.834982
847.472574
847.060885
846.600898
846.574838
847.034200
847.445331
847.807247
848.119082
848.380091
848.589651
848.747260
848.852542
848.905246
848.905246
848.852542
848.747260
848.589651
848.380091
848.119082
847.807247
847.445331
847.034200
846.574838
846.548812
847.007552
847.418125
847.779550
848.090962
848.351617
848.560892
848.718287
848.823427
848.876060
848.876060
848.823427
848.718287
848.560892
848.351617
848.090962
847.779550
847.418125
847.007552
846.548812
846.522822
846.980939
847.390956
847.751890
848.062880
848.323181
848.532173
848.689354
848.794351
848.846912
848.846912
848.794351
848.689354
848.532173
848.323181
848.062880
847.751890
847.390956
846.980939
846.522822
846.496867
846.954363
847.363823
847.724268
848.034836
848.294785
848.503492
848.660461
848.765315
848.817805
848.817805
848.765315
848.660461
848.503492
848.294785
848.034836
847.724268
847.363823
846.954363
846.496867
846.470948
846.927823
847.336728
847.696684
848.006831
848.266426
848.474851
848.631606
848.736319
848.788737
848.788737
848.736319
848.631606
848.474851
848.266426
848.006831
847.696684
847.336728
846.927823
846.470948
846.445063
846.901319
847.309669
847.669137
847.978863
848.238107
848.446248
848.602791
848.707361
848.759709
848.759709
848.707361
848.602791
848.446248
848.238107
847.978863
847.669137
847.309669
846.901319
846.445063
846.419214
846.874851
847.282647
847.641628
847.950934
848.209825
848.417685
848.574016
848.678444
848.730720
848.730720
848.678444
848.574016
848.417685
848.209825
847.950934
847.641628
847.282647
846.874851
846.419214
846.393399
846.848419
847.255662
847.614156
847.923042
848.181583
848.389160
848.545279
848.649565
848.701771
848.701771
848.649565
848.545279
848.389160
848.181583
847.923042
847.614156
847.255662
846.848419
846.393399
846.367620
846.822022
847.228714
847.586721
847.895188
848.153379
848.360675
848.516581
848.620726
848.672861
848.672861
848.620726
848.516581
848.360675
848.153379
847.895188
847.586721
847.228714
846.822022
846.367620
846.341875
846.795662
847.201802
847.559324
847.867373
848.125213
848.332228
848.487923
848.591927
848.643991
848.643991
848.591927
848.487923
848.332228
848.125213
847.867373
847.559324
847.201802
846.795662
846.341875
846.316166
846.769337
847.174926
847.531963
847.839595
848.097085
848.303819
848.459303
848.563166
848.615160
848.615160
848.563166
848.459303
848.303819
848.097085
847.839595
847.531963
847.174926
846.769337
846.316166
846.290491
846.743048
847.148087
847.504640
847.811855
848.068996
848.275450
848.430723
848.534445
848.586368
848.586368
848.534445
848.430723
848.275450
848.068996
847.811855
847.504640
847.148087
846.743048
846.290491
846.264851
846.716795
847.121285
847.477354
847.784152
848.040945
848.247119
848.402181
848.505763
848.557615
848.557615
848.505763
848.402181
848.247119
848.040945
847.784152
847.477354
847.121285
846.716795
846.264851
846.239246
846.690577
847.094519
847.450106
847.756487
848.012932
848.218826
848.373679
848.477119
848.528902
848.528902
848.477119
848.373679
848.218826
848.012932
847.756487
847.450106
847.094519
846.690577
846.239246
846.213676
846.664395
847.067789
847.422894
847.728860
847.984957
848.190572
848.345215
848.448515
848.500227
848.500227
848.448515
848.345215
848.190572
847.984957
847.728860
847.422894
847.067789
846.664395
846.213676
846.188140
846.638248
847.041095
847.395719
847.701271
847.957020
848.162356
848.316789
848.419950
848.471592
848.471592
848.419950
848.316789
848.162356
847.957020
847.701271
847.395719
847.041095
846.638248
846.188140
846.162639
846.612137
847.014438
847.368581
847.673718
847.929121
848.134179
848.288403
848.391423
848.442995
848.442995
848.391423
848.288403
848.134179
847.929121
847.673718
847.368581
847.014438
846.612137
846.162639
846.137172
846.586061
846.987817
847.341480
847.646204
847.901260
848.106040
848.260055
848.362936
848.414438
848.414438
848.362936
848.260055
848.106040
847.901260
847.646204
847.341480
846.987817
846.586061
846.137172
846.111740
846.560021
846.961232
847.314416
847.618726
847.873437
848.077940
848.231745
848.334487
848.385919
848.385919
848.334487
848.231745
848.077940
847.873437
847.618726
847.314416
846.961232
846.560021
846.111740
846.086342
846.534015
846.934683
847.287388
847.591286
847.845652
848.049877
848.203474
848.306077
848.357439
848.357439
848.306077
848.203474
848.049877
847.845652
847.591286
847.287388
846.934683
846.534015
846.086342
846.060979
846.508046
846.908171
847.260397
847.563884
847.817905
848.021853
848.175242
848.277705
848.328998
848.328998
848.277705
848.175242
848.021853
847.817905
847.563884
847.260397
846.908171
846.508046
846.060979
846.035650
846.482111
846.881694
847.233443
847.536518
847.790195
847.993867
848.147048
848.249372
848.300596
848.300596
848.249372
848.147048
847.993867
847.790195
847.536518
847.233443
846.881694
846.482111
846.035650
846.010356
846.456212
846.855253
847.206526
847.509190
847.762523
847.965919
848.118892
848.221078
848.272232
848.272232
848.221078
848.118892
847.965919
847.762523
847.509190
847.206526
846.855253
846.456212
846.010356
845.985095
846.430347
846.828848
847.179645
847.481899
847.734888
847.938009
848.090775
848.192822
848.243907
848.243907
848.192822
848.090775
847.938009
847.734888
847.481899
847.179645
846.828848
846.430347
845.985095
845.959869
846.404518
846.802479
847.152800
847.454645
847.707292
847.910137
848.062696
848.164605
848.215620
848.215620
848.164605
848.062696
847.910137
847.707292
847.454645
847.152800
846.802479
846.404518
845.959869
845.934678
846.378724
846.776145
847.125992
847.427428
847.679732
847.882302
848.034655
848.136425
848.187372
848.187372
848.136425
848.034655
847.882302
847.679732
847.427428
847.125992
846.776145
846.378724
845.934678
845.909520
846.352964
846.749848
847.099221
847.400248
847.652210
847.854506
848.006652
848.108285
848.159162
848.159162
848.108285
848.006652
847.854506
847.652210
847.400248
847.099221
846.749848
846.352964
845.909520
845.884396
846.327240
846.723586
847.072485
847.373105
847.624726
847.826747
847.978687
848.080182
848.130990
848.130990
848.080182
847.978687
847.826747
847.624726
847.373105
847.072485
846.723586
846.327240
845.884396
845.859306
846.301551
846.697359
847.045786
847.345998
847.597279
847.799027
847.950760
848.052118
848.102857
848.102857
848.052118
847.950760
847.799027
847.597279
847.345998
847.045786
846.697359
846.301551
845.859306
845.834251
846.275896
846.671169
847.019124
847.318929
847.569869
847.771343
847.922872
848.024092
848.074762
848.074762
848.024092
847.922872
847.771343
847.569869
847.318929
847.019124
846.671169
846.275896
845.834251
845.809229
846.250276
846.645013
846.992497
847.291896
847.542496
847.743698
847.895021
847.996104
848.046706
848.046706
847.996104
847.895021
847.743698
847.542496
847.291896
846.992497
846.645013
846.250276
845.809229
845.784241
846.224691
846.618894
846.965907
847.264900
847.515161
847.716090
847.867208
847.968154
848.018687
848.018687
847.968154
847.867208
847.716090
847.515161
847.264900
846.965907
846.618894
846.224691
845.784241
845.759287
846.199140
846.592809
846.939352
847.237941
847.487862
847.688519
847.839433
847.940242
847.990707
847.990707
847.940242
847.839433
847.688519
847.487862
847.237941
846.939352
846.592809
846.199140
845.759287
845.734367
846.173625
846.566760
846.912834
847.211018
847.460601
847.660986
847.811695
847.912368
847.962765
847.962765
847.912368
847.811695
847.660986
847.460601
847.211018
846.912834
846.566760
846.173625
845.734367
845.709480
846.148143
846.540747
846.886352
847.184132
847.433377
847.633491
847.783995
847.884532
847.934860
847.934860
847.884532
847.783995
847.633491
847.433377
847.184132
846.886352
846.540747
846.148143
845.709480
845.684627
846.122696
846.514768
846.859905
847.157282
847.406190
847.606032
847.756333
847.856734
847.906994
847.906994
847.856734
847.756333
847.606032
847.406190
847.157282
846.859905
846.514768
846.122696
845.684627
845.659808
846.097284
846.488825
846.833495
847.130469
847.379039
847.578611
847.728709
847.828973
847.879165
847.879165
847.828973
847.728709
847.578611
847.379039
847.130469
846.833495
846.488825
846.097284
845.659808
845.635023
846.071906
846.462917
846.807120
847.103692
847.351926
847.551228
847.701122
847.801250
847.851374
847.851374
847.801250
847.701122
847.551228
847.351926
847.103692
846.807120
846.462917
846.071906
845.635023
845.610271
846.046563
846.437044
846.780781
847.076952
847.324849
847.523881
847.673572
847.773565
847.823622
847.823622
847.773565
847.673572
847.523881
847.324849
847.076952
846.780781
846.437044
846.046563
845.610271
845.585552
846.021254
846.411206
846.754478
847.050248
847.297810
847.496572
847.646060
847.745918
847.795906
847.795906
847.745918
847.646060
847.496572
847.297810
847.050248
846.754478
846.411206
846.021254
845.585552
845.560867
845.995979
846.385404
846.728211
847.023580
847.270806
847.469300
847.618586
847.718308
847.768229
847.768229
847.718308
847.618586
847.469300
847.270806
847.023580
846.728211
846.385404
845.995979
845.560867
845.536216
845.970738
846.359636
846.701979
846.996948
847.243840
847.442065
847.591148
847.690736
847.740589
847.740589
847.690736
847.591148
847.442065
847.243840
846.996948
846.701979
846.359636
845.970738
845.536216
845.511597
845.945532
846.333903
846.675782
846.970353
847.216910
847.414866
847.563748
847.663201
847.712986
847.712986
847.663201
847.563748
847.414866
847.216910
846.970353
846.675782
846.333903
845.945532
845.511597
845.487012
845.920360
846.308205
846.649622
846.943793
847.190017
847.387705
847.536385
847.635703
847.685422
847.685422
847.635703
847.536385
847.387705
847.190017
846.943793
846.649622
846.308205
845.920360
845.487012
845.462461
845.895222
846.282542
846.623496
846.917270
847.163160
847.360581
847.509060
847.608243
847.657894
847.657894
847.608243
847.509060
847.360581
847.163160
846.917270
846.623496
846.282542
845.895222
845.462461
845.437942
845.870117
846.256914
846.597407
846.890782
847.136340
847.333493
847.481771
847.580820
847.630404
847.630404
847.580820
847.481771
847.333493
847.136340
846.890782
846.597407
846.256914
845.870117
845.437942
845.413457
845.845047
846.231320
846.571352
846.864331
847.109556
847.306442
847.454520
847.553435
847.602951
847.602951
847.553435
847.454520
847.306442
847.109556
846.864331
846.571352
846.231320
845.845047
845.413457
845.389005
845.820011
846.205761
846.545333
846.837915
847.082809
847.279428
847.427305
847.526086
847.575536
847.575536
847.526086
847.427305
847.279428
847.082809
846.837915
846.545333
846.205761
845.820011
845.389005
845.364586
845.795009
846.180237
846.519349
846.811535
847.056097
847.252451
847.400128
847.498775
847.548158
847.548158
847.498775
847.400128
847.252451
847.056097
846.811535
846.519349
846.180237
845.795009
845.364586
845.340200
845.770040
846.154747
846.493401
846.785191
847.029422
847.225510
847.372987
847.471501
847.520817
847.520817
847.471501
847.372987
847.225510
847.029422
846.785191
846.493401
846.154747
845.770040
845.340200
845.315847
845.745106
846.129292
846.467487
846.758883
847.002784
847.198606
847.345884
847.444264
847.493513
847.493513
847.444264
847.345884
847.198606
847.002784
846.758883
846.467487
846.129292
845.745106
845.315847
845.291526
845.720205
846.103872
846.441609
846.732611
846.976181
847.171739
847.318817
847.417064
847.466246
847.466246
847.417064
847.318817
847.171739
846.976181
846.732611
846.441609
846.103872
845.720205
845.291526
845.267239
845.695338
846.078485
846.415766
846.706374
846.949614
847.144907
847.291786
847.389901
847.439017
847.439017
847.389901
847.291786
847.144907
846.949614
846.706374
846.415766
846.078485
845.695338
845.267239
845.242985
845.670504
846.053134
846.389958
846.680172
846.923084
847.118113
847.264793
847.362775
847.411824
847.411824
847.362775
847.264793
847.118113
846.923084
846.680172
846.389958
846.053134
845.670504
845.242985
845.218763
845.645705
846.027816
846.364185
846.654007
846.896590
847.091354
847.237836
847.335685
847.384668
847.384668
847.335685
847.237836
847.091354
846.896590
846.654007
846.364185
846.027816
845.645705
845.218763
845.194575
845.620938
846.002533
846.338447
846.627876
846.870131
847.064632
847.210916
847.308633
847.357549
847.357549
847.308633
847.210916
847.064632
846.870131
846.627876
846.338447
846.002533
845.620938
845.194575
845.170419
845.596206
845.977284
846.312743
846.601781
846.843708
847.037947
847.184032
847.281617
847.330467
847.330467
847.281617
847.184032
847.037947
846.843708
846.601781
846.312743
845.977284
845.596206
845.170419
845.146295
845.571506
845.952069
846.287075
846.575722
846.817322
847.011297
847.157185
847.254638
847.303422
847.303422
847.254638
847.157185
847.011297
846.817322
846.575722
846.287075
845.952069
845.571506
845.146295
845.122204
845.546840
845.926889
846.261441
846.549698
846.790971
846.984684
847.130374
847.227695
847.276413
847.276413
847.227695
847.130374
846.984684
846.790971
846.549698
846.261441
845.926889
845.546840
845.122204
845.098146
845.522208
845.901742
846.235842
846.523709
846.764655
846.958106
847.103600
847.200789
847.249441
847.249441
847.200789
847.103600
846.958106
846.764655
846.523709
846.235842
845.901742
845.522208
845.098146
845.074120
845.497609
845.876630
846.210278
846.497755
846.738376
846.931565
847.076862
847.173919
847.222506
847.222506
847.173919
847.076862
846.931565
846.738376
846.497755
846.210278
845.876630
845.497609
845.074120
845.050127
845.473043
845.851552
846.184748
846.471837
846.712132
846.905060
847.050160
847.147086
847.195607
847.195607
847.147086
847.050160
846.905060
846.712132
846.471837
846.184748
845.851552
845.473043
845.050127
845.026167
845.448510
845.826507
846.159253
846.445954
846.685924
846.878591
847.023495
847.120290
847.168745
847.168745
847.120290
847.023495
846.878591
846.685924
846.445954
846.159253
845.826507
845.448510
845.026167
845.002238
845.424011
845.801497
846.133793
846.420105
846.659751
846.852157
846.996865
847.093530
847.141919
847.141919
847.093530
846.996865
846.852157
846.659751
846.420105
846.133793
845.801497
845.424011
845.002238
844.978342
845.399545
845.776520
846.108367
846.394292
846.633614
846.825760
846.970272
847.066806
847.115130
847.115130
847.066806
846.970272
846.825760
846.633614
846.394292
846.108367
845.776520
845.399545
844.978342
844.954479
845.375112
845.751577
846.082975
846.368514
846.607512
846.799398
846.943715
847.040118
847.088377
847.088377
847.040118
846.943715
846.799398
846.607512
846.368514
846.082975
845.751577
845.375112
844.954479
844.930647
845.350712
845.726668
846.057618
846.342771
846.581446
846.773072
846.917194
847.013467
847.061660
847.061660
847.013467
846.917194
846.773072
846.581446
846.342771
846.057618
845.726668
845.350712
844.930647
844.906848
845.326345
845.701793
846.032295
846.317063
846.555415
846.746782
846.890709
846.986851
847.034980
847.034980
846.986851
846.890709
846.746782
846.555415
846.317063
846.032295
845.701793
845.326345
844.906848
844.883081
845.302010
845.676951
846.007007
846.291389
846.529419
846.720528
846.864260
846.960272
847.008336
847.008336
846.960272
846.864260
846.720528
846.529419
846.291389
846.007007
845.676951
845.302010
844.883081
844.859346
845.277709
845.652143
845.981753
846.265750
846.503458
846.694309
846.837847
846.933729
846.981728
846.981728
846.933729
846.837847
846.694309
846.503458
846.265750
845.981753
845.652143
845.277709
844.859346
844.835643
845.253441
845.627369
845.956533
846.240146
846.477533
846.668125
846.811469
846.907222
846.955156
846.955156
846.907222
846.811469
846.668125
846.477533
846.240146
845.956533
845.627369
845.253441
844.835643
844.811972
845.229206
845.602628
845.931347
846.214577
846.451643
846.641978
846.785128
846.880751
846.928620
846.928620
846.880751
846.785128
846.641978
846.451643
846.214577
845.931347
845.602628
845.229206
844.811972
844.788333
845.205003
845.577920
845.906195
846.189043
846.425788
846.615865
846.758822
846.854316
846.902120
846.902120
846.854316
846.758822
846.615865
846.425788
846.189043
845.906195
845.577920
845.205003
844.788333
844.764727
845.180833
845.553246
845.881077
846.163542
846.399968
846.589788
846.732551
846.827917
846.875656
846.875656
846.827917
846.732551
846.589788
846.399968
846.163542
845.881077
845.553246
845.180833
844.764727
844.741152
845.156696
845.528606
845.855994
846.138077
846.374183
846.563747
846.706317
846.801553
846.849228
846.849228
846.801553
846.706317
846.563747
846.374183
846.138077
845.855994
845.528606
845.156696
844.741152
844.717609
845.132591
845.503999
845.830944
846.112646
846.348432
846.537740
846.680118
846.775225
846.822836
846.822836
846.775225
846.680118
846.537740
846.348432
846.112646
845.830944
845.503999
845.132591
844.717609
844.694097
845.108519
845.479425
845.805928
846.087250
846.322717
846.511769
846.653954
846.748933
846.796479
846.796479
846.748933
846.653954
846.511769
846.322717
846.087250
845.805928
845.479425
845.108519
844.694097
844.670618
845.084479
845.454884
845.780946
846.061887
846.297037
846.485833
846.627826
846.722677
846.770159
846.770159
846.722677
846.627826
846.485833
846.297037
846.061887
845.780946
845.454884
845.084479
844.670618
844.647170
845.060472
845.430376
845.755998
846.036560
846.271391
846.459933
846.601734
846.696456
846.743874
846.743874
846.696456
846.601734
846.459933
846.271391
846.036560
845.755998
845.430376
845.060472
844.647170
844.623754
845.036498
845.405902
845.731084
846.011266
846.245781
846.434067
846.575676
846.670271
846.717624
846.717624
846.670271
846.575676
846.434067
846.245781
846.011266
845.731084
845.405902
845.036498
844.623754
844.600369
845.012556
845.381461
845.706203
845.986007
846.220205
846.408237
846.549655
846.644121
846.691411
846.691411
846.644121
846.549655
846.408237
846.220205
845.986007
845.706203
845.381461
845.012556
844.600369
844.577016
844.988646
845.357053
845.681356
845.960782
846.194663
846.382441
846.523668
846.618007
846.665232
846.665232
846.618007
846.523668
846.382441
846.194663
845.960782
845.681356
845.357053
844.988646
844.577016
844.553695
844.964769
845.332678
845.656543
845.935591
846.169156
846.356681
846.497717
846.591928
846.639090
846.639090
846.591928
846.497717
846.356681
846.169156
845.935591
845.656543
845.332678
844.964769
844.553695
844.530405
844.940923
845.308335
845.631763
845.910435
846.143684
846.330955
846.471800
846.565884
846.612983
846.612983
846.565884
846.471800
846.330955
846.143684
845.910435
845.631763
845.308335
844.940923
844.530405
844.507147
844.917111
845.284026
845.607017
845.885312
846.118246
846.305264
846.445919
846.539876
846.586911
846.586911
846.539876
846.445919
846.305264
846.118246
845.885312
845.607017
845.284026
844.917111
844.507147
844.483920
844.893330
845.259750
845.582305
845.860223
846.092843
846.279608
846.420073
846.513903
846.560874
846.560874
846.513903
846.420073
846.279608
846.092843
845.860223
845.582305
845.259750
844.893330
844.483920
844.460724
844.869581
845.235506
845.557625
845.835169
846.067474
846.253987
846.394262
846.487966
846.534873
846.534873
846.487966
846.394262
846.253987
846.067474
845.835169
845.557625
845.235506
844.869581
844.460724
844.437560
844.845865
845.211296
845.532980
845.810148
846.042140
846.228401
846.368486
846.462063
846.508907
846.508907
846.462063
846.368486
846.228401
846.042140
845.810148
845.532980
845.211296
844.845865
844.437560
844.414427
844.822180
845.187118
845.508367
845.785161
846.016839
846.202849
846.342745
846.436196
846.482976
846.482976
846.436196
846.342745
846.202849
846.016839
845.785161
845.508367
845.187118
844.822180
844.414427
844.391325
844.798528
845.162972
845.483788
845.760208
845.991574
846.177332
846.317039
846.410363
846.457081
846.457081
846.410363
846.317039
846.177332
845.991574
845.760208
845.483788
845.162972
844.798528
844.391325
844.368254
844.774907
845.138860
845.459242
845.735289
845.966342
846.151849
846.291368
846.384566
846.431220
846.431220
846.384566
846.291368
846.151849
845.966342
845.735289
845.459242
845.138860
844.774907
844.368254
844.345215
844.751319
845.114780
845.434729
845.710404
845.941144
846.126401
846.265731
846.358803
846.405395
846.405395
846.358803
846.265731
846.126401
845.941144
845.710404
845.434729
845.114780
844.751319
844.345215
844.322207
844.727762
845.090732
845.410250
845.685552
845.915981
846.100987
846.240130
846.333076
846.379604
846.379604
846.333076
846.240130
846.100987
845.915981
845.685552
845.410250
845.090732
844.727762
844.322207
844.299229
844.704237
845.066717
845.385804
845.660734
845.890852
846.075608
846.214562
846.307383
846.353849
846.353849
846.307383
846.214562
846.075608
845.890852
845.660734
845.385804
845.066717
844.704237
844.299229
844.276283
844.680744
845.042735
845.361390
845.635949
845.865756
846.050263
846.189030
846.281725
846.328128
846.328128
846.281725
846.189030
846.050263
845.865756
845.635949
845.361390
845.042735
844.680744
844.276283
844.253368
844.657283
845.018785
845.337010
845.611198
845.840695
846.024953
846.163532
846.256102
846.302443
846.302443
846.256102
846.163532
846.024953
845.840695
845.611198
845.337010
845.018785
844.657283
844.253368
844.230483
844.633853
844.994867
845.312663
845.586481
845.815667
845.999677
846.138069
846.230514
846.276792
846.276792
846.230514
846.138069
845.999677
845.815667
845.586481
845.312663
844.994867
844.633853
844.230483
844.207630
844.610455
844.970982
845.288348
845.561796
845.790674
845.974435
846.112640
846.204960
846.251176
846.251176
846.204960
846.112640
845.974435
845.790674
845.561796
845.288348
844.970982
844.610455
844.207630
844.184807
844.587089
844.947129
845.264067
845.537146
845.765714
845.949227
846.087245
846.179441
846.225594
846.225594
846.179441
846.087245
845.949227
845.765714
845.537146
845.264067
844.947129
844.587089
844.184807
844.162015
844.563754
844.923308
845.239818
845.512529
845.740788
845.924053
846.061885
846.153957
846.200047
846.200047
846.153957
846.061885
845.924053
845.740788
845.512529
845.239818
844.923308
844.563754
844.162015
844.139254
844.540451
844.899520
845.215602
845.487945
845.715896
845.898914
846.036560
846.128507
846.174535
846.174535
846.128507
846.036560
845.898914
845.715896
845.487945
845.215602
844.899520
844.540451
844.139254
844.116524
844.517179
844.875763
845.191419
845.463394
845.691038
845.873808
846.011268
846.103091
846.149057
846.149057
846.103091
846.011268
845.873808
845.691038
845.463394
845.191419
844.875763
844.517179
844.116524
844.093824
844.493939
844.852039
845.167269
845.438876
845.666213
845.848736
845.986011
846.077710
846.123614
846.123614
846.077710
845.986011
845.848736
845.666213
845.438876
845.167269
844.852039
844.493939
844.093824
844.071155
844.470730
844.828346
845.143151
845.414392
845.641422
845.823699
845.960788
846.052364
846.098206
846.098206
846.052364
845.960788
845.823699
845.641422
845.414392
845.143151
844.828346
844.470730
844.071155
844.048517
844.447552
844.804686
845.119066
845.389941
845.616664
845.798695
845.935600
846.027051
846.072831
846.072831
846.027051
845.935600
845.798695
845.616664
845.389941
845.119066
844.804686
844.447552
844.048517
844.025909
844.424406
844.781058
845.095013
845.365523
845.591940
845.773725
845.910445
846.001773
846.047492
846.047492
846.001773
845.910445
845.773725
845.591940
845.365523
845.095013
844.781058
844.424406
844.025909
844.003332
844.401291
844.757462
845.070993
845.341137
845.567249
845.748789
845.885324
845.976529
846.022186
846.022186
845.976529
845.885324
845.748789
845.567249
845.341137
845.070993
844.757462
844.401291
844.003332
843.980785
844.378207
844.733897
845.047006
845.316785
845.542592
845.723887
845.860238
845.951320
845.996915
845.996915
845.951320
845.860238
845.723887
845.542592
845.316785
845.047006
844.733897
844.378207
843.980785
843.958268
844.355154
844.710364
845.023051
845.292466
845.517968
845.699018
845.835185
845.926144
845.971678
845.971678
845.926144
845.835185
845.699018
845.517968
845.292466
845.023051
844.710364
844.355154
843.958268
843.935782
844.332133
844.686864
844.999128
845.268180
845.493377
845.674183
845.810167
845.901003
845.946475
845.946475
845.901003
845.810167
845.674183
845.493377
845.268180
844.999128
844.686864
844.332133
843.935782
843.913326
844.309142
844.663395
844.975237
845.243926
845.468820
845.649382
845.785182
845.875895
845.921306
845.921306
845.875895
845.785182
845.649382
845.468820
845.243926
844.975237
844.663395
844.309142
843.913326
843.890901
844.286183
844.639957
844.951379
845.219706
845.444296
845.624614
845.760231
845.850822
845.896171
845.896171
845.850822
845.760231
845.624614
845.444296
845.219706
844.951379
844.639957
844.286183
843.890901
843.868506
844.263254
844.616551
844.927553
845.195518
845.419805
845.599880
845.735314
845.825782
845.871071
845.871071
845.825782
845.735314
845.599880
845.419805
845.195518
844.927553
844.616551
844.263254
843.868506
843.846141
844.240357
844.593177
844.903760
845.171363
845.395347
845.575179
845.710430
845.800777
845.846004
845.846004
845.800777
845.710430
845.575179
845.395347
845.171363
844.903760
844.593177
844.240357
843.846141
843.823806
844.217490
844.569835
844.879998
845.147240
845.370923
845.550512
845.685580
845.775805
845.820971
845.820971
845.775805
845.685580
845.550512
845.370923
845.147240
844.879998
844.569835
844.217490
843.823806
843.801501
844.194654
844.546524
844.856269
845.123150
845.346531
845.525878
845.660764
845.750867
845.795972
845.795972
845.750867
845.660764
845.525878
845.346531
845.123150
844.856269
844.546524
844.194654
843.801501
843.779226
844.171850
844.523244
844.832572
845.099093
845.322172
845.501277
845.635981
845.725963
845.771007
845.771007
845.725963
845.635981
845.501277
845.322172
845.099093
844.832572
844.523244
844.171850
843.779226
843.756982
844.149075
844.499996
844.808906
845.075068
845.297846
845.476710
845.611232
845.701092
845.746076
845.746076
845.701092
845.611232
845.476710
845.297846
845.075068
844.808906
844.499996
844.149075
843.756982
843.734767
844.126332
844.476780
844.785273
845.051076
845.273554
845.452176
845.586517
845.676256
845.721179
845.721179
845.676256
845.586517
845.452176
845.273554
845.051076
844.785273
844.476780
844.126332
843.734767
843.712582
844.103619
844.453594
844.761671
845.027116
845.249294
845.427675
845.561835
845.651452
845.696315
845.696315
845.651452
845.561835
845.427675
845.249294
845.027116
844.761671
844.453594
844.103619
843.712582
843.690428
844.080937
844.430440
844.738102
845.003188
845.225066
845.403207
845.537186
845.626683
845.671485
845.671485
845.626683
845.537186
845.403207
845.225066
845.003188
844.738102
844.430440
844.080937
843.690428
843.668303
844.058286
844.407317
844.714564
844.979293
845.200872
845.378773
845.512570
845.601947
845.646688
845.646688
845.601947
845.512570
845.378773
845.200872
844.979293
844.714564
844.407317
844.058286
843.668303
843.646208
844.035665
844.384226
844.691058
844.955430
845.176710
845.354371
845.487988
845.577244
845.621925
845.621925
845.577244
845.487988
845.354371
845.176710
844.955430
844.691058
844.384226
844.035665
843.646208
843.624142
844.013075
844.361166
844.667584
844.931600
845.152581
845.330002
845.463440
845.552575
845.597196
845.597196
845.552575
845.463440
845.330002
845.152581
844.931600
844.667584
844.361166
844.013075
843.624142
843.602107
843.990515
844.338136
844.644142
844.907801
845.128485
845.305667
845.438924
845.527939
845.572500
845.572500
845.527939
845.438924
845.305667
845.128485
844.907801
844.644142
844.338136
843.990515
843.602107
843.580101
843.967985
844.315138
844.620731
844.884035
845.104421
845.281364
845.414441
845.503336
845.547837
845.547837
845.503336
845.414441
845.281364
845.104421
844.884035
844.620731
844.315138
843.967985
843.580101
843.558125
843.945486
844.292171
844.597352
844.860301
845.080390
845.257094
845.389992
845.478767
845.523208
845.523208
845.478767
845.389992
845.257094
845.080390
844.860301
844.597352
844.292171
843.945486
843.558125
843.536178
843.923017
844.269235
844.574005
844.836599
845.056391
845.232857
845.365576
845.454231
845.498612
845.498612
845.454231
845.365576
845.232857
845.056391
844.836599
844.574005
844.269235
843.923017
843.536178
843.514261
843.900579
844.246330
844.550689
844.812929
845.032425
845.208653
845.341193
845.429728
845.474049
845.474049
845.429728
845.341193
845.208653
845.032425
844.812929
844.550689
844.246330
843.900579
843.514261
843.492374
843.878171
844.223456
844.527404
844.789291
845.008491
845.184481
845.316842
845.405259
845.449520
845.449520
845.405259
845.316842
845.184481
845.008491
844.789291
844.527404
844.223456
843.878171
843.492374
843.470516
843.855793
844.200612
844.504151
844.765685
844.984589
845.160342
845.292525
845.380822
845.425024
845.425024
845.380822
845.292525
845.160342
844.984589
844.765685
844.504151
844.200612
843.855793
843.470516
843.448688
843.833445
844.177800
844.480929
844.742110
844.960720
845.136236
845.268240
845.356419
845.400560
845.400560
845.356419
845.268240
845.136236
844.960720
844.742110
844.480929
844.177800
843.833445
843.448688
843.426889
843.811128
844.155018
844.457739
844.718568
844.936883
845.112162
845.243989
845.332048
845.376130
845.376130
845.332048
845.243989
845.112162
844.936883
844.718568
844.457739
844.155018
843.811128
843.426889
843.405119
843.788840
844.132267
844.434580
844.695057
844.913078
845.088121
845.219770
845.307711
845.351734
845.351734
845.307711
845.219770
845.088121
844.913078
844.695057
844.434580
844.132267
843.788840
843.405119
843.383379
843.766583
844.109547
844.411452
844.671579
844.889305
845.064112
845.195584
845.283406
845.327370
845.327370
845.283406
845.195584
845.064112
844.889305
844.671579
844.411452
844.109547
843.766583
843.383379
843.361668
843.744355
844.086857
844.388356
844.648132
844.865565
845.040136
845.171431
845.259134
845.303039
845.303039
845.259134
845.171431
845.040136
844.865565
844.648132
844.388356
844.086857
843.744355
843.361668
843.339986
843.722158
844.064198
844.365291
844.624716
844.841856
845.016193
845.147310
845.234895
845.278740
845.278740
845.234895
845.147310
845.016193
844.841856
844.624716
844.365291
844.064198
843.722158
843.339986
843.318333
843.699990
844.041570
844.342256
844.601332
844.818180
844.992281
845.123222
845.210689
845.254475
845.254475
845.210689
845.123222
844.992281
844.818180
844.601332
844.342256
844.041570
843.699990
843.318333
843.296710
843.677853
844.018972
844.319253
844.577980
844.794535
844.968402
845.099166
845.186516
845.230243
845.230243
845.186516
845.099166
844.968402
844.794535
844.577980
844.319253
844.018972
843.677853
843.296710
843.275116
843.655745
843.996405
844.296281
844.554659
844.770923
844.944555
845.075143
845.162375
845.206043
845.206043
845.162375
845.075143
844.944555
844.770923
844.554659
844.296281
843.996405
843.655745
843.275116
843.253551
843.633667
843.973868
844.273340
844.531370
844.747342
844.920741
845.051153
845.138267
845.181876
845.181876
845.138267
845.051153
844.920741
844.747342
844.531370
844.273340
843.973868
843.633667
843.253551
843.232015
843.611619
843.951361
844.250430
844.508113
844.723793
844.896958
845.027194
845.114191
845.157742
845.157742
845.114191
845.027194
844.896958
844.723793
844.508113
844.250430
843.951361
843.611619
843.232015
843.210507
843.589600
843.928885
844.227551
844.484886
844.700276
844.873208
845.003269
845.090148
845.133640
845.133640
845.090148
845.003269
844.873208
844.700276
844.484886
844.227551
843.928885
843.589600
843.210507
843.189029
843.567612
843.906439
844.204703
844.461691
844.676791
844.849490
844.979375
845.066138
845.109571
845.109571
845.066138
844.979375
844.849490
844.676791
844.461691
844.204703
843.906439
843.567612
843.189029
843.167580
843.545653
843.884024
844.181886
844.438528
844.653338
844.825804
844.955514
845.042160
845.085534
845.085534
845.042160
844.955514
844.825804
844.653338
844.438528
844.181886
843.884024
843.545653
843.167580
843.146160
843.523723
843.861638
844.159099
844.415395
844.629916
844.802150
844.931685
845.018214
845.061530
845.061530
845.018214
844.931685
844.802150
844.629916
844.415395
844.159099
843.861638
843.523723
843.146160
843.124768
843.501823
843.839283
844.136343
844.392294
844.606526
844.778527
844.907888
844.994301
845.037559
845.037559
844.994301
844.907888
844.778527
844.606526
844.392294
844.136343
843.839283
843.501823
843.124768
843.103406
843.479953
843.816958
844.113618
844.369224
844.583167
844.754937
844.884124
844.970420
845.013619
845.013619
844.970420
844.884124
844.754937
844.583167
844.369224
844.113618
843.816958
843.479953
843.103406
843.082072
843.458112
843.794663
844.090923
844.346185
844.559840
844.731379
844.860392
844.946571
844.989713
844.989713
844.946571
844.860392
844.731379
844.559840
844.346185
844.090923
843.794663
843.458112
843.082072
843.060767
843.436300
843.772398
844.068260
844.323178
844.536545
844.707852
844.836691
844.922755
844.965838
844.965838
844.922755
844.836691
844.707852
844.536545
844.323178
844.068260
843.772398
843.436300
843.060767
843.039490
843.414518
843.750164
844.045626
844.300201
844.513281
844.684357
844.813023
844.898971
844.941996
844.941996
844.898971
844.813023
844.684357
844.513281
844.300201
844.045626
843.750164
843.414518
843.039490
843.018243
843.392765
843.727959
844.023024
844.277256
844.490048
844.660894
844.789387
844.875218
844.918186
844.918186
844.875218
844.789387
844.660894
844.490048
844.277256
844.023024
843.727959
843.392765
843.018243
842.997023
843.371042
843.705784
844.000451
844.254341
844.466847
844.637463
844.765782
844.851498
844.894408
844.894408
844.851498
844.765782
844.637463
844.466847
844.254341
844.000451
843.705784
843.371042
842.997023
842.975833
843.349347
843.683639
843.977910
844.231457
844.443677
844.614063
844.742210
844.827810
844.870662
844.870662
844.827810
844.742210
844.614063
844.443677
844.231457
843.977910
843.683639
843.349347
842.975833
842.954671
843.327682
843.661524
843.955398
844.208604
844.420538
844.590695
844.718669
844.804154
844.846948
844.846948
844.804154
844.718669
844.590695
844.420538
844.208604
843.955398
843.661524
843.327682
842.954671
842.933537
843.306046
843.639438
843.932917
844.185782
844.397431
844.567359
844.695160
844.780530
844.823267
844.823267
844.780530
844.695160
844.567359
844.397431
844.185782
843.932917
843.639438
843.306046
842.933537
842.912432
843.284440
843.617383
843.910466
844.162991
844.374355
844.544054
844.671683
844.756938
844.799617
844.799617
844.756938
844.671683
844.544054
844.374355
844.162991
843.910466
843.617383
843.284440
842.912432
842.891355
843.262862
843.595357
843.888046
844.140231
844.351310
844.520780
844.648237
844.733378
844.775999
844.775999
844.733378
844.648237
844.520780
844.351310
844.140231
843.888046
843.595357
843.262862
842.891355
842.870307
843.241314
843.573361
843.865656
844.117501
844.328296
844.497538
844.624824
844.709850
844.752413
844.752413
844.709850
844.624824
844.497538
844.328296
844.117501
843.865656
843.573361
843.241314
842.870307
842.849287
843.219794
843.551394
843.843296
844.094802
844.305313
844.474327
844.601441
844.686353
844.728859
844.728859
844.686353
844.601441
844.474327
844.305313
844.094802
843.843296
843.551394
843.219794
842.849287
842.828295
843.198304
843.529458
843.820966
844.072133
844.282361
844.451148
844.578091
844.662888
844.705337
844.705337
844.662888
844.578091
844.451148
844.282361
844.072133
843.820966
843.529458
843.198304
842.828295
842.807332
843.176842
843.507550
843.798666
844.049496
844.259440
844.428000
844.554772
844.639455
844.681847
844.681847
844.639455
844.554772
844.428000
844.259440
844.049496
843.798666
843.507550
843.176842
842.807332
842.786396
843.155410
843.485673
843.776397
844.026888
844.236550
844.404883
844.531484
844.616053
844.658388
844.658388
844.616053
844.531484
844.404883
844.236550
844.026888
843.776397
843.485673
843.155410
842.786396
842.765489
843.134006
843.463824
843.754157
844.004311
844.213691
844.381797
844.508228
844.592683
844.634961
844.634961
844.592683
844.508228
844.381797
844.213691
844.004311
843.754157
843.463824
843.134006
842.765489
842.744610
843.112631
843.442005
843.731947
843.981765
844.190863
844.358742
844.485003
844.569345
844.611566
844.611566
844.569345
844.485003
844.358742
844.190863
843.981765
843.731947
843.442005
843.112631
842.744610
842.723759
843.091285
843.420216
843.709768
843.959249
844.168066
844.335719
844.461810
844.546038
844.588202
844.588202
844.546038
844.461810
844.335719
844.168066
843.959249
843.709768
843.420216
843.091285
842.723759
842.702937
843.069968
843.398456
843.687618
843.936764
844.145299
844.312727
844.438648
844.522763
844.564870
844.564870
844.522763
844.438648
844.312727
844.145299
843.936764
843.687618
843.398456
843.069968
842.702937
842.682142
843.048679
843.376725
843.665498
843.914308
844.122563
844.289766
844.415517
844.499519
844.541569
844.541569
844.499519
844.415517
844.289766
844.122563
843.914308
843.665498
843.376725
843.048679
842.682142
842.661375
843.027419
843.355024
843.643408
843.891883
844.099858
844.266835
844.392418
844.476306
844.518300
844.518300
844.476306
844.392418
844.266835
844.099858
843.891883
843.643408
843.355024
843.027419
842.661375
842.640636
843.006188
843.333352
843.621348
843.869489
844.077183
844.243936
844.369349
844.453125
844.495062
844.495062
844.453125
844.369349
844.243936
844.077183
843.869489
843.621348
843.333352
843.006188
842.640636
842.619925
842.984985
843.311709
843.599317
843.847124
844.054539
844.221067
844.346312
844.429975
844.471856
844.471856
844.429975
844.346312
844.221067
844.054539
843.847124
843.599317
843.311709
842.984985
842.619925
842.599242
842.963810
843.290095
843.577316
843.824790
844.031926
844.198230
844.323306
844.406856
844.448681
844.448681
844.406856
844.323306
844.198230
844.031926
843.824790
843.577316
843.290095
842.963810
842.599242
842.578587
842.942665
843.268510
843.555345
843.802486
844.009343
844.175423
844.300331
844.383768
844.425537
844.425537
844.383768
844.300331
844.175423
844.009343
843.802486
843.555345
843.268510
842.942665
842.578587
842.557960
842.921547
843.246954
843.533403
843.780211
843.986790
844.152647
844.277387
844.360712
844.402424
844.402424
844.360712
844.277387
844.152647
843.986790
843.780211
843.533403
843.246954
842.921547
842.557960
842.537360
842.900459
843.225428
843.511491
843.757967
843.964268
844.129902
844.254474
844.337687
844.379343
844.379343
844.337687
844.254474
844.129902
843.964268
843.757967
843.511491
843.225428
842.900459
842.537360
842.516788
842.879398
843.203930
843.489609
843.735753
843.941776
844.107187
844.231591
844.314693
844.356293
844.356293
844.314693
844.231591
844.107187
843.941776
843.735753
843.489609
843.203930
842.879398
842.516788
842.496243
842.858366
843.182461
843.467756
843.713569
843.919315
844.084503
844.208740
844.291729
844.333274
844.333274
844.291729
844.208740
844.084503
843.919315
843.713569
843.467756
843.182461
842.858366
842.496243
842.475727
842.837362
843.161022
843.445932
843.691415
843.896884
844.061850
844.185920
844.268797
844.310286
844.310286
844.268797
844.185920
844.061850
843.896884
843.691415
843.445932
843.161022
842.837362
842.475727
842.455238
842.816387
843.139611
843.424138
843.669290
843.874483
844.039227
844.163130
844.245896
844.287329
844.287329
844.245896
844.163130
844.039227
843.874483
843.669290
843.424138
843.139611
842.816387
842.455238
842.434776
842.795439
843.118229
843.402373
843.647196
843.852113
844.016635
844.140371
844.223026
844.264403
844.264403
844.223026
844.140371
844.016635
843.852113
843.647196
843.402373
843.118229
842.795439
842.434776
842.414342
842.774520
843.096875
843.380638
843.625131
843.829772
843.994073
844.117643
844.200186
844.241507
844.241507
844.200186
844.117643
843.994073
843.829772
843.625131
843.380638
843.096875
842.774520
842.414342
842.393936
842.753629
843.075551
843.358932
843.603096
843.807462
843.971542
844.094945
844.177378
844.218643
844.218643
844.177378
844.094945
843.971542
843.807462
843.603096
843.358932
843.075551
842.753629
842.393936
842.373556
842.732767
843.054255
843.337255
843.581091
843.785182
843.949041
844.072278
844.154600
844.195810
844.195810
844.154600
844.072278
843.949041
843.785182
843.581091
843.337255
843.054255
842.732767
842.373556
842.353205
842.711932
843.032988
843.315607
843.559115
843.762931
843.926570
844.049642
844.131853
844.173007
844.173007
844.131853
844.049642
843.926570
843.762931
843.559115
843.315607
843.032988
842.711932
842.353205
842.332880
842.691125
843.011749
843.293988
843.537169
843.740711
843.904130
844.027036
844.109136
844.150236
844.150236
844.109136
844.027036
843.904130
843.740711
843.537169
843.293988
843.011749
842.691125
842.332880
842.312583
842.670346
842.990540
843.272399
843.515252
843.718521
843.881720
844.004461
844.086451
844.127494
844.127494
844.086451
844.004461
843.881720
843.718521
843.515252
843.272399
842.990540
842.670346
842.312583
842.292314
842.649596
842.969358
843.250839
843.493365
843.696361
843.859340
843.981916
844.063795
844.104784
844.104784
844.063795
843.981916
843.859340
843.696361
843.493365
843.250839
842.969358
842.649596
842.292314
842.272071
842.628873
842.948205
843.229307
843.471508
843.674230
843.836990
843.959401
844.041171
844.082104
844.082104
844.041171
843.959401
843.836990
843.674230
843.471508
843.229307
842.948205
842.628873
842.272071
842.251856
842.608178
842.927081
843.207805
843.449680
843.652129
843.814671
843.936917
844.018577
844.059455
844.059455
844.018577
843.936917
843.814671
843.652129
843.449680
843.207805
842.927081
842.608178
842.251856
842.231668
842.587511
842.905985
843.186332
843.427881
843.630059
843.792382
843.914463
843.996013
844.036837
844.036837
843.996013
843.914463
843.792382
843.630059
843.427881
843.186332
842.905985
842.587511
842.231668
842.211507
842.566871
842.884918
843.164887
843.406112
843.608018
843.770122
843.892040
843.973480
844.014249
844.014249
843.973480
843.892040
843.770122
843.608018
843.406112
843.164887
842.884918
842.566871
842.211507
842.191373
842.546260
842.863879
843.143472
843.384372
843.586006
843.747893
843.869647
843.950977
843.991691
843.991691
843.950977
843.869647
843.747893
843.586006
843.384372
843.143472
842.863879
842.546260
842.191373
842.171266
842.525676
842.842868
843.122085
843.362662
843.564024
843.725693
843.847283
843.928505
843.969164
843.969164
843.928505
843.847283
843.725693
843.564024
843.362662
843.122085
842.842868
842.525676
842.171266
842.151187
842.505120
842.821885
843.100727
843.340980
843.542072
843.703524
843.824950
843.906063
843.946667
843.946667
843.906063
843.824950
843.703524
843.542072
843.340980
843.100727
842.821885
842.505120
842.151187
842.131134
842.484591
842.800931
843.079398
843.319328
843.520150
843.681384
843.802648
843.883651
843.924200
843.924200
843.883651
843.802648
843.681384
843.520150
843.319328
843.079398
842.800931
842.484591
842.131134
842.111108
842.464091
842.780005
843.058097
843.297705
843.498257
843.659275
843.780375
843.861269
843.901764
843.901764
843.861269
843.780375
843.659275
843.498257
843.297705
843.058097
842.780005
842.464091
842.111108
842.091109
842.443617
842.759107
843.036826
843.276111
843.476393
843.637195
843.758132
843.838917
843.879358
843.879358
843.838917
843.758132
843.637195
843.476393
843.276111
843.036826
842.759107
842.443617
842.091109
842.071137
842.423171
842.738237
843.015583
843.254547
843.454559
843.615145
843.735919
843.816596
843.856983
843.856983
843.816596
843.735919
843.615145
843.454559
843.254547
843.015583
842.738237
842.423171
842.071137
842.051192
842.402753
842.717395
842.994368
843.233011
843.432755
843.593124
843.713737
843.794305
843.834637
843.834637
843.794305
843.713737
843.593124
843.432755
843.233011
842.994368
842.717395
842.402753
842.051192
842.031274
842.382362
842.696582
842.973182
843.211504
843.410980
843.571133
843.691584
843.772044
843.812322
843.812322
843.772044
843.691584
843.571133
843.410980
843.211504
842.973182
842.696582
842.382362
842.031274
842.011382
842.361999
842.675796
842.952025
843.190026
843.389234
843.549172
843.669461
843.749812
843.790036
843.790036
843.749812
843.669461
843.549172
843.389234
843.190026
842.952025
842.675796
842.361999
842.011382
841.991517
842.341663
842.655038
842.930896
843.168578
843.367517
843.527241
843.647367
843.727611
843.767781
843.767781
843.727611
843.647367
843.527241
843.367517
843.168578
842.930896
842.655038
842.341663
841.991517
841.971679
842.321354
842.634308
842.909795
843.147158
843.345830
843.505339
843.625304
843.705440
843.745556
843.745556
843.705440
843.625304
843.505339
843.345830
843.147158
842.909795
842.634308
842.321354
841.971679
841.951868
842.301073
842.613607
842.888723
843.125767
843.324172
843.483466
843.603270
843.683299
843.723360
843.723360
843.683299
843.603270
843.483466
843.324172
843.125767
842.888723
842.613607
842.301073
841.951868
841.932083
842.280819
842.592933
842.867679
843.104404
843.302543
843.461623
843.581266
843.661187
843.701195
843.701195
843.661187
843.581266
843.461623
843.302543
843.104404
842.867679
842.592933
842.280819
841.932083
841.912324
842.260592
842.572286
842.846664
843.083071
843.280943
843.439810
843.559292
843.639105
843.679059
843.679059
843.639105
843.559292
843.439810
843.280943
843.083071
842.846664
842.572286
842.260592
841.912324
841.892593
842.240392
842.551668
842.825677
843.061766
843.259372
843.418026
843.537347
843.617053
843.656954
843.656954
843.617053
843.537347
843.418026
843.259372
843.061766
842.825677
842.551668
842.240392
841.892593
841.872887
842.220220
842.531077
842.804718
843.040490
843.237831
843.396271
843.515432
843.595031
843.634878
843.634878
843.595031
843.515432
843.396271
843.237831
843.040490
842.804718
842.531077
842.220220
841.872887
841.853209
842.200074
842.510514
842.783787
843.019242
843.216318
843.374545
843.493546
843.573038
843.612832
843.612832
843.573038
843.493546
843.374545
843.216318
843.019242
842.783787
842.510514
842.200074
841.853209
841.833556
842.179956
842.489979
842.762885
842.998024
843.194835
843.352849
843.471690
843.551075
843.590815
843.590815
843.551075
843.471690
843.352849
843.194835
842.998024
842.762885
842.489979
842.179956
841.833556
841.813930
842.159865
842.469471
842.742010
842.976833
843.173380
843.331182
843.449864
843.529142
843.568829
843.568829
843.529142
843.449864
843.331182
843.173380
842.976833
842.742010
842.469471
842.159865
841.813930
841.794331
842.139801
842.448991
842.721164
842.955671
843.151954
843.309544
843.428066
843.507238
843.546871
843.546871
843.507238
843.428066
843.309544
843.151954
842.955671
842.721164
842.448991
842.139801
841.794331
841.774757
842.119763
842.428538
842.700346
842.934538
843.130557
843.287935
843.406298
843.485364
843.524944
843.524944
843.485364
843.406298
843.287935
843.130557
842.934538
842.700346
842.428538
842.119763
841.774757
841.755210
842.099753
842.408113
842.679556
842.913433
843.109189
843.266356
843.384560
843.463519
843.503046
843.503046
843.463519
843.384560
843.266356
843.109189
842.913433
842.679556
842.408113
842.099753
841.755210
841.735690
842.079769
842.387715
842.658793
842.892357
843.087850
843.244805
843.362850
843.441704
843.481177
843.481177
843.441704
843.362850
843.244805
843.087850
842.892357
842.658793
842.387715
842.079769
841.735690
841.716195
842.059813
842.367345
842.638059
842.871309
843.066539
843.223284
843.341170
843.419918
843.459338
843.459338
843.419918
843.341170
843.223284
843.066539
842.871309
842.638059
842.367345
842.059813
841.716195
841.696727
842.039883
842.347002
842.617353
842.850289
843.045257
843.201791
843.319519
843.398161
843.437529
843.437529
843.398161
843.319519
843.201791
843.045257
842.850289
842.617353
842.347002
842.039883
841.696727
841.677285
842.019980
842.326687
842.596674
842.829298
843.024004
843.180328
843.297898
843.376434
843.415748
843.415748
843.376434
843.297898
843.180328
843.024004
842.829298
842.596674
842.326687
842.019980
841.677285
841.657869
842.000104
842.306399
842.576023
842.808335
843.002779
843.158893
843.276305
843.354736
843.393998
843.393998
843.354736
843.276305
843.158893
843.002779
842.808335
842.576023
842.306399
842.000104
841.657869
841.638479
841.980254
842.286138
842.555400
842.787400
842.981583
843.137487
843.254742
843.333067
843.372276
843.372276
843.333067
843.254742
843.137487
842.981583
842.787400
842.555400
842.286138
841.980254
841.638479
841.619115
841.960431
842.265904
842.534805
842.766493
842.960415
843.116110
843.233207
843.311427
843.350584
843.350584
843.311427
843.233207
843.116110
842.960415
842.766493
842.534805
842.265904
841.960431
841.619115
841.599777
841.940635
842.245698
842.514238
842.745614
842.939276
843.094762
843.211702
843.289817
843.328921
843.328921
843.289817
843.211702
843.094762
842.939276
842.745614
842.514238
842.245698
841.940635
841.599777
841.580465
841.920865
842.225519
842.493698
842.724764
842.918165
843.073443
843.190225
843.268235
843.307287
843.307287
843.268235
843.190225
843.073443
842.918165
842.724764
842.493698
842.225519
841.920865
841.580465
841.561179
841.901122
842.205366
842.473185
842.703941
842.897083
843.052152
843.168778
843.246683
843.285682
843.285682
843.246683
843.168778
843.052152
842.897083
842.703941
842.473185
842.205366
841.901122
841.561179
841.541918
841.881406
842.185241
842.452701
842.683146
842.876029
843.030890
843.147359
843.225159
843.264106
843.264106
843.225159
843.147359
843.030890
842.876029
842.683146
842.452701
842.185241
841.881406
841.541918
841.522684
841.861716
842.165143
842.432244
842.662380
842.855004
843.009656
843.125969
843.203665
843.242559
843.242559
843.203665
843.125969
843.009656
842.855004
842.662380
842.432244
842.165143
841.861716
841.522684
841.503476
841.842052
842.145072
842.411814
842.641641
842.834007
842.988451
843.104608
843.182200
843.221042
843.221042
843.182200
843.104608
842.988451
842.834007
842.641641
842.411814
842.145072
841.842052
841.503476
841.484293
841.822415
842.125028
842.391412
842.620931
842.813038
842.967275
843.083276
843.160763
843.199553
843.199553
843.160763
843.083276
842.967275
842.813038
842.620931
842.391412
842.125028
841.822415
841.484293
841.465136
841.802804
842.105011
842.371037
842.600248
842.792097
842.946127
843.061972
843.139356
843.178093
843.178093
843.139356
843.061972
842.946127
842.792097
842.600248
842.371037
842.105011
841.802804
841.465136
841.446005
841.783219
842.085021
842.350690
842.579593
842.771184
842.925008
843.040697
843.117977
843.156663
843.156663
843.117977
843.040697
842.925008
842.771184
842.579593
842.350690
842.085021
841.783219
841.446005
841.426899
841.763661
842.065058
842.330370
842.558966
842.750300
842.903917
843.019451
843.096627
843.135261
843.135261
843.096627
843.019451
842.903917
842.750300
842.558966
842.330370
842.065058
841.763661
841.426899
841.407819
841.744129
842.045121
842.310077
842.538366
842.729443
842.882854
842.998233
843.075306
843.113888
843.113888
843.075306
842.998233
842.882854
842.729443
842.538366
842.310077
842.045121
841.744129
841.407819
841.388765
841.724624
842.025212
842.289812
842.517794
842.708615
842.861820
842.977044
843.054013
843.092543
843.092543
843.054013
842.977044
842.861820
842.708615
842.517794
842.289812
842.025212
841.724624
841.388765
841.369736
841.705144
842.005329
842.269574
842.497250
842.687815
842.840814
842.955884
843.032749
843.071228
843.071228
843.032749
842.955884
842.840814
842.687815
842.497250
842.269574
842.005329
841.705144
841.369736
841.350733
841.685691
841.985472
842.249363
842.476734
842.667043
842.819837
842.934751
843.011514
843.049941
843.049941
843.011514
842.934751
842.819837
842.667043
842.476734
842.249363
841.985472
841.685691
841.350733
841.331755
841.666263
841.965643
842.229179
842.456245
842.646298
842.798887
842.913648
842.990307
843.028682
843.028682
842.990307
842.913648
842.798887
842.646298
842.456245
842.229179
841.965643
841.666263
841.331755
841.312803
841.646862
841.945840
842.209023
842.435784
842.625582
842.777966
842.892573
842.969129
843.007453
843.007453
842.969129
842.892573
842.777966
842.625582
842.435784
842.209023
841.945840
841.646862
841.312803
841.293876
841.627487
841.926064
842.188893
842.415350
842.604893
842.757073
842.871526
842.947979
842.986252
842.986252
842.947979
842.871526
842.757073
842.604893
842.415350
842.188893
841.926064
841.627487
841.293876
841.274974
841.608138
841.906314
842.168791
842.394943
842.584233
842.736208
842.850507
842.926858
842.965079
842.965079
842.926858
842.850507
842.736208
842.584233
842.394943
842.168791
841.906314
841.608138
841.274974
841.256098
841.588815
841.886591
842.148715
842.374564
842.563600
842.715371
842.829517
842.905765
842.943935
842.943935
842.905765
842.829517
842.715371
842.563600
842.374564
842.148715
841.886591
841.588815
841.256098
841.237248
841.569518
841.866894
842.128667
842.354213
842.542995
842.694562
842.808555
842.884701
842.922819
842.922819
842.884701
842.808555
842.694562
842.542995
842.354213
842.128667
841.866894
841.569518
841.237248
841.218422
841.550247
841.847224
842.108645
842.333889
842.522417
842.673781
842.787621
842.863665
842.901732
842.901732
842.863665
842.787621
842.673781
842.522417
842.333889
842.108645
841.847224
841.550247
841.218422
841.199622
841.531001
841.827580
842.088651
842.313592
842.501867
842.653028
842.766715
842.842657
842.880673
842.880673
842.842657
842.766715
842.653028
842.501867
842.313592
842.088651
841.827580
841.531001
841.199622
841.180847
841.511782
841.807962
842.068683
842.293322
842.481345
842.632303
842.745838
842.821678
842.859643
842.859643
842.821678
842.745838
842.632303
842.481345
842.293322
842.068683
841.807962
841.511782
841.180847
841.162097
841.492588
841.788371
842.048742
842.273080
842.460851
842.611606
842.724988
842.800726
842.838641
842.838641
842.800726
842.724988
842.611606
842.460851
842.273080
842.048742
841.788371
841.492588
841.162097
841.143373
841.473420
841.768807
842.028828
842.252865
842.440384
842.590937
842.704167
842.779803
842.817667
842.817667
842.779803
842.704167
842.590937
842.440384
842.252865
842.028828
841.768807
841.473420
841.143373
841.124673
841.454278
841.749268
842.008941
842.232677
842.419944
842.570295
842.683373
842.758909
842.796721
842.796721
842.758909
842.683373
842.570295
842.419944
842.232677
842.008941
841.749268
841.454278
841.124673
841.105999
841.435161
841.729756
841.989080
842.212516
842.399532
842.549682
842.662608
842.738042
842.775804
842.775804
842.738042
842.662608
842.549682
842.399532
842.212516
841.989080
841.729756
841.435161
841.105999
841.087349
841.416070
841.710270
841.969246
842.192383
842.379148
842.529096
842.641870
842.717203
842.754914
842.754914
842.717203
842.641870
842.529096
842.379148
842.192383
841.969246
841.710270
841.416070
841.087349
841.068725
841.397005
841.690810
841.949439
842.172276
842.358790
842.508537
842.621161
842.696392
842.734053
842.734053
842.696392
842.621161
842.508537
842.358790
842.172276
841.949439
841.690810
841.397005
841.068725
841.050125
841.377965
841.671376
841.929658
842.152197
842.338461
842.488007
842.600479
842.675610
842.713220
842.713220
842.675610
842.600479
842.488007
842.338461
842.152197
841.929658
841.671376
841.377965
841.050125
841.031551
841.358951
841.651968
841.909904
842.132144
842.318158
842.467504
842.579825
842.654855
842.692415
842.692415
842.654855
842.579825
842.467504
842.318158
842.132144
841.909904
841.651968
841.358951
841.031551
841.013001
841.339963
841.632587
841.890177
842.112118
842.297883
842.447028
842.559199
842.634128
842.671637
842.671637
842.634128
842.559199
842.447028
842.297883
842.112118
841.890177
841.632587
841.339963
841.013001
840.994477
841.320999
841.613231
841.870476
842.092120
842.277635
842.426580
842.538601
842.613429
842.650888
842.650888
842.613429
842.538601
842.426580
842.277635
842.092120
841.870476
841.613231
841.320999
840.994477
840.975977
841.302062
841.593902
841.850801
842.072148
842.257414
842.406160
842.518030
842.592758
842.630167
842.630167
842.592758
842.518030
842.406160
842.257414
842.072148
841.850801
841.593902
841.302062
840.975977
840.957502
841.283149
841.574598
841.831153
842.052203
842.237221
842.385767
842.497487
842.572115
842.609473
842.609473
842.572115
842.497487
842.385767
842.237221
842.052203
841.831153
841.574598
841.283149
840.957502
840.939052
841.264263
841.555320
841.811531
842.032284
842.217055
842.365401
842.476971
842.551499
842.588808
842.588808
842.551499
842.476971
842.365401
842.217055
842.032284
841.811531
841.555320
841.264263
840.939052
840.920626
841.245401
841.536068
841.791936
842.012393
842.196915
842.345063
842.456484
842.530912
842.568170
842.568170
842.530912
842.456484
842.345063
842.196915
842.012393
841.791936
841.536068
841.245401
840.920626
840.902225
841.226565
841.516842
841.772367
841.992528
842.176803
842.324752
842.436023
842.510351
842.547560
842.547560
842.510351
842.436023
842.324752
842.176803
841.992528
841.772367
841.516842
841.226565
840.902225
840.883849
841.207754
841.497642
841.752824
841.972690
842.156718
842.304469
842.415590
842.489819
842.526978
842.526978
842.489819
842.415590
842.304469
842.156718
841.972690
841.752824
841.497642
841.207754
840.883849
840.865498
841.188968
841.478468
841.733307
841.952879
842.136660
842.284212
842.395185
842.469314
842.506423
842.506423
842.469314
842.395185
842.284212
842.136660
841.952879
841.733307
841.478468
841.188968
840.865498
840.847171
841.170207
841.459319
841.713817
841.933094
842.116629
842.263983
842.374807
842.448837
842.485896
842.485896
842.448837
842.374807
842.263983
842.116629
841.933094
841.713817
841.459319
841.170207
840.847171
840.828868
841.151472
841.440196
841.694353
841.913336
842.096624
842.243781
842.354457
842.428387
842.465396
842.465396
842.428387
842.354457
842.243781
842.096624
841.913336
841.694353
841.440196
841.151472
840.828868
840.810591
841.132762
841.421099
841.674914
841.893604
842.076647
842.223607
842.334134
842.407965
842.444924
842.444924
842.407965
842.334134
842.223607
842.076647
841.893604
841.674914
841.421099
841.132762
840.810591
840.792337
841.114077
841.402027
841.655503
841.873899
842.056696
842.203459
842.313838
842.387570
842.424480
842.424480
842.387570
842.313838
842.203459
842.056696
841.873899
841.655503
841.402027
841.114077
840.792337
840.774108
841.095416
841.382981
841.636117
841.854220
842.036772
842.183338
842.293569
842.367203
842.404063
842.404063
842.367203
842.293569
842.183338
842.036772
841.854220
841.636117
841.382981
841.095416
840.774108
840.755904
841.076781
841.363960
841.616757
841.834568
842.016875
842.163245
842.273328
842.346863
842.383674
842.383674
842.346863
842.273328
842.163245
842.016875
841.834568
841.616757
841.363960
841.076781
840.755904
840.737724
841.058171
841.344965
841.597423
841.814942
841.997005
842.143179
842.253114
842.326550
842.363312
842.363312
842.326550
842.253114
842.143179
841.997005
841.814942
841.597423
841.344965
841.058171
840.737724
840.719568
841.039586
841.325996
841.578115
841.795343
841.977162
842.123139
842.232927
842.306265
842.342977
842.342977
842.306265
842.232927
842.123139
841.977162
841.795343
841.578115
841.325996
841.039586
840.719568
840.701437
841.021026
841.307052
841.558833
841.775769
841.957345
842.103126
842.212767
842.286007
842.322670
842.322670
842.286007
842.212767
842.103126
841.957345
841.775769
841.558833
841.307052
841.021026
840.701437
840.683330
841.002491
841.288133
841.539577
841.756223
841.937554
842.083141
842.192635
842.265776
842.302390
842.302390
842.265776
842.192635
842.083141
841.937554
841.756223
841.539577
841.288133
841.002491
840.683330
840.665247
840.983980
841.269240
841.520347
841.736702
841.917791
842.063182
842.172529
842.245572
842.282137
842.282137
842.245572
842.172529
842.063182
841.917791
841.736702
841.520347
841.269240
840.983980
840.665247
840.647189
840.965495
841.250372
841.501142
841.717207
841.898054
842.043250
842.152450
842.225396
842.261912
842.261912
842.225396
842.152450
842.043250
841.898054
841.717207
841.501142
841.250372
840.965495
840.647189
840.629154
840.947034
841.231529
841.481963
841.697739
841.878343
842.023345
842.132399
842.205246
842.241713
842.241713
842.205246
842.132399
842.023345
841.878343
841.697739
841.481963
841.231529
840.947034
840.629154
840.611144
840.928598
841.212712
841.462810
841.678297
841.858659
842.003466
842.112374
842.185124
842.221542
842.221542
842.185124
842.112374
842.003466
841.858659
841.678297
841.462810
841.212712
840.928598
840.611144
840.593158
840.910186
841.193920
841.443683
841.658881
841.839001
841.983614
842.092376
842.165029
842.201398
842.201398
842.165029
842.092376
841.983614
841.839001
841.658881
841.443683
841.193920
840.910186
840.593158
840.575196
840.891800
841.175153
841.424582
841.639491
841.819370
841.963789
842.072405
842.144960
842.181281
842.181281
842.144960
842.072405
841.963789
841.819370
841.639491
841.424582
841.175153
840.891800
840.575196
840.557259
840.873438
841.156411
841.405506
841.620127
841.799765
841.943991
842.052461
842.124919
842.161191
842.161191
842.124919
842.052461
841.943991
841.799765
841.620127
841.405506
841.156411
840.873438
840.557259
840.539345
840.855100
841.137695
841.386455
841.600789
841.780186
841.924219
842.032544
842.104905
842.141128
842.141128
842.104905
842.032544
841.924219
841.780186
841.600789
841.386455
841.137695
840.855100
840.539345
840.521455
840.836787
841.119003
841.367431
841.581477
841.760634
841.904473
842.012654
842.084917
842.121092
842.121092
842.084917
842.012654
841.904473
841.760634
841.581477
841.367431
841.119003
840.836787
840.521455
840.503589
840.818499
841.100337
841.348431
841.562191
841.741108
841.884754
841.992790
842.064956
842.101083
842.101083
842.064956
841.992790
841.884754
841.741108
841.562191
841.348431
841.100337
840.818499
840.503589
840.485747
840.800235
841.081696
841.329458
841.542931
841.721608
841.865062
841.972953
842.045023
842.081101
842.081101
842.045023
841.972953
841.865062
841.721608
841.542931
841.329458
841.081696
840.800235
840.485747
840.467929
840.781996
841.063079
841.310509
841.523697
841.702134
841.845396
841.953142
842.025116
842.061145
842.061145
842.025116
841.953142
841.845396
841.702134
841.523697
841.310509
841.063079
840.781996
840.467929
840.450135
840.763781
841.044488
841.291586
841.504488
841.682686
841.825757
841.933358
842.005235
842.041217
842.041217
842.005235
841.933358
841.825757
841.682686
841.504488
841.291586
841.044488
840.763781
840.450135
840.432365
840.745591
841.025921
841.272689
841.485306
841.663265
841.806144
841.913601
841.985382
842.021315
842.021315
841.985382
841.913601
841.806144
841.663265
841.485306
841.272689
841.025921
840.745591
840.432365
840.414618
840.727425
841.007380
841.253817
841.466149
841.643870
841.786557
841.893870
841.965555
842.001440
842.001440
841.965555
841.893870
841.786557
841.643870
841.466149
841.253817
841.007380
840.727425
840.414618
840.396895
840.709283
840.988863
841.234970
841.447017
841.624500
841.766996
841.874166
841.945755
841.981591
841.981591
841.945755
841.874166
841.766996
841.624500
841.447017
841.234970
840.988863
840.709283
840.396895
840.379196
840.691165
840.970371
841.216148
841.427912
841.605157
841.747462
841.854488
841.925981
841.961770
841.961770
841.925981
841.854488
841.747462
841.605157
841.427912
841.216148
840.970371
840.691165
840.379196
840.361521
840.673072
840.951904
841.197352
841.408832
841.585840
841.727954
841.834837
841.906234
841.941975
841.941975
841.906234
841.834837
841.727954
841.585840
841.408832
841.197352
840.951904
840.673072
840.361521
840.343870
840.655003
840.933462
841.178581
841.389778
841.566548
841.708472
841.815212
841.886513
841.922206
841.922206
841.886513
841.815212
841.708472
841.566548
841.389778
841.178581
840.933462
840.655003
840.343870
840.326242
840.636959
840.915044
841.159835
841.370749
841.547283
841.689017
841.795613
841.866819
841.902464
841.902464
841.866819
841.795613
841.689017
841.547283
841.370749
841.159835
840.915044
840.636959
840.326242
840.308637
840.618938
840.896651
841.141114
841.351746
841.528043
841.669587
841.776041
841.847151
841.882749
841.882749
841.847151
841.776041
841.669587
841.528043
841.351746
841.141114
840.896651
840.618938
840.308637
840.291056
840.600942
840.878283
841.122419
841.332768
841.508829
841.650184
841.756495
841.827510
841.863060
841.863060
841.827510
841.756495
841.650184
841.508829
841.332768
841.122419
840.878283
840.600942
840.291056
840.273499
840.582970
840.859939
841.103748
841.313816
841.489641
841.630806
841.736975
841.807895
841.843397
841.843397
841.807895
841.736975
841.630806
841.489641
841.313816
841.103748
840.859939
840.582970
840.273499
840.255965
840.565022
840.841620
841.085103
841.294889
841.470479
841.611455
841.717482
841.788307
841.823761
841.823761
841.788307
841.717482
841.611455
841.470479
841.294889
841.085103
840.841620
840.565022
840.255965
840.238455
840.547098
840.823326
841.066482
841.275987
841.451342
841.592129
841.698014
841.768744
841.804151
841.804151
841.768744
841.698014
841.592129
841.451342
841.275987
841.066482
840.823326
840.547098
840.238455
840.220968
840.529197
840.805056
841.047887
841.257111
841.432231
841.572830
841.678573
841.749208
841.784568
841.784568
841.749208
841.678573
841.572830
841.432231
841.257111
841.047887
840.805056
840.529197
840.220968
840.203505
840.511321
840.786811
841.029316
841.238260
841.413146
841.553556
841.659158
841.729699
841.765011
841.765011
841.729699
841.659158
841.553556
841.413146
841.238260
841.029316
840.786811
840.511321
840.203505
840.186065
840.493469
840.768590
841.010770
841.219435
841.394086
841.534309
841.639769
841.710215
841.745480
841.745480
841.710215
841.639769
841.534309
841.394086
841.219435
841.010770
840.768590
840.493469
840.186065
840.168648
840.475641
840.750393
840.992250
841.200635
841.375052
841.515087
841.620406
841.690758
841.725975
841.725975
841.690758
841.620406
841.515087
841.375052
841.200635
840.992250
840.750393
840.475641
840.168648
840.151255
840.457837
840.732221
840.973754
841.181860
841.356044
841.495891
841.601069
841.671326
841.706497
841.706497
841.671326
841.601069
841.495891
841.356044
841.181860
840.973754
840.732221
840.457837
840.151255
840.133885
840.440056
840.714073
840.955282
841.163110
841.337061
841.476721
841.581757
841.651921
841.687045
841.687045
841.651921
841.581757
841.476721
841.337061
841.163110
840.955282
840.714073
840.440056
840.133885
840.116538
840.422299
840.695949
840.936836
841.144385
841.318103
841.457576
841.562472
841.632542
841.667619
841.667619
841.632542
841.562472
841.457576
841.318103
841.144385
840.936836
840.695949
840.422299
840.116538
840.099214
840.404566
840.677850
840.918414
841.125686
841.299171
841.438457
841.543213
841.613189
841.648218
841.648218
841.613189
841.543213
841.438457
841.299171
841.125686
840.918414
840.677850
840.404566
840.099214
840.081914
840.386857
840.659775
840.900017
841.107011
841.280264
841.419364
841.523979
841.593862
841.628844
841.628844
841.593862
841.523979
841.419364
841.280264
841.107011
840.900017
840.659775
840.386857
840.081914
840.064636
840.369172
840.641724
840.881645
841.088362
841.261383
841.400296
841.504772
841.574560
841.609496
841.609496
841.574560
841.504772
841.400296
841.261383
841.088362
840.881645
840.641724
840.369172
840.064636
840.047382
840.351510
840.623698
840.863297
841.069737
841.242527
841.381254
841.485590
841.555285
841.590174
841.590174
841.555285
841.485590
841.381254
841.242527
841.069737
840.863297
840.623698
840.351510
840.047382
840.030151
840.333872
840.605695
840.844974
841.051138
841.223696
841.362238
841.466434
841.536036
841.570878
841.570878
841.536036
841.466434
841.362238
841.223696
841.051138
840.844974
840.605695
840.333872
840.030151
840.012943
840.316258
840.587717
840.826675
841.032563
841.204890
841.343247
841.447303
841.516812
841.551608
841.551608
841.516812
841.447303
841.343247
841.204890
841.032563
840.826675
840.587717
840.316258
840.012943
839.995758
840.298667
840.569763
840.808401
841.014014
841.186110
841.324281
841.428199
841.497614
841.532363
841.532363
841.497614
841.428199
841.324281
841.186110
841.014014
840.808401
840.569763
840.298667
839.995758
839.978596
840.281099
840.551833
840.790152
840.995489
841.167355
841.305341
841.409119
841.478442
841.513145
841.513145
841.478442
841.409119
841.305341
841.167355
840.995489
840.790152
840.551833
840.281099
839.978596
839.961457
840.263555
840.533927
840.771927
840.976989
841.148625
841.286427
841.390066
841.459296
841.493952
841.493952
841.459296
841.390066
841.286427
841.148625
840.976989
840.771927
840.533927
840.263555
839.961457
839.944341
840.246035
840.516045
840.753726
840.958514
841.129920
841.267537
841.371038
841.440175
841.474785
841.474785
841.440175
841.371038
841.267537
841.129920
840.958514
840.753726
840.516045
840.246035
839.944341
839.927248
840.228538
840.498186
840.735550
840.940064
841.111241
841.248674
841.352035
841.421080
841.455644
841.455644
841.421080
841.352035
841.248674
841.111241
840.940064
840.735550
840.498186
840.228538
839.927248
839.910178
840.211065
840.480352
840.717398
840.921638
841.092586
841.229835
841.333059
841.402011
841.436528
841.436528
841.402011
841.333059
841.229835
841.092586
840.921638
840.717398
840.480352
840.211065
839.910178
839.893130
840.193615
840.462542
840.699270
840.903237
841.073956
841.211022
841.314107
841.382967
841.417438
841.417438
841.382967
841.314107
841.211022
841.073956
840.903237
840.699270
840.462542
840.193615
839.893130
839.876106
840.176188
840.444755
840.681167
840.884861
841.055352
841.192234
841.295181
841.363949
841.398374
841.398374
841.363949
841.295181
841.192234
841.055352
840.884861
840.681167
840.444755
840.176188
839.876106
839.859104
840.158785
840.426992
840.663088
840.866509
841.036772
841.173471
841.276280
841.344956
841.379335
841.379335
841.344956
841.276280
841.173471
841.036772
840.866509
840.663088
840.426992
840.158785
839.859104
839.842125
840.141405
840.409254
840.645033
840.848182
841.018217
841.154733
841.257405
841.325989
841.360322
841.360322
841.325989
841.257405
841.154733
841.018217
840.848182
840.645033
840.409254
840.141405
839.842125
839.825168
840.124048
840.391538
840.627003
840.829880
840.999687
841.136020
841.238555
841.307047
841.341334
841.341334
841.307047
841.238555
841.136020
840.999687
840.829880
840.627003
840.391538
840.124048
839.825168
839.808234
840.106714
840.373847
840.608996
840.811602
840.981182
841.117333
841.219730
841.288131
841.322372
841.322372
841.288131
841.219730
841.117333
840.981182
840.811602
840.608996
840.373847
840.106714
839.808234
839.791323
840.089404
840.356179
840.591014
840.793348
840.962702
841.098670
841.200931
841.269240
841.303435
841.303435
841.269240
841.200931
841.098670
840.962702
840.793348
840.591014
840.356179
840.089404
839.791323
839.774435
840.072117
840.338535
840.573056
840.775120
840.944246
841.080033
841.182157
841.250374
841.284524
841.284524
841.250374
841.182157
841.080033
840.944246
840.775120
840.573056
840.338535
840.072117
839.774435
839.757569
840.054853
840.320915
840.555121
840.756915
840.925815
841.061420
841.163407
841.231534
841.265638
841.265638
841.231534
841.163407
841.061420
840.925815
840.756915
840.555121
840.320915
840.054853
839.757569
839.740726
840.037612
840.303318
840.537211
840.738735
840.907409
841.042833
841.144683
841.212719
841.246777
841.246777
841.212719
841.144683
841.042833
840.907409
840.738735
840.537211
840.303318
840.037612
839.740726
839.723905
840.020394
840.285745
840.519325
840.720579
840.889028
841.024270
841.125985
841.193929
841.227942
841.227942
841.193929
841.125985
841.024270
840.889028
840.720579
840.519325
840.285745
840.020394
839.723905
839.707107
840.003199
840.268195
840.501463
840.702448
840.870671
841.005733
841.107311
841.175164
841.209131
841.209131
841.175164
841.107311
841.005733
840.870671
840.702448
840.501463
840.268195
840.003199
839.707107
839.690331
839.986027
840.250669
840.483625
840.684341
840.852339
840.987220
841.088662
841.156425
841.190346
841.190346
841.156425
841.088662
840.987220
840.852339
840.684341
840.483625
840.250669
839.986027
839.690331
839.673577
839.968878
840.233166
840.465810
840.666258
840.834031
840.968732
841.070039
841.137710
841.171587
841.171587
841.137710
841.070039
840.968732
840.834031
840.666258
840.465810
840.233166
839.968878
839.673577
839.656846
839.951752
840.215686
840.448020
840.648199
840.815748
840.950269
841.051440
841.119021
841.152852
841.152852
841.119021
841.051440
840.950269
840.815748
840.648199
840.448020
840.215686
839.951752
839.656846
839.640138
839.934649
840.198230
840.430253
840.630165
840.797490
840.931830
841.032866
841.100357
841.134143
841.134143
841.100357
841.032866
840.931830
840.797490
840.630165
840.430253
840.198230
839.934649
839.640138
839.623452
839.917569
840.180798
840.412510
840.612154
840.779256
840.913416
841.014317
841.081718
841.115458
841.115458
841.081718
841.014317
840.913416
840.779256
840.612154
840.412510
840.180798
839.917569
839.623452
839.606788
839.900512
840.163389
840.394791
840.594168
840.761046
840.895027
840.995793
841.063104
841.096799
841.096799
841.063104
840.995793
840.895027
840.761046
840.594168
840.394791
840.163389
839.900512
839.606788
839.590146
839.883478
840.146003
840.377096
840.576206
840.742861
840.876663
840.977294
841.044514
841.078165
841.078165
841.044514
840.977294
840.876663
840.742861
840.576206
840.377096
840.146003
839.883478
839.590146
839.573527
839.866466
840.128640
840.359424
840.558268
840.724700
840.858323
840.958819
841.025950
841.059555
841.059555
841.025950
840.958819
840.858323
840.724700
840.558268
840.359424
840.128640
839.866466
839.573527
839.556929
839.849477
840.111301
840.341776
840.540354
840.706563
840.840008
840.940370
841.007411
841.040971
841.040971
841.007411
840.940370
840.840008
840.706563
840.540354
840.341776
840.111301
839.849477
839.556929
839.540354
839.832511
840.093984
840.324151
840.522464
840.688451
840.821717
840.921945
840.988896
841.022412
841.022412
840.988896
840.921945
840.821717
840.688451
840.522464
840.324151
840.093984
839.832511
839.540354
839.523802
839.815568
840.076691
840.306551
840.504598
840.670363
840.803451
840.903545
840.970406
841.003877
841.003877
840.970406
840.903545
840.803451
840.670363
840.504598
840.306551
840.076691
839.815568
839.523802
839.507271
839.798647
840.059421
840.288973
840.486756
840.652300
840.785209
840.885169
840.951942
840.985367
840.985367
840.951942
840.885169
840.785209
840.652300
840.486756
840.288973
840.059421
839.798647
839.507271
839.490762
839.781749
840.042175
840.271420
840.468938
840.634260
840.766992
840.866818
840.933501
840.966883
840.966883
840.933501
840.866818
840.766992
840.634260
840.468938
840.271420
840.042175
839.781749
839.490762
839.474276
839.764873
840.024951
840.253889
840.451144
840.616245
840.748799
840.848492
840.915086
840.948422
840.948422
840.915086
840.848492
840.748799
840.616245
840.451144
840.253889
840.024951
839.764873
839.474276
839.457811
839.748020
840.007750
840.236383
840.433373
840.598254
840.730631
840.830190
840.896695
840.929987
840.929987
840.896695
840.830190
840.730631
840.598254
840.433373
840.236383
840.007750
839.748020
839.457811
839.441369
839.731190
839.990573
840.218899
840.415627
840.580286
840.712487
840.811913
840.878329
840.911576
840.911576
840.878329
840.811913
840.712487
840.580286
840.415627
840.218899
839.990573
839.731190
839.441369
839.424948
839.714382
839.973418
840.201439
840.397904
840.562343
840.694367
840.793660
840.859987
840.893190
840.893190
840.859987
840.793660
840.694367
840.562343
840.397904
840.201439
839.973418
839.714382
839.424948
839.408550
839.697596
839.956286
840.184003
840.380205
840.544424
840.676271
840.775432
840.841670
840.874829
840.874829
840.841670
840.775432
840.676271
840.544424
840.380205
840.184003
839.956286
839.697596
839.408550
839.392173
839.680833
839.939177
840.166590
840.362529
840.526529
840.658200
840.757228
840.823378
840.856492
840.856492
840.823378
840.757228
840.658200
840.526529
840.362529
840.166590
839.939177
839.680833
839.392173
839.375818
839.664093
839.922091
840.149200
840.344877
840.508658
840.640153
840.739049
840.805110
840.838180
840.838180
840.805110
840.739049
840.640153
840.508658
840.344877
840.149200
839.922091
839.664093
839.375818
839.359485
839.647375
839.905028
840.131833
840.327249
840.490811
840.622130
840.720894
840.786867
840.819893
840.819893
840.786867
840.720894
840.622130
840.490811
840.327249
840.131833
839.905028
839.647375
839.359485
839.343174
839.630679
839.887988
840.114490
840.309645
840.472988
840.604131
840.702763
840.768648
840.801629
840.801629
840.768648
840.702763
840.604131
840.472988
840.309645
840.114490
839.887988
839.630679
839.343174
839.326885
839.614005
839.870971
840.097170
840.292064
840.455189
840.586157
840.684656
840.750453
840.783391
840.783391
840.750453
840.684656
840.586157
840.455189
840.292064
840.097170
839.870971
839.614005
839.326885
839.310618
839.597354
839.853976
840.079873
840.274506
840.437413
840.568206
840.666574
840.732283
840.765177
840.765177
840.732283
840.666574
840.568206
840.437413
840.274506
840.079873
839.853976
839.597354
839.310618
839.294372
839.580725
839.837004
840.062599
840.256972
840.419661
840.550280
840.648516
840.714137
840.746987
840.746987
840.714137
840.648516
840.550280
840.419661
840.256972
840.062599
839.837004
839.580725
839.294372
839.278148
839.564119
839.820055
840.045348
840.239462
840.401934
840.532377
840.630482
840.696016
840.728821
840.728821
840.696016
840.630482
840.532377
840.401934
840.239462
840.045348
839.820055
839.564119
839.278148
839.261945
839.547534
839.803129
840.028121
840.221975
840.384229
840.514499
840.612473
840.677919
840.710680
840.710680
840.677919
840.612473
840.514499
840.384229
840.221975
840.028121
839.803129
839.547534
839.261945
839.245765
839.530972
839.786225
840.010916
840.204511
840.366549
840.496644
840.594487
840.659846
840.692564
840.692564
840.659846
840.594487
840.496644
840.366549
840.204511
840.010916
839.786225
839.530972
839.245765
839.229606
839.514432
839.769343
839.993735
840.187071
840.348892
840.478813
840.576526
840.641797
840.674471
840.674471
840.641797
840.576526
840.478813
840.348892
840.187071
839.993735
839.769343
839.514432
839.229606
839.213468
839.497913
839.752485
839.976576
840.169654
840.331259
840.461007
840.558588
840.623772
840.656403
840.656403
840.623772
840.558588
840.461007
840.331259
840.169654
839.976576
839.752485
839.497913
839.213468
839.197352
839.481417
839.735649
839.959441
840.152260
840.313649
840.443224
840.540675
840.605772
840.638359
840.638359
840.605772
840.540675
840.443224
840.313649
840.152260
839.959441
839.735649
839.481417
839.197352
839.181258
839.464944
839.718835
839.942328
840.134890
840.296064
840.425465
840.522786
840.587795
840.620339
840.620339
840.587795
840.522786
840.425465
840.296064
840.134890
839.942328
839.718835
839.464944
839.181258
839.165185
839.448492
839.702044
839.925238
840.117543
840.278501
840.407729
840.504920
840.569843
840.602343
840.602343
840.569843
840.504920
840.407729
840.278501
840.117543
839.925238
839.702044
839.448492
839.165185
839.149134
839.432062
839.685275
839.908171
840.100219
840.260962
840.390018
840.487079
840.551915
840.584372
840.584372
840.551915
840.487079
840.390018
840.260962
840.100219
839.908171
839.685275
839.432062
839.149134
839.133104
839.415654
839.668529
839.891127
840.082919
840.243447
840.372330
840.469261
840.534011
840.566424
840.566424
840.534011
840.469261
840.372330
840.243447
840.082919
839.891127
839.668529
839.415654
839.133104
839.117095
839.399268
839.651805
839.874106
840.065641
840.225955
840.354666
840.451468
840.516131
840.548500
840.548500
840.516131
840.451468
840.354666
840.225955
840.065641
839.874106
839.651805
839.399268
839.117095
839.101108
839.382904
839.635104
839.857107
840.048387
840.208486
840.337025
840.433698
840.498274
840.530601
840.530601
840.498274
840.433698
840.337025
840.208486
840.048387
839.857107
839.635104
839.382904
839.101108
839.085142
839.366561
839.618424
839.840132
840.031155
840.191041
840.319408
840.415952
840.480442
840.512725
840.512725
840.480442
840.415952
840.319408
840.191041
840.031155
839.840132
839.618424
839.366561
839.085142
839.069197
839.350241
839.601768
839.823179
840.013947
840.173619
840.301815
840.398229
840.462633
840.494874
840.494874
840.462633
840.398229
840.301815
840.173619
840.013947
839.823179
839.601768
839.350241
839.069197
839.053274
839.333942
839.585133
839.806248
839.996762
840.156221
840.284245
840.380531
840.444849
840.477046
840.477046
840.444849
840.380531
840.284245
840.156221
839.996762
839.806248
839.585133
839.333942
839.053274
839.037372
839.317665
839.568521
839.789341
839.979600
840.138845
840.266699
840.362856
840.427088
840.459242
840.459242
840.427088
840.362856
840.266699
840.138845
839.979600
839.789341
839.568521
839.317665
839.037372
839.021492
839.301410
839.551931
839.772456
839.962461
840.121494
840.249176
840.345205
840.409351
840.441462
840.441462
840.409351
840.345205
840.249176
840.121494
839.962461
839.772456
839.551931
839.301410
839.021492
839.005632
839.285177
839.535363
839.755593
839.945344
840.104165
840.231677
840.327577
840.391638
840.423706
840.423706
840.391638
840.327577
840.231677
840.104165
839.945344
839.755593
839.535363
839.285177
839.005632
838.989794
839.268965
839.518817
839.738753
839.928251
840.086859
840.214201
840.309973
840.373948
840.405974
840.405974
840.373948
840.309973
840.214201
840.086859
839.928251
839.738753
839.518817
839.268965
838.989794
838.973977
839.252775
839.502293
839.721936
839.911180
840.069577
840.196748
840.292393
840.356282
840.388265
840.388265
840.356282
840.292393
840.196748
840.069577
839.911180
839.721936
839.502293
839.252775
838.973977
838.958181
839.236607
839.485791
839.705141
839.894133
840.052318
840.179319
840.274836
840.338640
840.370580
840.370580
840.338640
840.274836
840.179319
840.052318
839.894133
839.705141
839.485791
839.236607
838.958181
838.942406
839.220460
839.469312
839.688368
839.877108
840.035081
840.161914
840.257303
840.321021
840.352919
840.352919
840.321021
840.257303
840.161914
840.035081
839.877108
839.688368
839.469312
839.220460
838.942406
838.926652
839.204335
839.452854
839.671618
839.860106
840.017868
840.144531
840.239793
840.303426
840.335281
840.335281
840.303426
840.239793
840.144531
840.017868
839.860106
839.671618
839.452854
839.204335
838.926652
838.910919
839.188231
839.436419
839.654890
839.843126
840.000678
840.127172
840.222306
840.285855
840.317667
840.317667
840.285855
840.222306
840.127172
840.000678
839.843126
839.654890
839.436419
839.188231
838.910919
838.895207
839.172149
839.420005
839.638185
839.826170
839.983511
840.109836
840.204843
840.268307
840.300077
840.300077
840.268307
840.204843
840.109836
839.983511
839.826170
839.638185
839.420005
839.172149
838.895207
838.879516
839.156089
839.403614
839.621502
839.809236
839.966367
840.092523
840.187403
840.250783
840.282510
840.282510
840.250783
840.187403
840.092523
839.966367
839.809236
839.621502
839.403614
839.156089
838.879516
838.863846
839.140050
839.387244
839.604842
839.792324
839.949246
840.075233
840.169987
840.233282
840.264967
840.264967
840.233282
840.169987
840.075233
839.949246
839.792324
839.604842
839.387244
839.140050
838.863846
838.848197
839.124032
839.370896
839.588203
839.775435
839.932148
840.057967
840.152594
840.215804
840.247447
840.247447
840.215804
840.152594
840.057967
839.932148
839.775435
839.588203
839.370896
839.124032
838.848197
838.832569
839.108035
839.354570
839.571587
839.758569
839.915072
840.040723
840.135224
840.198350
840.229950
840.229950
840.198350
840.135224
840.040723
839.915072
839.758569
839.571587
839.354570
839.108035
838.832569
838.816962
839.092060
839.338266
839.554993
839.741726
839.898020
840.023503
840.117878
840.180919
840.212477
840.212477
840.180919
840.117878
840.023503
839.898020
839.741726
839.554993
839.338266
839.092060
838.816962
838.801376
839.076107
839.321984
839.538421
839.724905
839.880990
840.006306
840.100554
840.163512
840.195028
840.195028
840.163512
840.100554
840.006306
839.880990
839.724905
839.538421
839.321984
839.076107
838.801376
838.785810
839.060174
839.305723
839.521872
839.708106
839.863983
839.989132
840.083254
840.146127
840.177601
840.177601
840.146127
840.083254
839.989132
839.863983
839.708106
839.521872
839.305723
839.060174
838.785810
838.770265
839.044263
839.289484
839.505344
839.691330
839.846999
839.971980
840.065977
840.128766
840.160198
840.160198
840.128766
840.065977
839.971980
839.846999
839.691330
839.505344
839.289484
839.044263
838.770265
838.754741
839.028374
839.273267
839.488839
839.674576
839.830037
839.954852
840.048723
840.111429
840.142819
840.142819
840.111429
840.048723
839.954852
839.830037
839.674576
839.488839
839.273267
839.028374
838.754741
838.739238
839.012505
839.257072
839.472356
839.657845
839.813099
839.937746
840.031493
840.094114
840.125462
840.125462
840.094114
840.031493
839.937746
839.813099
839.657845
839.472356
839.257072
839.012505
838.739238
838.723755
838.996658
839.240898
839.455895
839.641136
839.796182
839.920664
840.014285
840.076823
840.108129
840.108129
840.076823
840.014285
839.920664
839.796182
839.641136
839.455895
839.240898
838.996658
838.723755
838.708293
838.980831
839.224746
839.439455
839.624450
839.779289
839.903604
839.997100
840.059555
840.090819
840.090819
840.059555
839.997100
839.903604
839.779289
839.624450
839.439455
839.224746
838.980831
838.708293
838.692852
838.965026
839.208615
839.423038
839.607786
839.762418
839.886567
839.979939
840.042310
840.073532
840.073532
840.042310
839.979939
839.886567
839.762418
839.607786
839.423038
839.208615
838.965026
838.692852
838.677431
838.949242
839.192506
839.406643
839.591144
839.745570
839.869553
839.962800
840.025088
840.056269
840.056269
840.025088
839.962800
839.869553
839.745570
839.591144
839.406643
839.192506
838.949242
838.677431
838.662031
838.933479
839.176418
839.390269
839.574524
839.728744
839.852562
839.945684
840.007889
840.039028
840.039028
840.007889
839.945684
839.852562
839.728744
839.574524
839.390269
839.176418
838.933479
838.662031
838.646651
838.917737
839.160352
839.373918
839.557926
839.711940
839.835593
839.928591
839.990713
840.021811
840.021811
839.990713
839.928591
839.835593
839.711940
839.557926
839.373918
839.160352
838.917737
838.646651
838.631292
838.902017
839.144307
839.357588
839.541351
839.695160
839.818647
839.911521
839.973560
840.004616
840.004616
839.973560
839.911521
839.818647
839.695160
839.541351
839.357588
839.144307
838.902017
838.631292
838.615954
838.886317
839.128284
839.341280
839.524798
839.678401
839.801724
839.894474
839.956430
839.987445
839.987445
839.956430
839.894474
839.801724
839.678401
839.524798
839.341280
839.128284
838.886317
838.615954
838.600636
838.870638
839.112282
839.324994
839.508267
839.661665
839.784824
839.877450
839.939323
839.970296
839.970296
839.939323
839.877450
839.784824
839.661665
839.508267
839.324994
839.112282
838.870638
838.600636
838.585338
838.854980
839.096302
839.308730
839.491758
839.644952
839.767946
839.860448
839.922239
839.953171
839.953171
839.922239
839.860448
839.767946
839.644952
839.491758
839.308730
839.096302
838.854980
838.585338
838.570061
838.839343
839.080343
839.292487
839.475271
839.628260
839.751090
839.843469
839.905177
839.936068
839.936068
839.905177
839.843469
839.751090
839.628260
839.475271
839.292487
839.080343
838.839343
838.570061
838.554804
838.823727
839.064405
839.276266
839.458807
839.611591
839.734257
839.826513
839.888139
839.918988
839.918988
839.888139
839.826513
839.734257
839.611591
839.458807
839.276266
839.064405
838.823727
838.554804
838.539567
838.808131
839.048489
839.260067
839.442364
839.594945
839.717447
839.809579
839.871123
839.901931
839.901931
839.871123
839.809579
839.717447
839.594945
839.442364
839.260067
839.048489
838.808131
838.539567
838.524351
838.792557
839.032593
839.243890
839.425943
839.578320
839.700659
839.792668
839.854130
839.884897
839.884897
839.854130
839.792668
839.700659
839.578320
839.425943
839.243890
839.032593
838.792557
838.524351
838.509155
838.777003
839.016719
839.227734
839.409544
839.561718
839.683894
839.775780
839.837160
839.867886
839.867886
839.837160
839.775780
839.683894
839.561718
839.409544
839.227734
839.016719
838.777003
838.509155
838.493980
838.761470
839.000867
839.211599
839.393167
839.545138
839.667150
839.758915
839.820212
839.850897
839.850897
839.820212
839.758915
839.667150
839.545138
839.393167
839.211599
839.000867
838.761470
838.493980
838.478824
838.745958
838.985035
839.195487
839.376812
839.528580
839.650430
839.742071
839.803287
839.833931
839.833931
839.803287
839.742071
839.650430
839.528580
839.376812
839.195487
838.985035
838.745958
838.478824
838.463689
838.730466
838.969225
839.179395
839.360479
839.512044
839.633732
839.725251
839.786385
839.816988
839.816988
839.786385
839.725251
839.633732
839.512044
839.360479
839.179395
838.969225
838.730466
838.463689
838.448574
838.714996
838.953435
839.163326
839.344168
839.495531
839.617056
839.708453
839.769505
839.800068
839.800068
839.769505
839.708453
839.617056
839.495531
839.344168
839.163326
838.953435
838.714996
838.448574
838.433480
838.699545
838.937667
839.147277
839.327878
839.479039
839.600402
839.691677
839.752648
839.783170
839.783170
839.752648
839.691677
839.600402
839.479039
839.327878
839.147277
838.937667
838.699545
838.433480
838.418405
838.684116
838.921920
839.131250
839.311610
839.462570
839.583770
839.674924
839.735814
839.766295
839.766295
839.735814
839.674924
839.583770
839.462570
839.311610
839.131250
838.921920
838.684116
838.418405
838.403350
838.668707
838.906193
839.115245
839.295364
839.446122
839.567161
839.658193
839.719002
839.749442
839.749442
839.719002
839.658193
839.567161
839.446122
839.295364
839.115245
838.906193
838.668707
838.403350
838.388316
838.653318
838.890488
839.099261
839.279140
839.429697
839.550574
839.641485
839.702212
839.732612
839.732612
839.702212
839.641485
839.550574
839.429697
839.279140
839.099261
838.890488
838.653318
838.388316
838.373302
838.637951
838.874804
839.083298
839.262937
839.413293
839.534010
839.624799
839.685445
839.715804
839.715804
839.685445
839.624799
839.534010
839.413293
839.262937
839.083298
838.874804
838.637951
838.373302
838.358307
838.622603
838.859141
839.067357
839.246756
839.396912
839.517467
839.608135
839.668700
839.699019
839.699019
839.668700
839.608135
839.517467
839.396912
839.246756
839.067357
838.859141
838.622603
838.358307
838.343333
838.607276
838.843498
839.051437
839.230597
839.380552
839.500946
839.591493
839.651978
839.682256
839.682256
839.651978
839.591493
839.500946
839.380552
839.230597
839.051437
838.843498
838.607276
838.343333
838.328378
838.591970
838.827877
839.035538
839.214459
839.364214
839.484448
839.574874
839.635278
839.665516
839.665516
839.635278
839.574874
839.484448
839.364214
839.214459
839.035538
838.827877
838.591970
838.328378
838.313444
838.576684
838.812276
839.019660
839.198342
839.347898
839.467971
839.558277
839.618600
839.648798
839.648798
839.618600
839.558277
839.467971
839.347898
839.198342
839.019660
838.812276
838.576684
838.313444
838.298529
838.561418
838.796696
839.003804
839.182248
839.331604
839.451517
839.541702
839.601945
839.632102
839.632102
839.601945
839.541702
839.451517
839.331604
839.182248
839.003804
838.796696
838.561418
838.298529
838.283635
838.546173
838.781137
838.987968
839.166174
839.315331
839.435085
839.525150
839.585312
839.615429
839.615429
839.585312
839.525150
839.435085
839.315331
839.166174
838.987968
838.781137
838.546173
838.283635
838.268760
838.530948
838.765599
838.972154
839.150123
839.299081
839.418674
839.508619
839.568701
839.598778
839.598778
839.568701
839.508619
839.418674
839.299081
839.150123
838.972154
838.765599
838.530948
838.268760
838.253905
838.515744
838.750082
838.956361
839.134092
839.282852
839.402286
839.492111
839.552113
839.582149
839.582149
839.552113
839.492111
839.402286
839.282852
839.134092
838.956361
838.750082
838.515744
838.253905
838.239070
838.500559
838.734585
838.940590
839.118083
839.266644
839.385919
839.475624
839.535546
839.565543
839.565543
839.535546
839.475624
839.385919
839.266644
839.118083
838.940590
838.734585
838.500559
838.239070
838.224254
838.485395
838.719109
838.924839
839.102096
839.250459
839.369574
839.459160
839.519002
839.548959
839.548959
839.519002
839.459160
839.369574
839.250459
839.102096
838.924839
838.719109
838.485395
838.224254
838.209459
838.470251
838.703653
838.909109
839.086130
839.234295
839.353251
839.442717
839.502480
839.532396
839.532396
839.502480
839.442717
839.353251
839.234295
839.086130
838.909109
838.703653
838.470251
838.209459
838.194683
838.455128
838.688218
838.893400
839.070185
839.218152
839.336950
839.426297
839.485980
839.515856
839.515856
839.485980
839.426297
839.336950
839.218152
839.070185
838.893400
838.688218
838.455128
838.194683
838.179927
838.440024
838.672804
838.877712
839.054261
839.202031
839.320671
839.409899
839.469502
839.499339
839.499339
839.469502
839.409899
839.320671
839.202031
839.054261
838.877712
838.672804
838.440024
838.179927
838.165190
838.424941
838.657411
838.862045
839.038359
839.185932
839.304414
839.393522
839.453046
839.482843
839.482843
839.453046
839.393522
839.304414
839.185932
839.038359
838.862045
838.657411
838.424941
838.165190
838.150473
838.409878
838.642037
838.846399
839.022478
839.169854
839.288178
839.377167
839.436612
839.466369
839.466369
839.436612
839.377167
839.288178
839.169854
839.022478
838.846399
838.642037
838.409878
838.150473
838.135776
838.394835
838.626685
838.830774
839.006618
839.153798
839.271964
839.360835
839.420199
839.449917
839.449917
839.420199
839.360835
839.271964
839.153798
839.006618
838.830774
838.626685
838.394835
838.135776
838.121099
838.379812
838.611353
838.815170
838.990779
839.137763
839.255771
839.344524
839.403809
839.433487
839.433487
839.403809
839.344524
839.255771
839.137763
838.990779
838.815170
838.611353
838.379812
838.121099
838.106441
838.364809
838.596041
838.799587
838.974962
839.121749
839.239600
839.328234
839.387441
839.417080
839.417080
839.387441
839.328234
839.239600
839.121749
838.974962
838.799587
838.596041
838.364809
838.106441
838.091802
838.349826
838.580750
838.784024
838.959165
839.105757
839.223451
839.311967
839.371095
839.400694
839.400694
839.371095
839.311967
839.223451
839.105757
838.959165
838.784024
838.580750
838.349826
838.091802
838.077183
838.334863
838.565479
838.768482
838.943390
839.089786
839.207323
839.295721
839.354770
839.384330
839.384330
839.354770
839.295721
839.207323
839.089786
838.943390
838.768482
838.565479
838.334863
838.077183
838.062583
838.319920
838.550229
838.752961
838.927636
839.073837
839.191217
839.279497
839.338467
839.367988
839.367988
839.338467
839.279497
839.191217
839.073837
838.927636
838.752961
838.550229
838.319920
838.062583
838.048003
838.304997
838.534998
838.737461
838.911903
839.057909
839.175133
839.263295
839.322187
839.351667
839.351667
839.322187
839.263295
839.175133
839.057909
838.911903
838.737461
838.534998
838.304997
838.048003
838.033443
838.290094
838.519789
838.721981
838.896190
839.042002
839.159069
839.247114
839.305927
839.335369
839.335369
839.305927
839.247114
839.159069
839.042002
838.896190
838.721981
838.519789
838.290094
838.033443
838.018901
838.275210
838.504599
838.706522
838.880499
839.026116
839.143028
839.230955
839.289690
839.319092
839.319092
839.289690
839.230955
839.143028
839.026116
838.880499
838.706522
838.504599
838.275210
838.018901
838.004380
838.260347
838.489430
838.691084
838.864829
839.010252
839.127008
839.214818
839.273474
839.302837
839.302837
839.273474
839.214818
839.127008
839.010252
838.864829
838.691084
838.489430
838.260347
838.004380
837.989877
838.245503
838.474281
838.675666
838.849180
838.994409
839.111009
839.198702
839.257280
839.286604
839.286604
839.257280
839.198702
839.111009
838.994409
838.849180
838.675666
838.474281
838.245503
837.989877
837.975394
838.230679
838.459152
838.660269
838.833551
838.978587
839.095031
839.182607
839.241108
839.270392
839.270392
839.241108
839.182607
839.095031
838.978587
838.833551
838.660269
838.459152
838.230679
837.975394
837.960930
838.215875
838.444044
838.644892
838.817943
838.962786
839.079075
839.166535
839.224957
839.254203
839.254203
839.224957
839.166535
839.079075
838.962786
838.817943
838.644892
838.444044
838.215875
837.960930
837.946486
838.201091
838.428955
838.629536
838.802357
838.947006
839.063140
839.150483
839.208827
839.238034
839.238034
839.208827
839.150483
839.063140
838.947006
838.802357
838.629536
838.428955
838.201091
837.946486
837.932060
838.186326
838.413887
838.614200
838.786791
838.931247
839.047227
839.134453
839.192720
839.221888
839.221888
839.192720
839.134453
839.047227
838.931247
838.786791
838.614200
838.413887
838.186326
837.932060
837.917654
838.171581
838.398839
838.598885
838.771246
838.915510
839.031334
839.118445
839.176633
839.205762
839.205762
839.176633
839.118445
839.031334
838.915510
838.771246
838.598885
838.398839
838.171581
837.917654
837.903267
838.156856
838.383811
838.583591
838.755721
838.899793
839.015463
839.102457
839.160569
839.189659
839.189659
839.160569
839.102457
839.015463
838.899793
838.755721
838.583591
838.383811
838.156856
837.903267
837.888899
838.142150
838.368802
838.568316
838.740217
838.884097
838.999613
839.086492
839.144525
839.173577
839.173577
839.144525
839.086492
838.999613
838.884097
838.740217
838.568316
838.368802
838.142150
837.888899
837.874551
838.127464
838.353814
838.553062
838.724734
838.868422
838.983785
839.070547
839.128504
839.157516
839.157516
839.128504
839.070547
838.983785
838.868422
838.724734
838.553062
838.353814
838.127464
837.874551
837.860221
838.112798
838.338846
838.537829
838.709272
838.852768
838.967977
839.054624
839.112503
839.141477
839.141477
839.112503
839.054624
838.967977
838.852768
838.709272
838.537829
838.338846
838.112798
837.860221
837.845911
838.098151
838.323898
838.522615
838.693830
838.837136
838.952191
839.038722
839.096524
839.125459
839.125459
839.096524
839.038722
838.952191
838.837136
838.693830
838.522615
838.323898
838.098151
837.845911
837.831620
838.083524
838.308970
838.507422
838.678409
838.821523
838.936425
839.022841
839.080566
839.109463
839.109463
839.080566
839.022841
838.936425
838.821523
838.678409
838.507422
838.308970
838.083524
837.831620
837.817347
838.068916
838.294062
838.492250
838.663009
838.805932
838.920681
839.006982
839.064630
839.093488
839.093488
839.064630
839.006982
838.920681
838.805932
838.663009
838.492250
838.294062
838.068916
837.817347
837.803094
838.054327
838.279173
838.477097
838.647629
838.790362
838.904957
838.991143
839.048715
839.077535
839.077535
839.048715
838.991143
838.904957
838.790362
838.647629
838.477097
838.279173
838.054327
837.803094
837.788860
838.039758
838.264305
838.461965
838.632269
838.774812
838.889255
838.975326
839.032821
839.061602
839.061602
839.032821
838.975326
838.889255
838.774812
838.632269
838.461965
838.264305
838.039758
837.788860
837.774644
838.025209
838.249456
838.446853
838.616930
838.759283
838.873574
838.959530
839.016948
839.045691
839.045691
839.016948
838.959530
838.873574
838.759283
838.616930
838.446853
838.249456
838.025209
837.774644
837.760448
838.010679
838.234627
838.431761
838.601612
838.743775
838.857913
838.943755
839.001097
839.029801
839.029801
839.001097
838.943755
838.857913
838.743775
838.601612
838.431761
838.234627
838.010679
837.760448
837.746271
837.996168
838.219818
838.416689
838.586314
838.728288
838.842274
838.928001
838.985266
839.013933
839.013933
838.985266
838.928001
838.842274
838.728288
838.586314
838.416689
838.219818
837.996168
837.746271
837.732112
837.981676
838.205029
838.401638
838.571036
838.712821
838.826655
838.912268
838.969457
838.998086
838.998086
838.969457
838.912268
838.826655
838.712821
838.571036
838.401638
838.205029
837.981676
837.732112
837.717972
837.967204
838.190259
838.386606
838.555779
838.697375
838.811057
838.896556
838.953669
838.982259
838.982259
838.953669
838.896556
838.811057
838.697375
838.555779
838.386606
838.190259
837.967204
837.717972
837.703851
837.952751
838.175509
838.371594
838.540542
838.681949
838.795480
838.880866
838.937902
838.966454
838.966454
838.937902
838.880866
838.795480
838.681949
838.540542
838.371594
838.175509
837.952751
837.703851
837.689749
837.938318
838.160779
838.356603
838.525325
838.666544
838.779924
838.865196
838.922156
838.950670
838.950670
838.922156
838.865196
838.779924
838.666544
838.525325
838.356603
838.160779
837.938318
837.689749
837.675666
837.923903
838.146068
838.341631
838.510129
838.651160
838.764389
838.849547
838.906431
838.934907
838.934907
838.906431
838.849547
838.764389
838.651160
838.510129
838.341631
838.146068
837.923903
837.675666
837.661602
837.909508
838.131377
838.326680
838.494953
838.635796
838.748874
838.833918
838.890727
838.919165
838.919165
838.890727
838.833918
838.748874
838.635796
838.494953
838.326680
838.131377
837.909508
837.661602
837.647556
837.895132
838.116705
838.311748
838.479797
838.620452
838.733380
838.818311
838.875044
838.903445
838.903445
838.875044
838.818311
838.733380
838.620452
838.479797
838.311748
838.116705
837.895132
837.647556
837.633529
837.880775
838.102053
838.296836
838.464661
838.605129
838.717906
838.802725
838.859382
838.887745
838.887745
838.859382
838.802725
838.717906
838.605129
838.464661
838.296836
838.102053
837.880775
837.633529
837.619520
837.866438
838.087421
838.281945
838.449546
838.589827
838.702454
838.787159
838.843741
838.872066
838.872066
838.843741
838.787159
838.702454
838.589827
838.449546
838.281945
838.087421
837.866438
837.619520
837.605530
837.852119
838.072808
838.267073
838.434451
838.574545
838.687022
838.771614
838.828121
838.856408
838.856408
838.828121
838.771614
838.687022
838.574545
838.434451
838.267073
838.072808
837.852119
837.605530
837.591559
837.837820
838.058215
838.252220
838.419376
838.559283
838.671610
838.756090
838.812521
838.840771
838.840771
838.812521
838.756090
838.671610
838.559283
838.419376
838.252220
838.058215
837.837820
837.591559
837.577607
837.823539
838.043641
838.237388
838.404321
838.544042
838.656219
838.740586
838.796943
838.825154
838.825154
838.796943
838.740586
838.656219
838.544042
838.404321
838.237388
838.043641
837.823539
837.577607
837.563673
837.809278
838.029086
838.222576
838.389286
838.528821
838.640849
838.725104
838.781385
838.809559
838.809559
838.781385
838.725104
838.640849
838.528821
838.389286
838.222576
838.029086
837.809278
837.563673
837.549757
837.795035
838.014551
838.207783
838.374271
838.513620
838.625499
838.709642
838.765848
838.793985
838.793985
838.765848
838.709642
838.625499
838.513620
838.374271
838.207783
838.014551
837.795035
837.549757
837.535861
837.780812
838.000035
838.193010
838.359276
838.498440
838.610170
838.694200
838.750332
838.778431
838.778431
838.750332
838.694200
838.610170
838.498440
838.359276
838.193010
838.000035
837.780812
837.535861
837.521982
837.766607
837.985539
838.178256
838.344302
838.483280
838.594861
838.678779
838.734836
838.762898
838.762898
838.734836
838.678779
838.594861
838.483280
838.344302
838.178256
837.985539
837.766607
837.521982
837.508122
837.752422
837.971062
838.163523
838.329347
838.468140
838.579572
838.663379
838.719361
838.747385
838.747385
838.719361
838.663379
838.579572
838.468140
838.329347
838.163523
837.971062
837.752422
837.508122
837.494281
837.738255
837.956604
838.148808
838.314412
838.453020
838.564304
838.647999
838.703907
838.731894
838.731894
838.703907
838.647999
838.564304
838.453020
838.314412
838.148808
837.956604
837.738255
837.494281
837.480458
837.724107
837.942165
838.134114
838.299497
838.437921
838.549056
838.632640
838.688473
838.716423
838.716423
838.688473
838.632640
838.549056
838.437921
838.299497
838.134114
837.942165
837.724107
837.480458
837.466653
837.709978
837.927746
838.119439
838.284602
838.422841
838.533829
838.617301
838.673060
838.700973
838.700973
838.673060
838.617301
838.533829
838.422841
838.284602
838.119439
837.927746
837.709978
837.466653
837.452867
837.695868
837.913346
838.104784
838.269726
838.407782
838.518622
838.601983
838.657668
838.685543
838.685543
838.657668
838.601983
838.518622
838.407782
838.269726
838.104784
837.913346
837.695868
837.452867
837.439099
837.681777
837.898965
838.090148
838.254871
838.392743
838.503435
838.586685
838.642296
838.670134
838.670134
838.642296
838.586685
838.503435
838.392743
838.254871
838.090148
837.898965
837.681777
837.439099
837.425350
837.667704
837.884603
838.075532
838.240036
838.377724
838.488269
838.571408
838.626944
838.654746
838.654746
838.626944
838.571408
838.488269
838.377724
838.240036
838.075532
837.884603
837.667704
837.425350
837.411619
837.653650
837.870261
838.060935
838.225220
838.362724
838.473122
838.556151
838.611613
838.639378
838.639378
838.611613
838.556151
838.473122
838.362724
838.225220
838.060935
837.870261
837.653650
837.411619
837.397906
837.639615
837.855937
838.046358
838.210424
838.347745
838.457996
838.540914
838.596303
838.624030
838.624030
838.596303
838.540914
838.457996
838.347745
838.210424
838.046358
837.855937
837.639615
837.397906
837.384211
837.625599
837.841633
838.031800
838.195647
838.332786
838.442890
838.525698
838.581013
838.608703
838.608703
838.581013
838.525698
838.442890
838.332786
838.195647
838.031800
837.841633
837.625599
837.384211
837.370534
837.611601
837.827347
838.017261
838.180891
838.317847
838.427804
838.510502
838.565743
838.593397
838.593397
838.565743
838.510502
838.427804
838.317847
838.180891
838.017261
837.827347
837.611601
837.370534
837.356876
837.597622
837.813081
838.002742
838.166154
838.302928
838.412739
838.495326
838.550494
838.578110
838.578110
838.550494
838.495326
838.412739
838.302928
838.166154
838.002742
837.813081
837.597622
837.356876
837.343236
837.583661
837.798834
837.988242
838.151436
838.288028
838.397693
838.480171
838.535265
838.562845
838.562845
838.535265
838.480171
838.397693
838.288028
838.151436
837.988242
837.798834
837.583661
837.343236
837.329614
837.569719
837.784605
837.973762
838.136739
838.273149
838.382668
838.465035
838.520056
838.547599
838.547599
838.520056
838.465035
838.382668
838.273149
838.136739
837.973762
837.784605
837.569719
837.329614
837.316010
837.555796
837.770396
837.959301
838.122061
838.258289
838.367662
838.449920
838.504868
838.532374
838.532374
838.504868
838.449920
838.367662
838.258289
838.122061
837.959301
837.770396
837.555796
837.316010
837.302425
837.541891
837.756206
837.944859
838.107402
838.243449
838.352677
838.434825
838.489700
838.517170
838.517170
838.489700
838.434825
838.352677
838.243449
838.107402
837.944859
837.756206
837.541891
837.302425
837.288857
837.528005
837.742034
837.930436
838.092763
838.228629
838.337711
838.419751
838.474552
838.501985
838.501985
838.474552
838.419751
838.337711
838.228629
838.092763
837.930436
837.742034
837.528005
837.288857
837.275308
837.514137
837.727881
837.916033
838.078144
838.213829
838.322766
838.404696
838.459424
838.486821
838.486821
838.459424
838.404696
838.322766
838.213829
838.078144
837.916033
837.727881
837.514137
837.275308
837.261776
837.500288
837.713748
837.901648
838.063544
838.199048
838.307840
838.389661
838.444317
838.471677
838.471677
838.444317
838.389661
838.307840
838.199048
838.063544
837.901648
837.713748
837.500288
837.261776
837.248262
837.486457
837.699633
837.887283
838.048963
838.184287
838.292935
838.374647
838.429229
838.456553
838.456553
838.429229
838.374647
838.292935
838.184287
838.048963
837.887283
837.699633
837.486457
837.248262
837.234767
837.472644
837.685536
837.872937
838.034402
838.169546
838.278049
838.359652
838.414162
838.441450
838.441450
838.414162
838.359652
838.278049
838.169546
838.034402
837.872937
837.685536
837.472644
837.234767
837.221289
837.458850
837.671459
837.858611
838.019860
838.154825
838.263183
838.344677
838.399115
838.426366
838.426366
838.399115
838.344677
838.263183
838.154825
838.019860
837.858611
837.671459
837.458850
837.221289
837.207830
837.445074
837.657400
837.844303
838.005338
838.140123
838.248337
838.329723
838.384088
838.411303
838.411303
838.384088
838.329723
838.248337
838.140123
838.005338
837.844303
837.657400
837.445074
837.207830
837.194388
837.431317
837.643360
837.830014
837.990835
838.125440
838.233510
838.314788
838.369081
838.396260
838.396260
838.369081
838.314788
838.233510
838.125440
837.990835
837.830014
837.643360
837.431317
837.194388
837.180964
837.417578
837.629339
837.815745
837.976351
838.110778
838.218704
838.299873
838.354094
838.381236
838.381236
838.354094
838.299873
838.218704
838.110778
837.976351
837.815745
837.629339
837.417578
837.180964
837.167558
837.403857
837.615336
837.801494
837.961887
838.096134
838.203917
838.284979
838.339127
838.366233
838.366233
838.339127
838.284979
838.203917
838.096134
837.961887
837.801494
837.615336
837.403857
837.167558
837.154170
837.390154
837.601353
837.787262
837.947442
838.081511
838.189150
838.270104
838.324180
838.351250
838.351250
838.324180
838.270104
838.189150
838.081511
837.947442
837.787262
837.601353
837.390154
837.154170
837.140800
837.376470
837.587387
837.773050
837.933016
838.066906
838.174402
838.255248
838.309253
838.336287
838.336287
838.309253
838.255248
838.174402
838.066906
837.933016
837.773050
837.587387
837.376470
837.140800
837.127447
837.362804
837.573441
837.758856
837.918610
838.052322
838.159674
838.240413
838.294346
838.321344
838.321344
838.294346
838.240413
838.159674
838.052322
837.918610
837.758856
837.573441
837.362804
837.127447
837.114112
837.349156
837.559512
837.744681
837.904222
838.037756
838.144966
838.225597
838.279458
838.306421
838.306421
838.279458
838.225597
838.144966
838.037756
837.904222
837.744681
837.559512
837.349156
837.114112
837.100795
837.335526
837.545603
837.730525
837.889854
838.023210
838.130278
838.210802
838.264591
838.291517
838.291517
838.264591
838.210802
838.130278
838.023210
837.889854
837.730525
837.545603
837.335526
837.100795
837.087496
837.321915
837.531712
837.716388
837.875505
838.008684
838.115609
838.196025
838.249743
838.276634
838.276634
838.249743
838.196025
838.115609
838.008684
837.875505
837.716388
837.531712
837.321915
837.087496
837.074214
837.308321
837.517839
837.702270
837.861175
837.994177
838.100959
838.181269
838.234915
838.261770
838.261770
838.234915
838.181269
838.100959
837.994177
837.861175
837.702270
837.517839
837.308321
837.074214
837.060950
837.294746
837.503985
837.688170
837.846864
837.979689
838.086329
838.166532
838.220107
838.246926
838.246926
838.220107
838.166532
838.086329
837.979689
837.846864
837.688170
837.503985
837.294746
837.060950
837.047704
837.281189
837.490149
837.674090
837.832572
837.965220
838.071719
838.151815
838.205319
838.232102
838.232102
838.205319
838.151815
838.071719
837.965220
837.832572
837.674090
837.490149
837.281189
837.047704
837.034475
837.267649
837.476332
837.660028
837.818299
837.950771
838.057128
838.137118
838.190550
838.217298
838.217298
838.190550
838.137118
838.057128
837.950771
837.818299
837.660028
837.476332
837.267649
837.034475
837.021264
837.254128
837.462533
837.645984
837.804046
837.936341
838.042557
838.122440
838.175801
838.202513
838.202513
838.175801
838.122440
838.042557
837.936341
837.804046
837.645984
837.462533
837.254128
837.021264
837.008071
837.240625
837.448753
837.631960
837.789811
837.921930
838.028005
838.107781
838.161072
838.187748
838.187748
838.161072
838.107781
838.028005
837.921930
837.789811
837.631960
837.448753
837.240625
837.008071
836.994895
837.227140
837.434991
837.617954
837.775595
837.907539
838.013472
838.093143
838.146362
838.173003
838.173003
838.146362
838.093143
838.013472
837.907539
837.775595
837.617954
837.434991
837.227140
836.994895
836.981736
837.213672
837.421247
837.603967
837.761398
837.893166
837.998959
838.078523
838.131672
838.158278
838.158278
838.131672
838.078523
837.998959
837.893166
837.761398
837.603967
837.421247
837.213672
836.981736
836.968595
837.200223
837.407521
837.589998
837.747220
837.878813
837.984465
838.063924
838.117001
838.143572
838.143572
838.117001
838.063924
837.984465
837.878813
837.747220
837.589998
837.407521
837.200223
836.968595
836.955472
837.186791
837.393814
837.576048
837.733061
837.864479
837.969990
838.049343
838.102350
838.128885
838.128885
838.102350
838.049343
837.969990
837.864479
837.733061
837.576048
837.393814
837.186791
836.955472
836.942366
837.173378
837.380125
837.562117
837.718921
837.850164
837.955535
838.034782
838.087719
838.114219
838.114219
838.087719
838.034782
837.955535
837.850164
837.718921
837.562117
837.380125
837.173378
836.942366
836.929277
837.159982
837.366454
837.548204
837.704800
837.835868
837.941099
838.020241
838.073107
838.099572
838.099572
838.073107
838.020241
837.941099
837.835868
837.704800
837.548204
837.366454
837.159982
836.929277
836.916206
837.146604
837.352802
837.534310
837.690697
837.821591
837.926682
838.005719
838.058515
838.084944
838.084944
838.058515
838.005719
837.926682
837.821591
837.690697
837.534310
837.352802
837.146604
836.916206
836.903152
837.133244
837.339167
837.520434
837.676613
837.807333
837.912284
837.991216
838.043942
838.070336
838.070336
838.043942
837.991216
837.912284
837.807333
837.676613
837.520434
837.339167
837.133244
836.903152
836.890116
837.119901
837.325551
837.506577
837.662548
837.793094
837.897906
837.976732
838.029388
838.055747
838.055747
838.029388
837.976732
837.897906
837.793094
837.662548
837.506577
837.325551
837.119901
836.890116
836.877097
837.106576
837.311953
837.492738
837.648502
837.778874
837.883546
837.962268
838.014854
838.041178
838.041178
838.014854
837.962268
837.883546
837.778874
837.648502
837.492738
837.311953
837.106576
836.877097
836.864095
837.093270
837.298373
837.478917
837.634474
837.764674
837.869206
837.947823
838.000339
838.026628
838.026628
838.000339
837.947823
837.869206
837.764674
837.634474
837.478917
837.298373
837.093270
836.864095
836.851111
837.079980
837.284811
837.465115
837.620465
837.750491
837.854885
837.933398
837.985843
838.012098
838.012098
837.985843
837.933398
837.854885
837.750491
837.620465
837.465115
837.284811
837.079980
836.851111
836.838143
837.066709
837.271267
837.451332
837.606475
837.736328
837.840583
837.918991
837.971367
837.997586
837.997586
837.971367
837.918991
837.840583
837.736328
837.606475
837.451332
837.271267
837.066709
836.838143
836.825193
837.053455
837.257741
837.437566
837.592503
837.722184
837.826300
837.904604
837.956910
837.983095
837.983095
837.956910
837.904604
837.826300
837.722184
837.592503
837.437566
837.257741
837.053455
836.825193
836.812260
837.040219
837.244233
837.423819
837.578550
837.708058
837.812036
837.890236
837.942473
837.968622
837.968622
837.942473
837.890236
837.812036
837.708058
837.578550
837.423819
837.244233
837.040219
836.812260
836.799345
837.027000
837.230743
837.410091
837.564616
837.693952
837.797791
837.875887
837.928054
837.954169
837.954169
837.928054
837.875887
837.797791
837.693952
837.564616
837.410091
837.230743
837.027000
836.799345
836.786446
837.013799
837.217271
837.396380
837.550700
837.679864
837.783565
837.861557
837.913655
837.939735
837.939735
837.913655
837.861557
837.783565
837.679864
837.550700
837.396380
837.217271
837.013799
836.786446
836.773565
837.000615
837.203817
837.382688
837.536803
837.665795
837.769358
837.847247
837.899275
837.925321
837.925321
837.899275
837.847247
837.769358
837.665795
837.536803
837.382688
837.203817
837.000615
836.773565
836.760701
836.987449
837.190381
837.369014
837.522924
837.651744
837.755170
837.832955
837.884914
837.910925
837.910925
837.884914
837.832955
837.755170
837.651744
837.522924
837.369014
837.190381
836.987449
836.760701
836.747854
836.974301
837.176963
837.355358
837.509063
837.637713
837.741001
837.818682
837.870573
837.896549
837.896549
837.870573
837.818682
837.741001
837.637713
837.509063
837.355358
837.176963
836.974301
836.747854
836.735024
836.961170
837.163562
837.341721
837.495221
837.623700
837.726851
837.804429
837.856250
837.882192
837.882192
837.856250
837.804429
837.726851
837.623700
837.495221
837.341721
837.163562
836.961170
836.735024
836.722211
836.948056
837.150180
837.328101
837.481398
837.609705
837.712719
837.790194
837.841947
837.867854
837.867854
837.841947
837.790194
837.712719
837.609705
837.481398
837.328101
837.150180
836.948056
836.722211
836.709415
836.934960
837.136815
837.314500
837.467593
837.595730
837.698606
837.775978
837.827662
837.853535
837.853535
837.827662
837.775978
837.698606
837.595730
837.467593
837.314500
837.136815
836.934960
836.709415
836.696636
836.921882
837.123468
837.300917
837.453806
837.581773
837.684513
837.761782
837.813397
837.839235
837.839235
837.813397
837.761782
837.684513
837.581773
837.453806
837.300917
837.123468
836.921882
836.696636
836.683875
836.908820
837.110139
837.287352
837.440038
837.567834
837.670437
837.747604
837.799150
837.824954
837.824954
837.799150
837.747604
837.670437
837.567834
837.440038
837.287352
837.110139
836.908820
836.683875
836.671130
836.895776
837.096827
837.273805
837.426288
837.553914
837.656381
837.733445
837.784923
837.810692
837.810692
837.784923
837.733445
837.656381
837.553914
837.426288
837.273805
837.096827
836.895776
836.671130
836.658402
836.882750
837.083533
837.260275
837.412556
837.540013
837.642344
837.719305
837.770714
837.796450
837.796450
837.770714
837.719305
837.642344
837.540013
837.412556
837.260275
837.083533
836.882750
836.658402
836.645691
836.869741
837.070257
837.246764
837.398842
837.526130
837.628325
837.705184
837.756525
837.782226
837.782226
837.756525
837.705184
837.628325
837.526130
837.398842
837.246764
837.070257
836.869741
836.645691
836.632996
836.856749
837.056999
837.233271
837.385147
837.512265
837.614324
837.691081
837.742354
837.768021
837.768021
837.742354
837.691081
837.614324
837.512265
837.385147
837.233271
837.056999
836.856749
836.632996
836.620319
836.843774
837.043758
837.219796
837.371470
837.498420
837.600343
837.676998
837.728202
837.753835
837.753835
837.728202
837.676998
837.600343
837.498420
837.371470
837.219796
837.043758
836.843774
836.620319
836.607659
836.830816
837.030535
837.206339
837.357811
837.484592
837.586380
837.662933
837.714069
837.739668
837.739668
837.714069
837.662933
837.586380
837.484592
837.357811
837.206339
837.030535
836.830816
836.607659
836.595015
836.817876
837.017329
837.192900
837.344171
837.470783
837.572435
837.648887
837.699955
837.725520
837.725520
837.699955
837.648887
837.572435
837.470783
837.344171
837.192900
837.017329
836.817876
836.595015
836.582388
836.804953
837.004141
837.179478
837.330548
837.456992
837.558509
837.634859
837.685860
837.711390
837.711390
837.685860
837.634859
837.558509
837.456992
837.330548
837.179478
837.004141
836.804953
836.582388
836.569778
836.792047
836.990971
837.166075
837.316944
837.443220
837.544602
837.620850
837.671783
837.697280
837.697280
837.671783
837.620850
837.544602
837.443220
837.316944
837.166075
836.990971
836.792047
836.569778
836.557185
836.779159
836.977818
837.152689
837.303358
837.429466
837.530713
837.606860
837.657725
837.683188
837.683188
837.657725
837.606860
837.530713
837.429466
837.303358
837.152689
836.977818
836.779159
836.557185
836.544608
836.766287
836.964682
837.139321
837.289790
837.415730
837.516843
837.592889
837.643686
837.669115
837.669115
837.643686
837.592889
837.516843
837.415730
837.289790
837.139321
836.964682
836.766287
836.544608
836.532049
836.753433
836.951564
837.125971
837.276240
837.402012
837.502991
837.578936
837.629666
837.655061
837.655061
837.629666
837.578936
837.502991
837.402012
837.276240
837.125971
836.951564
836.753433
836.532049
836.519505
836.740596
836.938463
837.112639
837.262707
837.388313
837.489158
837.565001
837.615664
837.641026
837.641026
837.615664
837.565001
837.489158
837.388313
837.262707
837.112639
836.938463
836.740596
836.519505
836.506979
836.727775
836.925380
837.099324
837.249193
837.374632
837.475343
837.551086
837.601681
837.627009
837.627009
837.601681
837.551086
837.475343
837.374632
837.249193
837.099324
836.925380
836.727775
836.506979
836.494469
836.714972
836.912315
837.086027
837.235697
837.360970
837.461546
837.537188
837.587716
837.613011
837.613011
837.587716
837.537188
837.461546
837.360970
837.235697
837.086027
836.912315
836.714972
836.494469
836.481976
836.702186
836.899266
837.072748
837.222219
837.347325
837.447768
837.523310
837.573771
837.599031
837.599031
837.573771
837.523310
837.447768
837.347325
837.222219
837.072748
836.899266
836.702186
836.481976
836.469499
836.689417
836.886235
837.059486
837.208759
837.333699
837.434008
837.509449
837.559843
837.585070
837.585070
837.559843
837.509449
837.434008
837.333699
837.208759
837.059486
836.886235
836.689417
836.469499
836.457039
836.676665
836.873221
837.046242
837.195317
837.320090
837.420266
837.495608
837.545934
837.571128
837.571128
837.545934
837.495608
837.420266
837.320090
837.195317
837.046242
836.873221
836.676665
836.457039
836.444596
836.663929
836.860225
837.033016
837.181892
837.306500
837.406543
837.481784
837.532044
837.557204
837.557204
837.532044
837.481784
837.406543
837.306500
837.181892
837.033016
836.860225
836.663929
836.444596
836.432169
836.651211
836.847246
837.019807
837.168486
837.292928
837.392838
837.467979
837.518172
837.543299
837.543299
837.518172
837.467979
837.392838
837.292928
837.168486
837.019807
836.847246
836.651211
836.432169
836.419758
836.638510
836.834284
837.006616
837.155097
837.279374
837.379151
837.454192
837.504319
837.529412
837.529412
837.504319
837.454192
837.379151
837.279374
837.155097
837.006616
836.834284
836.638510
836.419758
836.407365
836.625825
836.821339
836.993443
837.141726
837.265838
837.365483
837.440424
837.490484
837.515544
837.515544
837.490484
837.440424
837.365483
837.265838
837.141726
836.993443
836.821339
836.625825
836.407365
836.394987
836.613157
836.808412
836.980287
837.128373
837.252320
837.351832
837.426674
837.476668
837.501694
837.501694
837.476668
837.426674
837.351832
837.252320
837.128373
836.980287
836.808412
836.613157
836.394987
836.382626
836.600506
836.795502
836.967148
837.115038
837.238820
837.338200
837.412943
837.462870
837.487863
837.487863
837.462870
837.412943
837.338200
837.238820
837.115038
836.967148
836.795502
836.600506
836.382626
836.370281
836.587872
836.782608
836.954027
837.101720
837.225338
837.324586
837.399229
837.449090
837.474050
837.474050
837.449090
837.399229
837.324586
837.225338
837.101720
836.954027
836.782608
836.587872
836.370281
836.357953
836.575255
836.769733
836.940923
837.088420
837.211874
837.310990
837.385534
837.435329
837.460255
837.460255
837.435329
837.385534
837.310990
837.211874
837.088420
836.940923
836.769733
836.575255
836.357953
836.345641
836.562655
836.756874
836.927837
837.075138
837.198428
837.297412
837.371857
837.421586
837.446479
837.446479
837.421586
837.371857
837.297412
837.198428
837.075138
836.927837
836.756874
836.562655
836.345641
836.333346
836.550071
836.744032
836.914768
837.061874
837.184999
837.283853
837.358199
837.407861
837.432721
837.432721
837.407861
837.358199
837.283853
837.184999
837.061874
836.914768
836.744032
836.550071
836.333346
836.321067
836.537504
836.731207
836.901717
837.048627
837.171589
837.270311
837.344558
837.394154
837.418982
837.418982
837.394154
837.344558
837.270311
837.171589
837.048627
836.901717
836.731207
836.537504
836.321067
836.308804
836.524954
836.718400
836.888683
837.035398
837.158196
837.256787
837.330936
837.380466
837.405261
837.405261
837.380466
837.330936
837.256787
837.158196
837.035398
836.888683
836.718400
836.524954
836.308804
836.296557
836.512420
836.705609
836.875666
837.022186
837.144822
837.243281
837.317331
837.366796
837.391558
837.391558
837.366796
837.317331
837.243281
837.144822
837.022186
836.875666
836.705609
836.512420
836.296557
836.284327
836.499903
836.692836
836.862666
837.008992
837.131465
837.229794
837.303745
837.353144
837.377873
837.377873
837.353144
837.303745
837.229794
837.131465
837.008992
836.862666
836.692836
836.499903
836.284327
836.272113
836.487403
836.680079
836.849684
836.995815
837.118125
837.216324
837.290177
837.339511
837.364207
837.364207
837.339511
837.290177
837.216324
837.118125
836.995815
836.849684
836.680079
836.487403
836.272113
836.259915
836.474919
836.667339
836.836719
836.982656
837.104804
837.202872
837.276627
837.325895
837.350558
837.350558
837.325895
837.276627
837.202872
837.104804
836.982656
836.836719
836.667339
836.474919
836.259915
836.247733
836.462452
836.654617
836.823772
836.969515
837.091500
837.189438
837.263095
837.312298
837.336928
837.336928
837.312298
837.263095
837.189438
837.091500
836.969515
836.823772
836.654617
836.462452
836.247733
836.235568
836.450001
836.641911
836.810841
836.956391
837.078214
837.176022
837.249581
837.298718
837.323316
837.323316
837.298718
837.249581
837.176022
837.078214
836.956391
836.810841
836.641911
836.450001
836.235568
836.223419
836.437567
836.629222
836.797928
836.943284
837.064946
837.162623
837.236085
837.285157
837.309722
837.309722
837.285157
837.236085
837.162623
837.064946
836.943284
836.797928
836.629222
836.437567
836.223419
836.211285
836.425149
836.616550
836.785032
836.930195
837.051695
837.149243
837.222607
837.271614
837.296146
837.296146
837.271614
837.222607
837.149243
837.051695
836.930195
836.785032
836.616550
836.425149
836.211285
836.199168
836.412748
836.603895
836.772153
836.917123
837.038462
837.135880
837.209147
837.258089
837.282588
837.282588
837.258089
837.209147
837.135880
837.038462
836.917123
836.772153
836.603895
836.412748
836.199168
836.187067
836.400364
836.591256
836.759291
836.904069
837.025246
837.122535
837.195705
837.244581
837.269049
837.269049
837.244581
837.195705
837.122535
837.025246
836.904069
836.759291
836.591256
836.400364
836.187067
836.174983
836.387996
836.578635
836.746446
836.891032
837.012048
837.109208
837.182281
837.231092
837.255527
837.255527
837.231092
837.182281
837.109208
837.012048
836.891032
836.746446
836.578635
836.387996
836.174983
836.162914
836.375644
836.566030
836.733619
836.878012
836.998868
837.095899
837.168874
837.217621
837.242023
837.242023
837.217621
837.168874
837.095899
836.998868
836.878012
836.733619
836.566030
836.375644
836.162914
836.150861
836.363309
836.553442
836.720808
836.865010
836.985705
837.082607
837.155486
837.204168
837.228538
837.228538
837.204168
837.155486
837.082607
836.985705
836.865010
836.720808
836.553442
836.363309
836.150861
836.138824
836.350990
836.540870
836.708014
836.852025
836.972560
837.069333
837.142115
837.190732
837.215070
837.215070
837.190732
837.142115
837.069333
836.972560
836.852025
836.708014
836.540870
836.350990
836.138824
836.126803
836.338687
836.528316
836.695238
836.839057
836.959432
837.056077
837.128762
837.177315
837.201620
837.201620
837.177315
837.128762
837.056077
836.959432
836.839057
836.695238
836.528316
836.338687
836.126803
836.114798
836.326401
836.515778
836.682478
836.826106
836.946322
837.042838
837.115427
837.163915
837.188188
837.188188
837.163915
837.115427
837.042838
836.946322
836.826106
836.682478
836.515778
836.326401
836.114798
836.102809
836.314131
836.503256
836.669735
836.813173
836.933229
837.029617
837.102109
837.150533
837.174774
837.174774
837.150533
837.102109
837.029617
836.933229
836.813173
836.669735
836.503256
836.314131
836.102809
836.090836
836.301878
836.490752
836.657010
836.800257
836.920153
837.016413
837.088809
837.137169
837.161377
837.161377
837.137169
837.088809
837.016413
836.920153
836.800257
836.657010
836.490752
836.301878
836.090836
836.078879
836.289640
836.478264
836.644301
836.787358
836.907095
837.003227
837.075527
837.123823
837.147999
837.147999
837.123823
837.075527
837.003227
836.907095
836.787358
836.644301
836.478264
836.289640
836.078879
836.066938
836.277419
836.465792
836.631609
836.774476
836.894054
836.990059
837.062263
837.110494
837.134638
837.134638
837.110494
837.062263
836.990059
836.894054
836.774476
836.631609
836.465792
836.277419
836.066938
836.055013
836.265214
836.453337
836.618934
836.761611
836.881031
836.976908
837.049016
837.097183
837.121295
837.121295
837.097183
837.049016
836.976908
836.881031
836.761611
836.618934
836.453337
836.265214
836.055013
836.043103
836.253026
836.440899
836.606276
836.748764
836.868024
836.963774
837.035787
837.083890
837.107970
837.107970
837.083890
837.035787
836.963774
836.868024
836.748764
836.606276
836.440899
836.253026
836.043103
836.031209
836.240853
836.428477
836.593634
836.735933
836.855036
836.950659
837.022575
837.070614
837.094663
837.094663
837.070614
837.022575
836.950659
836.855036
836.735933
836.593634
836.428477
836.240853
836.031209
836.019331
836.228697
836.416072
836.581010
836.723120
836.842064
836.937560
837.009381
837.057357
837.081373
837.081373
837.057357
837.009381
836.937560
836.842064
836.723120
836.581010
836.416072
836.228697
836.019331
836.007469
836.216557
836.403683
836.568402
836.710323
836.829110
836.924479
836.996205
837.044116
837.068101
837.068101
837.044116
836.996205
836.924479
836.829110
836.710323
836.568402
836.403683
836.216557
836.007469
835.995623
836.204433
836.391310
836.555811
836.697544
836.816172
836.911415
836.983046
837.030894
837.054847
837.054847
837.030894
836.983046
836.911415
836.816172
836.697544
836.555811
836.391310
836.204433
835.995623
835.983792
836.192325
836.378955
836.543237
836.684781
836.803253
836.898369
836.969904
837.017689
837.041610
837.041610
837.017689
836.969904
836.898369
836.803253
836.684781
836.543237
836.378955
836.192325
835.983792
835.971977
836.180233
836.366615
836.530679
836.672036
836.790350
836.885340
836.956780
837.004502
837.028391
837.028391
837.004502
836.956780
836.885340
836.790350
836.672036
836.530679
836.366615
836.180233
835.971977
835.960177
836.168158
836.354292
836.518138
836.659307
836.777464
836.872328
836.943674
836.991332
837.015189
837.015189
836.991332
836.943674
836.872328
836.777464
836.659307
836.518138
836.354292
836.168158
835.960177
835.948394
836.156098
836.341985
836.505614
836.646596
836.764596
836.859334
836.930584
836.978179
837.002005
837.002005
836.978179
836.930584
836.859334
836.764596
836.646596
836.505614
836.341985
836.156098
835.948394
835.936626
836.144054
836.329695
836.493106
836.633901
836.751744
836.846356
836.917513
836.965044
836.988838
836.988838
836.965044
836.917513
836.846356
836.751744
836.633901
836.493106
836.329695
836.144054
835.936626
835.924873
836.132026
836.317421
836.480615
836.621223
836.738910
836.833397
836.904458
836.951927
836.975689
836.975689
836.951927
836.904458
836.833397
836.738910
836.621223
836.480615
836.317421
836.132026
835.924873
835.913136
836.120015
836.305163
836.468141
836.608562
836.726093
836.820454
836.891421
836.938827
836.962558
836.962558
836.938827
836.891421
836.820454
836.726093
836.608562
836.468141
836.305163
836.120015
835.913136
835.901415
836.108019
836.292921
836.455683
836.595918
836.713293
836.807529
836.878402
836.925744
836.949444
836.949444
836.925744
836.878402
836.807529
836.713293
836.595918
836.455683
836.292921
836.108019
835.901415
835.889710
836.096039
836.280696
836.443242
836.583291
836.700509
836.794620
836.865400
836.912679
836.936347
836.936347
836.912679
836.865400
836.794620
836.700509
836.583291
836.443242
836.280696
836.096039
835.889710
835.878019
836.084075
836.268487
836.430817
836.570680
836.687743
836.781729
836.852415
836.899631
836.923268
836.923268
836.899631
836.852415
836.781729
836.687743
836.570680
836.430817
836.268487
836.084075
835.878019
835.866345
836.072127
836.256294
836.418409
836.558086
836.674994
836.768855
836.839447
836.886601
836.910206
836.910206
836.886601
836.839447
836.768855
836.674994
836.558086
836.418409
836.256294
836.072127
835.866345
835.854686
836.060195
836.244117
836.406017
836.545509
836.662262
836.755998
836.826496
836.873588
836.897162
836.897162
836.873588
836.826496
836.755998
836.662262
836.545509
836.406017
836.244117
836.060195
835.854686
835.843042
836.048278
836.231957
836.393642
836.532948
836.649546
836.743159
836.813563
836.860592
836.884135
836.884135
836.860592
836.813563
836.743159
836.649546
836.532948
836.393642
836.231957
836.048278
835.843042
835.831414
836.036378
836.219813
836.381283
836.520405
836.636848
836.730336
836.800647
836.847614
836.871125
836.871125
836.847614
836.800647
836.730336
836.636848
836.520405
836.381283
836.219813
836.036378
835.831414
835.819801
836.024493
836.207684
836.368940
836.507878
836.624166
836.717530
836.787748
836.834652
836.858132
836.858132
836.834652
836.787748
836.717530
836.624166
836.507878
836.368940
836.207684
836.024493
835.819801
835.808203
836.012624
836.195572
836.356614
836.495367
836.611502
836.704742
836.774866
836.821708
836.845157
836.845157
836.821708
836.774866
836.704742
836.611502
836.495367
836.356614
836.195572
836.012624
835.808203
835.796621
836.000771
836.183476
836.344305
836.482873
836.598854
836.691970
836.762001
836.808781
836.832199
836.832199
836.808781
836.762001
836.691970
836.598854
836.482873
836.344305
836.183476
836.000771
835.796621
835.785055
835.988933
836.171396
836.332011
836.470396
836.586223
836.679215
836.749154
836.795872
836.819258
836.819258
836.795872
836.749154
836.679215
836.586223
836.470396
836.332011
836.171396
835.988933
835.785055
835.773503
835.977111
836.159333
836.319734
836.457936
836.573608
836.666478
836.736323
836.782979
836.806335
836.806335
836.782979
836.736323
836.666478
836.573608
836.457936
836.319734
836.159333
835.977111
835.773503
835.761967
835.965305
836.147285
836.307474
836.445492
836.561011
836.653757
836.723510
836.770104
836.793429
836.793429
836.770104
836.723510
836.653757
836.561011
836.445492
836.307474
836.147285
835.965305
835.761967
835.750447
835.953515
836.135253
836.295229
836.433064
836.548430
836.641053
836.710713
836.757246
836.780539
836.780539
836.757246
836.710713
836.641053
836.548430
836.433064
836.295229
836.135253
835.953515
835.750447
835.738941
835.941740
836.123237
836.283001
836.420653
836.535866
836.628366
836.697934
836.744404
836.767667
836.767667
836.744404
836.697934
836.628366
836.535866
836.420653
836.283001
836.123237
835.941740
835.738941
835.727451
835.929981
836.111237
836.270789
836.408258
836.523318
836.615696
836.685171
836.731580
836.754812
836.754812
836.731580
836.685171
836.615696
836.523318
836.408258
836.270789
836.111237
835.929981
835.727451
835.715976
835.918237
836.099253
836.258593
836.395880
836.510788
836.603043
836.672426
836.718773
836.741974
836.741974
836.718773
836.672426
836.603043
836.510788
836.395880
836.258593
836.099253
835.918237
835.715976
835.704517
835.906509
836.087285
836.246414
836.383519
836.498274
836.590406
836.659697
836.705983
836.729154
836.729154
836.705983
836.659697
836.590406
836.498274
836.383519
836.246414
836.087285
835.906509
835.704517
835.693072
835.894797
836.075333
836.234251
836.371174
836.485776
836.577786
836.646986
836.693210
836.716350
836.716350
836.693210
836.646986
836.577786
836.485776
836.371174
836.234251
836.075333
835.894797
835.693072
835.681643
835.883100
836.063396
836.222103
836.358845
836.473295
836.565183
836.634291
836.680454
836.703563
836.703563
836.680454
836.634291
836.565183
836.473295
836.358845
836.222103
836.063396
835.883100
835.681643
835.670229
835.871419
836.051476
836.209972
836.346532
836.460831
836.552597
836.621613
836.667715
836.690793
836.690793
836.667715
836.621613
836.552597
836.460831
836.346532
836.209972
836.051476
835.871419
835.670229
835.658830
835.859753
836.039571
836.197857
836.334236
836.448383
836.540028
836.608952
836.654993
836.678041
836.678041
836.654993
836.608952
836.540028
836.448383
836.334236
836.197857
836.039571
835.859753
835.658830
835.647446
835.848102
836.027682
836.185759
836.321956
836.435952
836.527475
836.596308
836.642288
836.665305
836.665305
836.642288
836.596308
836.527475
836.435952
836.321956
836.185759
836.027682
835.848102
835.647446
835.636077
835.836468
836.015809
836.173676
836.309693
836.423537
836.514939
836.583681
836.629599
836.652586
836.652586
836.629599
836.583681
836.514939
836.423537
836.309693
836.173676
836.015809
835.836468
835.636077
835.624724
835.824848
836.003952
836.161609
836.297446
836.411139
836.502420
836.571070
836.616928
836.639884
836.639884
836.616928
836.571070
836.502420
836.411139
836.297446
836.161609
836.003952
835.824848
835.624724
835.613385
835.813244
835.992110
836.149558
836.285215
836.398758
836.489917
836.558476
836.604273
836.627199
836.627199
836.604273
836.558476
836.489917
836.398758
836.285215
836.149558
835.992110
835.813244
835.613385
835.602061
835.801655
835.980284
836.137524
836.273000
836.386392
836.477431
836.545899
836.591635
836.614530
836.614530
836.591635
836.545899
836.477431
836.386392
836.273000
836.137524
835.980284
835.801655
835.602061
835.590753
835.790082
835.968474
836.125505
836.260802
836.374043
836.464961
836.533339
836.579014
836.601879
836.601879
836.579014
836.533339
836.464961
836.374043
836.260802
836.125505
835.968474
835.790082
835.590753
835.579459
835.778524
835.956680
836.113502
836.248620
836.361711
836.452508
836.520795
836.566410
836.589244
836.589244
836.566410
836.520795
836.452508
836.361711
836.248620
836.113502
835.956680
835.778524
835.579459
835.568181
835.766982
835.944901
836.101515
836.236453
836.349395
836.440071
836.508268
836.553822
836.576626
836.576626
836.553822
836.508268
836.440071
836.349395
836.236453
836.101515
835.944901
835.766982
835.568181
835.556917
835.755454
835.933137
836.089544
836.224304
836.337095
836.427651
836.495757
836.541251
836.564025
836.564025
836.541251
836.495757
836.427651
836.337095
836.224304
836.089544
835.933137
835.755454
835.556917
835.545668
835.743942
835.921390
836.077589
836.212170
836.324812
836.415248
836.483264
836.528697
836.551441
836.551441
836.528697
836.483264
836.415248
836.324812
836.212170
836.077589
835.921390
835.743942
835.545668
835.534435
835.732446
835.909658
836.065650
836.200052
836.312545
836.402861
836.470786
836.516160
836.538873
836.538873
836.516160
836.470786
836.402861
836.312545
836.200052
836.065650
835.909658
835.732446
835.534435
835.523216
835.720964
835.897941
836.053727
836.187951
836.300294
836.390490
836.458326
836.503639
836.526322
836.526322
836.503639
836.458326
836.390490
836.300294
836.187951
836.053727
835.897941
835.720964
835.523216
835.512012
835.709498
835.886240
836.041819
836.175865
836.288060
836.378136
836.445882
836.491135
836.513788
836.513788
836.491135
836.445882
836.378136
836.288060
836.175865
836.041819
835.886240
835.709498
835.512012
835.500822
835.698047
835.874555
836.029928
836.163796
836.275841
836.365799
836.433454
836.478647
836.501270
836.501270
836.478647
836.433454
836.365799
836.275841
836.163796
836.029928
835.874555
835.698047
835.500822
835.489648
835.686611
835.862885
836.018052
836.151742
836.263639
836.353477
836.421043
836.466176
836.488770
836.488770
836.466176
836.421043
836.353477
836.263639
836.151742
836.018052
835.862885
835.686611
835.489648
835.478489
835.675190
835.851231
836.006192
836.139705
836.251453
836.341172
836.408648
836.453722
836.476285
836.476285
836.453722
836.408648
836.341172
836.251453
836.139705
836.006192
835.851231
835.675190
835.478489
835.467344
835.663785
835.839592
835.994347
836.127683
836.239284
836.328884
836.396270
836.441284
836.463817
836.463817
836.441284
836.396270
836.328884
836.239284
836.127683
835.994347
835.839592
835.663785
835.467344
835.456214
835.652395
835.827968
835.982518
836.115678
836.227130
836.316611
836.383909
836.428863
836.451366
836.451366
836.428863
836.383909
836.316611
836.227130
836.115678
835.982518
835.827968
835.652395
835.456214
835.445099
835.641019
835.816360
835.970705
836.103688
836.214993
836.304355
836.371564
836.416458
836.438931
836.438931
836.416458
836.371564
836.304355
836.214993
836.103688
835.970705
835.816360
835.641019
835.445099
835.433998
835.629659
835.804768
835.958908
836.091715
836.202872
836.292116
836.359235
836.404069
836.426513
836.426513
836.404069
836.359235
836.292116
836.202872
836.091715
835.958908
835.804768
835.629659
835.433998
835.422913
835.618314
835.793190
835.947126
836.079757
836.190767
836.279892
836.346922
836.391697
836.414112
836.414112
836.391697
836.346922
836.279892
836.190767
836.079757
835.947126
835.793190
835.618314
835.422913
835.411842
835.606984
835.781628
835.935360
836.067815
836.178678
836.267685
836.334626
836.379342
836.401726
836.401726
836.379342
836.334626
836.267685
836.178678
836.067815
835.935360
835.781628
835.606984
835.411842
835.400785
835.595669
835.770082
835.923610
836.055889
836.166605
836.255494
836.322346
836.367003
836.389358
836.389358
836.367003
836.322346
836.255494
836.166605
836.055889
835.923610
835.770082
835.595669
835.400785
835.389744
835.584369
835.758551
835.911875
836.043979
836.154548
836.243319
836.310083
836.354680
836.377005
836.377005
836.354680
836.310083
836.243319
836.154548
836.043979
835.911875
835.758551
835.584369
835.389744
835.378717
835.573084
835.747035
835.900156
836.032084
836.142507
836.231160
836.297836
836.342374
836.364669
836.364669
836.342374
836.297836
836.231160
836.142507
836.032084
835.900156
835.747035
835.573084
835.378717
835.367704
835.561814
835.735534
835.888452
836.020206
836.130482
836.219018
836.285605
836.330084
836.352350
836.352350
836.330084
836.285605
836.219018
836.130482
836.020206
835.888452
835.735534
835.561814
835.367704
835.356706
835.550559
835.724049
835.876764
836.008343
836.118473
836.206892
836.273390
836.317810
836.340047
836.340047
836.317810
836.273390
836.206892
836.118473
836.008343
835.876764
835.724049
835.550559
835.356706
835.345723
835.539318
835.712578
835.865092
835.996496
836.106480
836.194781
836.261192
836.305553
836.327760
836.327760
836.305553
836.261192
836.194781
836.106480
835.996496
835.865092
835.712578
835.539318
835.345723
835.334755
835.528093
835.701123
835.853434
835.984665
836.094502
836.182687
836.249009
836.293312
836.315489
836.315489
836.293312
836.249009
836.182687
836.094502
835.984665
835.853434
835.701123
835.528093
835.334755
835.323800
835.516883
835.689684
835.841793
835.972849
836.082541
836.170609
836.236843
836.281087
836.303235
836.303235
836.281087
836.236843
836.170609
836.082541
835.972849
835.841793
835.689684
835.516883
835.323800
835.312861
835.505687
835.678259
835.830166
835.961049
836.070596
836.158547
836.224693
836.268878
836.290997
836.290997
836.268878
836.224693
836.158547
836.070596
835.961049
835.830166
835.678259
835.505687
835.312861
835.301936
835.494506
835.666850
835.818556
835.949265
836.058666
836.146501
836.212559
836.256686
836.278775
836.278775
836.256686
836.212559
836.146501
836.058666
835.949265
835.818556
835.666850
835.494506
835.301936
835.291025
835.483341
835.655455
835.806960
835.937496
836.046752
836.134470
836.200442
836.244510
836.266570
836.266570
836.244510
836.200442
836.134470
836.046752
835.937496
835.806960
835.655455
835.483341
835.291025
835.280129
835.472189
835.644076
835.795380
835.925743
836.034855
836.122456
836.188340
836.232350
836.254381
836.254381
836.232350
836.188340
836.122456
836.034855
835.925743
835.795380
835.644076
835.472189
835.280129
835.269247
835.461053
835.632712
835.783816
835.914005
836.022973
836.110458
836.176255
836.220206
836.242208
836.242208
836.220206
836.176255
836.110458
836.022973
835.914005
835.783816
835.632712
835.461053
835.269247
835.258380
835.449932
835.621363
835.772266
835.902284
836.011106
836.098476
836.164185
836.208078
836.230051
836.230051
836.208078
836.164185
836.098476
836.011106
835.902284
835.772266
835.621363
835.449932
835.258380
835.247527
835.438825
835.610029
835.760732
835.890577
835.999256
836.086509
836.152132
836.195966
836.217910
836.217910
836.195966
836.152132
836.086509
835.999256
835.890577
835.760732
835.610029
835.438825
835.247527
835.236688
835.427733
835.598710
835.749214
835.878886
835.987421
836.074559
836.140094
836.183871
836.205785
836.205785
836.183871
836.140094
836.074559
835.987421
835.878886
835.749214
835.598710
835.427733
835.236688
835.225864
835.416655
835.587406
835.737710
835.867211
835.975602
836.062624
836.128073
836.171791
836.193677
836.193677
836.171791
836.128073
836.062624
835.975602
835.867211
835.737710
835.587406
835.416655
835.225864
835.215054
835.405593
835.576117
835.726222
835.855551
835.963798
836.050706
836.116067
836.159728
836.181584
836.181584
836.159728
836.116067
836.050706
835.963798
835.855551
835.726222
835.576117
835.405593
835.215054
835.204259
835.394545
835.564843
835.714749
835.843907
835.952010
836.038803
836.104078
836.147680
836.169508
836.169508
836.147680
836.104078
836.038803
835.952010
835.843907
835.714749
835.564843
835.394545
835.204259
835.193478
835.383511
835.553584
835.703291
835.832278
835.940238
836.026915
836.092104
836.135649
836.157447
836.157447
836.135649
836.092104
836.026915
835.940238
835.832278
835.703291
835.553584
835.383511
835.193478
835.182711
835.372493
835.542340
835.691849
835.820665
835.928482
836.015044
836.080146
836.123633
836.145403
836.145403
836.123633
836.080146
836.015044
835.928482
835.820665
835.691849
835.542340
835.372493
835.182711
835.171958
835.361489
835.531111
835.680422
835.809067
835.916741
836.003188
836.068204
836.111634
836.133375
836.133375
836.111634
836.068204
836.003188
835.916741
835.809067
835.680422
835.531111
835.361489
835.171958
835.161220
835.350499
835.519896
835.669009
835.797484
835.905016
835.991348
836.056278
836.099650
836.121362
836.121362
836.099650
836.056278
835.991348
835.905016
835.797484
835.669009
835.519896
835.350499
835.161220
835.150496
835.339524
835.508697
835.657612
835.785917
835.893306
835.979524
836.044368
836.087683
836.109366
836.109366
836.087683
836.044368
835.979524
835.893306
835.785917
835.657612
835.508697
835.339524
835.150496
835.139786
835.328564
835.497512
835.646230
835.774365
835.881611
835.967716
836.032473
836.075731
836.097385
836.097385
836.075731
836.032473
835.967716
835.881611
835.774365
835.646230
835.497512
835.328564
835.139786
835.129090
835.317618
835.486343
835.634864
835.762828
835.869933
835.955923
836.020595
836.063795
836.085420
836.085420
836.063795
836.020595
835.955923
835.869933
835.762828
835.634864
835.486343
835.317618
835.129090
835.118408
835.306686
835.475188
835.623512
835.751307
835.858270
835.944146
836.008732
836.051875
836.073472
836.073472
836.051875
836.008732
835.944146
835.858270
835.751307
835.623512
835.475188
835.306686
835.118408
835.107741
835.295770
835.464048
835.612175
835.739801
835.846622
835.932384
835.996885
836.039970
836.061539
836.061539
836.039970
835.996885
835.932384
835.846622
835.739801
835.612175
835.464048
835.295770
835.107741
835.097088
835.284867
835.452922
835.600854
835.728310
835.834989
835.920638
835.985053
836.028082
836.049622
836.049622
836.028082
835.985053
835.920638
835.834989
835.728310
835.600854
835.452922
835.284867
835.097088
835.086448
835.273979
835.441811
835.589547
835.716835
835.823373
835.908908
835.973238
836.016209
836.037720
836.037720
836.016209
835.973238
835.908908
835.823373
835.716835
835.589547
835.441811
835.273979
835.086448
835.075823
835.263106
835.430716
835.578255
835.705374
835.811771
835.897193
835.961438
836.004352
836.025835
836.025835
836.004352
835.961438
835.897193
835.811771
835.705374
835.578255
835.430716
835.263106
835.075823
835.065212
835.252246
835.419634
835.566979
835.693929
835.800185
835.885494
835.949653
835.992511
836.013965
836.013965
835.992511
835.949653
835.885494
835.800185
835.693929
835.566979
835.419634
835.252246
835.065212
835.054615
835.241402
835.408568
835.555717
835.682499
835.788614
835.873810
835.937885
835.980685
836.002111
836.002111
835.980685
835.937885
835.873810
835.788614
835.682499
835.555717
835.408568
835.241402
835.054615
835.044032
835.230571
835.397516
835.544470
835.671085
835.777059
835.862142
835.926131
835.968876
835.990273
835.990273
835.968876
835.926131
835.862142
835.777059
835.671085
835.544470
835.397516
835.230571
835.044032
835.033464
835.219755
835.386479
835.533238
835.659685
835.765519
835.850489
835.914394
835.957081
835.978451
835.978451
835.957081
835.914394
835.850489
835.765519
835.659685
835.533238
835.386479
835.219755
835.033464
835.022909
835.208954
835.375456
835.522021
835.648301
835.753994
835.838852
835.902672
835.945303
835.966644
835.966644
835.945303
835.902672
835.838852
835.753994
835.648301
835.522021
835.375456
835.208954
835.022909
835.012368
835.198166
835.364448
835.510819
835.636931
835.742485
835.827230
835.890966
835.933540
835.954853
835.954853
835.933540
835.890966
835.827230
835.742485
835.636931
835.510819
835.364448
835.198166
835.012368
835.001841
835.187393
835.353455
835.499632
835.625577
835.730991
835.815624
835.879275
835.921793
835.943077
835.943077
835.921793
835.879275
835.815624
835.730991
835.625577
835.499632
835.353455
835.187393
835.001841
834.991328
835.176634
835.342476
835.488460
835.614238
835.719512
835.804033
835.867599
835.910061
835.931317
835.931317
835.910061
835.867599
835.804033
835.719512
835.614238
835.488460
835.342476
835.176634
834.991328
834.980829
835.165890
835.331512
835.477302
835.602913
835.708048
835.792457
835.855939
835.898345
835.919573
835.919573
835.898345
835.855939
835.792457
835.708048
835.602913
835.477302
835.331512
835.165890
834.980829
834.970344
835.155160
835.320562
835.466159
835.591604
835.696600
835.780897
835.844295
835.886644
835.907844
835.907844
835.886644
835.844295
835.780897
835.696600
835.591604
835.466159
835.320562
835.155160
834.970344
834.959872
835.144444
835.309627
835.455031
835.580310
835.685166
835.769352
835.832666
835.874959
835.896131
835.896131
835.874959
835.832666
835.769352
835.685166
835.580310
835.455031
835.309627
835.144444
834.959872
834.949415
835.133742
835.298707
835.443918
835.569031
835.673748
835.757822
835.821053
835.863290
835.884434
835.884434
835.863290
835.821053
835.757822
835.673748
835.569031
835.443918
835.298707
835.133742
834.949415
834.938971
835.123054
835.287800
835.432819
835.557766
835.662345
835.746308
835.809455
835.851636
835.872751
835.872751
835.851636
835.809455
835.746308
835.662345
835.557766
835.432819
835.287800
835.123054
834.938971
834.928542
835.112380
835.276909
835.421735
835.546517
835.650957
835.734809
835.797872
835.839997
835.861085
835.861085
835.839997
835.797872
835.734809
835.650957
835.546517
835.421735
835.276909
835.112380
834.928542
834.918126
835.101721
835.266031
835.410666
835.535283
835.639585
835.723325
835.786304
835.828374
835.849434
835.849434
835.828374
835.786304
835.723325
835.639585
835.535283
835.410666
835.266031
835.101721
834.918126
834.907723
835.091076
835.255168
835.399612
835.524063
835.628227
835.711856
835.774752
835.816766
835.837798
835.837798
835.816766
835.774752
835.711856
835.628227
835.524063
835.399612
835.255168
835.091076
834.907723
834.897335
835.080445
835.244320
835.388572
835.512859
835.616884
835.700403
835.763216
835.805174
835.826178
835.826178
835.805174
835.763216
835.700403
835.616884
835.512859
835.388572
835.244320
835.080445
834.897335
834.886961
835.069828
835.233486
835.377547
835.501669
835.605557
835.688965
835.751694
835.793597
835.814573
835.814573
835.793597
835.751694
835.688965
835.605557
835.501669
835.377547
835.233486
835.069828
834.886961
834.876600
835.059224
835.222666
835.366536
835.490494
835.594244
835.677542
835.740188
835.782035
835.802984
835.802984
835.782035
835.740188
835.677542
835.594244
835.490494
835.366536
835.222666
835.059224
834.876600
834.866253
835.048636
835.211861
835.355540
835.479334
835.582947
835.666134
835.728697
835.770489
835.791410
835.791410
835.770489
835.728697
835.666134
835.582947
835.479334
835.355540
835.211861
835.048636
834.866253
834.855919
835.038061
835.201070
835.344559
835.468188
835.571664
835.654741
835.717222
835.758958
835.779851
835.779851
835.758958
835.717222
835.654741
835.571664
835.468188
835.344559
835.201070
835.038061
834.855919
834.845599
835.027500
835.190293
835.333592
835.457058
835.560397
835.643364
835.705762
835.747443
835.768308
835.768308
835.747443
835.705762
835.643364
835.560397
835.457058
835.333592
835.190293
835.027500
834.845599
834.835293
835.016953
835.179530
835.322640
835.445942
835.549144
835.632001
835.694316
835.735942
835.756780
835.756780
835.735942
835.694316
835.632001
835.549144
835.445942
835.322640
835.179530
835.016953
834.835293
834.825001
835.006420
835.168782
835.311702
835.434841
835.537906
835.620654
835.682886
835.724457
835.745267
835.745267
835.724457
835.682886
835.620654
835.537906
835.434841
835.311702
835.168782
835.006420
834.825001
834.814722
834.995901
835.158048
835.300779
835.423755
835.526683
835.609321
835.671472
835.712987
835.733770
835.733770
835.712987
835.671472
835.609321
835.526683
835.423755
835.300779
835.158048
834.995901
834.814722
834.804457
834.985396
835.147328
835.289870
835.412683
835.515475
835.598004
835.660072
835.701533
835.722288
835.722288
835.701533
835.660072
835.598004
835.515475
835.412683
835.289870
835.147328
834.985396
834.804457
834.794205
834.974904
835.136622
835.278976
835.401626
835.504282
835.586701
835.648687
835.690093
835.710821
835.710821
835.690093
835.648687
835.586701
835.504282
835.401626
835.278976
835.136622
834.974904
834.794205
834.783967
834.964427
835.125931
835.268096
835.390584
835.493104
835.575414
835.637318
835.678669
835.699369
835.699369
835.678669
835.637318
835.575414
835.493104
835.390584
835.268096
835.125931
834.964427
834.783967
834.773743
834.953964
835.115254
835.257230
835.379556
835.481941
835.564142
835.625963
835.667260
835.687932
835.687932
835.667260
835.625963
835.564142
835.481941
835.379556
835.257230
835.115254
834.953964
834.773743
834.763532
834.943514
835.104591
835.246379
835.368543
835.470792
835.552884
835.614624
835.655866
835.676511
835.676511
835.655866
835.614624
835.552884
835.470792
835.368543
835.246379
835.104591
834.943514
834.763532
834.753334
834.933078
835.093942
835.235542
835.357544
835.459658
835.541641
835.603300
835.644487
835.665105
835.665105
835.644487
835.603300
835.541641
835.459658
835.357544
835.235542
835.093942
834.933078
834.753334
834.743151
834.922657
835.083307
835.224720
835.346561
835.448539
835.530414
835.591990
835.633123
835.653713
835.653713
835.633123
835.591990
835.530414
835.448539
835.346561
835.224720
835.083307
834.922657
834.743151
834.732980
834.912249
835.072686
835.213912
835.335591
835.437435
835.519201
835.580696
835.621774
835.642337
835.642337
835.621774
835.580696
835.519201
835.437435
835.335591
835.213912
835.072686
834.912249
834.732980
834.722823
834.901854
835.062079
835.203118
835.324636
835.426345
835.508003
835.569417
835.610440
835.630976
835.630976
835.610440
835.569417
835.508003
835.426345
835.324636
835.203118
835.062079
834.901854
834.722823
834.712680
834.891474
835.051487
835.192339
835.313696
835.415270
835.496820
835.558152
835.599122
835.619631
835.619631
835.599122
835.558152
835.496820
835.415270
835.313696
835.192339
835.051487
834.891474
834.712680
834.702550
834.881107
835.040908
835.181574
835.302770
835.404210
835.485652
835.546903
835.587818
835.608300
835.608300
835.587818
835.546903
835.485652
835.404210
835.302770
835.181574
835.040908
834.881107
834.702550
834.692433
834.870754
835.030344
835.170823
835.291859
835.393164
835.474499
835.535669
835.576529
835.596984
835.596984
835.576529
835.535669
835.474499
835.393164
835.291859
835.170823
835.030344
834.870754
834.692433
834.682330
834.860415
835.019793
835.160087
835.280962
835.382133
835.463360
835.524449
835.565256
835.585683
835.585683
835.565256
835.524449
835.463360
835.382133
835.280962
835.160087
835.019793
834.860415
834.682330
834.672240
834.850089
835.009256
835.149364
835.270080
835.371117
835.452236
835.513244
835.553997
835.574397
835.574397
835.553997
835.513244
835.452236
835.371117
835.270080
835.149364
835.009256
834.850089
834.672240
834.662163
834.839777
834.998734
835.138656
835.259212
835.360115
835.441127
835.502054
835.542753
835.563127
835.563127
835.542753
835.502054
835.441127
835.360115
835.259212
835.138656
834.998734
834.839777
834.662163
834.652100
834.829479
834.988225
835.127962
835.248358
835.349128
835.430033
835.490879
835.531524
835.551871
835.551871
835.531524
835.490879
835.430033
835.349128
835.248358
835.127962
834.988225
834.829479
834.652100
834.642050
834.819194
834.977730
835.117282
835.237519
835.338156
835.418953
835.479719
835.520310
835.540630
835.540630
835.520310
835.479719
835.418953
835.338156
835.237519
835.117282
834.977730
834.819194
834.642050
834.632013
834.808923
834.967249
835.106617
835.226694
835.327198
835.407888
835.468574
835.509111
835.529404
835.529404
835.509111
835.468574
835.407888
835.327198
835.226694
835.106617
834.967249
834.808923
834.632013
834.621990
834.798665
834.956782
835.095965
835.215884
835.316254
835.396838
835.457443
835.497927
835.518192
835.518192
835.497927
835.457443
835.396838
835.316254
835.215884
835.095965
834.956782
834.798665
834.621990
834.611980
834.788421
834.946329
835.085328
835.205088
835.305325
835.385802
835.446327
835.486757
835.506996
835.506996
835.486757
835.446327
835.385802
835.305325
835.205088
835.085328
834.946329
834.788421
834.611980
834.601983
834.778191
834.935890
835.074704
835.194306
835.294411
835.374781
835.435226
835.475602
835.495815
835.495815
835.475602
835.435226
835.374781
835.294411
835.194306
835.074704
834.935890
834.778191
834.601983
834.592000
834.767974
834.925464
835.064095
835.183538
835.283511
835.363774
835.424139
835.464462
835.484648
835.484648
835.464462
835.424139
835.363774
835.283511
835.183538
835.064095
834.925464
834.767974
834.592000
834.582029
834.757771
834.915052
835.053500
835.172785
835.272625
835.352783
835.413068
835.453337
835.473496
835.473496
835.453337
835.413068
835.352783
835.272625
835.172785
835.053500
834.915052
834.757771
834.582029
834.572072
834.747581
834.904655
835.042919
835.162046
835.261754
835.341805
835.402011
835.442227
835.462359
835.462359
835.442227
835.402011
835.341805
835.261754
835.162046
835.042919
834.904655
834.747581
834.572072
834.562128
834.737405
834.894270
835.032352
835.151321
835.250897
835.330842
835.390968
835.431131
835.451237
835.451237
835.431131
835.390968
835.330842
835.250897
835.151321
835.032352
834.894270
834.737405
834.562128
834.552198
834.727242
834.883900
835.021799
835.140611
835.240055
835.319894
835.379940
835.420050
835.440129
835.440129
835.420050
835.379940
835.319894
835.240055
835.140611
835.021799
834.883900
834.727242
834.552198
834.542280
834.717093
834.873543
835.011259
835.129914
835.229227
835.308961
835.368927
835.408984
835.429036
835.429036
835.408984
835.368927
835.308961
835.229227
835.129914
835.011259
834.873543
834.717093
834.542280
834.532375
834.706957
834.863200
835.000734
835.119232
835.218413
835.298041
835.357929
835.397933
835.417958
835.417958
835.397933
835.357929
835.298041
835.218413
835.119232
835.000734
834.863200
834.706957
834.532375
834.522484
834.696835
834.852871
834.990223
835.108564
835.207614
835.287137
835.346945
835.386896
835.406895
835.406895
835.386896
835.346945
835.287137
835.207614
835.108564
834.990223
834.852871
834.696835
834.522484
834.512606
834.686726
834.842556
834.979726
835.097910
835.196829
835.276246
835.335975
835.375873
835.395846
835.395846
835.375873
835.335975
835.276246
835.196829
835.097910
834.979726
834.842556
834.686726
834.512606
834.502740
834.676630
834.832254
834.969242
835.087270
835.186058
835.265371
835.325020
835.364866
835.384812
835.384812
835.364866
835.325020
835.265371
835.186058
835.087270
834.969242
834.832254
834.676630
834.502740
834.492888
834.666548
834.821965
834.958773
835.076644
835.175301
835.254509
835.314080
835.353872
835.373792
835.373792
835.353872
835.314080
835.254509
835.175301
835.076644
834.958773
834.821965
834.666548
834.492888
834.483049
834.656479
834.811691
834.948317
835.066033
835.164559
835.243662
835.303154
835.342894
835.362787
835.362787
835.342894
835.303154
835.243662
835.164559
835.066033
834.948317
834.811691
834.656479
834.483049
834.473223
834.646423
834.801430
834.937875
835.055435
835.153831
835.232829
835.292243
835.331930
835.351797
835.351797
835.331930
835.292243
835.232829
835.153831
835.055435
834.937875
834.801430
834.646423
834.473223
834.463410
834.636381
834.791182
834.927447
835.044852
835.143117
835.222011
835.281346
835.320980
835.340821
835.340821
835.320980
835.281346
835.222011
835.143117
835.044852
834.927447
834.791182
834.636381
834.463410
834.453609
834.626352
834.780948
834.917033
835.034282
835.132418
835.211207
835.270463
835.310045
835.329860
835.329860
835.310045
835.270463
835.211207
835.132418
835.034282
834.917033
834.780948
834.626352
834.453609
834.443822
834.616336
834.770728
834.906633
835.023727
835.121732
835.200417
835.259595
835.299125
835.318913
835.318913
835.299125
835.259595
835.200417
835.121732
835.023727
834.906633
834.770728
834.616336
834.443822
834.434048
834.606333
834.760521
834.896246
835.013185
835.111061
835.189642
835.248741
835.288219
835.307981
835.307981
835.288219
835.248741
835.189642
835.111061
835.013185
834.896246
834.760521
834.606333
834.434048
834.424287
834.596344
834.750328
834.885873
835.002657
835.100404
835.178881
835.237902
835.277328
835.297064
835.297064
835.277328
835.237902
835.178881
835.100404
835.002657
834.885873
834.750328
834.596344
834.424287
834.414538
834.586368
834.740148
834.875514
834.992144
835.089761
835.168134
835.227077
835.266450
835.286160
835.286160
835.266450
835.227077
835.168134
835.089761
834.992144
834.875514
834.740148
834.586368
834.414538
834.404803
834.576405
834.729982
834.865168
834.981644
835.079132
835.157402
835.216267
835.255588
835.275272
835.275272
835.255588
835.216267
835.157402
835.079132
834.981644
834.865168
834.729982
834.576405
834.404803
834.395080
834.566455
834.719829
834.854837
834.971158
835.068517
835.146683
835.205470
835.244739
835.264397
835.264397
835.244739
835.205470
835.146683
835.068517
834.971158
834.854837
834.719829
834.566455
834.395080
834.385370
834.556519
834.709690
834.844519
834.960686
835.057917
835.135979
835.194688
835.233905
835.253537
835.253537
835.233905
835.194688
835.135979
835.057917
834.960686
834.844519
834.709690
834.556519
834.385370
834.375673
834.546596
834.699564
834.834214
834.950228
835.047330
835.125289
835.183921
835.223086
835.242692
835.242692
835.223086
835.183921
835.125289
835.047330
834.950228
834.834214
834.699564
834.546596
834.375673
834.365989
834.536685
834.689451
834.823924
834.939784
835.036757
835.114613
835.173167
835.212281
835.231861
835.231861
835.212281
835.173167
835.114613
835.036757
834.939784
834.823924
834.689451
834.536685
834.365989
834.356318
834.526788
834.679352
834.813647
834.929354
835.026198
835.103951
835.162428
835.201490
835.221044
835.221044
835.201490
835.162428
835.103951
835.026198
834.929354
834.813647
834.679352
834.526788
834.356318
834.346659
834.516904
834.669266
834.803383
834.918937
835.015654
835.093304
835.151703
835.190713
835.210241
835.210241
835.190713
835.151703
835.093304
835.015654
834.918937
834.803383
834.669266
834.516904
834.346659
834.337014
834.507033
834.659194
834.793133
834.908534
835.005123
835.082670
835.140992
835.179951
835.199453
835.199453
835.179951
835.140992
835.082670
835.005123
834.908534
834.793133
834.659194
834.507033
834.337014
834.327381
834.497176
834.649134
834.782897
834.898145
834.994606
835.072051
835.130296
835.169203
835.188679
835.188679
835.169203
835.130296
835.072051
834.994606
834.898145
834.782897
834.649134
834.497176
834.327381
834.317761
834.487331
834.639089
834.772674
834.887770
834.984103
835.061446
835.119614
835.158469
835.177920
835.177920
835.158469
835.119614
835.061446
834.984103
834.887770
834.772674
834.639089
834.487331
834.317761
834.308153
834.477499
834.629056
834.762465
834.877408
834.973614
835.050854
835.108945
835.147749
835.167174
835.167174
835.147749
835.108945
835.050854
834.973614
834.877408
834.762465
834.629056
834.477499
834.308153
834.298558
834.467680
834.619037
834.752269
834.867061
834.963139
835.040277
835.098291
835.137044
835.156443
835.156443
835.137044
835.098291
835.040277
834.963139
834.867061
834.752269
834.619037
834.467680
834.298558
834.288976
834.457874
834.609031
834.742087
834.856727
834.952678
835.029714
835.087651
835.126353
835.145726
835.145726
835.126353
835.087651
835.029714
834.952678
834.856727
834.742087
834.609031
834.457874
834.288976
834.279407
834.448082
834.599038
834.731918
834.846406
834.942231
835.019165
835.077025
835.115676
835.135024
835.135024
835.115676
835.077025
835.019165
834.942231
834.846406
834.731918
834.599038
834.448082
834.279407
834.269850
834.438302
834.589059
834.721763
834.836099
834.931797
835.008630
835.066414
835.105013
835.124335
835.124335
835.105013
835.066414
835.008630
834.931797
834.836099
834.721763
834.589059
834.438302
834.269850
834.260306
834.428535
834.579092
834.711621
834.825806
834.921378
834.998108
835.055816
835.094364
835.113661
835.113661
835.094364
835.055816
834.998108
834.921378
834.825806
834.711621
834.579092
834.428535
834.260306
834.250774
834.418781
834.569139
834.701493
834.815527
834.910972
834.987601
835.045232
835.083729
835.103001
835.103001
835.083729
835.045232
834.987601
834.910972
834.815527
834.701493
834.569139
834.418781
834.250774
834.241256
834.409040
834.559199
834.691377
834.805261
834.900580
834.977107
835.034663
835.073109
835.092354
835.092354
835.073109
835.034663
834.977107
834.900580
834.805261
834.691377
834.559199
834.409040
834.241256
834.231749
834.399312
834.549272
834.681276
834.795009
834.890201
834.966628
835.024107
835.062502
835.081722
835.081722
835.062502
835.024107
834.966628
834.890201
834.795009
834.681276
834.549272
834.399312
834.231749
834.222256
834.389596
834.539359
834.671188
834.784770
834.879837
834.956162
835.013565
835.051910
835.071105
835.071105
835.051910
835.013565
834.956162
834.879837
834.784770
834.671188
834.539359
834.389596
834.222256
834.212774
834.379894
834.529458
834.661113
834.774545
834.869486
834.945710
835.003037
835.041331
835.060501
835.060501
835.041331
835.003037
834.945710
834.869486
834.774545
834.661113
834.529458
834.379894
834.212774
834.203306
834.370204
834.519571
834.651051
834.764333
834.859149
834.935272
834.992524
835.030767
835.049911
835.049911
835.030767
834.992524
834.935272
834.859149
834.764333
834.651051
834.519571
834.370204
834.203306
834.193850
834.360527
834.509696
834.641003
834.754135
834.848825
834.924848
834.982024
835.020216
835.039335
835.039335
835.020216
834.982024
834.924848
834.848825
834.754135
834.641003
834.509696
834.360527
834.193850
834.184406
834.350863
834.499835
834.630968
834.743951
834.838516
834.914438
834.971538
835.009680
835.028773
835.028773
835.009680
834.971538
834.914438
834.838516
834.743951
834.630968
834.499835
834.350863
834.184406
834.174975
834.341212
834.489987
834.620946
834.733780
834.828219
834.904041
834.961066
834.999157
835.018226
835.018226
834.999157
834.961066
834.904041
834.828219
834.733780
834.620946
834.489987
834.341212
834.174975
834.165556
834.331574
834.480152
834.610938
834.723622
834.817937
834.893659
834.950607
834.988649
835.007692
835.007692
834.988649
834.950607
834.893659
834.817937
834.723622
834.610938
834.480152
834.331574
834.165556
834.156150
834.321948
834.470329
834.600943
834.713478
834.807668
834.883289
834.940163
834.978154
834.997172
834.997172
834.978154
834.940163
834.883289
834.807668
834.713478
834.600943
834.470329
834.321948
834.156150
834.146756
834.312335
834.460520
834.590961
834.703347
834.797413
834.872934
834.929733
834.967673
834.986666
834.986666
834.967673
834.929733
834.872934
834.797413
834.703347
834.590961
834.460520
834.312335
834.146756
834.137375
834.302735
834.450724
834.580992
834.693230
834.787171
834.862593
834.919316
834.957206
834.976174
834.976174
834.957206
834.919316
834.862593
834.787171
834.693230
834.580992
834.450724
834.302735
834.137375
834.128006
834.293147
834.440941
834.571037
834.683126
834.776943
834.852265
834.908913
834.946753
834.965696
834.965696
834.946753
834.908913
834.852265
834.776943
834.683126
834.571037
834.440941
834.293147
834.128006
834.118650
834.283572
834.431170
834.561094
834.673035
834.766728
834.841950
834.898524
834.936314
834.955232
834.955232
834.936314
834.898524
834.841950
834.766728
834.673035
834.561094
834.431170
834.283572
834.118650
834.109305
834.274010
834.421413
834.551165
834.662958
834.756527
834.831650
834.888148
834.925889
834.944781
834.944781
834.925889
834.888148
834.831650
834.756527
834.662958
834.551165
834.421413
834.274010
834.109305
834.099974
834.264460
834.411669
834.541249
834.652894
834.746339
834.821363
834.877787
834.915477
834.934345
834.934345
834.915477
834.877787
834.821363
834.746339
834.652894
834.541249
834.411669
834.264460
834.099974
834.090654
834.254923
834.401937
834.531346
834.642844
834.736165
834.811090
834.867439
834.905079
834.923922
834.923922
834.905079
834.867439
834.811090
834.736165
834.642844
834.531346
834.401937
834.254923
834.090654
834.081347
834.245399
834.392218
834.521456
834.632806
834.726005
834.800830
834.857105
834.894695
834.913513
834.913513
834.894695
834.857105
834.800830
834.726005
834.632806
834.521456
834.392218
834.245399
834.081347
834.072052
834.235887
834.382512
834.511580
834.622782
834.715857
834.790584
834.846784
834.884325
834.903118
834.903118
834.884325
834.846784
834.790584
834.715857
834.622782
834.511580
834.382512
834.235887
834.072052
834.062770
834.226388
834.372819
834.501716
834.612772
834.705724
834.780351
834.836477
834.873969
834.892737
834.892737
834.873969
834.836477
834.780351
834.705724
834.612772
834.501716
834.372819
834.226388
834.062770
834.053499
834.216902
834.363139
834.491865
834.602774
834.695603
834.770132
834.826184
834.863626
834.882369
834.882369
834.863626
834.826184
834.770132
834.695603
834.602774
834.491865
834.363139
834.216902
834.053499
834.044241
834.207427
834.353472
834.482028
834.592790
834.685496
834.759927
834.815904
834.853297
834.872015
834.872015
834.853297
834.815904
834.759927
834.685496
834.592790
834.482028
834.353472
834.207427
834.044241
834.034996
834.197966
834.343817
834.472203
834.582819
834.675403
834.749735
834.805638
834.842981
834.861675
834.861675
834.842981
834.805638
834.749735
834.675403
834.582819
834.472203
834.343817
834.197966
834.034996
834.025762
834.188517
834.334175
834.462392
834.572861
834.665323
834.739556
834.795386
834.832679
834.851348
834.851348
834.832679
834.795386
834.739556
834.665323
834.572861
834.462392
834.334175
834.188517
834.025762
834.016541
834.179080
834.324546
834.452593
834.562917
834.655256
834.729391
834.785147
834.822391
834.841036
834.841036
834.822391
834.785147
834.729391
834.655256
834.562917
834.452593
834.324546
834.179080
834.016541
834.007331
834.169656
834.314930
834.442807
834.552985
834.645202
834.719240
834.774922
834.812117
834.830736
834.830736
834.812117
834.774922
834.719240
834.645202
834.552985
834.442807
834.314930
834.169656
834.007331
833.998134
834.160245
834.305326
834.433035
834.543067
834.635162
834.709101
834.764710
834.801856
834.820451
834.820451
834.801856
834.764710
834.709101
834.635162
834.543067
834.433035
834.305326
834.160245
833.998134
833.988950
834.150846
834.295735
834.423275
834.533162
834.625135
834.698977
834.754512
834.791609
834.810179
834.810179
834.791609
834.754512
834.698977
834.625135
834.533162
834.423275
834.295735
834.150846
833.988950
833.979777
834.141459
834.286157
834.413528
834.523270
834.615121
834.688865
834.744327
834.781375
834.799921
834.799921
834.781375
834.744327
834.688865
834.615121
834.523270
834.413528
834.286157
834.141459
833.979777
833.970616
834.132085
834.276592
834.403794
834.513391
834.605121
834.678768
834.734156
834.771155
834.789676
834.789676
834.771155
834.734156
834.678768
834.605121
834.513391
834.403794
834.276592
834.132085
833.970616
833.961468
834.122723
834.267039
834.394073
834.503525
834.595134
834.668683
834.723998
834.760948
834.779445
834.779445
834.760948
834.723998
834.668683
834.595134
834.503525
834.394073
834.267039
834.122723
833.961468
833.952332
834.113373
834.257498
834.384365
834.493672
834.585160
834.658612
834.713854
834.750755
834.769227
834.769227
834.750755
834.713854
834.658612
834.585160
834.493672
834.384365
834.257498
834.113373
833.952332
833.943207
834.104036
834.247971
834.374670
834.483832
834.575199
834.648554
834.703723
834.740575
834.759023
834.759023
834.740575
834.703723
834.648554
834.575199
834.483832
834.374670
834.247971
834.104036
833.943207
833.934095
834.094711
834.238456
834.364987
834.474005
834.565251
834.638509
834.693605
834.730409
834.748832
834.748832
834.730409
834.693605
834.638509
834.565251
834.474005
834.364987
834.238456
834.094711
833.934095
833.924995
834.085399
834.228953
834.355317
834.464191
834.555317
834.628478
834.683501
834.720256
834.738655
834.738655
834.720256
834.683501
834.628478
834.555317
834.464191
834.355317
834.228953
834.085399
833.924995
833.915907
834.076099
834.219463
834.345660
834.454390
834.545396
834.618460
834.673411
834.710117
834.728492
834.728492
834.710117
834.673411
834.618460
834.545396
834.454390
834.345660
834.219463
834.076099
833.915907
833.906831
834.066811
834.209986
834.336016
834.444603
834.535487
834.608455
834.663333
834.699991
834.718341
834.718341
834.699991
834.663333
834.608455
834.535487
834.444603
834.336016
834.209986
834.066811
833.906831
833.897766
834.057535
834.200521
834.326385
834.434828
834.525592
834.598464
834.653269
834.689878
834.708205
834.708205
834.689878
834.653269
834.598464
834.525592
834.434828
834.326385
834.200521
834.057535
833.897766
833.888714
834.048272
834.191069
834.316766
834.425066
834.515710
834.588486
834.643218
834.679779
834.698081
834.698081
834.679779
834.643218
834.588486
834.515710
834.425066
834.316766
834.191069
834.048272
833.888714
833.879674
834.039021
834.181629
834.307160
834.415317
834.505842
834.578521
834.633181
834.669694
834.687971
834.687971
834.669694
834.633181
834.578521
834.505842
834.415317
834.307160
834.181629
834.039021
833.879674
833.870646
834.029782
834.172202
834.297567
834.405580
834.495986
834.568569
834.623157
834.659621
834.677875
834.677875
834.659621
834.623157
834.568569
834.495986
834.405580
834.297567
834.172202
834.029782
833.870646
833.861629
834.020555
834.162787
834.287987
834.395857
834.486143
834.558630
834.613146
834.649562
834.667792
834.667792
834.649562
834.613146
834.558630
834.486143
834.395857
834.287987
834.162787
834.020555
833.861629
833.852625
834.011341
834.153385
834.278419
834.386147
834.476313
834.548704
834.603148
834.639516
834.657722
834.657722
834.639516
834.603148
834.548704
834.476313
834.386147
834.278419
834.153385
834.011341
833.852625
833.843633
834.002139
834.143995
834.268863
834.376449
834.466496
834.538792
834.593164
834.629484
834.647665
834.647665
834.629484
834.593164
834.538792
834.466496
834.376449
834.268863
834.143995
834.002139
833.843633
833.834652
833.992949
834.134617
834.259321
834.366764
834.456693
834.528893
834.583193
834.619465
834.637622
834.637622
834.619465
834.583193
834.528893
834.456693
834.366764
834.259321
834.134617
833.992949
833.834652
833.825683
833.983771
834.125252
834.249791
834.357092
834.446902
834.519006
834.573235
834.609459
834.627592
834.627592
834.609459
834.573235
834.519006
834.446902
834.357092
834.249791
834.125252
833.983771
833.825683
833.816726
833.974605
834.115899
834.240274
834.347433
834.437124
834.509133
834.563290
834.599466
834.617576
834.617576
834.599466
834.563290
834.509133
834.437124
834.347433
834.240274
834.115899
833.974605
833.816726
833.807781
833.965451
834.106559
834.230769
834.337787
834.427359
834.499273
834.553358
834.589487
834.607572
834.607572
834.589487
834.553358
834.499273
834.427359
834.337787
834.230769
834.106559
833.965451
833.807781
833.798848
833.956310
834.097231
834.221277
834.328153
834.417607
834.489426
834.543440
834.579520
834.597582
834.597582
834.579520
834.543440
834.489426
834.417607
834.328153
834.221277
834.097231
833.956310
833.798848
833.789927
833.947180
834.087915
834.211797
834.318532
834.407868
834.479592
834.533535
834.569567
834.587605
834.587605
834.569567
834.533535
834.479592
834.407868
834.318532
834.211797
834.087915
833.947180
833.789927
833.781017
833.938063
834.078612
834.202330
834.308924
834.398142
834.469771
834.523642
834.559628
834.577641
834.577641
834.559628
834.523642
834.469771
834.398142
834.308924
834.202330
834.078612
833.938063
833.781017
833.772119
833.928957
834.069320
834.192875
834.299329
834.388429
834.459963
834.513763
834.549701
834.567691
834.567691
834.549701
834.513763
834.459963
834.388429
834.299329
834.192875
834.069320
833.928957
833.772119
833.763233
833.919864
834.060042
834.183433
834.289746
834.378728
834.450168
834.503897
834.539787
834.557754
834.557754
834.539787
834.503897
834.450168
834.378728
834.289746
834.183433
834.060042
833.919864
833.763233
833.754358
833.910783
834.050775
834.174004
834.280176
834.369040
834.440386
834.494044
834.529887
834.547829
834.547829
834.529887
834.494044
834.440386
834.369040
834.280176
834.174004
834.050775
833.910783
833.754358
833.745496
833.901713
834.041521
834.164586
834.270619
834.359366
834.430617
834.484204
834.519999
834.537918
834.537918
834.519999
834.484204
834.430617
834.359366
834.270619
834.164586
834.041521
833.901713
833.745496
833.736645
833.892656
834.032279
834.155182
834.261074
834.349704
834.420861
834.474377
834.510125
834.528020
834.528020
834.510125
834.474377
834.420861
834.349704
834.261074
834.155182
834.032279
833.892656
833.736645
833.727806
833.883611
834.023049
834.145790
834.251542
834.340054
834.411118
834.464563
834.500264
834.518135
834.518135
834.500264
834.464563
834.411118
834.340054
834.251542
834.145790
834.023049
833.883611
833.727806
833.718978
833.874577
834.013831
834.136410
834.242022
834.330418
834.401387
834.454762
834.490416
834.508264
834.508264
834.490416
834.454762
834.401387
834.330418
834.242022
834.136410
834.013831
833.874577
833.718978
833.710162
833.865556
834.004626
834.127042
834.232515
834.320794
834.391670
834.444974
834.480580
834.498405
834.498405
834.480580
834.444974
834.391670
834.320794
834.232515
834.127042
834.004626
833.865556
833.710162
833.701358
833.856546
833.995432
834.117687
834.223021
834.311183
834.381965
834.435199
834.470758
834.488559
834.488559
834.470758
834.435199
834.381965
834.311183
834.223021
834.117687
833.995432
833.856546
833.701358
833.692565
833.847548
833.986251
834.108345
834.213539
834.301585
834.372273
834.425437
834.460949
834.478727
834.478727
834.460949
834.425437
834.372273
834.301585
834.213539
834.108345
833.986251
833.847548
833.692565
833.683784
833.838563
833.977082
834.099014
834.204070
834.291999
834.362594
834.415687
834.451153
834.468907
834.468907
834.451153
834.415687
834.362594
834.291999
834.204070
834.099014
833.977082
833.838563
833.683784
833.675015
833.829589
833.967925
834.089696
834.194613
834.282426
834.352928
834.405951
834.441370
834.459100
834.459100
834.441370
834.405951
834.352928
834.282426
834.194613
834.089696
833.967925
833.829589
833.675015
833.666257
833.820627
833.958781
834.080391
834.185169
834.272866
834.343275
834.396228
834.431600
834.449307
834.449307
834.431600
834.396228
834.343275
834.272866
834.185169
834.080391
833.958781
833.820627
833.666257
833.657511
833.811677
833.949648
834.071097
834.175737
834.263318
834.333634
834.386517
834.421842
834.439526
834.439526
834.421842
834.386517
834.333634
834.263318
834.175737
834.071097
833.949648
833.811677
833.657511
833.648776
833.802738
833.940527
834.061816
834.166318
834.253783
834.324006
834.376819
834.412098
834.429758
834.429758
834.412098
834.376819
834.324006
834.253783
834.166318
834.061816
833.940527
833.802738
833.648776
833.640053
833.793812
833.931419
834.052547
834.156911
834.244261
834.314391
834.367134
834.402366
834.420003
834.420003
834.402366
834.367134
834.314391
834.244261
834.156911
834.052547
833.931419
833.793812
833.640053
833.631341
833.784897
833.922322
834.043291
834.147516
834.234751
834.304788
834.357462
834.392648
834.410261
834.410261
834.392648
834.357462
834.304788
834.234751
834.147516
834.043291
833.922322
833.784897
833.631341
833.622641
833.775994
833.913238
834.034047
834.138134
834.225254
834.295199
834.347803
834.382942
834.400532
834.400532
834.382942
834.347803
834.295199
834.225254
834.138134
834.034047
833.913238
833.775994
833.622641
833.613952
833.767103
833.904165
834.024815
834.128765
834.215769
834.285622
834.338156
834.373249
834.390816
834.390816
834.373249
834.338156
834.285622
834.215769
834.128765
834.024815
833.904165
833.767103
833.613952
833.605275
833.758223
833.895105
834.015595
834.119408
834.206297
834.276057
834.328522
834.363569
834.381112
834.381112
834.363569
834.328522
834.276057
834.206297
834.119408
834.015595
833.895105
833.758223
833.605275
833.596609
833.749355
833.886056
834.006387
834.110063
834.196837
834.266505
834.318901
834.353901
834.371422
834.371422
834.353901
834.318901
834.266505
834.196837
834.110063
834.006387
833.886056
833.749355
833.596609
833.587955
833.740499
833.877020
833.997191
834.100730
834.187390
834.256966
834.309293
834.344247
834.361744
834.361744
834.344247
834.309293
834.256966
834.187390
834.100730
833.997191
833.877020
833.740499
833.587955
833.579312
833.731655
833.867995
833.988008
834.091410
834.177956
834.247440
834.299697
834.334605
834.352079
834.352079
834.334605
834.299697
834.247440
834.177956
834.091410
833.988008
833.867995
833.731655
833.579312
833.570681
833.722823
833.858982
833.978837
834.082102
834.168534
834.237926
834.290115
834.324976
834.342427
834.342427
834.324976
834.290115
834.237926
834.168534
834.082102
833.978837
833.858982
833.722823
833.570681
833.562061
833.714002
833.849981
833.969678
834.072807
834.159124
834.228425
834.280544
834.315360
834.332788
834.332788
834.315360
834.280544
834.228425
834.159124
834.072807
833.969678
833.849981
833.714002
833.562061
833.553452
833.705192
833.840992
833.960531
834.063524
834.149727
834.218936
834.270987
834.305756
834.323161
834.323161
834.305756
834.270987
834.218936
834.149727
834.063524
833.960531
833.840992
833.705192
833.553452
833.544855
833.696395
833.832015
833.951396
834.054253
834.140342
834.209460
834.261442
834.296165
834.313547
834.313547
834.296165
834.261442
834.209460
834.140342
834.054253
833.951396
833.832015
833.696395
833.544855
833.536269
833.687609
833.823050
833.942273
834.044994
834.130970
834.199996
834.251909
834.286587
834.303946
834.303946
834.286587
834.251909
834.199996
834.130970
834.044994
833.942273
833.823050
833.687609
833.536269
833.527694
833.678834
833.814097
833.933162
834.035748
834.121610
834.190545
834.242390
834.277021
834.294358
834.294358
834.277021
834.242390
834.190545
834.121610
834.035748
833.933162
833.814097
833.678834
833.527694
833.519131
833.670071
833.805155
833.924064
834.026513
834.112262
834.181106
834.232883
834.267468
834.284782
834.284782
834.267468
834.232883
834.181106
834.112262
834.026513
833.924064
833.805155
833.670071
833.519131
833.510579
833.661320
833.796226
833.914977
834.017291
834.102927
834.171680
834.223388
834.257928
834.275219
834.275219
834.257928
834.223388
834.171680
834.102927
834.017291
833.914977
833.796226
833.661320
833.510579
833.502039
833.652580
833.787308
833.905902
834.008081
834.093604
834.162266
834.213906
834.248401
834.265668
834.265668
834.248401
834.213906
834.162266
834.093604
834.008081
833.905902
833.787308
833.652580
833.502039
833.493509
833.643852
833.778402
833.896839
833.998884
834.084293
834.152865
834.204436
834.238886
834.256131
834.256131
834.238886
834.204436
834.152865
834.084293
833.998884
833.896839
833.778402
833.643852
833.493509
833.484991
833.635135
833.769508
833.887789
833.989698
834.074995
834.143476
834.194979
834.229383
834.246605
834.246605
834.229383
834.194979
834.143476
834.074995
833.989698
833.887789
833.769508
833.635135
833.484991
833.476484
833.626430
833.760625
833.878750
833.980525
834.065709
834.134100
834.185535
834.219893
834.237093
834.237093
834.219893
834.185535
834.134100
834.065709
833.980525
833.878750
833.760625
833.626430
833.476484
833.467989
833.617737
833.751754
833.869723
833.971364
834.056435
834.124736
834.176103
834.210416
834.227593
834.227593
834.210416
834.176103
834.124736
834.056435
833.971364
833.869723
833.751754
833.617737
833.467989
833.459504
833.609055
833.742895
833.860708
833.962215
834.047174
834.115384
834.166684
834.200951
834.218105
834.218105
834.200951
834.166684
834.115384
834.047174
833.962215
833.860708
833.742895
833.609055
833.459504
833.451031
833.600384
833.734048
833.851705
833.953078
834.037925
834.106045
834.157277
834.191499
834.208630
834.208630
834.191499
834.157277
834.106045
834.037925
833.953078
833.851705
833.734048
833.600384
833.451031
833.442569
833.591725
833.725212
833.842714
833.943953
834.028688
834.096718
834.147882
834.182059
834.199168
834.199168
834.182059
834.147882
834.096718
834.028688
833.943953
833.842714
833.725212
833.591725
833.442569
833.434118
833.583077
833.716388
833.833735
833.934840
834.019463
834.087403
834.138500
834.172632
834.189718
834.189718
834.172632
834.138500
834.087403
834.019463
833.934840
833.833735
833.716388
833.583077
833.434118
833.425679
833.574441
833.707575
833.824768
833.925739
834.010250
834.078101
834.129130
834.163217
834.180280
834.180280
834.163217
834.129130
834.078101
834.010250
833.925739
833.824768
833.707575
833.574441
833.425679
833.417250
833.565816
833.698775
833.815812
833.916650
834.001050
834.068811
834.119773
834.153814
834.170856
834.170856
834.153814
834.119773
834.068811
834.001050
833.916650
833.815812
833.698775
833.565816
833.417250
833.408833
833.557202
833.689986
833.806868
833.907573
833.991861
834.059533
834.110428
834.144424
834.161443
834.161443
834.144424
834.110428
834.059533
833.991861
833.907573
833.806868
833.689986
833.557202
833.408833
833.400426
833.548600
833.681208
833.797937
833.898509
833.982685
834.050268
834.101095
834.135047
834.152043
834.152043
834.135047
834.101095
834.050268
833.982685
833.898509
833.797937
833.681208
833.548600
833.400426
833.392031
833.540009
833.672442
833.789017
833.889456
833.973521
834.041014
834.091775
834.125682
834.142655
834.142655
834.125682
834.091775
834.041014
833.973521
833.889456
833.789017
833.672442
833.540009
833.392031
833.383647
833.531430
833.663688
833.780108
833.880415
833.964370
834.031773
834.082467
834.116329
834.133280
834.133280
834.116329
834.082467
834.031773
833.964370
833.880415
833.780108
833.663688
833.531430
833.383647
833.375274
833.522861
833.654945
833.771212
833.871386
833.955230
834.022545
834.073171
834.106989
834.123917
834.123917
834.106989
834.073171
834.022545
833.955230
833.871386
833.771212
833.654945
833.522861
833.375274
833.366912
833.514305
833.646214
833.762327
833.862369
833.946102
834.013328
834.063887
834.097660
834.114567
834.114567
834.097660
834.063887
834.013328
833.946102
833.862369
833.762327
833.646214
833.514305
833.366912
833.358561
833.505759
833.637494
833.753454
833.853364
833.936986
834.004124
834.054616
834.088345
834.105229
834.105229
834.088345
834.054616
834.004124
833.936986
833.853364
833.753454
833.637494
833.505759
833.358561
833.350221
833.497225
833.628786
833.744593
833.844371
833.927883
833.994931
834.045357
834.079041
834.095903
834.095903
834.079041
834.045357
833.994931
833.927883
833.844371
833.744593
833.628786
833.497225
833.350221
833.341892
833.488702
833.620089
833.735743
833.835389
833.918791
833.985751
834.036111
834.069750
834.086590
834.086590
834.069750
834.036111
833.985751
833.918791
833.835389
833.735743
833.620089
833.488702
833.341892
833.333574
833.480190
833.611404
833.726905
833.826420
833.909712
833.976583
834.026876
834.060471
834.077289
834.077289
834.060471
834.026876
833.976583
833.909712
833.826420
833.726905
833.611404
833.480190
833.333574
833.325267
833.471690
833.602730
833.718079
833.817462
833.900644
833.967428
834.017654
834.051205
834.068000
834.068000
834.051205
834.017654
833.967428
833.900644
833.817462
833.718079
833.602730
833.471690
833.325267
833.316971
833.463200
833.594068
833.709265
833.808517
833.891589
833.958284
834.008444
834.041951
834.058724
834.058724
834.041951
834.008444
833.958284
833.891589
833.808517
833.709265
833.594068
833.463200
833.316971
833.308686
833.454722
833.585417
833.700462
833.799583
833.882545
833.949152
833.999246
834.032708
834.049459
834.049459
834.032708
833.999246
833.949152
833.882545
833.799583
833.700462
833.585417
833.454722
833.308686
833.300412
833.446255
833.576778
833.691671
833.790661
833.873514
833.940033
833.990061
834.023479
834.040207
834.040207
834.023479
833.990061
833.940033
833.873514
833.790661
833.691671
833.576778
833.446255
833.300412
833.292149
833.437800
833.568150
833.682891
833.781750
833.864494
833.930925
833.980887
834.014261
834.030968
834.030968
834.014261
833.980887
833.930925
833.864494
833.781750
833.682891
833.568150
833.437800
833.292149
833.283897
833.429355
833.559533
833.674123
833.772852
833.855486
833.921830
833.971726
834.005055
834.021740
834.021740
834.005055
833.971726
833.921830
833.855486
833.772852
833.674123
833.559533
833.429355
833.283897
833.275655
833.420922
833.550928
833.665366
833.763965
833.846490
833.912746
833.962576
833.995862
834.012525
834.012525
833.995862
833.962576
833.912746
833.846490
833.763965
833.665366
833.550928
833.420922
833.275655
833.267425
833.412500
833.542334
833.656622
833.755090
833.837506
833.903675
833.953439
833.986681
834.003322
834.003322
833.986681
833.953439
833.903675
833.837506
833.755090
833.656622
833.542334
833.412500
833.267425
833.259205
833.404088
833.533752
833.647888
833.746227
833.828534
833.894615
833.944314
833.977512
833.994131
833.994131
833.977512
833.944314
833.894615
833.828534
833.746227
833.647888
833.533752
833.404088
833.259205
833.250997
833.395688
833.525181
833.639166
833.737375
833.819574
833.885568
833.935201
833.968355
833.984952
833.984952
833.968355
833.935201
833.885568
833.819574
833.737375
833.639166
833.525181
833.395688
833.250997
833.242799
833.387300
833.516621
833.630456
833.728535
833.810625
833.876532
833.926100
833.959210
833.975785
833.975785
833.959210
833.926100
833.876532
833.810625
833.728535
833.630456
833.516621
833.387300
833.242799
833.234612
833.378922
833.508072
833.621757
833.719707
833.801689
833.867509
833.917011
833.950077
833.966630
833.966630
833.950077
833.917011
833.867509
833.801689
833.719707
833.621757
833.508072
833.378922
833.234612
833.226435
833.370555
833.499535
833.613070
833.710890
833.792764
833.858497
833.907934
833.940957
833.957488
833.957488
833.940957
833.907934
833.858497
833.792764
833.710890
833.613070
833.499535
833.370555
833.226435
833.218270
833.362199
833.491009
833.604394
833.702085
833.783851
833.849497
833.898869
833.931848
833.948357
833.948357
833.931848
833.898869
833.849497
833.783851
833.702085
833.604394
833.491009
833.362199
833.218270
833.210115
833.353855
833.482495
833.595730
833.693292
833.774950
833.840510
833.889816
833.922752
833.939239
833.939239
833.922752
833.889816
833.840510
833.774950
833.693292
833.595730
833.482495
833.353855
833.210115
833.201971
833.345521
833.473991
833.587077
833.684510
833.766060
833.831534
833.880775
833.913667
833.930133
833.930133
833.913667
833.880775
833.831534
833.766060
833.684510
833.587077
833.473991
833.345521
833.201971
833.193838
833.337198
833.465499
833.578436
833.675740
833.757183
833.822569
833.871746
833.904595
833.921039
833.921039
833.904595
833.871746
833.822569
833.757183
833.675740
833.578436
833.465499
833.337198
833.193838
833.185715
833.328886
833.457018
833.569805
833.666982
833.748317
833.813617
833.862728
833.895534
833.911956
833.911956
833.895534
833.862728
833.813617
833.748317
833.666982
833.569805
833.457018
833.328886
833.185715
833.177603
833.320586
833.448548
833.561187
833.658235
833.739462
833.804677
833.853723
833.886485
833.902886
833.902886
833.886485
833.853723
833.804677
833.739462
833.658235
833.561187
833.448548
833.320586
833.177603
833.169502
833.312296
833.440089
833.552579
833.649500
833.730620
833.795748
833.844730
833.877449
833.893828
833.893828
833.877449
833.844730
833.795748
833.730620
833.649500
833.552579
833.440089
833.312296
833.169502
833.161412
833.304017
833.431642
833.543984
833.640776
833.721789
833.786831
833.835748
833.868424
833.884781
833.884781
833.868424
833.835748
833.786831
833.721789
833.640776
833.543984
833.431642
833.304017
833.161412
833.153332
833.295749
833.423206
833.535399
833.632063
833.712970
833.777926
833.826779
833.859411
833.875747
833.875747
833.859411
833.826779
833.777926
833.712970
833.632063
833.535399
833.423206
833.295749
833.153332
833.145263
833.287492
833.414780
833.526826
833.623363
833.704162
833.769033
833.817821
833.850411
833.866725
833.866725
833.850411
833.817821
833.769033
833.704162
833.623363
833.526826
833.414780
833.287492
833.145263
833.137205
833.279246
833.406366
833.518264
833.614673
833.695366
833.760151
833.808875
833.841422
833.857714
833.857714
833.841422
833.808875
833.760151
833.695366
833.614673
833.518264
833.406366
833.279246
833.137205
833.129157
833.271011
833.397963
833.509713
833.605995
833.686582
833.751281
833.799941
833.832445
833.848716
833.848716
833.832445
833.799941
833.751281
833.686582
833.605995
833.509713
833.397963
833.271011
833.129157
833.121120
833.262787
833.389572
833.501174
833.597329
833.677809
833.742423
833.791018
833.823479
833.839729
833.839729
833.823479
833.791018
833.742423
833.677809
833.597329
833.501174
833.389572
833.262787
833.121120
833.113093
833.254573
833.381191
833.492646
833.588674
833.669048
833.733577
833.782108
833.814526
833.830754
833.830754
833.814526
833.782108
833.733577
833.669048
833.588674
833.492646
833.381191
833.254573
833.113093
833.105077
833.246371
833.372821
833.484129
833.580031
833.660299
833.724742
833.773209
833.805584
833.821791
833.821791
833.805584
833.773209
833.724742
833.660299
833.580031
833.484129
833.372821
833.246371
833.105077
833.097072
833.238179
833.364462
833.475624
833.571399
833.651561
833.715919
833.764322
833.796655
833.812840
833.812840
833.796655
833.764322
833.715919
833.651561
833.571399
833.475624
833.364462
833.238179
833.097072
833.089077
833.229998
833.356115
833.467129
833.562778
833.642834
833.707108
833.755447
833.787737
833.803901
833.803901
833.787737
833.755447
833.707108
833.642834
833.562778
833.467129
833.356115
833.229998
833.089077
833.081093
833.221828
833.347778
833.458646
833.554169
833.634119
833.698308
833.746583
833.778831
833.794973
833.794973
833.778831
833.746583
833.698308
833.634119
833.554169
833.458646
833.347778
833.221828
833.081093
833.073119
833.213668
833.339453
833.450174
833.545571
833.625416
833.689520
833.737732
833.769936
833.786058
833.786058
833.769936
833.737732
833.689520
833.625416
833.545571
833.450174
833.339453
833.213668
833.073119
833.065156
833.205520
833.331138
833.441714
833.536984
833.616724
833.680743
833.728891
833.761054
833.777154
833.777154
833.761054
833.728891
833.680743
833.616724
833.536984
833.441714
833.331138
833.205520
833.065156
833.057203
833.197382
833.322834
833.433264
833.528409
833.608043
833.671979
833.720063
833.752183
833.768262
833.768262
833.752183
833.720063
833.671979
833.608043
833.528409
833.433264
833.322834
833.197382
833.057203
833.049261
833.189255
833.314542
833.424826
833.519845
833.599374
833.663225
833.711246
833.743324
833.759381
833.759381
833.743324
833.711246
833.663225
833.599374
833.519845
833.424826
833.314542
833.189255
833.049261
833.041330
833.181138
833.306260
833.416399
833.511292
833.590717
833.654483
833.702441
833.734476
833.750513
833.750513
833.734476
833.702441
833.654483
833.590717
833.511292
833.416399
833.306260
833.181138
833.041330
833.033408
833.173032
833.297989
833.407982
833.502751
833.582071
833.645753
833.693648
833.725640
833.741656
833.741656
833.725640
833.693648
833.645753
833.582071
833.502751
833.407982
833.297989
833.173032
833.033408
833.025497
833.164937
833.289729
833.399577
833.494221
833.573436
833.637034
833.684866
833.716816
833.732810
833.732810
833.716816
833.684866
833.637034
833.573436
833.494221
833.399577
833.289729
833.164937
833.025497
833.017597
833.156853
833.281480
833.391184
833.485702
833.564813
833.628327
833.676095
833.708004
833.723977
833.723977
833.708004
833.676095
833.628327
833.564813
833.485702
833.391184
833.281480
833.156853
833.017597
833.009707
833.148779
833.273242
833.382801
833.477195
833.556201
833.619632
833.667337
833.699203
833.715155
833.715155
833.699203
833.667337
833.619632
833.556201
833.477195
833.382801
833.273242
833.148779
833.009707
833.001828
833.140716
833.265015
833.374429
833.468699
833.547600
833.610947
833.658590
833.690414
833.706345
833.706345
833.690414
833.658590
833.610947
833.547600
833.468699
833.374429
833.265015
833.140716
833.001828
832.993958
833.132664
833.256799
833.366068
833.460213
833.539011
833.602275
833.649854
833.681636
833.697546
833.697546
833.681636
833.649854
833.602275
833.539011
833.460213
833.366068
833.256799
833.132664
832.993958
832.986100
833.124622
833.248593
833.357719
833.451740
833.530433
833.593613
833.641130
833.672870
833.688759
833.688759
833.672870
833.641130
833.593613
833.530433
833.451740
833.357719
833.248593
833.124622
832.986100
832.978251
833.116591
833.240399
833.349380
833.443277
833.521867
833.584964
833.632417
833.664116
833.679984
833.679984
833.664116
833.632417
833.584964
833.521867
833.443277
833.349380
833.240399
833.116591
832.978251
831.650922
832.806100
833.162862
833.325150
833.431179
833.512475
833.576133
833.623672
833.655363
833.671217
833.671217
833.655363
833.623672
833.576133
833.512475
833.431179
833.325150
833.162862
832.806100
831.650922
830.911882
832.359003
832.991776
833.265204
833.407626
833.499716
833.566367
833.614682
833.646552
833.662440
833.662440
833.646552
833.614682
833.566367
833.499716
833.407626
833.265204
832.991776
832.359003
830.911882
830.376800
831.939717
832.766875
833.166316
833.366113
833.480099
833.554253
833.604945
833.637517
833.653587
833.653587
833.637517
833.604945
833.554253
833.480099
833.366113
833.166316
832.766875
831.939717
830.376800
829.940143
831.562373
832.523341
833.037692
833.304956
833.450835
833.538107
833.593689
833.627940
833.644510
833.644510
833.627940
833.593689
833.538107
833.450835
833.304956
833.037692
832.523341
831.562373
829.940143
829.562878
831.220748
832.277561
832.889955
833.226173
833.410686
833.516499
833.580025
833.617366
833.634956
833.634956
833.617366
833.580025
833.516499
833.410686
833.226173
832.889955
832.277561
831.220748
829.562878
829.226424
830.907804
832.036308
832.731047
833.133163
833.359789
833.488541
833.563130
833.605262
833.624569
833.624569
833.605262
833.563130
833.488541
833.359789
833.133163
832.731047
832.036308
830.907804
829.226424
828.920274
830.618057
831.802164
832.566212
833.029317
833.299098
833.453904
833.542371
833.591082
833.612919
833.612919
833.591082
833.542371
833.453904
833.299098
833.029317
832.566212
831.802164
830.618057
828.920274
828.637784
830.347427
831.575914
832.398779
832.917497
833.229905
833.412687
833.517342
833.574333
833.599545
833.599545
833.574333
833.517342
833.412687
833.229905
832.917497
832.398779
831.575914
830.347427
828.637784
828.374436
830.092845
831.357571
832.230839
832.799964
833.153549
833.365261
833.487846
833.554607
833.583995
833.583995
833.554607
833.487846
833.365261
833.153549
832.799964
832.230839
831.357571
830.092845
828.374436
828.126985
829.851960
831.146819
832.063699
832.678443
833.071266
833.312134
833.453847
833.531593
833.565864
833.565864
833.531593
833.453847
833.312134
833.071266
832.678443
832.063699
831.146819
829.851960
828.126985
827.893011
829.622928
830.943219
831.898170
832.554235
832.984136
833.253861
833.415424
833.505075
833.544810
833.544810
833.505075
833.415424
833.253861
832.984136
832.554235
831.898170
830.943219
829.622928
827.893011
827.670648
829.404279
830.746294
831.734747
832.428314
832.893073
833.190993
833.372731
833.474923
833.520564
833.520564
833.474923
833.372731
833.190993
832.893073
832.428314
831.734747
830.746294
829.404279
827.670648
827.458425
829.194815
830.555578
831.573721
832.301406
832.798832
833.124047
833.325965
833.441077
833.492934
833.492934
833.441077
833.325965
833.124047
832.798832
832.301406
831.573721
830.555578
829.194815
827.458425
827.255153
828.993549
830.370626
831.415244
832.174052
832.702037
833.053488
833.275343
833.403536
833.461796
833.461796
833.403536
833.275343
833.053488
832.702037
832.174052
831.415244
830.370626
828.993549
827.255153
827.059858
828.799654
830.191028
831.259384
832.046654
832.603191
832.979729
833.221091
833.362344
833.427088
833.427088
833.362344
833.221091
832.979729
832.603191
832.046654
831.259384
830.191028
828.799654
827.059858
826.871727
828.612431
830.016408
831.106145
831.919504
832.502706
832.903133
833.163434
833.317579
833.388799
833.388799
833.317579
833.163434
832.903133
832.502706
831.919504
831.106145
830.016408
828.612431
826.871727
826.690074
828.431280
829.846419
830.955493
831.792820
832.400912
832.824017
833.102587
833.269345
833.346962
833.346962
833.269345
833.102587
832.824017
832.400912
831.792820
830.955493
829.846419
828.431280
826.690074
826.514311
828.255680
829.680748
830.807369
831.666754
832.298078
832.742652
833.038759
833.217765
833.301642
833.301642
833.217765
833.038759
832.742652
832.298078
831.666754
830.807369
829.680748
828.255680
826.514311
826.343933
828.085180
829.519103
830.661694
831.541415
832.194419
832.659277
832.972145
833.162972
833.252931
833.252931
833.162972
832.972145
832.659277
832.194419
831.541415
830.661694
829.519103
828.085180
826.343933
826.178497
827.919378
829.361222
830.518382
831.416875
832.090111
832.574098
832.902930
833.105109
833.200940
833.200940
833.105109
832.902930
832.574098
832.090111
831.416875
830.518382
829.361222
827.919378
826.178497
826.017616
827.757922
829.206861
830.377338
831.293180
831.985294
832.487295
832.831287
833.044321
833.145792
833.145792
833.044321
832.831287
832.487295
831.985294
831.293180
830.377338
829.206861
827.757922
826.017616
825.860944
827.600496
829.055796
830.238466
831.170354
831.880081
832.399025
832.757378
832.980755
833.087623
833.087623
832.980755
832.757378
832.399025
831.880081
831.170354
830.238466
829.055796
827.600496
825.860944
825.708175
827.446814
828.907822
830.101666
831.048408
831.774566
832.309427
832.681355
832.914558
833.026569
833.026569
832.914558
832.681355
832.309427
831.774566
831.048408
830.101666
828.907822
827.446814
825.708175
825.559032
827.296620
828.762747
829.966842
830.927340
831.668823
832.218622
832.603360
832.845874
832.962772
832.962772
832.845874
832.603360
832.218622
831.668823
830.927340
829.966842
828.762747
827.296620
825.559032
825.413266
827.149680
828.620395
829.833899
830.807140
831.562914
832.126719
832.523525
832.774844
832.896373
832.896373
832.774844
832.523525
832.126719
831.562914
830.807140
829.833899
828.620395
827.149680
825.413266
825.270651
827.005783
828.480603
829.702743
830.687791
831.456887
832.033815
832.441975
832.701603
832.827513
832.827513
832.701603
832.441975
832.033815
831.456887
830.687791
829.702743
828.480603
827.005783
825.270651
825.130981
826.864733
828.343218
829.573287
830.569273
831.350784
831.939997
832.358824
832.626282
832.756327
832.756327
832.626282
832.358824
831.939997
831.350784
830.569273
829.573287
828.343218
826.864733
825.130981
824.994067
826.726351
828.208098
829.445442
830.451561
831.244637
831.845343
832.274183
832.549008
832.682949
832.682949
832.549008
832.274183
831.845343
831.244637
830.451561
829.445442
828.208098
826.726351
824.994067
824.859735
826.590472
828.075112
829.319128
830.334630
831.138475
831.749924
832.188152
832.469900
832.607507
832.607507
832.469900
832.188152
831.749924
831.138475
830.334630
829.319128
828.075112
826.590472
824.859735
824.727827
826.456945
827.944135
829.194265
830.218453
831.032320
831.653804
832.100826
832.389073
832.530125
832.530125
832.389073
832.100826
831.653804
831.032320
830.218453
829.194265
827.944135
826.456945
824.727827
824.598193
826.325626
827.815054
829.070779
830.103002
830.926191
831.557043
832.012296
832.306635
832.450922
832.450922
832.306635
832.012296
831.557043
830.926191
830.103002
829.070779
827.815054
826.325626
824.598193
824.470697
826.196387
827.687759
828.948598
829.988249
830.820104
831.459695
831.922645
832.222691
832.370011
832.370011
832.222691
831.922645
831.459695
830.820104
829.988249
828.948598
827.687759
826.196387
824.470697
824.345213
826.069104
827.562151
828.827656
829.874168
830.714071
831.361809
831.831950
832.137337
832.287498
832.287498
832.137337
831.831950
831.361809
830.714071
829.874168
828.827656
827.562151
826.069104
824.345213
824.221623
825.943664
827.438136
828.707889
829.760731
830.608105
831.263430
831.740286
832.050668
832.203487
832.203487
832.050668
831.740286
831.263430
830.608105
829.760731
828.707889
827.438136
825.943664
824.221623
824.099816
825.819962
827.315624
828.589236
829.647912
830.502215
831.164602
831.647722
831.962769
832.118075
832.118075
831.962769
831.647722
831.164602
830.502215
829.647912
828.589236
827.315624
825.819962
824.099816
823.979691
825.697898
827.194534
828.471641
829.535686
830.396409
831.065364
831.554322
831.873725
832.031354
832.031354
831.873725
831.554322
831.065364
830.396409
829.535686
828.471641
827.194534
825.697898
823.979691
823.861151
825.577380
827.074787
828.355049
829.424029
830.290694
830.965751
831.460147
831.783613
831.943410
831.943410
831.783613
831.460147
830.965751
830.290694
829.424029
828.355049
827.074787
825.577380
823.861151
823.744108
825.458323
826.956311
828.239410
829.312918
830.185076
830.865798
831.365253
831.692506
831.854325
831.854325
831.692506
831.365253
830.865798
830.185076
829.312918
828.239410
826.956311
825.458323
823.744108
823.628477
825.340645
826.839038
828.124677
829.202330
830.079561
830.765536
831.269696
831.600473
831.764178
831.764178
831.600473
831.269696
830.765536
830.079561
829.202330
828.124677
826.839038
825.340645
823.628477
823.514181
825.224271
826.722903
828.010804
829.092244
829.974153
830.664994
831.173524
831.507581
831.673040
831.673040
831.507581
831.173524
830.664994
829.974153
829.092244
828.010804
826.722903
825.224271
823.514181
823.401147
825.109129
826.607847
827.897749
828.982641
829.868856
830.564199
831.076784
831.413890
831.580982
831.580982
831.413890
831.076784
830.564199
829.868856
828.982641
827.897749
826.607847
825.109129
823.401147
823.289306
824.995154
826.493813
827.785472
828.873501
829.763674
830.463178
830.979521
831.319458
831.488067
831.488067
831.319458
830.979521
830.463178
829.763674
828.873501
827.785472
826.493813
824.995154
823.289306
823.178594
824.882283
826.380748
827.673935
828.764806
829.658610
830.361955
830.881777
831.224340
831.394358
831.394358
831.224340
830.881777
830.361955
829.658610
828.764806
827.673935
826.380748
824.882283
823.178594
823.068950
824.770457
826.268602
827.563103
828.656539
829.553667
830.260550
830.783590
831.128586
831.299911
831.299911
831.128586
830.783590
830.260550
829.553667
828.656539
827.563103
826.268602
824.770457
823.068950
822.960318
824.659623
826.157329
827.452943
828.548684
829.448848
830.158986
830.684998
831.032245
831.204781
831.204781
831.032245
830.684998
830.158986
829.448848
828.548684
827.452943
826.157329
824.659623
822.960318
822.852645
824.549728
826.046885
827.343423
828.441225
829.344154
830.057281
830.586033
830.935362
831.109018
831.109018
830.935362
830.586033
830.057281
829.344154
828.441225
827.343423
826.046885
824.549728
822.852645
822.745881
824.440724
825.937229
827.234514
828.334149
829.239589
829.955454
830.486729
830.837979
831.012671
831.012671
830.837979
830.486729
829.955454
829.239589
828.334149
827.234514
825.937229
824.440724
822.745881
822.639980
824.332566
825.828321
827.126188
828.227441
829.135154
829.853523
830.387115
830.740136
830.915784
830.915784
830.740136
830.387115
829.853523
829.135154
828.227441
827.126188
825.828321
824.332566
822.639980
822.534898
824.225212
825.720125
827.018419
828.121090
829.030851
829.751503
830.287221
830.641870
830.818399
830.818399
830.641870
830.287221
829.751503
829.030851
828.121090
827.018419
825.720125
824.225212
822.534898
822.430593
824.118620
825.612608
826.911183
828.015081
828.926681
829.649409
830.187073
830.543218
830.720557
830.720557
830.543218
830.187073
829.649409
828.926681
828.015081
826.911183
825.612608
824.118620
822.430593
822.327026
824.012754
825.505737
826.804457
827.909405
828.822647
829.547255
830.086696
830.444211
830.622294
830.622294
830.444211
830.086696
829.547255
828.822647
827.909405
826.804457
825.505737
824.012754
822.327026
822.224162
823.907579
825.399482
826.698218
827.804051
828.718748
829.445055
829.986112
830.344881
830.523646
830.523646
830.344881
829.986112
829.445055
828.718748
827.804051
826.698218
825.399482
823.907579
822.224162
822.121967
823.803061
825.293814
826.592447
827.699008
828.614987
829.342821
829.885346
830.245258
830.424646
830.424646
830.245258
829.885346
829.342821
828.614987
827.699008
826.592447
825.293814
823.803061
822.121967
822.020408
823.699169
825.188707
826.487124
827.594267
828.511365
829.240565
829.784416
830.145368
830.325325
830.325325
830.145368
829.784416
829.240565
828.511365
827.594267
826.487124
825.188707
823.699169
822.020408
821.919454
823.595874
825.084136
826.382231
827.489818
828.407882
829.138296
829.683344
830.045237
830.225711
830.225711
830.045237
829.683344
829.138296
828.407882
827.489818
826.382231
825.084136
823.595874
821.919454
821.819079
823.493149
824.980077
826.277751
827.385654
828.304540
829.036027
829.582146
829.944890
830.125832
830.125832
829.944890
829.582146
829.036027
828.304540
827.385654
826.277751
824.980077
823.493149
821.819079
821.719255
823.390967
824.876508
826.173669
827.281767
828.201339
828.933766
829.480839
829.844349
830.025714
830.025714
829.844349
829.480839
828.933766
828.201339
827.281767
826.173669
824.876508
823.390967
821.719255
821.619957
823.289304
824.773408
826.069970
827.178148
828.098281
828.831521
829.379441
829.743636
829.925380
829.925380
829.743636
829.379441
828.831521
828.098281
827.178148
826.069970
824.773408
823.289304
821.619957
821.521161
823.188138
824.670758
825.966638
827.074791
827.995365
828.729303
829.277967
829.642770
829.824854
829.824854
829.642770
829.277967
828.729303
827.995365
827.074791
825.966638
824.670758
823.188138
821.521161
821.422847
823.087447
824.568539
825.863661
826.971690
827.892594
828.627118
829.176429
829.541770
829.724157
829.724157
829.541770
829.176429
828.627118
827.892594
826.971690
825.863661
824.568539
823.087447
821.422847
821.324992
822.987210
824.466734
825.761027
826.868837
827.789966
828.524973
829.074842
829.440654
829.623308
829.623308
829.440654
829.074842
828.524973
827.789966
826.868837
825.761027
824.466734
822.987210
821.324992
821.227577
822.887409
824.365327
825.658723
826.766227
827.687484
828.422877
828.973218
829.339439
829.522326
829.522326
829.339439
828.973218
828.422877
827.687484
826.766227
825.658723
824.365327
822.887409
821.227577
821.130585
822.788027
824.264302
825.556739
826.663854
827.585146
828.320835
828.871568
829.238139
829.421229
829.421229
829.238139
828.871568
828.320835
827.585146
826.663854
825.556739
824.264302
822.788027
821.130585
821.033997
822.689045
824.163645
825.455065
826.561714
827.482955
828.218852
828.769905
829.136770
829.320034
829.320034
829.136770
828.769905
828.218852
827.482955
826.561714
825.455065
824.163645
822.689045
821.033997
820.937797
822.590449
824.063343
825.353689
826.459801
827.380909
828.116936
828.668237
829.035345
829.218755
829.218755
829.035345
828.668237
828.116936
827.380909
826.459801
825.353689
824.063343
822.590449
820.937797
820.841971
822.492224
823.963382
825.252604
826.358110
827.279010
828.015092
828.566575
828.933878
829.117407
829.117407
828.933878
828.566575
828.015092
827.279010
826.358110
825.252604
823.963382
822.492224
820.841971
820.746504
822.394355
823.863751
825.151801
826.256638
827.177259
827.913323
828.464927
828.832379
829.016004
829.016004
828.832379
828.464927
827.913323
827.177259
826.256638
825.151801
823.863751
822.394355
820.746504
820.651382
822.296830
823.764438
825.051271
826.155379
827.075654
827.811636
828.363303
828.730861
828.914559
828.914559
828.730861
828.363303
827.811636
827.075654
826.155379
825.051271
823.764438
822.296830
820.651382
820.556593
822.199636
823.665434
824.951007
826.054330
826.974196
827.710034
828.261710
828.629333
828.813084
828.813084
828.629333
828.261710
827.710034
826.974196
826.054330
824.951007
823.665434
822.199636
820.556593
820.462125
822.102762
823.566727
824.851001
825.953488
826.872887
827.608521
828.160155
828.527807
828.711589
828.711589
828.527807
828.160155
827.608521
826.872887
825.953488
824.851001
823.566727
822.102762
820.462125
820.367966
822.006197
823.468309
824.751247
825.852849
826.771725
827.507102
828.058646
828.426291
828.610086
828.610086
828.426291
828.058646
827.507102
826.771725
825.852849
824.751247
823.468309
822.006197
820.367966
820.274107
821.909930
823.370170
824.651738
825.752409
826.670711
827.405779
827.957189
828.324794
828.508585
828.508585
828.324794
827.957189
827.405779
826.670711
825.752409
824.651738
823.370170
821.909930
820.274107
820.180536
821.813951
823.272303
824.552469
825.652166
826.569846
827.304557
827.855790
828.223324
828.407094
828.407094
828.223324
827.855790
827.304557
826.569846
825.652166
824.552469
823.272303
821.813951
820.180536
820.087245
821.718253
823.174700
824.453433
825.552116
826.469128
827.203438
827.754455
828.121889
828.305622
828.305622
828.121889
827.754455
827.203438
826.469128
825.552116
824.453433
823.174700
821.718253
820.087245
819.994226
821.622826
823.077353
824.354625
825.452257
826.368559
827.102426
827.653190
828.020496
828.204178
828.204178
828.020496
827.653190
827.102426
826.368559
825.452257
824.354625
823.077353
821.622826
819.994226
819.901468
821.527662
822.980255
824.256041
825.352586
826.268139
827.001522
827.551999
827.919151
828.102769
828.102769
827.919151
827.551999
827.001522
826.268139
825.352586
824.256041
822.980255
821.527662
819.901468
819.808966
821.432753
822.883400
824.157675
825.253100
826.167867
826.900730
827.450887
827.817862
828.001403
828.001403
827.817862
827.450887
826.900730
826.167867
825.253100
824.157675
822.883400
821.432753
819.808966
819.716712
821.338093
822.786781
824.059523
825.153798
826.067744
826.800052
827.349859
827.716634
827.900086
827.900086
827.716634
827.349859
826.800052
826.067744
825.153798
824.059523
822.786781
821.338093
819.716712
819.624698
821.243675
822.690393
823.961580
825.054678
825.967769
826.699490
827.248918
827.615473
827.798824
827.798824
827.615473
827.248918
826.699490
825.967769
825.054678
823.961580
822.690393
821.243675
819.624698
819.532918
821.149492
822.594231
823.863844
824.955736
825.867943
826.599046
827.148069
827.514384
827.697624
827.697624
827.514384
827.148069
826.599046
825.867943
824.955736
823.863844
822.594231
821.149492
819.532918
819.441366
821.055538
822.498289
823.766309
824.856971
825.768266
826.498723
827.047316
827.413371
827.596491
827.596491
827.413371
827.047316
826.498723
825.768266
824.856971
823.766309
822.498289
821.055538
819.441366
819.350037
820.961809
822.402562
823.668973
824.758381
825.668737
826.398522
826.946660
827.312440
827.495429
827.495429
827.312440
826.946660
826.398522
825.668737
824.758381
823.668973
822.402562
820.961809
819.350037
819.258924
820.868298
822.307047
823.571832
824.659965
825.569357
826.298444
826.846107
827.211594
827.394445
827.394445
827.211594
826.846107
826.298444
825.569357
824.659965
823.571832
822.307047
820.868298
819.258924
819.168024
820.775000
822.211737
823.474882
824.561720
825.470125
826.198491
826.745659
827.110837
827.293542
827.293542
827.110837
826.745659
826.198491
825.470125
824.561720
823.474882
822.211737
820.775000
819.168024
819.077330
820.681911
822.116631
823.378122
824.463646
825.371042
826.098665
826.645318
827.010175
827.192725
827.192725
827.010175
826.645318
826.098665
825.371042
824.463646
823.378122
822.116631
820.681911
819.077330
818.986838
820.589027
822.021723
823.281548
824.365740
825.272107
825.998968
826.545087
826.909608
827.091997
827.091997
826.909608
826.545087
825.998968
825.272107
824.365740
823.281548
822.021723
820.589027
818.986838
818.896545
820.496343
821.927010
823.185157
824.268001
825.173320
825.899399
826.444969
826.809142
826.991363
826.991363
826.809142
826.444969
825.899399
825.173320
824.268001
823.185157
821.927010
820.496343
818.896545
818.806446
820.403856
821.832489
823.088947
824.170428
825.074682
825.799961
826.344965
826.708780
826.890826
826.890826
826.708780
826.344965
825.799961
825.074682
824.170428
823.088947
821.832489
820.403856
818.806446
818.716538
820.311561
821.738156
822.992916
824.073020
824.976191
825.700655
826.245079
826.608523
826.790389
826.790389
826.608523
826.245079
825.700655
824.976191
824.073020
822.992916
821.738156
820.311561
818.716538
818.626816
820.219456
821.644009
822.897061
823.975774
824.877849
825.601481
826.145311
826.508375
826.690056
826.690056
826.508375
826.145311
825.601481
824.877849
823.975774
822.897061
821.644009
820.219456
818.626816
818.537277
820.127536
821.550044
822.801380
823.878691
824.779654
825.502440
826.045664
826.408338
826.589829
826.589829
826.408338
826.045664
825.502440
824.779654
823.878691
822.801380
821.550044
820.127536
818.537277
818.447919
820.035799
821.456259
822.705872
823.781769
824.681607
825.403534
825.946139
826.308414
826.489710
826.489710
826.308414
825.946139
825.403534
824.681607
823.781769
822.705872
821.456259
820.035799
818.447919
818.358737
819.944243
821.362652
822.610534
823.685006
824.583708
825.304762
825.846739
826.208606
826.389703
826.389703
826.208606
825.846739
825.304762
824.583708
823.685006
822.610534
821.362652
819.944243
818.358737
818.269731
819.852863
821.269219
822.515364
823.588403
824.485956
825.206127
825.747463
826.108916
826.289809
826.289809
826.108916
825.747463
825.206127
824.485956
823.588403
822.515364
821.269219
819.852863
818.269731
818.180895
819.761657
821.175959
822.420361
823.491957
824.388351
825.107628
825.648315
826.009346
826.190031
826.190031
826.009346
825.648315
825.107628
824.388351
823.491957
822.420361
821.175959
819.761657
818.180895
818.092229
819.670624
821.082870
822.325524
823.395668
824.290894
825.009266
825.549294
825.909897
826.090371
826.090371
825.909897
825.549294
825.009266
824.290894
823.395668
822.325524
821.082870
819.670624
818.092229
818.003730
819.579760
820.989949
822.230849
823.299536
824.193584
824.911042
825.450403
825.810571
825.990830
825.990830
825.810571
825.450403
824.911042
824.193584
823.299536
822.230849
820.989949
819.579760
818.003730
817.915395
819.489064
820.897195
822.136338
823.203559
824.096420
824.812956
825.351643
825.711369
825.891411
825.891411
825.711369
825.351643
824.812956
824.096420
823.203559
822.136338
820.897195
819.489064
817.915395
817.827223
819.398534
820.804605
822.041987
823.107736
823.999403
824.715009
825.253013
825.612293
825.792115
825.792115
825.612293
825.253013
824.715009
823.999403
823.107736
822.041987
820.804605
819.398534
817.827223
817.739210
819.308166
820.712179
821.947795
823.012066
823.902533
824.617200
825.154516
825.513345
825.692943
825.692943
825.513345
825.154516
824.617200
823.902533
823.012066
821.947795
820.712179
819.308166
817.739210
817.651357
819.217960
820.619913
821.853762
822.916550
823.805809
824.519531
825.056152
825.414525
825.593897
825.593897
825.414525
825.056152
824.519531
823.805809
822.916550
821.853762
820.619913
819.217960
817.651357
817.563660
819.127914
820.527808
821.759885
822.821186
823.709231
824.422002
824.957922
825.315835
825.494979
825.494979
825.315835
824.957922
824.422002
823.709231
822.821186
821.759885
820.527808
819.127914
817.563660
817.476117
819.038026
820.435861
821.666165
822.725974
823.612799
824.324612
824.859827
825.217275
825.396189
825.396189
825.217275
824.859827
824.324612
823.612799
822.725974
821.666165
820.435861
819.038026
817.476117
817.388729
818.948295
820.344070
821.572599
822.630912
823.516513
824.227364
824.761867
825.118847
825.297529
825.297529
825.118847
824.761867
824.227364
823.516513
822.630912
821.572599
820.344070
818.948295
817.388729
817.301491
818.858719
820.252436
821.479188
822.536001
823.420372
824.130255
824.664044
825.020552
825.198999
825.198999
825.020552
824.664044
824.130255
823.420372
822.536001
821.479188
820.252436
818.858719
817.301491
817.214405
818.769296
820.160956
821.385929
822.441239
823.324377
824.033288
824.566356
824.922390
825.100601
825.100601
824.922390
824.566356
824.033288
823.324377
822.441239
821.385929
820.160956
818.769296
817.214405
817.127467
818.680025
820.069628
821.292822
822.346627
823.228527
823.936461
824.468806
824.824362
825.002336
825.002336
824.824362
824.468806
823.936461
823.228527
822.346627
821.292822
820.069628
818.680025
817.127467
817.040676
818.590906
819.978453
821.199866
822.252162
823.132822
823.839775
824.371394
824.726469
824.904204
824.904204
824.726469
824.371394
823.839775
823.132822
822.252162
821.199866
819.978453
818.590906
817.040676
816.954032
818.501936
819.887429
821.107061
822.157846
823.037261
823.743231
824.274119
824.628711
824.806206
824.806206
824.628711
824.274119
823.743231
823.037261
822.157846
821.107061
819.887429
818.501936
816.954032
816.867534
818.413115
819.796555
821.014405
822.063678
822.941846
823.646828
824.176983
824.531089
824.708343
824.708343
824.531089
824.176983
823.646828
822.941846
822.063678
821.014405
819.796555
818.413115
816.867534
816.781179
818.324441
819.705830
820.921897
821.969656
822.846574
823.550567
824.079985
824.433604
824.610615
824.610615
824.433604
824.079985
823.550567
822.846574
821.969656
820.921897
819.705830
818.324441
816.781179
816.694967
818.235914
819.615252
820.829537
821.875781
822.751447
823.454447
823.983127
824.336257
824.513024
824.513024
824.336257
823.983127
823.454447
822.751447
821.875781
820.829537
819.615252
818.235914
816.694967
816.608898
818.147532
819.524822
820.737325
821.782052
822.656464
823.358469
823.886408
824.239046
824.415569
824.415569
824.239046
823.886408
823.358469
822.656464
821.782052
820.737325
819.524822
818.147532
816.608898
816.522969
818.059294
819.434538
820.645259
821.688468
822.561625
823.262633
823.789828
824.141974
824.318251
824.318251
824.141974
823.789828
823.262633
822.561625
821.688468
820.645259
819.434538
818.059294
816.522969
816.437180
817.971201
819.344400
820.553339
821.595029
822.466929
823.166938
823.693388
824.045040
824.221071
824.221071
824.045040
823.693388
823.166938
822.466929
821.595029
820.553339
819.344400
817.971201
816.437180
816.351531
817.883249
819.254406
820.461564
821.501736
822.372377
823.071384
823.597088
823.948245
824.124028
824.124028
823.948245
823.597088
823.071384
822.372377
821.501736
820.461564
819.254406
817.883249
816.351531
816.266020
817.795440
819.164556
820.369934
821.408586
822.277968
822.975973
823.500929
823.851588
824.027124
824.027124
823.851588
823.500929
822.975973
822.277968
821.408586
820.369934
819.164556
817.795440
816.266020
816.180647
817.707772
819.074849
820.278447
821.315580
822.183701
822.880703
823.404909
823.755071
823.930359
823.930359
823.755071
823.404909
822.880703
822.183701
821.315580
820.278447
819.074849
817.707772
816.180647
816.095411
817.620244
818.985285
820.187105
821.222718
822.089578
822.785575
823.309031
823.658693
823.833732
823.833732
823.658693
823.309031
822.785575
822.089578
821.222718
820.187105
818.985285
817.620244
816.095411
816.010310
817.532856
818.895862
820.095905
821.129998
821.995596
822.690588
823.213292
823.562455
823.737245
823.737245
823.562455
823.213292
822.690588
821.995596
821.129998
820.095905
818.895862
817.532856
816.010310
815.925345
817.445607
818.806581
820.004847
821.037422
821.901758
822.595742
823.117694
823.466357
823.640897
823.640897
823.466357
823.117694
822.595742
821.901758
821.037422
820.004847
818.806581
817.445607
815.925345
815.840515
817.358496
818.717441
819.913932
820.944987
821.808061
822.501039
823.022237
823.370399
823.544689
823.544689
823.370399
823.022237
822.501039
821.808061
820.944987
819.913932
818.717441
817.358496
815.840515
815.755819
817.271523
818.628440
819.823158
820.852695
821.714506
822.406476
822.926921
823.274581
823.448620
823.448620
823.274581
822.926921
822.406476
821.714506
820.852695
819.823158
818.628440
817.271523
815.755819
815.671257
817.184687
818.539579
819.732524
820.760544
821.621092
822.312055
822.831745
823.178903
823.352692
823.352692
823.178903
822.831745
822.312055
821.621092
820.760544
819.732524
818.539579
817.184687
815.671257
815.586827
817.097987
818.450857
819.642032
820.668535
821.527820
822.217774
822.736710
823.083366
823.256903
823.256903
823.083366
822.736710
822.217774
821.527820
820.668535
819.642032
818.450857
817.097987
815.586827
815.502530
817.011423
818.362274
819.551679
820.576666
821.434690
822.123635
822.641816
822.987969
823.161255
823.161255
822.987969
822.641816
822.123635
821.434690
820.576666
819.551679
818.362274
817.011423
815.502530
815.418364
816.924995
818.273828
819.461466
820.484938
821.341700
822.029637
822.547062
822.892712
823.065747
823.065747
822.892712
822.547062
822.029637
821.341700
820.484938
819.461466
818.273828
816.924995
815.418364
815.334330
816.838701
818.185520
819.371393
820.393350
821.248851
821.935780
822.452449
822.797596
822.970380
822.970380
822.797596
822.452449
821.935780
821.248851
820.393350
819.371393
818.185520
816.838701
815.334330
815.250427
816.752542
818.097349
819.281458
820.301903
821.156142
821.842063
822.357977
822.702621
822.875153
822.875153
822.702621
822.357977
821.842063
821.156142
820.301903
819.281458
818.097349
816.752542
815.250427
815.166654
816.666516
818.009314
819.191662
820.210595
821.063574
821.748487
822.263646
822.607786
822.780066
822.780066
822.607786
822.263646
821.748487
821.063574
820.210595
819.191662
818.009314
816.666516
815.166654
815.083011
816.580624
817.921416
819.102003
820.119426
820.971146
821.655051
822.169454
822.513091
822.685120
822.685120
822.513091
822.169454
821.655051
820.971146
820.119426
819.102003
817.921416
816.580624
815.083011
814.999497
816.494865
817.833653
819.012483
820.028396
820.878857
821.561756
822.075404
822.418537
822.590314
822.590314
822.418537
822.075404
821.561756
820.878857
820.028396
819.012483
817.833653
816.494865
814.999497
814.916112
816.409239
817.746026
818.923100
819.937505
820.786709
821.468600
821.981493
822.324124
822.495649
822.495649
822.324124
821.981493
821.468600
820.786709
819.937505
818.923100
817.746026
816.409239
814.916112
814.832856
816.323744
817.658533
818.833853
819.846753
820.694699
821.375585
821.887723
822.229850
822.401124
822.401124
822.229850
821.887723
821.375585
820.694699
819.846753
818.833853
817.658533
816.323744
814.832856
814.749727
816.238381
817.571175
818.744744
819.756138
820.602829
821.282709
821.794093
822.135717
822.306740
822.306740
822.135717
821.794093
821.282709
820.602829
819.756138
818.744744
817.571175
816.238381
814.749727
814.666727
816.153150
817.483951
818.655771
819.665662
820.511098
821.189974
821.700603
822.041725
822.212495
822.212495
822.041725
821.700603
821.189974
820.511098
819.665662
818.655771
817.483951
816.153150
814.666727
814.583854
816.068049
817.396861
818.566933
819.575323
820.419506
821.097377
821.607253
821.947872
822.118392
822.118392
821.947872
821.607253
821.097377
820.419506
819.575323
818.566933
817.396861
816.068049
814.583854
814.501108
815.983079
817.309905
818.478232
819.485121
820.328052
821.004920
821.514043
821.854160
822.024428
822.024428
821.854160
821.514043
821.004920
820.328052
819.485121
818.478232
817.309905
815.983079
814.501108
814.418488
815.898239
817.223081
818.389665
819.395057
820.236736
820.912602
821.420973
821.760587
821.930604
821.930604
821.760587
821.420973
820.912602
820.236736
819.395057
818.389665
817.223081
815.898239
814.418488
814.335995
815.813529
817.136390
818.301234
819.305129
820.145559
820.820423
821.328042
821.667154
821.836921
821.836921
821.667154
821.328042
820.820423
820.145559
819.305129
818.301234
817.136390
815.813529
814.335995
814.253627
815.728949
817.049832
818.212937
819.215338
820.054519
820.728383
821.235250
821.573862
821.743377
821.743377
821.573862
821.235250
820.728383
820.054519
819.215338
818.212937
817.049832
815.728949
814.253627
814.171386
815.644497
816.963405
818.124775
819.125683
819.963617
820.636481
821.142598
821.480708
821.649974
821.649974
821.480708
821.142598
820.636481
819.963617
819.125683
818.124775
816.963405
815.644497
814.171386
814.089269
815.560175
816.877110
818.036747
819.036164
819.872852
820.544718
821.050084
821.387695
821.556709
821.556709
821.387695
821.050084
820.544718
819.872852
819.036164
818.036747
816.877110
815.560175
814.089269
814.007278
815.475980
816.790947
817.948853
818.946781
819.782225
820.453093
820.957710
821.294820
821.463585
821.463585
821.294820
820.957710
820.453093
819.782225
818.946781
817.948853
816.790947
815.475980
814.007278
813.925411
815.391914
816.704915
817.861093
818.857533
819.691734
820.361606
820.865475
821.202085
821.370600
821.370600
821.202085
820.865475
820.361606
819.691734
818.857533
817.861093
816.704915
815.391914
813.925411
813.843668
815.307976
816.619014
817.773465
818.768421
819.601380
820.270256
820.773378
821.109489
821.277754
821.277754
821.109489
820.773378
820.270256
819.601380
818.768421
817.773465
816.619014
815.307976
813.843668
813.762050
815.224166
816.533243
817.685971
818.679444
819.511163
820.179045
820.681419
821.017032
821.185048
821.185048
821.017032
820.681419
820.179045
819.511163
818.679444
817.685971
816.533243
815.224166
813.762050
813.680555
815.140482
816.447603
817.598610
818.590601
819.421082
820.087971
820.589599
820.924714
821.092480
821.092480
820.924714
820.589599
820.087971
819.421082
818.590601
817.598610
816.447603
815.140482
813.680555
813.599184
815.056926
816.362092
817.511381
818.501893
819.331137
819.997034
820.497917
820.832534
821.000052
821.000052
820.832534
820.497917
819.997034
819.331137
818.501893
817.511381
816.362092
815.056926
813.599184
813.517936
814.973496
816.276711
817.424284
818.413319
819.241328
819.906234
820.406373
820.740493
820.907762
820.907762
820.740493
820.406373
819.906234
819.241328
818.413319
817.424284
816.276711
814.973496
813.517936
813.436810
814.890193
816.191460
817.337319
818.324879
819.151655
819.815572
820.314966
820.648590
820.815611
820.815611
820.648590
820.314966
819.815572
819.151655
818.324879
817.337319
816.191460
814.890193
813.436810
813.355808
814.807016
816.106338
817.250486
818.236573
819.062117
819.725045
820.223697
820.556826
820.723598
820.723598
820.556826
820.223697
819.725045
819.062117
818.236573
817.250486
816.106338
814.807016
813.355808
813.274928
814.723965
816.021345
817.163784
818.148400
818.972714
819.634656
820.132566
820.465199
820.631724
820.631724
820.465199
820.132566
819.634656
818.972714
818.148400
817.163784
816.021345
814.723965
813.274928
813.194170
814.641039
815.936480
817.077214
818.060361
818.883446
819.544402
820.041572
820.373710
820.539987
820.539987
820.373710
820.041572
819.544402
818.883446
818.060361
817.077214
815.936480
814.641039
813.194170
813.113533
814.558239
815.851744
816.990774
817.972454
818.794313
819.454285
819.950714
820.282359
820.448389
820.448389
820.282359
819.950714
819.454285
818.794313
817.972454
816.990774
815.851744
814.558239
813.113533
813.033019
814.475564
815.767136
816.904465
817.884681
818.705314
819.364303
819.859994
820.191145
820.356928
820.356928
820.191145
819.859994
819.364303
818.705314
817.884681
816.904465
815.767136
814.475564
813.033019
812.952626
814.393014
815.682656
816.818287
817.797040
818.616450
819.274457
819.769410
820.100068
820.265605
820.265605
820.100068
819.769410
819.274457
818.616450
817.797040
816.818287
815.682656
814.393014
812.952626
812.872354
814.310588
815.598303
816.732238
817.709531
818.527720
819.184747
819.678963
820.009129
820.174419
820.174419
820.009129
819.678963
819.184747
818.527720
817.709531
816.732238
815.598303
814.310588
812.872354
812.792203
814.228287
815.514078
816.646320
817.622155
818.439124
819.095171
819.588651
819.918326
820.083370
820.083370
819.918326
819.588651
819.095171
818.439124
817.622155
816.646320
815.514078
814.228287
812.792203
812.712172
814.146110
815.429980
816.560531
817.534910
818.350661
819.005731
819.498476
819.827660
819.992459
819.992459
819.827660
819.498476
819.005731
818.350661
817.534910
816.560531
815.429980
814.146110
812.712172
812.632262
814.064057
815.346008
816.474872
817.447798
818.262332
818.916426
819.408437
819.737131
819.901684
819.901684
819.737131
819.408437
818.916426
818.262332
817.447798
816.474872
815.346008
814.064057
812.632262
812.552472
813.982127
815.262164
816.389343
817.360816
818.174136
818.827255
819.318533
819.646738
819.811046
819.811046
819.646738
819.318533
818.827255
818.174136
817.360816
816.389343
815.262164
813.982127
812.552472
812.472802
813.900321
815.178446
816.303942
817.273966
818.086073
818.738219
819.228765
819.556481
819.720544
819.720544
819.556481
819.228765
818.738219
818.086073
817.273966
816.303942
815.178446
813.900321
812.472802
812.393252
813.818638
815.094854
816.218670
817.187247
817.998143
818.649316
819.139132
819.466359
819.630179
819.630179
819.466359
819.139132
818.649316
817.998143
817.187247
816.218670
815.094854
813.818638
812.393252
812.313821
813.737077
815.011388
816.133526
817.100658
817.910345
818.560548
819.049634
819.376374
819.539949
819.539949
819.376374
819.049634
818.560548
817.910345
817.100658
816.133526
815.011388
813.737077
812.313821
812.234510
813.655640
814.928048
816.048511
817.014200
817.822680
818.471914
818.960271
819.286524
819.449856
819.449856
819.286524
818.960271
818.471914
817.822680
817.014200
816.048511
814.928048
813.655640
812.234510
812.155317
813.574325
814.844833
815.963624
816.927873
817.735146
818.383413
818.871042
819.196810
819.359898
819.359898
819.196810
818.871042
818.383413
817.735146
816.927873
815.963624
814.844833
813.574325
812.155317
812.076244
813.493132
814.761743
815.878865
816.841675
817.647745
818.295045
818.781948
819.107230
819.270075
819.270075
819.107230
818.781948
818.295045
817.647745
816.841675
815.878865
814.761743
813.493132
812.076244
811.997289
813.412062
814.678779
815.794234
816.755608
817.560476
818.206811
818.692988
819.017785
819.180388
819.180388
819.017785
818.692988
818.206811
817.560476
816.755608
815.794234
814.678779
813.412062
811.997289
811.918452
813.331113
814.595939
815.709730
816.669670
817.473338
818.118709
818.604162
818.928476
819.090836
819.090836
818.928476
818.604162
818.118709
817.473338
816.669670
815.709730
814.595939
813.331113
811.918452
811.839734
813.250286
814.513224
815.625353
816.583861
817.386331
818.030741
818.515470
818.839300
819.001419
819.001419
818.839300
818.515470
818.030741
817.386331
816.583861
815.625353
814.513224
813.250286
811.839734
811.761134
813.169580
814.430634
815.541103
816.498182
817.299455
817.942904
818.426911
818.750259
818.912136
818.912136
818.750259
818.426911
817.942904
817.299455
816.498182
815.541103
814.430634
813.169580
811.761134
811.682651
813.088995
814.348168
815.456980
816.412632
817.212710
817.855200
818.338486
818.661352
818.822988
818.822988
818.661352
818.338486
817.855200
817.212710
816.412632
815.456980
814.348168
813.088995
811.682651
811.604286
813.008531
814.265825
815.372984
816.327210
817.126096
817.767629
818.250194
818.572579
818.733975
818.733975
818.572579
818.250194
817.767629
817.126096
816.327210
815.372984
814.265825
813.008531
811.604286
811.526038
812.928188
814.183606
815.289114
816.241917
817.039612
817.680189
818.162035
818.483940
818.645095
818.645095
818.483940
818.162035
817.680189
817.039612
816.241917
815.289114
814.183606
812.928188
811.526038
811.447908
812.847966
814.101511
815.205370
816.156753
816.953258
817.592880
818.074009
818.395434
818.556349
818.556349
818.395434
818.074009
817.592880
816.953258
816.156753
815.205370
814.101511
812.847966
811.447908
811.369894
812.767864
814.019539
815.121752
816.071716
816.867035
817.505703
817.986115
818.307062
818.467737
818.467737
818.307062
817.986115
817.505703
816.867035
816.071716
815.121752
814.019539
812.767864
811.369894
811.291998
812.687882
813.937691
815.038260
815.986808
816.780941
817.418658
817.898354
818.218822
818.379258
818.379258
818.218822
817.898354
817.418658
816.780941
815.986808
815.038260
813.937691
812.687882
811.291998
811.214217
812.608020
813.855965
814.954893
815.902027
816.694976
817.331743
817.810724
818.130715
818.290912
818.290912
818.130715
817.810724
817.331743
816.694976
815.902027
814.954893
813.855965
812.608020
811.214217
811.136554
812.528277
813.774362
814.871652
815.817374
816.609142
817.244959
817.723227
818.042741
818.202700
818.202700
818.042741
817.723227
817.244959
816.609142
815.817374
814.871652
813.774362
812.528277
811.136554
811.059006
812.448654
813.692881
814.788535
815.732848
816.523436
817.158306
817.635861
817.954900
818.114620
818.114620
817.954900
817.635861
817.158306
816.523436
815.732848
814.788535
813.692881
812.448654
811.059006
810.981574
812.369151
813.611522
814.705544
815.648449
816.437859
817.071784
817.548627
817.867191
818.026673
818.026673
817.867191
817.548627
817.071784
816.437859
815.648449
814.705544
813.611522
812.369151
810.981574
810.904258
812.289766
813.530286
814.622677
815.564177
816.352411
816.985391
817.461524
817.779613
817.938858
817.938858
817.779613
817.461524
816.985391
816.352411
815.564177
814.622677
813.530286
812.289766
810.904258
810.827058
812.210501
813.449171
814.539934
815.480032
816.267091
816.899128
817.374553
817.692168
817.851175
817.851175
817.692168
817.374553
816.899128
816.267091
815.480032
814.539934
813.449171
812.210501
810.827058
810.749973
812.131354
813.368179
814.457316
815.396013
816.181900
816.812996
817.287712
817.604854
817.763624
817.763624
817.604854
817.287712
816.812996
816.181900
815.396013
814.457316
813.368179
812.131354
810.749973
810.673003
812.052325
813.287307
814.374822
815.312120
816.096836
816.726992
817.201002
817.517671
817.676206
817.676206
817.517671
817.201002
816.726992
816.096836
815.312120
814.374822
813.287307
812.052325
810.673003
810.596148
811.973415
813.206557
814.292451
815.228353
816.011901
816.641119
817.114422
817.430620
817.588918
817.588918
817.430620
817.114422
816.641119
816.011901
815.228353
814.292451
813.206557
811.973415
810.596148
810.519408
811.894623
813.125928
814.210205
815.144713
815.927093
816.555374
817.027972
817.343700
817.501762
817.501762
817.343700
817.027972
816.555374
815.927093
815.144713
814.210205
813.125928
811.894623
810.519408
810.442782
811.815949
813.045419
814.128081
815.061198
815.842413
816.469758
816.941653
817.256910
817.414738
817.414738
817.256910
816.941653
816.469758
815.842413
815.061198
814.128081
813.045419
811.815949
810.442782
810.366271
811.737392
812.965032
814.046081
814.977808
815.757860
816.384271
816.855463
817.170252
817.327844
817.327844
817.170252
816.855463
816.384271
815.757860
814.977808
814.046081
812.965032
811.737392
810.366271
810.289874
811.658953
812.884764
813.964204
814.894543
815.673434
816.298913
816.769403
817.083723
817.241081
817.241081
817.083723
816.769403
816.298913
815.673434
814.894543
813.964204
812.884764
811.658953
810.289874
810.213591
811.580632
812.804617
813.882450
814.811404
815.589135
816.213682
816.683473
816.997325
817.154448
817.154448
816.997325
816.683473
816.213682
815.589135
814.811404
813.882450
812.804617
811.580632
810.213591
810.137422
811.502427
812.724590
813.800818
814.728389
815.504962
816.128580
816.597672
816.911056
817.067946
817.067946
816.911056
816.597672
816.128580
815.504962
814.728389
813.800818
812.724590
811.502427
810.137422
810.061367
811.424339
812.644683
813.719309
814.645499
815.420916
816.043606
816.511999
816.824917
816.981573
816.981573
816.824917
816.511999
816.043606
815.420916
814.645499
813.719309
812.644683
811.424339
810.061367
809.985425
811.346368
812.564896
813.637921
814.562733
815.336997
815.958759
816.426456
816.738908
816.895331
816.895331
816.738908
816.426456
815.958759
815.336997
814.562733
813.637921
812.564896
811.346368
809.985425
809.909596
811.268514
812.485228
813.556656
814.480092
815.253203
815.874040
816.341041
816.653028
816.809218
816.809218
816.653028
816.341041
815.874040
815.253203
814.480092
813.556656
812.485228
811.268514
809.909596
809.833881
811.190776
812.405679
813.475513
814.397574
815.169535
815.789449
816.255754
816.567277
816.723235
816.723235
816.567277
816.255754
815.789449
815.169535
814.397574
813.475513
812.405679
811.190776
809.833881
809.758278
811.113154
812.326249
813.394491
814.315180
815.085992
815.704984
816.170596
816.481656
816.637381
816.637381
816.481656
816.170596
815.704984
815.085992
814.315180
813.394491
812.326249
811.113154
809.758278
809.682788
811.035648
812.246938
813.313591
814.232910
815.002576
815.620646
816.085565
816.396162
816.551657
816.551657
816.396162
816.085565
815.620646
815.002576
814.232910
813.313591
812.246938
811.035648
809.682788
809.607410
810.958258
812.167746
813.232812
814.150763
814.919284
815.536435
816.000662
816.310798
816.466061
816.466061
816.310798
816.000662
815.536435
814.919284
814.150763
813.232812
812.167746
810.958258
809.607410
809.532145
810.880983
812.088672
813.152153
814.068740
814.836117
815.452350
815.915887
816.225561
816.380593
816.380593
816.225561
815.915887
815.452350
814.836117
814.068740
813.152153
812.088672
810.880983
809.532145
809.456992
810.803824
812.009716
813.071616
813.986839
814.753075
815.368392
815.831239
816.140453
816.295254
816.295254
816.140453
815.831239
815.368392
814.753075
813.986839
813.071616
812.009716
810.803824
809.456992
809.381951
810.726780
811.930879
812.991199
813.905061
814.670158
815.284559
815.746719
816.055472
816.210044
816.210044
816.055472
815.746719
815.284559
814.670158
813.905061
812.991199
811.930879
810.726780
809.381951
809.307022
810.649851
811.852159
812.910903
813.823406
814.587365
815.200853
815.662325
815.970620
816.124961
816.124961
815.970620
815.662325
815.200853
814.587365
813.823406
812.910903
811.852159
810.649851
809.307022
809.232205
810.573037
811.773557
812.830726
813.741873
814.504696
815.117272
815.578058
815.885894
816.040006
816.040006
815.885894
815.578058
815.117272
814.504696
813.741873
812.830726
811.773557
810.573037
809.232205
809.157499
810.496337
811.695072
812.750670
813.660462
814.422151
815.033816
815.493917
815.801296
815.955179
815.955179
815.801296
815.493917
815.033816
814.422151
813.660462
812.750670
811.695072
810.496337
809.157499
809.082904
810.419752
811.616705
812.670734
813.579173
814.339730
814.950486
815.409903
815.716825
815.870479
815.870479
815.716825
815.409903
814.950486
814.339730
813.579173
812.670734
811.616705
810.419752
809.082904
809.008420
810.343281
811.538455
812.590917
813.498006
814.257432
814.867281
815.326015
815.632481
815.785907
815.785907
815.632481
815.326015
814.867281
814.257432
813.498006
812.590917
811.538455
810.343281
809.008420
808.934047
810.266924
811.460322
812.511220
813.416961
814.175258
814.784200
815.242253
815.548263
815.701461
815.701461
815.548263
815.242253
814.784200
814.175258
813.416961
812.511220
811.460322
810.266924
808.934047
808.859785
810.190681
811.382306
812.431642
813.336037
814.093207
814.701245
815.158617
815.464172
815.617142
815.617142
815.464172
815.158617
814.701245
814.093207
813.336037
812.431642
811.382306
810.190681
808.859785
808.785633
810.114552
811.304406
812.352183
813.255234
814.011279
814.618413
815.075106
815.380207
815.532950
815.532950
815.380207
815.075106
814.618413
814.011279
813.255234
812.352183
811.304406
810.114552
808.785633
808.711592
810.038536
811.226622
812.272842
813.174552
813.929474
814.535706
814.991720
815.296368
815.448884
815.448884
815.296368
814.991720
814.535706
813.929474
813.174552
812.272842
811.226622
810.038536
808.711592
808.637661
809.962634
811.148955
812.193621
813.093991
813.847792
814.453123
814.908459
815.212655
815.364944
815.364944
815.212655
814.908459
814.453123
813.847792
813.093991
812.193621
811.148955
809.962634
808.637661
808.563840
809.886845
811.071404
812.114518
813.013550
813.766231
814.370663
814.825324
815.129067
815.281131
815.281131
815.129067
814.825324
814.370663
813.766231
813.013550
812.114518
811.071404
809.886845
808.563840
808.490128
809.811168
810.993968
812.035533
812.933230
813.684793
814.288328
814.742313
815.045605
815.197443
815.197443
815.045605
814.742313
814.288328
813.684793
812.933230
812.035533
810.993968
809.811168
808.490128
808.416527
809.735605
810.916648
811.956666
812.853030
813.603477
814.206115
814.659426
814.962268
815.113880
815.113880
814.962268
814.659426
814.206115
813.603477
812.853030
811.956666
810.916648
809.735605
808.416527
808.343034
809.660154
810.839443
811.877917
812.772950
813.522283
814.124026
814.576664
814.879057
815.030443
815.030443
814.879057
814.576664
814.124026
813.522283
812.772950
811.877917
810.839443
809.660154
808.343034
808.269651
809.584816
810.762354
811.799286
812.692990
813.441210
814.042060
814.494026
814.795969
814.947131
814.947131
814.795969
814.494026
814.042060
813.441210
812.692990
811.799286
810.762354
809.584816
808.269651
808.196378
809.509589
810.685380
811.720772
812.613149
813.360259
813.960217
814.411511
814.713007
814.863945
814.863945
814.713007
814.411511
813.960217
813.360259
812.613149
811.720772
810.685380
809.509589
808.196378
808.123213
809.434475
810.608520
811.642376
812.533428
813.279429
813.878496
814.329121
814.630169
814.780882
814.780882
814.630169
814.329121
813.878496
813.279429
812.533428
811.642376
810.608520
809.434475
808.123213
808.050157
809.359473
810.531775
811.564096
812.453826
813.198720
813.796898
814.246854
814.547455
814.697945
814.697945
814.547455
814.246854
813.796898
813.198720
812.453826
811.564096
810.531775
809.359473
808.050157
807.977209
809.284582
810.455145
811.485934
812.374343
813.118131
813.715422
814.164710
814.464865
814.615131
814.615131
814.464865
814.164710
813.715422
813.118131
812.374343
811.485934
810.455145
809.284582
807.977209
807.904370
809.209803
810.378629
811.407888
812.294979
813.037664
813.634068
814.082689
814.382399
814.532442
814.532442
814.382399
814.082689
813.634068
813.037664
812.294979
811.407888
810.378629
809.209803
807.904370
807.831639
809.135135
810.302227
811.329959
812.215734
812.957316
813.552835
814.000791
814.300056
814.449877
814.449877
814.300056
814.000791
813.552835
812.957316
812.215734
811.329959
810.302227
809.135135
807.831639
807.759016
809.060579
810.225939
811.252146
812.136607
812.877089
813.471725
813.919016
814.217837
814.367436
814.367436
814.217837
813.919016
813.471725
812.877089
812.136607
811.252146
810.225939
809.060579
807.759016
807.686501
808.986133
810.149765
811.174450
812.057599
812.796982
813.390736
813.837363
814.135741
814.285118
814.285118
814.135741
813.837363
813.390736
812.796982
812.057599
811.174450
810.149765
808.986133
807.686501
807.614094
808.911798
810.073704
811.096869
811.978708
812.716995
813.309868
813.755833
814.053768
814.202923
814.202923
814.053768
813.755833
813.309868
812.716995
811.978708
811.096869
810.073704
808.911798
807.614094
807.541794
808.837574
809.997756
811.019404
811.899935
812.637127
813.229121
813.674425
813.971918
814.120852
814.120852
813.971918
813.674425
813.229121
812.637127
811.899935
811.019404
809.997756
808.837574
807.541794
807.469602
808.763461
809.921922
810.942055
811.821280
812.557379
813.148495
813.593138
813.890190
814.038903
814.038903
813.890190
813.593138
813.148495
812.557379
811.821280
810.942055
809.921922
808.763461
807.469602
807.397517
808.689457
809.846201
810.864821
811.742743
812.477750
813.067989
813.511974
813.808585
813.957078
813.957078
813.808585
813.511974
813.067989
812.477750
811.742743
810.864821
809.846201
808.689457
807.397517
807.325539
808.615564
809.770593
810.787703
811.664323
812.398240
812.987604
813.430930
813.727102
813.875375
813.875375
813.727102
813.430930
812.987604
812.398240
811.664323
810.787703
809.770593
808.615564
807.325539
807.253668
808.541780
809.695097
810.710699
811.586020
812.318849
812.907340
813.350008
813.645741
813.793794
813.793794
813.645741
813.350008
812.907340
812.318849
811.586020
810.710699
809.695097
808.541780
807.253668
807.181903
808.468106
809.619714
810.633811
811.507834
812.239577
812.827195
813.269208
813.564502
813.712335
813.712335
813.564502
813.269208
812.827195
812.239577
811.507834
810.633811
809.619714
808.468106
807.181903
807.110245
808.394542
809.544443
810.557037
811.429764
812.160423
812.747170
813.188528
813.483384
813.630998
813.630998
813.483384
813.188528
812.747170
812.160423
811.429764
810.557037
809.544443
808.394542
807.110245
807.038694
808.321088
809.469284
810.480377
811.351811
812.081387
812.667265
813.107968
813.402388
813.549783
813.549783
813.402388
813.107968
812.667265
812.081387
811.351811
810.480377
809.469284
808.321088
807.038694
806.967248
808.247742
809.394237
810.403832
811.273975
812.002470
812.587479
813.027530
813.321513
813.468690
813.468690
813.321513
813.027530
812.587479
812.002470
811.273975
810.403832
809.394237
808.247742
806.967248
806.895909
808.174505
809.319302
810.327401
811.196255
811.923670
812.507813
812.947211
813.240759
813.387718
813.387718
813.240759
812.947211
812.507813
811.923670
811.196255
810.327401
809.319302
808.174505
806.895909
806.824675
808.101378
809.244478
810.251084
811.118651
811.844988
812.428266
812.867013
813.160126
813.306867
813.306867
813.160126
812.867013
812.428266
811.844988
811.118651
810.251084
809.244478
808.101378
806.824675
806.753547
808.028359
809.169766
810.174881
811.041162
811.766424
812.348837
812.786935
813.079614
813.226137
813.226137
813.079614
812.786935
812.348837
811.766424
811.041162
810.174881
809.169766
808.028359
806.753547
806.682525
807.955448
809.095165
810.098791
810.963789
811.687977
812.269527
812.706976
812.999221
813.145528
813.145528
812.999221
812.706976
812.269527
811.687977
810.963789
810.098791
809.095165
807.955448
806.682525
806.611608
807.882646
809.020675
810.022815
810.886532
811.609647
812.190336
812.627137
812.918950
813.065040
813.065040
812.918950
812.627137
812.190336
811.609647
810.886532
810.022815
809.020675
807.882646
806.611608
806.540796
807.809952
808.946296
809.946951
810.809390
811.531434
812.111263
812.547417
812.838798
812.984671
812.984671
812.838798
812.547417
812.111263
811.531434
810.809390
809.946951
808.946296
807.809952
806.540796
806.470089
807.737366
808.872027
809.871201
810.732363
811.453338
812.032309
812.467817
812.758766
812.904423
812.904423
812.758766
812.467817
812.032309
811.453338
810.732363
809.871201
808.872027
807.737366
806.470089
806.399487
807.664888
808.797869
809.795564
810.655450
811.375358
811.953472
812.388335
812.678853
812.824295
812.824295
812.678853
812.388335
811.953472
811.375358
810.655450
809.795564
808.797869
807.664888
806.399487
806.328989
807.592517
808.723822
809.720039
810.578653
811.297495
811.874753
812.308972
812.599060
812.744287
812.744287
812.599060
812.308972
811.874753
811.297495
810.578653
809.720039
808.723822
807.592517
806.328989
806.258596
807.520254
808.649884
809.644627
810.501970
811.219748
811.796151
812.229728
812.519387
812.664399
812.664399
812.519387
812.229728
811.796151
811.219748
810.501970
809.644627
808.649884
807.520254
806.258596
806.188308
807.448098
808.576056
809.569327
810.425401
811.142117
811.717667
812.150602
812.439832
812.584629
812.584629
812.439832
812.150602
811.717667
811.142117
810.425401
809.569327
808.576056
807.448098
806.188308
806.118123
807.376050
808.502339
809.494140
810.348947
811.064602
811.639300
812.071595
812.360397
812.504980
812.504980
812.360397
812.071595
811.639300
811.064602
810.348947
809.494140
808.502339
807.376050
806.118123
806.048043
807.304108
808.428730
809.419064
810.272606
810.987202
811.561050
811.992705
812.281080
812.425449
812.425449
812.281080
811.992705
811.561050
810.987202
810.272606
809.419064
808.428730
807.304108
806.048043
805.978066
807.232273
808.355232
809.344100
810.196379
810.909918
811.482917
811.913933
812.201881
812.346037
812.346037
812.201881
811.913933
811.482917
810.909918
810.196379
809.344100
808.355232
807.232273
805.978066
805.908193
807.160545
808.281842
809.269248
810.120266
810.832749
811.404901
811.835279
812.122801
812.266743
812.266743
812.122801
811.835279
811.404901
810.832749
810.120266
809.269248
808.281842
807.160545
805.908193
805.838424
807.088923
808.208562
809.194507
810.044266
810.755695
811.327000
811.756742
812.043839
812.187568
812.187568
812.043839
811.756742
811.327000
810.755695
810.044266
809.194507
808.208562
807.088923
805.838424
805.768757
807.017407
808.135390
809.119877
809.968379
810.678756
811.249217
811.678323
811.964995
812.108511
812.108511
811.964995
811.678323
811.249217
810.678756
809.968379
809.119877
808.135390
807.017407
805.768757
805.699194
806.945998
808.062327
809.045358
809.892606
810.601932
811.171549
811.600020
811.886268
812.029573
812.029573
811.886268
811.600020
811.171549
810.601932
809.892606
809.045358
808.062327
806.945998
805.699194
805.629735
806.874694
807.989373
808.970950
809.816945
810.525223
811.093997
811.521835
811.807660
811.950752
811.950752
811.807660
811.521835
811.093997
810.525223
809.816945
808.970950
807.989373
806.874694
805.629735
805.560377
806.803496
807.916527
808.896653
809.741397
810.448627
811.016560
811.443766
811.729168
811.872049
811.872049
811.729168
811.443766
811.016560
810.448627
809.741397
808.896653
807.916527
806.803496
805.560377
805.491123
806.732404
807.843790
808.822466
809.665962
810.372146
810.939240
811.365813
811.650794
811.793463
811.793463
811.650794
811.365813
810.939240
810.372146
809.665962
808.822466
807.843790
806.732404
805.491123
805.421971
806.661418
807.771160
808.748390
809.590638
810.295779
810.862034
811.287977
811.572536
811.714995
811.714995
811.572536
811.287977
810.862034
810.295779
809.590638
808.748390
807.771160
806.661418
805.421971
805.352921
806.590536
807.698638
808.674424
809.515427
810.219526
810.784944
811.210257
811.494396
811.636644
811.636644
811.494396
811.210257
810.784944
810.219526
809.515427
808.674424
807.698638
806.590536
805.352921
805.283974
806.519760
807.626224
808.600568
809.440328
810.143386
810.707968
811.132653
811.416372
811.558410
811.558410
811.416372
811.132653
810.707968
810.143386
809.440328
808.600568
807.626224
806.519760
805.283974
805.215129
806.449088
807.553918
808.526821
809.365341
810.067360
810.631108
811.055165
811.338464
811.480292
811.480292
811.338464
811.055165
810.631108
810.067360
809.365341
808.526821
807.553918
806.449088
805.215129
805.146385
806.378522
807.481719
808.453185
809.290465
809.991446
810.554362
810.977792
811.260673
811.402291
811.402291
811.260673
810.977792
810.554362
809.991446
809.290465
808.453185
807.481719
806.378522
805.146385
805.077743
806.308059
807.409627
808.379657
809.215701
809.915646
810.477730
810.900535
811.182998
811.324407
811.324407
811.182998
810.900535
810.477730
809.915646
809.215701
808.379657
807.409627
806.308059
805.077743
805.009203
806.237702
807.337642
808.306239
809.141048
809.839959
810.401212
810.823393
811.105438
811.246638
811.246638
811.105438
810.823393
810.401212
809.839959
809.141048
808.306239
807.337642
806.237702
805.009203
804.940764
806.167448
807.265763
808.232930
809.066506
809.764385
810.324809
810.746366
811.027994
811.168986
811.168986
811.027994
810.746366
810.324809
809.764385
809.066506
808.232930
807.265763
806.167448
804.940764
804.872427
806.097299
807.193992
808.159731
808.992074
809.688923
810.248519
810.669453
810.950666
811.091449
811.091449
810.950666
810.669453
810.248519
809.688923
808.992074
808.159731
807.193992
806.097299
804.872427
804.804190
806.027254
807.122327
808.086639
808.917754
809.613573
810.172343
810.592656
810.873453
811.014028
811.014028
810.873453
810.592656
810.172343
809.613573
808.917754
808.086639
807.122327
806.027254
804.804190
804.736055
805.957312
807.050768
808.013657
808.843544
809.538336
810.096280
810.515972
810.796355
810.936723
810.936723
810.796355
810.515972
810.096280
809.538336
808.843544
808.013657
807.050768
805.957312
804.736055
804.668020
805.887474
806.979316
807.940782
808.769444
809.463210
810.020331
810.439403
810.719372
810.859533
810.859533
810.719372
810.439403
810.020331
809.463210
808.769444
807.940782
806.979316
805.887474
804.668020
804.600085
805.817739
806.907969
807.868016
808.695455
809.388197
809.944495
810.362948
810.642504
810.782457
810.782457
810.642504
810.362948
809.944495
809.388197
808.695455
807.868016
806.907969
805.817739
804.600085
804.532251
805.748108
806.836729
807.795359
808.621576
809.313295
809.868772
810.286607
810.565750
810.705497
810.705497
810.565750
810.286607
809.868772
809.313295
808.621576
807.795359
806.836729
805.748108
804.532251
804.464518
805.678580
806.765594
807.722809
808.547806
809.238504
809.793161
810.210380
810.489111
810.628651
810.628651
810.489111
810.210380
809.793161
809.238504
808.547806
807.722809
806.765594
805.678580
804.464518
804.396884
805.609155
806.694564
807.650366
808.474146
809.163825
809.717663
810.134266
810.412586
810.551920
810.551920
810.412586
810.134266
809.717663
809.163825
808.474146
807.650366
806.694564
805.609155
804.396884
804.329351
805.539832
806.623640
807.578031
808.400596
809.089256
809.642278
810.058266
810.336174
810.475304
810.475304
810.336174
810.058266
809.642278
809.089256
808.400596
807.578031
806.623640
805.539832
804.329351
804.261917
805.470612
806.552821
807.505804
808.327155
809.014799
809.567004
809.982379
810.259877
810.398801
810.398801
810.259877
809.982379
809.567004
809.014799
808.327155
807.505804
806.552821
805.470612
804.261917
804.194583
805.401495
806.482107
807.433684
808.253822
808.940452
809.491843
809.906604
810.183693
810.322412
810.322412
810.183693
809.906604
809.491843
808.940452
808.253822
807.433684
806.482107
805.401495
804.194583
804.127348
805.332480
806.411497
807.361671
808.180599
808.866216
809.416793
809.830943
810.107623
810.246137
810.246137
810.107623
809.830943
809.416793
808.866216
808.180599
807.361671
806.411497
805.332480
804.127348
804.060213
805.263567
806.340993
807.289765
808.107485
808.792091
809.341855
809.755394
810.031666
810.169976
810.169976
810.031666
809.755394
809.341855
808.792091
808.107485
807.289765
806.340993
805.263567
804.060213
803.993176
805.194756
806.270592
807.217965
808.034479
808.718075
809.267029
809.679958
809.955822
810.093928
810.093928
809.955822
809.679958
809.267029
808.718075
808.034479
807.217965
806.270592
805.194756
803.993176
803.926239
805.126046
806.200297
807.146272
807.961582
808.644170
809.192314
809.604634
809.880091
810.017993
810.017993
809.880091
809.604634
809.192314
808.644170
807.961582
807.146272
806.200297
805.126046
803.926239
803.859401
805.057439
806.130105
807.074685
807.888793
808.570374
809.117710
809.529421
809.804473
809.942172
809.942172
809.804473
809.529421
809.117710
808.570374
807.888793
807.074685
806.130105
805.057439
803.859401
803.792661
804.988933
806.060017
807.003205
807.816112
808.496688
809.043217
809.454321
809.728967
809.866463
809.866463
809.728967
809.454321
809.043217
808.496688
807.816112
807.003205
806.060017
804.988933
803.792661
803.726020
804.920528
805.990033
806.931830
807.743539
808.423111
808.968834
809.379333
809.653574
809.790867
809.790867
809.653574
809.379333
808.968834
808.423111
807.743539
806.931830
805.990033
804.920528
803.726020
803.659477
804.852224
805.920153
806.860561
807.671074
808.349644
808.894563
809.304456
809.578293
809.715383
809.715383
809.578293
809.304456
808.894563
808.349644
807.671074
806.860561
805.920153
804.852224
803.659477
803.593032
804.784022
805.850376
806.789398
807.598716
808.276286
808.820401
809.229690
809.503123
809.640012
809.640012
809.503123
809.229690
808.820401
808.276286
807.598716
806.789398
805.850376
804.784022
803.593032
803.526686
804.715920
805.780703
806.718341
807.526466
808.203037
808.746350
809.155036
809.428066
809.564753
809.564753
809.428066
809.155036
808.746350
808.203037
807.526466
806.718341
805.780703
804.715920
803.526686
803.460437
804.647919
805.711132
806.647389
807.454322
808.129897
808.672409
809.080493
809.353120
809.489606
809.489606
809.353120
809.080493
808.672409
808.129897
807.454322
806.647389
805.711132
804.647919
803.460437
803.394287
804.580018
805.641665
806.576542
807.382286
808.056865
808.598578
809.006060
809.278286
809.414570
809.414570
809.278286
809.006060
808.598578
808.056865
807.382286
806.576542
805.641665
804.580018
803.394287
803.328233
804.512218
805.572301
806.505800
807.310357
807.983942
808.524857
808.931738
809.203563
809.339646
809.339646
809.203563
808.931738
808.524857
807.983942
807.310357
806.505800
805.572301
804.512218
803.328233
803.262278
804.444518
805.503039
806.435163
807.238534
807.911127
808.451245
808.857527
809.128951
809.264834
809.264834
809.128951
808.857527
808.451245
807.911127
807.238534
806.435163
805.503039
804.444518
803.262278
803.196419
804.376918
805.433879
806.364630
807.166819
807.838420
808.377742
808.783426
809.054450
809.190133
809.190133
809.054450
808.783426
808.377742
807.838420
807.166819
806.364630
805.433879
804.376918
803.196419
803.130658
804.309418
805.364822
806.294202
807.095209
807.765821
808.304349
808.709435
808.980060
809.115543
809.115543
808.980060
808.709435
808.304349
807.765821
807.095209
806.294202
805.364822
804.309418
803.130658
803.064994
804.242017
805.295868
806.223878
807.023705
807.693330
808.231065
808.635554
808.905780
809.041064
809.041064
808.905780
808.635554
808.231065
807.693330
807.023705
806.223878
805.295868
804.242017
803.064994
802.999426
804.174716
805.227015
806.153659
806.952308
807.620947
808.157889
808.561783
808.831611
808.966695
808.966695
808.831611
808.561783
808.157889
807.620947
806.952308
806.153659
805.227015
804.174716
802.999426
802.933955
804.107515
805.158264
806.083544
806.881017
807.548670
808.084822
808.488121
808.757552
808.892437
808.892437
808.757552
808.488121
808.084822
807.548670
806.881017
806.083544
805.158264
804.107515
802.933955
802.868581
804.040413
805.089615
806.013532
806.809831
807.476502
808.011864
808.414569
808.683603
808.818290
808.818290
808.683603
808.414569
808.011864
807.476502
806.809831
806.013532
805.089615
804.040413
802.868581
802.803303
803.973410
805.021067
805.943624
806.738750
807.404440
807.939014
808.341126
808.609764
808.744253
808.744253
808.609764
808.341126
807.939014
807.404440
806.738750
805.943624
805.021067
803.973410
802.803303
802.738121
803.906506
804.952621
805.873820
806.667775
807.332485
807.866272
808.267792
808.536035
808.670325
808.670325
808.536035
808.267792
807.866272
807.332485
806.667775
805.873820
804.952621
803.906506
802.738121
802.673036
803.839700
804.884275
805.804118
806.596906
807.260637
807.793638
808.194567
808.462415
808.596508
808.596508
808.462415
808.194567
807.793638
807.260637
806.596906
805.804118
804.884275
803.839700
802.673036
802.608046
803.772994
804.816031
805.734521
806.526141
807.188895
807.721112
808.121451
808.388905
808.522800
808.522800
808.388905
808.121451
807.721112
807.188895
806.526141
805.734521
804.816031
803.772994
802.608046
802.543152
803.706385
804.747888
805.665026
806.455481
807.117260
807.648693
808.048443
808.315503
808.449201
808.449201
808.315503
808.048443
807.648693
807.117260
806.455481
805.665026
804.747888
803.706385
802.543152
802.478354
803.639876
804.679846
805.595634
806.384926
807.045731
807.576382
807.975544
808.242211
808.375712
808.375712
808.242211
807.975544
807.576382
807.045731
806.384926
805.595634
804.679846
803.639876
802.478354
802.413651
803.573464
804.611904
805.526344
806.314475
806.974308
807.504178
807.902753
808.169027
808.302332
808.302332
808.169027
807.902753
807.504178
806.974308
806.314475
805.526344
804.611904
803.573464
802.413651
802.349044
803.507150
804.544062
805.457157
806.244129
806.902990
807.432082
807.830070
808.095953
808.229061
808.229061
808.095953
807.830070
807.432082
806.902990
806.244129
805.457157
804.544062
803.507150
802.349044
802.284531
803.440934
804.476321
805.388073
806.173887
806.831779
807.360092
807.757494
808.022986
808.155899
808.155899
808.022986
807.757494
807.360092
806.831779
806.173887
805.388073
804.476321
803.440934
802.284531
802.220114
803.374816
804.408680
805.319091
806.103748
806.760673
807.288209
807.685027
807.950128
808.082846
808.082846
807.950128
807.685027
807.288209
806.760673
806.103748
805.319091
804.408680
803.374816
802.220114
802.155792
803.308795
804.341139
805.250211
806.033714
806.689673
807.216432
807.612667
807.877378
808.009900
808.009900
807.877378
807.612667
807.216432
806.689673
806.033714
805.250211
804.341139
803.308795
802.155792
802.091564
803.242872
804.273697
805.181432
805.963784
806.618777
807.144763
807.540414
807.804736
807.937064
807.937064
807.804736
807.540414
807.144763
806.618777
805.963784
805.181432
804.273697
803.242872
802.091564
802.027431
803.177046
804.206356
805.112756
805.893956
806.547987
807.073199
807.468269
807.732202
807.864335
807.864335
807.732202
807.468269
807.073199
806.547987
805.893956
805.112756
804.206356
803.177046
802.027431
801.963392
803.111317
804.139113
805.044181
805.824233
806.477302
807.001741
807.396230
807.659775
807.791714
807.791714
807.659775
807.396230
807.001741
806.477302
805.824233
805.044181
804.139113
803.111317
801.963392
801.899448
803.045685
804.071970
804.975707
805.754612
806.406721
806.930389
807.324298
807.587456
807.719201
807.719201
807.587456
807.324298
806.930389
806.406721
805.754612
804.975707
804.071970
803.045685
801.899448
801.835597
802.980150
804.004926
804.907334
805.685095
806.336245
806.859144
807.252473
807.515244
807.646795
807.646795
807.515244
807.252473
806.859144
806.336245
805.685095
804.907334
804.004926
802.980150
801.835597
801.771841
802.914711
803.937981
804.839063
805.615680
806.265873
806.788003
807.180755
807.443139
807.574497
807.574497
807.443139
807.180755
806.788003
806.265873
805.615680
804.839063
803.937981
802.914711
801.771841
801.708179
802.849369
803.871135
804.770893
805.546368
806.195606
806.716968
807.109143
807.371142
807.502306
807.502306
807.371142
807.109143
806.716968
806.195606
805.546368
804.770893
803.871135
802.849369
801.708179
801.644610
802.784123
803.804388
804.702823
805.477159
806.125442
806.646038
807.037636
807.299250
807.430222
807.430222
807.299250
807.037636
806.646038
806.125442
805.477159
804.702823
803.804388
802.784123
801.644610
801.581135
802.718974
803.737739
804.634854
805.408052
806.055383
806.575214
806.966236
807.227466
807.358245
807.358245
807.227466
806.966236
806.575214
806.055383
805.408052
804.634854
803.737739
802.718974
801.581135
801.517753
802.653920
803.671189
804.566985
805.339047
805.985427
806.504494
806.894942
807.155788
807.286375
807.286375
807.155788
806.894942
806.504494
805.985427
805.339047
804.566985
803.671189
802.653920
801.517753
801.454464
802.588962
803.604736
804.499217
805.270145
805.915574
806.433879
806.823753
807.084216
807.214611
807.214611
807.084216
806.823753
806.433879
805.915574
805.270145
804.499217
803.604736
802.588962
801.454464
801.391269
802.524100
803.538382
804.431549
805.201344
805.845825
806.363369
806.752670
807.012750
807.142954
807.142954
807.012750
806.752670
806.363369
805.845825
805.201344
804.431549
803.538382
802.524100
801.391269
801.328166
802.459334
803.472126
804.363980
805.132645
805.776180
806.292963
806.681692
806.941390
807.071403
807.071403
806.941390
806.681692
806.292963
805.776180
805.132645
804.363980
803.472126
802.459334
801.328166
801.265156
802.394663
803.405967
804.296512
805.064047
805.706637
806.222661
806.610820
806.870136
806.999958
806.999958
806.870136
806.610820
806.222661
805.706637
805.064047
804.296512
803.405967
802.394663
801.265156
801.202239
802.330087
803.339906
804.229143
804.995551
805.637197
806.152463
806.540052
806.798988
806.928618
806.928618
806.798988
806.540052
806.152463
805.637197
804.995551
804.229143
803.339906
802.330087
801.202239
801.139415
802.265606
803.273943
804.161874
804.927156
805.567860
806.082370
806.469389
806.727944
806.857385
806.857385
806.727944
806.469389
806.082370
805.567860
804.927156
804.161874
803.273943
802.265606
801.139415
801.076682
802.201220
803.208076
804.094704
804.858863
805.498626
806.012380
806.398831
806.657006
806.786257
806.786257
806.657006
806.398831
806.012380
805.498626
804.858863
804.094704
803.208076
802.201220
801.076682
801.014042
802.136930
803.142307
804.027633
804.790670
805.429493
805.942493
806.328377
806.586174
806.715234
806.715234
806.586174
806.328377
805.942493
805.429493
804.790670
804.027633
803.142307
802.136930
801.014042
800.951495
802.072733
803.076635
803.960661
804.722578
805.360464
805.872710
806.258028
806.515446
806.644317
806.644317
806.515446
806.258028
805.872710
805.360464
804.722578
803.960661
803.076635
802.072733
800.951495
800.889039
802.008632
803.011060
803.893788
804.654586
805.291536
805.803031
806.187782
806.444822
806.573504
806.573504
806.444822
806.187782
805.803031
805.291536
804.654586
803.893788
803.011060
802.008632
800.889039
800.826675
801.944624
802.945581
803.827014
804.586695
805.222710
805.733454
806.117641
806.374304
806.502797
806.502797
806.374304
806.117641
805.733454
805.222710
804.586695
803.827014
802.945581
801.944624
800.826675
800.764402
801.880711
802.880199
803.760338
804.518905
805.153986
805.663980
806.047603
806.303890
806.432194
806.432194
806.303890
806.047603
805.663980
805.153986
804.518905
803.760338
802.880199
801.880711
800.764402
800.702221
801.816892
802.814913
803.693760
804.451214
805.085363
805.594609
805.977669
806.233580
806.361696
806.361696
806.233580
805.977669
805.594609
805.085363
804.451214
803.693760
802.814913
801.816892
800.702221
800.640131
801.753167
802.749724
803.627281
804.383624
805.016842
805.525341
805.907839
806.163374
806.291302
806.291302
806.163374
805.907839
805.525341
805.016842
804.383624
803.627281
802.749724
801.753167
800.640131
800.578133
801.689535
802.684630
803.560900
804.316133
804.948422
805.456175
805.838112
806.093272
806.221012
806.221012
806.093272
805.838112
805.456175
804.948422
804.316133
803.560900
802.684630
801.689535
800.578133
800.516226
801.625998
802.619633
803.494617
804.248742
804.880104
805.387111
805.768488
806.023273
806.150826
806.150826
806.023273
805.768488
805.387111
804.880104
804.248742
803.494617
802.619633
801.625998
800.516226
800.454409
801.562553
802.554731
803.428432
804.181450
804.811886
805.318150
805.698967
805.953379
806.080745
806.080745
805.953379
805.698967
805.318150
804.811886
804.181450
803.428432
802.554731
801.562553
800.454409
800.392684
801.499203
802.489925
803.362344
804.114258
804.743769
805.249290
805.629549
805.883587
806.010767
806.010767
805.883587
805.629549
805.249290
804.743769
804.114258
803.362344
802.489925
801.499203
800.392684
800.331049
801.435945
802.425214
803.296354
804.047165
804.675753
805.180533
805.560233
805.813899
805.940892
805.940892
805.813899
805.560233
805.180533
804.675753
804.047165
803.296354
802.425214
801.435945
800.331049
800.269504
801.372780
802.360598
803.230461
803.980171
804.607837
805.111877
805.491021
805.744314
805.871121
805.871121
805.744314
805.491021
805.111877
804.607837
803.980171
803.230461
802.360598
801.372780
800.269504
800.208050
801.309708
802.296078
803.164665
803.913276
804.540021
805.043322
805.421910
805.674832
805.801453
805.801453
805.674832
805.421910
805.043322
804.540021
803.913276
803.164665
802.296078
801.309708
800.208050
800.146686
801.246729
802.231653
803.098966
803.846480
804.472306
804.974869
805.352902
805.605453
805.731888
805.731888
805.605453
805.352902
804.974869
804.472306
803.846480
803.098966
802.231653
801.246729
800.146686
800.085413
801.183843
802.167323
803.033365
803.779782
804.404691
804.906516
805.283995
805.536176
805.662426
805.662426
805.536176
805.283995
804.906516
804.404691
803.779782
803.033365
802.167323
801.183843
800.085413
800.024229
801.121049
802.103087
802.967859
803.713182
804.337175
804.838265
805.215191
805.467002
805.593066
805.593066
805.467002
805.215191
804.838265
804.337175
803.713182
802.967859
802.103087
801.121049
800.024229
799.963135
801.058347
802.038946
802.902451
803.646681
804.269759
804.770115
805.146488
805.397930
805.523810
805.523810
805.397930
805.146488
804.770115
804.269759
803.646681
802.902451
802.038946
801.058347
799.963135
799.902130
800.995738
801.974899
802.837138
803.580278
804.202443
804.702065
805.077886
805.328960
805.454655
805.454655
805.328960
805.077886
804.702065
804.202443
803.580278
802.837138
801.974899
800.995738
799.902130
799.841216
800.933220
801.910947
802.771922
803.513973
804.135226
804.634116
805.009386
805.260092
805.385603
805.385603
805.260092
805.009386
804.634116
804.135226
803.513973
802.771922
801.910947
800.933220
799.841216
799.780390
800.870795
801.847088
802.706802
803.447766
804.068108
804.566267
804.940988
805.191326
805.316653
805.316653
805.191326
804.940988
804.566267
804.068108
803.447766
802.706802
801.847088
800.870795
799.780390
799.719654
800.808461
801.783324
802.641778
803.381656
804.001090
804.498519
804.872690
805.122662
805.247805
805.247805
805.122662
804.872690
804.498519
804.001090
803.381656
802.641778
801.783324
800.808461
799.719654
799.659007
800.746219
801.719654
802.576850
803.315644
803.934170
804.430870
804.804493
805.054099
805.179059
805.179059
805.054099
804.804493
804.430870
803.934170
803.315644
802.576850
801.719654
800.746219
799.659007
799.598449
800.684068
801.656077
802.512018
803.249729
803.867349
804.363321
804.736397
804.985637
805.110414
805.110414
804.985637
804.736397
804.363321
803.867349
803.249729
802.512018
801.656077
800.684068
799.598449
799.537979
800.622008
801.592593
802.447280
803.183911
803.800626
804.295872
804.668402
804.917276
805.041870
805.041870
804.917276
804.668402
804.295872
803.800626
803.183911
802.447280
801.592593
800.622008
799.537979
799.477599
800.560040
801.529204
802.382639
803.118190
803.734002
804.228523
804.600507
804.849017
804.973428
804.973428
804.849017
804.600507
804.228523
803.734002
803.118190
802.382639
801.529204
800.560040
799.477599
799.417307
800.498163
801.465907
802.318092
803.052566
803.667477
804.161273
804.532712
804.780858
804.905087
804.905087
804.780858
804.532712
804.161273
803.667477
803.052566
802.318092
801.465907
800.498163
799.417307
799.357103
800.436376
801.402703
802.253641
802.987039
803.601049
804.094122
804.465017
804.712800
804.836847
804.836847
804.712800
804.465017
804.094122
803.601049
802.987039
802.253641
801.402703
800.436376
799.357103
799.296988
800.374681
801.339593
802.189284
802.921609
803.534719
804.027071
804.397422
804.644842
804.768708
804.768708
804.644842
804.397422
804.027071
803.534719
802.921609
802.189284
801.339593
800.374681
799.296988
799.236961
800.313076
801.276575
802.125022
802.856275
803.468487
803.960118
804.329927
804.576985
804.700669
804.700669
804.576985
804.329927
803.960118
803.468487
802.856275
802.125022
801.276575
800.313076
799.236961
799.177021
800.251561
801.213650
802.060855
802.791037
803.402353
803.893264
804.262532
804.509228
804.632731
804.632731
804.509228
804.262532
803.893264
803.402353
802.791037
802.060855
801.213650
800.251561
799.177021
799.117170
800.190137
801.150817
801.996782
802.725895
803.336317
803.826508
804.195236
804.441571
804.564893
804.564893
804.441571
804.195236
803.826508
803.336317
802.725895
801.996782
801.150817
800.190137
799.117170
799.057406
800.128803
801.088077
801.932803
802.660849
803.270377
803.759852
804.128039
804.374014
804.497156
804.497156
804.374014
804.128039
803.759852
803.270377
802.660849
801.932803
801.088077
800.128803
799.057406
798.997730
800.067558
801.025429
801.868919
802.595899
803.204535
803.693293
804.060942
804.306556
804.429518
804.429518
804.306556
804.060942
803.693293
803.204535
802.595899
801.868919
801.025429
800.067558
798.997730
798.938142
800.006404
800.962873
801.805128
802.531045
803.138790
803.626833
803.993943
804.239198
804.361980
804.361980
804.239198
803.993943
803.626833
803.138790
802.531045
801.805128
800.962873
800.006404
798.938142
798.878640
799.945340
800.900409
801.741432
802.466286
803.073142
803.560470
803.927044
804.171940
804.294542
804.294542
804.171940
803.927044
803.560470
803.073142
802.466286
801.741432
800.900409
799.945340
798.878640
798.819226
799.884365
800.838036
801.677829
802.401622
803.007590
803.494206
803.860243
804.104780
804.227203
804.227203
804.104780
803.860243
803.494206
803.007590
802.401622
801.677829
800.838036
799.884365
798.819226
798.759899
799.823479
800.775756
801.614320
802.337054
802.942135
803.428039
803.793540
804.037720
804.159964
804.159964
804.037720
803.793540
803.428039
802.942135
802.337054
801.614320
800.775756
799.823479
798.759899
798.700659
799.762683
800.713566
801.550904
802.272581
802.876777
803.361970
803.726936
803.970759
804.092824
804.092824
803.970759
803.726936
803.361970
802.876777
802.272581
801.550904
800.713566
799.762683
798.700659
798.641506
799.701977
800.651469
801.487581
802.208202
802.811515
803.295998
803.660431
803.903897
804.025783
804.025783
803.903897
803.660431
803.295998
802.811515
802.208202
801.487581
800.651469
799.701977
798.641506
798.582439
799.641359
800.589462
801.424351
802.143919
802.746349
803.230123
803.594023
803.837133
803.958841
803.958841
803.837133
803.594023
803.230123
802.746349
802.143919
801.424351
800.589462
799.641359
798.582439
798.523459
799.580830
800.527547
801.361215
802.079730
802.681279
803.164345
803.527713
803.770467
803.891997
803.891997
803.770467
803.527713
803.164345
802.681279
802.079730
801.361215
800.527547
799.580830
798.523459
798.464565
799.520390
800.465722
801.298171
802.015635
802.616304
803.098665
803.461501
803.703900
803.825252
803.825252
803.703900
803.461501
803.098665
802.616304
802.015635
801.298171
800.465722
799.520390
798.464565
798.405757
799.460038
800.403988
801.235220
801.951635
802.551426
803.033081
803.395386
803.637431
803.758606
803.758606
803.637431
803.395386
803.033081
802.551426
801.951635
801.235220
800.403988
799.460038
798.405757
798.347036
799.399775
800.342345
801.172362
801.887729
802.486643
802.967593
803.329369
803.571060
803.692058
803.692058
803.571060
803.329369
802.967593
802.486643
801.887729
801.172362
800.342345
799.399775
798.347036
798.288400
799.339601
800.280792
801.109595
801.823917
802.421955
802.902203
803.263450
803.504787
803.625608
803.625608
803.504787
803.263450
802.902203
802.421955
801.823917
801.109595
800.280792
799.339601
798.288400
798.229850
799.279514
800.219330
801.046922
801.760199
802.357363
802.836908
803.197627
803.438612
803.559256
803.559256
803.438612
803.197627
802.836908
802.357363
801.760199
801.046922
800.219330
799.279514
798.229850
798.171386
799.219516
800.157958
800.984340
801.696574
802.292865
802.771710
803.131901
803.372534
803.493002
803.493002
803.372534
803.131901
802.771710
802.292865
801.696574
800.984340
800.157958
799.219516
798.171386
798.113008
799.159606
800.096676
800.921850
801.633044
802.228463
802.706607
803.066273
803.306553
803.426845
803.426845
803.306553
803.066273
802.706607
802.228463
801.633044
800.921850
800.096676
799.159606
798.113008
798.054715
799.099783
800.035484
800.859452
801.569606
802.164155
802.641601
803.000741
803.240670
803.360786
803.360786
803.240670
803.000741
802.641601
802.164155
801.569606
800.859452
800.035484
799.099783
798.054715
797.996507
799.040048
799.974382
800.797145
801.506262
802.099942
802.576690
802.935305
803.174884
803.294824
803.294824
803.174884
802.935305
802.576690
802.099942
801.506262
800.797145
799.974382
799.040048
797.996507
797.938384
798.980401
799.913369
800.734931
801.443011
802.035824
802.511875
802.869966
803.109195
803.228960
803.228960
803.109195
802.869966
802.511875
802.035824
801.443011
800.734931
799.913369
798.980401
797.938384
797.880347
798.920841
799.852446
800.672807
801.379853
801.971800
802.447155
802.804723
803.043602
803.163192
803.163192
803.043602
802.804723
802.447155
801.971800
801.379853
800.672807
799.852446
798.920841
797.880347
797.822394
798.861368
799.791612
800.610775
801.316788
801.907870
802.382531
802.739576
802.978106
803.097522
803.097522
802.978106
802.739576
802.382531
801.907870
801.316788
800.610775
799.791612
798.861368
797.822394
797.764526
798.801982
799.730868
800.548834
801.253815
801.844034
802.318001
802.674525
802.912707
803.031948
803.031948
802.912707
802.674525
802.318001
801.844034
801.253815
800.548834
799.730868
798.801982
797.764526
797.706743
798.742684
799.670212
800.486984
801.190935
801.780291
802.253567
802.609570
802.847404
802.966470
802.966470
802.847404
802.609570
802.253567
801.780291
801.190935
800.486984
799.670212
798.742684
797.706743
797.649044
798.683472
799.609646
800.425224
801.128148
801.716643
802.189227
802.544710
802.782197
802.901089
802.901089
802.782197
802.544710
802.189227
801.716643
801.128148
800.425224
799.609646
798.683472
797.649044
797.591430
798.624347
799.549168
800.363556
801.065452
801.653088
802.124982
802.479946
802.717086
802.835805
802.835805
802.717086
802.479946
802.124982
801.653088
801.065452
800.363556
799.549168
798.624347
797.591430
797.533900
798.565309
799.488779
800.301977
801.002849
801.589627
802.060832
802.415277
802.652071
802.770616
802.770616
802.652071
802.415277
802.060832
801.589627
801.002849
800.301977
799.488779
798.565309
797.533900
797.476454
798.506357
799.428479
800.240490
800.940338
801.526259
801.996776
802.350704
802.587151
802.705524
802.705524
802.587151
802.350704
801.996776
801.526259
800.940338
800.240490
799.428479
798.506357
797.476454
797.419092
798.447491
799.368267
800.179092
800.877919
801.462984
801.932814
802.286225
802.522327
802.640527
802.640527
802.522327
802.286225
801.932814
801.462984
800.877919
800.179092
799.368267
798.447491
797.419092
797.361814
798.388712
799.308143
800.117785
800.815591
801.399802
801.868946
802.221841
802.457599
802.575626
802.575626
802.457599
802.221841
801.868946
801.399802
800.815591
800.117785
799.308143
798.388712
797.361814
797.304619
798.330018
799.248108
800.056567
800.753355
801.336713
801.805172
802.157552
802.392966
802.510821
802.510821
802.392966
802.157552
801.805172
801.336713
800.753355
800.056567
799.248108
798.330018
797.304619
797.247509
798.271411
799.188160
799.995439
800.691210
801.273717
801.741492
802.093358
802.328428
802.446111
802.446111
802.328428
802.093358
801.741492
801.273717
800.691210
799.995439
799.188160
798.271411
797.247509
797.190481
798.212889
799.128300
799.934402
800.629157
801.210813
801.677906
802.029258
802.263985
802.381496
802.381496
802.263985
802.029258
801.677906
801.210813
800.629157
799.934402
799.128300
798.212889
797.190481
797.133537
798.154453
799.068528
799.873453
800.567194
801.148002
801.614413
801.965252
802.199636
802.316976
802.316976
802.199636
801.965252
801.614413
801.148002
800.567194
799.873453
799.068528
798.154453
797.133537
797.076676
798.096102
799.008844
799.812594
800.505323
801.085283
801.551013
801.901341
802.135383
802.252551
802.252551
802.135383
801.901341
801.551013
801.085283
800.505323
799.812594
799.008844
798.096102
797.076676
797.019899
798.037837
798.949247
799.751824
800.443542
801.022656
801.487707
801.837523
802.071224
802.188221
802.188221
802.071224
801.837523
801.487707
801.022656
800.443542
799.751824
798.949247
798.037837
797.019899
796.963204
797.979657
798.889737
799.691144
800.381852
800.960122
801.424494
801.773799
802.007159
802.123986
802.123986
802.007159
801.773799
801.424494
800.960122
800.381852
799.691144
798.889737
797.979657
796.963204
796.906592
797.921562
798.830315
799.630552
800.320253
800.897679
801.361373
801.710169
801.943188
802.059845
802.059845
801.943188
801.710169
801.361373
800.897679
800.320253
799.630552
798.830315
797.921562
796.906592
796.850063
797.863553
798.770979
799.570049
800.258744
800.835327
801.298346
801.646633
801.879312
801.995798
801.995798
801.879312
801.646633
801.298346
800.835327
800.258744
799.570049
798.770979
797.863553
796.850063
796.793616
797.805628
798.711731
799.509635
800.197325
800.773068
801.235410
801.583189
801.815529
801.931846
801.931846
801.815529
801.583189
801.235410
800.773068
800.197325
799.509635
798.711731
797.805628
796.793616
796.737252
797.747787
798.652569
799.449309
800.135997
800.710899
801.172568
801.519840
801.751841
801.867987
801.867987
801.751841
801.519840
801.172568
800.710899
800.135997
799.449309
798.652569
797.747787
796.737252
796.680970
797.690032
798.593494
799.389072
800.074758
800.648822
801.109817
801.456583
801.688246
801.804223
801.804223
801.688246
801.456583
801.109817
800.648822
800.074758
799.389072
798.593494
797.690032
796.680970
796.624770
797.632361
798.534505
799.328924
800.013610
800.586836
801.047159
801.393419
801.624744
801.740552
801.740552
801.624744
801.393419
801.047159
800.586836
800.013610
799.328924
798.534505
797.632361
796.624770
796.568652
797.574774
798.475603
799.268863
799.952551
800.524942
800.984593
801.330348
801.561336
801.676975
801.676975
801.561336
801.330348
800.984593
800.524942
799.952551
799.268863
798.475603
797.574774
796.568652
796.512617
797.517271
798.416787
799.208890
799.891581
800.463137
800.922119
801.267370
801.498020
801.613491
801.613491
801.498020
801.267370
800.922119
800.463137
799.891581
799.208890
798.416787
797.517271
796.512617
796.456663
797.459852
798.358057
799.149005
799.830701
800.401424
800.859736
801.204484
801.434798
801.550101
801.550101
801.434798
801.204484
800.859736
800.401424
799.830701
799.149005
798.358057
797.459852
796.456663
796.400790
797.402518
798.299413
799.089208
799.769910
800.339801
800.797446
801.141690
801.371669
801.486803
801.486803
801.371669
801.141690
800.797446
800.339801
799.769910
799.089208
798.299413
797.402518
796.400790
796.344999
797.345267
798.240855
799.029499
799.709209
800.278269
800.735246
801.078989
801.308633
801.423599
801.423599
801.308633
801.078989
800.735246
800.278269
799.709209
799.029499
798.240855
797.345267
796.344999
796.289290
797.288100
798.182382
798.969877
799.648596
800.216827
800.673138
801.016380
801.245689
801.360488
801.360488
801.245689
801.016380
800.673138
800.216827
799.648596
798.969877
798.182382
797.288100
796.289290
796.233662
797.231016
798.123995
798.910342
799.588072
800.155475
800.611121
800.953863
801.182838
801.297469
801.297469
801.182838
800.953863
800.611121
800.155475
799.588072
798.910342
798.123995
797.231016
796.233662
796.178115
797.174016
798.065694
798.850895
799.527637
800.094213
800.549195
800.891437
801.120078
801.234543
801.234543
801.120078
800.891437
800.549195
800.094213
799.527637
798.850895
798.065694
797.174016
796.178115
796.122649
797.117099
798.007478
798.791535
799.467291
800.033041
800.487360
800.829104
801.057412
801.171709
801.171709
801.057412
800.829104
800.487360
800.033041
799.467291
798.791535
798.007478
797.117099
796.122649
796.067265
797.060265
797.949347
798.732261
799.407033
799.971959
800.425616
800.766862
800.994837
801.108968
801.108968
800.994837
800.766862
800.425616
799.971959
799.407033
798.732261
797.949347
797.060265
796.067265
796.011960
797.003514
797.891301
798.673075
799.346863
799.910966
800.363962
800.704711
800.932354
801.046319
801.046319
800.932354
800.704711
800.363962
799.910966
799.346863
798.673075
797.891301
797.003514
796.011960
795.956737
796.946847
797.833339
798.613975
799.286781
799.850063
800.302399
800.642651
800.869962
800.983761
800.983761
800.869962
800.642651
800.302399
799.850063
799.286781
798.613975
797.833339
796.946847
795.956737
795.901594
796.890262
797.775463
798.554961
799.226788
799.789249
800.240926
800.580683
800.807663
800.921296
800.921296
800.807663
800.580683
800.240926
799.789249
799.226788
798.554961
797.775463
796.890262
795.901594
795.846532
796.833759
797.717671
798.496034
799.166882
799.728524
800.179543
800.518805
800.745455
800.858922
800.858922
800.745455
800.518805
800.179543
799.728524
799.166882
798.496034
797.717671
796.833759
795.846532
795.791549
796.777339
797.659964
798.437193
799.107064
799.667888
800.118251
800.457018
800.683338
800.796640
800.796640
800.683338
800.457018
800.118251
799.667888
799.107064
798.437193
797.659964
796.777339
795.791549
795.736647
796.721002
797.602341
798.378439
799.047334
799.607341
800.057048
800.395322
800.621312
800.734449
800.734449
800.621312
800.395322
800.057048
799.607341
799.047334
798.378439
797.602341
796.721002
795.736647
795.681826
796.664746
797.544803
798.319770
798.987692
799.546883
799.995935
800.333716
800.559377
800.672350
800.672350
800.559377
800.333716
799.995935
799.546883
798.987692
798.319770
797.544803
796.664746
795.681826
795.627083
796.608573
797.487348
798.261187
798.928136
799.486513
799.934911
800.272201
800.497534
800.610342
800.610342
800.497534
800.272201
799.934911
799.486513
798.928136
798.261187
797.487348
796.608573
795.627083
795.572421
796.552482
797.429978
798.202690
798.868668
799.426232
799.873978
800.210776
800.435780
800.548424
800.548424
800.435780
800.210776
799.873978
799.426232
798.868668
798.202690
797.429978
796.552482
795.572421
795.517839
796.496473
797.372691
798.144278
798.809287
799.366040
799.813133
800.149441
800.374118
800.486598
800.486598
800.374118
800.149441
799.813133
799.366040
798.809287
798.144278
797.372691
796.496473
795.517839
795.463336
796.440545
797.315488
798.085952
798.749993
799.305935
799.752378
800.088196
800.312546
800.424862
800.424862
800.312546
800.088196
799.752378
799.305935
798.749993
798.085952
797.315488
796.440545
795.463336
795.408912
796.384700
797.258369
798.027711
798.690785
799.245918
799.691711
800.027041
800.251064
800.363217
800.363217
800.251064
800.027041
799.691711
799.245918
798.690785
798.027711
797.258369
796.384700
795.408912
795.354568
796.328935
797.201333
797.969556
798.631665
799.185990
799.631134
799.965976
800.189673
800.301662
800.301662
800.189673
799.965976
799.631134
799.185990
798.631665
797.969556
797.201333
796.328935
795.354568
795.300303
796.273252
797.144380
797.911485
798.572631
799.126149
799.570645
799.905000
800.128371
800.240198
800.240198
800.128371
799.905000
799.570645
799.126149
798.572631
797.911485
797.144380
796.273252
795.300303
795.246117
796.217650
797.087511
797.853500
798.513683
799.066396
799.510245
799.844113
800.067160
800.178823
800.178823
800.067160
799.844113
799.510245
799.066396
798.513683
797.853500
797.087511
796.217650
795.246117
795.192010
796.162130
797.030725
797.795599
798.454822
799.006730
799.449934
799.783316
800.006038
800.117539
800.117539
800.006038
799.783316
799.449934
799.006730
798.454822
797.795599
797.030725
796.162130
795.192010
795.137982
796.106690
796.974021
797.737783
798.396046
798.947152
799.389711
799.722608
799.945006
800.056345
800.056345
799.945006
799.722608
799.389711
798.947152
798.396046
797.737783
796.974021
796.106690
795.137982
795.084032
796.051331
796.917401
797.680051
798.337357
798.887661
799.329576
799.661989
799.884063
799.995240
799.995240
799.884063
799.661989
799.329576
798.887661
798.337357
797.680051
796.917401
796.051331
795.084032
795.030161
795.996053
796.860863
797.622404
798.278754
798.828257
799.269529
799.601458
799.823209
799.934225
799.934225
799.823209
799.601458
799.269529
798.828257
798.278754
797.622404
796.860863
795.996053
795.030161
794.976369
795.940856
796.804408
797.564841
798.220236
798.768940
799.209570
799.541017
799.762445
799.873299
799.873299
799.762445
799.541017
799.209570
798.768940
798.220236
797.564841
796.804408
795.940856
794.976369
794.922655
795.885739
796.748035
797.507362
798.161804
798.709710
799.149699
799.480663
799.701770
799.812463
799.812463
799.701770
799.480663
799.149699
798.709710
798.161804
797.507362
796.748035
795.885739
794.922655
794.869019
795.830703
796.691744
797.449967
798.103457
798.650566
799.089916
799.420399
799.641184
799.751715
799.751715
799.641184
799.420399
799.089916
798.650566
798.103457
797.449967
796.691744
795.830703
794.869019
794.815461
795.775747
796.635536
797.392656
798.045196
798.591509
799.030220
799.360222
799.580686
799.691057
799.691057
799.580686
799.360222
799.030220
798.591509
798.045196
797.392656
796.635536
795.775747
794.815461
794.761981
795.720870
796.579410
797.335429
797.987020
798.532539
798.970611
799.300134
799.520278
799.630488
799.630488
799.520278
799.300134
798.970611
798.532539
797.987020
797.335429
796.579410
795.720870
794.761981
794.708579
795.666074
796.523365
797.278285
797.928929
798.473655
798.911090
799.240134
799.459957
799.570007
799.570007
799.459957
799.240134
798.911090
798.473655
797.928929
797.278285
796.523365
795.666074
794.708579
794.655255
795.611358
796.467403
797.221225
797.870923
798.414857
798.851656
799.180221
799.399725
799.509615
799.509615
799.399725
799.180221
798.851656
798.414857
797.870923
797.221225
796.467403
795.611358
794.655255
794.602008
795.556722
796.411522
797.164248
797.813001
798.356145
798.792309
799.120397
799.339582
799.449312
799.449312
799.339582
799.120397
798.792309
798.356145
797.813001
797.164248
796.411522
795.556722
794.602008
794.548839
795.502165
796.355722
797.107355
797.755165
798.297519
798.733049
799.060660
799.279526
799.389097
799.389097
799.279526
799.060660
798.733049
798.297519
797.755165
797.107355
796.355722
795.502165
794.548839
794.495748
795.447687
796.300004
797.050544
797.697413
798.238978
798.673876
799.001010
799.219558
799.328970
799.328970
799.219558
799.001010
798.673876
798.238978
797.697413
797.050544
796.300004
795.447687
794.495748
794.442733
795.393289
796.244368
796.993817
797.639745
798.180524
798.614789
798.941448
799.159678
799.268931
799.268931
799.159678
798.941448
798.614789
798.180524
797.639745
796.993817
796.244368
795.393289
794.442733
794.389796
795.338971
796.188812
796.937172
797.582162
798.122154
798.555789
798.881973
799.099886
799.208980
799.208980
799.099886
798.881973
798.555789
798.122154
797.582162
796.937172
796.188812
795.338971
794.389796
794.336936
795.284731
796.133338
796.880610
797.524663
798.063870
798.496875
798.822585
799.040182
799.149117
799.149117
799.040182
798.822585
798.496875
798.063870
797.524663
796.880610
796.133338
795.284731
794.336936
794.284152
795.230571
796.077944
796.824131
797.467248
798.005672
798.438047
798.763284
798.980564
799.089341
799.089341
798.980564
798.763284
798.438047
798.005672
797.467248
796.824131
796.077944
795.230571
794.284152
794.231446
795.176489
796.022631
796.767734
797.409916
797.947558
798.379305
798.704070
798.921034
799.029653
799.029653
798.921034
798.704070
798.379305
797.947558
797.409916
796.767734
796.022631
795.176489
794.231446
794.178816
795.122486
795.967399
796.711420
797.352669
797.889530
798.320649
798.644942
798.861591
798.970053
798.970053
798.861591
798.644942
798.320649
797.889530
797.352669
796.711420
795.967399
795.122486
794.178816
794.126262
795.068562
795.912248
796.655187
797.295505
797.831586
798.262079
798.585901
798.802236
798.910539
798.910539
798.802236
798.585901
798.262079
797.831586
797.295505
796.655187
795.912248
795.068562
794.126262
794.073785
795.014716
795.857177
796.599037
797.238425
797.773727
798.203595
798.526946
798.742967
798.851113
798.851113
798.742967
798.526946
798.203595
797.773727
797.238425
796.599037
795.857177
795.014716
794.073785
794.021385
794.960949
795.802186
796.542969
797.181428
797.715952
798.145196
798.468078
798.683784
798.791774
798.791774
798.683784
798.468078
798.145196
797.715952
797.181428
796.542969
795.802186
794.960949
794.021385
793.969060
794.907260
795.747275
796.486982
797.124514
797.658262
798.086883
798.409295
798.624689
798.732521
798.732521
798.624689
798.409295
798.086883
797.658262
797.124514
796.486982
795.747275
794.907260
793.969060
793.916812
794.853650
795.692445
796.431077
797.067683
797.600657
798.028654
798.350599
798.565680
798.673355
798.673355
798.565680
798.350599
798.028654
797.600657
797.067683
796.431077
795.692445
794.853650
793.916812
793.864640
794.800117
795.637694
796.375254
797.010936
797.543135
797.970511
798.291988
798.506757
798.614276
798.614276
798.506757
798.291988
797.970511
797.543135
797.010936
796.375254
795.637694
794.800117
793.864640
793.812543
794.746662
795.583023
796.319512
796.954271
797.485698
797.912453
798.233464
798.447920
798.555283
798.555283
798.447920
798.233464
797.912453
797.485698
796.954271
796.319512
795.583023
794.746662
793.812543
793.760522
794.693285
795.528432
796.263852
796.897689
797.428344
797.854480
798.175024
798.389169
798.496377
798.496377
798.389169
798.175024
797.854480
797.428344
796.897689
796.263852
795.528432
794.693285
793.760522
793.708577
794.639986
795.473920
796.208273
796.841189
797.371074
797.796592
798.116670
798.330505
798.437557
798.437557
798.330505
798.116670
797.796592
797.371074
796.841189
796.208273
795.473920
794.639986
793.708577
793.656707
794.586764
795.419488
796.152774
796.784772
797.313888
797.738788
798.058402
798.271926
798.378822
798.378822
798.271926
798.058402
797.738788
797.313888
796.784772
796.152774
795.419488
794.586764
793.656707
793.604913
794.533620
795.365135
796.097357
796.728438
797.256785
797.681068
798.000219
798.213433
798.320174
798.320174
798.213433
798.000219
797.681068
797.256785
796.728438
796.097357
795.365135
794.533620
793.604913
793.553194
794.480553
795.310861
796.042021
796.672185
797.199766
797.623433
797.942120
798.155025
798.261611
798.261611
798.155025
797.942120
797.623433
797.199766
796.672185
796.042021
795.310861
794.480553
793.553194
793.501550
794.427563
795.256667
795.986765
796.616015
797.142830
797.565883
797.884107
798.096703
798.203134
798.203134
798.096703
797.884107
797.565883
797.142830
796.616015
795.986765
795.256667
794.427563
793.501550
793.449981
794.374651
795.202551
795.931590
796.559927
797.085977
797.508416
797.826179
798.038466
798.144743
798.144743
798.038466
797.826179
797.508416
797.085977
796.559927
795.931590
795.202551
794.374651
793.449981
793.398487
794.321815
795.148514
795.876495
796.503920
797.029207
797.451033
797.768335
797.980314
798.086437
798.086437
797.980314
797.768335
797.451033
797.029207
796.503920
795.876495
795.148514
794.321815
793.398487
793.347068
794.269057
795.094556
795.821481
796.447995
796.972521
797.393734
797.710575
797.922247
798.028216
798.028216
797.922247
797.710575
797.393734
796.972521
796.447995
795.821481
795.094556
794.269057
793.347068
793.295724
794.216375
795.040676
795.766546
796.392152
796.915916
797.336519
797.652900
797.864265
797.970080
797.970080
797.864265
797.652900
797.336519
796.915916
796.392152
795.766546
795.040676
794.216375
793.295724
793.244454
794.163769
794.986875
795.711692
796.336390
796.859395
797.279387
797.595310
797.806367
797.912029
797.912029
797.806367
797.595310
797.279387
796.859395
796.336390
795.711692
794.986875
794.163769
793.244454
793.193259
794.111240
794.933152
795.656918
796.280710
796.802956
797.222339
797.537803
797.748555
797.854063
797.854063
797.748555
797.537803
797.222339
796.802956
796.280710
795.656918
794.933152
794.111240
793.193259
793.142138
794.058788
794.879508
795.602223
796.225111
796.746599
797.165374
797.480380
797.690826
797.796182
797.796182
797.690826
797.480380
797.165374
796.746599
796.225111
795.602223
794.879508
794.058788
793.142138
793.091091
794.006412
794.825941
795.547609
796.169593
796.690325
797.108492
797.423042
797.633182
797.738385
797.738385
797.633182
797.423042
797.108492
796.690325
796.169593
795.547609
794.825941
794.006412
793.091091
793.040118
793.954112
794.772453
795.493074
796.114156
796.634132
797.051693
797.365787
797.575623
797.680673
797.680673
797.575623
797.365787
797.051693
796.634132
796.114156
795.493074
794.772453
793.954112
793.040118
792.989220
793.901888
794.719042
795.438618
796.058799
796.578022
796.994977
797.308615
797.518147
797.623045
797.623045
797.518147
797.308615
796.994977
796.578022
796.058799
795.438618
794.719042
793.901888
792.989220
792.938395
793.849740
794.665709
795.384242
796.003524
796.521993
796.938344
797.251528
797.460755
797.565501
797.565501
797.460755
797.251528
796.938344
796.521993
796.003524
795.384242
794.665709
793.849740
792.938395
792.887644
793.797667
794.612454
795.329945
795.948329
796.466047
796.881794
797.194523
797.403447
797.508041
797.508041
797.403447
797.194523
796.881794
796.466047
795.948329
795.329945
794.612454
793.797667
792.887644
792.836967
793.745671
794.559276
795.275726
795.893214
796.410181
796.825326
797.137602
797.346223
797.450665
797.450665
797.346223
797.137602
796.825326
796.410181
795.893214
795.275726
794.559276
793.745671
792.836967
792.786363
793.693750
794.506175
795.221587
795.838180
796.354398
796.768940
797.080764
797.289083
797.393373
797.393373
797.289083
797.080764
796.768940
796.354398
795.838180
795.221587
794.506175
793.693750
792.786363
792.735833
793.641904
794.453152
795.167527
795.783226
796.298695
796.712637
797.024008
797.232025
797.336165
797.336165
797.232025
797.024008
796.712637
796.298695
795.783226
795.167527
794.453152
793.641904
792.735833
792.685376
793.590134
794.400206
795.113546
795.728352
796.243074
796.656416
796.967336
797.175052
797.279040
797.279040
797.175052
796.967336
796.656416
796.243074
795.728352
795.113546
794.400206
793.590134
792.685376
792.634992
793.538439
794.347337
795.059643
795.673558
796.187534
796.600277
796.910746
797.118161
797.221999
797.221999
797.118161
796.910746
796.600277
796.187534
795.673558
795.059643
794.347337
793.538439
792.634992
792.584682
793.486819
794.294545
795.005818
795.618844
796.132075
796.544220
796.854239
797.061353
797.165040
797.165040
797.061353
796.854239
796.544220
796.132075
795.618844
795.005818
794.294545
793.486819
792.584682
792.534444
793.435274
794.241830
794.952072
795.564209
796.076697
796.488244
796.797815
797.004628
797.108165
797.108165
797.004628
796.797815
796.488244
796.076697
795.564209
794.952072
794.241830
793.435274
792.534444
792.484279
793.383804
794.189191
794.898405
795.509655
796.021400
796.432351
796.741472
796.947986
797.051373
797.051373
796.947986
796.741472
796.432351
796.021400
795.509655
794.898405
794.189191
793.383804
792.484279
792.434187
793.332409
794.136629
794.844815
795.455179
795.966183
796.376538
796.685212
796.891427
796.994664
796.994664
796.891427
796.685212
796.376538
795.966183
795.455179
794.844815
794.136629
793.332409
792.434187
792.384168
793.281088
794.084143
794.791303
795.400783
795.911047
796.320808
796.629034
796.834950
796.938038
796.938038
796.834950
796.629034
796.320808
795.911047
795.400783
794.791303
794.084143
793.281088
792.384168
792.334221
793.229842
794.031734
794.737869
795.346467
795.855991
796.265158
796.572938
796.778556
796.881494
796.881494
796.778556
796.572938
796.265158
795.855991
795.346467
794.737869
794.031734
793.229842
792.334221
792.284347
793.178671
793.979401
794.684513
795.292229
795.801015
796.209590
796.516924
796.722244
796.825033
796.825033
796.722244
796.516924
796.209590
795.801015
795.292229
794.684513
793.979401
793.178671
792.284347
792.234545
793.127574
793.927144
794.631235
795.238070
795.746119
796.154102
796.460991
796.666014
796.768654
796.768654
796.666014
796.460991
796.154102
795.746119
795.238070
794.631235
793.927144
793.127574
792.234545
792.184815
793.076550
793.874962
794.578034
795.183990
795.691304
796.098696
796.405140
796.609866
796.712358
796.712358
796.609866
796.405140
796.098696
795.691304
795.183990
794.578034
793.874962
793.076550
792.184815
792.135158
793.025601
793.822857
794.524910
795.129989
795.636568
796.043370
796.349371
796.553800
796.656143
796.656143
796.553800
796.349371
796.043370
795.636568
795.129989
794.524910
793.822857
793.025601
792.135158
792.085572
792.974726
793.770828
794.471864
795.076067
795.581912
795.988125
796.293682
796.497815
796.600011
796.600011
796.497815
796.293682
795.988125
795.581912
795.076067
794.471864
793.770828
792.974726
792.085572
792.036058
792.923925
793.718874
794.418895
795.022223
795.527336
795.932960
796.238075
796.441913
796.543960
796.543960
796.441913
796.238075
795.932960
795.527336
795.022223
794.418895
793.718874
792.923925
792.036058
791.986617
792.873198
793.666995
794.366003
794.968457
795.472839
795.877876
796.182549
796.386092
796.487991
796.487991
796.386092
796.182549
795.877876
795.472839
794.968457
794.366003
793.666995
792.873198
791.986617
791.937246
792.822544
793.615192
794.313188
794.914770
795.418421
795.822872
796.127104
796.330352
796.432104
796.432104
796.330352
796.127104
795.822872
795.418421
794.914770
794.313188
793.615192
792.822544
791.937246
791.887948
792.771964
793.563464
794.260450
794.861161
795.364083
795.767948
796.071740
796.274694
796.376298
796.376298
796.274694
796.071740
795.767948
795.364083
794.861161
794.260450
793.563464
792.771964
791.887948
791.838720
792.721457
793.511812
794.207788
794.807630
795.309824
795.713105
796.016457
796.219116
796.320574
796.320574
796.219116
796.016457
795.713105
795.309824
794.807630
794.207788
793.511812
792.721457
791.838720
791.789564
792.671023
793.460234
794.155203
794.754177
795.255644
795.658341
795.961254
796.163620
796.264930
796.264930
796.163620
795.961254
795.658341
795.255644
794.754177
794.155203
793.460234
792.671023
791.789564
791.740480
792.620663
793.408731
794.102695
794.700801
795.201542
795.603657
795.906131
796.108204
796.209368
796.209368
796.108204
795.906131
795.603657
795.201542
794.700801
794.102695
793.408731
792.620663
791.740480
791.691466
792.570375
793.357304
794.050263
794.647503
795.147520
795.549052
795.851089
796.052870
796.153887
796.153887
796.052870
795.851089
795.549052
795.147520
794.647503
794.050263
793.357304
792.570375
791.691466
791.642524
792.520161
793.305950
793.997907
794.594283
795.093576
795.494527
795.796127
795.997616
796.098487
796.098487
795.997616
795.796127
795.494527
795.093576
794.594283
793.997907
793.305950
792.520161
791.642524
791.593652
792.470019
793.254672
793.945627
794.541140
795.039711
795.440082
795.741245
795.942442
796.043168
796.043168
795.942442
795.741245
795.440082
795.039711
794.541140
793.945627
793.254672
792.470019
791.593652
791.544851
792.419951
793.203468
793.893423
794.488075
794.985924
795.385715
795.686443
795.887349
795.987929
795.987929
795.887349
795.686443
795.385715
794.985924
794.488075
793.893423
793.203468
792.419951
791.544851
791.496121
792.369954
793.152338
793.841295
794.435086
794.932215
795.331428
795.631721
795.832336
795.932770
795.932770
795.832336
795.631721
795.331428
794.932215
794.435086
793.841295
793.152338
792.369954
791.496121
791.447461
792.320031
793.101282
793.789243
794.382175
794.878585
795.277220
795.577078
795.777404
795.877692
795.877692
795.777404
795.577078
795.277220
794.878585
794.382175
793.789243
793.101282
792.320031
791.447461
791.398872
792.270179
793.050301
793.737266
794.329341
794.825032
795.223091
795.522515
795.722551
795.822695
795.822695
795.722551
795.522515
795.223091
794.825032
794.329341
793.737266
793.050301
792.270179
791.398872
791.350354
792.220400
792.999393
793.685365
794.276583
794.771558
795.169041
795.468032
795.667778
795.767777
795.767777
795.667778
795.468032
795.169041
794.771558
794.276583
793.685365
792.999393
792.220400
791.350354
791.301905
792.170694
792.948560
793.633539
794.223902
794.718161
795.115069
795.413628
795.613085
795.712939
795.712939
795.613085
795.413628
795.115069
794.718161
794.223902
793.633539
792.948560
792.170694
791.301905
791.253527
792.121059
792.897800
793.581789
794.171298
794.664842
795.061176
795.359303
795.558472
795.658182
795.658182
795.558472
795.359303
795.061176
794.664842
794.171298
793.581789
792.897800
792.121059
791.253527
791.205219
792.071496
792.847114
793.530114
794.118770
794.611600
795.007361
795.305057
795.503938
795.603504
795.603504
795.503938
795.305057
795.007361
794.611600
794.118770
793.530114
792.847114
792.071496
791.205219
791.156981
792.022005
792.796502
793.478513
794.066319
794.558436
794.953625
795.250890
795.449484
795.548905
795.548905
795.449484
795.250890
794.953625
794.558436
794.066319
793.478513
792.796502
792.022005
791.156981
791.108812
791.972586
792.745963
793.426988
794.013944
794.505350
794.899967
795.196802
795.395108
795.494386
795.494386
795.395108
795.196802
794.899967
794.505350
794.013944
793.426988
792.745963
791.972586
791.108812
791.060713
791.923238
792.695497
793.375538
793.961645
794.452340
794.846387
795.142793
795.340812
795.439947
795.439947
795.340812
795.142793
794.846387
794.452340
793.961645
793.375538
792.695497
791.923238
791.060713
791.012684
791.873962
792.645104
793.324162
793.909422
794.399408
794.792885
795.088862
795.286596
795.385587
795.385587
795.286596
795.088862
794.792885
794.399408
793.909422
793.324162
792.645104
791.873962
791.012684
790.964725
791.824758
792.594785
793.272861
793.857275
794.346552
794.739460
795.035010
795.232458
795.331305
795.331305
795.232458
795.035010
794.739460
794.346552
793.857275
793.272861
792.594785
791.824758
790.964725
790.916835
791.775624
792.544539
793.221634
793.805203
794.293773
794.686114
794.981236
795.178398
795.277103
795.277103
795.178398
794.981236
794.686114
794.293773
793.805203
793.221634
792.544539
791.775624
790.916835
790.869014
791.726562
792.494365
793.170482
793.753208
794.241072
794.632845
794.927541
795.124418
795.222980
795.222980
795.124418
794.927541
794.632845
794.241072
793.753208
793.170482
792.494365
791.726562
790.869014
790.821262
791.677571
792.444264
793.119404
793.701287
794.188446
794.579653
794.873923
795.070516
795.168936
795.168936
795.070516
794.873923
794.579653
794.188446
793.701287
793.119404
792.444264
791.677571
790.821262
790.773580
791.628651
792.394236
793.068401
793.649443
794.135898
794.526539
794.820384
795.016692
795.114970
795.114970
795.016692
794.820384
794.526539
794.135898
793.649443
793.068401
792.394236
791.628651
790.773580
790.725966
791.579802
792.344281
793.017471
793.597673
794.083425
794.473502
794.766922
794.962947
795.061083
795.061083
794.962947
794.766922
794.473502
794.083425
793.597673
793.017471
792.344281
791.579802
790.725966
790.678421
791.531023
792.294398
792.966615
793.545979
794.031029
794.420542
794.713539
794.909280
795.007274
795.007274
794.909280
794.713539
794.420542
794.031029
793.545979
792.966615
792.294398
791.531023
790.678421
790.630945
791.482316
792.244587
792.915833
793.494360
793.978709
794.367660
794.660232
794.855691
794.953543
794.953543
794.855691
794.660232
794.367660
793.978709
793.494360
792.915833
792.244587
791.482316
790.630945
790.583538
791.433678
792.194848
792.865125
793.442816
793.926465
794.314854
794.607004
794.802180
794.899891
794.899891
794.802180
794.607004
794.314854
793.926465
793.442816
792.865125
792.194848
791.433678
790.583538
790.536200
791.385112
792.145182
792.814490
793.391346
793.874297
794.262125
794.553853
794.748747
794.846317
794.846317
794.748747
794.553853
794.262125
793.874297
793.391346
792.814490
792.145182
791.385112
790.536200
790.488929
791.336615
792.095587
792.763928
793.339952
793.822205
794.209472
794.500779
794.695391
794.792820
794.792820
794.695391
794.500779
794.209472
793.822205
793.339952
792.763928
792.095587
791.336615
790.488929
790.441728
791.288189
792.046065
792.713441
793.288632
793.770188
794.156896
794.447782
794.642113
794.739402
794.739402
794.642113
794.447782
794.156896
793.770188
793.288632
792.713441
792.046065
791.288189
790.441728
790.394594
791.239833
791.996614
792.663026
793.237386
793.718247
794.104397
794.394862
794.588913
794.686061
794.686061
794.588913
794.394862
794.104397
793.718247
793.237386
792.663026
791.996614
791.239833
790.394594
790.347529
791.191547
791.947235
792.612684
793.186215
793.666382
794.051973
794.342019
794.535790
794.632797
794.632797
794.535790
794.342019
794.051973
793.666382
793.186215
792.612684
791.947235
791.191547
790.347529
790.300531
791.143331
791.897927
792.562416
793.135118
793.614591
793.999626
794.289253
794.482744
794.579611
794.579611
794.482744
794.289253
793.999626
793.614591
793.135118
792.562416
791.897927
791.143331
790.300531
790.253602
791.095184
791.848691
792.512220
793.084096
793.562876
793.947355
794.236564
794.429776
794.526503
794.526503
794.429776
794.236564
793.947355
793.562876
793.084096
792.512220
791.848691
791.095184
790.253602
790.206740
791.047107
791.799527
792.462097
793.033147
793.511236
793.895160
794.183952
794.376884
794.473471
794.473471
794.376884
794.183952
793.895160
793.511236
793.033147
792.462097
791.799527
791.047107
790.206740
790.159947
790.999100
791.750433
792.412047
792.982273
793.459671
793.843041
794.131415
794.324069
794.420517
794.420517
794.324069
794.131415
793.843041
793.459671
792.982273
792.412047
791.750433
790.999100
790.159947
790.113220
790.951163
791.701411
792.362070
792.931472
793.408181
793.790997
794.078955
794.271331
794.367640
794.367640
794.271331
794.078955
793.790997
793.408181
792.931472
792.362070
791.701411
790.951163
790.113220
790.066562
790.903294
791.652459
792.312164
792.880745
793.356766
793.739029
794.026572
794.218670
794.314839
794.314839
794.218670
794.026572
793.739029
793.356766
792.880745
792.312164
791.652459
790.903294
790.066562
790.019971
790.855495
791.603579
792.262332
792.830091
793.305425
793.687137
793.974264
794.166085
794.262116
794.262116
794.166085
793.974264
793.687137
793.305425
792.830091
792.262332
791.603579
790.855495
790.019971
789.973447
790.807765
791.554769
792.212571
792.779511
793.254159
793.635320
793.922033
794.113576
794.209469
794.209469
794.113576
793.922033
793.635320
793.254159
792.779511
792.212571
791.554769
790.807765
789.973447
789.926990
790.760105
791.506030
792.162883
792.729004
793.202967
793.583578
793.869877
794.061144
794.156898
794.156898
794.061144
793.869877
793.583578
793.202967
792.729004
792.162883
791.506030
790.760105
789.926990
789.880601
790.712513
791.457362
792.113266
792.678571
793.151850
793.531911
793.817797
794.008788
794.104404
794.104404
794.008788
793.817797
793.531911
793.151850
792.678571
792.113266
791.457362
790.712513
789.880601
789.834278
790.664990
791.408764
792.063722
792.628211
793.100807
793.480319
793.765793
793.956508
794.051986
794.051986
793.956508
793.765793
793.480319
793.100807
792.628211
792.063722
791.408764
790.664990
789.834278
789.788023
790.617536
791.360237
792.014249
792.577924
793.049838
793.428803
793.713864
793.904304
793.999644
793.999644
793.904304
793.713864
793.428803
793.049838
792.577924
792.014249
791.360237
790.617536
789.788023
789.741834
790.570150
791.311779
791.964848
792.527709
792.998942
793.377360
793.662011
793.852176
793.947379
793.947379
793.852176
793.662011
793.377360
792.998942
792.527709
791.964848
791.311779
790.570150
789.741834
789.695712
790.522833
791.263392
791.915519
792.477568
792.948121
793.325993
793.610233
793.800124
793.895189
793.895189
793.800124
793.610233
793.325993
792.948121
792.477568
791.915519
791.263392
790.522833
789.695712
789.649657
790.475584
791.215075
791.866261
792.427499
792.897373
793.274700
793.558530
793.748147
793.843075
793.843075
793.748147
793.558530
793.274700
792.897373
792.427499
791.866261
791.215075
790.475584
789.649657
789.603668
790.428404
791.166828
791.817075
792.377503
792.846699
793.223482
793.506902
793.696246
793.791037
793.791037
793.696246
793.506902
793.223482
792.846699
792.377503
791.817075
791.166828
790.428404
789.603668
789.557745
790.381292
791.118651
791.767959
792.327579
792.796099
793.172338
793.455349
793.644420
793.739074
793.739074
793.644420
793.455349
793.172338
792.796099
792.327579
791.767959
791.118651
790.381292
789.557745
789.511889
790.334248
791.070543
791.718915
792.277728
792.745572
793.121268
793.403871
793.592669
793.687187
793.687187
793.592669
793.403871
793.121268
792.745572
792.277728
791.718915
791.070543
790.334248
789.511889
789.466099
790.287272
791.022505
791.669942
792.227949
792.695118
793.070272
793.352468
793.540993
793.635375
793.635375
793.540993
793.352468
793.070272
792.695118
792.227949
791.669942
791.022505
790.287272
789.466099
789.420376
790.240364
790.974537
791.621040
792.178242
792.644737
793.019351
793.301139
793.489393
793.583638
793.583638
793.489393
793.301139
793.019351
792.644737
792.178242
791.621040
790.974537
790.240364
789.420376
789.374718
790.193524
790.926638
791.572209
792.128607
792.594430
792.968503
793.249885
793.437867
793.531976
793.531976
793.437867
793.249885
792.968503
792.594430
792.128607
791.572209
790.926638
790.193524
789.374718
789.329126
790.146751
790.878808
791.523448
792.079044
792.544195
792.917729
793.198705
793.386416
793.480390
793.480390
793.386416
793.198705
792.917729
792.544195
792.079044
791.523448
790.878808
790.146751
789.329126
789.283600
790.100046
790.831048
791.474758
792.029553
792.494033
792.867028
793.147599
793.335040
793.428878
793.428878
793.335040
793.147599
792.867028
792.494033
792.029553
791.474758
790.831048
790.100046
789.283600
789.238140
790.053409
790.783356
791.426139
791.980134
792.443944
792.816402
793.096568
793.283738
793.377441
793.377441
793.283738
793.096568
792.816402
792.443944
791.980134
791.426139
790.783356
790.053409
789.238140
789.192745
790.006839
790.735734
791.377590
791.930786
792.393928
792.765848
793.045611
793.232511
793.326079
793.326079
793.232511
793.045611
792.765848
792.393928
791.930786
791.377590
790.735734
790.006839
789.192745
789.147416
789.960336
790.688181
791.329111
791.881510
792.343984
792.715368
792.994727
793.181358
793.274791
793.274791
793.181358
792.994727
792.715368
792.343984
791.881510
791.329111
790.688181
789.960336
789.147416
789.102152
789.913901
790.640696
791.280702
791.832305
792.294112
792.664961
792.943918
793.130280
793.223578
793.223578
793.130280
792.943918
792.664961
792.294112
791.832305
791.280702
790.640696
789.913901
789.102152
789.056954
789.867532
790.593280
791.232364
791.783171
792.244313
792.614627
792.893182
793.079275
793.172439
793.172439
793.079275
792.893182
792.614627
792.244313
791.783171
791.232364
790.593280
789.867532
789.056954
789.011821
789.821231
790.545932
791.184095
791.734109
792.194586
792.564366
792.842519
793.028344
793.121374
793.121374
793.028344
792.842519
792.564366
792.194586
791.734109
791.184095
790.545932
789.821231
789.011821
788.966753
789.774996
790.498653
791.135896
791.685117
792.144931
792.514178
792.791931
792.977488
793.070383
793.070383
792.977488
792.791931
792.514178
792.144931
791.685117
791.135896
790.498653
789.774996
788.966753
788.921749
789.728828
790.451443
791.087767
791.636197
792.095348
792.464063
792.741415
792.926705
793.019466
793.019466
792.926705
792.741415
792.464063
792.095348
791.636197
791.087767
790.451443
789.728828
788.921749
788.876811
789.682727
790.404300
791.039708
791.587347
792.045836
792.414021
792.690973
792.875996
792.968624
792.968624
792.875996
792.690973
792.414021
792.045836
791.587347
791.039708
790.404300
789.682727
788.876811
788.831938
789.636693
790.357226
790.991718
791.538568
791.996397
792.364051
792.640604
792.825360
792.917854
792.917854
792.825360
792.640604
792.364051
791.996397
791.538568
790.991718
790.357226
789.636693
788.831938
788.787130
789.590725
790.310220
790.943798
791.489860
791.947029
792.314153
792.590308
792.774798
792.867159
792.867159
792.774798
792.590308
792.314153
791.947029
791.489860
790.943798
790.310220
789.590725
788.787130
788.742386
789.544823
790.263282
790.895947
791.441222
791.897733
792.264328
792.540084
792.724309
792.816537
792.816537
792.724309
792.540084
792.264328
791.897733
791.441222
790.895947
790.263282
789.544823
788.742386
788.697706
789.498988
790.216411
790.848165
791.392655
791.848508
792.214575
792.489934
792.673893
792.765988
792.765988
792.673893
792.489934
792.214575
791.848508
791.392655
790.848165
790.216411
789.498988
788.697706
788.653091
789.453219
790.169609
790.800452
791.344158
791.799354
792.164894
792.439856
792.623550
792.715513
792.715513
792.623550
792.439856
792.164894
791.799354
791.344158
790.800452
790.169609
789.453219
788.653091
788.608541
789.407515
790.122874
790.752809
791.295731
791.750271
792.115285
792.389851
792.573281
792.665111
792.665111
792.573281
792.389851
792.115285
791.750271
791.295731
790.752809
790.122874
789.407515
788.608541
788.564054
789.361878
790.076206
790.705234
791.247374
791.701260
792.065747
792.339919
792.523084
792.614782
792.614782
792.523084
792.339919
792.065747
791.701260
791.247374
790.705234
790.076206
789.361878
788.564054
788.519632
789.316307
790.029606
790.657728
791.199088
791.652320
792.016282
792.290058
792.472960
792.564526
792.564526
792.472960
792.290058
792.016282
791.652320
791.199088
790.657728
790.029606
789.316307
788.519632
788.475274
789.270802
789.983074
790.610291
791.150871
791.603450
791.966888
792.240270
792.422908
792.514342
792.514342
792.422908
792.240270
791.966888
791.603450
791.150871
790.610291
789.983074
789.270802
788.475274
788.430980
789.225362
789.936608
790.562922
791.102724
791.554651
791.917566
792.190555
792.372929
792.464232
792.464232
792.372929
792.190555
791.917566
791.554651
791.102724
790.562922
789.936608
789.225362
788.430980
788.386750
789.179988
789.890210
790.515622
791.054646
791.505923
791.868315
792.140911
792.323023
792.414194
792.414194
792.323023
792.140911
791.868315
791.505923
791.054646
790.515622
789.890210
789.179988
788.386750
788.342583
789.134679
789.843879
790.468390
791.006638
791.457265
791.819136
792.091339
792.273189
792.364228
792.364228
792.273189
792.091339
791.819136
791.457265
791.006638
790.468390
789.843879
789.134679
788.342583
788.298480
789.089436
789.797614
790.421227
790.958700
791.408678
791.770028
792.041839
792.223427
792.314335
792.314335
792.223427
792.041839
791.770028
791.408678
790.958700
790.421227
789.797614
789.089436
788.298480
788.254441
789.044258
789.751417
790.374132
790.910831
791.360161
791.720991
791.992410
792.173737
792.264515
792.264515
792.173737
791.992410
791.720991
791.360161
790.910831
790.374132
789.751417
789.044258
788.254441
788.210465
788.999145
789.705286
790.327104
790.863031
791.311715
791.672025
791.943054
792.124119
792.214766
792.214766
792.124119
791.943054
791.672025
791.311715
790.863031
790.327104
789.705286
788.999145
788.210465
788.166552
788.954097
789.659222
790.280145
790.815300
791.263338
791.623129
791.893768
792.074573
792.165090
792.165090
792.074573
791.893768
791.623129
791.263338
790.815300
790.280145
789.659222
788.954097
788.166552
788.122703
788.909114
789.613224
790.233254
790.767639
791.215031
791.574305
791.844554
792.025099
792.115485
792.115485
792.025099
791.844554
791.574305
791.215031
790.767639
790.233254
789.613224
788.909114
788.122703
788.078917
788.864197
789.567293
790.186430
790.720046
791.166795
791.525551
791.795412
791.975697
792.065953
792.065953
791.975697
791.795412
791.525551
791.166795
790.720046
790.186430
789.567293
788.864197
788.078917
788.035194
788.819343
789.521428
790.139674
790.672522
791.118628
791.476868
791.746340
791.926366
792.016492
792.016492
791.926366
791.746340
791.476868
791.118628
790.672522
790.139674
789.521428
788.819343
788.035194
787.991534
788.774555
789.475629
790.092986
790.625067
791.070531
791.428255
791.697340
791.877106
791.967103
791.967103
791.877106
791.697340
791.428255
791.070531
790.625067
790.092986
789.475629
788.774555
787.991534
787.947937
788.729831
789.429897
790.046365
790.577680
791.022503
791.379713
791.648410
791.827918
791.917785
791.917785
791.827918
791.648410
791.379713
791.022503
790.577680
790.046365
789.429897
788.729831
787.947937
787.904403
788.685172
789.384230
789.999811
790.530362
790.974545
791.331241
791.599551
791.778801
791.868539
791.868539
791.778801
791.599551
791.331241
790.974545
790.530362
789.999811
789.384230
788.685172
787.904403
787.860931
788.640577
789.338629
789.953325
790.483112
790.926656
791.282839
791.550763
791.729755
791.819364
791.819364
791.729755
791.550763
791.282839
790.926656
790.483112
789.953325
789.338629
788.640577
787.860931
787.817522
788.596047
789.293095
789.906906
790.435931
790.878837
791.234507
791.502046
791.680780
791.770260
791.770260
791.680780
791.502046
791.234507
790.878837
790.435931
789.906906
789.293095
788.596047
787.817522
787.774176
788.551580
789.247625
789.860554
790.388818
790.831087
791.186245
791.453399
791.631876
791.721227
791.721227
791.631876
791.453399
791.186245
790.831087
790.388818
789.860554
789.247625
788.551580
787.774176
787.730892
788.507178
789.202222
789.814268
790.341773
790.783405
791.138053
791.404823
791.583043
791.672265
791.672265
791.583043
791.404823
791.138053
790.783405
790.341773
789.814268
789.202222
788.507178
787.730892
787.687670
788.462840
789.156884
789.768050
790.294796
790.735793
791.089931
791.356317
791.534281
791.623375
791.623375
791.534281
791.356317
791.089931
790.735793
790.294796
789.768050
789.156884
788.462840
787.687670
787.644511
788.418566
789.111611
789.721899
790.247887
790.688250
791.041878
791.307881
791.485589
791.574555
791.574555
791.485589
791.307881
791.041878
790.688250
790.247887
789.721899
789.111611
788.418566
787.644511
787.601414
788.374355
789.066404
789.675814
790.201045
790.640775
790.993894
791.259515
791.436967
791.525805
791.525805
791.436967
791.259515
790.993894
790.640775
790.201045
789.675814
789.066404
788.374355
787.601414
787.558379
788.330208
789.021262
789.629795
790.154271
790.593369
790.945980
791.211219
791.388416
791.477126
791.477126
791.388416
791.211219
790.945980
790.593369
790.154271
789.629795
789.021262
788.330208
787.558379
787.515405
788.286125
788.976185
789.583843
790.107565
790.546031
790.898136
791.162993
791.339935
791.428518
791.428518
791.339935
791.162993
790.898136
790.546031
790.107565
789.583843
788.976185
788.286125
787.515405
787.472494
788.242106
788.931174
789.537958
790.060927
790.498762
790.850360
791.114836
791.291524
791.379980
791.379980
791.291524
791.114836
790.850360
790.498762
790.060927
789.537958
788.931174
788.242106
787.472494
787.429644
788.198149
788.886227
789.492138
790.014355
790.451561
790.802654
791.066750
791.243184
791.331512
791.331512
791.243184
791.066750
790.802654
790.451561
790.014355
789.492138
788.886227
788.198149
787.429644
787.386856
788.154257
788.841345
789.446385
789.967851
790.404429
790.755017
791.018733
791.194913
791.283114
791.283114
791.194913
791.018733
790.755017
790.404429
789.967851
789.446385
788.841345
788.154257
787.386856
787.344130
788.110427
788.796527
789.400698
789.921414
790.357364
790.707448
790.970785
791.146712
791.234786
791.234786
791.146712
790.970785
790.707448
790.357364
789.921414
789.400698
788.796527
788.110427
787.344130
787.301465
788.066661
788.751775
789.355077
789.875045
790.310368
790.659948
790.922907
791.098581
791.186529
791.186529
791.098581
790.922907
790.659948
790.310368
789.875045
789.355077
788.751775
788.066661
787.301465
787.258862
788.022957
788.707086
789.309521
789.828742
790.263439
790.612517
790.875098
791.050519
791.138341
791.138341
791.050519
790.875098
790.612517
790.263439
789.828742
789.309521
788.707086
788.022957
787.258862
787.216320
787.979317
788.662463
789.264032
789.782506
790.216578
790.565155
790.827358
791.002527
791.090222
791.090222
791.002527
790.827358
790.565155
790.216578
789.782506
789.264032
788.662463
787.979317
787.216320
787.173839
787.935739
788.617903
789.218608
789.736337
790.169785
790.517861
790.779687
790.954605
791.042174
791.042174
790.954605
790.779687
790.517861
790.169785
789.736337
789.218608
788.617903
787.935739
787.173839
787.131419
787.892225
788.573408
789.173249
789.690234
790.123060
790.470635
790.732085
790.906751
790.994194
790.994194
790.906751
790.732085
790.470635
790.123060
789.690234
789.173249
788.573408
787.892225
787.131419
787.089060
787.848772
788.528977
789.127956
789.644198
790.076402
790.423478
790.684552
790.858967
790.946285
790.946285
790.858967
790.684552
790.423478
790.076402
789.644198
789.127956
788.528977
787.848772
787.089060
787.046762
787.805383
788.484610
789.082729
789.598229
790.029811
790.376388
790.637087
790.811252
790.898444
790.898444
790.811252
790.637087
790.376388
790.029811
789.598229
789.082729
788.484610
787.805383
787.046762
787.004525
787.762056
788.440307
789.037566
789.552326
789.983288
790.329367
790.589692
790.763606
790.850673
790.850673
790.763606
790.589692
790.329367
789.983288
789.552326
789.037566
788.440307
787.762056
787.004525
786.962349
787.718791
788.396068
788.992469
789.506489
789.936832
790.282414
790.542364
790.716029
790.802970
790.802970
790.716029
790.542364
790.282414
789.936832
789.506489
788.992469
788.396068
787.718791
786.962349
786.920234
787.675589
788.351893
788.947437
789.460718
789.890443
790.235528
790.495105
790.668520
790.755337
790.755337
790.668520
790.495105
790.235528
789.890443
789.460718
788.947437
788.351893
787.675589
786.920234
786.878179
787.632449
788.307781
788.902469
789.415013
789.844121
790.188711
790.447915
790.621080
790.707772
790.707772
790.621080
790.447915
790.188711
789.844121
789.415013
788.902469
788.307781
787.632449
786.878179
786.836184
787.589371
788.263733
788.857567
789.369375
789.797866
790.141960
790.400792
790.573709
790.660277
790.660277
790.573709
790.400792
790.141960
789.797866
789.369375
788.857567
788.263733
787.589371
786.836184
786.794250
787.546355
788.219748
788.812729
789.323802
789.751677
790.095278
790.353738
790.526406
790.612850
790.612850
790.526406
790.353738
790.095278
789.751677
789.323802
788.812729
788.219748
787.546355
786.794250
786.752376
787.503401
788.175827
788.767956
789.278295
789.705556
790.048663
790.306751
790.479172
790.565491
790.565491
790.479172
790.306751
790.048663
789.705556
789.278295
788.767956
788.175827
787.503401
786.752376
786.710563
787.460509
788.131969
788.723248
789.232853
789.659501
790.002115
790.259833
790.432006
790.518201
790.518201
790.432006
790.259833
790.002115
789.659501
789.232853
788.723248
788.131969
787.460509
786.710563
786.668809
787.417678
788.088174
788.678604
789.187478
789.613512
789.955634
790.212982
790.384908
790.470979
790.470979
790.384908
790.212982
789.955634
789.613512
789.187478
788.678604
788.088174
787.417678
786.668809
786.627116
787.374909
788.044442
788.634024
789.142167
789.567590
789.909221
790.166199
790.337878
790.423826
790.423826
790.337878
790.166199
789.909221
789.567590
789.142167
788.634024
788.044442
787.374909
786.627116
786.585482
787.332202
788.000774
788.589509
789.096922
789.521734
789.862874
790.119483
790.290916
790.376740
790.376740
790.290916
790.119483
789.862874
789.521734
789.096922
788.589509
788.000774
787.332202
786.585482
786.543908
787.289556
787.957168
788.545058
789.051742
789.475944
789.816595
790.072835
790.244022
790.329723
790.329723
790.244022
790.072835
789.816595
789.475944
789.051742
788.545058
787.957168
787.289556
786.543908
786.502395
787.246972
787.913625
788.500671
789.006628
789.430221
789.770382
790.026255
790.197195
790.282773
790.282773
790.197195
790.026255
789.770382
789.430221
789.006628
788.500671
787.913625
787.246972
786.502395
786.460940
787.204448
787.870144
788.456347
788.961578
789.384563
789.724236
789.979741
790.150436
790.235892
790.235892
790.150436
789.979741
789.724236
789.384563
788.961578
788.456347
787.870144
787.204448
786.460940
786.419546
787.161986
787.826727
788.412088
788.916594
789.338971
789.678156
789.933295
790.103745
790.189078
790.189078
790.103745
789.933295
789.678156
789.338971
788.916594
788.412088
787.826727
787.161986
786.419546
786.378211
787.119585
787.783372
788.367893
788.871674
789.293445
789.632143
789.886916
790.057121
790.142331
790.142331
790.057121
789.886916
789.632143
789.293445
788.871674
788.367893
787.783372
787.119585
786.378211
786.336935
787.077246
787.740079
788.323761
788.826819
789.247985
789.586197
789.840604
790.010565
790.095652
790.095652
790.010565
789.840604
789.586197
789.247985
788.826819
788.323761
787.740079
787.077246
786.336935
786.295718
787.034967
787.696848
788.279693
788.782029
789.202590
789.540317
789.794358
789.964075
790.049041
790.049041
789.964075
789.794358
789.540317
789.202590
788.782029
788.279693
787.696848
787.034967
786.295718
786.254561
786.992748
787.653680
788.235688
788.737303
789.157261
789.494503
789.748180
789.917653
790.002497
790.002497
789.917653
789.748180
789.494503
789.157261
788.737303
788.235688
787.653680
786.992748
786.254561
786.213463
786.950591
787.610574
788.191747
788.692642
789.111997
789.448755
789.702068
789.871298
789.956020
789.956020
789.871298
789.702068
789.448755
789.111997
788.692642
788.191747
787.610574
786.950591
786.213463
786.172424
786.908494
787.567530
788.147869
788.648045
789.066798
789.403073
789.656022
789.825010
789.909610
789.909610
789.825010
789.656022
789.403073
789.066798
788.648045
788.147869
787.567530
786.908494
786.172424
786.131444
786.866458
787.524548
788.104054
788.603513
789.021665
789.357457
789.610044
789.778789
789.863267
789.863267
789.778789
789.610044
789.357457
789.021665
788.603513
788.104054
787.524548
786.866458
786.131444
786.090523
786.824482
787.481628
788.060302
788.559044
788.976597
789.311907
789.564131
789.732634
789.816991
789.816991
789.732634
789.564131
789.311907
788.976597
788.559044
788.060302
787.481628
786.824482
786.090523
786.049660
786.782566
787.438770
788.016614
788.514640
788.931593
789.266423
789.518285
789.686546
789.770782
789.770782
789.686546
789.518285
789.266423
788.931593
788.514640
788.016614
787.438770
786.782566
786.049660
786.008857
786.740711
787.395973
787.972988
788.470300
788.886655
789.221004
789.472505
789.640524
789.724640
789.724640
789.640524
789.472505
789.221004
788.886655
788.470300
787.972988
787.395973
786.740711
786.008857
785.968111
786.698916
787.353238
787.929425
788.426024
788.841781
789.175650
789.426790
789.594569
789.678564
789.678564
789.594569
789.426790
789.175650
788.841781
788.426024
787.929425
787.353238
786.698916
785.968111
785.927425
786.657181
787.310564
787.885925
788.381811
788.796972
789.130362
789.381142
789.548680
789.632555
789.632555
789.548680
789.381142
789.130362
788.796972
788.381811
787.885925
787.310564
786.657181
785.927425
785.886797
786.615506
787.267952
787.842488
788.337662
788.752228
789.085140
789.335560
789.502858
789.586612
789.586612
789.502858
789.335560
789.085140
788.752228
788.337662
787.842488
787.267952
786.615506
785.886797
785.846227
786.573891
787.225401
787.799113
788.293577
788.707548
789.039983
789.290043
789.457101
789.540735
789.540735
789.457101
789.290043
789.039983
788.707548
788.293577
787.799113
787.225401
786.573891
785.846227
785.805715
786.532336
787.182912
787.755800
788.249555
788.662933
788.994890
789.244592
789.411411
789.494925
789.494925
789.411411
789.244592
788.994890
788.662933
788.249555
787.755800
787.182912
786.532336
785.805715
785.765262
786.490840
787.140483
787.712550
788.205597
788.618381
788.949863
789.199207
789.365786
789.449180
789.449180
789.365786
789.199207
788.949863
788.618381
788.205597
787.712550
787.140483
786.490840
785.765262
785.724866
786.449404
787.098116
787.669362
788.161702
788.573894
788.904901
789.153887
789.320227
789.403502
789.403502
789.320227
789.153887
788.904901
788.573894
788.161702
787.669362
787.098116
786.449404
785.724866
785.684529
786.408028
787.055809
787.626236
788.117870
788.529472
788.860003
789.108633
789.274734
789.357889
789.357889
789.274734
789.108633
788.860003
788.529472
788.117870
787.626236
787.055809
786.408028
785.684529
785.644250
786.366711
787.013563
787.583173
788.074102
788.485113
788.815171
789.063443
789.229307
789.312343
789.312343
789.229307
789.063443
788.815171
788.485113
788.074102
787.583173
787.013563
786.366711
785.644250
785.604028
786.325454
786.971378
787.540171
788.030396
788.440818
788.770402
789.018319
789.183945
789.266862
789.266862
789.183945
789.018319
788.770402
788.440818
788.030396
787.540171
786.971378
786.325454
785.604028
785.563864
786.284256
786.929254
787.497231
787.986753
788.396587
788.725699
788.973260
789.138648
789.221446
789.221446
789.138648
788.973260
788.725699
788.396587
787.986753
787.497231
786.929254
786.284256
785.563864
785.523758
786.243117
786.887190
787.454353
787.943174
788.352420
788.681060
788.928266
789.093417
789.176096
789.176096
789.093417
788.928266
788.681060
788.352420
787.943174
787.454353
786.887190
786.243117
785.523758
785.483709
786.202037
786.845187
787.411537
787.899657
788.308316
788.636485
788.883337
789.048251
789.130812
789.130812
789.048251
788.883337
788.636485
788.308316
787.899657
787.411537
786.845187
786.202037
785.483709
785.443718
786.161016
786.803244
787.368782
787.856202
788.264276
788.591974
788.838473
789.003150
789.085593
789.085593
789.003150
788.838473
788.591974
788.264276
787.856202
787.368782
786.803244
786.161016
785.443718
785.403784
786.120054
786.761362
787.326089
787.812810
788.220299
788.547528
788.793673
788.958114
789.040439
789.040439
788.958114
788.793673
788.547528
788.220299
787.812810
787.326089
786.761362
786.120054
785.403784
785.363908
786.079151
786.719540
787.283457
787.769481
788.176386
788.503145
788.748938
788.913144
788.995350
788.995350
788.913144
788.748938
788.503145
788.176386
787.769481
787.283457
786.719540
786.079151
785.363908
785.324088
786.038306
786.677777
787.240887
787.726214
788.132535
788.458827
788.704267
788.868237
788.950326
788.950326
788.868237
788.704267
788.458827
788.132535
787.726214
787.240887
786.677777
786.038306
785.324088
785.284326
785.997520
786.636075
787.198378
787.683009
788.088748
788.414572
788.659660
788.823396
788.905367
788.905367
788.823396
788.659660
788.414572
788.088748
787.683009
787.198378
786.636075
785.997520
785.284326
785.244621
785.956793
786.594433
787.155930
787.639867
788.045024
788.370381
788.615118
788.778619
788.860473
788.860473
788.778619
788.615118
788.370381
788.045024
787.639867
787.155930
786.594433
785.956793
785.244621
785.204973
785.916125
786.552851
787.113543
787.596786
788.001363
788.326254
788.570640
788.733907
788.815643
788.815643
788.733907
788.570640
788.326254
788.001363
787.596786
787.113543
786.552851
785.916125
785.204973
785.165382
785.875514
786.511328
787.071217
787.553768
787.957765
788.282191
788.526227
788.689259
788.770879
788.770879
788.689259
788.526227
788.282191
787.957765
787.553768
787.071217
786.511328
785.875514
785.165382
785.125847
785.834962
786.469865
787.028952
787.510812
787.914230
788.238190
788.481877
788.644676
788.726178
788.726178
788.644676
788.481877
788.238190
787.914230
787.510812
787.028952
786.469865
785.834962
785.125847
785.086369
785.794469
786.428462
786.986747
787.467917
787.870757
788.194254
788.437591
788.600157
788.681542
788.681542
788.600157
788.437591
788.194254
787.870757
787.467917
786.986747
786.428462
785.794469
785.086369
785.046948
785.754033
786.387118
786.944604
787.425084
787.827347
788.150380
788.393369
788.555702
788.636971
788.636971
788.555702
788.393369
788.150380
787.827347
787.425084
786.944604
786.387118
785.754033
785.046948
785.007583
785.713656
786.345833
786.902521
787.382313
787.784000
788.106570
788.349210
788.511311
788.592463
788.592463
788.511311
788.349210
788.106570
787.784000
787.382313
786.902521
786.345833
785.713656
785.007583
784.968275
785.673336
786.304608
786.860498
787.339603
787.740714
788.062822
788.305116
788.466984
788.548020
788.548020
788.466984
788.305116
788.062822
787.740714
787.339603
786.860498
786.304608
785.673336
784.968275
784.929023
785.633074
786.263442
786.818536
787.296954
787.697491
788.019138
788.261084
788.422721
788.503641
788.503641
788.422721
788.261084
788.019138
787.697491
787.296954
786.818536
786.263442
785.633074
784.929023
784.889828
785.592870
786.222336
786.776634
787.254367
787.654331
787.975517
788.217116
788.378521
788.459325
788.459325
788.378521
788.217116
787.975517
787.654331
787.254367
786.776634
786.222336
785.592870
784.889828
784.850688
785.552724
786.181288
786.734792
787.211842
787.611232
787.931958
788.173212
788.334386
788.415074
788.415074
788.334386
788.173212
787.931958
787.611232
787.211842
786.734792
786.181288
785.552724
784.850688
784.811605
785.512635
786.140299
786.693011
787.169377
787.568196
787.888462
788.129370
788.290313
788.370886
788.370886
788.290313
788.129370
787.888462
787.568196
787.169377
786.693011
786.140299
785.512635
784.811605
784.772578
785.472604
786.099369
786.651290
787.126973
787.525221
787.845029
788.085592
788.246305
788.326762
788.326762
788.246305
788.085592
787.845029
787.525221
787.126973
786.651290
786.099369
785.472604
784.772578
784.733607
785.432631
786.058498
786.609628
787.084631
787.482308
787.801658
788.041877
788.202359
788.282702
788.282702
788.202359
788.041877
787.801658
787.482308
787.084631
786.609628
786.058498
785.432631
784.733607
784.694691
785.392715
786.017686
786.568027
787.042349
787.439457
787.758350
787.998225
788.158477
788.238705
788.238705
788.158477
787.998225
787.758350
787.439457
787.042349
786.568027
786.017686
785.392715
784.694691
784.655832
785.352856
785.976932
786.526485
787.000128
787.396668
787.715104
787.954635
788.114658
788.194771
788.194771
788.114658
787.954635
787.715104
787.396668
787.000128
786.526485
785.976932
785.352856
784.655832
784.617028
785.313054
785.936237
786.485003
786.957968
787.353940
787.671920
787.911109
788.070903
788.150900
788.150900
788.070903
787.911109
787.671920
787.353940
786.957968
786.485003
785.936237
785.313054
784.617028
784.578279
785.273309
785.895600
786.443580
786.915869
787.311273
787.628799
787.867645
788.027210
788.107093
788.107093
788.027210
787.867645
787.628799
787.311273
786.915869
786.443580
785.895600
785.273309
784.578279
784.539587
785.233621
785.855021
786.402218
786.873830
787.268668
787.585739
787.824243
787.983580
788.063349
788.063349
787.983580
787.824243
787.585739
787.268668
786.873830
786.402218
785.855021
785.233621
784.539587
784.500949
785.193990
785.814501
786.360914
786.831851
787.226125
787.542741
787.780904
787.940013
788.019668
788.019668
787.940013
787.780904
787.542741
787.226125
786.831851
786.360914
785.814501
785.193990
784.500949
784.462367
785.154417
785.774039
786.319670
786.789933
787.183642
787.499806
787.737627
787.896509
787.976049
787.976049
787.896509
787.737627
787.499806
787.183642
786.789933
786.319670
785.774039
785.154417
784.462367
784.423841
785.114899
785.733635
786.278485
786.748075
787.141221
787.456932
787.694413
787.853067
787.932494
787.932494
787.853067
787.694413
787.456932
787.141221
786.748075
786.278485
785.733635
785.114899
784.423841
784.385369
785.075439
785.693289
786.237359
786.706277
787.098860
787.414119
787.651261
787.809688
787.889001
787.889001
787.809688
787.651261
787.414119
787.098860
786.706277
786.237359
785.693289
785.075439
784.385369
784.346953
785.036035
785.653001
786.196292
786.664539
787.056561
787.371369
787.608171
787.766371
787.845570
787.845570
787.766371
787.608171
787.371369
787.056561
786.664539
786.196292
785.653001
785.036035
784.346953
784.308591
784.996688
785.612771
786.155285
786.622861
787.014322
787.328679
787.565143
787.723116
787.802203
787.802203
787.723116
787.565143
787.328679
787.014322
786.622861
786.155285
785.612771
784.996688
784.308591
784.270285
784.957397
785.572598
786.114336
786.581244
786.972144
787.286052
787.522177
787.679924
787.758897
787.758897
787.679924
787.522177
787.286052
786.972144
786.581244
786.114336
785.572598
784.957397
784.270285
784.232034
784.918162
785.532483
786.073446
786.539685
786.930026
787.243485
787.479272
787.636794
787.715654
787.715654
787.636794
787.479272
787.243485
786.930026
786.539685
786.073446
785.532483
784.918162
784.232034
784.193837
784.878984
785.492426
786.032615
786.498187
786.887970
787.200980
787.436429
787.593726
787.672473
787.672473
787.593726
787.436429
787.200980
786.887970
786.498187
786.032615
785.492426
784.878984
784.193837
784.155695
784.839861
785.452426
785.991842
786.456748
786.845973
787.158536
787.393648
787.550720
787.629354
787.629354
787.550720
787.393648
787.158536
786.845973
786.456748
785.991842
785.452426
784.839861
784.155695
784.117607
784.800795
785.412483
785.951128
786.415369
786.804037
787.116152
787.350929
787.507776
787.586298
787.586298
787.507776
787.350929
787.116152
786.804037
786.415369
785.951128
785.412483
784.800795
784.117607
784.079575
784.761785
785.372598
785.910472
786.374049
786.762161
787.073830
787.308271
787.464893
787.543303
787.543303
787.464893
787.308271
787.073830
786.762161
786.374049
785.910472
785.372598
784.761785
784.079575
784.041596
784.722831
785.332770
785.869875
786.332789
786.720346
787.031569
787.265674
787.422072
787.500370
787.500370
787.422072
787.265674
787.031569
786.720346
786.332789
785.869875
785.332770
784.722831
784.041596
784.003672
784.683932
785.293000
785.829336
786.291588
786.678590
786.989368
787.223139
787.379313
787.457499
787.457499
787.379313
787.223139
786.989368
786.678590
786.291588
785.829336
785.293000
784.683932
784.003672
783.965802
784.645090
785.253286
785.788855
786.250446
786.636895
786.947228
787.180664
787.336616
787.414689
787.414689
787.336616
787.180664
786.947228
786.636895
786.250446
785.788855
785.253286
784.645090
783.965802
783.927987
784.606303
785.213629
785.748432
786.209363
786.595259
786.905149
787.138251
787.293979
787.371942
787.371942
787.293979
787.138251
786.905149
786.595259
786.209363
785.748432
785.213629
784.606303
783.927987
783.890226
784.567571
785.174029
785.708067
786.168339
786.553684
786.863130
787.095899
787.251404
787.329255
787.329255
787.251404
787.095899
786.863130
786.553684
786.168339
785.708067
785.174029
784.567571
783.890226
783.852518
784.528896
785.134486
785.667761
786.127374
786.512168
786.821171
787.053607
787.208891
787.286630
787.286630
787.208891
787.053607
786.821171
786.512168
786.127374
785.667761
785.134486
784.528896
783.852518
783.814865
784.490275
785.095000
785.627512
786.086468
786.470711
786.779273
787.011377
787.166438
787.244066
787.244066
787.166438
787.011377
786.779273
786.470711
786.086468
785.627512
785.095000
784.490275
783.814865
783.777266
784.451710
785.055570
785.587320
786.045620
786.429314
786.737435
786.969207
787.124046
787.201564
787.201564
787.124046
786.969207
786.737435
786.429314
786.045620
785.587320
785.055570
784.451710
783.777266
783.739720
784.413200
785.016197
785.547187
786.004832
786.387977
786.695657
786.927098
787.081716
787.159122
787.159122
787.081716
786.927098
786.695657
786.387977
786.004832
785.547187
785.016197
784.413200
783.739720
783.702228
784.374745
784.976880
785.507111
785.964101
786.346699
786.653939
786.885049
787.039446
787.116742
787.116742
787.039446
786.885049
786.653939
786.346699
785.964101
785.507111
784.976880
784.374745
783.702228
783.664790
784.336346
784.937619
785.467093
785.923430
786.305480
786.612281
786.843061
786.997237
787.074422
787.074422
786.997237
786.843061
786.612281
786.305480
785.923430
785.467093
784.937619
784.336346
783.664790
783.627405
784.298001
784.898415
785.427132
785.882816
786.264321
786.570683
786.801133
786.955089
787.032163
787.032163
786.955089
786.801133
786.570683
786.264321
785.882816
785.427132
784.898415
784.298001
783.627405
783.590074
784.259711
784.859267
785.387228
785.842261
786.223220
786.529145
786.759265
786.913001
786.989965
786.989965
786.913001
786.759265
786.529145
786.223220
785.842261
785.387228
784.859267
784.259711
783.590074
783.552796
784.221476
784.820175
785.347381
785.801764
786.182179
786.487666
786.717457
786.870973
786.947828
786.947828
786.870973
786.717457
786.487666
786.182179
785.801764
785.347381
784.820175
784.221476
783.552796
783.515572
784.183296
784.781140
785.307592
785.761326
786.141197
786.446247
786.675710
786.829007
786.905751
786.905751
786.829007
786.675710
786.446247
786.141197
785.761326
785.307592
784.781140
784.183296
783.515572
783.478401
784.145171
784.742160
785.267860
785.720945
786.100273
786.404888
786.634022
786.787100
786.863735
786.863735
786.787100
786.634022
786.404888
786.100273
785.720945
785.267860
784.742160
784.145171
783.478401
783.441283
784.107100
784.703236
785.228185
785.680622
786.059408
786.363588
786.592395
786.745254
786.821779
786.821779
786.745254
786.592395
786.363588
786.059408
785.680622
785.228185
784.703236
784.107100
783.441283
783.404218
784.069084
784.664368
785.188566
785.640357
786.018602
786.322347
786.550827
786.703467
786.779884
786.779884
786.703467
786.550827
786.322347
786.018602
785.640357
785.188566
784.664368
784.069084
783.404218
783.367206
784.031122
784.625555
785.149005
785.600150
785.977854
786.281165
786.509319
786.661741
786.738048
786.738048
786.661741
786.509319
786.281165
785.977854
785.600150
785.149005
784.625555
784.031122
783.367206
783.330247
783.993214
784.586798
785.109500
785.560001
785.937165
786.240043
786.467870
786.620075
786.696273
786.696273
786.620075
786.467870
786.240043
785.937165
785.560001
785.109500
784.586798
783.993214
783.330247
783.293341
783.955361
784.548097
785.070052
785.519909
785.896534
786.198979
786.426481
786.578468
786.654558
786.654558
786.578468
786.426481
786.198979
785.896534
785.519909
785.070052
784.548097
783.955361
783.293341
783.256488
783.917562
784.509451
785.030660
785.479875
785.855962
786.157975
786.385152
786.536922
786.612902
786.612902
786.536922
786.385152
786.157975
785.855962
785.479875
785.030660
784.509451
783.917562
783.256488
783.219688
783.879817
784.470860
784.991325
785.439898
785.815448
786.117029
786.343882
786.495435
786.571307
786.571307
786.495435
786.343882
786.117029
785.815448
785.439898
784.991325
784.470860
783.879817
783.219688
783.182940
783.842126
784.432325
784.952046
785.399978
785.774992
786.076142
786.302671
786.454007
786.529771
786.529771
786.454007
786.302671
786.076142
785.774992
785.399978
784.952046
784.432325
783.842126
783.182940
783.146244
783.804489
784.393845
784.912824
785.360116
785.734594
786.035314
786.261519
786.412639
786.488295
786.488295
786.412639
786.261519
786.035314
785.734594
785.360116
784.912824
784.393845
783.804489
783.146244
783.109601
783.766906
784.355420
784.873658
785.320311
785.694254
785.994544
786.220426
786.371331
786.446878
786.446878
786.371331
786.220426
785.994544
785.694254
785.320311
784.873658
784.355420
783.766906
783.109601
783.073011
783.729377
784.317050
784.834547
785.280563
785.653972
785.953833
786.179393
786.330082
786.405521
786.405521
786.330082
786.179393
785.953833
785.653972
785.280563
784.834547
784.317050
783.729377
783.073011
783.036473
783.691901
784.278735
784.795493
785.240872
785.613747
785.913181
786.138418
786.288892
786.364223
786.364223
786.288892
786.138418
785.913181
785.613747
785.240872
784.795493
784.278735
783.691901
783.036473
782.999987
783.654479
784.240475
784.756495
785.201238
785.573581
785.872586
786.097502
786.247761
786.322985
786.322985
786.247761
786.097502
785.872586
785.573581
785.201238
784.756495
784.240475
783.654479
782.999987
782.963553
783.617111
784.202270
784.717553
785.161660
785.533472
785.832050
786.056645
786.206689
786.281806
786.281806
786.206689
786.056645
785.832050
785.533472
785.161660
784.717553
784.202270
783.617111
782.963553
782.927171
783.579796
784.164119
784.678667
785.122140
785.493420
785.791573
786.015846
786.165676
786.240686
786.240686
786.165676
786.015846
785.791573
785.493420
785.122140
784.678667
784.164119
783.579796
782.927171
782.890842
783.542534
784.126024
784.639836
785.082676
785.453426
785.751153
785.975106
786.124722
786.199625
786.199625
786.124722
785.975106
785.751153
785.453426
785.082676
784.639836
784.126024
783.542534
782.890842
782.854564
783.505326
784.087982
784.601061
785.043269
785.413489
785.710791
785.934425
786.083827
786.158622
786.158622
786.083827
785.934425
785.710791
785.413489
785.043269
784.601061
784.087982
783.505326
782.854564
782.818338
783.468171
784.049995
784.562342
785.003918
785.373610
785.670487
785.893801
786.042991
786.117679
786.117679
786.042991
785.893801
785.670487
785.373610
785.003918
784.562342
784.049995
783.468171
782.818338
782.782164
783.431069
784.012063
784.523678
784.964623
785.333788
785.630241
785.853237
786.002213
786.076795
786.076795
786.002213
785.853237
785.630241
785.333788
784.964623
784.523678
784.012063
783.431069
782.782164
782.746041
783.394020
783.974185
784.485069
784.925385
785.294023
785.590053
785.812730
785.961493
786.035969
786.035969
785.961493
785.812730
785.590053
785.294023
784.925385
784.485069
783.974185
783.394020
782.746041
782.709970
783.357025
783.936361
784.446516
784.886203
785.254315
785.549922
785.772281
785.920833
785.995202
785.995202
785.920833
785.772281
785.549922
785.254315
784.886203
784.446516
783.936361
783.357025
782.709970
782.673951
783.320082
783.898591
784.408018
784.847078
785.214663
785.509849
785.731891
785.880230
785.954493
785.954493
785.880230
785.731891
785.509849
785.214663
784.847078
784.408018
783.898591
783.320082
782.673951
782.637983
783.283192
783.860875
784.369575
784.808008
785.175069
785.469833
785.691558
785.839686
785.913843
785.913843
785.839686
785.691558
785.469833
785.175069
784.808008
784.369575
783.860875
783.283192
782.637983
782.602067
783.246354
783.823213
784.331187
784.768994
785.135532
785.429875
785.651284
785.799200
785.873251
785.873251
785.799200
785.651284
785.429875
785.135532
784.768994
784.331187
783.823213
783.246354
782.602067
782.566202
783.209570
783.785605
784.292854
784.730037
785.096051
785.389974
785.611067
785.758772
785.832717
785.832717
785.758772
785.611067
785.389974
785.096051
784.730037
784.292854
783.785605
783.209570
782.566202
782.530388
783.172838
783.748051
784.254576
784.691135
785.056627
785.350131
785.570907
785.718402
785.792241
785.792241
785.718402
785.570907
785.350131
785.056627
784.691135
784.254576
783.748051
783.172838
782.530388
782.494625
783.136158
783.710551
784.216353
784.652289
785.017259
785.310344
785.530806
785.678089
785.751824
785.751824
785.678089
785.530806
785.310344
785.017259
784.652289
784.216353
783.710551
783.136158
782.494625
782.458914
783.099531
783.673104
784.178184
784.613498
784.977947
785.270614
785.490762
785.637835
785.711464
785.711464
785.637835
785.490762
785.270614
784.977947
784.613498
784.178184
783.673104
783.099531
782.458914
782.423253
783.062956
783.635711
784.140071
784.574763
784.938693
785.230942
785.450775
785.597639
785.671163
785.671163
785.597639
785.450775
785.230942
784.938693
784.574763
784.140071
783.635711
783.062956
782.423253
782.387643
783.026434
783.598371
784.102011
784.536084
784.899494
785.191326
785.410846
785.557500
785.630919
785.630919
785.557500
785.410846
785.191326
784.899494
784.536084
784.102011
783.598371
783.026434
782.387643
782.352085
782.989964
783.561085
784.064007
784.497460
784.860351
785.151767
785.370974
785.517418
785.590733
785.590733
785.517418
785.370974
785.151767
784.860351
784.497460
784.064007
783.561085
782.989964
782.352085
782.316577
782.953546
783.523852
784.026056
784.458891
784.821265
785.112265
785.331159
785.477394
785.550605
785.550605
785.477394
785.331159
785.112265
784.821265
784.458891
784.026056
783.523852
782.953546
782.316577
782.281119
782.917180
783.486673
783.988160
784.420377
784.782234
785.072819
785.291401
785.437428
785.510534
785.510534
785.437428
785.291401
785.072819
784.782234
784.420377
783.988160
783.486673
782.917180
782.281119
782.245713
782.880866
783.449546
783.950318
784.381919
784.743260
785.033430
785.251700
785.397519
785.470520
785.470520
785.397519
785.251700
785.033430
784.743260
784.381919
783.950318
783.449546
782.880866
782.245713
782.210356
782.844604
783.412473
783.912531
784.343516
784.704341
784.994098
785.212056
785.357667
785.430564
785.430564
785.357667
785.212056
784.994098
784.704341
784.343516
783.912531
783.412473
782.844604
782.210356
782.175051
782.808393
783.375453
783.874797
784.305167
784.665478
784.954822
785.172469
785.317872
785.390665
785.390665
785.317872
785.172469
784.954822
784.665478
784.305167
783.874797
783.375453
782.808393
782.175051
782.139796
782.772235
783.338485
783.837118
784.266874
784.626671
784.915602
785.132939
785.278134
785.350824
785.350824
785.278134
785.132939
784.915602
784.626671
784.266874
783.837118
783.338485
782.772235
782.139796
782.104591
782.736128
783.301571
783.799492
784.228636
784.587919
784.876438
785.093465
785.238454
785.311039
785.311039
785.238454
785.093465
784.876438
784.587919
784.228636
783.799492
783.301571
782.736128
782.104591
782.069436
782.700073
783.264709
783.761920
784.190452
784.549223
784.837330
785.054048
785.198830
785.271312
785.271312
785.198830
785.054048
784.837330
784.549223
784.190452
783.761920
783.264709
782.700073
782.069436
782.034332
782.664069
783.227900
783.724402
784.152323
784.510582
784.798279
785.014687
785.159263
785.231641
785.231641
785.159263
785.014687
784.798279
784.510582
784.152323
783.724402
783.227900
782.664069
782.034332
781.999277
782.628116
783.191144
783.686938
784.114248
784.471997
784.759283
784.975383
785.119752
785.192028
785.192028
785.119752
784.975383
784.759283
784.471997
784.114248
783.686938
783.191144
782.628116
781.999277
781.964273
782.592215
783.154440
783.649527
784.076228
784.433467
784.720343
784.936135
785.080298
785.152471
785.152471
785.080298
784.936135
784.720343
784.433467
784.076228
783.649527
783.154440
782.592215
781.964273
781.929318
782.556366
783.117789
783.612170
784.038262
784.394992
784.681459
784.896943
785.040901
785.112971
785.112971
785.040901
784.896943
784.681459
784.394992
784.038262
783.612170
783.117789
782.556366
781.929318
781.894414
782.520567
783.081190
783.574866
784.000351
784.356572
784.642631
784.857808
785.001561
785.073527
785.073527
785.001561
784.857808
784.642631
784.356572
784.000351
783.574866
783.081190
782.520567
781.894414
781.455291
782.392942
783.023758
783.532868
783.961415
784.317962
784.603802
784.818716
784.962273
785.034140
785.034140
784.962273
784.818716
784.603802
784.317962
783.961415
783.532868
783.023758
782.392942
781.455291
781.195823
782.223034
782.937856
783.480141
783.919104
784.278404
784.564751
784.779605
784.923022
784.994802
784.994802
784.923022
784.779605
784.564751
784.278404
783.919104
783.480141
782.937856
782.223034
781.195823
780.998844
782.061346
782.835390
783.415604
783.871427
784.236850
784.525056
784.740327
784.883759
784.955495
784.955495
784.883759
784.740327
784.525056
784.236850
783.871427
783.415604
782.835390
782.061346
780.998844
780.832061
781.912377
782.727103
783.341985
783.817834
784.192442
784.484210
784.700652
784.844389
784.916177
784.916177
784.844389
784.700652
784.484210
784.192442
783.817834
783.341985
782.727103
781.912377
780.832061
780.683517
781.774298
782.618041
783.262499
783.758904
784.144790
784.441777
784.660313
784.804778
784.876772
784.876772
784.804778
784.660313
784.441777
784.144790
783.758904
783.262499
782.618041
781.774298
780.683517
780.547518
781.644991
782.510311
783.179567
783.695651
784.093918
784.397478
784.619059
784.764766
784.837174
784.837174
784.764766
784.619059
784.397478
784.093918
783.695651
783.179567
782.510311
781.644991
780.547518
780.420847
781.522796
782.404730
783.094800
783.629099
784.040102
784.351207
784.576696
784.724187
784.797256
784.797256
784.724187
784.576696
784.351207
784.040102
783.629099
783.094800
782.404730
781.522796
780.420847
780.301469
781.406474
782.301554
783.009225
783.560119
783.983727
784.302986
784.533097
784.682893
784.756879
784.756879
784.682893
784.533097
784.302986
783.983727
783.560119
783.009225
782.301554
781.406474
780.301469
780.188001
781.295092
782.200800
782.923489
783.489400
783.925196
784.252920
784.488197
784.640757
784.715906
784.715906
784.640757
784.488197
784.252920
783.925196
783.489400
782.923489
782.200800
781.295092
780.188001
780.079448
781.187935
782.102381
782.837999
783.417472
783.864881
784.201159
784.441982
784.597684
784.674214
784.674214
784.597684
784.441982
784.201159
783.864881
783.417472
782.837999
782.102381
781.187935
780.079448
779.975069
781.084441
782.006169
782.753012
783.344735
783.803111
784.147869
784.394471
784.553605
784.631696
784.631696
784.553605
784.394471
784.147869
783.803111
783.344735
782.753012
782.006169
781.084441
779.975069
779.874293
780.984163
781.912023
782.668683
783.271489
783.740165
784.093216
784.345711
784.508478
784.588270
784.588270
784.508478
784.345711
784.093216
783.740165
783.271489
782.668683
781.912023
780.984163
779.874293
779.776670
780.886736
781.819804
782.585106
783.197961
783.676275
784.037356
784.295756
784.462283
784.543876
784.543876
784.462283
784.295756
784.037356
783.676275
783.197961
782.585106
781.819804
780.886736
779.776670
779.681835
780.791858
781.729379
782.502332
783.124318
783.611631
783.980429
784.244673
784.415017
784.498472
784.498472
784.415017
784.244673
783.980429
783.611631
783.124318
782.502332
781.729379
780.791858
779.681835
779.589491
780.699279
781.640626
782.420384
783.050686
783.546389
783.922562
784.192528
784.366691
784.452037
784.452037
784.366691
784.192528
783.922562
783.546389
783.050686
782.420384
781.640626
780.699279
779.589491
779.499387
780.608784
781.553431
782.339267
782.977156
783.480676
783.863865
784.139388
784.317327
784.404566
784.404566
784.317327
784.139388
783.863865
783.480676
782.977156
782.339267
781.553431
780.608784
779.499387
779.411314
780.520191
781.467691
782.258973
782.903798
783.414594
783.804435
784.085319
784.266955
784.356066
784.356066
784.266955
784.085319
783.804435
783.414594
782.903798
782.258973
781.467691
780.520191
779.411314
779.325093
780.433341
781.383309
782.179485
782.830660
783.348227
783.744355
784.030382
784.215610
784.306556
784.306556
784.215610
784.030382
783.744355
783.348227
782.830660
782.179485
781.383309
780.433341
779.325093
779.240568
780.348096
781.300199
782.100782
782.757777
783.281641
783.683699
783.974637
784.163331
784.256060
784.256060
784.163331
783.974637
783.683699
783.281641
782.757777
782.100782
781.300199
780.348096
779.240568
779.157604
780.264334
781.218282
782.022838
782.685172
783.214891
783.622529
783.918140
784.110161
784.204612
784.204612
784.110161
783.918140
783.622529
783.214891
782.685172
782.022838
781.218282
780.264334
779.157604
779.076082
780.181948
781.137483
781.945625
782.612862
783.148022
783.560901
783.860942
784.056142
784.152247
784.152247
784.056142
783.860942
783.560901
783.148022
782.612862
781.945625
781.137483
780.181948
779.076082
778.995896
780.100840
781.057735
781.869116
782.540854
783.081069
783.498863
783.803094
784.001320
784.099005
784.099005
784.001320
783.803094
783.498863
783.081069
782.540854
781.869116
781.057735
780.100840
778.995896
778.916953
780.020924
780.978975
781.793280
782.469154
783.014060
783.436457
783.744640
783.945737
784.044926
784.044926
783.945737
783.744640
783.436457
783.014060
782.469154
781.793280
780.978975
780.020924
778.916953
778.839168
779.942122
780.901146
781.718090
782.397760
782.947020
783.373722
783.685625
783.889436
783.990054
783.990054
783.889436
783.685625
783.373722
782.947020
782.397760
781.718090
780.901146
779.942122
778.839168
778.762464
779.864362
780.824195
781.643517
782.326672
782.879968
783.310690
783.626088
783.832461
783.934429
783.934429
783.832461
783.626088
783.310690
782.879968
782.326672
781.643517
780.824195
779.864362
778.762464
778.686773
779.787580
780.748071
781.569533
782.255885
782.812920
783.247392
783.566067
783.774851
783.878094
783.878094
783.774851
783.566067
783.247392
782.812920
782.255885
781.569533
780.748071
779.787580
778.686773
778.612032
779.711716
780.672728
781.496111
782.185392
782.745888
783.183855
783.505597
783.716647
783.821090
783.821090
783.716647
783.505597
783.183855
782.745888
782.185392
781.496111
780.672728
779.711716
778.612032
778.538181
779.636715
780.598124
781.423226
782.115188
782.678883
783.120101
783.444711
783.657886
783.763457
783.763457
783.657886
783.444711
783.120101
782.678883
782.115188
781.423226
780.598124
779.636715
778.538181
778.465169
779.562528
780.524218
781.350852
782.045264
782.611914
783.056154
783.383440
783.598604
783.705233
783.705233
783.598604
783.383440
783.056154
782.611914
782.045264
781.350852
780.524218
779.562528
778.465169
778.392947
779.489107
780.450973
781.278966
781.975613
782.544988
782.992032
783.321814
783.538837
783.646456
783.646456
783.538837
783.321814
782.992032
782.544988
781.975613
781.278966
780.450973
779.489107
778.392947
778.321468
779.416409
780.378353
781.207546
781.906226
782.478111
782.927755
783.259859
783.478618
783.587163
783.587163
783.478618
783.259859
782.927755
782.478111
781.906226
781.207546
780.378353
779.416409
778.321468
778.250692
779.344395
780.306326
781.136569
781.837096
782.411288
782.863338
783.197601
783.417978
783.527386
783.527386
783.417978
783.197601
782.863338
782.411288
781.837096
781.136569
780.306326
779.344395
778.250692
778.180578
779.273026
780.234861
781.066016
781.768214
782.344524
782.798798
783.135064
783.356946
783.467160
783.467160
783.356946
783.135064
782.798798
782.344524
781.768214
781.066016
780.234861
779.273026
778.180578
778.111092
779.202269
780.163929
780.995867
781.699573
782.277822
782.734148
783.072271
783.295551
783.406514
783.406514
783.295551
783.072271
782.734148
782.277822
781.699573
780.995867
780.163929
779.202269
778.111092
778.042199
779.132090
780.093504
780.926104
781.631164
782.211185
782.669401
783.009242
783.233819
783.345479
783.345479
783.233819
783.009242
782.669401
782.211185
781.631164
780.926104
780.093504
779.132090
778.042199
777.973868
779.062460
780.023560
780.856709
781.562980
782.144616
782.604569
782.945997
783.171776
783.284082
783.284082
783.171776
782.945997
782.604569
782.144616
781.562980
780.856709
780.023560
779.062460
777.973868
777.906070
778.993350
779.954073
780.787666
781.495013
782.078116
782.539663
782.882555
783.109446
783.222351
783.222351
783.109446
782.882555
782.539663
782.078116
781.495013
780.787666
779.954073
778.993350
777.906070
777.838776
778.924734
779.885022
780.718960
781.427257
782.011689
782.474695
782.818933
783.046851
783.160309
783.160309
783.046851
782.818933
782.474695
782.011689
781.427257
780.718960
779.885022
778.924734
777.838776
777.771962
778.856587
779.816384
780.650576
781.359705
781.945335
782.409673
782.755148
782.984013
783.097981
783.097981
782.984013
782.755148
782.409673
781.945335
781.359705
780.650576
779.816384
778.856587
777.771962
777.705602
778.788885
779.748141
780.582501
781.292351
781.879057
782.344606
782.691216
782.920950
783.035390
783.035390
782.920950
782.691216
782.344606
781.879057
781.292351
780.582501
779.748141
778.788885
777.705602
777.639675
778.721607
779.680274
780.514720
781.225187
781.812855
782.279503
782.627149
782.857682
782.972556
782.972556
782.857682
782.627149
782.279503
781.812855
781.225187
780.514720
779.680274
778.721607
777.639675
777.574160
778.654732
779.612766
780.447223
781.158210
781.746730
782.214373
782.562963
782.794228
782.909498
782.909498
782.794228
782.562963
782.214373
781.746730
781.158210
780.447223
779.612766
778.654732
777.574160
777.509036
778.588242
779.545600
780.379997
781.091412
781.680684
782.149221
782.498670
782.730602
782.846237
782.846237
782.730602
782.498670
782.149221
781.680684
781.091412
780.379997
779.545600
778.588242
777.509036
777.444285
778.522118
779.478761
780.313032
781.024789
781.614718
782.084055
782.434281
782.666822
782.782789
782.782789
782.666822
782.434281
782.084055
781.614718
781.024789
780.313032
779.478761
778.522118
777.444285
777.379890
778.456343
779.412235
780.246317
780.958336
781.548832
782.018882
782.369809
782.602901
782.719171
782.719171
782.602901
782.369809
782.018882
781.548832
780.958336
780.246317
779.412235
778.456343
777.379890
777.315833
778.390901
779.346008
780.179843
780.892048
781.483028
781.953708
782.305263
782.538855
782.655399
782.655399
782.538855
782.305263
781.953708
781.483028
780.892048
780.179843
779.346008
778.390901
777.315833
777.252101
778.325777
779.280067
780.113600
780.825920
781.417305
781.888537
782.240654
782.474695
782.591487
782.591487
782.474695
782.240654
781.888537
781.417305
780.825920
780.113600
779.280067
778.325777
777.252101
777.188677
778.260958
779.214401
780.047581
780.759949
781.351664
781.823376
782.175990
782.410434
782.527450
782.527450
782.410434
782.175990
781.823376
781.351664
780.759949
780.047581
779.214401
778.260958
777.188677
777.125548
778.196430
779.148998
779.981777
780.694131
781.286106
781.758229
782.111282
782.346084
782.463300
782.463300
782.346084
782.111282
781.758229
781.286106
780.694131
779.981777
779.148998
778.196430
777.125548
777.062703
778.132181
779.083847
779.916180
780.628461
781.220632
781.693101
782.046536
782.281655
782.399049
782.399049
782.281655
782.046536
781.693101
781.220632
780.628461
779.916180
779.083847
778.132181
777.062703
777.000128
778.068199
779.018939
779.850783
780.562937
781.155242
781.627997
781.981761
782.217158
782.334710
782.334710
782.217158
781.981761
781.627997
781.155242
780.562937
779.850783
779.018939
778.068199
777.000128
776.937812
778.004472
778.954265
779.785580
780.497554
781.089936
781.562920
781.916964
782.152602
782.270293
782.270293
782.152602
781.916964
781.562920
781.089936
780.497554
779.785580
778.954265
778.004472
776.937812
776.875745
777.940992
778.889814
779.720564
780.432311
781.024714
781.497874
781.852151
782.087997
782.205807
782.205807
782.087997
781.852151
781.497874
781.024714
780.432311
779.720564
778.889814
777.940992
776.875745
776.813917
777.877748
778.825580
779.655730
780.367203
780.959578
781.432863
781.787329
782.023350
782.141263
782.141263
782.023350
781.787329
781.432863
780.959578
780.367203
779.655730
778.825580
777.877748
776.813917
776.752317
777.814730
778.761554
779.591071
780.302227
780.894527
781.367890
781.722505
781.958671
782.076670
782.076670
781.958671
781.722505
781.367890
780.894527
780.302227
779.591071
778.761554
777.814730
776.752317
776.690939
777.751931
778.697729
779.526582
780.237383
780.829561
781.302958
781.657683
781.893965
782.012036
782.012036
781.893965
781.657683
781.302958
780.829561
780.237383
779.526582
778.697729
777.751931
776.690939
776.629772
777.689342
778.634098
779.462259
780.172666
780.764681
781.238071
781.592869
781.829240
781.947369
781.947369
781.829240
781.592869
781.238071
780.764681
780.172666
779.462259
778.634098
777.689342
776.629772
776.568809
777.626956
778.570654
779.398096
780.108074
780.699887
781.173231
781.528068
781.764503
781.882676
781.882676
781.764503
781.528068
781.173231
780.699887
780.108074
779.398096
778.570654
777.626956
776.568809
776.508043
777.564765
778.507392
779.334090
780.043606
780.635179
781.108440
781.463284
781.699761
781.817965
781.817965
781.699761
781.463284
781.108440
780.635179
780.043606
779.334090
778.507392
777.564765
776.508043
776.447468
777.502763
778.444305
779.270236
779.979258
780.570558
781.043701
781.398523
781.635018
781.753242
781.753242
781.635018
781.398523
781.043701
780.570558
779.979258
779.270236
778.444305
777.502763
776.447468
776.387075
777.440944
778.381388
779.206529
779.915030
780.506023
780.979016
781.333787
781.570280
781.688513
781.688513
781.570280
781.333787
780.979016
780.506023
779.915030
779.206529
778.381388
777.440944
776.387075
776.326860
777.379301
778.318637
779.142968
779.850919
780.441575
780.914388
781.269082
781.505552
781.623784
781.623784
781.505552
781.269082
780.914388
780.441575
779.850919
779.142968
778.318637
777.379301
776.326860
776.266816
777.317828
778.256045
779.079547
779.786923
780.377214
780.849818
781.204410
781.440840
781.559060
781.559060
781.440840
781.204410
780.849818
780.377214
779.786923
779.079547
778.256045
777.317828
776.266816
776.206937
777.256521
778.193609
779.016263
779.723042
780.312939
780.785309
781.139775
781.376148
781.494347
781.494347
781.376148
781.139775
780.785309
780.312939
779.723042
779.016263
778.193609
777.256521
776.206937
776.147220
777.195375
778.131325
778.953115
779.659272
780.248752
780.720861
781.075180
781.311479
781.429649
781.429649
781.311479
781.075180
780.720861
780.248752
779.659272
778.953115
778.131325
777.195375
776.147220
776.087659
777.134385
778.069188
778.890098
779.595613
780.184651
780.656477
781.010628
781.246838
781.364971
781.364971
781.246838
781.010628
780.656477
780.184651
779.595613
778.890098
778.069188
777.134385
776.087659
776.028249
777.073546
778.007194
778.827209
779.532063
780.120638
780.592158
780.946122
781.182229
781.300317
781.300317
781.182229
780.946122
780.592158
780.120638
779.532063
778.827209
778.007194
777.073546
776.028249
775.968986
777.012854
777.945341
778.764447
779.468622
780.056712
780.527906
780.881665
781.117655
781.235691
781.235691
781.117655
780.881665
780.527906
780.056712
779.468622
778.764447
777.945341
777.012854
775.968986
775.909867
776.952306
777.883624
778.701809
779.405287
779.992873
780.463721
780.817258
781.053120
781.171097
781.171097
781.053120
780.817258
780.463721
779.992873
779.405287
778.701809
777.883624
776.952306
775.909867
775.850886
776.891897
777.822040
778.639293
779.342057
779.929121
780.399606
780.752905
780.988625
781.106538
781.106538
780.988625
780.752905
780.399606
779.929121
779.342057
778.639293
777.822040
776.891897
775.850886
775.792042
776.831625
777.760587
778.576895
779.278932
779.865457
780.335561
780.688607
780.924176
781.042018
781.042018
780.924176
780.688607
780.335561
779.865457
779.278932
778.576895
777.760587
776.831625
775.792042
775.733330
776.771485
777.699262
778.514615
779.215909
779.801880
780.271588
780.624367
780.859773
780.977539
780.977539
780.859773
780.624367
780.271588
779.801880
779.215909
778.514615
777.699262
776.771485
775.733330
775.674746
776.711476
777.638061
778.452451
779.152990
779.738390
780.207686
780.560186
780.795420
780.913104
780.913104
780.795420
780.560186
780.207686
779.738390
779.152990
778.452451
777.638061
776.711476
775.674746
775.616290
776.651593
777.576983
778.390399
779.090171
779.674988
780.143858
780.496065
780.731119
780.848717
780.848717
780.731119
780.496065
780.143858
779.674988
779.090171
778.390399
777.576983
776.651593
775.616290
775.557956
776.591834
777.516025
778.328460
779.027453
779.611673
780.080105
780.432008
780.666872
780.784379
780.784379
780.666872
780.432008
780.080105
779.611673
779.027453
778.328460
777.516025
776.591834
775.557956
775.499743
776.532197
777.455185
778.266630
778.964834
779.548445
780.016426
780.368015
780.602681
780.720094
780.720094
780.602681
780.368015
780.016426
779.548445
778.964834
778.266630
777.455185
776.532197
775.499743
775.441648
776.472680
777.394461
778.204910
778.902314
779.485304
779.952823
780.304088
780.538549
780.655863
780.655863
780.538549
780.304088
779.952823
779.485304
778.902314
778.204910
777.394461
776.472680
775.441648
775.383669
776.413279
777.333850
778.143296
778.839891
779.422251
779.889297
780.240227
780.474477
780.591688
780.591688
780.474477
780.240227
779.889297
779.422251
778.839891
778.143296
777.333850
776.413279
775.383669
775.325804
776.353992
777.273351
778.081788
778.777566
779.359284
779.825848
780.176435
780.410466
780.527571
780.527571
780.410466
780.176435
779.825848
779.359284
778.777566
778.081788
777.273351
776.353992
775.325804
775.268050
776.294819
777.212963
778.020385
778.715337
779.296405
779.762476
780.112713
780.346519
780.463515
780.463515
780.346519
780.112713
779.762476
779.296405
778.715337
778.020385
777.212963
776.294819
775.268050
775.210406
776.235756
777.152683
777.959084
778.653204
779.233613
779.699183
780.049061
780.282637
780.399520
780.399520
780.282637
780.049061
779.699183
779.233613
778.653204
777.959084
777.152683
776.235756
775.210406
775.152869
776.176801
777.092509
777.897886
778.591166
779.170908
779.635969
779.985481
780.218821
780.335589
780.335589
780.218821
779.985481
779.635969
779.170908
778.591166
777.897886
777.092509
776.176801
775.152869
775.095438
776.117954
777.032441
777.836789
778.529223
779.108290
779.572834
779.921973
780.155073
780.271722
780.271722
780.155073
779.921973
779.572834
779.108290
778.529223
777.836789
777.032441
776.117954
775.095438
775.038111
776.059213
776.972477
777.775791
778.467373
779.045759
779.509779
779.858539
780.091393
780.207922
780.207922
780.091393
779.858539
779.509779
779.045759
778.467373
777.775791
776.972477
776.059213
775.038111
774.980887
776.000575
776.912616
777.714893
778.405617
778.983314
779.446804
779.795180
780.027783
780.144190
780.144190
780.027783
779.795180
779.446804
778.983314
778.405617
777.714893
776.912616
776.000575
774.980887
774.923764
775.942040
776.852856
777.654092
778.343954
778.920957
779.383910
779.731895
779.964245
780.080526
780.080526
779.964245
779.731895
779.383910
778.920957
778.343954
777.654092
776.852856
775.942040
774.923764
774.866740
775.883606
776.793196
777.593388
778.282382
778.858686
779.321097
779.668686
779.900778
780.016932
780.016932
779.900778
779.668686
779.321097
778.858686
778.282382
777.593388
776.793196
775.883606
774.866740
774.809815
775.825272
776.733635
777.532781
778.220903
778.796502
779.258365
779.605554
779.837385
779.953410
779.953410
779.837385
779.605554
779.258365
778.796502
778.220903
777.532781
776.733635
775.825272
774.809815
774.752987
775.767037
776.674172
777.472269
778.159515
778.734404
779.195714
779.542499
779.774065
779.889959
779.889959
779.774065
779.542499
779.195714
778.734404
778.159515
777.472269
776.674172
775.767037
774.752987
774.696254
775.708899
776.614806
777.411851
778.098218
778.672393
779.133146
779.479521
779.710819
779.826582
779.826582
779.710819
779.479521
779.133146
778.672393
778.098218
777.411851
776.614806
775.708899
774.696254
774.639617
775.650857
776.555536
777.351528
778.037012
778.610468
779.070659
779.416622
779.647650
779.763278
779.763278
779.647650
779.416622
779.070659
778.610468
778.037012
777.351528
776.555536
775.650857
774.639617
774.583073
775.592911
776.496361
777.291297
777.975896
778.548629
779.008255
779.353802
779.584556
779.700049
779.700049
779.584556
779.353802
779.008255
778.548629
777.975896
777.291297
776.496361
775.592911
774.583073
774.526622
775.535059
776.437281
777.231160
777.914869
778.486877
778.945933
779.291060
779.521539
779.636895
779.636895
779.521539
779.291060
778.945933
778.486877
777.914869
777.231160
776.437281
775.535059
774.526622
774.470263
775.477301
776.378294
777.171114
777.853932
778.425210
778.883694
779.228399
779.458599
779.573817
779.573817
779.458599
779.228399
778.883694
778.425210
777.853932
777.171114
776.378294
775.477301
774.470263
774.413994
775.419635
776.319399
777.111159
777.793083
778.363630
778.821538
779.165817
779.395737
779.510816
779.510816
779.395737
779.165817
778.821538
778.363630
777.793083
777.111159
776.319399
775.419635
774.413994
774.357816
775.362060
776.260596
777.051295
777.732324
778.302136
778.759465
779.103316
779.332953
779.447892
779.447892
779.332953
779.103316
778.759465
778.302136
777.732324
777.051295
776.260596
775.362060
774.357816
774.301726
775.304577
776.201885
776.991522
777.671653
778.240727
778.697475
779.040895
779.270248
779.385046
779.385046
779.270248
779.040895
778.697475
778.240727
777.671653
776.991522
776.201885
775.304577
774.301726
774.245725
775.247184
776.143264
776.931838
777.611069
778.179404
778.635568
778.978556
779.207623
779.322278
779.322278
779.207623
778.978556
778.635568
778.179404
777.611069
776.931838
776.143264
775.247184
774.245725
774.189812
775.189880
776.084732
776.872244
777.550574
778.118167
778.573744
778.916297
779.145077
779.259589
779.259589
779.145077
778.916297
778.573744
778.118167
777.550574
776.872244
776.084732
775.189880
774.189812
774.133985
775.132665
776.026291
776.812738
777.490165
778.057015
778.512004
778.854120
779.082611
779.196980
779.196980
779.082611
778.854120
778.512004
778.057015
777.490165
776.812738
776.026291
775.132665
774.133985
774.078245
775.075538
775.967938
776.753320
777.429844
777.995949
778.450348
778.792025
779.020226
779.134450
779.134450
779.020226
778.792025
778.450348
777.995949
777.429844
776.753320
775.967938
775.075538
774.078245
774.022591
775.018498
775.909673
776.693991
777.369610
777.934968
778.388775
778.730012
778.957921
779.072000
779.072000
778.957921
778.730012
778.388775
777.934968
777.369610
776.693991
775.909673
775.018498
774.022591
773.967021
774.961545
775.851495
776.634749
777.309462
777.874072
778.327286
778.668081
778.895697
779.009631
779.009631
778.895697
778.668081
778.327286
777.874072
777.309462
776.634749
775.851495
774.961545
773.967021
773.911536
774.904679
775.793405
776.575594
777.249401
777.813261
778.265880
778.606232
778.833555
778.947342
778.947342
778.833555
778.606232
778.265880
777.813261
777.249401
776.575594
775.793405
774.904679
773.911536
773.856135
774.847898
775.735402
776.516525
777.189426
777.752535
778.204558
778.544466
778.771494
778.885134
778.885134
778.771494
778.544466
778.204558
777.752535
777.189426
776.516525
775.735402
774.847898
773.856135
773.800818
774.791203
775.677484
776.457543
777.129536
777.691894
778.143320
778.482783
778.709515
778.823008
778.823008
778.709515
778.482783
778.143320
777.691894
777.129536
776.457543
775.677484
774.791203
773.800818
773.745583
774.734592
775.619653
776.398647
777.069732
777.631338
778.082166
778.421182
778.647618
778.760963
778.760963
778.647618
778.421182
778.082166
777.631338
777.069732
776.398647
775.619653
774.734592
773.745583
773.690431
774.678066
775.561907
776.339837
777.010014
777.570867
778.021095
778.359664
778.585803
778.699000
778.699000
778.585803
778.359664
778.021095
777.570867
777.010014
776.339837
775.561907
774.678066
773.690431
773.635361
774.621624
775.504246
776.281112
776.950381
777.510480
777.960108
778.298229
778.524070
778.637119
778.637119
778.524070
778.298229
777.960108
777.510480
776.950381
776.281112
775.504246
774.621624
773.635361
773.580373
774.565265
775.446669
776.222472
776.890832
777.450177
777.899204
778.236877
778.462420
778.575320
778.575320
778.462420
778.236877
777.899204
777.450177
776.890832
776.222472
775.446669
774.565265
773.580373
773.525465
774.508990
775.389177
776.163917
776.831368
777.389959
777.838385
778.175608
778.400852
778.513603
778.513603
778.400852
778.175608
777.838385
777.389959
776.831368
776.163917
775.389177
774.508990
773.525465
773.470639
774.452797
775.331769
776.105446
776.771989
777.329825
777.777649
778.114422
778.339367
778.451968
778.451968
778.339367
778.114422
777.777649
777.329825
776.771989
776.105446
775.331769
774.452797
773.470639
773.415893
774.396686
775.274444
776.047060
776.712694
777.269775
777.716997
778.053319
778.277964
778.390416
778.390416
778.277964
778.053319
777.716997
777.269775
776.712694
776.047060
775.274444
774.396686
773.415893
773.361227
774.340657
775.217202
775.988757
776.653484
777.209809
777.656428
777.992300
778.216645
778.328947
778.328947
778.216645
777.992300
777.656428
777.209809
776.653484
775.988757
775.217202
774.340657
773.361227
773.306641
774.284710
775.160044
775.930538
776.594357
777.149927
777.595943
777.931363
778.155408
778.267560
778.267560
778.155408
777.931363
777.595943
777.149927
776.594357
775.930538
775.160044
774.284710
773.306641
773.252134
774.228844
775.102967
775.872403
776.535314
777.090129
777.535542
777.870510
778.094255
778.206257
778.206257
778.094255
777.870510
777.535542
777.090129
776.535314
775.872403
775.102967
774.228844
773.252134
773.197706
774.173060
775.045974
775.814350
776.476354
777.030414
777.475223
777.809740
778.033184
778.145036
778.145036
778.033184
777.809740
777.475223
777.030414
776.476354
775.814350
775.045974
774.173060
773.197706
773.143358
774.117356
774.989062
775.756381
776.417478
776.970783
777.414989
777.749054
777.972197
778.083898
778.083898
777.972197
777.749054
777.414989
776.970783
776.417478
775.756381
774.989062
774.117356
773.143358
773.089087
774.061732
774.932232
775.698494
776.358685
776.911235
777.354838
777.688450
777.911292
778.022843
778.022843
777.911292
777.688450
777.354838
776.911235
776.358685
775.698494
774.932232
774.061732
773.089087
773.034895
774.006188
774.875484
775.640690
776.299975
776.851770
777.294770
777.627930
777.850471
777.961871
777.961871
777.850471
777.627930
777.294770
776.851770
776.299975
775.640690
774.875484
774.006188
773.034895
772.980781
773.950725
774.818817
775.582968
776.241348
776.792389
777.234785
777.567493
777.789733
777.900982
777.900982
777.789733
777.567493
777.234785
776.792389
776.241348
775.582968
774.818817
773.950725
772.980781
772.926744
773.895341
774.762231
775.525328
776.182803
776.733090
777.174883
777.507140
777.729078
777.840177
777.840177
777.729078
777.507140
777.174883
776.733090
776.182803
775.525328
774.762231
773.895341
772.926744
772.872785
773.840036
774.705726
775.467770
776.124342
776.673875
777.115065
777.446869
777.668506
777.779454
777.779454
777.668506
777.446869
777.115065
776.673875
776.124342
775.467770
774.705726
773.840036
772.872785
772.818903
773.784810
774.649301
775.410294
776.065962
776.614742
777.055329
777.386682
777.608017
777.718814
777.718814
777.608017
777.386682
777.055329
776.614742
776.065962
775.410294
774.649301
773.784810
772.818903
772.765098
773.729664
774.592957
775.352899
776.007665
776.555692
776.995677
777.326577
777.547611
777.658258
777.658258
777.547611
777.326577
776.995677
776.555692
776.007665
775.352899
774.592957
773.729664
772.765098
772.711370
773.674596
774.536693
775.295585
775.949450
776.496725
776.936107
777.266556
777.487288
777.597785
777.597785
777.487288
777.266556
776.936107
776.496725
775.949450
775.295585
774.536693
773.674596
772.711370
772.657718
773.619606
774.480509
775.238352
775.891316
776.437840
776.876620
777.206617
777.427049
777.537395
777.537395
777.427049
777.206617
776.876620
776.437840
775.891316
775.238352
774.480509
773.619606
772.657718
772.604143
773.564694
774.424405
775.181201
775.833265
776.379037
776.817216
777.146762
777.366892
777.477088
777.477088
777.366892
777.146762
776.817216
776.379037
775.833265
775.181201
774.424405
773.564694
772.604143
772.550643
773.509861
774.368380
775.124130
775.775295
776.320317
776.757895
777.086989
777.306818
777.416863
777.416863
777.306818
777.086989
776.757895
776.320317
775.775295
775.124130
774.368380
773.509861
772.550643
772.497220
773.455105
774.312434
775.067139
775.717406
776.261678
776.698656
777.027299
777.246828
777.356722
777.356722
777.246828
777.027299
776.698656
776.261678
775.717406
775.067139
774.312434
773.455105
772.497220
772.443872
773.400427
774.256568
775.010229
775.659599
776.203122
776.639499
776.967692
777.186920
777.296664
777.296664
777.186920
776.967692
776.639499
776.203122
775.659599
775.010229
774.256568
773.400427
772.443872
772.390599
773.345827
774.200781
774.953400
775.601873
776.144647
776.580425
776.908167
777.127095
777.236689
777.236689
777.127095
776.908167
776.580425
776.144647
775.601873
774.953400
774.200781
773.345827
772.390599
772.337402
773.291303
774.145072
774.896650
775.544228
776.086255
776.521433
776.848725
777.067353
777.176796
777.176796
777.067353
776.848725
776.521433
776.086255
775.544228
774.896650
774.145072
773.291303
772.337402
772.284280
773.236857
774.089442
774.839980
775.486664
776.027943
776.462523
776.789365
777.007693
777.116987
777.116987
777.007693
776.789365
776.462523
776.027943
775.486664
774.839980
774.089442
773.236857
772.284280
772.231234
773.182487
774.033891
774.783390
775.429181
775.969714
776.403695
776.730088
776.948116
777.057260
777.057260
776.948116
776.730088
776.403695
775.969714
775.429181
774.783390
774.033891
773.182487
772.231234
772.178261
773.128194
773.978418
774.726880
775.371778
775.911565
776.344949
776.670893
776.888622
776.997615
776.997615
776.888622
776.670893
776.344949
775.911565
775.371778
774.726880
773.978418
773.128194
772.178261
772.125364
773.073978
773.923023
774.670449
775.314456
775.853498
776.286285
776.611781
776.829210
776.938054
776.938054
776.829210
776.611781
776.286285
775.853498
775.314456
774.670449
773.923023
773.073978
772.125364
772.072541
773.019838
773.867706
774.614097
775.257214
775.795513
776.227702
776.552750
776.769880
776.878574
776.878574
776.769880
776.552750
776.227702
775.795513
775.257214
774.614097
773.867706
773.019838
772.072541
772.019792
772.965774
773.812467
774.557824
775.200052
775.737608
776.169202
776.493802
776.710633
776.819178
776.819178
776.710633
776.493802
776.169202
775.737608
775.200052
774.557824
773.812467
772.965774
772.019792
771.967117
772.911787
773.757305
774.501631
775.142971
775.679784
776.110782
776.434935
776.651468
776.759864
776.759864
776.651468
776.434935
776.110782
775.679784
775.142971
774.501631
773.757305
772.911787
771.967117
771.914516
772.857875
773.702221
774.445516
775.085969
775.622041
776.052445
776.376151
776.592385
776.700632
776.700632
776.592385
776.376151
776.052445
775.622041
775.085969
774.445516
773.702221
772.857875
771.914516
771.861989
772.804039
773.647214
774.389480
775.029047
775.564378
775.994188
776.317448
776.533384
776.641482
776.641482
776.533384
776.317448
775.994188
775.564378
775.029047
774.389480
773.647214
772.804039
771.861989
771.809536
772.750278
773.592285
774.333523
774.972205
775.506796
775.936013
776.258827
776.474466
776.582414
776.582414
776.474466
776.258827
775.936013
775.506796
774.972205
774.333523
773.592285
772.750278
771.809536
771.757156
772.696593
773.537432
774.277644
774.915442
775.449295
775.877919
776.200287
776.415629
776.523429
776.523429
776.415629
776.200287
775.877919
775.449295
774.915442
774.277644
773.537432
772.696593
771.757156
771.704850
772.642983
773.482657
774.221843
774.858759
775.391873
775.819906
776.141829
776.356874
776.464525
776.464525
776.356874
776.141829
775.819906
775.391873
774.858759
774.221843
773.482657
772.642983
771.704850
771.652617
772.589449
773.427958
774.166120
774.802155
775.334533
775.761973
776.083453
776.298201
776.405703
776.405703
776.298201
776.083453
775.761973
775.334533
774.802155
774.166120
773.427958
772.589449
771.652617
771.600457
772.535989
773.373336
774.110476
774.745630
775.277272
775.704122
776.025158
776.239609
776.346963
776.346963
776.239609
776.025158
775.704122
775.277272
774.745630
774.110476
773.373336
772.535989
771.600457
771.548370
772.482604
773.318790
774.054909
774.689185
775.220091
775.646351
775.966943
776.181099
776.288305
776.288305
776.181099
775.966943
775.646351
775.220091
774.689185
774.054909
773.318790
772.482604
771.548370
771.496356
772.429294
773.264321
773.999420
774.632818
775.162990
775.588661
775.908810
776.122670
776.229728
776.229728
776.122670
775.908810
775.588661
775.162990
774.632818
773.999420
773.264321
772.429294
771.496356
771.444414
772.376058
773.209928
773.944009
774.576530
775.105968
775.531051
775.850758
776.064323
776.171233
776.171233
776.064323
775.850758
775.531051
775.105968
774.576530
773.944009
773.209928
772.376058
771.444414
771.392545
772.322897
773.155611
773.888675
774.520320
775.049027
775.473522
775.792787
776.006057
776.112820
776.112820
776.006057
775.792787
775.473522
775.049027
774.520320
773.888675
773.155611
772.322897
771.392545
771.340749
772.269811
773.101370
773.833419
774.464190
774.992164
775.416073
775.734897
775.947872
776.054487
776.054487
775.947872
775.734897
775.416073
774.992164
774.464190
773.833419
773.101370
772.269811
771.340749
771.289025
772.216798
773.047205
773.778239
774.408137
774.935381
775.358704
775.677087
775.889768
775.996236
775.996236
775.889768
775.677087
775.358704
774.935381
774.408137
773.778239
773.047205
772.216798
771.289025
771.237373
772.163860
772.993116
773.723137
774.352163
774.878678
775.301415
775.619358
775.831745
775.938066
775.938066
775.831745
775.619358
775.301415
774.878678
774.352163
773.723137
772.993116
772.163860
771.237373
771.185793
772.110995
772.939102
773.668112
774.296267
774.822053
775.244206
775.561710
775.773803
775.879977
775.879977
775.773803
775.561710
775.244206
774.822053
774.296267
773.668112
772.939102
772.110995
771.185793
771.134285
772.058204
772.885164
773.613164
774.240449
774.765508
775.187076
775.504141
775.715942
775.821969
775.821969
775.715942
775.504141
775.187076
774.765508
774.240449
773.613164
772.885164
772.058204
771.134285
771.082849
772.005487
772.831300
773.558293
774.184709
774.709041
775.130027
775.446653
775.658161
775.764041
775.764041
775.658161
775.446653
775.130027
774.709041
774.184709
773.558293
772.831300
772.005487
771.082849
771.031484
771.952844
772.777513
773.503498
774.129047
774.652654
775.073057
775.389245
775.600460
775.706195
775.706195
775.600460
775.389245
775.073057
774.652654
774.129047
773.503498
772.777513
771.952844
771.031484
770.980191
771.900273
772.723800
773.448779
774.073463
774.596345
775.016166
775.331917
775.542841
775.648429
775.648429
775.542841
775.331917
775.016166
774.596345
774.073463
773.448779
772.723800
771.900273
770.980191
770.928970
771.847777
772.670162
773.394137
774.017956
774.540114
774.959355
775.274670
775.485301
775.590743
775.590743
775.485301
775.274670
774.959355
774.540114
774.017956
773.394137
772.670162
771.847777
770.928970
770.877819
771.795353
772.616599
773.339572
773.962527
774.483962
774.902623
775.217501
775.427842
775.533138
775.533138
775.427842
775.217501
774.902623
774.483962
773.962527
773.339572
772.616599
771.795353
770.877819
770.826740
771.743003
772.563111
773.285082
773.907175
774.427888
774.845970
775.160413
775.370462
775.475613
775.475613
775.370462
775.160413
774.845970
774.427888
773.907175
773.285082
772.563111
771.743003
770.826740
770.775733
771.690725
772.509697
773.230669
773.851900
774.371893
774.789396
775.103404
775.313163
775.418168
775.418168
775.313163
775.103404
774.789396
774.371893
773.851900
773.230669
772.509697
771.690725
770.775733
770.724796
771.638520
772.456358
773.176331
773.796702
774.315976
774.732901
775.046475
775.255943
775.360804
775.360804
775.255943
775.046475
774.732901
774.315976
773.796702
773.176331
772.456358
771.638520
770.724796
770.673930
771.586388
772.403093
773.122069
773.741581
774.260136
774.676485
774.989625
775.198804
775.303519
775.303519
775.198804
774.989625
774.676485
774.260136
773.741581
773.122069
772.403093
771.586388
770.673930
770.623134
771.534329
772.349902
773.067883
773.686538
774.204375
774.620147
774.932854
775.141744
775.246314
775.246314
775.141744
774.932854
774.620147
774.204375
773.686538
773.067883
772.349902
771.534329
770.623134
770.572410
771.482342
772.296786
773.013772
773.631570
774.148691
774.563888
774.876162
775.084763
775.189189
775.189189
775.084763
774.876162
774.563888
774.148691
773.631570
773.013772
772.296786
771.482342
770.572410
770.521756
771.430427
772.243743
772.959737
773.576680
774.093085
774.507707
774.819550
775.027862
775.132143
775.132143
775.027862
774.819550
774.507707
774.093085
773.576680
772.959737
772.243743
771.430427
770.521756
770.471172
771.378585
772.190775
772.905777
773.521866
774.037556
774.451605
774.763016
774.971040
775.075177
775.075177
774.971040
774.763016
774.451605
774.037556
773.521866
772.905777
772.190775
771.378585
770.471172
770.420659
771.326815
772.137880
772.851892
773.467128
773.982105
774.395581
774.706561
774.914298
775.018291
775.018291
774.914298
774.706561
774.395581
773.982105
773.467128
772.851892
772.137880
771.326815
770.420659
770.370215
771.275117
772.085058
772.798082
773.412467
773.926731
774.339635
774.650185
774.857634
774.961484
774.961484
774.857634
774.650185
774.339635
773.926731
773.412467
772.798082
772.085058
771.275117
770.370215
770.319842
771.223491
772.032311
772.744348
773.357882
773.871434
774.283767
774.593887
774.801050
774.904755
774.904755
774.801050
774.593887
774.283767
773.871434
773.357882
772.744348
772.032311
771.223491
770.319842
770.269539
771.171936
771.979637
772.690688
773.303373
773.816215
774.227977
774.537668
774.744544
774.848106
774.848106
774.744544
774.537668
774.227977
773.816215
773.303373
772.690688
771.979637
771.171936
770.269539
770.219306
771.120453
771.927036
772.637103
773.248940
773.761072
774.172265
774.481528
774.688117
774.791536
774.791536
774.688117
774.481528
774.172265
773.761072
773.248940
772.637103
771.927036
771.120453
770.219306
770.169143
771.069042
771.874508
772.583592
773.194583
773.706006
774.116630
774.425465
774.631769
774.735045
774.735045
774.631769
774.425465
774.116630
773.706006
773.194583
772.583592
771.874508
771.069042
770.169143
770.119049
771.017703
771.822053
772.530156
773.140301
773.651017
774.061073
774.369481
774.575499
774.678632
774.678632
774.575499
774.369481
774.061073
773.651017
773.140301
772.530156
771.822053
771.017703
770.119049
770.069024
770.966434
771.769672
772.476795
773.086095
773.596105
774.005593
774.313574
774.519308
774.622298
774.622298
774.519308
774.313574
774.005593
773.596105
773.086095
772.476795
771.769672
770.966434
770.069024
770.019070
770.915237
771.717363
772.423507
773.031965
773.541269
773.950191
774.257746
774.463195
774.566043
774.566043
774.463195
774.257746
773.950191
773.541269
773.031965
772.423507
771.717363
770.915237
770.019070
769.969184
770.864111
771.665127
772.370294
772.977910
773.486509
773.894865
774.201995
774.407160
774.509866
774.509866
774.407160
774.201995
773.894865
773.486509
772.977910
772.370294
771.665127
770.864111
769.969184
769.919368
770.813057
771.612964
772.317155
772.923930
773.431826
773.839617
774.146322
774.351203
774.453767
774.453767
774.351203
774.146322
773.839617
773.431826
772.923930
772.317155
771.612964
770.813057
769.919368
769.869621
770.762073
771.560873
772.264090
772.870026
773.377219
773.784446
774.090727
774.295325
774.397747
774.397747
774.295325
774.090727
773.784446
773.377219
772.870026
772.264090
771.560873
770.762073
769.869621
769.819942
770.711160
771.508855
772.211099
772.816196
773.322687
773.729352
774.035209
774.239524
774.341804
774.341804
774.239524
774.035209
773.729352
773.322687
772.816196
772.211099
771.508855
770.711160
769.819942
769.770333
770.660317
771.456908
772.158181
772.762442
773.268232
773.674334
773.979769
774.183801
774.285940
774.285940
774.183801
773.979769
773.674334
773.268232
772.762442
772.158181
771.456908
770.660317
769.770333
769.720793
770.609545
771.405035
772.105337
772.708762
773.213853
773.619393
773.924405
774.128155
774.230153
774.230153
774.128155
773.924405
773.619393
773.213853
772.708762
772.105337
771.405035
770.609545
769.720793
769.671321
770.558844
771.353233
772.052567
772.655157
773.159549
773.564529
773.869119
774.072587
774.174444
774.174444
774.072587
773.869119
773.564529
773.159549
772.655157
772.052567
771.353233
770.558844
769.671321
769.621918
770.508213
771.301503
771.999870
772.601626
773.105321
773.509741
773.813910
774.017097
774.118813
774.118813
774.017097
773.813910
773.509741
773.105321
772.601626
771.999870
771.301503
770.508213
769.621918
769.572583
770.457653
771.249845
771.947246
772.548170
773.051169
773.455029
773.758778
773.961684
774.063259
774.063259
773.961684
773.758778
773.455029
773.051169
772.548170
771.947246
771.249845
770.457653
769.572583
769.523317
770.407162
771.198259
771.894695
772.494789
772.997092
773.400393
773.703722
773.906348
774.007782
774.007782
773.906348
773.703722
773.400393
772.997092
772.494789
771.894695
771.198259
770.407162
769.523317
769.474119
770.356742
771.146745
771.842218
772.441481
772.943090
773.345834
773.648743
773.851089
773.952383
773.952383
773.851089
773.648743
773.345834
772.943090
772.441481
771.842218
771.146745
770.356742
769.474119
769.424990
770.306392
771.095302
771.789813
772.388248
772.889163
773.291350
773.593841
773.795907
773.897061
773.897061
773.795907
773.593841
773.291350
772.889163
772.388248
771.789813
771.095302
770.306392
769.424990
769.375928
770.256111
771.043931
771.737482
772.335089
772.835311
773.236943
773.539015
773.740802
773.841816
773.841816
773.740802
773.539015
773.236943
772.835311
772.335089
771.737482
771.043931
770.256111
769.375928
769.326934
770.205900
770.992630
771.685223
772.282004
772.781535
773.182611
773.484266
773.685773
773.786648
773.786648
773.685773
773.484266
773.182611
772.781535
772.282004
771.685223
770.992630
770.205900
769.326934
769.278008
770.155759
770.941402
771.633036
772.228993
772.727833
773.128354
773.429592
773.630821
773.731557
773.731557
773.630821
773.429592
773.128354
772.727833
772.228993
771.633036
770.941402
770.155759
769.278008
769.229151
770.105688
770.890244
771.580922
772.176055
772.674206
773.074174
773.374995
773.575946
773.676543
773.676543
773.575946
773.374995
773.074174
772.674206
772.176055
771.580922
770.890244
770.105688
769.229151
769.180360
770.055686
770.839157
771.528881
772.123191
772.620653
773.020068
773.320474
773.521147
773.621605
773.621605
773.521147
773.320474
773.020068
772.620653
772.123191
771.528881
770.839157
770.055686
769.180360
769.131638
770.005753
770.788142
771.476912
772.070400
772.567175
772.966038
773.266029
773.466425
773.566743
773.566743
773.466425
773.266029
772.966038
772.567175
772.070400
771.476912
770.788142
770.005753
769.131638
769.082982
769.955890
770.737197
771.425015
772.017683
772.513771
772.912083
773.211659
773.411778
773.511958
773.511958
773.411778
773.211659
772.912083
772.513771
772.017683
771.425015
770.737197
769.955890
769.082982
769.034394
769.906095
770.686323
771.373190
771.965040
772.460442
772.858204
773.157366
773.357208
773.457250
773.457250
773.357208
773.157366
772.858204
772.460442
771.965040
771.373190
770.686323
769.906095
769.034394
768.985874
769.856370
770.635519
771.321438
771.912469
772.407187
772.804399
773.103147
773.302714
773.402617
773.402617
773.302714
773.103147
772.804399
772.407187
771.912469
771.321438
770.635519
769.856370
768.985874
768.937421
769.806714
770.584786
771.269757
771.859971
772.354006
772.750669
773.049005
773.248295
773.348061
773.348061
773.248295
773.049005
772.750669
772.354006
771.859971
771.269757
770.584786
769.806714
768.937421
768.889034
769.757126
770.534123
771.218148
771.807547
772.300898
772.697013
772.994937
773.193953
773.293580
773.293580
773.193953
772.994937
772.697013
772.300898
771.807547
771.218148
770.534123
769.757126
768.889034
768.840715
769.707607
770.483531
771.166610
771.755195
772.247865
772.643433
772.940945
773.139685
773.239175
773.239175
773.139685
772.940945
772.643433
772.247865
771.755195
771.166610
770.483531
769.707607
768.840715
768.792463
769.658157
770.433009
771.115144
771.702916
772.194906
772.589927
772.887028
773.085494
773.184846
773.184846
773.085494
772.887028
772.589927
772.194906
771.702916
771.115144
770.433009
769.658157
768.792463
768.744277
769.608776
770.382557
771.063750
771.650710
772.142020
772.536495
772.833186
773.031378
773.130593
773.130593
773.031378
772.833186
772.536495
772.142020
771.650710
771.063750
770.382557
769.608776
768.744277
768.696158
769.559463
770.332175
771.012427
771.598576
772.089207
772.483138
772.779419
772.977337
773.076415
773.076415
772.977337
772.779419
772.483138
772.089207
771.598576
771.012427
770.332175
769.559463
768.696158
768.648106
769.510218
770.281863
770.961175
771.546514
772.036468
772.429855
772.725727
772.923371
773.022312
773.022312
772.923371
772.725727
772.429855
772.036468
771.546514
770.961175
770.281863
769.510218
768.648106
768.600120
769.461041
770.231620
770.909994
771.494525
771.983802
772.376646
772.672109
772.869480
772.968285
772.968285
772.869480
772.672109
772.376646
771.983802
771.494525
770.909994
770.231620
769.461041
768.600120
768.552201
769.411933
770.181448
770.858885
771.442608
771.931210
772.323510
772.618566
772.815665
772.914333
772.914333
772.815665
772.618566
772.323510
771.931210
771.442608
770.858885
770.181448
769.411933
768.552201
768.504347
769.362892
770.131344
770.807846
771.390764
771.878690
772.270449
772.565097
772.761924
772.860456
772.860456
772.761924
772.565097
772.270449
771.878690
771.390764
770.807846
770.131344
769.362892
768.504347
768.456561
769.313920
770.081311
770.756878
771.338991
771.826244
772.217462
772.511703
772.708258
772.806654
772.806654
772.708258
772.511703
772.217462
771.826244
771.338991
770.756878
770.081311
769.313920
768.456561
768.408840
769.265015
770.031347
770.705981
771.287290
771.773870
772.164548
772.458383
772.654666
772.752926
772.752926
772.654666
772.458383
772.164548
771.773870
771.287290
770.705981
770.031347
769.265015
768.408840
768.361185
769.216178
769.981452
770.655155
771.235661
771.721569
772.111708
772.405137
772.601149
772.699274
772.699274
772.601149
772.405137
772.111708
771.721569
771.235661
770.655155
769.981452
769.216178
768.361185
768.313596
769.167409
769.931626
770.604399
771.184104
771.669341
772.058941
772.351965
772.547707
772.645696
772.645696
772.547707
772.351965
772.058941
771.669341
771.184104
770.604399
769.931626
769.167409
768.313596
768.266073
769.118707
769.881869
770.553713
771.132618
771.617185
772.006247
772.298867
772.494339
772.592193
772.592193
772.494339
772.298867
772.006247
771.617185
771.132618
770.553713
769.881869
769.118707
768.266073
768.218616
769.070073
769.832181
770.503098
771.081203
771.565102
771.953627
772.245843
772.441045
772.538764
772.538764
772.441045
772.245843
771.953627
771.565102
771.081203
770.503098
769.832181
769.070073
768.218616
768.171224
769.021506
769.782562
770.452553
771.029860
771.513091
771.901080
772.192892
772.387825
772.485409
772.485409
772.387825
772.192892
771.901080
771.513091
771.029860
770.452553
769.782562
769.021506
768.171224
768.123898
768.973006
769.733012
770.402078
770.978589
771.461152
771.848606
772.140015
772.334679
772.432128
772.432128
772.334679
772.140015
771.848606
771.461152
770.978589
770.402078
769.733012
768.973006
768.123898
768.076637
768.924573
769.683530
770.351673
770.927388
771.409286
771.796205
772.087212
772.281607
772.378922
772.378922
772.281607
772.087212
771.796205
771.409286
770.927388
770.351673
769.683530
768.924573
768.076637
768.029442
768.876208
769.634117
770.301338
770.876259
771.357491
771.743876
772.034482
772.228609
772.325789
772.325789
772.228609
772.034482
771.743876
771.357491
770.876259
770.301338
769.634117
768.876208
768.029442
767.982311
768.827909
769.584773
770.251073
770.825200
771.305769
771.691621
771.981825
772.175684
772.272730
772.272730
772.175684
771.981825
771.691621
771.305769
770.825200
770.251073
769.584773
768.827909
767.982311
767.935246
768.779677
769.535497
770.200877
770.774212
771.254118
771.639437
771.929242
772.122833
772.219745
772.219745
772.122833
771.929242
771.639437
771.254118
770.774212
770.200877
769.535497
768.779677
767.935246
767.888246
768.731512
769.486289
770.150751
770.723295
771.202539
771.587327
771.876731
772.070055
772.166834
772.166834
772.070055
771.876731
771.587327
771.202539
770.723295
770.150751
769.486289
768.731512
767.888246
767.841311
768.683414
769.437149
770.100695
770.672449
771.151031
771.535288
771.824294
772.017351
772.113996
772.113996
772.017351
771.824294
771.535288
771.151031
770.672449
770.100695
769.437149
768.683414
767.841311
767.794441
768.635382
769.388077
770.050708
770.621673
771.099595
771.483322
771.771929
771.964720
772.061232
772.061232
771.964720
771.771929
771.483322
771.099595
770.621673
770.050708
769.388077
768.635382
767.794441
767.747636
768.587417
769.339074
770.000790
770.570968
771.048231
771.431428
771.719637
771.912162
772.008541
772.008541
771.912162
771.719637
771.431428
771.048231
770.570968
770.000790
769.339074
768.587417
767.747636
767.700895
768.539517
769.290138
769.950942
770.520333
770.996938
771.379606
771.667417
771.859677
771.955923
771.955923
771.859677
771.667417
771.379606
770.996938
770.520333
769.950942
769.290138
768.539517
767.700895
767.654219
768.491685
769.241270
769.901162
770.469768
770.945715
771.327857
771.615271
771.807265
771.903378
771.903378
771.807265
771.615271
771.327857
770.945715
770.469768
769.901162
769.241270
768.491685
767.654219
767.607607
768.443918
769.192469
769.851452
770.419273
770.894564
771.276178
771.563196
771.754926
771.850907
771.850907
771.754926
771.563196
771.276178
770.894564
770.419273
769.851452
769.192469
768.443918
767.607607
767.561060
768.396217
769.143737
769.801810
770.368849
770.843484
771.224572
771.511194
771.702660
771.798508
771.798508
771.702660
771.511194
771.224572
770.843484
770.368849
769.801810
769.143737
768.396217
767.561060
767.514577
768.348583
769.095071
769.752237
770.318494
770.792475
771.173037
771.459264
771.650466
771.746182
771.746182
771.650466
771.459264
771.173037
770.792475
770.318494
769.752237
769.095071
768.348583
767.514577
767.468158
768.301014
769.046473
769.702733
770.268209
770.741537
771.121574
771.407406
771.598344
771.693928
771.693928
771.598344
771.407406
771.121574
770.741537
770.268209
769.702733
769.046473
768.301014
767.468158
767.421804
768.253511
768.997942
769.653297
770.217994
770.690669
771.070182
771.355620
771.546295
771.641747
771.641747
771.546295
771.355620
771.070182
770.690669
770.217994
769.653297
768.997942
768.253511
767.421804
767.375513
768.206074
768.949479
769.603930
770.167848
770.639871
771.018862
771.303906
771.494318
771.589639
771.589639
771.494318
771.303906
771.018862
770.639871
770.167848
769.603930
768.949479
768.206074
767.375513
767.329286
768.158702
768.901082
769.554632
770.117772
770.589145
770.967613
771.252264
771.442413
771.537603
771.537603
771.442413
771.252264
770.967613
770.589145
770.117772
769.554632
768.901082
768.158702
767.329286
767.283123
768.111396
768.852753
769.505401
770.067765
770.538488
770.916435
771.200694
771.390581
771.485639
771.485639
771.390581
771.200694
770.916435
770.538488
770.067765
769.505401
768.852753
768.111396
767.283123
767.237024
768.064155
768.804490
769.456239
770.017828
770.487902
770.865327
771.149195
771.338820
771.433747
771.433747
771.338820
771.149195
770.865327
770.487902
770.017828
769.456239
768.804490
768.064155
767.237024
767.190989
768.016980
768.756294
769.407145
769.967960
770.437386
770.814291
771.097767
771.287131
771.381927
771.381927
771.287131
771.097767
770.814291
770.437386
769.967960
769.407145
768.756294
768.016980
767.190989
767.145017
767.969869
768.708165
769.358119
769.918161
770.386940
770.763326
771.046411
771.235514
771.330180
771.330180
771.235514
771.046411
770.763326
770.386940
769.918161
769.358119
768.708165
767.969869
767.145017
767.099108
767.922824
768.660102
769.309160
769.868431
770.336564
770.712431
770.995126
771.183969
771.278504
771.278504
771.183969
770.995126
770.712431
770.336564
769.868431
769.309160
768.660102
767.922824
767.099108
767.053263
767.875844
768.612106
769.260270
769.818769
770.286258
770.661607
770.943912
771.132495
771.226900
771.226900
771.132495
770.943912
770.661607
770.286258
769.818769
769.260270
768.612106
767.875844
767.053263
767.007481
767.828929
768.564176
769.211447
769.769177
770.236021
770.610853
770.892770
771.081092
771.175367
771.175367
771.081092
770.892770
770.610853
770.236021
769.769177
769.211447
768.564176
767.828929
767.007481
766.961763
767.782078
768.516313
769.162692
769.719653
770.185854
770.560170
770.841698
771.029761
771.123906
771.123906
771.029761
770.841698
770.560170
770.185854
769.719653
769.162692
768.516313
767.782078
766.961763
766.916107
767.735293
768.468516
769.114004
769.670198
770.135757
770.509557
770.790697
770.978501
771.072516
771.072516
770.978501
770.790697
770.509557
770.135757
769.670198
769.114004
768.468516
767.735293
766.916107
766.870514
767.688571
768.420784
769.065383
769.620812
770.085729
770.459014
770.739767
770.927312
771.021198
771.021198
770.927312
770.739767
770.459014
770.085729
769.620812
769.065383
768.420784
767.688571
766.870514
766.824985
767.641915
768.373119
769.016830
769.571493
770.035770
770.408541
770.688907
770.876194
770.969951
770.969951
770.876194
770.688907
770.408541
770.035770
769.571493
769.016830
768.373119
767.641915
766.824985
766.779518
767.595323
768.325520
768.968344
769.522244
769.985881
770.358138
770.638118
770.825147
770.918775
770.918775
770.825147
770.638118
770.358138
769.985881
769.522244
768.968344
768.325520
767.595323
766.779518
766.734114
767.548795
768.277987
768.919926
769.473062
769.936061
770.307805
770.587400
770.774171
770.867669
770.867669
770.774171
770.587400
770.307805
769.936061
769.473062
768.919926
768.277987
767.548795
766.734114
766.688772
767.502332
768.230519
768.871574
769.423948
769.886309
770.257542
770.536752
770.723266
770.816635
770.816635
770.723266
770.536752
770.257542
769.886309
769.423948
768.871574
768.230519
767.502332
766.688772
766.643493
767.455932
768.183117
768.823289
769.374903
769.836627
770.207348
770.486174
770.672431
770.765672
770.765672
770.672431
770.486174
770.207348
769.836627
769.374903
768.823289
768.183117
767.455932
766.643493
766.598277
767.409597
768.135780
768.775071
769.325925
769.787013
770.157224
770.435666
770.621666
770.714779
770.714779
770.621666
770.435666
770.157224
769.787013
769.325925
768.775071
768.135780
767.409597
766.598277
766.553123
767.363326
768.088509
768.726919
769.277015
769.737469
770.107170
770.385228
770.570972
770.663957
770.663957
770.570972
770.385228
770.107170
769.737469
769.277015
768.726919
768.088509
767.363326
766.553123
766.508031
767.317118
768.041303
768.678835
769.228173
769.687992
770.057185
770.334860
770.520349
770.613205
770.613205
770.520349
770.334860
770.057185
769.687992
769.228173
768.678835
768.041303
767.317118
766.508031
766.463001
767.270975
767.994163
768.630816
769.179398
769.638585
770.007269
770.284561
770.469795
770.562523
770.562523
770.469795
770.284561
770.007269
769.638585
769.179398
768.630816
767.994163
767.270975
766.463001
766.418034
767.224895
767.947087
768.582864
769.130691
769.589246
769.957422
770.234333
770.419312
770.511912
770.511912
770.419312
770.234333
769.957422
769.589246
769.130691
768.582864
767.947087
767.224895
766.418034
766.373128
767.178879
767.900077
768.534979
769.082051
769.539975
769.907644
770.184174
770.368898
770.461371
770.461371
770.368898
770.184174
769.907644
769.539975
769.082051
768.534979
767.900077
767.178879
766.373128
766.328284
767.132926
767.853131
768.487159
769.033479
769.490772
769.857935
770.134085
770.318554
770.410900
770.410900
770.318554
770.134085
769.857935
769.490772
769.033479
768.487159
767.853131
767.132926
766.328284
766.283503
767.087037
767.806251
768.439406
768.984974
769.441637
769.808296
770.084065
770.268280
770.360499
770.360499
770.268280
770.084065
769.808296
769.441637
768.984974
768.439406
767.806251
767.087037
766.283503
766.238782
767.041211
767.759435
768.391719
768.936536
769.392571
769.758724
770.034114
770.218076
770.310168
770.310168
770.218076
770.034114
769.758724
769.392571
768.936536
768.391719
767.759435
767.041211
766.238782
766.194124
766.995448
767.712684
768.344098
768.888165
769.343572
769.709222
769.984232
770.167942
770.259907
770.259907
770.167942
769.984232
769.709222
769.343572
768.888165
768.344098
767.712684
766.995448
766.194124
766.149527
766.949748
767.665997
768.296542
768.839861
769.294641
769.659788
769.934420
770.117876
770.209715
770.209715
770.117876
769.934420
769.659788
769.294641
768.839861
768.296542
767.665997
766.949748
766.149527
766.104992
766.904112
767.619375
768.249053
768.791623
769.245778
769.610422
769.884677
770.067881
770.159593
770.159593
770.067881
769.884677
769.610422
769.245778
768.791623
768.249053
767.619375
766.904112
766.104992
766.060518
766.858538
767.572817
768.201628
768.743453
769.196983
769.561125
769.835002
770.017954
770.109540
770.109540
770.017954
769.835002
769.561125
769.196983
768.743453
768.201628
767.572817
766.858538
766.060518
766.016105
766.813028
767.526324
768.154270
768.695349
769.148255
769.511896
769.785396
769.968097
770.059557
770.059557
769.968097
769.785396
769.511896
769.148255
768.695349
768.154270
767.526324
766.813028
766.016105
765.971753
766.767580
767.479895
768.106977
768.647311
769.099594
769.462735
769.735859
769.918308
770.009643
770.009643
769.918308
769.735859
769.462735
769.099594
768.647311
768.106977
767.479895
766.767580
765.971753
765.927463
766.722194
767.433530
768.059749
768.599340
769.051001
769.413643
769.686391
769.868589
769.959798
769.959798
769.868589
769.686391
769.413643
769.051001
768.599340
768.059749
767.433530
766.722194
765.927463
765.883233
766.676872
767.387229
768.012587
768.551436
769.002475
769.364618
769.636991
769.818938
769.910022
769.910022
769.818938
769.636991
769.364618
769.002475
768.551436
768.012587
767.387229
766.676872
765.883233
765.839065
766.631612
767.340991
767.965489
768.503597
768.954016
769.315661
769.587659
769.769356
769.860314
769.860314
769.769356
769.587659
769.315661
768.954016
768.503597
767.965489
767.340991
766.631612
765.839065
765.794957
766.586414
767.294818
767.918457
768.455825
768.905625
769.266772
769.538396
769.719843
769.810676
769.810676
769.719843
769.538396
769.266772
768.905625
768.455825
767.918457
767.294818
766.586414
765.794957
765.750910
766.541279
767.248708
767.871490
768.408119
768.857300
769.217950
769.489201
769.670399
769.761107
769.761107
769.670399
769.489201
769.217950
768.857300
768.408119
767.871490
767.248708
766.541279
765.750910
765.706924
766.496205
767.202663
767.824587
768.360478
768.809042
769.169196
769.440074
769.621023
769.711606
769.711606
769.621023
769.440074
769.169196
768.809042
768.360478
767.824587
767.202663
766.496205
765.706924
765.662998
766.451194
767.156680
767.777750
768.312904
768.760851
769.120510
769.391015
769.571715
769.662173
769.662173
769.571715
769.391015
769.120510
768.760851
768.312904
767.777750
767.156680
766.451194
765.662998
765.619133
766.406246
767.110761
767.730977
768.265395
768.712726
769.071891
769.342024
769.522475
769.612810
769.612810
769.522475
769.342024
769.071891
768.712726
768.265395
767.730977
767.110761
766.406246
765.619133
765.575328
766.361359
767.064906
767.684269
768.217952
768.664668
769.023339
769.293101
769.473304
769.563514
769.563514
769.473304
769.293101
769.023339
768.664668
768.217952
767.684269
767.064906
766.361359
765.575328
765.531584
766.316533
767.019113
767.637625
768.170575
768.616676
768.974854
769.244245
769.424201
769.514287
769.514287
769.424201
769.244245
768.974854
768.616676
768.170575
767.637625
767.019113
766.316533
765.531584
765.487900
766.271770
766.973384
767.591045
768.123262
768.568751
768.926437
769.195457
769.375165
769.465127
769.465127
769.375165
769.195457
768.926437
768.568751
768.123262
767.591045
766.973384
766.271770
765.487900
765.444275
766.227069
766.927718
767.544530
768.076016
768.520892
768.878086
769.146737
769.326198
769.416036
769.416036
769.326198
769.146737
768.878086
768.520892
768.076016
767.544530
766.927718
766.227069
765.444275
765.400711
766.182429
766.882115
767.498080
768.028834
768.473099
768.829802
769.098084
769.277298
769.367013
769.367013
769.277298
769.098084
768.829802
768.473099
768.028834
767.498080
766.882115
766.182429
765.400711
765.357207
766.137850
766.836575
767.451693
767.981718
768.425372
768.781585
769.049498
769.228466
769.318058
769.318058
769.228466
769.049498
768.781585
768.425372
767.981718
767.451693
766.836575
766.137850
765.357207
765.313763
766.093333
766.791098
767.405370
767.934667
768.377711
768.733435
769.000979
769.179701
769.269170
769.269170
769.179701
769.000979
768.733435
768.377711
767.934667
767.405370
766.791098
766.093333
765.313763
765.270379
766.048878
766.745683
767.359111
767.887681
768.330116
768.685351
768.952528
769.131004
769.220350
769.220350
769.131004
768.952528
768.685351
768.330116
767.887681
767.359111
766.745683
766.048878
765.270379
765.227054
766.004483
766.700331
767.312917
767.840760
768.282587
768.637333
768.904143
769.082375
769.171597
769.171597
769.082375
768.904143
768.637333
768.282587
767.840760
767.312917
766.700331
766.004483
765.227054
765.183789
765.960150
766.655042
767.266785
767.793903
768.235124
768.589383
768.855826
769.033812
769.122912
769.122912
769.033812
768.855826
768.589383
768.235124
767.793903
767.266785
766.655042
765.960150
765.183789
765.140584
765.915878
766.609815
767.220718
767.747112
768.187726
768.541498
768.807575
768.985317
769.074295
769.074295
768.985317
768.807575
768.541498
768.187726
767.747112
767.220718
766.609815
765.915878
765.140584
765.097438
765.871666
766.564650
767.174714
767.700385
768.140393
768.493679
768.759391
768.936889
769.025744
769.025744
768.936889
768.759391
768.493679
768.140393
767.700385
767.174714
766.564650
765.871666
765.097438
765.054351
765.827516
766.519548
767.128774
767.653722
768.093126
768.445927
768.711274
768.888527
768.977261
768.977261
768.888527
768.711274
768.445927
768.093126
767.653722
767.128774
766.519548
765.827516
765.054351
765.011324
765.783427
766.474508
767.082897
767.607124
768.045925
768.398241
768.663223
768.840233
768.928845
768.928845
768.840233
768.663223
768.398241
768.045925
767.607124
767.082897
766.474508
765.783427
765.011324
764.968355
765.739398
766.429530
767.037083
767.560590
767.998788
768.350620
768.615238
768.792005
768.880495
768.880495
768.792005
768.615238
768.350620
767.998788
767.560590
767.037083
766.429530
765.739398
764.968355
764.925446
765.695430
766.384614
766.991333
767.514121
767.951717
768.303066
768.567320
768.743845
768.832213
768.832213
768.743845
768.567320
768.303066
767.951717
767.514121
766.991333
766.384614
765.695430
764.925446
764.882596
765.651522
766.339760
766.945645
767.467715
767.904710
768.255577
768.519468
768.695750
768.783997
768.783997
768.695750
768.519468
768.255577
767.904710
767.467715
766.945645
766.339760
765.651522
764.882596
764.839805
765.607675
766.294967
766.900021
767.421374
767.857769
768.208153
768.471683
768.647722
768.735848
768.735848
768.647722
768.471683
768.208153
767.857769
767.421374
766.900021
766.294967
765.607675
764.839805
764.797073
765.563888
766.250237
766.854459
767.375096
767.810892
768.160795
768.423963
768.599761
768.687766
768.687766
768.599761
768.423963
768.160795
767.810892
767.375096
766.854459
766.250237
765.563888
764.797073
764.754400
765.520162
766.205568
766.808961
767.328883
767.764080
768.113503
768.376309
768.551866
768.639750
768.639750
768.551866
768.376309
768.113503
767.764080
767.328883
766.808961
766.205568
765.520162
764.754400
764.711785
765.476496
766.160961
766.763525
767.282733
767.717333
768.066276
768.328721
768.504037
768.591800
768.591800
768.504037
768.328721
768.066276
767.717333
767.282733
766.763525
766.160961
765.476496
764.711785
764.669229
765.432890
766.116415
766.718152
767.236647
767.670650
768.019114
768.281199
768.456274
768.543917
768.543917
768.456274
768.281199
768.019114
767.670650
767.236647
766.718152
766.116415
765.432890
764.669229
764.626731
765.389344
766.071930
766.672841
767.190625
767.624032
767.972017
768.233743
768.408577
768.496100
768.496100
768.408577
768.233743
767.972017
767.624032
767.190625
766.672841
766.071930
765.389344
764.626731
764.584292
765.345857
766.027507
766.627593
767.144666
767.577478
767.924986
768.186352
768.360946
768.448349
768.448349
768.360946
768.186352
767.924986
767.577478
767.144666
766.627593
766.027507
765.345857
764.584292
764.541911
765.302431
765.983145
766.582407
767.098770
767.530988
767.878019
768.139026
768.313381
768.400663
768.400663
768.313381
768.139026
767.878019
767.530988
767.098770
766.582407
765.983145
765.302431
764.541911
764.499588
765.259065
765.938844
766.537284
767.052938
767.484563
767.831117
768.091766
768.265882
768.353044
768.353044
768.265882
768.091766
767.831117
767.484563
767.052938
766.537284
765.938844
765.259065
764.499588
764.457324
765.215758
765.894604
766.492222
767.007169
767.438201
767.784280
768.044571
768.218448
768.305491
768.305491
768.218448
768.044571
767.784280
767.438201
767.007169
766.492222
765.894604
765.215758
764.457324
764.415117
765.172511
765.850425
766.447223
766.961463
767.391904
767.737508
767.997442
768.171079
768.258003
768.258003
768.171079
767.997442
767.737508
767.391904
766.961463
766.447223
765.850425
765.172511
764.415117
764.372969
765.129323
765.806307
766.402286
766.915820
767.345670
767.690800
767.950377
768.123777
768.210581
768.210581
768.123777
767.950377
767.690800
767.345670
766.915820
766.402286
765.806307
765.129323
764.372969
764.330879
765.086194
765.762250
766.357411
766.870240
767.299501
767.644156
767.903377
768.076539
768.163224
768.163224
768.076539
767.903377
767.644156
767.299501
766.870240
766.357411
765.762250
765.086194
764.330879
764.288846
765.043125
765.718253
766.312598
766.824723
767.253394
767.597577
767.856443
768.029367
768.115933
768.115933
768.029367
767.856443
767.597577
767.253394
766.824723
766.312598
765.718253
765.043125
764.288846
764.246871
765.000116
765.674317
766.267846
766.779269
767.207352
767.551063
767.809573
767.982260
768.068707
768.068707
767.982260
767.809573
767.551063
767.207352
766.779269
766.267846
765.674317
765.000116
764.246871
764.204954
764.957165
765.630442
766.223156
766.733877
767.161373
767.504612
767.762768
767.935218
768.021546
768.021546
767.935218
767.762768
767.504612
767.161373
766.733877
766.223156
765.630442
764.957165
764.204954
764.163095
764.914274
765.586626
766.178528
766.688548
767.115458
767.458226
767.716027
767.888240
767.974451
767.974451
767.888240
767.716027
767.458226
767.115458
766.688548
766.178528
765.586626
764.914274
764.163095
764.121293
764.871441
765.542872
766.133961
766.643282
767.069605
767.411904
767.669351
767.841328
767.927420
767.927420
767.841328
767.669351
767.411904
767.069605
766.643282
766.133961
765.542872
764.871441
764.121293
764.079548
764.828668
765.499177
766.089456
766.598078
767.023817
767.365645
767.622740
767.794481
767.880455
767.880455
767.794481
767.622740
767.365645
767.023817
766.598078
766.089456
765.499177
764.828668
764.079548
764.037861
764.785953
765.455542
766.045011
766.552936
766.978091
767.319450
767.576192
767.747698
767.833554
767.833554
767.747698
767.576192
767.319450
766.978091
766.552936
766.045011
765.455542
764.785953
764.037861
763.996231
764.743297
765.411968
766.000628
766.507856
766.932428
767.273320
767.529709
767.700979
767.786718
767.786718
767.700979
767.529709
767.273320
766.932428
766.507856
766.000628
765.411968
764.743297
763.996231
763.954658
764.700699
765.368454
765.956307
766.462839
766.886828
767.227252
767.483290
767.654326
767.739946
767.739946
767.654326
767.483290
767.227252
766.886828
766.462839
765.956307
765.368454
764.700699
763.954658
763.913142
764.658161
765.324999
765.912046
766.417884
766.841292
767.181249
767.436936
767.607736
767.693240
767.693240
767.607736
767.436936
767.181249
766.841292
766.417884
765.912046
765.324999
764.658161
763.913142
763.871684
764.615680
765.281604
765.867846
766.372990
766.795817
767.135308
767.390645
767.561211
767.646597
767.646597
767.561211
767.390645
767.135308
766.795817
766.372990
765.867846
765.281604
764.615680
763.871684
763.830282
764.573258
765.238269
765.823707
766.328159
766.750406
767.089431
767.344418
767.514750
767.600019
767.600019
767.514750
767.344418
767.089431
766.750406
766.328159
765.823707
765.238269
764.573258
763.830282
763.788937
764.530895
765.194994
765.779629
766.283389
766.705057
767.043618
767.298254
767.468354
767.553506
767.553506
767.468354
767.298254
767.043618
766.705057
766.283389
765.779629
765.194994
764.530895
763.788937
763.747649
764.488590
765.151778
765.735612
766.238681
766.659771
766.997867
767.252155
767.422021
767.507056
767.507056
767.422021
767.252155
766.997867
766.659771
766.238681
765.735612
765.151778
764.488590
763.747649
763.706418
764.446342
765.108622
765.691655
766.194034
766.614547
766.952180
767.206119
767.375752
767.460671
767.460671
767.375752
767.206119
766.952180
766.614547
766.194034
765.691655
765.108622
764.446342
763.706418
763.665243
764.404153
765.065525
765.647759
766.149449
766.569386
766.906556
767.160146
767.329547
767.414349
767.414349
767.329547
767.160146
766.906556
766.569386
766.149449
765.647759
765.065525
764.404153
763.665243
763.624125
764.362022
765.022487
765.603923
766.104926
766.524287
766.860994
767.114237
767.283406
767.368092
767.368092
767.283406
767.114237
766.860994
766.524287
766.104926
765.603923
765.022487
764.362022
763.624125
763.583063
764.319949
764.979508
765.560147
766.060463
766.479249
766.815496
767.068392
767.237328
767.321898
767.321898
767.237328
767.068392
766.815496
766.479249
766.060463
765.560147
764.979508
764.319949
763.583063
763.542057
764.277933
764.936589
765.516432
766.016062
766.434274
766.770060
767.022609
767.191314
767.275768
767.275768
767.191314
767.022609
766.770060
766.434274
766.016062
765.516432
764.936589
764.277933
763.542057
763.501108
764.235976
764.893728
765.472777
765.971722
766.389361
766.724687
766.976890
767.145364
767.229702
767.229702
767.145364
766.976890
766.724687
766.389361
765.971722
765.472777
764.893728
764.235976
763.501108
763.460215
764.194076
764.850927
765.429182
765.927444
766.344510
766.679376
766.931233
767.099476
767.183699
767.183699
767.099476
766.931233
766.679376
766.344510
765.927444
765.429182
764.850927
764.194076
763.460215
763.419379
764.152233
764.808184
765.385647
765.883226
766.299721
766.634128
766.885640
767.053652
767.137760
767.137760
767.053652
766.885640
766.634128
766.299721
765.883226
765.385647
764.808184
764.152233
763.419379
763.378598
764.110448
764.765501
765.342172
765.839069
766.254993
766.588942
766.840110
767.007892
767.091884
767.091884
767.007892
766.840110
766.588942
766.254993
765.839069
765.342172
764.765501
764.110448
763.378598
763.337873
764.068721
764.722875
765.298756
765.794973
766.210327
766.543818
766.794642
766.962194
767.046071
767.046071
766.962194
766.794642
766.543818
766.210327
765.794973
765.298756
764.722875
764.068721
763.337873
763.297204
764.027050
764.680309
765.255401
765.750937
766.165723
766.498757
766.749237
766.916559
767.000321
767.000321
766.916559
766.749237
766.498757
766.165723
765.750937
765.255401
764.680309
764.027050
763.297204
763.256591
763.985437
764.637801
765.212105
765.706962
766.121180
766.453757
766.703894
766.870988
766.954635
766.954635
766.870988
766.703894
766.453757
766.121180
765.706962
765.212105
764.637801
763.985437
763.256591
763.216034
763.943881
764.595351
765.168868
765.663048
766.076698
766.408820
766.658614
766.825479
766.909011
766.909011
766.825479
766.658614
766.408820
766.076698
765.663048
765.168868
764.595351
763.943881
763.216034
763.175532
763.902383
764.552960
765.125692
765.619194
766.032277
766.363945
766.613397
766.780032
766.863451
766.863451
766.780032
766.613397
766.363945
766.032277
765.619194
765.125692
764.552960
763.902383
763.175532
763.135086
763.860941
764.510627
765.082574
765.575401
765.987918
766.319131
766.568241
766.734649
766.817953
766.817953
766.734649
766.568241
766.319131
765.987918
765.575401
765.082574
764.510627
763.860941
763.135086
763.094695
763.819556
764.468352
765.039516
765.531668
765.943620
766.274379
766.523148
766.689328
766.772518
766.772518
766.689328
766.523148
766.274379
765.943620
765.531668
765.039516
764.468352
763.819556
763.094695
763.054360
763.778228
764.426136
764.996517
765.487995
765.899383
766.229689
766.478117
766.644069
766.727145
766.727145
766.644069
766.478117
766.229689
765.899383
765.487995
764.996517
764.426136
763.778228
763.054360
763.014080
763.736957
764.383977
764.953577
765.444382
765.855206
766.185060
766.433148
766.598873
766.681836
766.681836
766.598873
766.433148
766.185060
765.855206
765.444382
764.953577
764.383977
763.736957
763.014080
762.973855
763.695742
764.341876
764.910696
765.400829
765.811091
766.140493
766.388241
766.553739
766.636588
766.636588
766.553739
766.388241
766.140493
765.811091
765.400829
764.910696
764.341876
763.695742
762.973855
762.933685
763.654584
764.299833
764.867875
765.357336
765.767036
766.095987
766.343396
766.508668
766.591403
766.591403
766.508668
766.343396
766.095987
765.767036
765.357336
764.867875
764.299833
763.654584
762.933685
762.893571
763.613482
764.257848
764.825112
765.313903
765.723042
766.051543
766.298613
766.463658
766.546280
766.546280
766.463658
766.298613
766.051543
765.723042
765.313903
764.825112
764.257848
763.613482
762.893571
762.853511
763.572437
764.215921
764.782408
765.270529
765.679108
766.007159
766.253891
766.418710
766.501219
766.501219
766.418710
766.253891
766.007159
765.679108
765.270529
764.782408
764.215921
763.572437
762.853511
762.813507
763.531448
764.174051
764.739762
765.227216
765.635235
765.962837
766.209231
766.373825
766.456221
766.456221
766.373825
766.209231
765.962837
765.635235
765.227216
764.739762
764.174051
763.531448
762.813507
762.773557
763.490516
764.132239
764.697175
765.183962
765.591423
765.918576
766.164633
766.329001
766.411284
766.411284
766.329001
766.164633
765.918576
765.591423
765.183962
764.697175
764.132239
763.490516
762.773557
762.733662
763.449639
764.090484
764.654647
765.140767
765.547670
765.874376
766.120096
766.284239
766.366409
766.366409
766.284239
766.120096
765.874376
765.547670
765.140767
764.654647
764.090484
763.449639
762.733662
762.693822
763.408819
764.048786
764.612177
765.097632
765.503978
765.830236
766.075620
766.239538
766.321596
766.321596
766.239538
766.075620
765.830236
765.503978
765.097632
764.612177
764.048786
763.408819
762.693822
762.654036
763.368055
764.007146
764.569766
765.054556
765.460346
765.786158
766.031206
766.194899
766.276845
766.276845
766.194899
766.031206
765.786158
765.460346
765.054556
764.569766
764.007146
763.368055
762.654036
762.614305
763.327346
763.965563
764.527413
765.011539
765.416774
765.742140
765.986852
766.150322
766.232156
766.232156
766.150322
765.986852
765.742140
765.416774
765.011539
764.527413
763.965563
763.327346
762.614305
762.574629
763.286694
763.924037
764.485118
764.968582
765.373262
765.698182
765.942560
766.105806
766.187527
766.187527
766.105806
765.942560
765.698182
765.373262
764.968582
764.485118
763.924037
763.286694
762.574629
762.535007
763.246097
763.882568
764.442881
764.925683
765.329809
765.654285
765.898328
766.061351
766.142961
766.142961
766.061351
765.898328
765.654285
765.329809
764.925683
764.442881
763.882568
763.246097
762.535007
762.495439
763.205556
763.841156
764.400702
764.882844
765.286417
765.610449
765.854158
766.016958
766.098456
766.098456
766.016958
765.854158
765.610449
765.286417
764.882844
764.400702
763.841156
763.205556
762.495439
762.455925
763.165071
763.799801
764.358582
764.840063
765.243084
765.566673
765.810048
765.972625
766.054012
766.054012
765.972625
765.810048
765.566673
765.243084
764.840063
764.358582
763.799801
763.165071
762.455925
762.416465
763.124641
763.758503
764.316519
764.797341
765.199811
765.522957
765.765999
765.928354
766.009629
766.009629
765.928354
765.765999
765.522957
765.199811
764.797341
764.316519
763.758503
763.124641
762.416465
762.377060
763.084266
763.717261
764.274513
764.754678
765.156597
765.479301
765.722011
765.884143
765.965307
765.965307
765.884143
765.722011
765.479301
765.156597
764.754678
764.274513
763.717261
763.084266
762.377060
762.337708
763.043947
763.676076
764.232566
764.712074
765.113443
765.435705
765.678083
765.839994
765.921047
765.921047
765.839994
765.678083
765.435705
765.113443
764.712074
764.232566
763.676076
763.043947
762.337708
762.298411
763.003684
763.634947
764.190676
764.669528
765.070348
765.392169
765.634216
765.795905
765.876847
765.876847
765.795905
765.634216
765.392169
765.070348
764.669528
764.190676
763.634947
763.003684
762.298411
762.259167
762.963475
763.593875
764.148844
764.627041
765.027313
765.348693
765.590409
765.751877
765.832708
765.832708
765.751877
765.590409
765.348693
765.027313
764.627041
764.148844
763.593875
762.963475
762.259167
762.219977
762.923322
763.552860
764.107069
764.584612
764.984336
765.305277
765.546662
765.707909
765.788630
765.788630
765.707909
765.546662
765.305277
764.984336
764.584612
764.107069
763.552860
762.923322
762.219977
762.180841
762.883223
763.511900
764.065352
764.542241
764.941419
765.261921
765.502976
765.664002
765.744613
765.744613
765.664002
765.502976
765.261921
764.941419
764.542241
764.065352
763.511900
762.883223
762.180841
762.141758
762.843180
763.470997
764.023691
764.499929
764.898560
765.218624
765.459349
765.620156
765.700656
765.700656
765.620156
765.459349
765.218624
764.898560
764.499929
764.023691
763.470997
762.843180
762.141758
762.102729
762.803192
763.430150
763.982088
764.457675
764.855761
765.175387
765.415783
765.576369
765.656759
765.656759
765.576369
765.415783
765.175387
764.855761
764.457675
763.982088
763.430150
762.803192
762.102729
762.063753
762.763258
763.389359
763.940543
764.415479
764.813020
765.132209
765.372277
765.532643
765.612923
765.612923
765.532643
765.372277
765.132209
764.813020
764.415479
763.940543
763.389359
762.763258
762.063753
762.024831
762.723379
763.348624
763.899054
764.373340
764.770338
765.089091
765.328830
765.488977
765.569148
765.569148
765.488977
765.328830
765.089091
764.770338
764.373340
763.899054
763.348624
762.723379
762.024831
761.985962
762.683555
763.307945
763.857622
764.331260
764.727715
765.046032
765.285443
765.445372
765.525432
765.525432
765.445372
765.285443
765.046032
764.727715
764.331260
763.857622
763.307945
762.683555
761.985962
761.947146
762.643785
763.267321
763.816247
764.289237
764.685151
765.003032
765.242116
765.401826
765.481777
765.481777
765.401826
765.242116
765.003032
764.685151
764.289237
763.816247
763.267321
762.643785
761.947146
761.908383
762.604070
763.226754
763.774929
764.247273
764.642645
764.960091
765.198848
765.358340
765.438182
765.438182
765.358340
765.198848
764.960091
764.642645
764.247273
763.774929
763.226754
762.604070
761.908383
761.869674
762.564409
763.186242
763.733668
764.205365
764.600197
764.917210
765.155640
765.314914
765.394646
765.394646
765.314914
765.155640
764.917210
764.600197
764.205365
763.733668
763.186242
762.564409
761.869674
761.831017
762.524803
763.145785
763.692463
764.163516
764.557807
764.874387
765.112491
765.271547
765.351171
765.351171
765.271547
765.112491
764.874387
764.557807
764.163516
763.692463
763.145785
762.524803
761.831017
761.792414
762.485251
763.105384
763.651315
764.121724
764.515476
764.831623
765.069402
765.228240
765.307755
765.307755
765.228240
765.069402
764.831623
764.515476
764.121724
763.651315
763.105384
762.485251
761.792414
761.753863
762.445753
763.065039
763.610223
764.079989
764.473203
764.788918
765.026372
765.184993
765.264399
765.264399
765.184993
765.026372
764.788918
764.473203
764.079989
763.610223
763.065039
762.445753
761.753863
761.715365
762.406309
763.024749
763.569187
764.038311
764.430988
764.746272
764.983401
765.141805
765.221103
765.221103
765.141805
764.983401
764.746272
764.430988
764.038311
763.569187
763.024749
762.406309
761.715365
761.676919
762.366920
762.984514
763.528208
763.996691
764.388831
764.703684
764.940489
765.098677
765.177866
765.177866
765.098677
764.940489
764.703684
764.388831
763.996691
763.528208
762.984514
762.366920
761.676919
761.638527
762.327584
762.944334
763.487286
763.955128
764.346732
764.661154
764.897636
765.055608
765.134689
765.134689
765.055608
764.897636
764.661154
764.346732
763.955128
763.487286
762.944334
762.327584
761.638527
761.600186
762.288302
762.904209
763.446419
763.913622
764.304691
764.618684
764.854842
765.012598
765.091571
765.091571
765.012598
764.854842
764.618684
764.304691
763.913622
763.446419
762.904209
762.288302
761.600186
761.561899
762.249074
762.864139
763.405608
763.872173
764.262708
764.576271
764.812107
764.969647
765.048512
765.048512
764.969647
764.812107
764.576271
764.262708
763.872173
763.405608
762.864139
762.249074
761.561899
761.523663
762.209900
762.824125
763.364854
763.830781
764.220782
764.533917
764.769430
764.926755
765.005513
765.005513
764.926755
764.769430
764.533917
764.220782
763.830781
763.364854
762.824125
762.209900
761.523663
761.485480
762.170779
762.784165
763.324155
763.789445
764.178914
764.491621
764.726813
764.883922
764.962572
764.962572
764.883922
764.726813
764.491621
764.178914
763.789445
763.324155
762.784165
762.170779
761.485480
761.447350
762.131712
762.744260
763.283512
763.748167
764.137103
764.449383
764.684253
764.841149
764.919691
764.919691
764.841149
764.684253
764.449383
764.137103
763.748167
763.283512
762.744260
762.131712
761.447350
761.409271
762.092699
762.704409
763.242925
763.706945
764.095350
764.407203
764.641752
764.798433
764.876868
764.876868
764.798433
764.641752
764.407203
764.095350
763.706945
763.242925
762.704409
762.092699
761.409271
761.371245
762.053739
762.664614
763.202393
763.665780
764.053654
764.365081
764.599310
764.755777
764.834105
764.834105
764.755777
764.599310
764.365081
764.053654
763.665780
763.202393
762.664614
762.053739
761.371245
761.333270
762.014832
762.624872
763.161918
763.624671
764.012015
764.323017
764.556926
764.713179
764.791400
764.791400
764.713179
764.556926
764.323017
764.012015
763.624671
763.161918
762.624872
762.014832
761.333270
761.295348
761.975978
762.585185
763.121497
763.583618
763.970434
764.281010
764.514600
764.670640
764.748754
764.748754
764.670640
764.514600
764.281010
763.970434
763.583618
763.121497
762.585185
761.975978
761.295348
761.257477
761.937178
762.545553
763.081132
763.542622
763.928909
764.239062
764.472332
764.628159
764.706166
764.706166
764.628159
764.472332
764.239062
763.928909
763.542622
763.081132
762.545553
761.937178
761.257477
761.219658
761.898431
762.505975
763.040823
763.501682
763.887442
764.197171
764.430123
764.585736
764.663637
764.663637
764.585736
764.430123
764.197171
763.887442
763.501682
763.040823
762.505975
761.898431
761.219658
761.181891
761.859737
762.466451
763.000568
763.460798
763.846031
764.155337
764.387971
764.543372
764.621167
764.621167
764.543372
764.387971
764.155337
763.846031
763.460798
763.000568
762.466451
761.859737
761.181891
761.144176
761.821095
762.426981
762.960369
763.419971
763.804677
764.113561
764.345877
764.501066
764.578754
764.578754
764.501066
764.345877
764.113561
763.804677
763.419971
762.960369
762.426981
761.821095
761.144176
761.106512
761.782507
762.387566
762.920225
763.379199
763.763380
764.071842
764.303841
764.458818
764.536400
764.536400
764.458818
764.303841
764.071842
763.763380
763.379199
762.920225
762.387566
761.782507
761.106512
761.068899
761.743972
762.348204
762.880136
763.338483
763.722140
764.030181
764.261863
764.416628
764.494104
764.494104
764.416628
764.261863
764.030181
763.722140
763.338483
762.880136
762.348204
761.743972
761.068899
761.031338
761.705489
762.308896
762.840102
763.297824
763.680956
763.988576
764.219942
764.374496
764.451867
764.451867
764.374496
764.219942
763.988576
763.680956
763.297824
762.840102
762.308896
761.705489
761.031338
760.993829
761.667059
762.269642
762.800123
763.257220
763.639829
763.947029
764.178079
764.332422
764.409687
764.409687
764.332422
764.178079
763.947029
763.639829
763.257220
762.800123
762.269642
761.667059
760.993829
760.956370
761.628682
762.230442
762.760199
763.216671
763.598758
763.905539
764.136274
764.290406
764.367565
764.367565
764.290406
764.136274
763.905539
763.598758
763.216671
762.760199
762.230442
761.628682
760.956370
760.918963
761.590357
762.191296
762.720329
763.176178
763.557744
763.864106
764.094525
764.248447
764.325501
764.325501
764.248447
764.094525
763.864106
763.557744
763.176178
762.720329
762.191296
761.590357
760.918963
760.881607
761.552084
762.152203
762.680514
763.135741
763.516786
763.822729
764.052834
764.206546
764.283495
764.283495
764.206546
764.052834
763.822729
763.516786
763.135741
762.680514
762.152203
761.552084
760.881607
760.844303
761.513864
762.113164
762.640754
763.095359
763.475884
763.781410
764.011201
764.164703
764.241546
764.241546
764.164703
764.011201
763.781410
763.475884
763.095359
762.640754
762.113164
761.513864
760.844303
760.807049
761.475696
762.074178
762.601048
763.055033
763.435038
763.740147
763.969624
764.122917
764.199656
764.199656
764.122917
763.969624
763.740147
763.435038
763.055033
762.601048
762.074178
761.475696
760.807049
760.769846
761.437581
762.035246
762.561396
763.014762
763.394248
763.698941
763.928105
764.081188
764.157822
764.157822
764.081188
763.928105
763.698941
763.394248
763.014762
762.561396
762.035246
761.437581
760.769846
760.732694
761.399517
761.996366
762.521799
762.974546
763.353514
763.657791
763.886642
764.039517
764.116046
764.116046
764.039517
763.886642
763.657791
763.353514
762.974546
762.521799
761.996366
761.399517
760.732694
760.695592
761.361506
761.957541
762.482256
762.934385
763.312836
763.616698
763.845237
763.997903
764.074328
764.074328
763.997903
763.845237
763.616698
763.312836
762.934385
762.482256
761.957541
761.361506
760.695592
760.658542
761.323546
761.918768
762.442767
762.894279
763.272214
763.575661
763.803888
763.956345
764.032666
764.032666
763.956345
763.803888
763.575661
763.272214
762.894279
762.442767
761.918768
761.323546
760.658542
760.621542
761.285639
761.880048
762.403332
762.854228
763.231647
763.534680
763.762596
763.914845
763.991062
763.991062
763.914845
763.762596
763.534680
763.231647
762.854228
762.403332
761.880048
761.285639
760.621542
760.584592
761.247783
761.841381
762.363952
762.814232
763.191137
763.493756
763.721361
763.873402
763.949515
763.949515
763.873402
763.721361
763.493756
763.191137
762.814232
762.363952
761.841381
761.247783
760.584592
760.547693
761.209980
761.802768
762.324625
762.774291
763.150681
763.452888
763.680182
763.832016
763.908025
763.908025
763.832016
763.680182
763.452888
763.150681
762.774291
762.324625
761.802768
761.209980
760.547693
760.510845
761.172227
761.764207
762.285352
762.734405
763.110281
763.412075
763.639059
763.790687
763.866592
763.866592
763.790687
763.639059
763.412075
763.110281
762.734405
762.285352
761.764207
761.172227
760.510845
760.474046
761.134527
761.725699
762.246133
762.694573
763.069937
763.371319
763.597994
763.749414
763.825215
763.825215
763.749414
763.597994
763.371319
763.069937
762.694573
762.246133
761.725699
761.134527
760.474046
760.437298
761.096878
761.687243
762.206967
762.654796
763.029648
763.330619
763.556984
763.708198
763.783896
763.783896
763.708198
763.556984
763.330619
763.029648
762.654796
762.206967
761.687243
761.096878
760.437298
760.400601
761.059280
761.648840
762.167856
762.615073
762.989414
763.289974
763.516031
763.667038
763.742633
763.742633
763.667038
763.516031
763.289974
762.989414
762.615073
762.167856
761.648840
761.059280
760.400601
760.363953
761.021734
761.610490
762.128798
762.575405
762.949235
763.249385
763.475134
763.625935
763.701427
763.701427
763.625935
763.475134
763.249385
762.949235
762.575405
762.128798
761.610490
761.021734
760.363953
760.327355
760.984240
761.572192
762.089793
762.535791
762.909111
763.208852
763.434293
763.584888
763.660277
763.660277
763.584888
763.434293
763.208852
762.909111
762.535791
762.089793
761.572192
760.984240
760.327355
760.290808
760.946796
761.533947
762.050841
762.496231
762.869042
763.168375
763.393507
763.543898
763.619184
763.619184
763.543898
763.393507
763.168375
762.869042
762.496231
762.050841
761.533947
760.946796
760.290808
760.254310
760.909404
761.495754
762.011943
762.456726
762.829028
763.127953
763.352778
763.502964
763.578147
763.578147
763.502964
763.352778
763.127953
762.829028
762.456726
762.011943
761.495754
760.909404
760.254310
760.217862
760.872063
761.457613
761.973099
762.417275
762.789069
763.087586
763.312105
763.462086
763.537166
763.537166
763.462086
763.312105
763.087586
762.789069
762.417275
761.973099
761.457613
760.872063
760.217862
760.181464
760.834773
761.419524
761.934307
762.377877
762.749165
763.047275
763.271488
763.421264
763.496242
763.496242
763.421264
763.271488
763.047275
762.749165
762.377877
761.934307
761.419524
760.834773
760.181464
760.145116
760.797533
761.381488
761.895569
762.338534
762.709316
763.007019
763.230926
763.380498
763.455374
763.455374
763.380498
763.230926
763.007019
762.709316
762.338534
761.895569
761.381488
760.797533
760.145116
760.108817
760.760345
761.343503
761.856883
762.299245
762.669521
762.966818
763.190420
763.339787
763.414561
763.414561
763.339787
763.190420
762.966818
762.669521
762.299245
761.856883
761.343503
760.760345
760.108817
760.072568
760.723208
761.305571
761.818251
762.260009
762.629780
762.926672
763.149969
763.299133
763.373805
763.373805
763.299133
763.149969
762.926672
762.629780
762.260009
761.818251
761.305571
760.723208
760.072568
760.036369
760.686121
761.267690
761.779671
762.220827
762.590094
762.886581
763.109574
763.258535
763.333105
763.333105
763.258535
763.109574
762.886581
762.590094
762.220827
761.779671
761.267690
760.686121
760.036369
760.000218
760.649085
761.229861
761.741144
762.181699
762.550462
762.846545
763.069234
763.217992
763.292460
763.292460
763.217992
763.069234
762.846545
762.550462
762.181699
761.741144
761.229861
760.649085
760.000218
759.964117
760.612099
761.192084
761.702670
762.142624
762.510885
762.806564
763.028949
763.177504
763.251871
763.251871
763.177504
763.028949
762.806564
762.510885
762.142624
761.702670
761.192084
760.612099
759.964117
759.928066
760.575165
761.154359
761.664249
762.103603
762.471362
762.766638
762.988720
763.137072
763.211338
763.211338
763.137072
762.988720
762.766638
762.471362
762.103603
761.664249
761.154359
760.575165
759.928066
759.892063
760.538280
761.116685
761.625880
762.064635
762.431893
762.726767
762.948546
763.096696
763.170860
763.170860
763.096696
762.948546
762.726767
762.431893
762.064635
761.625880
761.116685
760.538280
759.892063
759.856110
760.501446
761.079062
761.587563
762.025721
762.392478
762.686950
762.908427
763.056375
763.130438
763.130438
763.056375
762.908427
762.686950
762.392478
762.025721
761.587563
761.079062
760.501446
759.856110
759.820206
760.464662
761.041491
761.549299
761.986860
762.353117
762.647187
762.868362
763.016109
763.090072
763.090072
763.016109
762.868362
762.647187
762.353117
761.986860
761.549299
761.041491
760.464662
759.820206
759.784351
760.427929
761.003972
761.511088
761.948052
762.313810
762.607479
762.828353
762.975898
763.049760
763.049760
762.975898
762.828353
762.607479
762.313810
761.948052
761.511088
761.003972
760.427929
759.784351
759.748545
760.391246
760.966504
761.472928
761.909297
762.274556
762.567826
762.788399
762.935743
763.009504
763.009504
762.935743
762.788399
762.567826
762.274556
761.909297
761.472928
760.966504
760.391246
759.748545
759.712787
760.354612
760.929087
761.434821
761.870595
762.235357
762.528227
762.748499
762.895642
762.969303
762.969303
762.895642
762.748499
762.528227
762.235357
761.870595
761.434821
760.929087
760.354612
759.712787
759.677079
760.318029
760.891721
761.396766
761.831946
762.196211
762.488682
762.708654
762.855597
762.929157
762.929157
762.855597
762.708654
762.488682
762.196211
761.831946
761.396766
760.891721
760.318029
759.677079
759.641419
760.281496
760.854406
761.358763
761.793350
762.157119
762.449191
762.668863
762.815606
762.889066
762.889066
762.815606
762.668863
762.449191
762.157119
761.793350
761.358763
760.854406
760.281496
759.641419
759.605807
760.245013
760.817142
761.320812
761.754807
762.118080
762.409754
762.629127
762.775670
762.849030
762.849030
762.775670
762.629127
762.409754
762.118080
761.754807
761.320812
760.817142
760.245013
759.605807
759.570245
760.208579
760.779929
761.282913
761.716317
762.079095
762.370372
762.589446
762.735789
762.809049
762.809049
762.735789
762.589446
762.370372
762.079095
761.716317
761.282913
760.779929
760.208579
759.570245
759.534731
760.172196
760.742767
761.245066
761.677879
762.040163
762.331043
762.549819
762.695962
762.769123
762.769123
762.695962
762.549819
762.331043
762.040163
761.677879
761.245066
760.742767
760.172196
759.534731
759.499265
760.135862
760.705655
761.207270
761.639494
762.001284
762.291768
762.510246
762.656190
762.729251
762.729251
762.656190
762.510246
762.291768
762.001284
761.639494
761.207270
760.705655
760.135862
759.499265
759.463848
760.099577
760.668595
761.169526
761.601161
761.962458
762.252547
762.470727
762.616473
762.689434
762.689434
762.616473
762.470727
762.252547
761.962458
761.601161
761.169526
760.668595
760.099577
759.463848
759.428479
760.063342
760.631585
761.131834
761.562881
761.923686
762.213379
762.431262
762.576810
762.649671
762.649671
762.576810
762.431262
762.213379
761.923686
761.562881
761.131834
760.631585
760.063342
759.428479
759.393158
760.027157
760.594625
761.094193
761.524653
761.884967
762.174266
762.391852
762.537201
762.609963
762.609963
762.537201
762.391852
762.174266
761.884967
761.524653
761.094193
760.594625
760.027157
759.393158
759.357885
759.991021
760.557717
761.056604
761.486477
761.846301
762.135205
762.352495
762.497646
762.570310
762.570310
762.497646
762.352495
762.135205
761.846301
761.486477
761.056604
760.557717
759.991021
759.357885
759.322661
759.954934
760.520858
761.019066
761.448354
761.807687
762.096198
762.313192
762.458146
762.530710
762.530710
762.458146
762.313192
762.096198
761.807687
761.448354
761.019066
760.520858
759.954934
759.322661
759.287485
759.918896
760.484050
760.981579
761.410283
761.769127
762.057245
762.273943
762.418700
762.491165
762.491165
762.418700
762.273943
762.057245
761.769127
761.410283
760.981579
760.484050
759.918896
759.287485
759.252356
759.882908
760.447292
760.944144
761.372264
761.730619
762.018345
762.234748
762.379307
762.451674
762.451674
762.379307
762.234748
762.018345
761.730619
761.372264
760.944144
760.447292
759.882908
759.252356
759.217276
759.846969
760.410584
760.906760
761.334297
761.692164
761.979498
762.195607
762.339969
762.412237
762.412237
762.339969
762.195607
761.979498
761.692164
761.334297
760.906760
760.410584
759.846969
759.217276
759.182243
759.811079
760.373927
760.869426
761.296381
761.653761
761.940704
762.156519
762.300684
762.372854
762.372854
762.300684
762.156519
761.940704
761.653761
761.296381
760.869426
760.373927
759.811079
759.182243
759.147258
759.775238
760.337319
760.832144
761.258518
761.615411
761.901964
762.117484
762.261454
762.333525
762.333525
762.261454
762.117484
761.901964
761.615411
761.258518
760.832144
760.337319
759.775238
759.147258
759.112321
759.739446
760.300762
760.794913
761.220706
761.577114
761.863276
762.078503
762.222277
762.294250
762.294250
762.222277
762.078503
761.863276
761.577114
761.220706
760.794913
760.300762
759.739446
759.112321
759.077431
759.703702
760.264254
760.757733
761.182946
761.538869
761.824641
762.039575
762.183153
762.255029
762.255029
762.183153
762.039575
761.824641
761.538869
761.182946
760.757733
760.264254
759.703702
759.077431
759.042589
759.668008
760.227797
760.720603
761.145238
761.500676
761.786059
762.000701
762.144083
762.215861
762.215861
762.144083
762.000701
761.786059
761.500676
761.145238
760.720603
760.227797
759.668008
759.042589
759.007794
759.632362
760.191389
760.683525
761.107581
761.462535
761.747530
761.961880
762.105067
762.176747
762.176747
762.105067
761.961880
761.747530
761.462535
761.107581
760.683525
760.191389
759.632362
759.007794
758.973047
759.596764
760.155030
760.646497
761.069976
761.424447
761.709054
761.923112
762.066104
762.137686
762.137686
762.066104
761.923112
761.709054
761.424447
761.069976
760.646497
760.155030
759.596764
758.973047
758.938347
759.561216
760.118722
760.609519
761.032422
761.386410
761.670630
761.884396
762.027194
762.098679
762.098679
762.027194
761.884396
761.670630
761.386410
761.032422
760.609519
760.118722
759.561216
758.938347
758.903695
759.525715
760.082463
760.572592
760.994919
761.348426
761.632259
761.845734
761.988338
762.059725
762.059725
761.988338
761.845734
761.632259
761.348426
760.994919
760.572592
760.082463
759.525715
758.903695
758.869089
759.490263
760.046253
760.535715
760.957468
761.310494
761.593940
761.807125
761.949534
762.020825
762.020825
761.949534
761.807125
761.593940
761.310494
760.957468
760.535715
760.046253
759.490263
758.869089
758.834531
759.454860
760.010093
760.498889
760.920068
761.272613
761.555674
761.768569
761.910784
761.981978
761.981978
761.910784
761.768569
761.555674
761.272613
760.920068
760.498889
760.010093
759.454860
758.834531
758.800020
759.419505
759.973982
760.462113
760.882719
761.234784
761.517460
761.730065
761.872087
761.943183
761.943183
761.872087
761.730065
761.517460
761.234784
760.882719
760.462113
759.973982
759.419505
758.800020
758.765556
759.384198
759.937921
760.425388
760.845421
761.197007
761.479298
761.691614
761.833443
761.904442
761.904442
761.833443
761.691614
761.479298
761.197007
760.845421
760.425388
759.937921
759.384198
758.765556
758.731139
759.348939
759.901909
760.388712
760.808174
761.159282
761.441189
761.653216
761.794851
761.865754
761.865754
761.794851
761.653216
761.441189
761.159282
760.808174
760.388712
759.901909
759.348939
758.731139
758.696769
759.313728
759.865946
760.352087
760.770978
761.121608
761.403131
761.614870
761.756313
761.827119
761.827119
761.756313
761.614870
761.403131
761.121608
760.770978
760.352087
759.865946
759.313728
758.696769
758.662446
759.278566
759.830032
760.315511
760.733832
761.083985
761.365126
761.576576
761.717827
761.788537
761.788537
761.717827
761.576576
761.365126
761.083985
760.733832
760.315511
759.830032
759.278566
758.662446
758.628169
759.243451
759.794167
760.278986
760.696738
761.046414
761.327173
761.538335
761.679394
761.750008
761.750008
761.679394
761.538335
761.327173
761.046414
760.696738
760.278986
759.794167
759.243451
758.628169
758.593939
759.208384
759.758351
760.242510
760.659694
761.008895
761.289271
761.500146
761.641013
761.711531
761.711531
761.641013
761.500146
761.289271
761.008895
760.659694
760.242510
759.758351
759.208384
758.593939
758.559756
759.173365
759.722583
760.206084
760.622701
760.971427
761.251421
761.462010
761.602685
761.673107
761.673107
761.602685
761.462010
761.251421
760.971427
760.622701
760.206084
759.722583
759.173365
758.559756
758.525619
759.138393
759.686865
760.169708
760.585758
760.934009
761.213623
761.423925
761.564409
761.634735
761.634735
761.564409
761.423925
761.213623
760.934009
760.585758
760.169708
759.686865
759.138393
758.525619
758.491529
759.103470
759.651195
760.133382
760.548865
760.896643
761.175877
761.385893
761.526185
761.596416
761.596416
761.526185
761.385893
761.175877
760.896643
760.548865
760.133382
759.651195
759.103470
758.491529
758.457485
759.068594
759.615574
760.097105
760.512023
760.859328
761.138182
761.347913
761.488014
761.558150
761.558150
761.488014
761.347913
761.138182
760.859328
760.512023
760.097105
759.615574
759.068594
758.457485
758.423488
759.033765
759.580002
760.060878
760.475232
760.822064
761.100539
761.309984
761.449895
761.519935
761.519935
761.449895
761.309984
761.100539
760.822064
760.475232
760.060878
759.580002
759.033765
758.423488
758.389537
758.998984
759.544478
760.024700
760.438490
760.784851
761.062947
761.272108
761.411828
761.481773
761.481773
761.411828
761.272108
761.062947
760.784851
760.438490
760.024700
759.544478
758.998984
758.389537
758.355632
758.964250
759.509002
759.988571
760.401799
760.747689
761.025407
761.234283
761.373814
761.443663
761.443663
761.373814
761.234283
761.025407
760.747689
760.401799
759.988571
759.509002
758.964250
758.355632
758.321773
758.929564
759.473575
759.952492
760.365158
760.710578
760.987918
761.196510
761.335851
761.405605
761.405605
761.335851
761.196510
760.987918
760.710578
760.365158
759.952492
759.473575
758.929564
758.321773
758.287961
758.894925
759.438196
759.916462
760.328567
760.673517
760.950480
761.158788
761.297940
761.367599
761.367599
761.297940
761.158788
760.950480
760.673517
760.328567
759.916462
759.438196
758.894925
758.287961
758.254194
758.860333
759.402866
759.880481
760.292026
760.636507
760.913093
761.121118
761.260081
761.329646
761.329646
761.260081
761.121118
760.913093
760.636507
760.292026
759.880481
759.402866
758.860333
758.254194
758.220473
758.825788
759.367584
759.844549
760.255535
760.599547
760.875757
761.083500
761.222273
761.291744
761.291744
761.222273
761.083500
760.875757
760.599547
760.255535
759.844549
759.367584
758.825788
758.220473
758.186799
758.791291
759.332349
759.808667
760.219093
760.562638
760.838473
761.045933
761.184517
761.253893
761.253893
761.184517
761.045933
760.838473
760.562638
760.219093
759.808667
759.332349
758.791291
758.186799
758.153170
758.756840
759.297163
759.772833
760.182701
760.525779
760.801239
761.008417
761.146813
761.216095
761.216095
761.146813
761.008417
760.801239
760.525779
760.182701
759.772833
759.297163
758.756840
758.153170
758.119587
758.722436
759.262025
759.737048
760.146359
760.488971
760.764056
760.970952
761.109161
761.178348
761.178348
761.109161
760.970952
760.764056
760.488971
760.146359
759.737048
759.262025
758.722436
758.119587
758.086049
758.688080
759.226935
759.701312
760.110067
760.452213
760.726924
760.933539
761.071559
761.140653
761.140653
761.071559
760.933539
760.726924
760.452213
760.110067
759.701312
759.226935
758.688080
758.086049
758.052558
758.653770
759.191892
759.665625
760.073824
760.415505
760.689843
760.896177
761.034010
761.103009
761.103009
761.034010
760.896177
760.689843
760.415505
760.073824
759.665625
759.191892
758.653770
758.052558
758.019112
758.619506
759.156897
759.629986
760.037631
760.378847
760.652812
760.858866
760.996511
761.065417
761.065417
760.996511
760.858866
760.652812
760.378847
760.037631
759.629986
759.156897
758.619506
758.019112
757.985711
758.585290
759.121950
759.594396
760.001487
760.342239
760.615832
760.821606
760.959064
761.027876
761.027876
760.959064
760.821606
760.615832
760.342239
760.001487
759.594396
759.121950
758.585290
757.985711
757.952356
758.551120
759.087051
759.558855
759.965392
760.305681
760.578902
760.784396
760.921668
760.990386
760.990386
760.921668
760.784396
760.578902
760.305681
759.965392
759.558855
759.087051
758.551120
757.952356
757.919046
758.516996
759.052199
759.523362
759.929346
760.269173
760.542023
760.747238
760.884323
760.952948
760.952948
760.884323
760.747238
760.542023
760.269173
759.929346
759.523362
759.052199
758.516996
757.919046
757.885782
758.482919
759.017395
759.487917
759.893350
760.232715
760.505194
760.710130
760.847029
760.915561
760.915561
760.847029
760.710130
760.505194
760.232715
759.893350
759.487917
759.017395
758.482919
757.885782
757.852562
758.448889
758.982638
759.452521
759.857403
760.196307
760.468416
760.673073
760.809786
760.878225
760.878225
760.809786
760.673073
760.468416
760.196307
759.857403
759.452521
758.982638
758.448889
757.852562
757.819388
758.414904
758.947928
759.417173
759.821505
760.159948
760.431687
760.636067
760.772594
760.840939
760.840939
760.772594
760.636067
760.431687
760.159948
759.821505
759.417173
758.947928
758.414904
757.819388
757.786260
758.380966
758.913266
759.381873
759.785656
760.123639
760.395009
760.599111
760.735452
760.803705
760.803705
760.735452
760.599111
760.395009
760.123639
759.785656
759.381873
758.913266
758.380966
757.786260
757.753176
758.347075
758.878651
759.346622
759.749855
760.087380
760.358381
760.562205
760.698361
760.766522
760.766522
760.698361
760.562205
760.358381
760.087380
759.749855
759.346622
758.878651
758.347075
757.753176
757.720137
758.313229
758.844083
759.311418
759.714104
760.051170
760.321803
760.525350
760.661321
760.729389
760.729389
760.661321
760.525350
760.321803
760.051170
759.714104
759.311418
758.844083
758.313229
757.720137
757.687143
758.279429
758.809563
759.276262
759.678401
760.015009
760.285275
760.488545
760.624332
760.692307
760.692307
760.624332
760.488545
760.285275
760.015009
759.678401
759.276262
758.809563
758.279429
757.687143
757.654194
758.245676
758.775089
759.241155
759.642747
759.978898
760.248796
760.451791
760.587393
760.655276
760.655276
760.587393
760.451791
760.248796
759.978898
759.642747
759.241155
758.775089
758.245676
757.654194
757.621290
758.211968
758.740662
759.206095
759.607142
759.942836
760.212368
760.415087
760.550505
760.618295
760.618295
760.550505
760.415087
760.212368
759.942836
759.607142
759.206095
758.740662
758.211968
757.621290
757.588431
758.178307
758.706282
759.171083
759.571585
759.906823
760.175989
760.378432
760.513666
760.581365
760.581365
760.513666
760.378432
760.175989
759.906823
759.571585
759.171083
758.706282
758.178307
757.588431
757.555616
758.144691
758.671949
759.136118
759.536077
759.870860
760.139660
760.341828
760.476879
760.544485
760.544485
760.476879
760.341828
760.139660
759.870860
759.536077
759.136118
758.671949
758.144691
757.555616
757.522846
758.111121
758.637663
759.101202
759.500617
759.834945
760.103380
760.305274
760.440141
760.507656
760.507656
760.440141
760.305274
760.103380
759.834945
759.500617
759.101202
758.637663
758.111121
757.522846
757.490121
758.077596
758.603424
759.066333
759.465206
759.799080
760.067150
760.268770
760.403453
760.470877
760.470877
760.403453
760.268770
760.067150
759.799080
759.465206
759.066333
758.603424
758.077596
757.490121
757.457440
758.044117
758.569231
759.031511
759.429842
759.763263
760.030969
760.232315
760.366816
760.434148
760.434148
760.366816
760.232315
760.030969
759.763263
759.429842
759.031511
758.569231
758.044117
757.457440
757.424803
758.010684
758.535084
758.996737
759.394527
759.727495
759.994838
760.195910
760.330229
760.397469
760.397469
760.330229
760.195910
759.994838
759.727495
759.394527
758.996737
758.535084
758.010684
757.424803
757.392211
757.977296
758.500985
758.962010
759.359260
759.691776
759.958756
760.159555
760.293691
760.360840
760.360840
760.293691
760.159555
759.958756
759.691776
759.359260
758.962010
758.500985
757.977296
757.392211
757.359663
757.943954
758.466931
758.927331
759.324042
759.656106
759.922723
760.123250
760.257204
760.324261
760.324261
760.257204
760.123250
759.922723
759.656106
759.324042
758.927331
758.466931
757.943954
757.359663
757.327159
757.910657
758.432924
758.892699
759.288871
759.620484
759.886739
760.086994
760.220766
760.287732
760.287732
760.220766
760.086994
759.886739
759.620484
759.288871
758.892699
758.432924
757.910657
757.327159
757.294700
757.877405
758.398963
758.858114
759.253748
759.584911
759.850805
760.050788
760.184378
760.251253
760.251253
760.184378
760.050788
759.850805
759.584911
759.253748
758.858114
758.398963
757.877405
757.294700
757.262285
757.844199
758.365049
758.823576
759.218673
759.549387
759.814919
760.014630
760.148039
760.214824
760.214824
760.148039
760.014630
759.814919
759.549387
759.218673
758.823576
758.365049
757.844199
757.262285
757.229913
757.811038
758.331181
758.789085
759.183646
759.513910
759.779083
759.978523
760.111750
760.178445
760.178445
760.111750
759.978523
759.779083
759.513910
759.183646
758.789085
758.331181
757.811038
757.229913
757.197586
757.777922
758.297358
758.754641
759.148666
759.478483
759.743295
759.942464
760.075511
760.142115
760.142115
760.075511
759.942464
759.743295
759.478483
759.148666
758.754641
758.297358
757.777922
757.197586
757.165303
757.744851
758.263582
758.720244
759.113735
759.443103
759.707556
759.906455
760.039321
760.105834
760.105834
760.039321
759.906455
759.707556
759.443103
759.113735
758.720244
758.263582
757.744851
757.165303
757.133063
757.711824
758.229852
758.685894
759.078850
759.407772
759.671866
759.870495
760.003181
760.069604
760.069604
760.003181
759.870495
759.671866
759.407772
759.078850
758.685894
758.229852
757.711824
757.133063
757.100868
757.678843
758.196168
758.651591
759.044014
759.372489
759.636224
759.834584
759.967089
760.033422
760.033422
759.967089
759.834584
759.636224
759.372489
759.044014
758.651591
758.196168
757.678843
757.100868
757.068716
757.645907
758.162529
758.617334
759.009225
759.337254
759.600631
759.798722
759.931048
759.997290
759.997290
759.931048
759.798722
759.600631
759.337254
759.009225
758.617334
758.162529
757.645907
757.068716
757.036608
757.613015
758.128937
758.583125
758.974483
759.302067
759.565087
759.762908
759.895055
759.961208
759.961208
759.895055
759.762908
759.565087
759.302067
758.974483
758.583125
758.128937
757.613015
757.036608
757.004543
757.580169
758.095390
758.548961
758.939788
759.266928
759.529591
759.727144
759.859111
759.925174
759.925174
759.859111
759.727144
759.529591
759.266928
758.939788
758.548961
758.095390
757.580169
757.004543
756.972522
757.547367
758.061888
758.514844
758.905141
759.231837
759.494143
759.691428
759.823216
759.889190
759.889190
759.823216
759.691428
759.494143
759.231837
758.905141
758.514844
758.061888
757.547367
756.972522
756.940545
757.514609
758.028433
758.480774
758.870541
759.196794
759.458744
759.655761
759.787370
759.853254
759.853254
759.787370
759.655761
759.458744
759.196794
758.870541
758.480774
758.028433
757.514609
756.940545
756.908611
757.481896
757.995022
758.446750
758.835988
759.161798
759.423393
759.620143
759.751574
759.817368
759.817368
759.751574
759.620143
759.423393
759.161798
758.835988
758.446750
757.995022
757.481896
756.908611
756.876720
757.449228
757.961658
758.412772
758.801483
759.126850
759.388090
759.584573
759.715826
759.781531
759.781531
759.715826
759.584573
759.388090
759.126850
758.801483
758.412772
757.961658
757.449228
756.876720
756.844873
757.416604
757.928338
758.378841
758.767024
759.091950
759.352836
759.549052
759.680126
759.745742
759.745742
759.680126
759.549052
759.352836
759.091950
758.767024
758.378841
757.928338
757.416604
756.844873
756.813069
757.384024
757.895064
758.344956
758.732612
759.057097
759.317629
759.513579
759.644476
759.710003
759.710003
759.644476
759.513579
759.317629
759.057097
758.732612
758.344956
757.895064
757.384024
756.813069
756.781308
757.351488
757.861836
758.311117
758.698247
759.022292
759.282470
759.478155
759.608874
759.674312
759.674312
759.608874
759.478155
759.282470
759.022292
758.698247
758.311117
757.861836
757.351488
756.781308
756.749591
757.318997
757.828652
758.277324
758.663929
758.987534
759.247360
759.442779
759.573320
759.638669
759.638669
759.573320
759.442779
759.247360
758.987534
758.663929
758.277324
757.828652
757.318997
756.749591
756.717916
757.286550
757.795514
758.243577
758.629657
758.952824
759.212297
759.407451
759.537815
759.603076
759.603076
759.537815
759.407451
759.212297
758.952824
758.629657
758.243577
757.795514
757.286550
756.717916
756.686284
757.254147
757.762421
758.209876
758.595433
758.918161
759.177282
759.372171
759.502358
759.567531
759.567531
759.502358
759.372171
759.177282
758.918161
758.595433
758.209876
757.762421
757.254147
756.686284
756.654696
757.221789
757.729372
758.176221
758.561254
758.883545
759.142314
759.336939
759.466950
759.532034
759.532034
759.466950
759.336939
759.142314
758.883545
758.561254
758.176221
757.729372
757.221789
756.654696
756.623150
757.189474
757.696369
758.142611
758.527123
758.848976
759.107395
759.301755
759.431590
759.496586
759.496586
759.431590
759.301755
759.107395
758.848976
758.527123
758.142611
757.696369
757.189474
756.623150
756.591647
757.157203
757.663411
758.109047
758.493038
758.814454
759.072522
759.266620
759.396278
759.461186
759.461186
759.396278
759.266620
759.072522
758.814454
758.493038
758.109047
757.663411
757.157203
756.591647
756.560187
757.124976
757.630497
758.075529
758.458999
758.779980
759.037698
759.231532
759.361014
759.425834
759.425834
759.361014
759.231532
759.037698
758.779980
758.458999
758.075529
757.630497
757.124976
756.560187
756.528770
757.092792
757.597628
758.042057
758.425006
758.745552
759.002921
759.196492
759.325799
759.390530
759.390530
759.325799
759.196492
759.002921
758.745552
758.425006
758.042057
757.597628
757.092792
756.528770
756.497395
757.060653
757.564804
758.008630
758.391060
758.711171
758.968191
759.161499
759.290631
759.355275
759.355275
759.290631
759.161499
758.968191
758.711171
758.391060
758.008630
757.564804
757.060653
756.497395
756.466063
757.028557
757.532024
757.975249
758.357160
758.676837
758.933508
759.126555
759.255511
759.320067
759.320067
759.255511
759.126555
758.933508
758.676837
758.357160
757.975249
757.532024
757.028557
756.466063
756.434773
756.996505
757.499289
757.941913
758.323307
758.642550
758.898873
759.091658
759.220439
759.284908
759.284908
759.220439
759.091658
758.898873
758.642550
758.323307
757.941913
757.499289
756.996505
756.434773
756.403526
756.964496
757.466599
757.908622
758.289499
758.608309
758.864285
759.056808
759.185415
759.249796
759.249796
759.185415
759.056808
758.864285
758.608309
758.289499
757.908622
757.466599
756.964496
756.403526
756.372322
756.932531
757.433953
757.875377
758.255737
758.574115
758.829744
759.022006
759.150439
759.214733
759.214733
759.150439
759.022006
758.829744
758.574115
758.255737
757.875377
757.433953
756.932531
756.372322
756.341159
756.900609
757.401351
757.842177
758.222021
758.539968
758.795250
758.987251
759.115510
759.179717
759.179717
759.115510
758.987251
758.795250
758.539968
758.222021
757.842177
757.401351
756.900609
756.341159
756.310039
756.868730
757.368794
757.809022
758.188351
758.505867
758.760803
758.952544
759.080629
759.144749
759.144749
759.080629
758.952544
758.760803
758.505867
758.188351
757.809022
757.368794
756.868730
756.310039
756.278961
756.836895
757.336281
757.775912
758.154727
758.471813
758.726403
758.917884
759.045795
759.109828
759.109828
759.045795
758.917884
758.726403
758.471813
758.154727
757.775912
757.336281
756.836895
756.278961
756.247926
756.805103
757.303812
757.742847
758.121149
758.437804
758.692049
758.883271
759.011009
759.074955
759.074955
759.011009
758.883271
758.692049
758.437804
758.121149
757.742847
757.303812
756.805103
756.247926
756.216932
756.773354
757.271387
757.709827
758.087616
758.403843
758.657743
758.848706
758.976270
759.040130
759.040130
758.976270
758.848706
758.657743
758.403843
758.087616
757.709827
757.271387
756.773354
756.216932
756.185981
756.741649
757.239007
757.676853
758.054129
758.369927
758.623483
758.814187
758.941579
759.005352
759.005352
758.941579
758.814187
758.623483
758.369927
758.054129
757.676853
757.239007
756.741649
756.185981
756.155072
756.709986
757.206670
757.643922
758.020688
758.336057
758.589270
758.779716
758.906935
758.970621
758.970621
758.906935
758.779716
758.589270
758.336057
758.020688
757.643922
757.206670
756.709986
756.155072
756.124204
756.678367
757.174377
757.611037
757.987292
758.302234
758.555104
758.745291
758.872338
758.935938
758.935938
758.872338
758.745291
758.555104
758.302234
757.987292
757.611037
757.174377
756.678367
756.124204
756.093379
756.646790
757.142128
757.578197
757.953942
758.268457
758.520984
758.710913
758.837788
758.901301
758.901301
758.837788
758.710913
758.520984
758.268457
757.953942
757.578197
757.142128
756.646790
756.093379
756.062595
756.615256
757.109923
757.545401
757.920636
758.234725
758.486910
758.676582
758.803285
758.866712
758.866712
758.803285
758.676582
758.486910
758.234725
757.920636
757.545401
757.109923
756.615256
756.062595
756.031853
756.583766
757.077762
757.512649
757.887377
758.201040
758.452883
758.642298
758.768829
758.832171
758.832171
758.768829
758.642298
758.452883
758.201040
757.887377
757.512649
757.077762
756.583766
756.031853
756.001153
756.552317
757.045645
757.479942
757.854162
758.167400
758.418902
758.608060
758.734420
758.797676
758.797676
758.734420
758.608060
758.418902
758.167400
757.854162
757.479942
757.045645
756.552317
756.001153
755.970494
756.520912
757.013571
757.447280
757.820992
758.133806
758.384967
758.573869
758.700058
758.763228
758.763228
758.700058
758.573869
758.384967
758.133806
757.820992
757.447280
757.013571
756.520912
755.970494
755.939877
756.489549
756.981540
757.414662
757.787868
758.100258
758.351079
758.539725
758.665742
758.728827
758.728827
758.665742
758.539725
758.351079
758.100258
757.787868
757.414662
756.981540
756.489549
755.939877
755.909301
756.458229
756.949554
757.382088
757.754789
758.066756
758.317236
758.505627
758.631474
758.694473
758.694473
758.631474
758.505627
758.317236
758.066756
757.754789
757.382088
756.949554
756.458229
755.909301
755.878767
756.426951
756.917610
757.349559
757.721755
758.033299
758.283440
758.471576
758.597252
758.660165
758.660165
758.597252
758.471576
758.283440
758.033299
757.721755
757.349559
756.917610
756.426951
755.878767
755.848275
756.395716
756.885710
757.317074
757.688765
757.999887
758.249690
758.437570
758.563076
758.625905
758.625905
758.563076
758.437570
758.249690
757.999887
757.688765
757.317074
756.885710
756.395716
755.848275
755.817824
756.364523
756.853854
757.284633
757.655821
757.966521
758.215985
758.403611
758.528947
758.591691
758.591691
758.528947
758.403611
758.215985
757.966521
757.655821
757.284633
756.853854
756.364523
755.817824
755.787414
756.333373
756.822040
757.252236
757.622921
757.933201
758.182327
758.369699
758.494865
758.557523
758.557523
758.494865
758.369699
758.182327
757.933201
757.622921
757.252236
756.822040
756.333373
755.787414
755.757045
756.302264
756.790270
757.219883
757.590066
757.899925
758.148714
758.335832
758.460829
758.523402
758.523402
758.460829
758.335832
758.148714
757.899925
757.590066
757.219883
756.790270
756.302264
755.757045
755.726718
756.271198
756.758543
757.187574
757.557256
757.866695
758.115147
758.302012
758.426839
758.489328
758.489328
758.426839
758.302012
758.115147
757.866695
757.557256
757.187574
756.758543
756.271198
755.726718
755.696431
756.240175
756.726859
757.155309
757.524490
757.833511
758.081626
758.268237
758.392895
758.455300
758.455300
758.392895
758.268237
758.081626
757.833511
757.524490
757.155309
756.726859
756.240175
755.696431
755.666186
756.209193
756.695218
757.123088
757.491769
757.800371
758.048150
758.234509
758.358998
758.421318
758.421318
758.358998
758.234509
758.048150
757.800371
757.491769
757.123088
756.695218
756.209193
755.666186
755.635982
756.178253
756.663620
757.090911
757.459092
757.767276
758.014720
758.200826
758.325147
758.387382
758.387382
758.325147
758.200826
758.014720
757.767276
757.459092
757.090911
756.663620
756.178253
755.635982
755.605818
756.147355
756.632065
757.058777
757.426460
757.734227
757.981335
758.167189
758.291342
758.353493
758.353493
758.291342
758.167189
757.981335
757.734227
757.426460
757.058777
756.632065
756.147355
755.605818
755.575696
756.116500
756.600553
757.026687
757.393872
757.701222
757.947996
758.133598
758.257583
758.319650
758.319650
758.257583
758.133598
757.947996
757.701222
757.393872
757.026687
756.600553
756.116500
755.575696
755.545614
756.085686
756.569084
756.994640
757.361328
757.668262
757.914702
758.100053
758.223869
758.285852
758.285852
758.223869
758.100053
757.914702
757.668262
757.361328
756.994640
756.569084
756.085686
755.545614
755.515573
756.054914
756.537657
756.962638
757.328829
757.635347
757.881453
758.066553
758.190202
758.252101
758.252101
758.190202
758.066553
757.881453
757.635347
757.328829
756.962638
756.537657
756.054914
755.515573
755.485573
756.024183
756.506273
756.930678
757.296374
757.602477
757.848250
758.033099
758.156581
758.218396
758.218396
758.156581
758.033099
757.848250
757.602477
757.296374
756.930678
756.506273
756.024183
755.485573
755.455614
755.993495
756.474932
756.898762
757.263962
757.569651
757.815091
757.999691
758.123005
758.184736
758.184736
758.123005
757.999691
757.815091
757.569651
757.263962
756.898762
756.474932
755.993495
755.455614
755.425695
755.962848
756.443633
756.866889
757.231595
757.536870
757.781978
757.966328
758.089475
758.151122
758.151122
758.089475
757.966328
757.781978
757.536870
757.231595
756.866889
756.443633
755.962848
755.425695
755.395817
755.932242
756.412377
756.835060
757.199272
757.504134
757.748910
757.933010
758.055990
758.117555
758.117555
758.055990
757.933010
757.748910
757.504134
757.199272
756.835060
756.412377
755.932242
755.395817
755.365979
755.901678
756.381163
756.803274
757.166993
757.471442
757.715886
757.899737
758.022551
758.084032
758.084032
758.022551
757.899737
757.715886
757.471442
757.166993
756.803274
756.381163
755.901678
755.365979
755.336182
755.871156
756.349991
756.771531
757.134758
757.438794
757.682908
757.866510
757.989158
758.050555
758.050555
757.989158
757.866510
757.682908
757.438794
757.134758
756.771531
756.349991
755.871156
755.336182
755.306425
755.840675
756.318862
756.739831
757.102566
757.406191
757.649975
757.833328
757.955810
758.017124
758.017124
757.955810
757.833328
757.649975
757.406191
757.102566
756.739831
756.318862
755.840675
755.306425
755.276708
755.810235
756.287775
756.708174
757.070418
757.373633
757.617086
757.800191
757.922507
757.983739
757.983739
757.922507
757.800191
757.617086
757.373633
757.070418
756.708174
756.287775
755.810235
755.276708
755.247032
755.779836
756.256730
756.676560
757.038314
757.341118
757.584242
757.767099
757.889249
757.950398
757.950398
757.889249
757.767099
757.584242
757.341118
757.038314
756.676560
756.256730
755.779836
755.247032
755.217396
755.749479
756.225727
756.644989
757.006254
757.308648
757.551442
757.734052
757.856037
757.917103
757.917103
757.856037
757.734052
757.551442
757.308648
757.006254
756.644989
756.225727
755.749479
755.217396
755.187800
755.719163
756.194767
756.613461
756.974237
757.276221
757.518687
757.701050
757.822870
757.883854
757.883854
757.822870
757.701050
757.518687
757.276221
756.974237
756.613461
756.194767
755.719163
755.187800
755.158244
755.688888
756.163848
756.581976
756.942263
757.243839
757.485977
757.668093
757.789748
757.850649
757.850649
757.789748
757.668093
757.485977
757.243839
756.942263
756.581976
756.163848
755.688888
755.158244
755.128728
755.658654
756.132971
756.550534
756.910333
757.211501
757.453311
757.635181
757.756671
757.817490
757.817490
757.756671
757.635181
757.453311
757.211501
756.910333
756.550534
756.132971
755.658654
755.128728
755.099252
755.628461
756.102137
756.519134
756.878446
757.179207
757.420690
757.602313
757.723639
757.784375
757.784375
757.723639
757.602313
757.420690
757.179207
756.878446
756.519134
756.102137
755.628461
755.099252
755.069817
755.598309
756.071344
756.487777
756.846603
757.146956
757.388113
757.569490
757.690652
757.751306
757.751306
757.690652
757.569490
757.388113
757.146956
756.846603
756.487777
756.071344
755.598309
755.069817
755.040421
755.568198
756.040592
756.456462
756.814803
757.114750
757.355580
757.536712
757.657710
757.718282
757.718282
757.657710
757.536712
757.355580
757.114750
756.814803
756.456462
756.040592
755.568198
755.040421
755.011064
755.538128
756.009883
756.425190
756.783046
757.082587
757.323091
757.503978
757.624812
757.685302
757.685302
757.624812
757.503978
757.323091
757.082587
756.783046
756.425190
756.009883
755.538128
755.011064
754.981748
755.508098
755.979215
756.393960
756.751332
757.050468
757.290647
757.471289
757.591960
757.652368
757.652368
757.591960
757.471289
757.290647
757.050468
756.751332
756.393960
755.979215
755.508098
754.981748
754.952471
755.478110
755.948589
756.362773
756.719661
757.018392
757.258246
757.438644
757.559152
757.619478
757.619478
757.559152
757.438644
757.258246
757.018392
756.719661
756.362773
755.948589
755.478110
754.952471
754.923234
755.448161
755.918004
756.331628
756.688033
756.986360
757.225890
757.406044
757.526388
757.586633
757.586633
757.526388
757.406044
757.225890
756.986360
756.688033
756.331628
755.918004
755.448161
754.923234
754.894037
755.418254
755.887461
756.300525
756.656448
756.954372
757.193577
757.373488
757.493669
757.553832
757.553832
757.493669
757.373488
757.193577
756.954372
756.656448
756.300525
755.887461
755.418254
754.894037
754.864879
755.388387
755.856959
756.269465
756.624906
756.922427
757.161309
757.340976
757.460995
757.521077
757.521077
757.460995
757.340976
757.161309
756.922427
756.624906
756.269465
755.856959
755.388387
754.864879
754.835761
755.358560
755.826499
756.238446
756.593407
756.890525
757.129084
757.308508
757.428365
757.488365
757.488365
757.428365
757.308508
757.129084
756.890525
756.593407
756.238446
755.826499
755.358560
754.835761
754.806682
755.328774
755.796080
756.207470
756.561951
756.858667
757.096903
757.276084
757.395779
757.455698
757.455698
757.395779
757.276084
757.096903
756.858667
756.561951
756.207470
755.796080
755.328774
754.806682
754.777642
755.299028
755.765702
756.176536
756.530537
756.826852
757.064766
757.243705
757.363237
757.423076
757.423076
757.363237
757.243705
757.064766
756.826852
756.530537
756.176536
755.765702
755.299028
754.777642
754.748642
755.269323
755.735366
756.145643
756.499166
756.795080
757.032672
757.211369
757.330740
757.390498
757.390498
757.330740
757.211369
757.032672
756.795080
756.499166
756.145643
755.735366
755.269323
754.748642
754.719681
755.239658
755.705070
756.114793
756.467838
756.763352
757.000622
757.179077
757.298287
757.357964
757.357964
757.298287
757.179077
757.000622
756.763352
756.467838
756.114793
755.705070
755.239658
754.719681
754.690759
755.210033
755.674816
756.083985
756.436552
756.731666
756.968616
757.146830
757.265878
757.325474
757.325474
757.265878
757.146830
756.968616
756.731666
756.436552
756.083985
755.674816
755.210033
754.690759
754.661876
755.180448
755.644602
756.053218
756.405308
756.700023
756.936653
757.114625
757.233513
757.293028
757.293028
757.233513
757.114625
756.936653
756.700023
756.405308
756.053218
755.644602
755.180448
754.661876
754.633033
755.150903
755.614430
756.022493
756.374107
756.668424
756.904733
757.082465
757.201192
757.260627
757.260627
757.201192
757.082465
756.904733
756.668424
756.374107
756.022493
755.614430
755.150903
754.633033
754.604228
755.121398
755.584298
755.991809
756.342948
756.636867
756.872857
757.050349
757.168915
757.228269
757.228269
757.168915
757.050349
756.872857
756.636867
756.342948
755.991809
755.584298
755.121398
754.604228
754.575463
755.091934
755.554208
755.961168
756.311832
756.605353
756.841024
757.018276
757.136681
757.195956
757.195956
757.136681
757.018276
756.841024
756.605353
756.311832
755.961168
755.554208
755.091934
754.575463
754.546736
755.062509
755.524158
755.930568
756.280757
756.573882
756.809234
756.986246
757.104492
757.163686
757.163686
757.104492
756.986246
756.809234
756.573882
756.280757
755.930568
755.524158
755.062509
754.546736
754.518049
755.033124
755.494148
755.900009
756.249725
756.542453
756.777487
756.954260
757.072346
757.131460
757.131460
757.072346
756.954260
756.777487
756.542453
756.249725
755.900009
755.494148
755.033124
754.518049
754.489400
755.003779
755.464180
755.869492
756.218735
756.511068
756.745784
756.922318
757.040244
757.099278
757.099278
757.040244
756.922318
756.745784
756.511068
756.218735
755.869492
755.464180
755.003779
754.489400
754.460790
754.974473
755.434252
755.839016
756.187787
756.479725
756.714123
756.890419
757.008185
757.067140
757.067140
757.008185
756.890419
756.714123
756.479725
756.187787
755.839016
755.434252
754.974473
754.460790
754.432218
754.945207
755.404365
755.808581
756.156881
756.448424
756.682506
756.858563
756.976170
757.035045
757.035045
756.976170
756.858563
756.682506
756.448424
756.156881
755.808581
755.404365
754.945207
754.432218
754.403686
754.915981
755.374518
755.778188
756.126017
756.417166
756.650931
756.826750
756.944199
757.002994
757.002994
756.944199
756.826750
756.650931
756.417166
756.126017
755.778188
755.374518
754.915981
754.403686
754.375192
754.886795
755.344712
755.747836
756.095195
756.385950
756.619400
756.794981
756.912271
756.970986
756.970986
756.912271
756.794981
756.619400
756.385950
756.095195
755.747836
755.344712
754.886795
754.375192
754.346736
754.857648
755.314946
755.717525
756.064415
756.354777
756.587911
756.763255
756.880386
756.939022
756.939022
756.880386
756.763255
756.587911
756.354777
756.064415
755.717525
755.314946
754.857648
754.346736
754.318319
754.828540
755.285220
755.687256
756.033676
756.323646
756.556464
756.731571
756.848544
756.907101
756.907101
756.848544
756.731571
756.556464
756.323646
756.033676
755.687256
755.285220
754.828540
754.318319
754.289941
754.799472
755.255535
755.657027
756.002979
756.292557
756.525061
756.699931
756.816746
756.875224
756.875224
756.816746
756.699931
756.525061
756.292557
756.002979
755.657027
755.255535
754.799472
754.289941
754.261601
754.770443
755.225890
755.626839
755.972324
756.261510
756.493700
756.668334
756.784991
756.843390
756.843390
756.784991
756.668334
756.493700
756.261510
755.972324
755.626839
755.225890
754.770443
754.261601
754.233299
754.741454
755.196285
755.596692
755.941710
756.230505
756.462382
756.636780
756.753279
756.811599
756.811599
756.753279
756.636780
756.462382
756.230505
755.941710
755.596692
755.196285
754.741454
754.233299
754.205035
754.712504
755.166720
755.566586
755.911138
756.199543
756.431106
756.605268
756.721610
756.779851
756.779851
756.721610
756.605268
756.431106
756.199543
755.911138
755.566586
755.166720
754.712504
754.205035
754.176810
754.683593
755.137195
755.536521
755.880607
756.168622
756.399872
756.573799
756.689984
756.748146
756.748146
756.689984
756.573799
756.399872
756.168622
755.880607
755.536521
755.137195
754.683593
754.176810
754.148623
754.654721
755.107710
755.506497
755.850118
756.137744
756.368681
756.542373
756.658401
756.716485
756.716485
756.658401
756.542373
756.368681
756.137744
755.850118
755.506497
755.107710
754.654721
754.148623
754.120474
754.625888
755.078265
755.476513
755.819670
756.106907
756.337533
756.510990
756.626861
756.684866
756.684866
756.626861
756.510990
756.337533
756.106907
755.819670
755.476513
755.078265
754.625888
754.120474
754.092363
754.597094
755.048860
755.446570
755.789263
756.076112
756.306426
756.479649
756.595363
756.653290
756.653290
756.595363
756.479649
756.306426
756.076112
755.789263
755.446570
755.048860
754.597094
754.092363
754.064291
754.568340
755.019495
755.416667
755.758897
756.045359
756.275362
756.448351
756.563909
756.621758
756.621758
756.563909
756.448351
756.275362
756.045359
755.758897
755.416667
755.019495
754.568340
754.064291
754.036256
754.539624
754.990170
755.386805
755.728573
756.014648
756.244340
756.417095
756.532497
756.590267
756.590267
756.532497
756.417095
756.244340
756.014648
755.728573
755.386805
754.990170
754.539624
754.036256
754.008259
754.510947
754.960884
755.356984
755.698290
755.983978
756.213360
756.385882
756.501128
756.558820
756.558820
756.501128
756.385882
756.213360
755.983978
755.698290
755.356984
754.960884
754.510947
754.008259
753.980300
754.482309
754.931638
755.327203
755.668048
755.953350
756.182422
756.354710
756.469801
756.527415
756.527415
756.469801
756.354710
756.182422
755.953350
755.668048
755.327203
754.931638
754.482309
753.980300
753.952379
754.453709
754.902432
755.297462
755.637846
755.922763
756.151526
756.323582
756.438517
756.496053
756.496053
756.438517
756.323582
756.151526
755.922763
755.637846
755.297462
754.902432
754.453709
753.952379
753.924495
754.425148
754.873265
755.267762
755.607686
755.892218
756.120672
756.292495
756.407275
756.464734
756.464734
756.407275
756.292495
756.120672
755.892218
755.607686
755.267762
754.873265
754.425148
753.924495
753.896649
754.396626
754.844137
755.238101
755.577567
755.861715
756.089859
756.261451
756.376075
756.433457
756.433457
756.376075
756.261451
756.089859
755.861715
755.577567
755.238101
754.844137
754.396626
753.896649
753.868841
754.368143
754.815050
755.208481
755.547488
755.831252
756.059089
756.230448
756.344918
756.402222
756.402222
756.344918
756.230448
756.059089
755.831252
755.547488
755.208481
754.815050
754.368143
753.868841
753.841071
754.339698
754.786001
755.178901
755.517451
755.800831
756.028360
756.199488
756.313803
756.371030
756.371030
756.313803
756.199488
756.028360
755.800831
755.517451
755.178901
754.786001
754.339698
753.841071
753.813338
754.311292
754.756992
755.149362
755.487453
755.770451
755.997673
756.168570
756.282731
756.339880
756.339880
756.282731
756.168570
755.997673
755.770451
755.487453
755.149362
754.756992
754.311292
753.813338
753.785642
754.282924
754.728022
755.119862
755.457497
755.740113
755.967027
756.137694
756.251700
756.308772
756.308772
756.251700
756.137694
755.967027
755.740113
755.457497
755.119862
754.728022
754.282924
753.785642
753.757984
754.254594
754.699091
755.090402
755.427581
755.709815
755.936423
756.106859
756.220712
756.277707
756.277707
756.220712
756.106859
755.936423
755.709815
755.427581
755.090402
754.699091
754.254594
753.757984
753.730364
754.226303
754.670200
755.060982
755.397706
755.679559
755.905861
756.076067
756.189766
756.246684
756.246684
756.189766
756.076067
755.905861
755.679559
755.397706
755.060982
754.670200
754.226303
753.730364
753.702780
754.198050
754.641347
755.031602
755.367871
755.649343
755.875340
756.045316
756.158861
756.215702
756.215702
756.158861
756.045316
755.875340
755.649343
755.367871
755.031602
754.641347
754.198050
753.702780
753.675234
754.169835
754.612534
755.002261
755.338077
755.619169
755.844860
756.014607
756.127999
756.184763
756.184763
756.127999
756.014607
755.844860
755.619169
755.338077
755.002261
754.612534
754.169835
753.675234
753.647726
754.141658
754.583760
754.972961
755.308323
755.589035
755.814422
755.983939
756.097178
756.153866
756.153866
756.097178
755.983939
755.814422
755.589035
755.308323
754.972961
754.583760
754.141658
753.647726
753.620254
754.113520
754.555024
754.943700
755.278609
755.558943
755.784025
755.953313
756.066399
756.123010
756.123010
756.066399
755.953313
755.784025
755.558943
755.278609
754.943700
754.555024
754.113520
753.620254
753.592820
754.085420
754.526328
754.914479
755.248935
755.528891
755.753669
755.922729
756.035662
756.092197
756.092197
756.035662
755.922729
755.753669
755.528891
755.248935
754.914479
754.526328
754.085420
753.592820
753.565422
754.057357
754.497670
754.885297
755.219302
755.498879
755.723354
755.892186
756.004967
756.061425
756.061425
756.004967
755.892186
755.723354
755.498879
755.219302
754.885297
754.497670
754.057357
753.565422
753.538062
754.029333
754.469051
754.856155
755.189709
755.468909
755.693081
755.861684
755.974313
756.030695
756.030695
755.974313
755.861684
755.693081
755.468909
755.189709
754.856155
754.469051
754.029333
753.538062
753.510739
754.001346
754.440471
754.827052
755.160156
755.438979
755.662848
755.831224
755.943701
756.000007
756.000007
755.943701
755.831224
755.662848
755.438979
755.160156
754.827052
754.440471
754.001346
753.510739
753.483452
753.973397
754.411929
754.797989
755.130643
755.409090
755.632657
755.800805
755.913130
755.969360
755.969360
755.913130
755.800805
755.632657
755.409090
755.130643
754.797989
754.411929
753.973397
753.483452
753.456203
753.945487
754.383427
754.768965
755.101170
755.379241
755.602506
755.770428
755.882601
755.938755
755.938755
755.882601
755.770428
755.602506
755.379241
755.101170
754.768965
754.383427
753.945487
753.456203
753.428990
753.917613
754.354962
754.739980
755.071737
755.349432
755.572396
755.740091
755.852113
755.908191
755.908191
755.852113
755.740091
755.572396
755.349432
755.071737
754.739980
754.354962
753.917613
753.428990
753.401814
753.889778
754.326536
754.711034
755.042344
755.319664
755.542327
755.709796
755.821666
755.877669
755.877669
755.821666
755.709796
755.542327
755.319664
755.042344
754.711034
754.326536
753.889778
753.401814
753.374675
753.861980
754.298149
754.682128
755.012990
755.289936
755.512299
755.679541
755.791261
755.847188
755.847188
755.791261
755.679541
755.512299
755.289936
755.012990
754.682128
754.298149
753.861980
753.374675
753.347572
753.834220
754.269800
754.653261
754.983676
755.260249
755.482311
755.649328
755.760897
755.816749
755.816749
755.760897
755.649328
755.482311
755.260249
754.983676
754.653261
754.269800
753.834220
753.347572
753.320506
753.806497
754.241490
754.624433
754.954402
755.230602
755.452364
755.619156
755.730574
755.786350
755.786350
755.730574
755.619156
755.452364
755.230602
754.954402
754.624433
754.241490
753.806497
753.320506
753.293477
753.778812
754.213217
754.595644
754.925168
755.200994
755.422458
755.589024
755.700292
755.755993
755.755993
755.700292
755.589024
755.422458
755.200994
754.925168
754.595644
754.213217
753.778812
753.293477
753.266484
753.751164
754.184983
754.566894
754.895973
755.171427
755.392592
755.558934
755.670051
755.725677
755.725677
755.670051
755.558934
755.392592
755.171427
754.895973
754.566894
754.184983
753.751164
753.266484
753.239528
753.723554
754.156787
754.538183
754.866818
755.141900
755.362767
755.528884
755.639851
755.695402
755.695402
755.639851
755.528884
755.362767
755.141900
754.866818
754.538183
754.156787
753.723554
753.239528
753.212608
753.695981
754.128630
754.509510
754.837702
755.112413
755.332982
755.498875
755.609693
755.665168
755.665168
755.609693
755.498875
755.332982
755.112413
754.837702
754.509510
754.128630
753.695981
753.212608
753.185724
753.668445
754.100510
754.480877
754.808626
755.082966
755.303237
755.468906
755.579575
755.634976
755.634976
755.579575
755.468906
755.303237
755.082966
754.808626
754.480877
754.100510
753.668445
753.185724
753.158877
753.640946
754.072429
754.452282
754.779589
755.053559
755.273533
755.438978
755.549497
755.604824
755.604824
755.549497
755.438978
755.273533
755.053559
754.779589
754.452282
754.072429
753.640946
753.158877
753.132066
753.613485
754.044385
754.423726
754.750591
755.024192
755.243868
755.409091
755.519461
755.574712
755.574712
755.519461
755.409091
755.243868
755.024192
754.750591
754.423726
754.044385
753.613485
753.132066
753.105291
753.586060
754.016379
754.395208
754.721633
754.994864
755.214244
755.379244
755.489465
755.544642
755.544642
755.489465
755.379244
755.214244
754.994864
754.721633
754.395208
754.016379
753.586060
753.105291
753.078552
753.558673
753.988412
754.366729
754.692713
754.965576
755.184661
755.349438
755.459510
755.514613
755.514613
755.459510
755.349438
755.184661
754.965576
754.692713
754.366729
753.988412
753.558673
753.078552
753.051850
753.531323
753.960482
754.338289
754.663833
754.936328
755.155117
755.319671
755.429595
755.484624
755.484624
755.429595
755.319671
755.155117
754.936328
754.663833
754.338289
753.960482
753.531323
753.051850
753.025184
753.504010
753.932589
754.309887
754.634992
754.907120
755.125613
755.289946
755.399721
755.454675
755.454675
755.399721
755.289946
755.125613
754.907120
754.634992
754.309887
753.932589
753.504010
753.025184
752.998553
753.476733
753.904735
754.281524
754.606190
754.877950
755.096149
755.260260
755.369888
755.424768
755.424768
755.369888
755.260260
755.096149
754.877950
754.606190
754.281524
753.904735
753.476733
752.998553
752.971959
753.449494
753.876918
754.253199
754.577427
754.848821
755.066725
755.230615
755.340095
755.394901
755.394901
755.340095
755.230615
755.066725
754.848821
754.577427
754.253199
753.876918
753.449494
752.971959
752.945400
753.422291
753.849139
754.224912
754.548703
754.819731
755.037341
755.201010
755.310342
755.365074
755.365074
755.310342
755.201010
755.037341
754.819731
754.548703
754.224912
753.849139
753.422291
752.945400
752.918877
753.395125
753.821397
754.196663
754.520018
754.790680
755.007997
755.171445
755.280629
755.335288
755.335288
755.280629
755.171445
755.007997
754.790680
754.520018
754.196663
753.821397
753.395125
752.918877
752.892390
753.367996
753.793693
754.168453
754.491371
754.761669
754.978692
755.141920
755.250957
755.305542
755.305542
755.250957
755.141920
754.978692
754.761669
754.491371
754.168453
753.793693
753.367996
752.892390
752.865939
753.340903
753.766026
754.140281
754.462764
754.732696
754.949428
755.112435
755.221325
755.275836
755.275836
755.221325
755.112435
754.949428
754.732696
754.462764
754.140281
753.766026
753.340903
752.865939
752.839524
753.313847
753.738397
754.112147
754.434195
754.703763
754.920202
755.082990
755.191733
755.246170
755.246170
755.191733
755.082990
754.920202
754.703763
754.434195
754.112147
753.738397
753.313847
752.839524
752.813144
753.286828
753.710805
754.084051
754.405664
754.674870
754.891017
755.053585
755.162181
755.216545
755.216545
755.162181
755.053585
754.891017
754.674870
754.405664
754.084051
753.710805
753.286828
752.813144
752.786800
753.259845
753.683250
754.055993
754.377173
754.646015
754.861870
755.024219
755.132669
755.186960
755.186960
755.132669
755.024219
754.861870
754.646015
754.377173
754.055993
753.683250
753.259845
752.786800
752.760491
753.232899
753.655733
754.027973
754.348720
754.617199
754.832764
754.994893
755.103198
755.157415
755.157415
755.103198
754.994893
754.832764
754.617199
754.348720
754.027973
753.655733
753.232899
752.760491
752.734218
753.205988
753.628253
753.999991
754.320305
754.588422
754.803696
754.965607
755.073766
755.127910
755.127910
755.073766
754.965607
754.803696
754.588422
754.320305
753.999991
753.628253
753.205988
752.734218
752.707981
753.179115
753.600810
753.972046
754.291929
754.559685
754.774668
754.936361
755.044373
755.098445
755.098445
755.044373
754.936361
754.774668
754.559685
754.291929
753.972046
753.600810
753.179115
752.707981
752.681779
753.152277
753.573404
753.944140
754.263591
754.530986
754.745680
754.907154
755.015021
755.069019
755.069019
755.015021
754.907154
754.745680
754.530986
754.263591
753.944140
753.573404
753.152277
752.681779
752.655612
753.125476
753.546035
753.916271
754.235291
754.502326
754.716730
754.877987
754.985708
755.039634
755.039634
754.985708
754.877987
754.716730
754.502326
754.235291
753.916271
753.546035
753.125476
752.655612
752.629480
753.098711
753.518703
753.888440
754.207030
754.473705
754.687820
754.848860
754.956436
755.010288
755.010288
754.956436
754.848860
754.687820
754.473705
754.207030
753.888440
753.518703
753.098711
752.629480
752.603384
753.071982
753.491408
753.860646
754.178807
754.445122
754.658949
754.819771
754.927202
754.980983
754.980983
754.927202
754.819771
754.658949
754.445122
754.178807
753.860646
753.491408
753.071982
752.603384
752.577323
753.045290
753.464149
753.832891
754.150622
754.416578
754.630117
754.790722
754.898009
754.951716
754.951716
754.898009
754.790722
754.630117
754.416578
754.150622
753.832891
753.464149
753.045290
752.577323
752.551297
753.018633
753.436928
753.805172
754.122476
754.388073
754.601324
754.761713
754.868854
754.922490
754.922490
754.868854
754.761713
754.601324
754.388073
754.122476
753.805172
753.436928
753.018633
752.551297
752.525306
752.992012
753.409744
753.777491
754.094367
754.359606
754.572569
754.732743
754.839740
754.893303
754.893303
754.839740
754.732743
754.572569
754.359606
754.094367
753.777491
753.409744
752.992012
752.525306
752.499351
752.965428
753.382596
753.749848
754.066296
754.331178
754.543854
754.703811
754.810664
754.864155
754.864155
754.810664
754.703811
754.543854
754.331178
754.066296
753.749848
753.382596
752.965428
752.499351
752.473430
752.938879
753.355485
753.722242
754.038264
754.302789
754.515178
754.674919
754.781628
754.835047
754.835047
754.781628
754.674919
754.515178
754.302789
754.038264
753.722242
753.355485
752.938879
752.473430
752.447544
752.912366
753.328410
753.694673
754.010269
754.274437
754.486540
754.646067
754.752632
754.805978
754.805978
754.752632
754.646067
754.486540
754.274437
754.010269
753.694673
753.328410
752.912366
752.447544
752.421694
752.885889
753.301372
753.667141
753.982312
754.246124
754.457941
754.617253
754.723674
754.776949
754.776949
754.723674
754.617253
754.457941
754.246124
753.982312
753.667141
753.301372
752.885889
752.421694
752.395878
752.859447
753.274371
753.639647
753.954393
754.217850
754.429381
754.588478
754.694756
754.747959
754.747959
754.694756
754.588478
754.429381
754.217850
753.954393
753.639647
753.274371
752.859447
752.395878
752.370097
752.833041
753.247406
753.612190
753.926511
754.189613
754.400860
754.559742
754.665877
754.719008
754.719008
754.665877
754.559742
754.400860
754.189613
753.926511
753.612190
753.247406
752.833041
752.370097
752.344351
752.806671
753.220477
753.584769
753.898668
754.161415
754.372377
754.531045
754.637037
754.690096
754.690096
754.637037
754.531045
754.372377
754.161415
753.898668
753.584769
753.220477
752.806671
752.344351
752.318639
752.780337
753.193585
753.557386
753.870862
754.133255
754.343932
754.502387
754.608236
754.661224
754.661224
754.608236
754.502387
754.343932
754.133255
753.870862
753.557386
753.193585
752.780337
752.318639
752.292962
752.754038
753.166729
753.530040
753.843093
754.105133
754.315527
754.473767
754.579474
754.632390
754.632390
754.579474
754.473767
754.315527
754.105133
753.843093
753.530040
753.166729
752.754038
752.292962
752.267320
752.727774
753.139910
753.502731
753.815362
754.077049
754.287159
754.445187
754.550750
754.603596
754.603596
754.550750
754.445187
754.287159
754.077049
753.815362
753.502731
753.139910
752.727774
752.267320
752.241713
752.701546
753.113126
753.475459
753.787669
754.049003
754.258830
754.416645
754.522066
754.574840
754.574840
754.522066
754.416645
754.258830
754.049003
753.787669
753.475459
753.113126
752.701546
752.241713
752.216140
752.675354
753.086379
753.448224
753.760013
754.020995
754.230539
754.388141
754.493421
754.546124
754.546124
754.493421
754.388141
754.230539
754.020995
753.760013
753.448224
753.086379
752.675354
752.216140
752.190601
752.649196
753.059668
753.421025
753.732394
753.993024
754.202287
754.359676
754.464814
754.517446
754.517446
754.464814
754.359676
754.202287
753.993024
753.732394
753.421025
753.059668
752.649196
752.190601
752.165097
752.623074
753.032993
753.393863
753.704813
753.965092
754.174072
754.331250
754.436246
754.488807
754.488807
754.436246
754.331250
754.174072
753.965092
753.704813
753.393863
753.032993
752.623074
752.165097
752.139627
752.596988
753.006354
753.366738
753.677269
753.937197
754.145896
754.302862
754.407716
754.460207
754.460207
754.407716
754.302862
754.145896
753.937197
753.677269
753.366738
753.006354
752.596988
752.139627
752.114192
752.570936
752.979751
753.339650
753.649762
753.909340
754.117758
754.274512
754.379226
754.431645
754.431645
754.379226
754.274512
754.117758
753.909340
753.649762
753.339650
752.979751
752.570936
752.114192
752.088791
752.544920
752.953184
753.312598
753.622292
753.881521
754.089658
754.246201
754.350773
754.403123
754.403123
754.350773
754.246201
754.089658
753.881521
753.622292
753.312598
752.953184
752.544920
752.088791
752.063424
752.518939
752.926653
753.285582
753.594860
753.853739
754.061596
754.217928
754.322360
754.374638
754.374638
754.322360
754.217928
754.061596
753.853739
753.594860
753.285582
752.926653
752.518939
752.063424
752.038091
752.492992
752.900158
753.258604
753.567465
753.825995
754.033572
754.189693
754.293984
754.346192
754.346192
754.293984
754.189693
754.033572
753.825995
753.567465
753.258604
752.900158
752.492992
752.038091
752.012793
752.467081
752.873698
753.231661
753.540106
753.798288
754.005585
754.161497
754.265647
754.317785
754.317785
754.265647
754.161497
754.005585
753.798288
753.540106
753.231661
752.873698
752.467081
752.012793
751.987529
752.441205
752.847274
753.204755
753.512785
753.770619
753.977637
754.133338
754.237348
754.289416
754.289416
754.237348
754.133338
753.977637
753.770619
753.512785
753.204755
752.847274
752.441205
751.987529
751.962298
752.415364
752.820886
753.177885
753.485500
753.742987
753.949726
754.105218
754.209088
754.261086
754.261086
754.209088
754.105218
753.949726
753.742987
753.485500
753.177885
752.820886
752.415364
751.962298
751.937102
752.389557
752.794533
753.151052
753.458252
753.715393
753.921853
754.077136
754.180866
754.232793
754.232793
754.180866
754.077136
753.921853
753.715393
753.458252
753.151052
752.794533
752.389557
751.937102
751.911940
752.363786
752.768216
753.124255
753.431041
753.687836
753.894018
754.049091
754.152682
754.204539
754.204539
754.152682
754.049091
753.894018
753.687836
753.431041
753.124255
752.768216
752.363786
751.911940
751.886812
752.338049
752.741935
753.097494
753.403867
753.660316
753.866221
754.021085
754.124536
754.176324
754.176324
754.124536
754.021085
753.866221
753.660316
753.403867
753.097494
752.741935
752.338049
751.886812
751.861717
752.312347
752.715689
753.070769
753.376730
753.632833
753.838460
753.993116
754.096428
754.148146
754.148146
754.096428
753.993116
753.838460
753.632833
753.376730
753.070769
752.715689
752.312347
751.861717
751.836656
752.286679
752.689478
753.044080
753.349629
753.605387
753.810738
753.965186
754.068358
754.120007
754.120007
754.068358
753.965186
753.810738
753.605387
753.349629
753.044080
752.689478
752.286679
751.836656
751.811630
752.261046
752.663303
753.017428
753.322565
753.577979
753.783053
753.937293
754.040326
754.091905
754.091905
754.040326
753.937293
753.783053
753.577979
753.322565
753.017428
752.663303
752.261046
751.811630
751.786636
752.235448
752.637163
752.990811
753.295537
753.550607
753.755405
753.909437
754.012332
754.063842
754.063842
754.012332
753.909437
753.755405
753.550607
753.295537
752.990811
752.637163
752.235448
751.786636
751.761677
752.209884
752.611058
752.964230
753.268546
753.523273
753.727795
753.881620
753.984376
754.035816
754.035816
753.984376
753.881620
753.727795
753.523273
753.268546
752.964230
752.611058
752.209884
751.761677
751.736751
752.184355
752.584989
752.937685
753.241592
753.495975
753.700222
753.853840
753.956457
754.007828
754.007828
753.956457
753.853840
753.700222
753.495975
753.241592
752.937685
752.584989
752.184355
751.736751
751.711859
752.158860
752.558955
752.911176
753.214673
753.468714
753.672686
753.826097
753.928577
753.979878
753.979878
753.928577
753.826097
753.672686
753.468714
753.214673
752.911176
752.558955
752.158860
751.711859
751.687000
752.133400
752.532956
752.884703
753.187792
753.441491
753.645188
753.798392
753.900734
753.951966
753.951966
753.900734
753.798392
753.645188
753.441491
753.187792
752.884703
752.532956
752.133400
751.687000
751.662175
752.107974
752.506992
752.858265
753.160946
753.414303
753.617726
753.770724
753.872928
753.924092
753.924092
753.872928
753.770724
753.617726
753.414303
753.160946
752.858265
752.506992
752.107974
751.662175
751.637383
752.082582
752.481063
752.831863
753.134137
753.387153
753.590302
753.743094
753.845161
753.896255
753.896255
753.845161
753.743094
753.590302
753.387153
753.134137
752.831863
752.481063
752.082582
751.637383
751.612625
752.057224
752.455169
752.805497
753.107363
753.360039
753.562915
753.715501
753.817430
753.868456
753.868456
753.817430
753.715501
753.562915
753.360039
753.107363
752.805497
752.455169
752.057224
751.612625
751.587900
752.031901
752.429310
752.779166
753.080626
753.332962
753.535565
753.687946
753.789738
753.840695
753.840695
753.789738
753.687946
753.535565
753.332962
753.080626
752.779166
752.429310
752.031901
751.587900
751.563209
752.006612
752.403485
752.752871
753.053926
753.305922
753.508252
753.660427
753.762082
753.812971
753.812971
753.762082
753.660427
753.508252
753.305922
753.053926
752.752871
752.403485
752.006612
751.563209
751.538550
751.981356
752.377696
752.726612
753.027261
753.278918
753.480975
753.632946
753.734464
753.785284
753.785284
753.734464
753.632946
753.480975
753.278918
753.027261
752.726612
752.377696
751.981356
751.538550
751.513925
751.956135
752.351942
752.700388
753.000632
753.251950
753.453736
753.605502
753.706884
753.757635
753.757635
753.706884
753.605502
753.453736
753.251950
753.000632
752.700388
752.351942
751.956135
751.513925
751.489333
751.930948
752.326222
752.674199
752.974039
753.225019
753.426533
753.578095
753.679340
753.730024
753.730024
753.679340
753.578095
753.426533
753.225019
752.974039
752.674199
752.326222
751.930948
751.489333
751.464774
751.905795
752.300537
752.648045
752.947482
753.198124
753.399367
753.550725
753.651834
753.702449
753.702449
753.651834
753.550725
753.399367
753.198124
752.947482
752.648045
752.300537
751.905795
751.464774
751.440249
751.880676
752.274886
752.621927
752.920961
753.171266
753.372238
753.523392
753.624365
753.674912
753.674912
753.624365
753.523392
753.372238
753.171266
752.920961
752.621927
752.274886
751.880676
751.440249
751.415756
751.855590
752.249270
752.595844
752.894476
753.144444
753.345145
753.496096
753.596933
753.647412
753.647412
753.596933
753.496096
753.345145
753.144444
752.894476
752.595844
752.249270
751.855590
751.415756
751.391296
751.830539
752.223689
752.569796
752.868026
753.117658
753.318089
753.468837
753.569538
753.619949
753.619949
753.569538
753.468837
753.318089
753.117658
752.868026
752.569796
752.223689
751.830539
751.391296
751.366870
751.805521
752.198142
752.543784
752.841612
753.090908
753.291070
753.441615
753.542180
753.592524
753.592524
753.542180
753.441615
753.291070
753.090908
752.841612
752.543784
752.198142
751.805521
751.366870
751.342476
751.780537
752.172630
752.517806
752.815234
753.064194
753.264087
753.414429
753.514859
753.565135
753.565135
753.514859
753.414429
753.264087
753.064194
752.815234
752.517806
752.172630
751.780537
751.342476
751.318115
751.755587
752.147152
752.491864
752.788891
753.037516
753.237140
753.387280
753.487575
753.537783
753.537783
753.487575
753.387280
753.237140
753.037516
752.788891
752.491864
752.147152
751.755587
751.318115
751.293787
751.730670
752.121708
752.465956
752.762584
753.010875
753.210230
753.360168
753.460328
753.510469
753.510469
753.460328
753.360168
753.210230
753.010875
752.762584
752.465956
752.121708
751.730670
751.293787
751.269491
751.705787
752.096299
752.440084
752.736312
752.984269
753.183356
753.333092
753.433118
753.483191
753.483191
753.433118
753.333092
753.183356
752.984269
752.736312
752.440084
752.096299
751.705787
751.269491
751.245229
751.680937
752.070924
752.414246
752.710076
752.957699
753.156518
753.306053
753.405944
753.455950
753.455950
753.405944
753.306053
753.156518
752.957699
752.710076
752.414246
752.070924
751.680937
751.245229
751.220999
751.656121
752.045583
752.388444
752.683876
752.931166
753.129717
753.279051
753.378807
753.428746
753.428746
753.378807
753.279051
753.129717
752.931166
752.683876
752.388444
752.045583
751.656121
751.220999
751.196801
751.631338
752.020276
752.362676
752.657710
752.904667
753.102952
753.252085
753.351707
753.401578
753.401578
753.351707
753.252085
753.102952
752.904667
752.657710
752.362676
752.020276
751.631338
751.196801
751.172636
751.606589
751.995003
752.336942
752.631580
752.878205
753.076223
753.225155
753.324643
753.374447
753.374447
753.324643
753.225155
753.076223
752.878205
752.631580
752.336942
751.995003
751.606589
751.172636
751.148504
751.581873
751.969765
752.311244
752.605485
752.851779
753.049530
753.198262
753.297616
753.347353
753.347353
753.297616
753.198262
753.049530
752.851779
752.605485
752.311244
751.969765
751.581873
751.148504
751.124404
751.557190
751.944560
752.285580
752.579426
752.825388
753.022873
753.171405
753.270626
753.320296
753.320296
753.270626
753.171405
753.022873
752.825388
752.579426
752.285580
751.944560
751.557190
751.124404
751.100337
751.532540
751.919390
752.259951
752.553401
752.799032
752.996252
753.144584
753.243671
753.293275
753.293275
753.243671
753.144584
752.996252
752.799032
752.553401
752.259951
751.919390
751.532540
751.100337
751.076302
751.507924
751.894253
752.234356
752.527412
752.772713
752.969667
753.117800
753.216754
753.266290
753.266290
753.216754
753.117800
752.969667
752.772713
752.527412
752.234356
751.894253
751.507924
751.076302
751.052300
751.483341
751.869151
752.208796
752.501458
752.746428
752.943118
753.091051
753.189872
753.239342
753.239342
753.189872
753.091051
752.943118
752.746428
752.501458
752.208796
751.869151
751.483341
751.052300
751.028330
751.458791
751.844082
752.183271
752.475538
752.720180
752.916605
753.064339
753.163027
753.212431
753.212431
753.163027
753.064339
752.916605
752.720180
752.475538
752.183271
751.844082
751.458791
751.028330
751.004392
751.434274
751.819047
752.157779
752.449654
752.693966
752.890127
753.037663
753.136218
753.185555
753.185555
753.136218
753.037663
752.890127
752.693966
752.449654
752.157779
751.819047
751.434274
751.004392
750.980486
751.409791
751.794045
752.132322
752.423805
752.667788
752.863685
753.011023
753.109445
753.158716
753.158716
753.109445
753.011023
752.863685
752.667788
752.423805
752.132322
751.794045
751.409791
750.980486
750.956612
751.385340
751.769078
752.106900
752.397990
752.641646
752.837279
752.984418
753.082709
753.131913
753.131913
753.082709
752.984418
752.837279
752.641646
752.397990
752.106900
751.769078
751.385340
750.956612
750.932771
751.360922
751.744144
752.081512
752.372210
752.615538
752.810909
752.957850
753.056008
753.105147
753.105147
753.056008
752.957850
752.810909
752.615538
752.372210
752.081512
751.744144
751.360922
750.932771
750.908962
751.336537
751.719243
752.056158
752.346465
752.589466
752.784574
752.931318
753.029344
753.078416
753.078416
753.029344
752.931318
752.784574
752.589466
752.346465
752.056158
751.719243
751.336537
750.908962
750.885184
751.312184
751.694377
752.030838
752.320755
752.563429
752.758275
752.904821
753.002715
753.051722
753.051722
753.002715
752.904821
752.758275
752.563429
752.320755
752.030838
751.694377
751.312184
750.885184
750.861439
751.287865
751.669543
752.005552
752.295080
752.537427
752.732011
752.878360
752.976123
753.025063
753.025063
752.976123
752.878360
752.732011
752.537427
752.295080
752.005552
751.669543
751.287865
750.861439
750.837726
751.263578
751.644744
751.980300
752.269439
752.511461
752.705782
752.851935
752.949566
752.998441
752.998441
752.949566
752.851935
752.705782
752.511461
752.269439
751.980300
751.644744
751.263578
750.837726
750.814045
751.239324
751.619977
751.955083
752.243832
752.485529
752.679589
752.825545
752.923045
752.971854
752.971854
752.923045
752.825545
752.679589
752.485529
752.243832
751.955083
751.619977
751.239324
750.814045
750.790395
751.215103
751.595244
751.929899
752.218260
752.459632
752.653432
752.799191
752.896560
752.945304
752.945304
752.896560
752.799191
752.653432
752.459632
752.218260
751.929899
751.595244
751.215103
750.790395
750.766777
751.190915
751.570544
751.904749
752.192723
752.433770
752.627309
752.772873
752.870111
752.918789
752.918789
752.870111
752.772873
752.627309
752.433770
752.192723
751.904749
751.570544
751.190915
750.766777
750.743191
751.166758
751.545878
751.879634
752.167220
752.407943
752.601222
752.746590
752.843698
752.892310
752.892310
752.843698
752.746590
752.601222
752.407943
752.167220
751.879634
751.545878
751.166758
750.743191
750.719637
751.142635
751.521245
751.854552
752.141752
752.382151
752.575170
752.720343
752.817320
752.865867
752.865867
752.817320
752.720343
752.575170
752.382151
752.141752
751.854552
751.521245
751.142635
750.719637
750.696115
751.118544
751.496645
751.829504
752.116318
752.356394
752.549153
752.694131
752.790977
752.839459
752.839459
752.790977
752.694131
752.549153
752.356394
752.116318
751.829504
751.496645
751.118544
750.696115
750.672624
751.094485
751.472078
751.804489
752.090918
752.330671
752.523171
752.667954
752.764671
752.813087
752.813087
752.764671
752.667954
752.523171
752.330671
752.090918
751.804489
751.472078
751.094485
750.672624
750.649165
751.070459
751.447544
751.779509
752.065552
752.304983
752.497225
752.641813
752.738399
752.786751
752.786751
752.738399
752.641813
752.497225
752.304983
752.065552
751.779509
751.447544
751.070459
750.649165
750.625737
751.046465
751.423043
751.754562
752.040221
752.279330
752.471313
752.615707
752.712163
752.760450
752.760450
752.712163
752.615707
752.471313
752.279330
752.040221
751.754562
751.423043
751.046465
750.625737
750.602341
751.022503
751.398575
751.729648
752.014923
752.253711
752.445436
752.589636
752.685963
752.734184
752.734184
752.685963
752.589636
752.445436
752.253711
752.014923
751.729648
751.398575
751.022503
750.602341
750.578977
750.998574
751.374140
751.704769
751.989660
752.228127
752.419595
752.563601
752.659798
752.707955
752.707955
752.659798
752.563601
752.419595
752.228127
751.989660
751.704769
751.374140
750.998574
750.578977
750.555643
750.974677
751.349739
751.679922
751.964431
752.202577
752.393788
752.537600
752.633668
752.681760
752.681760
752.633668
752.537600
752.393788
752.202577
751.964431
751.679922
751.349739
750.974677
750.555643
750.532342
750.950812
751.325370
751.655110
751.939236
752.177062
752.368015
752.511635
752.607573
752.655601
752.655601
752.607573
752.511635
752.368015
752.177062
751.939236
751.655110
751.325370
750.950812
750.532342
750.509071
750.926979
751.301033
751.630330
751.914074
752.151581
752.342278
752.485704
752.581514
752.629477
752.629477
752.581514
752.485704
752.342278
752.151581
751.914074
751.630330
751.301033
750.926979
750.509071
750.485832
750.903178
751.276730
751.605584
751.888947
752.126135
752.316575
752.459809
752.555490
752.603388
752.603388
752.555490
752.459809
752.316575
752.126135
751.888947
751.605584
751.276730
750.903178
750.485832
750.462624
750.879410
751.252459
751.580872
751.863854
752.100723
752.290907
752.433948
752.529501
752.577335
752.577335
752.529501
752.433948
752.290907
752.100723
751.863854
751.580872
751.252459
750.879410
750.462624
750.439447
750.855673
751.228221
751.556192
751.838794
752.075345
752.265274
752.408122
752.503547
752.551316
752.551316
752.503547
752.408122
752.265274
752.075345
751.838794
751.556192
751.228221
750.855673
750.439447
750.416302
750.831968
751.204016
751.531546
751.813768
752.050001
752.239675
752.382332
752.477628
752.525333
752.525333
752.477628
752.382332
752.239675
752.050001
751.813768
751.531546
751.204016
750.831968
750.416302
750.393188
750.808295
751.179843
751.506933
751.788776
752.024692
752.214110
752.356575
752.451743
752.499385
752.499385
752.451743
752.356575
752.214110
752.024692
751.788776
751.506933
751.179843
750.808295
750.393188
750.370104
750.784654
751.155703
751.482353
751.763818
751.999416
752.188580
752.330854
752.425894
752.473472
752.473472
752.425894
752.330854
752.188580
751.999416
751.763818
751.482353
751.155703
750.784654
750.370104
750.347052
750.761045
751.131595
751.457807
751.738893
751.974175
752.163085
752.305167
752.400080
752.447593
752.447593
752.400080
752.305167
752.163085
751.974175
751.738893
751.457807
751.131595
750.761045
750.347052
