873.000000
873.000000
873.000000
873.000000
873.000000
873.000000
873.000000
873.000000
873.000000
873.000000
873.000000
873.000000
873.000000
873.000000
873.000000
873.000000
873.000000
873.000000
873.000000
873.000000
873.000000
873.000000
873.000000
873.000000
873.000000
873.000000
873.000000
873.000000
873.000000
873.000000
873.000000
873.000000
873.000000
873.000000
873.000000
873.000000
873.000000
873.000000
873.000000
873.000000
873.000000
873.000000
873.000000
873.000000
873.000000
873.000000
873.000000
873.000000
873.000000
873.000000
873.000000
873.000000
873.000000
873.000000
873.000000
873.000000
873.000000
873.000000
873.000000
873.000000
873.000000
873.000000
873.000000
873.000000
873.000000
873.000000
873.000000
873.000000
873.000000
873.000000
873.000000
873.000000
873.000000
873.000000
873.000000
873.000000
873.000000
873.000000
873.000000
873.000000
873.000000
873.000000
873.000000
873.000000
873.000000
873.000000
873.000000
873.000000
873.000000
873.000000
873.000000
873.000000
873.000000
873.000000
873.000000
873.000000
873.000000
873.000000
873.000000
873.000000
873.000000
873.000000
873.000000
873.000000
873.000000
873.000000
873.000000
873.000000
873.000000
873.000000
873.000000
873.000000
873.000000
873.000000
873.000000
873.000000
873.000000
873.000000
873.000000
873.000000
873.000000
873.000000
873.000000
873.000000
873.000000
873.000000
873.000000
873.000000
873.000000
873.000000
873.000000
873.000000
873.000000
873.000000
873.000000
873.000000
873.000000
873.000000
873.000000
873.000000
873.000000
873.000000
873.000000
873.000000
873.000000
873.000000
873.000000
873.000000
873.000000
873.000000
873.000000
873.000000
873.000000
873.000000
873.000000
873.000000
873.000000
873.000000
873.000000
873.000000
873.000000
873.000000
873.000000
873.000000
873.000000
873.000000
873.000000
873.000000
873.000000
873.000000
873.000000
873.000000
873.000000
873.000000
873.000000
873.000000
873.000000
873.000000
873.000000
873.000000
873.000000
873.000000
873.000000
873.000000
873.000000
873.000000
873.000000
873.000000
873.000000
873.000000
873.000000
873.000000
873.000000
873.000000
873.000000
873.000000
873.000000
873.000000
873.000000
873.000000
873.000000
873.000000
873.000000
873.000000
873.000000
873.000000
873.000000
873.000000
873.000000
873.000000
873.000000
873.000000
873.000000
873.000000
873.000000
873.000000
873.000000
873.000000
873.000000
873.000000
873.000000
873.000000
873.000000
873.000000
873.000000
873.000000
873.000000
873.000000
873.000000
873.000000
873.000000
873.000000
873.000000
873.000000
873.000000
873.000000
873.000000
873.000000
873.000000
873.000000
873.000000
873.000000
873.000000
873.000000
873.000000
873.000000
873.000000
873.000000
873.000000
873.000000
873.000000
873.000000
873.000000
873.000000
873.000000
873.000000
873.000000
873.000000
873.000000
873.000000
873.000000
873.000000
873.000000
873.000000
873.000000
873.000000
873.000000
873.000000
873.000000
873.000000
873.000000
873.000000
873.000000
873.000000
873.000000
873.000000
873.000000
873.000000
873.000000
873.000000
873.000000
873.000000
873.000000
873.000000
873.000000
873.000000
873.000000
873.000000
873.000000
873.000000
873.000000
873.000000
873.000000
873.000000
873.000000
873.000000
873.000000
873.000000
873.000000
873.000000
873.000000
873.000000
873.000000
873.000000
873.000000
873.000000
873.000000
873.000000
873.000000
873.000000
873.000000
873.000000
873.000000
873.000000
873.000000
873.000000
873.000000
873.000000
873.000000
873.000000
873.000000
873.000000
873.000000
873.000000
873.000000
873.000000
873.000000
873.000000
873.000000
873.000000
873.000000
873.000000
873.000000
873.000000
873.000000
873.000000
873.000000
873.000000
873.000000
873.000000
873.000000
873.000000
873.000000
873.000000
873.000000
873.000000
873.000000
873.000000
873.000000
873.000000
873.000000
873.000000
873.000000
873.000000
873.000000
873.000000
873.000000
873.000000
873.000000
873.000000
873.000000
873.000000
873.000000
873.000000
873.000000
873.000000
873.000000
873.000000
873.000000
873.000000
873.000000
873.000000
873.000000
873.000000
873.000000
873.000000
873.000000
873.000000
873.000000
873.000000
873.000000
873.000000
873.000000
873.000000
873.000000
873.000000
873.000000
873.000000
873.000000
873.000000
873.000000
873.000000
873.000000
873.000000
873.000000
873.000000
873.000000
873.000000
873.000000
873.000000
873.000000
873.000000
873.000000
873.000000
873.000000
873.000000
873.000000
873.000000
873.000000
873.000000
873.000000
873.000000
873.000000
873.000000
873.000000
873.000000
873.000000
873.000000
873.000000
873.000000
873.000000
873.000000
873.000000
873.000000
873.000000
873.000000
873.000000
873.000000
873.000000
873.000000
873.000000
873.000000
873.000000
873.000000
873.000000
873.000000
873.000000
873.000000
873.000000
873.000000
873.000000
873.000000
873.000000
873.000000
873.000000
873.000000
873.000000
873.000000
873.000000
873.000000
873.000000
873.000000
873.000000
873.000000
873.000000
873.000000
873.000000
873.000000
873.000000
873.000000
873.000000
873.000000
873.000000
873.000000
873.000000
873.000000
873.000000
873.000000
873.000000
873.000000
873.000000
873.000000
873.000000
873.000000
873.000000
873.000000
873.000000
873.000000
873.000000
873.000000
873.000000
873.000000
873.000000
873.000000
873.000000
873.000000
873.000000
873.000000
873.000000
873.000000
873.000000
873.000000
873.000000
873.000000
873.000000
873.000000
873.000000
873.000000
873.000000
873.000000
873.000000
873.000000
873.000000
873.000000
873.000000
873.000000
873.000000
873.000000
873.000000
873.000000
873.000000
873.000000
873.000000
873.000000
873.000000
873.000000
873.000000
873.000000
873.000000
873.000000
873.000000
873.000000
873.000000
873.000000
873.000000
873.000000
873.000000
873.000000
873.000000
873.000000
873.000000
873.000000
873.000000
873.000000
873.000000
873.000000
873.000000
873.000000
873.000000
873.000000
873.000000
873.000000
873.000000
873.000000
873.000000
873.000000
873.000000
873.000000
873.000000
873.000000
873.000000
873.000000
873.000000
873.000000
873.000000
873.000000
873.000000
873.000000
873.000000
873.000000
873.000000
873.000000
873.000000
873.000000
873.000000
873.000000
873.000000
873.000000
873.000000
873.000000
873.000000
873.000000
873.000000
873.000000
873.000000
873.000000
873.000000
873.000000
873.000000
873.000000
873.000000
873.000000
873.000000
873.000000
873.000000
873.000000
873.000000
873.000000
873.000000
873.000000
873.000000
873.000000
873.000000
873.000000
873.000000
873.000000
873.000000
873.000000
873.000000
873.000000
873.000000
873.000000
873.000000
873.000000
873.000000
873.000000
873.000000
873.000000
873.000000
873.000000
873.000000
873.000000
873.000000
873.000000
873.000000
873.000000
873.000000
873.000000
873.000000
873.000000
873.000000
873.000000
873.000000
873.000000
873.000000
873.000000
873.000000
873.000000
873.000000
873.000000
873.000000
873.000000
873.000000
873.000000
873.000000
873.000000
873.000000
873.000000
873.000000
873.000000
873.000000
873.000000
873.000000
873.000000
873.000000
873.000000
873.000000
873.000000
873.000000
873.000000
873.000000
873.000000
873.000000
873.000000
873.000000
873.000000
873.000000
873.000000
873.000000
873.000000
873.000000
873.000000
873.000000
873.000000
873.000000
873.000000
873.000000
873.000000
873.000000
873.000000
873.000000
873.000000
873.000000
873.000000
873.000000
873.000000
873.000000
873.000000
873.000000
873.000000
873.000000
873.000000
873.000000
873.000000
873.000000
873.000000
873.000000
873.000000
873.000000
873.000000
873.000000
873.000000
873.000000
873.000000
873.000000
873.000000
873.000000
873.000000
873.000000
873.000000
873.000000
873.000000
873.000000
873.000000
873.000000
873.000000
873.000000
873.000000
873.000000
873.000000
873.000000
873.000000
873.000000
873.000000
873.000000
873.000000
873.000000
873.000000
873.000000
873.000000
873.000000
873.000000
873.000000
873.000000
873.000000
873.000000
873.000000
873.000000
873.000000
873.000000
873.000000
873.000000
873.000000
873.000000
873.000000
873.000000
873.000000
873.000000
873.000000
873.000000
873.000000
873.000000
873.000000
873.000000
873.000000
873.000000
873.000000
873.000000
873.000000
873.000000
873.000000
873.000000
873.000000
873.000000
873.000000
873.000000
873.000000
873.000000
873.000000
873.000000
873.000000
873.000000
873.000000
873.000000
873.000000
873.000000
873.000000
873.000000
873.000000
873.000000
873.000000
873.000000
873.000000
873.000000
873.000000
873.000000
873.000000
873.000000
873.000000
873.000000
873.000000
873.000000
873.000000
873.000000
873.000000
873.000000
873.000000
873.000000
873.000000
873.000000
873.000000
873.000000
873.000000
873.000000
873.000000
873.000000
873.000000
873.000000
873.000000
873.000000
873.000000
873.000000
873.000000
873.000000
873.000000
873.000000
873.000000
873.000000
873.000000
873.000000
873.000000
873.000000
873.000000
873.000000
873.000000
873.000000
873.000000
873.000000
873.000000
873.000000
873.000000
873.000000
873.000000
873.000000
873.000000
873.000000
873.000000
873.000000
873.000000
873.000000
873.000000
873.000000
873.000000
873.000000
873.000000
873.000000
873.000000
873.000000
873.000000
873.000000
873.000000
873.000000
873.000000
873.000000
873.000000
873.000000
873.000000
873.000000
873.000000
873.000000
873.000000
873.000000
873.000000
873.000000
873.000000
873.000000
873.000000
873.000000
873.000000
873.000000
873.000000
873.000000
873.000000
873.000000
873.000000
873.000000
873.000000
873.000000
873.000000
873.000000
873.000000
873.000000
873.000000
873.000000
873.000000
873.000000
873.000000
873.000000
873.000000
873.000000
873.000000
873.000000
873.000000
873.000000
873.000000
873.000000
873.000000
873.000000
873.000000
873.000000
873.000000
873.000000
873.000000
873.000000
873.000000
873.000000
873.000000
873.000000
873.000000
873.000000
873.000000
873.000000
873.000000
873.000000
873.000000
873.000000
873.000000
873.000000
873.000000
873.000000
873.000000
873.000000
873.000000
873.000000
873.000000
873.000000
873.000000
873.000000
873.000000
873.000000
873.000000
873.000000
873.000000
873.000000
873.000000
873.000000
873.000000
873.000000
873.000000
873.000000
873.000000
873.000000
873.000000
873.000000
873.000000
873.000000
873.000000
873.000000
873.000000
873.000000
873.000000
873.000000
873.000000
873.000000
873.000000
873.000000
873.000000
873.000000
873.000000
873.000000
873.000000
873.000000
873.000000
873.000000
873.000000
873.000000
873.000000
873.000000
873.000000
873.000000
873.000000
873.000000
873.000000
873.000000
873.000000
873.000000
873.000000
873.000000
873.000000
873.000000
873.000000
873.000000
873.000000
873.000000
873.000000
873.000000
873.000000
873.000000
873.000000
873.000000
873.000000
873.000000
873.000000
873.000000
873.000000
873.000000
873.000000
873.000000
873.000000
873.000000
873.000000
873.000000
873.000000
873.000000
873.000000
873.000000
873.000000
873.000000
873.000000
873.000000
873.000000
873.000000
873.000000
873.000000
873.000000
873.000000
873.000000
873.000000
873.000000
873.000000
873.000000
873.000000
873.000000
873.000000
873.000000
873.000000
873.000000
873.000000
873.000000
873.000000
873.000000
873.000000
873.000000
873.000000
873.000000
873.000000
873.000000
873.000000
873.000000
873.000000
873.000000
873.000000
873.000000
873.000000
873.000000
873.000000
873.000000
873.000000
873.000000
873.000000
873.000000
873.000000
873.000000
873.000000
873.000000
873.000000
873.000000
873.000000
873.000000
873.000000
873.000000
873.000000
873.000000
873.000000
873.000000
873.000000
873.000000
873.000000
873.000000
873.000000
873.000000
873.000000
873.000000
873.000000
873.000000
873.000000
873.000000
873.000000
873.000000
873.000000
873.000000
873.000000
873.000000
873.000000
873.000000
873.000000
873.000000
873.000000
873.000000
873.000000
873.000000
873.000000
873.000000
873.000000
873.000000
873.000000
873.000000
873.000000
873.000000
873.000000
873.000000
873.000000
873.000000
873.000000
873.000000
873.000000
873.000000
873.000000
873.000000
873.000000
873.000000
873.000000
873.000000
873.000000
873.000000
873.000000
873.000000
873.000000
873.000000
873.000000
873.000000
873.000000
873.000000
873.000000
873.000000
873.000000
873.000000
873.000000
873.000000
873.000000
873.000000
873.000000
873.000000
873.000000
873.000000
873.000000
873.000000
873.000000
873.000000
873.000000
873.000000
873.000000
873.000000
873.000000
873.000000
873.000000
873.000000
873.000000
873.000000
873.000000
873.000000
873.000000
873.000000
873.000000
873.000000
873.000000
873.000000
873.000000
873.000000
873.000000
873.000000
873.000000
873.000000
873.000000
873.000000
873.000000
873.000000
873.000000
873.000000
873.000000
873.000000
873.000000
873.000000
873.000000
873.000000
873.000000
873.000000
873.000000
873.000000
873.000000
873.000000
873.000000
873.000000
873.000000
873.000000
873.000000
873.000000
873.000000
873.000000
873.000000
873.000000
873.000000
873.000000
873.000000
873.000000
873.000000
873.000000
873.000000
873.000000
873.000000
873.000000
873.000000
873.000000
873.000000
873.000000
873.000000
873.000000
873.000000
873.000000
873.000000
873.000000
873.000000
873.000000
873.000000
873.000000
873.000000
873.000000
873.000000
873.000000
873.000000
873.000000
873.000000
873.000000
873.000000
873.000000
873.000000
873.000000
873.000000
873.000000
873.000000
873.000000
873.000000
873.000000
873.000000
873.000000
873.000000
873.000000
873.000000
873.000000
873.000000
873.000000
873.000000
873.000000
873.000000
873.000000
873.000000
873.000000
873.000000
873.000000
873.000000
873.000000
873.000000
873.000000
873.000000
873.000000
873.000000
873.000000
873.000000
873.000000
873.000000
873.000000
873.000000
873.000000
873.000000
873.000000
873.000000
873.000000
873.000000
873.000000
873.000000
873.000000
873.000000
873.000000
873.000000
873.000000
873.000000
873.000000
873.000000
873.000000
873.000000
873.000000
873.000000
873.000000
873.000000
873.000000
873.000000
873.000000
873.000000
873.000000
873.000000
873.000000
873.000000
873.000000
873.000000
873.000000
873.000000
873.000000
873.000000
873.000000
873.000000
873.000000
873.000000
873.000000
873.000000
873.000000
873.000000
873.000000
873.000000
873.000000
873.000000
873.000000
873.000000
873.000000
873.000000
873.000000
873.000000
873.000000
873.000000
873.000000
873.000000
873.000000
873.000000
873.000000
873.000000
873.000000
873.000000
873.000000
873.000000
873.000000
873.000000
873.000000
873.000000
873.000000
873.000000
873.000000
873.000000
873.000000
873.000000
873.000000
873.000000
873.000000
873.000000
873.000000
873.000000
873.000000
873.000000
873.000000
873.000000
873.000000
873.000000
873.000000
873.000000
873.000000
873.000000
873.000000
873.000000
873.000000
873.000000
873.000000
873.000000
873.000000
873.000000
873.000000
873.000000
873.000000
873.000000
873.000000
873.000000
873.000000
873.000000
873.000000
873.000000
873.000000
873.000000
873.000000
873.000000
873.000000
873.000000
873.000000
873.000000
873.000000
873.000000
873.000000
873.000000
873.000000
873.000000
873.000000
873.000000
873.000000
873.000000
873.000000
873.000000
873.000000
873.000000
873.000000
873.000000
873.000000
873.000000
873.000000
873.000000
873.000000
873.000000
873.000000
873.000000
873.000000
873.000000
873.000000
873.000000
873.000000
873.000000
873.000000
873.000000
873.000000
873.000000
873.000000
873.000000
873.000000
873.000000
873.000000
873.000000
873.000000
873.000000
873.000000
873.000000
873.000000
873.000000
873.000000
873.000000
873.000000
873.000000
873.000000
873.000000
873.000000
873.000000
873.000000
873.000000
873.000000
873.000000
873.000000
873.000000
873.000000
873.000000
873.000000
873.000000
873.000000
873.000000
873.000000
873.000000
873.000000
873.000000
873.000000
873.000000
873.000000
873.000000
873.000000
873.000000
873.000000
873.000000
873.000000
873.000000
873.000000
873.000000
873.000000
873.000000
873.000000
873.000000
873.000000
873.000000
873.000000
873.000000
873.000000
873.000000
873.000000
873.000000
873.000000
873.000000
873.000000
873.000000
873.000000
873.000000
873.000000
873.000000
873.000000
873.000000
873.000000
873.000000
873.000000
873.000000
873.000000
873.000000
873.000000
873.000000
873.000000
873.000000
873.000000
873.000000
873.000000
873.000000
873.000000
873.000000
873.000000
873.000000
873.000000
873.000000
873.000000
873.000000
873.000000
873.000000
873.000000
873.000000
873.000000
873.000000
873.000000
873.000000
873.000000
873.000000
873.000000
873.000000
873.000000
873.000000
873.000000
873.000000
873.000000
873.000000
873.000000
873.000000
873.000000
873.000000
873.000000
873.000000
873.000000
873.000000
873.000000
873.000000
873.000000
873.000000
873.000000
873.000000
873.000000
873.000000
873.000000
873.000000
873.000000
873.000000
873.000000
873.000000
873.000000
873.000000
873.000000
873.000000
873.000000
873.000000
873.000000
873.000000
873.000000
873.000000
873.000000
873.000000
873.000000
873.000000
873.000000
873.000000
873.000000
873.000000
873.000000
873.000000
873.000000
873.000000
873.000000
873.000000
873.000000
873.000000
873.000000
873.000000
873.000000
873.000000
873.000000
873.000000
873.000000
873.000000
873.000000
873.000000
873.000000
873.000000
873.000000
873.000000
873.000000
873.000000
873.000000
873.000000
873.000000
873.000000
873.000000
873.000000
873.000000
873.000000
873.000000
873.000000
873.000000
873.000000
873.000000
873.000000
873.000000
873.000000
873.000000
873.000000
873.000000
873.000000
873.000000
873.000000
873.000000
873.000000
873.000000
873.000000
873.000000
873.000000
873.000000
873.000000
873.000000
873.000000
873.000000
873.000000
873.000000
873.000000
873.000000
873.000000
873.000000
873.000000
873.000000
873.000000
873.000000
873.000000
873.000000
873.000000
873.000000
873.000000
873.000000
873.000000
873.000000
873.000000
873.000000
873.000000
873.000000
873.000000
873.000000
873.000000
873.000000
873.000000
873.000000
873.000000
873.000000
873.000000
873.000000
873.000000
873.000000
873.000000
873.000000
873.000000
873.000000
873.000000
873.000000
873.000000
873.000000
873.000000
873.000000
873.000000
873.000000
873.000000
873.000000
873.000000
873.000000
873.000000
873.000000
873.000000
873.000000
873.000000
873.000000
873.000000
873.000000
873.000000
873.000000
873.000000
873.000000
873.000000
873.000000
873.000000
873.000000
873.000000
873.000000
873.000000
873.000000
873.000000
873.000000
873.000000
873.000000
873.000000
873.000000
873.000000
873.000000
873.000000
873.000000
873.000000
873.000000
873.000000
873.000000
873.000000
873.000000
873.000000
873.000000
873.000000
873.000000
873.000000
873.000000
873.000000
873.000000
873.000000
873.000000
873.000000
873.000000
873.000000
873.000000
873.000000
873.000000
873.000000
873.000000
873.000000
873.000000
873.000000
873.000000
873.000000
873.000000
873.000000
873.000000
873.000000
873.000000
873.000000
873.000000
873.000000
873.000000
873.000000
873.000000
873.000000
873.000000
873.000000
873.000000
873.000000
873.000000
873.000000
873.000000
873.000000
873.000000
873.000000
873.000000
873.000000
873.000000
873.000000
873.000000
873.000000
873.000000
873.000000
873.000000
873.000000
873.000000
873.000000
873.000000
873.000000
873.000000
873.000000
873.000000
873.000000
873.000000
873.000000
873.000000
873.000000
873.000000
873.000000
873.000000
873.000000
873.000000
873.000000
873.000000
873.000000
873.000000
873.000000
873.000000
873.000000
873.000000
873.000000
873.000000
873.000000
873.000000
873.000000
873.000000
873.000000
873.000000
873.000000
873.000000
873.000000
873.000000
873.000000
873.000000
873.000000
873.000000
873.000000
873.000000
873.000000
873.000000
873.000000
873.000000
873.000000
873.000000
873.000000
873.000000
873.000000
873.000000
873.000000
873.000000
873.000000
873.000000
873.000000
873.000000
873.000000
873.000000
873.000000
873.000000
873.000000
873.000000
873.000000
873.000000
873.000000
873.000000
873.000000
873.000000
873.000000
873.000000
873.000000
873.000000
873.000000
873.000000
873.000000
873.000000
873.000000
873.000000
873.000000
873.000000
873.000000
873.000000
873.000000
873.000000
873.000000
873.000000
873.000000
873.000000
873.000000
873.000000
873.000000
873.000000
873.000000
873.000000
873.000000
873.000000
873.000000
873.000000
873.000000
873.000000
873.000000
873.000000
873.000000
873.000000
873.000000
873.000000
873.000000
873.000000
873.000000
873.000000
873.000000
873.000000
873.000000
873.000000
873.000000
873.000000
873.000000
873.000000
873.000000
873.000000
873.000000
873.000000
873.000000
873.000000
873.000000
873.000000
873.000000
873.000000
873.000000
873.000000
873.000000
873.000000
873.000000
873.000000
873.000000
873.000000
873.000000
873.000000
873.000000
873.000000
873.000000
873.000000
873.000000
873.000000
873.000000
873.000000
873.000000
873.000000
873.000000
873.000000
873.000000
873.000000
873.000000
873.000000
873.000000
873.000000
873.000000
873.000000
873.000000
873.000000
873.000000
873.000000
873.000000
873.000000
873.000000
873.000000
873.000000
873.000000
873.000000
873.000000
873.000000
873.000000
873.000000
873.000000
873.000000
873.000000
873.000000
873.000000
873.000000
873.000000
873.000000
873.000000
873.000000
873.000000
873.000000
873.000000
873.000000
873.000000
873.000000
873.000000
873.000000
873.000000
873.000000
873.000000
873.000000
873.000000
873.000000
873.000000
873.000000
873.000000
873.000000
873.000000
873.000000
873.000000
873.000000
873.000000
873.000000
873.000000
873.000000
873.000000
873.000000
873.000000
873.000000
873.000000
873.000000
873.000000
873.000000
873.000000
873.000000
873.000000
873.000000
873.000000
873.000000
873.000000
873.000000
873.000000
873.000000
873.000000
873.000000
873.000000
873.000000
873.000000
873.000000
873.000000
873.000000
873.000000
873.000000
873.000000
873.000000
873.000000
873.000000
873.000000
873.000000
873.000000
873.000000
873.000000
873.000000
873.000000
873.000000
873.000000
873.000000
873.000000
873.000000
873.000000
873.000000
873.000000
873.000000
873.000000
873.000000
873.000000
873.000000
873.000000
873.000000
873.000000
873.000000
873.000000
873.000000
873.000000
873.000000
873.000000
873.000000
873.000000
873.000000
873.000000
873.000000
873.000000
873.000000
873.000000
873.000000
873.000000
873.000000
873.000000
873.000000
873.000000
873.000000
873.000000
873.000000
873.000000
873.000000
873.000000
873.000000
873.000000
873.000000
873.000000
873.000000
873.000000
873.000000
873.000000
873.000000
873.000000
873.000000
873.000000
873.000000
873.000000
873.000000
873.000000
873.000000
873.000000
873.000000
873.000000
873.000000
873.000000
873.000000
873.000000
873.000000
873.000000
873.000000
873.000000
873.000000
873.000000
873.000000
873.000000
873.000000
873.000000
873.000000
873.000000
873.000000
873.000000
873.000000
873.000000
873.000000
873.000000
873.000000
873.000000
873.000000
873.000000
873.000000
873.000000
873.000000
873.000000
873.000000
873.000000
873.000000
873.000000
873.000000
873.000000
873.000000
873.000000
873.000000
873.000000
873.000000
873.000000
873.000000
873.000000
873.000000
873.000000
873.000000
873.000000
873.000000
873.000000
873.000000
873.000000
873.000000
873.000000
873.000000
873.000000
873.000000
873.000000
873.000000
873.000000
873.000000
873.000000
873.000000
873.000000
873.000000
873.000000
873.000000
873.000000
873.000000
873.000000
873.000000
873.000000
873.000000
873.000000
873.000000
873.000000
873.000000
873.000000
873.000000
873.000000
873.000000
873.000000
873.000000
873.000000
873.000000
873.000000
873.000000
873.000000
873.000000
873.000000
873.000000
873.000000
873.000000
873.000000
873.000000
873.000000
873.000000
873.000000
873.000000
873.000000
873.000000
873.000000
873.000000
873.000000
873.000000
873.000000
873.000000
873.000000
873.000000
873.000000
873.000000
873.000000
873.000000
873.000000
873.000000
873.000000
873.000000
873.000000
873.000000
873.000000
873.000000
873.000000
873.000000
873.000000
873.000000
873.000000
873.000000
873.000000
873.000000
873.000000
873.000000
873.000000
873.000000
873.000000
873.000000
873.000000
873.000000
873.000000
873.000000
873.000000
873.000000
873.000000
873.000000
873.000000
873.000000
873.000000
873.000000
873.000000
873.000000
873.000000
873.000000
873.000000
873.000000
873.000000
873.000000
873.000000
873.000000
873.000000
873.000000
873.000000
873.000000
873.000000
873.000000
873.000000
873.000000
873.000000
873.000000
873.000000
873.000000
873.000000
873.000000
873.000000
873.000000
873.000000
873.000000
873.000000
873.000000
873.000000
873.000000
873.000000
873.000000
873.000000
873.000000
873.000000
873.000000
873.000000
873.000000
873.000000
873.000000
873.000000
873.000000
873.000000
873.000000
873.000000
873.000000
873.000000
873.000000
873.000000
873.000000
873.000000
873.000000
873.000000
873.000000
873.000000
873.000000
873.000000
873.000000
873.000000
873.000000
873.000000
873.000000
873.000000
873.000000
873.000000
873.000000
873.000000
873.000000
873.000000
873.000000
873.000000
873.000000
873.000000
873.000000
873.000000
873.000000
873.000000
873.000000
873.000000
873.000000
873.000000
873.000000
873.000000
873.000000
873.000000
873.000000
873.000000
873.000000
873.000000
873.000000
873.000000
873.000000
873.000000
873.000000
873.000000
873.000000
873.000000
873.000000
873.000000
873.000000
873.000000
873.000000
873.000000
873.000000
873.000000
873.000000
873.000000
873.000000
873.000000
873.000000
873.000000
873.000000
873.000000
873.000000
873.000000
873.000000
873.000000
873.000000
873.000000
873.000000
873.000000
873.000000
873.000000
873.000000
873.000000
873.000000
873.000000
873.000000
873.000000
873.000000
873.000000
873.000000
873.000000
873.000000
873.000000
873.000000
873.000000
873.000000
873.000000
873.000000
873.000000
873.000000
873.000000
873.000000
873.000000
873.000000
873.000000
873.000000
873.000000
873.000000
873.000000
873.000000
873.000000
873.000000
873.000000
873.000000
873.000000
873.000000
873.000000
873.000000
873.000000
873.000000
873.000000
873.000000
873.000000
873.000000
873.000000
873.000000
873.000000
873.000000
873.000000
873.000000
873.000000
873.000000
873.000000
873.000000
873.000000
873.000000
873.000000
873.000000
873.000000
873.000000
873.000000
873.000000
873.000000
873.000000
873.000000
873.000000
873.000000
873.000000
873.000000
873.000000
873.000000
873.000000
873.000000
873.000000
873.000000
873.000000
873.000000
873.000000
873.000000
873.000000
873.000000
873.000000
873.000000
873.000000
873.000000
873.000000
873.000000
873.000000
873.000000
873.000000
873.000000
873.000000
873.000000
873.000000
873.000000
873.000000
873.000000
873.000000
873.000000
873.000000
873.000000
873.000000
873.000000
873.000000
873.000000
873.000000
873.000000
873.000000
873.000000
873.000000
873.000000
873.000000
873.000000
873.000000
873.000000
873.000000
873.000000
873.000000
873.000000
873.000000
873.000000
873.000000
873.000000
873.000000
873.000000
873.000000
873.000000
873.000000
873.000000
873.000000
873.000000
873.000000
873.000000
873.000000
873.000000
873.000000
873.000000
873.000000
873.000000
873.000000
873.000000
873.000000
873.000000
873.000000
873.000000
873.000000
873.000000
873.000000
873.000000
873.000000
873.000000
873.000000
873.000000
873.000000
873.000000
873.000000
873.000000
873.000000
873.000000
873.000000
873.000000
873.000000
873.000000
873.000000
873.000000
873.000000
873.000000
873.000000
873.000000
873.000000
873.000000
873.000000
873.000000
873.000000
873.000000
873.000000
873.000000
873.000000
873.000000
873.000000
873.000000
873.000000
873.000000
873.000000
873.000000
873.000000
873.000000
873.000000
873.000000
873.000000
873.000000
873.000000
873.000000
873.000000
873.000000
873.000000
873.000000
873.000000
873.000000
873.000000
873.000000
873.000000
873.000000
873.000000
873.000000
873.000000
873.000000
873.000000
873.000000
873.000000
873.000000
873.000000
873.000000
873.000000
873.000000
873.000000
873.000000
873.000000
873.000000
873.000000
873.000000
873.000000
873.000000
873.000000
873.000000
873.000000
873.000000
873.000000
873.000000
873.000000
873.000000
873.000000
873.000000
873.000000
873.000000
873.000000
873.000000
873.000000
873.000000
873.000000
873.000000
873.000000
873.000000
873.000000
873.000000
873.000000
873.000000
873.000000
873.000000
873.000000
873.000000
873.000000
873.000000
873.000000
873.000000
873.000000
873.000000
873.000000
873.000000
873.000000
873.000000
873.000000
873.000000
873.000000
873.000000
873.000000
873.000000
873.000000
873.000000
873.000000
873.000000
873.000000
873.000000
873.000000
873.000000
873.000000
873.000000
873.000000
873.000000
873.000000
873.000000
873.000000
873.000000
873.000000
873.000000
873.000000
873.000000
873.000000
873.000000
873.000000
873.000000
873.000000
873.000000
873.000000
873.000000
873.000000
873.000000
873.000000
873.000000
873.000000
873.000000
873.000000
873.000000
873.000000
873.000000
873.000000
873.000000
873.000000
873.000000
873.000000
873.000000
873.000000
873.000000
873.000000
873.000000
873.000000
873.000000
873.000000
873.000000
873.000000
873.000000
873.000000
873.000000
873.000000
873.000000
873.000000
873.000000
873.000000
873.000000
873.000000
873.000000
873.000000
873.000000
873.000000
873.000000
873.000000
873.000000
873.000000
873.000000
873.000000
873.000000
873.000000
873.000000
873.000000
873.000000
873.000000
873.000000
873.000000
873.000000
873.000000
873.000000
873.000000
873.000000
873.000000
873.000000
873.000000
873.000000
873.000000
873.000000
873.000000
873.000000
873.000000
873.000000
873.000000
873.000000
873.000000
873.000000
873.000000
873.000000
873.000000
873.000000
873.000000
873.000000
873.000000
873.000000
873.000000
873.000000
873.000000
873.000000
873.000000
873.000000
873.000000
873.000000
873.000000
873.000000
873.000000
873.000000
873.000000
873.000000
873.000000
873.000000
873.000000
873.000000
873.000000
873.000000
873.000000
873.000000
873.000000
873.000000
873.000000
873.000000
873.000000
873.000000
873.000000
873.000000
873.000000
873.000000
873.000000
873.000000
873.000000
873.000000
873.000000
873.000000
873.000000
873.000000
873.000000
873.000000
873.000000
873.000000
873.000000
873.000000
873.000000
873.000000
873.000000
873.000000
873.000000
873.000000
873.000000
873.000000
873.000000
873.000000
873.000000
873.000000
873.000000
873.000000
873.000000
873.000000
873.000000
873.000000
873.000000
873.000000
873.000000
873.000000
873.000000
873.000000
873.000000
873.000000
873.000000
873.000000
873.000000
873.000000
873.000000
873.000000
873.000000
873.000000
873.000000
873.000000
873.000000
873.000000
873.000000
873.000000
873.000000
873.000000
873.000000
873.000000
873.000000
873.000000
873.000000
873.000000
873.000000
873.000000
873.000000
873.000000
873.000000
873.000000
873.000000
873.000000
873.000000
873.000000
873.000000
873.000000
873.000000
873.000000
873.000000
873.000000
873.000000
873.000000
873.000000
873.000000
873.000000
873.000000
873.000000
873.000000
873.000000
873.000000
873.000000
873.000000
873.000000
873.000000
873.000000
873.000000
873.000000
873.000000
873.000000
873.000000
873.000000
873.000000
873.000000
873.000000
873.000000
873.000000
873.000000
873.000000
873.000000
873.000000
873.000000
873.000000
873.000000
873.000000
873.000000
873.000000
873.000000
873.000000
873.000000
873.000000
873.000000
873.000000
873.000000
873.000000
873.000000
873.000000
873.000000
873.000000
873.000000
873.000000
873.000000
873.000000
873.000000
873.000000
873.000000
873.000000
873.000000
873.000000
873.000000
873.000000
873.000000
873.000000
873.000000
873.000000
873.000000
873.000000
873.000000
873.000000
873.000000
873.000000
873.000000
873.000000
873.000000
873.000000
873.000000
873.000000
873.000000
873.000000
873.000000
873.000000
873.000000
873.000000
873.000000
873.000000
873.000000
873.000000
873.000000
873.000000
873.000000
873.000000
873.000000
873.000000
873.000000
873.000000
873.000000
873.000000
873.000000
873.000000
873.000000
873.000000
873.000000
873.000000
873.000000
873.000000
873.000000
873.000000
873.000000
873.000000
873.000000
873.000000
873.000000
873.000000
873.000000
873.000000
873.000000
873.000000
873.000000
873.000000
873.000000
873.000000
873.000000
873.000000
873.000000
873.000000
873.000000
873.000000
873.000000
873.000000
873.000000
873.000000
873.000000
873.000000
873.000000
873.000000
873.000000
873.000000
873.000000
873.000000
873.000000
873.000000
873.000000
873.000000
873.000000
873.000000
873.000000
873.000000
873.000000
873.000000
873.000000
873.000000
873.000000
873.000000
873.000000
873.000000
873.000000
873.000000
873.000000
873.000000
873.000000
873.000000
873.000000
873.000000
873.000000
873.000000
873.000000
873.000000
873.000000
873.000000
873.000000
873.000000
873.000000
873.000000
873.000000
873.000000
873.000000
873.000000
873.000000
873.000000
873.000000
873.000000
873.000000
873.000000
873.000000
873.000000
873.000000
873.000000
873.000000
873.000000
873.000000
873.000000
873.000000
873.000000
873.000000
873.000000
873.000000
873.000000
873.000000
873.000000
873.000000
873.000000
873.000000
873.000000
873.000000
873.000000
873.000000
873.000000
873.000000
873.000000
873.000000
873.000000
873.000000
873.000000
873.000000
873.000000
873.000000
873.000000
873.000000
873.000000
873.000000
873.000000
873.000000
873.000000
873.000000
873.000000
873.000000
873.000000
873.000000
873.000000
873.000000
873.000000
873.000000
873.000000
873.000000
873.000000
873.000000
873.000000
873.000000
873.000000
873.000000
873.000000
873.000000
873.000000
873.000000
873.000000
873.000000
873.000000
873.000000
873.000000
873.000000
873.000000
873.000000
873.000000
873.000000
873.000000
873.000000
873.000000
873.000000
873.000000
873.000000
873.000000
873.000000
873.000000
873.000000
873.000000
873.000000
873.000000
873.000000
873.000000
873.000000
873.000000
873.000000
873.000000
873.000000
873.000000
873.000000
873.000000
873.000000
873.000000
873.000000
873.000000
873.000000
873.000000
873.000000
873.000000
873.000000
873.000000
873.000000
873.000000
873.000000
873.000000
873.000000
873.000000
873.000000
873.000000
873.000000
873.000000
873.000000
873.000000
873.000000
873.000000
873.000000
873.000000
873.000000
873.000000
873.000000
873.000000
873.000000
873.000000
873.000000
873.000000
873.000000
873.000000
873.000000
873.000000
873.000000
873.000000
873.000000
873.000000
873.000000
873.000000
873.000000
873.000000
873.000000
873.000000
873.000000
873.000000
873.000000
873.000000
873.000000
873.000000
873.000000
873.000000
873.000000
873.000000
873.000000
873.000000
873.000000
873.000000
873.000000
873.000000
873.000000
873.000000
873.000000
873.000000
873.000000
873.000000
873.000000
873.000000
873.000000
873.000000
873.000000
873.000000
873.000000
873.000000
873.000000
873.000000
873.000000
873.000000
873.000000
873.000000
873.000000
873.000000
873.000000
873.000000
873.000000
873.000000
873.000000
873.000000
873.000000
873.000000
873.000000
873.000000
873.000000
873.000000
873.000000
873.000000
873.000000
873.000000
873.000000
873.000000
873.000000
873.000000
873.000000
873.000000
873.000000
873.000000
873.000000
873.000000
873.000000
873.000000
873.000000
873.000000
873.000000
873.000000
873.000000
873.000000
873.000000
873.000000
873.000000
873.000000
873.000000
873.000000
873.000000
873.000000
873.000000
873.000000
873.000000
873.000000
873.000000
873.000000
873.000000
873.000000
873.000000
873.000000
873.000000
873.000000
873.000000
873.000000
873.000000
873.000000
873.000000
873.000000
873.000000
873.000000
873.000000
873.000000
873.000000
873.000000
873.000000
873.000000
873.000000
873.000000
873.000000
873.000000
873.000000
873.000000
873.000000
873.000000
873.000000
873.000000
873.000000
873.000000
873.000000
873.000000
873.000000
873.000000
873.000000
873.000000
873.000000
873.000000
873.000000
873.000000
873.000000
873.000000
873.000000
873.000000
873.000000
873.000000
873.000000
873.000000
873.000000
873.000000
873.000000
873.000000
873.000000
873.000000
873.000000
873.000000
873.000000
873.000000
873.000000
873.000000
873.000000
873.000000
873.000000
873.000000
873.000000
873.000000
873.000000
873.000000
873.000000
873.000000
873.000000
873.000000
873.000000
873.000000
873.000000
873.000000
873.000000
873.000000
873.000000
873.000000
873.000000
873.000000
873.000000
873.000000
873.000000
873.000000
873.000000
873.000000
873.000000
873.000000
873.000000
873.000000
873.000000
873.000000
873.000000
873.000000
873.000000
873.000000
873.000000
873.000000
873.000000
873.000000
873.000000
873.000000
873.000000
873.000000
873.000000
873.000000
873.000000
873.000000
873.000000
873.000000
873.000000
873.000000
873.000000
873.000000
873.000000
873.000000
873.000000
873.000000
873.000000
873.000000
873.000000
873.000000
873.000000
873.000000
873.000000
873.000000
873.000000
873.000000
873.000000
873.000000
873.000000
873.000000
873.000000
873.000000
873.000000
873.000000
873.000000
873.000000
873.000000
873.000000
873.000000
873.000000
873.000000
873.000000
873.000000
873.000000
873.000000
873.000000
873.000000
873.000000
873.000000
873.000000
873.000000
873.000000
873.000000
873.000000
873.000000
873.000000
873.000000
873.000000
873.000000
873.000000
873.000000
873.000000
873.000000
873.000000
873.000000
873.000000
873.000000
873.000000
873.000000
873.000000
873.000000
873.000000
873.000000
873.000000
873.000000
873.000000
873.000000
873.000000
873.000000
873.000000
873.000000
873.000000
873.000000
873.000000
873.000000
873.000000
873.000000
873.000000
873.000000
873.000000
873.000000
873.000000
873.000000
873.000000
873.000000
873.000000
873.000000
873.000000
873.000000
873.000000
873.000000
873.000000
873.000000
873.000000
873.000000
873.000000
873.000000
873.000000
873.000000
873.000000
873.000000
873.000000
873.000000
873.000000
873.000000
873.000000
873.000000
873.000000
873.000000
873.000000
873.000000
873.000000
873.000000
873.000000
873.000000
873.000000
873.000000
873.000000
873.000000
873.000000
873.000000
873.000000
873.000000
873.000000
873.000000
873.000000
873.000000
873.000000
873.000000
873.000000
873.000000
873.000000
873.000000
873.000000
873.000000
873.000000
873.000000
873.000000
873.000000
873.000000
873.000000
873.000000
873.000000
873.000000
873.000000
873.000000
873.000000
873.000000
873.000000
873.000000
873.000000
873.000000
873.000000
873.000000
873.000000
873.000000
873.000000
873.000000
873.000000
873.000000
873.000000
873.000000
873.000000
873.000000
873.000000
873.000000
873.000000
873.000000
873.000000
873.000000
873.000000
873.000000
873.000000
873.000000
873.000000
873.000000
873.000000
873.000000
873.000000
873.000000
873.000000
873.000000
873.000000
873.000000
873.000000
873.000000
873.000000
873.000000
873.000000
873.000000
873.000000
873.000000
873.000000
873.000000
873.000000
873.000000
873.000000
873.000000
873.000000
873.000000
873.000000
873.000000
873.000000
873.000000
873.000000
873.000000
873.000000
873.000000
873.000000
873.000000
873.000000
873.000000
873.000000
873.000000
873.000000
873.000000
873.000000
873.000000
873.000000
873.000000
873.000000
873.000000
873.000000
873.000000
873.000000
873.000000
873.000000
873.000000
873.000000
873.000000
873.000000
873.000000
873.000000
873.000000
873.000000
873.000000
873.000000
873.000000
873.000000
873.000000
873.000000
873.000000
873.000000
873.000000
873.000000
873.000000
873.000000
873.000000
873.000000
873.000000
873.000000
873.000000
873.000000
873.000000
873.000000
873.000000
873.000000
873.000000
873.000000
873.000000
873.000000
873.000000
873.000000
873.000000
873.000000
873.000000
873.000000
873.000000
873.000000
873.000000
873.000000
873.000000
873.000000
873.000000
873.000000
873.000000
873.000000
873.000000
873.000000
873.000000
873.000000
873.000000
873.000000
873.000000
873.000000
873.000000
873.000000
873.000000
873.000000
873.000000
873.000000
873.000000
873.000000
873.000000
873.000000
873.000000
873.000000
873.000000
873.000000
873.000000
873.000000
873.000000
873.000000
873.000000
873.000000
873.000000
873.000000
873.000000
873.000000
873.000000
873.000000
873.000000
873.000000
873.000000
873.000000
873.000000
873.000000
873.000000
873.000000
873.000000
873.000000
873.000000
873.000000
873.000000
873.000000
873.000000
873.000000
873.000000
873.000000
873.000000
873.000000
873.000000
873.000000
873.000000
873.000000
873.000000
873.000000
873.000000
873.000000
873.000000
873.000000
873.000000
873.000000
873.000000
873.000000
873.000000
873.000000
873.000000
873.000000
873.000000
873.000000
873.000000
873.000000
873.000000
873.000000
873.000000
873.000000
873.000000
873.000000
873.000000
873.000000
873.000000
873.000000
873.000000
873.000000
873.000000
873.000000
873.000000
873.000000
873.000000
873.000000
873.000000
873.000000
873.000000
873.000000
873.000000
873.000000
873.000000
873.000000
873.000000
873.000000
873.000000
873.000000
873.000000
873.000000
873.000000
873.000000
873.000000
873.000000
873.000000
873.000000
873.000000
873.000000
873.000000
873.000000
873.000000
873.000000
873.000000
873.000000
873.000000
873.000000
873.000000
873.000000
873.000000
873.000000
873.000000
873.000000
873.000000
873.000000
873.000000
873.000000
873.000000
873.000000
873.000000
873.000000
873.000000
873.000000
873.000000
873.000000
873.000000
873.000000
873.000000
873.000000
873.000000
873.000000
873.000000
873.000000
873.000000
873.000000
873.000000
873.000000
873.000000
873.000000
873.000000
873.000000
873.000000
873.000000
873.000000
873.000000
873.000000
873.000000
873.000000
873.000000
873.000000
873.000000
873.000000
873.000000
873.000000
873.000000
873.000000
873.000000
873.000000
873.000000
873.000000
873.000000
873.000000
873.000000
873.000000
873.000000
873.000000
873.000000
873.000000
873.000000
873.000000
873.000000
873.000000
873.000000
873.000000
873.000000
873.000000
873.000000
873.000000
873.000000
873.000000
873.000000
873.000000
873.000000
873.000000
873.000000
873.000000
873.000000
873.000000
873.000000
873.000000
873.000000
873.000000
873.000000
873.000000
873.000000
873.000000
873.000000
873.000000
873.000000
873.000000
873.000000
873.000000
873.000000
873.000000
873.000000
873.000000
873.000000
873.000000
873.000000
873.000000
873.000000
873.000000
873.000000
873.000000
873.000000
873.000000
873.000000
873.000000
873.000000
873.000000
873.000000
873.000000
873.000000
873.000000
873.000000
873.000000
873.000000
873.000000
873.000000
873.000000
873.000000
873.000000
873.000000
873.000000
873.000000
873.000000
873.000000
873.000000
873.000000
873.000000
873.000000
873.000000
873.000000
873.000000
873.000000
873.000000
873.000000
873.000000
873.000000
873.000000
873.000000
873.000000
873.000000
873.000000
873.000000
873.000000
873.000000
873.000000
873.000000
873.000000
873.000000
873.000000
873.000000
873.000000
873.000000
873.000000
873.000000
873.000000
873.000000
873.000000
873.000000
873.000000
873.000000
873.000000
873.000000
873.000000
873.000000
873.000000
873.000000
873.000000
873.000000
873.000000
873.000000
873.000000
873.000000
873.000000
873.000000
873.000000
873.000000
873.000000
873.000000
873.000000
873.000000
873.000000
873.000000
873.000000
873.000000
873.000000
873.000000
873.000000
873.000000
873.000000
873.000000
873.000000
873.000000
873.000000
873.000000
873.000000
873.000000
873.000000
873.000000
873.000000
873.000000
873.000000
873.000000
873.000000
873.000000
873.000000
873.000000
873.000000
873.000000
873.000000
873.000000
873.000000
873.000000
873.000000
873.000000
873.000000
873.000000
873.000000
873.000000
873.000000
873.000000
873.000000
873.000000
873.000000
873.000000
873.000000
873.000000
873.000000
873.000000
873.000000
873.000000
873.000000
873.000000
873.000000
873.000000
873.000000
873.000000
873.000000
873.000000
873.000000
873.000000
873.000000
873.000000
873.000000
873.000000
873.000000
873.000000
873.000000
873.000000
873.000000
873.000000
873.000000
873.000000
873.000000
873.000000
873.000000
873.000000
873.000000
873.000000
873.000000
873.000000
873.000000
873.000000
873.000000
873.000000
873.000000
873.000000
873.000000
873.000000
873.000000
873.000000
873.000000
873.000000
873.000000
873.000000
873.000000
873.000000
873.000000
873.000000
873.000000
873.000000
873.000000
873.000000
873.000000
873.000000
873.000000
873.000000
873.000000
873.000000
873.000000
873.000000
873.000000
873.000000
873.000000
873.000000
873.000000
873.000000
873.000000
873.000000
873.000000
873.000000
873.000000
873.000000
873.000000
873.000000
873.000000
873.000000
873.000000
873.000000
873.000000
873.000000
873.000000
873.000000
873.000000
873.000000
873.000000
873.000000
873.000000
873.000000
873.000000
873.000000
873.000000
873.000000
873.000000
873.000000
873.000000
873.000000
873.000000
873.000000
873.000000
873.000000
873.000000
873.000000
873.000000
873.000000
873.000000
873.000000
873.000000
873.000000
873.000000
873.000000
873.000000
873.000000
873.000000
873.000000
873.000000
873.000000
873.000000
873.000000
873.000000
873.000000
873.000000
873.000000
873.000000
873.000000
873.000000
873.000000
873.000000
873.000000
873.000000
873.000000
873.000000
873.000000
873.000000
873.000000
873.000000
873.000000
873.000000
873.000000
873.000000
873.000000
873.000000
873.000000
873.000000
873.000000
873.000000
873.000000
873.000000
873.000000
873.000000
873.000000
873.000000
873.000000
873.000000
873.000000
873.000000
873.000000
873.000000
873.000000
873.000000
873.000000
873.000000
873.000000
873.000000
873.000000
873.000000
873.000000
873.000000
873.000000
873.000000
873.000000
873.000000
873.000000
873.000000
873.000000
873.000000
873.000000
873.000000
873.000000
873.000000
873.000000
873.000000
873.000000
873.000000
873.000000
873.000000
873.000000
873.000000
873.000000
873.000000
873.000000
873.000000
873.000000
873.000000
873.000000
873.000000
873.000000
873.000000
873.000000
873.000000
873.000000
873.000000
873.000000
873.000000
873.000000
873.000000
873.000000
873.000000
873.000000
873.000000
873.000000
873.000000
873.000000
873.000000
873.000000
873.000000
873.000000
873.000000
873.000000
873.000000
873.000000
873.000000
873.000000
873.000000
873.000000
873.000000
873.000000
873.000000
873.000000
873.000000
873.000000
873.000000
873.000000
873.000000
873.000000
873.000000
873.000000
873.000000
873.000000
873.000000
873.000000
873.000000
873.000000
873.000000
873.000000
873.000000
873.000000
873.000000
873.000000
873.000000
873.000000
873.000000
873.000000
873.000000
873.000000
873.000000
873.000000
873.000000
873.000000
873.000000
873.000000
873.000000
873.000000
873.000000
873.000000
873.000000
873.000000
873.000000
873.000000
873.000000
873.000000
873.000000
873.000000
873.000000
873.000000
873.000000
873.000000
873.000000
873.000000
873.000000
873.000000
873.000000
873.000000
873.000000
873.000000
873.000000
873.000000
873.000000
873.000000
873.000000
873.000000
873.000000
873.000000
873.000000
873.000000
873.000000
873.000000
873.000000
873.000000
873.000000
873.000000
873.000000
873.000000
873.000000
873.000000
873.000000
873.000000
873.000000
873.000000
873.000000
873.000000
873.000000
873.000000
873.000000
873.000000
873.000000
873.000000
873.000000
873.000000
873.000000
873.000000
873.000000
873.000000
873.000000
873.000000
873.000000
873.000000
873.000000
873.000000
873.000000
873.000000
873.000000
873.000000
873.000000
873.000000
873.000000
873.000000
873.000000
873.000000
873.000000
873.000000
873.000000
873.000000
873.000000
873.000000
873.000000
873.000000
873.000000
873.000000
873.000000
873.000000
873.000000
873.000000
873.000000
873.000000
873.000000
873.000000
873.000000
873.000000
873.000000
873.000000
873.000000
873.000000
873.000000
873.000000
873.000000
873.000000
873.000000
873.000000
873.000000
873.000000
873.000000
873.000000
873.000000
873.000000
873.000000
873.000000
873.000000
873.000000
873.000000
873.000000
873.000000
873.000000
873.000000
873.000000
873.000000
873.000000
873.000000
873.000000
873.000000
873.000000
873.000000
873.000000
873.000000
873.000000
873.000000
873.000000
873.000000
873.000000
873.000000
873.000000
873.000000
873.000000
873.000000
873.000000
873.000000
873.000000
873.000000
873.000000
873.000000
873.000000
873.000000
873.000000
873.000000
873.000000
873.000000
873.000000
873.000000
873.000000
873.000000
873.000000
873.000000
873.000000
873.000000
873.000000
873.000000
873.000000
873.000000
873.000000
873.000000
873.000000
873.000000
873.000000
873.000000
873.000000
873.000000
873.000000
873.000000
873.000000
873.000000
873.000000
873.000000
873.000000
873.000000
873.000000
873.000000
873.000000
873.000000
873.000000
873.000000
873.000000
873.000000
873.000000
873.000000
873.000000
873.000000
873.000000
873.000000
873.000000
873.000000
873.000000
873.000000
873.000000
873.000000
873.000000
873.000000
873.000000
873.000000
873.000000
873.000000
873.000000
873.000000
873.000000
873.000000
873.000000
873.000000
873.000000
873.000000
873.000000
873.000000
873.000000
873.000000
873.000000
873.000000
873.000000
873.000000
873.000000
873.000000
873.000000
873.000000
873.000000
873.000000
873.000000
873.000000
873.000000
873.000000
873.000000
873.000000
873.000000
873.000000
873.000000
873.000000
873.000000
873.000000
873.000000
873.000000
873.000000
873.000000
873.000000
873.000000
873.000000
873.000000
873.000000
873.000000
873.000000
873.000000
873.000000
873.000000
873.000000
873.000000
873.000000
873.000000
873.000000
873.000000
873.000000
873.000000
873.000000
873.000000
873.000000
873.000000
873.000000
873.000000
873.000000
873.000000
873.000000
873.000000
873.000000
873.000000
873.000000
873.000000
873.000000
873.000000
873.000000
873.000000
873.000000
873.000000
873.000000
873.000000
873.000000
873.000000
873.000000
873.000000
873.000000
873.000000
873.000000
873.000000
873.000000
873.000000
873.000000
873.000000
873.000000
873.000000
873.000000
873.000000
873.000000
873.000000
873.000000
873.000000
873.000000
873.000000
873.000000
873.000000
873.000000
873.000000
873.000000
873.000000
873.000000
873.000000
873.000000
873.000000
873.000000
873.000000
873.000000
873.000000
873.000000
873.000000
873.000000
873.000000
873.000000
873.000000
873.000000
873.000000
873.000000
873.000000
873.000000
873.000000
873.000000
873.000000
873.000000
873.000000
873.000000
873.000000
873.000000
873.000000
873.000000
873.000000
873.000000
873.000000
873.000000
873.000000
873.000000
873.000000
873.000000
873.000000
873.000000
873.000000
873.000000
873.000000
873.000000
873.000000
873.000000
873.000000
873.000000
873.000000
873.000000
873.000000
873.000000
873.000000
873.000000
873.000000
873.000000
873.000000
873.000000
873.000000
873.000000
873.000000
873.000000
873.000000
873.000000
873.000000
873.000000
873.000000
873.000000
873.000000
873.000000
873.000000
873.000000
873.000000
873.000000
873.000000
873.000000
873.000000
873.000000
873.000000
873.000000
873.000000
873.000000
873.000000
873.000000
873.000000
873.000000
873.000000
873.000000
873.000000
873.000000
873.000000
873.000000
873.000000
873.000000
873.000000
873.000000
873.000000
873.000000
873.000000
873.000000
873.000000
873.000000
873.000000
873.000000
873.000000
873.000000
873.000000
873.000000
873.000000
873.000000
873.000000
873.000000
873.000000
873.000000
873.000000
873.000000
873.000000
873.000000
873.000000
873.000000
873.000000
873.000000
873.000000
873.000000
873.000000
873.000000
873.000000
873.000000
873.000000
873.000000
873.000000
873.000000
873.000000
873.000000
873.000000
873.000000
873.000000
873.000000
873.000000
873.000000
873.000000
873.000000
873.000000
873.000000
873.000000
873.000000
873.000000
873.000000
873.000000
873.000000
873.000000
873.000000
873.000000
873.000000
873.000000
873.000000
873.000000
873.000000
873.000000
873.000000
873.000000
873.000000
873.000000
873.000000
873.000000
873.000000
873.000000
873.000000
873.000000
873.000000
873.000000
873.000000
873.000000
873.000000
873.000000
873.000000
873.000000
873.000000
873.000000
873.000000
873.000000
873.000000
873.000000
873.000000
873.000000
873.000000
873.000000
873.000000
873.000000
873.000000
873.000000
873.000000
873.000000
873.000000
873.000000
873.000000
873.000000
873.000000
873.000000
873.000000
873.000000
873.000000
873.000000
873.000000
873.000000
873.000000
873.000000
873.000000
873.000000
873.000000
873.000000
873.000000
873.000000
873.000000
873.000000
873.000000
873.000000
873.000000
873.000000
873.000000
873.000000
873.000000
873.000000
873.000000
873.000000
873.000000
873.000000
873.000000
873.000000
873.000000
873.000000
873.000000
873.000000
873.000000
873.000000
873.000000
873.000000
873.000000
873.000000
873.000000
873.000000
873.000000
873.000000
873.000000
873.000000
873.000000
873.000000
873.000000
873.000000
873.000000
873.000000
873.000000
873.000000
873.000000
873.000000
873.000000
873.000000
873.000000
873.000000
873.000000
873.000000
873.000000
873.000000
873.000000
873.000000
873.000000
873.000000
873.000000
873.000000
873.000000
873.000000
873.000000
873.000000
873.000000
873.000000
873.000000
873.000000
873.000000
873.000000
873.000000
873.000000
873.000000
873.000000
873.000000
873.000000
873.000000
873.000000
873.000000
873.000000
873.000000
873.000000
873.000000
873.000000
873.000000
873.000000
873.000000
873.000000
873.000000
873.000000
873.000000
873.000000
873.000000
873.000000
873.000000
873.000000
873.000000
873.000000
873.000000
873.000000
873.000000
873.000000
873.000000
873.000000
873.000000
873.000000
873.000000
873.000000
873.000000
873.000000
873.000000
873.000000
873.000000
873.000000
873.000000
873.000000
873.000000
873.000000
873.000000
873.000000
873.000000
873.000000
873.000000
873.000000
873.000000
873.000000
873.000000
873.000000
873.000000
873.000000
873.000000
873.000000
873.000000
873.000000
873.000000
873.000000
873.000000
873.000000
873.000000
873.000000
873.000000
873.000000
873.000000
873.000000
873.000000
873.000000
873.000000
873.000000
873.000000
873.000000
873.000000
873.000000
873.000000
873.000000
873.000000
873.000000
873.000000
873.000000
873.000000
873.000000
873.000000
873.000000
873.000000
873.000000
873.000000
873.000000
873.000000
873.000000
873.000000
873.000000
873.000000
873.000000
873.000000
873.000000
873.000000
873.000000
873.000000
873.000000
873.000000
873.000000
873.000000
873.000000
873.000000
873.000000
873.000000
873.000000
873.000000
873.000000
873.000000
873.000000
873.000000
873.000000
873.000000
873.000000
873.000000
873.000000
873.000000
873.000000
873.000000
873.000000
873.000000
873.000000
873.000000
873.000000
873.000000
873.000000
873.000000
873.000000
873.000000
873.000000
873.000000
873.000000
873.000000
873.000000
873.000000
873.000000
873.000000
873.000000
873.000000
873.000000
873.000000
873.000000
873.000000
873.000000
873.000000
873.000000
873.000000
873.000000
873.000000
873.000000
873.000000
873.000000
873.000000
873.000000
873.000000
873.000000
873.000000
873.000000
873.000000
873.000000
873.000000
873.000000
873.000000
873.000000
873.000000
873.000000
873.000000
873.000000
873.000000
873.000000
873.000000
873.000000
873.000000
873.000000
873.000000
873.000000
873.000000
873.000000
873.000000
873.000000
873.000000
873.000000
873.000000
873.000000
873.000000
873.000000
873.000000
873.000000
873.000000
873.000000
873.000000
873.000000
873.000000
873.000000
873.000000
873.000000
873.000000
873.000000
873.000000
873.000000
873.000000
873.000000
873.000000
873.000000
873.000000
873.000000
873.000000
873.000000
873.000000
873.000000
873.000000
873.000000
873.000000
873.000000
873.000000
873.000000
873.000000
873.000000
873.000000
873.000000
873.000000
873.000000
873.000000
873.000000
873.000000
873.000000
873.000000
873.000000
873.000000
873.000000
873.000000
873.000000
873.000000
873.000000
873.000000
873.000000
873.000000
873.000000
873.000000
873.000000
873.000000
873.000000
873.000000
873.000000
873.000000
873.000000
873.000000
873.000000
873.000000
873.000000
873.000000
873.000000
873.000000
873.000000
873.000000
873.000000
873.000000
873.000000
873.000000
873.000000
873.000000
873.000000
873.000000
873.000000
873.000000
873.000000
873.000000
873.000000
873.000000
873.000000
873.000000
873.000000
873.000000
873.000000
873.000000
873.000000
873.000000
873.000000
873.000000
873.000000
873.000000
873.000000
873.000000
873.000000
873.000000
873.000000
873.000000
873.000000
873.000000
873.000000
873.000000
873.000000
873.000000
873.000000
873.000000
873.000000
873.000000
873.000000
873.000000
873.000000
873.000000
873.000000
873.000000
873.000000
873.000000
873.000000
873.000000
873.000000
873.000000
873.000000
873.000000
873.000000
873.000000
873.000000
873.000000
873.000000
873.000000
873.000000
873.000000
873.000000
873.000000
873.000000
873.000000
873.000000
873.000000
873.000000
873.000000
873.000000
873.000000
873.000000
873.000000
873.000000
873.000000
873.000000
873.000000
873.000000
873.000000
873.000000
873.000000
873.000000
873.000000
873.000000
873.000000
873.000000
873.000000
873.000000
873.000000
873.000000
873.000000
873.000000
873.000000
873.000000
873.000000
873.000000
873.000000
873.000000
873.000000
873.000000
873.000000
873.000000
873.000000
873.000000
873.000000
873.000000
873.000000
873.000000
873.000000
873.000000
873.000000
873.000000
873.000000
873.000000
873.000000
873.000000
873.000000
873.000000
873.000000
873.000000
873.000000
873.000000
873.000000
873.000000
873.000000
873.000000
873.000000
873.000000
873.000000
873.000000
873.000000
873.000000
873.000000
873.000000
873.000000
873.000000
873.000000
873.000000
873.000000
873.000000
873.000000
873.000000
873.000000
873.000000
873.000000
873.000000
873.000000
873.000000
873.000000
873.000000
873.000000
873.000000
873.000000
873.000000
873.000000
873.000000
873.000000
873.000000
873.000000
873.000000
873.000000
873.000000
873.000000
873.000000
873.000000
873.000000
873.000000
873.000000
873.000000
873.000000
873.000000
873.000000
873.000000
873.000000
873.000000
873.000000
873.000000
873.000000
873.000000
873.000000
873.000000
873.000000
873.000000
873.000000
873.000000
873.000000
873.000000
873.000000
873.000000
873.000000
873.000000
873.000000
873.000000
873.000000
873.000000
873.000000
873.000000
873.000000
873.000000
873.000000
873.000000
873.000000
873.000000
873.000000
873.000000
873.000000
873.000000
873.000000
873.000000
873.000000
873.000000
873.000000
873.000000
873.000000
873.000000
873.000000
873.000000
873.000000
873.000000
873.000000
873.000000
873.000000
873.000000
873.000000
873.000000
873.000000
873.000000
873.000000
873.000000
873.000000
873.000000
873.000000
873.000000
873.000000
873.000000
873.000000
873.000000
873.000000
873.000000
873.000000
873.000000
873.000000
873.000000
873.000000
873.000000
873.000000
873.000000
873.000000
873.000000
873.000000
873.000000
873.000000
873.000000
873.000000
873.000000
873.000000
873.000000
873.000000
873.000000
873.000000
873.000000
873.000000
873.000000
873.000000
873.000000
873.000000
873.000000
873.000000
873.000000
873.000000
873.000000
873.000000
873.000000
873.000000
873.000000
873.000000
873.000000
873.000000
873.000000
873.000000
873.000000
873.000000
873.000000
873.000000
873.000000
873.000000
873.000000
873.000000
873.000000
873.000000
873.000000
873.000000
873.000000
873.000000
873.000000
873.000000
873.000000
873.000000
873.000000
873.000000
873.000000
873.000000
873.000000
873.000000
873.000000
873.000000
873.000000
873.000000
873.000000
873.000000
873.000000
873.000000
873.000000
873.000000
873.000000
873.000000
873.000000
873.000000
873.000000
873.000000
873.000000
873.000000
873.000000
873.000000
873.000000
873.000000
873.000000
873.000000
873.000000
873.000000
873.000000
873.000000
873.000000
873.000000
873.000000
873.000000
873.000000
873.000000
873.000000
873.000000
873.000000
873.000000
873.000000
873.000000
873.000000
873.000000
873.000000
873.000000
873.000000
873.000000
873.000000
873.000000
873.000000
873.000000
873.000000
873.000000
873.000000
873.000000
873.000000
873.000000
873.000000
873.000000
873.000000
873.000000
873.000000
873.000000
873.000000
873.000000
873.000000
873.000000
873.000000
873.000000
873.000000
873.000000
873.000000
873.000000
873.000000
873.000000
873.000000
873.000000
873.000000
873.000000
873.000000
873.000000
873.000000
873.000000
873.000000
873.000000
873.000000
873.000000
873.000000
873.000000
873.000000
873.000000
873.000000
873.000000
873.000000
873.000000
873.000000
873.000000
873.000000
873.000000
873.000000
873.000000
873.000000
873.000000
873.000000
873.000000
873.000000
873.000000
873.000000
873.000000
873.000000
873.000000
873.000000
873.000000
873.000000
873.000000
873.000000
873.000000
873.000000
873.000000
873.000000
873.000000
873.000000
873.000000
873.000000
873.000000
873.000000
873.000000
873.000000
873.000000
873.000000
873.000000
873.000000
873.000000
873.000000
873.000000
873.000000
873.000000
873.000000
873.000000
873.000000
873.000000
873.000000
873.000000
873.000000
873.000000
873.000000
873.000000
873.000000
873.000000
873.000000
873.000000
873.000000
873.000000
873.000000
873.000000
873.000000
873.000000
873.000000
873.000000
873.000000
873.000000
873.000000
873.000000
873.000000
873.000000
873.000000
873.000000
873.000000
873.000000
873.000000
873.000000
873.000000
873.000000
873.000000
873.000000
873.000000
873.000000
873.000000
873.000000
873.000000
873.000000
873.000000
873.000000
873.000000
873.000000
873.000000
873.000000
873.000000
873.000000
873.000000
873.000000
873.000000
873.000000
873.000000
873.000000
873.000000
873.000000
873.000000
873.000000
873.000000
873.000000
873.000000
873.000000
873.000000
873.000000
873.000000
873.000000
873.000000
873.000000
873.000000
873.000000
873.000000
873.000000
873.000000
873.000000
873.000000
873.000000
873.000000
873.000000
873.000000
873.000000
873.000000
873.000000
873.000000
873.000000
873.000000
873.000000
873.000000
873.000000
873.000000
873.000000
873.000000
873.000000
873.000000
873.000000
873.000000
873.000000
873.000000
873.000000
873.000000
873.000000
873.000000
873.000000
873.000000
873.000000
873.000000
873.000000
873.000000
873.000000
873.000000
873.000000
873.000000
873.000000
873.000000
873.000000
873.000000
873.000000
873.000000
873.000000
873.000000
873.000000
873.000000
873.000000
873.000000
873.000000
873.000000
873.000000
873.000000
873.000000
873.000000
873.000000
873.000000
873.000000
873.000000
873.000000
873.000000
873.000000
873.000000
873.000000
873.000000
873.000000
873.000000
873.000000
873.000000
873.000000
873.000000
873.000000
873.000000
873.000000
873.000000
873.000000
873.000000
873.000000
873.000000
873.000000
873.000000
873.000000
873.000000
873.000000
873.000000
873.000000
873.000000
873.000000
873.000000
873.000000
873.000000
873.000000
873.000000
873.000000
873.000000
873.000000
873.000000
873.000000
873.000000
873.000000
873.000000
873.000000
873.000000
873.000000
873.000000
873.000000
873.000000
873.000000
873.000000
873.000000
873.000000
873.000000
873.000000
873.000000
873.000000
873.000000
873.000000
873.000000
873.000000
873.000000
873.000000
873.000000
873.000000
873.000000
873.000000
873.000000
873.000000
873.000000
873.000000
873.000000
873.000000
873.000000
873.000000
873.000000
873.000000
873.000000
873.000000
873.000000
873.000000
873.000000
873.000000
873.000000
873.000000
873.000000
873.000000
873.000000
873.000000
873.000000
873.000000
873.000000
873.000000
873.000000
873.000000
873.000000
873.000000
873.000000
873.000000
873.000000
873.000000
873.000000
873.000000
873.000000
873.000000
873.000000
873.000000
873.000000
873.000000
873.000000
873.000000
873.000000
873.000000
873.000000
873.000000
873.000000
873.000000
873.000000
873.000000
873.000000
873.000000
873.000000
873.000000
873.000000
873.000000
873.000000
873.000000
873.000000
873.000000
873.000000
873.000000
873.000000
873.000000
873.000000
873.000000
873.000000
873.000000
873.000000
873.000000
873.000000
873.000000
873.000000
873.000000
873.000000
873.000000
873.000000
873.000000
873.000000
873.000000
873.000000
873.000000
873.000000
873.000000
873.000000
873.000000
873.000000
873.000000
873.000000
873.000000
873.000000
873.000000
873.000000
873.000000
873.000000
873.000000
873.000000
873.000000
873.000000
873.000000
873.000000
873.000000
873.000000
873.000000
873.000000
873.000000
873.000000
873.000000
873.000000
873.000000
873.000000
873.000000
873.000000
873.000000
873.000000
873.000000
873.000000
873.000000
873.000000
873.000000
873.000000
873.000000
873.000000
873.000000
873.000000
873.000000
873.000000
873.000000
873.000000
873.000000
873.000000
873.000000
873.000000
873.000000
873.000000
873.000000
873.000000
873.000000
873.000000
873.000000
873.000000
873.000000
873.000000
873.000000
873.000000
873.000000
873.000000
873.000000
873.000000
873.000000
873.000000
873.000000
873.000000
873.000000
873.000000
873.000000
873.000000
873.000000
873.000000
873.000000
873.000000
873.000000
873.000000
873.000000
873.000000
873.000000
873.000000
873.000000
873.000000
873.000000
873.000000
873.000000
873.000000
873.000000
873.000000
873.000000
873.000000
873.000000
873.000000
873.000000
873.000000
873.000000
873.000000
873.000000
873.000000
873.000000
873.000000
873.000000
873.000000
873.000000
873.000000
873.000000
873.000000
873.000000
873.000000
873.000000
873.000000
873.000000
873.000000
873.000000
873.000000
873.000000
873.000000
873.000000
873.000000
873.000000
873.000000
873.000000
873.000000
873.000000
873.000000
873.000000
873.000000
873.000000
873.000000
873.000000
873.000000
873.000000
873.000000
873.000000
873.000000
873.000000
873.000000
873.000000
873.000000
873.000000
873.000000
873.000000
873.000000
873.000000
873.000000
873.000000
873.000000
873.000000
873.000000
873.000000
873.000000
873.000000
873.000000
873.000000
873.000000
873.000000
873.000000
873.000000
873.000000
873.000000
873.000000
873.000000
873.000000
873.000000
873.000000
873.000000
873.000000
873.000000
873.000000
873.000000
873.000000
873.000000
873.000000
873.000000
873.000000
873.000000
873.000000
873.000000
873.000000
873.000000
873.000000
873.000000
873.000000
873.000000
873.000000
873.000000
873.000000
873.000000
873.000000
873.000000
873.000000
873.000000
873.000000
873.000000
873.000000
873.000000
873.000000
873.000000
873.000000
873.000000
873.000000
873.000000
873.000000
873.000000
873.000000
873.000000
873.000000
873.000000
873.000000
873.000000
873.000000
873.000000
873.000000
873.000000
873.000000
873.000000
873.000000
873.000000
873.000000
873.000000
873.000000
873.000000
873.000000
873.000000
873.000000
873.000000
873.000000
873.000000
873.000000
873.000000
873.000000
873.000000
873.000000
873.000000
873.000000
873.000000
873.000000
873.000000
873.000000
873.000000
873.000000
873.000000
873.000000
873.000000
873.000000
873.000000
873.000000
873.000000
873.000000
873.000000
873.000000
873.000000
873.000000
873.000000
873.000000
873.000000
873.000000
873.000000
873.000000
873.000000
873.000000
873.000000
873.000000
873.000000
873.000000
873.000000
873.000000
873.000000
873.000000
873.000000
873.000000
873.000000
873.000000
873.000000
873.000000
873.000000
873.000000
873.000000
873.000000
873.000000
873.000000
873.000000
873.000000
873.000000
873.000000
873.000000
873.000000
873.000000
873.000000
873.000000
873.000000
873.000000
873.000000
873.000000
873.000000
873.000000
873.000000
873.000000
873.000000
873.000000
873.000000
873.000000
873.000000
873.000000
873.000000
873.000000
873.000000
873.000000
873.000000
873.000000
873.000000
873.000000
873.000000
873.000000
873.000000
873.000000
873.000000
873.000000
873.000000
873.000000
873.000000
873.000000
873.000000
873.000000
873.000000
873.000000
873.000000
873.000000
873.000000
873.000000
873.000000
873.000000
873.000000
873.000000
873.000000
873.000000
873.000000
873.000000
873.000000
873.000000
873.000000
873.000000
873.000000
873.000000
873.000000
873.000000
873.000000
873.000000
873.000000
873.000000
873.000000
873.000000
873.000000
873.000000
873.000000
873.000000
873.000000
873.000000
873.000000
873.000000
873.000000
873.000000
873.000000
873.000000
873.000000
873.000000
873.000000
873.000000
873.000000
873.000000
873.000000
873.000000
873.000000
873.000000
873.000000
873.000000
873.000000
873.000000
873.000000
873.000000
873.000000
873.000000
873.000000
873.000000
873.000000
873.000000
873.000000
873.000000
873.000000
873.000000
873.000000
873.000000
873.000000
873.000000
873.000000
873.000000
873.000000
873.000000
873.000000
873.000000
873.000000
873.000000
873.000000
873.000000
873.000000
873.000000
873.000000
873.000000
873.000000
873.000000
873.000000
873.000000
873.000000
873.000000
873.000000
873.000000
873.000000
873.000000
873.000000
873.000000
873.000000
873.000000
873.000000
873.000000
873.000000
873.000000
873.000000
873.000000
873.000000
873.000000
873.000000
873.000000
873.000000
873.000000
873.000000
873.000000
873.000000
873.000000
873.000000
873.000000
873.000000
873.000000
873.000000
873.000000
873.000000
873.000000
873.000000
873.000000
873.000000
873.000000
873.000000
873.000000
873.000000
873.000000
873.000000
873.000000
873.000000
873.000000
873.000000
873.000000
873.000000
873.000000
873.000000
873.000000
873.000000
873.000000
873.000000
873.000000
873.000000
873.000000
873.000000
873.000000
873.000000
873.000000
873.000000
873.000000
873.000000
873.000000
873.000000
873.000000
873.000000
873.000000
873.000000
873.000000
873.000000
873.000000
873.000000
873.000000
873.000000
873.000000
873.000000
873.000000
873.000000
873.000000
873.000000
873.000000
873.000000
873.000000
873.000000
873.000000
873.000000
873.000000
873.000000
873.000000
873.000000
873.000000
873.000000
873.000000
873.000000
873.000000
873.000000
873.000000
873.000000
873.000000
873.000000
873.000000
873.000000
873.000000
873.000000
873.000000
873.000000
873.000000
873.000000
873.000000
873.000000
873.000000
873.000000
873.000000
873.000000
873.000000
873.000000
873.000000
873.000000
873.000000
873.000000
873.000000
873.000000
873.000000
873.000000
873.000000
873.000000
873.000000
873.000000
873.000000
873.000000
873.000000
873.000000
873.000000
873.000000
873.000000
873.000000
873.000000
873.000000
873.000000
873.000000
873.000000
873.000000
873.000000
873.000000
873.000000
873.000000
873.000000
873.000000
873.000000
873.000000
873.000000
873.000000
873.000000
873.000000
873.000000
873.000000
873.000000
873.000000
873.000000
873.000000
873.000000
873.000000
873.000000
873.000000
873.000000
873.000000
873.000000
873.000000
873.000000
873.000000
873.000000
873.000000
873.000000
873.000000
873.000000
873.000000
873.000000
873.000000
873.000000
873.000000
873.000000
873.000000
873.000000
873.000000
873.000000
873.000000
873.000000
873.000000
873.000000
873.000000
873.000000
873.000000
873.000000
873.000000
873.000000
873.000000
873.000000
873.000000
873.000000
873.000000
873.000000
873.000000
873.000000
873.000000
873.000000
873.000000
873.000000
873.000000
873.000000
873.000000
873.000000
873.000000
873.000000
873.000000
873.000000
873.000000
873.000000
873.000000
873.000000
873.000000
873.000000
873.000000
873.000000
873.000000
873.000000
873.000000
873.000000
873.000000
873.000000
873.000000
873.000000
873.000000
873.000000
873.000000
873.000000
873.000000
873.000000
873.000000
873.000000
873.000000
873.000000
873.000000
873.000000
873.000000
873.000000
873.000000
873.000000
873.000000
873.000000
873.000000
873.000000
873.000000
873.000000
873.000000
873.000000
873.000000
873.000000
873.000000
873.000000
873.000000
873.000000
873.000000
873.000000
873.000000
873.000000
873.000000
873.000000
873.000000
873.000000
873.000000
873.000000
873.000000
873.000000
873.000000
873.000000
873.000000
873.000000
873.000000
873.000000
873.000000
873.000000
873.000000
873.000000
873.000000
873.000000
873.000000
873.000000
873.000000
873.000000
873.000000
873.000000
873.000000
873.000000
873.000000
873.000000
873.000000
873.000000
873.000000
873.000000
873.000000
873.000000
873.000000
873.000000
873.000000
873.000000
873.000000
873.000000
873.000000
873.000000
873.000000
873.000000
873.000000
873.000000
873.000000
873.000000
873.000000
873.000000
873.000000
873.000000
873.000000
873.000000
873.000000
873.000000
873.000000
873.000000
873.000000
873.000000
873.000000
873.000000
873.000000
873.000000
873.000000
873.000000
873.000000
873.000000
873.000000
873.000000
873.000000
873.000000
873.000000
873.000000
873.000000
873.000000
873.000000
873.000000
873.000000
873.000000
873.000000
873.000000
873.000000
873.000000
873.000000
873.000000
873.000000
873.000000
873.000000
873.000000
873.000000
873.000000
873.000000
873.000000
873.000000
873.000000
873.000000
873.000000
873.000000
873.000000
873.000000
873.000000
873.000000
873.000000
873.000000
873.000000
873.000000
873.000000
873.000000
873.000000
873.000000
873.000000
873.000000
873.000000
873.000000
873.000000
873.000000
873.000000
873.000000
873.000000
873.000000
873.000000
873.000000
873.000000
873.000000
873.000000
873.000000
873.000000
873.000000
873.000000
873.000000
873.000000
873.000000
873.000000
873.000000
873.000000
873.000000
873.000000
873.000000
873.000000
873.000000
873.000000
873.000000
873.000000
873.000000
873.000000
873.000000
873.000000
873.000000
873.000000
873.000000
873.000000
873.000000
873.000000
873.000000
873.000000
873.000000
873.000000
873.000000
873.000000
873.000000
873.000000
873.000000
873.000000
873.000000
873.000000
873.000000
873.000000
873.000000
873.000000
873.000000
873.000000
873.000000
873.000000
873.000000
873.000000
873.000000
873.000000
873.000000
873.000000
873.000000
873.000000
873.000000
873.000000
873.000000
873.000000
873.000000
873.000000
873.000000
873.000000
873.000000
873.000000
873.000000
873.000000
873.000000
873.000000
873.000000
873.000000
873.000000
873.000000
873.000000
873.000000
873.000000
873.000000
873.000000
873.000000
873.000000
873.000000
873.000000
873.000000
873.000000
873.000000
873.000000
873.000000
873.000000
873.000000
873.000000
873.000000
873.000000
873.000000
873.000000
873.000000
873.000000
873.000000
873.000000
873.000000
873.000000
873.000000
873.000000
873.000000
873.000000
873.000000
873.000000
873.000000
873.000000
873.000000
873.000000
873.000000
873.000000
873.000000
873.000000
873.000000
873.000000
873.000000
873.000000
873.000000
873.000000
873.000000
873.000000
873.000000
873.000000
873.000000
873.000000
873.000000
873.000000
873.000000
873.000000
873.000000
873.000000
873.000000
873.000000
873.000000
873.000000
873.000000
873.000000
873.000000
873.000000
873.000000
873.000000
873.000000
873.000000
873.000000
873.000000
873.000000
873.000000
873.000000
873.000000
873.000000
873.000000
873.000000
873.000000
873.000000
873.000000
873.000000
873.000000
873.000000
873.000000
873.000000
873.000000
873.000000
873.000000
873.000000
873.000000
873.000000
873.000000
873.000000
873.000000
873.000000
873.000000
873.000000
873.000000
873.000000
873.000000
873.000000
873.000000
873.000000
873.000000
873.000000
873.000000
873.000000
873.000000
873.000000
873.000000
873.000000
873.000000
873.000000
873.000000
873.000000
873.000000
873.000000
873.000000
873.000000
873.000000
873.000000
873.000000
873.000000
873.000000
873.000000
873.000000
873.000000
873.000000
873.000000
873.000000
873.000000
873.000000
873.000000
873.000000
873.000000
873.000000
873.000000
873.000000
873.000000
873.000000
873.000000
873.000000
873.000000
873.000000
873.000000
873.000000
873.000000
873.000000
873.000000
873.000000
873.000000
873.000000
873.000000
873.000000
873.000000
873.000000
873.000000
873.000000
873.000000
873.000000
873.000000
873.000000
873.000000
873.000000
873.000000
873.000000
873.000000
873.000000
873.000000
873.000000
873.000000
873.000000
873.000000
873.000000
873.000000
873.000000
873.000000
873.000000
873.000000
873.000000
873.000000
873.000000
873.000000
873.000000
873.000000
873.000000
873.000000
873.000000
873.000000
873.000000
873.000000
873.000000
873.000000
873.000000
873.000000
873.000000
873.000000
873.000000
873.000000
873.000000
873.000000
873.000000
873.000000
873.000000
873.000000
873.000000
873.000000
873.000000
873.000000
873.000000
873.000000
873.000000
873.000000
873.000000
873.000000
873.000000
873.000000
873.000000
873.000000
873.000000
873.000000
873.000000
873.000000
873.000000
873.000000
873.000000
873.000000
873.000000
873.000000
873.000000
873.000000
873.000000
873.000000
873.000000
873.000000
873.000000
873.000000
873.000000
873.000000
873.000000
873.000000
873.000000
873.000000
873.000000
873.000000
873.000000
873.000000
873.000000
873.000000
873.000000
873.000000
873.000000
873.000000
873.000000
873.000000
873.000000
873.000000
873.000000
873.000000
873.000000
873.000000
873.000000
873.000000
873.000000
873.000000
873.000000
873.000000
873.000000
873.000000
873.000000
873.000000
873.000000
873.000000
873.000000
873.000000
873.000000
873.000000
873.000000
873.000000
873.000000
873.000000
873.000000
873.000000
873.000000
873.000000
873.000000
873.000000
873.000000
873.000000
873.000000
873.000000
873.000000
873.000000
873.000000
873.000000
873.000000
873.000000
873.000000
873.000000
873.000000
873.000000
873.000000
873.000000
873.000000
873.000000
873.000000
873.000000
873.000000
873.000000
873.000000
873.000000
873.000000
873.000000
873.000000
873.000000
873.000000
873.000000
873.000000
873.000000
873.000000
873.000000
873.000000
873.000000
873.000000
873.000000
873.000000
873.000000
873.000000
873.000000
873.000000
873.000000
873.000000
873.000000
873.000000
873.000000
873.000000
873.000000
873.000000
873.000000
873.000000
873.000000
873.000000
873.000000
873.000000
873.000000
873.000000
873.000000
873.000000
873.000000
873.000000
873.000000
873.000000
873.000000
873.000000
873.000000
873.000000
873.000000
873.000000
873.000000
873.000000
873.000000
873.000000
873.000000
873.000000
873.000000
873.000000
873.000000
873.000000
873.000000
873.000000
873.000000
873.000000
873.000000
873.000000
873.000000
873.000000
873.000000
873.000000
873.000000
873.000000
873.000000
873.000000
873.000000
873.000000
873.000000
873.000000
873.000000
873.000000
873.000000
873.000000
873.000000
873.000000
873.000000
873.000000
873.000000
873.000000
873.000000
873.000000
873.000000
873.000000
873.000000
873.000000
873.000000
873.000000
873.000000
873.000000
873.000000
873.000000
873.000000
873.000000
873.000000
873.000000
873.000000
873.000000
873.000000
873.000000
873.000000
873.000000
873.000000
873.000000
873.000000
873.000000
873.000000
873.000000
873.000000
873.000000
873.000000
873.000000
873.000000
873.000000
873.000000
873.000000
873.000000
873.000000
873.000000
873.000000
873.000000
873.000000
873.000000
873.000000
873.000000
873.000000
873.000000
873.000000
873.000000
873.000000
873.000000
873.000000
873.000000
873.000000
873.000000
873.000000
873.000000
873.000000
873.000000
873.000000
873.000000
873.000000
873.000000
873.000000
873.000000
873.000000
873.000000
873.000000
873.000000
873.000000
873.000000
873.000000
873.000000
873.000000
873.000000
873.000000
873.000000
873.000000
873.000000
873.000000
873.000000
873.000000
873.000000
873.000000
873.000000
873.000000
873.000000
873.000000
873.000000
873.000000
873.000000
873.000000
873.000000
873.000000
873.000000
873.000000
873.000000
873.000000
873.000000
873.000000
873.000000
873.000000
873.000000
873.000000
873.000000
873.000000
873.000000
873.000000
873.000000
873.000000
873.000000
873.000000
873.000000
873.000000
873.000000
873.000000
873.000000
873.000000
873.000000
873.000000
873.000000
873.000000
873.000000
873.000000
873.000000
873.000000
873.000000
873.000000
873.000000
873.000000
873.000000
873.000000
873.000000
873.000000
873.000000
873.000000
873.000000
873.000000
873.000000
873.000000
873.000000
873.000000
873.000000
873.000000
873.000000
873.000000
873.000000
873.000000
873.000000
873.000000
873.000000
873.000000
873.000000
873.000000
873.000000
873.000000
873.000000
873.000000
873.000000
873.000000
873.000000
873.000000
873.000000
873.000000
873.000000
873.000000
873.000000
873.000000
873.000000
873.000000
873.000000
873.000000
873.000000
873.000000
873.000000
873.000000
873.000000
873.000000
873.000000
873.000000
873.000000
873.000000
873.000000
873.000000
873.000000
873.000000
873.000000
873.000000
873.000000
873.000000
873.000000
873.000000
873.000000
873.000000
873.000000
873.000000
873.000000
873.000000
873.000000
873.000000
873.000000
873.000000
873.000000
873.000000
873.000000
873.000000
873.000000
873.000000
873.000000
873.000000
873.000000
873.000000
873.000000
873.000000
873.000000
873.000000
873.000000
873.000000
873.000000
873.000000
873.000000
873.000000
873.000000
873.000000
873.000000
873.000000
873.000000
873.000000
873.000000
873.000000
873.000000
873.000000
873.000000
873.000000
873.000000
873.000000
873.000000
873.000000
873.000000
873.000000
873.000000
873.000000
873.000000
873.000000
873.000000
873.000000
873.000000
873.000000
873.000000
873.000000
873.000000
873.000000
873.000000
873.000000
873.000000
873.000000
873.000000
873.000000
873.000000
873.000000
873.000000
873.000000
873.000000
873.000000
873.000000
873.000000
873.000000
873.000000
873.000000
873.000000
873.000000
873.000000
873.000000
873.000000
873.000000
873.000000
873.000000
873.000000
873.000000
873.000000
873.000000
873.000000
873.000000
873.000000
873.000000
873.000000
873.000000
873.000000
873.000000
873.000000
873.000000
873.000000
873.000000
873.000000
873.000000
873.000000
873.000000
873.000000
873.000000
873.000000
873.000000
873.000000
873.000000
873.000000
873.000000
873.000000
873.000000
873.000000
873.000000
873.000000
873.000000
873.000000
873.000000
873.000000
873.000000
873.000000
873.000000
873.000000
873.000000
873.000000
873.000000
873.000000
873.000000
873.000000
873.000000
873.000000
873.000000
873.000000
873.000000
873.000000
873.000000
873.000000
873.000000
873.000000
873.000000
873.000000
873.000000
873.000000
873.000000
873.000000
873.000000
873.000000
873.000000
873.000000
873.000000
873.000000
873.000000
873.000000
873.000000
873.000000
873.000000
873.000000
873.000000
873.000000
873.000000
873.000000
873.000000
873.000000
873.000000
873.000000
873.000000
873.000000
873.000000
873.000000
873.000000
873.000000
873.000000
873.000000
873.000000
873.000000
873.000000
873.000000
873.000000
873.000000
873.000000
873.000000
873.000000
873.000000
873.000000
873.000000
873.000000
873.000000
873.000000
873.000000
873.000000
873.000000
873.000000
873.000000
873.000000
873.000000
873.000000
873.000000
873.000000
873.000000
873.000000
873.000000
873.000000
873.000000
873.000000
873.000000
873.000000
873.000000
873.000000
873.000000
873.000000
873.000000
873.000000
873.000000
873.000000
873.000000
873.000000
873.000000
873.000000
873.000000
873.000000
873.000000
873.000000
873.000000
873.000000
873.000000
873.000000
873.000000
873.000000
873.000000
873.000000
873.000000
873.000000
873.000000
873.000000
873.000000
873.000000
873.000000
873.000000
873.000000
873.000000
873.000000
873.000000
873.000000
873.000000
873.000000
873.000000
873.000000
873.000000
873.000000
873.000000
873.000000
873.000000
873.000000
873.000000
873.000000
873.000000
873.000000
873.000000
873.000000
873.000000
873.000000
873.000000
873.000000
873.000000
873.000000
873.000000
873.000000
873.000000
873.000000
873.000000
873.000000
873.000000
873.000000
873.000000
873.000000
873.000000
873.000000
873.000000
873.000000
873.000000
873.000000
873.000000
873.000000
873.000000
873.000000
873.000000
873.000000
873.000000
873.000000
873.000000
873.000000
873.000000
873.000000
873.000000
873.000000
873.000000
873.000000
873.000000
873.000000
873.000000
873.000000
873.000000
873.000000
873.000000
873.000000
873.000000
873.000000
873.000000
873.000000
873.000000
873.000000
873.000000
873.000000
873.000000
873.000000
873.000000
873.000000
873.000000
873.000000
873.000000
873.000000
873.000000
873.000000
873.000000
873.000000
873.000000
873.000000
873.000000
873.000000
873.000000
873.000000
873.000000
873.000000
873.000000
873.000000
873.000000
873.000000
873.000000
873.000000
873.000000
873.000000
873.000000
873.000000
873.000000
873.000000
873.000000
873.000000
873.000000
873.000000
873.000000
873.000000
873.000000
873.000000
873.000000
873.000000
873.000000
873.000000
873.000000
873.000000
873.000000
873.000000
873.000000
873.000000
873.000000
873.000000
873.000000
873.000000
873.000000
873.000000
873.000000
873.000000
873.000000
873.000000
873.000000
873.000000
873.000000
873.000000
873.000000
873.000000
873.000000
873.000000
873.000000
873.000000
873.000000
873.000000
873.000000
873.000000
873.000000
873.000000
873.000000
873.000000
873.000000
873.000000
873.000000
873.000000
873.000000
873.000000
873.000000
873.000000
873.000000
873.000000
873.000000
873.000000
873.000000
873.000000
873.000000
873.000000
873.000000
873.000000
873.000000
873.000000
873.000000
873.000000
873.000000
873.000000
873.000000
873.000000
873.000000
873.000000
873.000000
873.000000
873.000000
873.000000
873.000000
873.000000
873.000000
873.000000
873.000000
873.000000
873.000000
873.000000
873.000000
873.000000
873.000000
873.000000
873.000000
873.000000
873.000000
873.000000
873.000000
873.000000
873.000000
873.000000
873.000000
873.000000
873.000000
873.000000
873.000000
873.000000
873.000000
873.000000
873.000000
873.000000
873.000000
873.000000
873.000000
873.000000
873.000000
873.000000
873.000000
873.000000
873.000000
873.000000
873.000000
873.000000
873.000000
873.000000
873.000000
873.000000
873.000000
873.000000
873.000000
873.000000
873.000000
873.000000
873.000000
873.000000
873.000000
873.000000
873.000000
873.000000
873.000000
873.000000
873.000000
873.000000
873.000000
873.000000
873.000000
873.000000
873.000000
873.000000
873.000000
873.000000
873.000000
873.000000
873.000000
873.000000
873.000000
873.000000
873.000000
873.000000
873.000000
873.000000
873.000000
873.000000
873.000000
873.000000
873.000000
873.000000
873.000000
873.000000
873.000000
873.000000
873.000000
873.000000
873.000000
873.000000
873.000000
873.000000
873.000000
873.000000
873.000000
873.000000
873.000000
873.000000
873.000000
873.000000
873.000000
873.000000
873.000000
873.000000
873.000000
873.000000
873.000000
873.000000
873.000000
873.000000
873.000000
873.000000
873.000000
873.000000
873.000000
873.000000
873.000000
873.000000
873.000000
873.000000
873.000000
873.000000
873.000000
873.000000
873.000000
873.000000
873.000000
873.000000
873.000000
873.000000
873.000000
873.000000
873.000000
873.000000
873.000000
873.000000
873.000000
873.000000
873.000000
873.000000
873.000000
873.000000
873.000000
873.000000
873.000000
873.000000
873.000000
873.000000
873.000000
873.000000
873.000000
873.000000
873.000000
873.000000
873.000000
873.000000
873.000000
873.000000
873.000000
873.000000
873.000000
873.000000
873.000000
873.000000
873.000000
873.000000
873.000000
873.000000
873.000000
873.000000
873.000000
873.000000
873.000000
873.000000
873.000000
873.000000
873.000000
873.000000
873.000000
873.000000
873.000000
873.000000
873.000000
873.000000
873.000000
873.000000
873.000000
873.000000
873.000000
873.000000
873.000000
873.000000
873.000000
873.000000
873.000000
873.000000
873.000000
873.000000
873.000000
873.000000
873.000000
873.000000
873.000000
873.000000
873.000000
873.000000
873.000000
873.000000
873.000000
873.000000
873.000000
873.000000
873.000000
873.000000
873.000000
873.000000
873.000000
873.000000
873.000000
873.000000
873.000000
873.000000
873.000000
873.000000
873.000000
873.000000
873.000000
873.000000
873.000000
873.000000
873.000000
873.000000
873.000000
873.000000
873.000000
873.000000
873.000000
873.000000
873.000000
873.000000
873.000000
873.000000
873.000000
873.000000
873.000000
873.000000
873.000000
873.000000
873.000000
873.000000
873.000000
873.000000
873.000000
873.000000
873.000000
873.000000
873.000000
873.000000
873.000000
873.000000
873.000000
873.000000
873.000000
873.000000
873.000000
873.000000
873.000000
873.000000
873.000000
873.000000
873.000000
873.000000
873.000000
873.000000
873.000000
873.000000
873.000000
873.000000
873.000000
873.000000
873.000000
873.000000
873.000000
873.000000
873.000000
873.000000
873.000000
873.000000
873.000000
873.000000
873.000000
873.000000
873.000000
873.000000
873.000000
873.000000
873.000000
873.000000
873.000000
873.000000
873.000000
873.000000
873.000000
873.000000
873.000000
873.000000
873.000000
873.000000
873.000000
873.000000
873.000000
873.000000
873.000000
873.000000
873.000000
873.000000
873.000000
873.000000
873.000000
873.000000
873.000000
873.000000
873.000000
873.000000
873.000000
873.000000
873.000000
873.000000
873.000000
873.000000
873.000000
873.000000
873.000000
873.000000
873.000000
873.000000
873.000000
873.000000
873.000000
873.000000
873.000000
873.000000
873.000000
873.000000
873.000000
873.000000
873.000000
873.000000
873.000000
873.000000
873.000000
873.000000
873.000000
873.000000
873.000000
873.000000
873.000000
873.000000
873.000000
873.000000
873.000000
873.000000
873.000000
873.000000
873.000000
873.000000
873.000000
873.000000
873.000000
873.000000
873.000000
873.000000
873.000000
873.000000
873.000000
873.000000
873.000000
873.000000
873.000000
873.000000
873.000000
873.000000
873.000000
873.000000
873.000000
873.000000
873.000000
873.000000
873.000000
873.000000
873.000000
873.000000
873.000000
873.000000
873.000000
873.000000
873.000000
873.000000
873.000000
873.000000
873.000000
873.000000
873.000000
873.000000
873.000000
873.000000
873.000000
873.000000
873.000000
873.000000
873.000000
873.000000
873.000000
873.000000
873.000000
873.000000
873.000000
873.000000
873.000000
873.000000
873.000000
873.000000
873.000000
873.000000
873.000000
873.000000
873.000000
873.000000
873.000000
873.000000
873.000000
873.000000
873.000000
873.000000
873.000000
873.000000
873.000000
873.000000
873.000000
873.000000
873.000000
873.000000
873.000000
873.000000
873.000000
873.000000
873.000000
873.000000
873.000000
873.000000
873.000000
873.000000
873.000000
873.000000
873.000000
873.000000
873.000000
873.000000
873.000000
873.000000
873.000000
873.000000
873.000000
873.000000
873.000000
873.000000
873.000000
873.000000
873.000000
873.000000
873.000000
873.000000
873.000000
873.000000
873.000000
873.000000
873.000000
873.000000
873.000000
873.000000
873.000000
873.000000
873.000000
873.000000
873.000000
873.000000
873.000000
873.000000
873.000000
873.000000
873.000000
873.000000
873.000000
873.000000
873.000000
873.000000
873.000000
873.000000
873.000000
873.000000
873.000000
873.000000
873.000000
873.000000
873.000000
873.000000
873.000000
873.000000
873.000000
873.000000
873.000000
873.000000
873.000000
873.000000
873.000000
873.000000
873.000000
873.000000
873.000000
873.000000
873.000000
873.000000
873.000000
873.000000
873.000000
873.000000
873.000000
873.000000
873.000000
873.000000
873.000000
873.000000
873.000000
873.000000
873.000000
873.000000
873.000000
873.000000
873.000000
873.000000
873.000000
873.000000
873.000000
873.000000
873.000000
873.000000
873.000000
873.000000
873.000000
873.000000
873.000000
873.000000
873.000000
873.000000
873.000000
873.000000
873.000000
873.000000
873.000000
873.000000
873.000000
873.000000
873.000000
873.000000
873.000000
873.000000
873.000000
873.000000
873.000000
873.000000
873.000000
873.000000
873.000000
873.000000
873.000000
873.000000
873.000000
873.000000
873.000000
873.000000
873.000000
873.000000
873.000000
873.000000
873.000000
873.000000
873.000000
873.000000
873.000000
873.000000
873.000000
873.000000
873.000000
873.000000
873.000000
873.000000
873.000000
873.000000
873.000000
873.000000
873.000000
873.000000
873.000000
873.000000
873.000000
873.000000
873.000000
873.000000
873.000000
873.000000
873.000000
873.000000
873.000000
873.000000
873.000000
873.000000
873.000000
873.000000
873.000000
873.000000
873.000000
873.000000
873.000000
873.000000
873.000000
873.000000
873.000000
873.000000
873.000000
873.000000
873.000000
873.000000
873.000000
873.000000
873.000000
873.000000
873.000000
873.000000
873.000000
873.000000
873.000000
873.000000
873.000000
873.000000
873.000000
873.000000
873.000000
873.000000
873.000000
873.000000
873.000000
873.000000
873.000000
873.000000
873.000000
873.000000
873.000000
873.000000
873.000000
873.000000
873.000000
873.000000
873.000000
873.000000
873.000000
873.000000
873.000000
873.000000
873.000000
873.000000
873.000000
873.000000
873.000000
873.000000
873.000000
873.000000
873.000000
873.000000
873.000000
873.000000
873.000000
873.000000
873.000000
873.000000
873.000000
873.000000
873.000000
873.000000
873.000000
873.000000
873.000000
873.000000
873.000000
873.000000
873.000000
873.000000
873.000000
873.000000
873.000000
873.000000
873.000000
873.000000
873.000000
873.000000
873.000000
873.000000
873.000000
873.000000
873.000000
873.000000
873.000000
873.000000
873.000000
873.000000
873.000000
873.000000
873.000000
873.000000
873.000000
873.000000
873.000000
873.000000
873.000000
873.000000
873.000000
873.000000
873.000000
873.000000
873.000000
873.000000
873.000000
873.000000
873.000000
873.000000
873.000000
873.000000
873.000000
873.000000
873.000000
873.000000
873.000000
873.000000
873.000000
873.000000
873.000000
873.000000
873.000000
873.000000
873.000000
873.000000
873.000000
873.000000
873.000000
873.000000
873.000000
873.000000
873.000000
873.000000
873.000000
873.000000
873.000000
873.000000
873.000000
873.000000
873.000000
873.000000
873.000000
873.000000
873.000000
873.000000
873.000000
873.000000
873.000000
873.000000
873.000000
873.000000
873.000000
873.000000
873.000000
873.000000
873.000000
873.000000
873.000000
873.000000
873.000000
873.000000
873.000000
873.000000
873.000000
873.000000
873.000000
873.000000
873.000000
873.000000
873.000000
873.000000
873.000000
873.000000
873.000000
873.000000
873.000000
873.000000
873.000000
873.000000
873.000000
873.000000
873.000000
873.000000
873.000000
873.000000
873.000000
873.000000
873.000000
873.000000
873.000000
873.000000
873.000000
873.000000
873.000000
873.000000
873.000000
873.000000
873.000000
873.000000
873.000000
873.000000
873.000000
873.000000
873.000000
873.000000
873.000000
873.000000
873.000000
873.000000
873.000000
873.000000
873.000000
873.000000
873.000000
873.000000
873.000000
873.000000
873.000000
873.000000
873.000000
873.000000
873.000000
873.000000
873.000000
873.000000
873.000000
873.000000
873.000000
873.000000
873.000000
873.000000
873.000000
873.000000
873.000000
873.000000
873.000000
873.000000
873.000000
873.000000
873.000000
873.000000
873.000000
873.000000
873.000000
873.000000
873.000000
873.000000
873.000000
873.000000
873.000000
873.000000
873.000000
873.000000
873.000000
873.000000
873.000000
873.000000
873.000000
873.000000
873.000000
873.000000
873.000000
873.000000
873.000000
873.000000
873.000000
873.000000
873.000000
873.000000
873.000000
873.000000
873.000000
873.000000
873.000000
873.000000
873.000000
873.000000
873.000000
873.000000
873.000000
873.000000
873.000000
873.000000
873.000000
873.000000
873.000000
873.000000
873.000000
873.000000
873.000000
873.000000
873.000000
873.000000
873.000000
873.000000
873.000000
873.000000
873.000000
873.000000
873.000000
873.000000
873.000000
873.000000
873.000000
873.000000
873.000000
873.000000
873.000000
873.000000
873.000000
873.000000
873.000000
873.000000
873.000000
873.000000
873.000000
873.000000
873.000000
873.000000
873.000000
873.000000
873.000000
873.000000
873.000000
873.000000
873.000000
873.000000
873.000000
873.000000
873.000000
873.000000
873.000000
873.000000
873.000000
873.000000
873.000000
873.000000
873.000000
873.000000
873.000000
873.000000
873.000000
873.000000
873.000000
873.000000
873.000000
873.000000
873.000000
873.000000
873.000000
873.000000
873.000000
873.000000
873.000000
873.000000
873.000000
873.000000
873.000000
873.000000
873.000000
873.000000
873.000000
873.000000
873.000000
873.000000
873.000000
873.000000
873.000000
873.000000
873.000000
873.000000
873.000000
873.000000
873.000000
873.000000
873.000000
873.000000
873.000000
873.000000
873.000000
873.000000
873.000000
873.000000
873.000000
873.000000
873.000000
873.000000
873.000000
873.000000
873.000000
873.000000
873.000000
873.000000
873.000000
873.000000
873.000000
873.000000
873.000000
873.000000
873.000000
873.000000
873.000000
873.000000
873.000000
873.000000
873.000000
873.000000
873.000000
873.000000
873.000000
873.000000
873.000000
873.000000
873.000000
873.000000
873.000000
873.000000
873.000000
873.000000
873.000000
873.000000
873.000000
873.000000
873.000000
873.000000
873.000000
873.000000
873.000000
873.000000
873.000000
873.000000
873.000000
873.000000
873.000000
873.000000
873.000000
873.000000
873.000000
873.000000
873.000000
873.000000
873.000000
873.000000
873.000000
873.000000
873.000000
873.000000
873.000000
873.000000
873.000000
873.000000
873.000000
873.000000
873.000000
873.000000
873.000000
873.000000
873.000000
873.000000
873.000000
873.000000
873.000000
873.000000
873.000000
873.000000
873.000000
873.000000
873.000000
873.000000
873.000000
873.000000
873.000000
873.000000
873.000000
873.000000
873.000000
873.000000
873.000000
873.000000
873.000000
873.000000
873.000000
873.000000
873.000000
873.000000
873.000000
873.000000
873.000000
873.000000
873.000000
873.000000
873.000000
873.000000
873.000000
873.000000
873.000000
873.000000
873.000000
873.000000
873.000000
873.000000
873.000000
873.000000
873.000000
873.000000
873.000000
873.000000
873.000000
873.000000
873.000000
873.000000
873.000000
873.000000
873.000000
873.000000
873.000000
873.000000
873.000000
873.000000
873.000000
873.000000
873.000000
873.000000
873.000000
873.000000
873.000000
873.000000
873.000000
873.000000
873.000000
873.000000
873.000000
873.000000
873.000000
873.000000
873.000000
873.000000
873.000000
873.000000
873.000000
873.000000
873.000000
873.000000
873.000000
873.000000
873.000000
873.000000
873.000000
873.000000
873.000000
873.000000
873.000000
873.000000
873.000000
873.000000
873.000000
873.000000
873.000000
873.000000
873.000000
873.000000
873.000000
873.000000
873.000000
873.000000
873.000000
873.000000
873.000000
873.000000
873.000000
873.000000
873.000000
873.000000
873.000000
873.000000
873.000000
873.000000
873.000000
873.000000
873.000000
873.000000
873.000000
873.000000
873.000000
873.000000
873.000000
873.000000
873.000000
873.000000
873.000000
873.000000
873.000000
873.000000
873.000000
873.000000
873.000000
873.000000
873.000000
873.000000
873.000000
873.000000
873.000000
873.000000
873.000000
873.000000
873.000000
873.000000
873.000000
873.000000
873.000000
873.000000
873.000000
873.000000
873.000000
873.000000
873.000000
873.000000
873.000000
873.000000
873.000000
873.000000
873.000000
873.000000
873.000000
873.000000
873.000000
873.000000
873.000000
873.000000
873.000000
873.000000
873.000000
873.000000
873.000000
873.000000
873.000000
873.000000
873.000000
873.000000
873.000000
873.000000
873.000000
873.000000
873.000000
873.000000
873.000000
873.000000
873.000000
873.000000
873.000000
873.000000
873.000000
873.000000
873.000000
873.000000
873.000000
873.000000
873.000000
873.000000
873.000000
873.000000
873.000000
873.000000
873.000000
873.000000
873.000000
873.000000
873.000000
873.000000
873.000000
873.000000
873.000000
873.000000
873.000000
873.000000
873.000000
873.000000
873.000000
873.000000
873.000000
873.000000
873.000000
873.000000
873.000000
873.000000
873.000000
873.000000
873.000000
873.000000
873.000000
873.000000
873.000000
873.000000
873.000000
873.000000
873.000000
873.000000
873.000000
873.000000
873.000000
873.000000
873.000000
873.000000
873.000000
873.000000
873.000000
873.000000
873.000000
873.000000
873.000000
873.000000
873.000000
873.000000
873.000000
873.000000
873.000000
873.000000
873.000000
873.000000
873.000000
873.000000
873.000000
873.000000
873.000000
873.000000
873.000000
873.000000
873.000000
873.000000
873.000000
873.000000
873.000000
873.000000
873.000000
873.000000
873.000000
873.000000
873.000000
873.000000
873.000000
873.000000
873.000000
873.000000
873.000000
873.000000
873.000000
873.000000
873.000000
873.000000
873.000000
873.000000
873.000000
873.000000
873.000000
873.000000
873.000000
873.000000
873.000000
873.000000
873.000000
873.000000
873.000000
873.000000
873.000000
873.000000
873.000000
873.000000
873.000000
873.000000
873.000000
873.000000
873.000000
873.000000
873.000000
873.000000
873.000000
873.000000
873.000000
873.000000
873.000000
873.000000
873.000000
873.000000
873.000000
873.000000
873.000000
873.000000
873.000000
873.000000
873.000000
873.000000
873.000000
873.000000
873.000000
873.000000
873.000000
873.000000
873.000000
873.000000
873.000000
873.000000
873.000000
873.000000
873.000000
873.000000
873.000000
873.000000
873.000000
873.000000
873.000000
873.000000
873.000000
873.000000
873.000000
873.000000
873.000000
873.000000
873.000000
873.000000
873.000000
873.000000
873.000000
873.000000
873.000000
873.000000
873.000000
873.000000
873.000000
873.000000
873.000000
873.000000
873.000000
873.000000
873.000000
873.000000
873.000000
873.000000
873.000000
873.000000
873.000000
873.000000
873.000000
873.000000
873.000000
873.000000
873.000000
873.000000
873.000000
873.000000
873.000000
873.000000
873.000000
873.000000
873.000000
873.000000
873.000000
873.000000
873.000000
873.000000
873.000000
873.000000
873.000000
873.000000
873.000000
873.000000
873.000000
873.000000
873.000000
873.000000
873.000000
873.000000
873.000000
873.000000
873.000000
873.000000
873.000000
873.000000
873.000000
873.000000
873.000000
873.000000
873.000000
873.000000
873.000000
873.000000
873.000000
873.000000
873.000000
873.000000
873.000000
873.000000
873.000000
873.000000
873.000000
873.000000
873.000000
873.000000
873.000000
873.000000
873.000000
873.000000
873.000000
873.000000
873.000000
873.000000
873.000000
873.000000
873.000000
873.000000
873.000000
873.000000
873.000000
873.000000
873.000000
873.000000
873.000000
873.000000
873.000000
873.000000
873.000000
873.000000
873.000000
873.000000
873.000000
873.000000
873.000000
873.000000
873.000000
873.000000
873.000000
873.000000
873.000000
873.000000
873.000000
873.000000
873.000000
873.000000
873.000000
873.000000
873.000000
873.000000
873.000000
873.000000
873.000000
873.000000
873.000000
873.000000
873.000000
873.000000
873.000000
873.000000
873.000000
873.000000
873.000000
873.000000
873.000000
873.000000
873.000000
873.000000
873.000000
873.000000
873.000000
873.000000
873.000000
873.000000
873.000000
873.000000
873.000000
873.000000
873.000000
873.000000
873.000000
873.000000
873.000000
873.000000
873.000000
873.000000
873.000000
873.000000
873.000000
873.000000
873.000000
873.000000
873.000000
873.000000
873.000000
873.000000
873.000000
873.000000
873.000000
873.000000
873.000000
873.000000
873.000000
873.000000
873.000000
873.000000
873.000000
873.000000
873.000000
873.000000
873.000000
873.000000
873.000000
873.000000
873.000000
873.000000
873.000000
873.000000
873.000000
873.000000
873.000000
873.000000
873.000000
873.000000
873.000000
873.000000
873.000000
873.000000
873.000000
873.000000
873.000000
873.000000
873.000000
873.000000
873.000000
873.000000
873.000000
873.000000
873.000000
873.000000
873.000000
873.000000
873.000000
873.000000
873.000000
873.000000
873.000000
873.000000
873.000000
873.000000
873.000000
873.000000
873.000000
873.000000
873.000000
873.000000
873.000000
873.000000
873.000000
873.000000
873.000000
873.000000
873.000000
873.000000
873.000000
873.000000
873.000000
873.000000
873.000000
873.000000
873.000000
873.000000
873.000000
873.000000
873.000000
873.000000
873.000000
873.000000
873.000000
873.000000
873.000000
873.000000
873.000000
873.000000
873.000000
873.000000
873.000000
873.000000
873.000000
873.000000
873.000000
873.000000
873.000000
873.000000
873.000000
873.000000
873.000000
873.000000
873.000000
873.000000
873.000000
873.000000
873.000000
873.000000
873.000000
873.000000
873.000000
873.000000
873.000000
873.000000
873.000000
873.000000
873.000000
873.000000
873.000000
873.000000
873.000000
873.000000
873.000000
873.000000
873.000000
873.000000
873.000000
873.000000
873.000000
873.000000
873.000000
873.000000
873.000000
873.000000
873.000000
873.000000
873.000000
873.000000
873.000000
873.000000
873.000000
873.000000
873.000000
873.000000
873.000000
873.000000
873.000000
873.000000
873.000000
873.000000
873.000000
873.000000
873.000000
873.000000
873.000000
873.000000
873.000000
873.000000
873.000000
873.000000
873.000000
873.000000
873.000000
873.000000
873.000000
873.000000
873.000000
873.000000
873.000000
873.000000
873.000000
873.000000
873.000000
873.000000
873.000000
873.000000
873.000000
873.000000
873.000000
873.000000
873.000000
873.000000
873.000000
873.000000
873.000000
873.000000
873.000000
873.000000
873.000000
873.000000
873.000000
873.000000
873.000000
873.000000
873.000000
873.000000
873.000000
873.000000
873.000000
873.000000
873.000000
873.000000
873.000000
873.000000
873.000000
873.000000
873.000000
873.000000
873.000000
873.000000
873.000000
873.000000
873.000000
873.000000
873.000000
873.000000
873.000000
873.000000
873.000000
873.000000
873.000000
873.000000
873.000000
873.000000
873.000000
873.000000
873.000000
873.000000
873.000000
873.000000
873.000000
873.000000
873.000000
873.000000
873.000000
873.000000
873.000000
873.000000
873.000000
873.000000
873.000000
873.000000
873.000000
873.000000
873.000000
873.000000
873.000000
873.000000
873.000000
873.000000
873.000000
873.000000
873.000000
873.000000
873.000000
873.000000
873.000000
873.000000
873.000000
873.000000
873.000000
873.000000
873.000000
873.000000
873.000000
873.000000
873.000000
873.000000
873.000000
873.000000
873.000000
873.000000
873.000000
873.000000
873.000000
873.000000
873.000000
873.000000
873.000000
873.000000
873.000000
873.000000
873.000000
873.000000
873.000000
873.000000
873.000000
873.000000
873.000000
873.000000
873.000000
873.000000
873.000000
873.000000
873.000000
873.000000
873.000000
873.000000
873.000000
873.000000
873.000000
873.000000
873.000000
873.000000
873.000000
873.000000
873.000000
873.000000
873.000000
873.000000
873.000000
873.000000
873.000000
873.000000
873.000000
873.000000
873.000000
873.000000
873.000000
873.000000
873.000000
873.000000
873.000000
873.000000
873.000000
873.000000
873.000000
873.000000
873.000000
873.000000
873.000000
873.000000
873.000000
873.000000
873.000000
873.000000
873.000000
873.000000
873.000000
873.000000
873.000000
873.000000
873.000000
873.000000
873.000000
873.000000
873.000000
873.000000
873.000000
873.000000
873.000000
873.000000
873.000000
873.000000
873.000000
873.000000
873.000000
873.000000
873.000000
873.000000
873.000000
873.000000
873.000000
873.000000
873.000000
873.000000
873.000000
873.000000
873.000000
873.000000
873.000000
873.000000
873.000000
873.000000
873.000000
873.000000
873.000000
873.000000
873.000000
873.000000
873.000000
873.000000
873.000000
873.000000
873.000000
873.000000
873.000000
873.000000
873.000000
873.000000
873.000000
873.000000
873.000000
873.000000
873.000000
873.000000
873.000000
873.000000
873.000000
873.000000
873.000000
873.000000
873.000000
873.000000
873.000000
873.000000
873.000000
873.000000
873.000000
873.000000
873.000000
873.000000
873.000000
873.000000
873.000000
873.000000
873.000000
873.000000
873.000000
873.000000
873.000000
873.000000
873.000000
873.000000
873.000000
873.000000
873.000000
873.000000
873.000000
873.000000
873.000000
873.000000
873.000000
873.000000
873.000000
873.000000
873.000000
873.000000
873.000000
873.000000
873.000000
873.000000
873.000000
873.000000
873.000000
873.000000
873.000000
873.000000
873.000000
873.000000
873.000000
873.000000
873.000000
873.000000
873.000000
873.000000
873.000000
873.000000
873.000000
873.000000
873.000000
873.000000
873.000000
873.000000
873.000000
873.000000
873.000000
873.000000
873.000000
873.000000
873.000000
873.000000
873.000000
873.000000
873.000000
873.000000
873.000000
873.000000
873.000000
873.000000
873.000000
873.000000
873.000000
873.000000
873.000000
873.000000
873.000000
873.000000
873.000000
873.000000
873.000000
873.000000
873.000000
873.000000
873.000000
873.000000
873.000000
873.000000
873.000000
873.000000
873.000000
873.000000
873.000000
873.000000
873.000000
873.000000
873.000000
873.000000
873.000000
873.000000
873.000000
873.000000
873.000000
873.000000
873.000000
873.000000
873.000000
873.000000
873.000000
873.000000
873.000000
873.000000
873.000000
873.000000
873.000000
873.000000
873.000000
873.000000
873.000000
873.000000
873.000000
873.000000
873.000000
873.000000
873.000000
873.000000
873.000000
873.000000
873.000000
873.000000
873.000000
873.000000
873.000000
873.000000
873.000000
873.000000
873.000000
873.000000
873.000000
873.000000
873.000000
873.000000
873.000000
873.000000
873.000000
873.000000
873.000000
873.000000
873.000000
873.000000
873.000000
873.000000
873.000000
873.000000
873.000000
873.000000
873.000000
873.000000
873.000000
873.000000
873.000000
873.000000
873.000000
873.000000
873.000000
873.000000
873.000000
873.000000
873.000000
873.000000
873.000000
873.000000
873.000000
873.000000
873.000000
873.000000
873.000000
873.000000
873.000000
873.000000
873.000000
873.000000
873.000000
873.000000
873.000000
873.000000
873.000000
873.000000
873.000000
873.000000
873.000000
873.000000
873.000000
873.000000
873.000000
873.000000
873.000000
873.000000
873.000000
873.000000
873.000000
873.000000
873.000000
873.000000
873.000000
873.000000
873.000000
873.000000
873.000000
873.000000
873.000000
873.000000
873.000000
873.000000
873.000000
873.000000
873.000000
873.000000
873.000000
873.000000
873.000000
873.000000
873.000000
873.000000
873.000000
873.000000
873.000000
873.000000
873.000000
873.000000
873.000000
873.000000
873.000000
873.000000
873.000000
873.000000
873.000000
873.000000
873.000000
873.000000
873.000000
873.000000
873.000000
873.000000
873.000000
873.000000
873.000000
873.000000
873.000000
873.000000
873.000000
873.000000
873.000000
873.000000
873.000000
873.000000
873.000000
873.000000
873.000000
873.000000
873.000000
873.000000
873.000000
873.000000
873.000000
873.000000
873.000000
873.000000
873.000000
873.000000
873.000000
873.000000
873.000000
873.000000
873.000000
873.000000
873.000000
873.000000
873.000000
873.000000
873.000000
873.000000
873.000000
873.000000
873.000000
873.000000
873.000000
873.000000
873.000000
873.000000
873.000000
873.000000
873.000000
873.000000
873.000000
873.000000
873.000000
873.000000
873.000000
873.000000
873.000000
873.000000
873.000000
873.000000
873.000000
873.000000
873.000000
873.000000
873.000000
873.000000
873.000000
873.000000
873.000000
873.000000
873.000000
873.000000
873.000000
873.000000
873.000000
873.000000
873.000000
873.000000
873.000000
873.000000
873.000000
873.000000
873.000000
873.000000
873.000000
873.000000
873.000000
873.000000
873.000000
873.000000
873.000000
873.000000
873.000000
873.000000
873.000000
873.000000
873.000000
873.000000
873.000000
873.000000
873.000000
873.000000
873.000000
873.000000
873.000000
873.000000
873.000000
873.000000
873.000000
873.000000
873.000000
873.000000
873.000000
873.000000
873.000000
873.000000
873.000000
873.000000
873.000000
873.000000
873.000000
873.000000
873.000000
873.000000
873.000000
873.000000
873.000000
873.000000
873.000000
873.000000
873.000000
873.000000
873.000000
873.000000
873.000000
873.000000
873.000000
873.000000
873.000000
873.000000
873.000000
873.000000
873.000000
873.000000
873.000000
873.000000
873.000000
873.000000
873.000000
873.000000
873.000000
873.000000
873.000000
873.000000
873.000000
873.000000
873.000000
873.000000
873.000000
873.000000
873.000000
873.000000
873.000000
873.000000
873.000000
873.000000
873.000000
873.000000
873.000000
873.000000
873.000000
873.000000
873.000000
873.000000
873.000000
873.000000
873.000000
873.000000
873.000000
873.000000
873.000000
873.000000
873.000000
873.000000
873.000000
873.000000
873.000000
873.000000
873.000000
873.000000
873.000000
873.000000
873.000000
873.000000
873.000000
873.000000
873.000000
873.000000
873.000000
873.000000
873.000000
873.000000
873.000000
873.000000
873.000000
873.000000
873.000000
873.000000
873.000000
873.000000
873.000000
873.000000
873.000000
873.000000
873.000000
873.000000
873.000000
873.000000
873.000000
873.000000
873.000000
873.000000
873.000000
873.000000
873.000000
873.000000
873.000000
873.000000
873.000000
873.000000
873.000000
873.000000
873.000000
873.000000
873.000000
873.000000
873.000000
873.000000
873.000000
873.000000
873.000000
873.000000
873.000000
873.000000
873.000000
873.000000
873.000000
873.000000
873.000000
873.000000
873.000000
873.000000
873.000000
873.000000
873.000000
873.000000
873.000000
873.000000
873.000000
873.000000
873.000000
873.000000
873.000000
873.000000
873.000000
873.000000
873.000000
873.000000
873.000000
873.000000
873.000000
873.000000
873.000000
873.000000
873.000000
873.000000
873.000000
873.000000
873.000000
873.000000
873.000000
873.000000
873.000000
873.000000
873.000000
873.000000
873.000000
873.000000
873.000000
873.000000
873.000000
873.000000
873.000000
873.000000
873.000000
873.000000
873.000000
873.000000
873.000000
873.000000
873.000000
873.000000
873.000000
873.000000
873.000000
873.000000
873.000000
873.000000
873.000000
873.000000
873.000000
873.000000
873.000000
873.000000
873.000000
873.000000
873.000000
873.000000
873.000000
873.000000
873.000000
873.000000
873.000000
873.000000
873.000000
873.000000
873.000000
873.000000
873.000000
873.000000
873.000000
873.000000
873.000000
873.000000
873.000000
873.000000
873.000000
873.000000
873.000000
873.000000
873.000000
873.000000
873.000000
873.000000
873.000000
873.000000
873.000000
873.000000
873.000000
873.000000
873.000000
873.000000
873.000000
873.000000
873.000000
873.000000
873.000000
873.000000
873.000000
873.000000
873.000000
873.000000
873.000000
873.000000
873.000000
873.000000
873.000000
873.000000
873.000000
873.000000
873.000000
873.000000
873.000000
873.000000
873.000000
873.000000
873.000000
873.000000
873.000000
873.000000
873.000000
873.000000
873.000000
873.000000
873.000000
873.000000
873.000000
873.000000
873.000000
873.000000
873.000000
873.000000
873.000000
873.000000
873.000000
873.000000
873.000000
873.000000
873.000000
873.000000
873.000000
873.000000
873.000000
873.000000
873.000000
873.000000
873.000000
873.000000
873.000000
873.000000
873.000000
873.000000
873.000000
873.000000
873.000000
873.000000
873.000000
873.000000
873.000000
873.000000
873.000000
873.000000
873.000000
873.000000
873.000000
873.000000
873.000000
873.000000
873.000000
873.000000
873.000000
873.000000
873.000000
873.000000
873.000000
873.000000
873.000000
873.000000
873.000000
873.000000
873.000000
873.000000
873.000000
873.000000
873.000000
873.000000
873.000000
873.000000
873.000000
873.000000
873.000000
873.000000
873.000000
873.000000
873.000000
873.000000
873.000000
873.000000
873.000000
873.000000
873.000000
873.000000
873.000000
873.000000
873.000000
873.000000
873.000000
873.000000
873.000000
873.000000
873.000000
873.000000
873.000000
873.000000
873.000000
873.000000
873.000000
873.000000
873.000000
873.000000
873.000000
873.000000
873.000000
873.000000
873.000000
873.000000
873.000000
873.000000
873.000000
873.000000
873.000000
873.000000
873.000000
873.000000
873.000000
873.000000
873.000000
873.000000
873.000000
873.000000
873.000000
873.000000
873.000000
873.000000
873.000000
873.000000
873.000000
873.000000
873.000000
873.000000
873.000000
873.000000
873.000000
873.000000
873.000000
873.000000
873.000000
873.000000
873.000000
873.000000
873.000000
873.000000
873.000000
873.000000
873.000000
873.000000
873.000000
873.000000
873.000000
873.000000
873.000000
873.000000
873.000000
873.000000
873.000000
873.000000
873.000000
873.000000
873.000000
873.000000
873.000000
873.000000
873.000000
873.000000
873.000000
873.000000
873.000000
873.000000
873.000000
873.000000
873.000000
873.000000
873.000000
873.000000
873.000000
873.000000
873.000000
873.000000
873.000000
873.000000
873.000000
873.000000
873.000000
873.000000
873.000000
873.000000
873.000000
873.000000
873.000000
873.000000
873.000000
873.000000
873.000000
873.000000
873.000000
873.000000
873.000000
873.000000
873.000000
873.000000
873.000000
873.000000
873.000000
873.000000
873.000000
873.000000
873.000000
873.000000
873.000000
873.000000
873.000000
873.000000
873.000000
873.000000
873.000000
873.000000
873.000000
873.000000
873.000000
873.000000
873.000000
873.000000
873.000000
873.000000
873.000000
873.000000
873.000000
873.000000
873.000000
873.000000
873.000000
873.000000
873.000000
873.000000
873.000000
873.000000
873.000000
873.000000
873.000000
873.000000
873.000000
873.000000
873.000000
873.000000
873.000000
873.000000
873.000000
873.000000
873.000000
873.000000
873.000000
873.000000
873.000000
873.000000
873.000000
873.000000
873.000000
873.000000
873.000000
873.000000
873.000000
873.000000
873.000000
873.000000
873.000000
873.000000
873.000000
873.000000
873.000000
873.000000
873.000000
873.000000
873.000000
873.000000
873.000000
873.000000
873.000000
873.000000
873.000000
873.000000
873.000000
873.000000
873.000000
873.000000
873.000000
873.000000
873.000000
873.000000
873.000000
873.000000
873.000000
873.000000
873.000000
873.000000
873.000000
873.000000
873.000000
873.000000
873.000000
873.000000
873.000000
873.000000
873.000000
873.000000
873.000000
873.000000
873.000000
873.000000
873.000000
873.000000
873.000000
873.000000
873.000000
873.000000
873.000000
873.000000
873.000000
873.000000
873.000000
873.000000
873.000000
873.000000
873.000000
873.000000
873.000000
873.000000
873.000000
873.000000
873.000000
873.000000
873.000000
873.000000
873.000000
873.000000
873.000000
873.000000
873.000000
873.000000
873.000000
873.000000
873.000000
873.000000
873.000000
873.000000
873.000000
873.000000
873.000000
873.000000
873.000000
873.000000
873.000000
873.000000
873.000000
873.000000
873.000000
873.000000
873.000000
873.000000
873.000000
873.000000
873.000000
873.000000
873.000000
873.000000
873.000000
873.000000
873.000000
873.000000
873.000000
873.000000
873.000000
873.000000
873.000000
873.000000
873.000000
873.000000
873.000000
873.000000
873.000000
873.000000
873.000000
873.000000
873.000000
873.000000
873.000000
873.000000
873.000000
873.000000
873.000000
873.000000
873.000000
873.000000
873.000000
873.000000
873.000000
873.000000
873.000000
873.000000
873.000000
873.000000
873.000000
873.000000
873.000000
873.000000
873.000000
873.000000
873.000000
873.000000
873.000000
873.000000
873.000000
873.000000
873.000000
873.000000
873.000000
873.000000
873.000000
873.000000
873.000000
873.000000
873.000000
873.000000
873.000000
873.000000
873.000000
873.000000
873.000000
873.000000
873.000000
873.000000
873.000000
873.000000
873.000000
873.000000
873.000000
873.000000
873.000000
873.000000
873.000000
873.000000
873.000000
873.000000
873.000000
873.000000
873.000000
873.000000
873.000000
873.000000
873.000000
873.000000
873.000000
873.000000
873.000000
873.000000
873.000000
873.000000
873.000000
873.000000
873.000000
873.000000
873.000000
873.000000
873.000000
873.000000
873.000000
873.000000
873.000000
873.000000
873.000000
873.000000
873.000000
873.000000
873.000000
873.000000
873.000000
873.000000
873.000000
873.000000
873.000000
873.000000
873.000000
873.000000
873.000000
873.000000
873.000000
873.000000
873.000000
873.000000
873.000000
873.000000
873.000000
873.000000
873.000000
873.000000
873.000000
873.000000
873.000000
873.000000
873.000000
873.000000
873.000000
873.000000
873.000000
873.000000
873.000000
873.000000
873.000000
873.000000
873.000000
873.000000
873.000000
873.000000
873.000000
873.000000
873.000000
873.000000
873.000000
873.000000
873.000000
873.000000
873.000000
873.000000
873.000000
873.000000
873.000000
873.000000
873.000000
873.000000
873.000000
873.000000
873.000000
873.000000
873.000000
873.000000
873.000000
872.507691
872.886396
872.973783
872.993950
872.998604
872.999678
872.999926
872.999983
872.999996
872.999999
872.999999
872.999996
872.999983
872.999926
872.999678
872.998604
872.993950
872.973783
872.886396
872.507691
872.232524
872.721561
872.912358
872.974377
872.992841
872.998060
872.999486
872.999866
872.999965
872.999989
872.999989
872.999965
872.999866
872.999486
872.998060
872.992841
872.974377
872.912358
872.721561
872.232524
872.032676
872.566625
872.830631
872.940092
872.980258
872.993822
872.998141
872.999456
872.999842
872.999945
872.999945
872.999842
872.999456
872.998141
872.993822
872.980258
872.940092
872.830631
872.566625
872.032676
871.869215
872.426945
872.741726
872.894554
872.960227
872.985908
872.995249
872.998458
872.999505
872.999809
872.999809
872.999505
872.998458
872.995249
872.985908
872.960227
872.894554
872.741726
872.426945
871.869215
871.727732
872.300296
872.651769
872.841736
872.933506
872.973852
872.990267
872.996531
872.998779
872.999484
872.999484
872.998779
872.996531
872.990267
872.973852
872.933506
872.841736
872.651769
872.300296
871.727732
871.601362
872.184125
872.563306
872.784607
872.901369
872.957704
872.982860
872.993363
872.997459
872.998831
872.998831
872.997459
872.993363
872.982860
872.957704
872.901369
872.784607
872.563306
872.184125
871.601362
871.486220
872.076437
872.477324
872.725131
872.865085
872.937822
872.972902
872.988713
872.995338
872.997687
872.997687
872.995338
872.988713
872.972902
872.937822
872.865085
872.725131
872.477324
872.076437
871.486220
871.379852
871.975743
872.394138
872.664560
872.825726
872.914689
872.960430
872.982425
872.992225
872.995873
872.995873
872.992225
872.982425
872.960430
872.914689
872.825726
872.664560
872.394138
871.975743
871.379852
871.280584
871.880925
872.313772
872.603681
872.784139
872.888807
872.945580
872.974424
872.987966
872.993217
872.993217
872.987966
872.974424
872.945580
872.888807
872.784139
872.603681
872.313772
871.880925
871.280584
871.187216
871.791125
872.236124
872.542992
872.740972
872.860639
872.928542
872.964695
872.982441
872.989564
872.989564
872.982441
872.964695
872.928542
872.860639
872.740972
872.542992
872.236124
871.791125
871.187216
871.098852
871.705670
872.161043
872.482804
872.696714
872.830588
872.909525
872.953265
872.975567
872.984782
872.984782
872.975567
872.953265
872.909525
872.830588
872.696714
872.482804
872.161043
871.705670
871.098852
871.014802
871.624022
872.088363
872.423310
872.651733
872.798998
872.888732
872.940192
872.967292
872.978770
872.978770
872.967292
872.940192
872.888732
872.798998
872.651733
872.423310
872.088363
871.624022
871.014802
870.934519
871.545744
872.017919
872.364624
872.606304
872.766153
872.866358
872.925547
872.957594
872.971452
872.971452
872.957594
872.925547
872.866358
872.766153
872.606304
872.364624
872.017919
871.545744
870.934519
870.857565
871.470475
871.949554
872.306811
872.560633
872.732286
872.842576
872.909411
872.946470
872.962781
872.962781
872.946470
872.909411
872.842576
872.732286
872.560633
872.306811
871.949554
871.470475
870.857565
870.783578
871.397912
871.883122
872.249900
872.514873
872.697588
872.817541
872.891868
872.933936
872.952732
872.952732
872.933936
872.891868
872.817541
872.697588
872.514873
872.249900
871.883122
871.397912
870.783578
870.712256
871.327800
871.818488
872.193899
872.469137
872.662214
872.791389
872.873001
872.920019
872.941299
872.941299
872.920019
872.873001
872.791389
872.662214
872.469137
872.193899
871.818488
871.327800
870.712256
870.643346
871.259918
871.755528
872.138800
872.423510
872.626289
872.764239
872.852890
872.904758
872.928495
872.928495
872.904758
872.852890
872.764239
872.626289
872.423510
872.138800
871.755528
871.259918
870.643346
870.576628
871.194077
871.694129
872.084585
872.378051
872.589915
872.736192
872.831614
872.888198
872.914342
872.914342
872.888198
872.831614
872.736192
872.589915
872.378051
872.084585
871.694129
871.194077
870.576628
870.511916
871.130110
871.634187
872.031228
872.332803
872.553174
872.707340
872.809245
872.870388
872.898875
872.898875
872.870388
872.809245
872.707340
872.553174
872.332803
872.031228
871.634187
871.130110
870.511916
870.449044
871.067871
871.575606
871.978700
872.287796
872.516134
872.677758
872.785853
872.851382
872.882133
872.882133
872.851382
872.785853
872.677758
872.516134
872.287796
871.978700
871.575606
871.067871
870.449044
870.387869
871.007229
871.518300
871.926968
872.243050
872.478847
872.647516
872.761502
872.831234
872.864165
872.864165
872.831234
872.761502
872.647516
872.478847
872.243050
871.926968
871.518300
871.007229
870.387869
870.328262
870.948069
871.462186
871.876000
872.198576
872.441360
872.616673
872.736253
872.809998
872.845018
872.845018
872.809998
872.736253
872.616673
872.441360
872.198576
871.876000
871.462186
870.948069
870.328262
870.270110
870.890286
871.407191
871.825760
872.154380
872.403706
872.585281
872.710163
872.787729
872.824745
872.824745
872.787729
872.710163
872.585281
872.403706
872.154380
871.825760
871.407191
870.890286
870.270110
870.213308
870.833786
871.353245
871.776215
872.110463
872.365917
872.553387
872.683286
872.764482
872.803398
872.803398
872.764482
872.683286
872.553387
872.365917
872.110463
871.776215
871.353245
870.833786
870.213308
870.157764
870.778482
871.300285
871.727331
872.066824
872.328015
872.521033
872.655672
872.740309
872.781031
872.781031
872.740309
872.655672
872.521033
872.328015
872.066824
871.727331
871.300285
870.778482
870.157764
870.103394
870.724296
871.248249
871.679075
872.023456
872.290021
872.488255
872.627367
872.715261
872.757695
872.757695
872.715261
872.627367
872.488255
872.290021
872.023456
871.679075
871.248249
870.724296
870.103394
870.050121
870.671156
871.197083
871.631416
871.980355
872.251952
872.455087
872.598416
872.689388
872.733442
872.733442
872.689388
872.598416
872.455087
872.251952
871.980355
871.631416
871.197083
870.671156
870.050121
869.997873
870.618996
871.146736
871.584322
871.937513
872.213820
872.421559
872.568859
872.662736
872.708321
872.708321
872.662736
872.568859
872.421559
872.213820
871.937513
871.584322
871.146736
870.618996
869.997873
869.946587
870.567755
871.097159
871.537765
871.894921
872.175637
872.387698
872.538736
872.635351
872.682382
872.682382
872.635351
872.538736
872.387698
872.175637
871.894921
871.537765
871.097159
870.567755
869.946587
869.896202
870.517377
871.048306
871.491715
871.852571
872.137413
872.353529
872.508081
872.607277
872.655670
872.655670
872.607277
872.508081
872.353529
872.137413
871.852571
871.491715
871.048306
870.517377
869.896202
869.846662
870.467809
871.000137
871.446147
871.810453
872.099155
872.319075
872.476931
872.578553
872.628231
872.628231
872.578553
872.476931
872.319075
872.099155
871.810453
871.446147
871.000137
870.467809
869.846662
869.797917
870.419002
870.952610
871.401035
871.768558
872.060872
872.284358
872.445315
872.549221
872.600107
872.600107
872.549221
872.445315
872.284358
872.060872
871.768558
871.401035
870.952610
870.419002
869.797917
869.749918
870.370911
870.905690
871.356354
871.726876
872.022567
872.249395
872.413264
872.519315
872.571338
872.571338
872.519315
872.413264
872.249395
872.022567
871.726876
871.356354
870.905690
870.370911
869.749918
869.702621
870.323495
870.859342
871.312081
871.685400
871.984248
872.214206
872.380807
872.488873
872.541963
872.541963
872.488873
872.380807
872.214206
871.984248
871.685400
871.312081
870.859342
870.323495
869.702621
869.655986
870.276713
870.813532
871.268195
871.644119
871.945917
872.178807
872.347969
872.457926
872.512020
872.512020
872.457926
872.347969
872.178807
871.945917
871.644119
871.268195
870.813532
870.276713
869.655986
869.609972
870.230529
870.768232
871.224675
871.603025
871.907579
872.143213
872.314775
872.426507
872.481542
872.481542
872.426507
872.314775
872.143213
871.907579
871.603025
871.224675
870.768232
870.230529
869.609972
869.564545
870.184908
870.723412
871.181502
871.562109
871.869237
872.107438
872.281250
872.394645
872.450563
872.450563
872.394645
872.281250
872.107438
871.869237
871.562109
871.181502
870.723412
870.184908
869.564545
869.519670
870.139819
870.679045
871.138657
871.521365
871.830894
872.071496
872.247413
872.362368
872.419114
872.419114
872.362368
872.247413
872.071496
871.830894
871.521365
871.138657
870.679045
870.139819
869.519670
869.475316
870.095230
870.635106
871.096122
871.480783
871.792553
872.035399
872.213287
872.329703
872.387225
872.387225
872.329703
872.213287
872.035399
871.792553
871.480783
871.096122
870.635106
870.095230
869.475316
869.431453
870.051115
870.591572
871.053883
871.440357
871.754216
871.999158
872.178891
872.296674
872.354923
872.354923
872.296674
872.178891
871.999158
871.754216
871.440357
871.053883
870.591572
870.051115
869.431453
869.388053
870.007445
870.548420
871.011922
871.400081
871.715886
871.962785
872.144242
872.263305
872.322235
872.322235
872.263305
872.144242
871.962785
871.715886
871.400081
871.011922
870.548420
870.007445
869.388053
869.345091
869.964197
870.505629
870.970226
871.359946
871.677563
871.926289
872.109358
872.229617
872.289184
872.289184
872.229617
872.109358
871.926289
871.677563
871.359946
870.970226
870.505629
869.964197
869.345091
869.302542
869.921347
870.463180
870.928781
871.319947
871.639250
871.889680
872.074254
872.195633
872.255796
872.255796
872.195633
872.074254
871.889680
871.639250
871.319947
870.928781
870.463180
869.921347
869.302542
869.260383
869.878873
870.421054
870.887573
871.280078
871.600949
871.852968
872.038946
872.161371
872.222091
872.222091
872.161371
872.038946
871.852968
871.600949
871.280078
870.887573
870.421054
869.878873
869.260383
869.218593
869.836754
870.379234
870.846592
871.240333
871.562661
871.816159
872.003449
872.126850
872.188091
872.188091
872.126850
872.003449
871.816159
871.562661
871.240333
870.846592
870.379234
869.836754
869.218593
869.177151
869.794971
870.337703
870.805825
871.200708
871.524387
871.779262
871.967775
872.092088
872.153814
872.153814
872.092088
871.967775
871.779262
871.524387
871.200708
870.805825
870.337703
869.794971
869.177151
869.136039
869.753506
870.296447
870.765261
871.161196
871.486129
871.742285
871.931936
872.057100
872.119280
872.119280
872.057100
871.931936
871.742285
871.486129
871.161196
870.765261
870.296447
869.753506
869.136039
869.095238
869.712342
870.255451
870.724891
871.121794
871.447887
871.705234
871.895946
872.021902
872.084505
872.084505
872.021902
871.895946
871.705234
871.447887
871.121794
870.724891
870.255451
869.712342
869.095238
869.054733
869.671463
870.214701
870.684705
871.082497
871.409663
871.668115
871.859814
871.986508
872.049506
872.049506
871.986508
871.859814
871.668115
871.409663
871.082497
870.684705
870.214701
869.671463
869.054733
869.014506
869.630853
870.174184
870.644694
871.043300
871.371458
871.630935
871.823551
871.950933
872.014299
872.014299
871.950933
871.823551
871.630935
871.371458
871.043300
870.644694
870.174184
869.630853
869.014506
868.974544
869.590499
870.133889
870.604849
871.004199
871.333272
871.593699
871.787168
871.915189
871.978897
871.978897
871.915189
871.787168
871.593699
871.333272
871.004199
870.604849
870.133889
869.590499
868.974544
868.934833
869.550387
870.093805
870.565163
870.965191
871.295107
871.556413
871.750672
871.879288
871.943314
871.943314
871.879288
871.750672
871.556413
871.295107
870.965191
870.565163
870.093805
869.550387
868.934833
868.895359
869.510505
870.053919
870.525628
870.926273
871.256963
871.519082
871.714074
871.843241
871.907563
871.907563
871.843241
871.714074
871.519082
871.256963
870.926273
870.525628
870.053919
869.510505
868.895359
868.856110
869.470840
870.014224
870.486237
870.887440
871.218841
871.481710
871.677380
871.807060
871.871656
871.871656
871.807060
871.677380
871.481710
871.218841
870.887440
870.486237
870.014224
869.470840
868.856110
868.817074
869.431382
869.974709
870.446983
870.848691
871.180742
871.444301
871.640600
871.770753
871.835604
871.835604
871.770753
871.640600
871.444301
871.180742
870.848691
870.446983
869.974709
869.431382
868.817074
868.778242
869.392121
869.935365
870.407860
870.810021
871.142666
871.406861
871.603739
871.734331
871.799418
871.799418
871.734331
871.603739
871.406861
871.142666
870.810021
870.407860
869.935365
869.392121
868.778242
868.739602
869.353046
869.896185
870.368863
870.771428
871.104614
871.369392
871.566805
871.697802
871.763107
871.763107
871.697802
871.566805
871.369392
871.104614
870.771428
870.368863
869.896185
869.353046
868.739602
868.701145
869.314148
869.857160
870.329985
870.732910
871.066587
871.331899
871.529803
871.661175
871.726682
871.726682
871.661175
871.529803
871.331899
871.066587
870.732910
870.329985
869.857160
869.314148
868.701145
868.662861
869.275418
869.818283
870.291222
870.694463
871.028584
871.294385
871.492741
871.624458
871.690151
871.690151
871.624458
871.492741
871.294385
871.028584
870.694463
870.291222
869.818283
869.275418
868.662861
868.624744
869.236850
869.779547
870.252569
870.656086
870.990607
871.256853
871.455623
871.587658
871.653522
871.653522
871.587658
871.455623
871.256853
870.990607
870.656086
870.252569
869.779547
869.236850
868.624744
868.586783
869.198434
869.740946
870.214021
870.617777
870.952656
871.219306
871.418456
871.550781
871.616804
871.616804
871.550781
871.418456
871.219306
870.952656
870.617777
870.214021
869.740946
869.198434
868.586783
868.548972
869.160163
869.702473
870.175573
870.579533
870.914731
871.181748
871.381243
871.513835
871.580002
871.580002
871.513835
871.381243
871.181748
870.914731
870.579533
870.175573
869.702473
869.160163
868.548972
868.511305
869.122032
869.664123
870.137222
870.541352
870.876833
871.144180
871.343990
871.476826
871.543126
871.543126
871.476826
871.343990
871.144180
870.876833
870.541352
870.137222
869.664123
869.122032
868.511305
868.473773
869.084032
869.625891
870.098964
870.503233
870.838962
871.106605
871.306700
871.439759
871.506180
871.506180
871.439759
871.306700
871.106605
870.838962
870.503233
870.098964
869.625891
869.084032
868.473773
868.436371
869.046159
869.587770
870.060796
870.465174
870.801118
871.069026
871.269379
871.402639
871.469171
871.469171
871.402639
871.269379
871.069026
870.801118
870.465174
870.060796
869.587770
869.046159
868.436371
868.399093
869.008407
869.549758
870.022713
870.427173
870.763302
871.031445
871.232030
871.365473
871.432105
871.432105
871.365473
871.232030
871.031445
870.763302
870.427173
870.022713
869.549758
869.008407
868.399093
868.361934
868.970770
869.511848
869.984712
870.389228
870.725515
870.993864
871.194656
871.328264
871.394986
871.394986
871.328264
871.194656
870.993864
870.725515
870.389228
869.984712
869.511848
868.970770
868.361934
868.324887
868.933244
869.474037
869.946792
870.351339
870.687755
870.956285
871.157261
871.291017
871.357822
871.357822
871.291017
871.157261
870.956285
870.687755
870.351339
869.946792
869.474037
868.933244
868.324887
868.287950
868.895823
869.436321
869.908948
870.313504
870.650024
870.918710
871.119848
871.253737
871.320615
871.320615
871.253737
871.119848
870.918710
870.650024
870.313504
869.908948
869.436321
868.895823
868.287950
868.251116
868.858504
869.398696
869.871179
870.275722
870.612323
870.881140
871.082421
871.216427
871.283370
871.283370
871.216427
871.082421
870.881140
870.612323
870.275722
869.871179
869.398696
868.858504
868.251116
868.214381
868.821282
869.361158
869.833481
870.237991
870.574650
870.843578
871.044982
871.179091
871.246092
871.246092
871.179091
871.044982
870.843578
870.574650
870.237991
869.833481
869.361158
868.821282
868.214381
868.177742
868.784153
869.323705
869.795852
870.200310
870.537006
870.806024
871.007534
871.141732
871.208785
871.208785
871.141732
871.007534
870.806024
870.537006
870.200310
869.795852
869.323705
868.784153
868.177742
868.141194
868.747113
869.286333
869.758291
870.162679
870.499393
870.768480
870.970079
871.104355
871.171452
871.171452
871.104355
870.970079
870.768480
870.499393
870.162679
869.758291
869.286333
868.747113
868.141194
868.104734
868.710160
869.249038
869.720795
870.125096
870.461808
870.730948
870.932620
871.066962
871.134097
871.134097
871.066962
870.932620
870.730948
870.461808
870.125096
869.720795
869.249038
868.710160
868.104734
868.068358
868.673289
869.211820
869.683361
870.087560
870.424254
870.693428
870.895158
871.029555
871.096723
871.096723
871.029555
870.895158
870.693428
870.424254
870.087560
869.683361
869.211820
868.673289
868.068358
868.032064
868.636498
869.174673
869.645989
870.050070
870.386730
870.655923
870.857697
870.992138
871.059334
871.059334
870.992138
870.857697
870.655923
870.386730
870.050070
869.645989
869.174673
868.636498
868.032064
867.995848
868.599784
869.137598
869.608677
870.012626
870.349236
870.618433
870.820237
870.954714
871.021931
871.021931
870.954714
870.820237
870.618433
870.349236
870.012626
869.608677
869.137598
868.599784
867.995848
867.959707
868.563144
869.100590
869.571422
869.975227
870.311772
870.580958
870.782781
870.917284
870.984519
870.984519
870.917284
870.782781
870.580958
870.311772
869.975227
869.571422
869.100590
868.563144
867.959707
867.923639
868.526576
869.063648
869.534223
869.937872
870.274339
870.543501
870.745331
870.879851
870.947098
870.947098
870.879851
870.745331
870.543501
870.274339
869.937872
869.534223
869.063648
868.526576
867.923639
867.887642
868.490076
869.026770
869.497080
869.900560
870.236936
870.506062
870.707888
870.842417
870.909673
870.909673
870.842417
870.707888
870.506062
870.236936
869.900560
869.497080
869.026770
868.490076
867.887642
867.851712
868.453644
868.989954
869.459989
869.863291
870.199564
870.468642
870.670454
870.804985
870.872245
870.872245
870.804985
870.670454
870.468642
870.199564
869.863291
869.459989
868.989954
868.453644
867.851712
867.815848
868.417276
868.953197
869.422951
869.826064
870.162222
870.431241
870.633029
870.767555
870.834816
870.834816
870.767555
870.633029
870.431241
870.162222
869.826064
869.422951
868.953197
868.417276
867.815848
867.780048
868.380972
868.916500
869.385964
869.788879
870.124912
870.393861
870.595617
870.730130
870.797388
870.797388
870.730130
870.595617
870.393861
870.124912
869.788879
869.385964
868.916500
868.380972
867.780048
867.744309
868.344727
868.879858
869.349027
869.751734
870.087633
870.356502
870.558216
870.692712
870.759964
870.759964
870.692712
870.558216
870.356502
870.087633
869.751734
869.349027
868.879858
868.344727
867.744309
867.708630
868.308542
868.843273
869.312139
869.714629
870.050384
870.319165
870.520830
870.655302
870.722544
870.722544
870.655302
870.520830
870.319165
870.050384
869.714629
869.312139
868.843273
868.308542
867.708630
867.673009
868.272415
868.806740
869.275298
869.677565
870.013167
870.281851
870.483459
870.617901
870.685131
870.685131
870.617901
870.483459
870.281851
870.013167
869.677565
869.275298
868.806740
868.272415
867.673009
867.637444
868.236343
868.770261
869.238504
869.640540
869.975981
870.244560
870.446104
870.580511
870.647726
870.647726
870.580511
870.446104
870.244560
869.975981
869.640540
869.238504
868.770261
868.236343
867.637444
867.601934
868.200326
868.733833
869.201756
869.603554
869.938826
870.207292
870.408766
870.543133
870.610331
870.610331
870.543133
870.408766
870.207292
869.938826
869.603554
869.201756
868.733833
868.200326
867.601934
867.566478
868.164361
868.697454
869.165053
869.566606
869.901703
870.170049
870.371446
870.505769
870.572946
870.572946
870.505769
870.371446
870.170049
869.901703
869.566606
869.165053
868.697454
868.164361
867.566478
867.531074
868.128448
868.661125
869.128394
869.529697
869.864610
870.132830
870.334144
870.468419
870.535574
870.535574
870.468419
870.334144
870.132830
869.864610
869.529697
869.128394
868.661125
868.128448
867.531074
867.495720
868.092586
868.624843
869.091778
869.492825
869.827550
870.095636
870.296863
870.431085
870.498215
870.498215
870.431085
870.296863
870.095636
869.827550
869.492825
869.091778
868.624843
868.092586
867.495720
867.460416
868.056772
868.588609
869.055206
869.455991
869.790520
870.058468
870.259602
870.393767
870.460871
870.460871
870.393767
870.259602
870.058468
869.790520
869.455991
869.055206
868.588609
868.056772
867.460416
867.425160
868.021007
868.552420
869.018675
869.419193
869.753523
870.021326
870.222362
870.356467
870.423543
870.423543
870.356467
870.222362
870.021326
869.753523
869.419193
869.018675
868.552420
868.021007
867.425160
867.389951
867.985289
868.516276
868.982186
869.382433
869.716556
869.984210
870.185143
870.319185
870.386231
870.386231
870.319185
870.185143
869.984210
869.716556
869.382433
868.982186
868.516276
867.985289
867.389951
867.354789
867.949617
868.480177
868.945738
869.345709
869.679622
869.947121
870.147947
870.281923
870.348937
870.348937
870.281923
870.147947
869.947121
869.679622
869.345709
868.945738
868.480177
867.949617
867.354789
867.319672
867.913990
868.444121
868.909330
869.309021
869.642718
869.910059
870.110775
870.244681
870.311662
870.311662
870.244681
870.110775
869.910059
869.642718
869.309021
868.909330
868.444121
867.913990
867.319672
867.284600
867.878408
868.408107
868.872962
869.272369
869.605847
869.873024
870.073625
870.207460
870.274406
870.274406
870.207460
870.073625
869.873024
869.605847
869.272369
868.872962
868.408107
867.878408
867.284600
867.249571
867.842869
868.372136
868.836633
869.235753
869.569007
869.836017
870.036500
870.170260
870.237170
870.237170
870.170260
870.036500
869.836017
869.569007
869.235753
868.836633
868.372136
867.842869
867.249571
867.214585
867.807373
868.336206
868.800343
869.199172
869.532199
869.799037
869.999400
870.133082
870.199955
870.199955
870.133082
869.999400
869.799037
869.532199
869.199172
868.800343
868.336206
867.807373
867.214585
867.179640
867.771918
868.300316
868.764092
869.162627
869.495422
869.762086
869.962324
870.095927
870.162761
870.162761
870.095927
869.962324
869.762086
869.495422
869.162627
868.764092
868.300316
867.771918
867.179640
867.144737
867.736505
868.264467
868.727878
869.126116
869.458677
869.725163
869.925274
870.058796
870.125590
870.125590
870.058796
869.925274
869.725163
869.458677
869.126116
868.727878
868.264467
867.736505
867.144737
867.109875
867.701133
868.228658
868.691702
869.089640
869.421964
869.688269
869.888250
870.021688
870.088441
870.088441
870.021688
869.888250
869.688269
869.421964
869.089640
868.691702
868.228658
867.701133
867.109875
867.075053
867.665801
868.192887
868.655563
869.053199
869.385282
869.651404
869.851252
869.984604
870.051316
870.051316
869.984604
869.851252
869.651404
869.385282
869.053199
868.655563
868.192887
867.665801
867.075053
867.040270
867.630508
868.157155
868.619461
869.016792
869.348632
869.614567
869.814281
869.947546
870.014214
870.014214
869.947546
869.814281
869.614567
869.348632
869.016792
868.619461
868.157155
867.630508
867.040270
867.005526
867.595255
868.121462
868.583395
868.980420
869.312014
869.577760
869.777337
869.910513
869.977137
869.977137
869.910513
869.777337
869.577760
869.312014
868.980420
868.583395
868.121462
867.595255
867.005526
866.970820
867.560039
868.085806
868.547365
868.944081
869.275427
869.540982
869.740419
869.873505
869.940085
869.940085
869.873505
869.740419
869.540982
869.275427
868.944081
868.547365
868.085806
867.560039
866.970820
866.936152
867.524862
868.050187
868.511372
868.907777
869.238872
869.504233
869.703530
869.836523
869.903058
869.903058
869.836523
869.703530
869.504233
869.238872
868.907777
868.511372
868.050187
867.524862
866.936152
866.901522
867.489722
868.014605
868.475413
868.871506
869.202349
869.467514
869.666668
869.799568
869.866057
869.866057
869.799568
869.666668
869.467514
869.202349
868.871506
868.475413
868.014605
867.489722
866.901522
866.866928
867.454620
867.979059
868.439491
868.835269
869.165858
869.430825
869.629834
869.762640
869.829082
869.829082
869.762640
869.629834
869.430825
869.165858
868.835269
868.439491
867.979059
867.454620
866.866928
866.832371
867.419554
867.943550
868.403603
868.799065
869.129398
869.394165
869.593028
869.725739
869.792134
869.792134
869.725739
869.593028
869.394165
869.129398
868.799065
868.403603
867.943550
867.419554
866.832371
866.797850
867.384524
867.908077
868.367750
868.762894
869.092970
869.357536
869.556251
869.688865
869.755212
869.755212
869.688865
869.556251
869.357536
869.092970
868.762894
868.367750
867.908077
867.384524
866.797850
866.763364
867.349530
867.872639
868.331931
868.726757
869.056573
869.320936
869.519503
869.652018
869.718317
869.718317
869.652018
869.519503
869.320936
869.056573
868.726757
868.331931
867.872639
867.349530
866.763364
866.728914
867.314572
867.837236
868.296147
868.690653
869.020208
869.284367
869.482783
869.615200
869.681450
869.681450
869.615200
869.482783
869.284367
869.020208
868.690653
868.296147
867.837236
867.314572
866.728914
866.694499
867.279649
867.801869
868.260398
868.654582
868.983875
869.247828
869.446093
869.578410
869.644610
869.644610
869.578410
869.446093
869.247828
868.983875
868.654582
868.260398
867.801869
867.279649
866.694499
866.660118
867.244761
867.766536
868.224682
868.618544
868.947573
869.211320
869.409431
869.541648
869.607799
869.607799
869.541648
869.409431
869.211320
868.947573
868.618544
868.224682
867.766536
867.244761
866.660118
866.625772
867.209907
867.731237
868.188999
868.582539
868.911303
869.174842
869.372799
869.504915
869.571015
869.571015
869.504915
869.372799
869.174842
868.911303
868.582539
868.188999
867.731237
867.209907
866.625772
866.591460
867.175089
867.695973
868.153351
868.546566
868.875065
869.138394
869.336197
869.468210
869.534260
869.534260
869.468210
869.336197
869.138394
868.875065
868.546566
868.153351
867.695973
867.175089
866.591460
866.557182
867.140304
867.660742
868.117736
868.510626
868.838858
869.101977
869.299624
869.431534
869.497533
869.497533
869.431534
869.299624
869.101977
868.838858
868.510626
868.117736
867.660742
867.140304
866.557182
866.522938
867.105553
867.625546
868.082154
868.474719
868.802683
869.065590
869.263081
869.394888
869.460835
869.460835
869.394888
869.263081
869.065590
868.802683
868.474719
868.082154
867.625546
867.105553
866.522938
866.488727
867.070836
867.590383
868.046605
868.438843
868.766539
869.029235
869.226568
869.358271
869.424166
869.424166
869.358271
869.226568
869.029235
868.766539
868.438843
868.046605
867.590383
867.070836
866.488727
866.454549
867.036152
867.555253
868.011090
868.403001
868.730427
868.992910
869.190085
869.321683
869.387527
869.387527
869.321683
869.190085
868.992910
868.730427
868.403001
868.011090
867.555253
867.036152
866.454549
866.420404
867.001501
867.520157
867.975607
868.367190
868.694347
868.956615
869.153632
869.285125
869.350916
869.350916
869.285125
869.153632
868.956615
868.694347
868.367190
867.975607
867.520157
867.001501
866.420404
866.386291
866.966884
867.485094
867.940157
868.331412
868.658297
868.920352
869.117209
869.248596
869.314335
869.314335
869.248596
869.117209
868.920352
868.658297
868.331412
867.940157
867.485094
866.966884
866.386291
866.352211
866.932299
867.450063
867.904739
868.295665
868.622280
868.884119
869.080816
869.212098
869.277783
869.277783
869.212098
869.080816
868.884119
868.622280
868.295665
867.904739
867.450063
866.932299
866.352211
866.318164
866.897747
867.415065
867.869354
868.259951
868.586294
868.847917
869.044454
869.175629
869.241262
869.241262
869.175629
869.044454
868.847917
868.586294
868.259951
867.869354
867.415065
866.897747
866.318164
866.284148
866.863228
867.380100
867.834002
868.224269
868.550339
868.811746
869.008122
869.139190
869.204770
869.204770
869.139190
869.008122
868.811746
868.550339
868.224269
867.834002
867.380100
866.863228
866.284148
866.250165
866.828741
867.345167
867.798681
868.188619
868.514416
868.775606
868.971820
869.102781
869.168308
869.168308
869.102781
868.971820
868.775606
868.514416
868.188619
867.798681
867.345167
866.828741
866.250165
866.216213
866.794286
867.310267
867.763393
868.153000
868.478524
868.739497
868.935549
869.066403
869.131875
869.131875
869.066403
868.935549
868.739497
868.478524
868.153000
867.763393
867.310267
866.794286
866.216213
866.182293
866.759863
867.275399
867.728137
868.117413
868.442663
868.703419
868.899308
869.030055
869.095473
869.095473
869.030055
868.899308
868.703419
868.442663
868.117413
867.728137
867.275399
866.759863
866.182293
866.148405
866.725472
867.240562
867.692912
868.081858
868.406834
868.667372
868.863099
868.993737
869.059102
869.059102
868.993737
868.863099
868.667372
868.406834
868.081858
867.692912
867.240562
866.725472
866.148405
866.114548
866.691113
867.205758
867.657720
868.046335
868.371037
868.631356
868.826919
868.957449
869.022760
869.022760
868.957449
868.826919
868.631356
868.371037
868.046335
867.657720
867.205758
866.691113
866.114548
866.080722
866.656785
867.170985
867.622559
868.010843
868.335270
868.595371
868.790771
868.921192
868.986449
868.986449
868.921192
868.790771
868.595371
868.335270
868.010843
867.622559
867.170985
866.656785
866.080722
866.046927
866.622489
867.136245
867.587431
867.975383
868.299535
868.559416
868.754653
868.884966
868.950168
868.950168
868.884966
868.754653
868.559416
868.299535
867.975383
867.587431
867.136245
866.622489
866.046927
866.013164
866.588225
867.101535
867.552333
867.939954
868.263831
868.523493
868.718566
868.848770
868.913918
868.913918
868.848770
868.718566
868.523493
868.263831
867.939954
867.552333
867.101535
866.588225
866.013164
865.979431
866.553991
867.066858
867.517268
867.904557
868.228159
868.487601
868.682510
868.812604
868.877698
868.877698
868.812604
868.682510
868.487601
868.228159
867.904557
867.517268
867.066858
866.553991
865.979431
865.945729
866.519789
867.032211
867.482233
867.869191
868.192517
868.451740
868.646485
868.776470
868.841509
868.841509
868.776470
868.646485
868.451740
868.192517
867.869191
867.482233
867.032211
866.519789
865.945729
865.912058
866.485619
866.997596
867.447231
867.833857
868.156907
868.415910
868.610490
868.740366
868.805350
868.805350
868.740366
868.610490
868.415910
868.156907
867.833857
867.447231
866.997596
866.485619
865.912058
865.878417
866.451479
866.963013
867.412259
867.798554
868.121328
868.380111
868.574526
868.704292
868.769222
868.769222
868.704292
868.574526
868.380111
868.121328
867.798554
867.412259
866.963013
866.451479
865.878417
865.844807
866.417370
866.928460
867.377319
867.763282
868.085780
868.344343
868.538593
868.668250
868.733125
868.733125
868.668250
868.538593
868.344343
868.085780
867.763282
867.377319
866.928460
866.417370
865.844807
865.811228
866.383291
866.893939
867.342410
867.728041
868.050264
868.308606
868.502691
868.632238
868.697058
868.697058
868.632238
868.502691
868.308606
868.050264
867.728041
867.342410
866.893939
866.383291
865.811228
865.777679
866.349244
866.859448
867.307532
867.692831
868.014778
868.272900
868.466820
868.596257
868.661022
868.661022
868.596257
868.466820
868.272900
868.014778
867.692831
867.307532
866.859448
866.349244
865.777679
865.744160
866.315227
866.824989
867.272685
867.657653
867.979323
868.237225
868.430980
868.560307
868.625017
868.625017
868.560307
868.430980
868.237225
867.979323
867.657653
867.272685
866.824989
866.315227
865.744160
865.710671
866.281241
866.790560
867.237870
867.622505
867.943900
868.201581
868.395171
868.524388
868.589043
868.589043
868.524388
868.395171
868.201581
867.943900
867.622505
867.237870
866.790560
866.281241
865.710671
865.677212
866.247286
866.756163
867.203085
867.587389
867.908508
868.165968
868.359393
868.488499
868.553100
868.553100
868.488499
868.359393
868.165968
867.908508
867.587389
867.203085
866.756163
866.247286
865.677212
865.643784
866.213360
866.721796
867.168331
867.552304
867.873146
868.130386
868.323645
868.452642
868.517187
868.517187
868.452642
868.323645
868.130386
867.873146
867.552304
867.168331
866.721796
866.213360
865.643784
865.610385
866.179466
866.687459
867.133608
867.517249
867.837816
868.094835
868.287929
868.416815
868.481305
868.481305
868.416815
868.287929
868.094835
867.837816
867.517249
867.133608
866.687459
866.179466
865.610385
865.577016
866.145601
866.653153
867.098916
867.482226
867.802516
868.059315
868.252243
868.381019
868.445455
868.445455
868.381019
868.252243
868.059315
867.802516
867.482226
867.098916
866.653153
866.145601
865.577016
865.543677
866.111767
866.618878
867.064254
867.447233
867.767248
868.023825
868.216589
868.345255
868.409635
868.409635
868.345255
868.216589
868.023825
867.767248
867.447233
867.064254
866.618878
866.111767
865.543677
865.510368
866.077963
866.584634
867.029624
867.412271
867.732010
867.988367
868.180965
868.309521
868.373846
868.373846
868.309521
868.180965
867.988367
867.732010
867.412271
867.029624
866.584634
866.077963
865.510368
865.477089
866.044189
866.550419
866.995024
867.377340
867.696803
867.952940
868.145372
868.273817
868.338087
868.338087
868.273817
868.145372
867.952940
867.696803
867.377340
866.995024
866.550419
866.044189
865.477089
865.443839
866.010445
866.516236
866.960454
867.342440
867.661627
867.917543
868.109810
868.238145
868.302360
868.302360
868.238145
868.109810
867.917543
867.661627
867.342440
866.960454
866.516236
866.010445
865.443839
865.410619
865.976732
866.482082
866.925915
867.307571
867.626482
867.882177
868.074279
868.202504
868.266663
868.266663
868.202504
868.074279
867.882177
867.626482
867.307571
866.925915
866.482082
865.976732
865.410619
865.377428
865.943048
866.447959
866.891407
867.272732
867.591368
867.846843
868.038779
868.166893
868.230998
868.230998
868.166893
868.038779
867.846843
867.591368
867.272732
866.891407
866.447959
865.943048
865.377428
865.344267
865.909394
866.413866
866.856929
867.237924
867.556284
867.811539
868.003310
868.131314
868.195363
868.195363
868.131314
868.003310
867.811539
867.556284
867.237924
866.856929
866.413866
865.909394
865.344267
865.311135
865.875770
866.379803
866.822482
867.203147
867.521232
867.776266
867.967871
868.095765
868.159759
868.159759
868.095765
867.967871
867.776266
867.521232
867.203147
866.822482
866.379803
865.875770
865.311135
865.278033
865.842176
866.345771
866.788065
867.168400
867.486210
867.741023
867.932463
868.060247
868.124187
868.124187
868.060247
867.932463
867.741023
867.486210
867.168400
866.788065
866.345771
865.842176
865.278033
865.244960
865.808612
866.311768
866.753678
867.133683
867.451218
867.705812
867.897087
868.024760
868.088644
868.088644
868.024760
867.897087
867.705812
867.451218
867.133683
866.753678
866.311768
865.808612
865.244960
865.211916
865.775077
866.277796
866.719322
867.098998
867.416258
867.670631
867.861741
867.989304
868.053133
868.053133
867.989304
867.861741
867.670631
867.416258
867.098998
866.719322
866.277796
865.775077
865.211916
865.178902
865.741572
866.243853
866.684996
867.064342
867.381328
867.635481
867.826426
867.953879
868.017653
868.017653
867.953879
867.826426
867.635481
867.381328
867.064342
866.684996
866.243853
865.741572
865.178902
865.145917
865.708096
866.209941
866.650701
867.029718
867.346428
867.600361
867.791141
867.918485
867.982203
867.982203
867.918485
867.791141
867.600361
867.346428
867.029718
866.650701
866.209941
865.708096
865.145917
865.112961
865.674651
866.176059
866.616435
866.995123
867.311559
867.565273
867.755888
867.883121
867.946785
867.946785
867.883121
867.755888
867.565273
867.311559
866.995123
866.616435
866.176059
865.674651
865.112961
865.080034
865.641234
866.142206
866.582200
866.960559
867.276721
867.530215
867.720665
867.847788
867.911397
867.911397
867.847788
867.720665
867.530215
867.276721
866.960559
866.582200
866.142206
865.641234
865.080034
865.047136
865.607848
866.108383
866.547995
866.926026
867.241913
867.495188
867.685473
867.812486
867.876040
867.876040
867.812486
867.685473
867.495188
867.241913
866.926026
866.547995
866.108383
865.607848
865.047136
865.014267
865.574490
866.074591
866.513820
866.891523
867.207136
867.460191
867.650311
867.777215
867.840714
867.840714
867.777215
867.650311
867.460191
867.207136
866.891523
866.513820
866.074591
865.574490
865.014267
864.981427
865.541163
866.040828
866.479675
866.857050
867.172389
867.425225
867.615180
867.741974
867.805418
867.805418
867.741974
867.615180
867.425225
867.172389
866.857050
866.479675
866.040828
865.541163
864.981427
864.948617
865.507864
866.007094
866.445560
866.822607
867.137673
867.390289
867.580080
867.706764
867.770153
867.770153
867.706764
867.580080
867.390289
867.137673
866.822607
866.445560
866.007094
865.507864
864.948617
864.915835
865.474595
865.973391
866.411475
866.788194
867.102987
867.355384
867.545011
867.671585
867.734919
867.734919
867.671585
867.545011
867.355384
867.102987
866.788194
866.411475
865.973391
865.474595
864.915835
864.883082
865.441355
865.939717
866.377420
866.753812
867.068332
867.320510
867.509972
867.636437
867.699716
867.699716
867.636437
867.509972
867.320510
867.068332
866.753812
866.377420
865.939717
865.441355
864.883082
864.850357
865.408145
865.906072
866.343395
866.719460
867.033707
867.285666
867.474964
867.601319
867.664544
867.664544
867.601319
867.474964
867.285666
867.033707
866.719460
866.343395
865.906072
865.408145
864.850357
864.817662
865.374964
865.872458
866.309400
866.685138
866.999112
867.250853
867.439987
867.566232
867.629402
867.629402
867.566232
867.439987
867.250853
866.999112
866.685138
866.309400
865.872458
865.374964
864.817662
864.784996
865.341812
865.838873
866.275435
866.650847
866.964547
867.216070
867.405040
867.531176
867.594291
867.594291
867.531176
867.405040
867.216070
866.964547
866.650847
866.275435
865.838873
865.341812
864.784996
864.752358
865.308689
865.805317
866.241500
866.616585
866.930013
867.181317
867.370123
867.496150
867.559210
867.559210
867.496150
867.370123
867.181317
866.930013
866.616585
866.241500
865.805317
865.308689
864.752358
864.719749
865.275595
865.771791
866.207594
866.582353
866.895509
867.146595
867.335237
867.461155
867.524160
867.524160
867.461155
867.335237
867.146595
866.895509
866.582353
866.207594
865.771791
865.275595
864.719749
864.687168
865.242530
865.738294
866.173718
866.548152
866.861036
867.111904
867.300382
867.426190
867.489141
867.489141
867.426190
867.300382
867.111904
866.861036
866.548152
866.173718
865.738294
865.242530
864.687168
864.654616
865.209495
865.704827
866.139873
866.513980
866.826592
867.077242
867.265557
867.391256
867.454152
867.454152
867.391256
867.265557
867.077242
866.826592
866.513980
866.139873
865.704827
865.209495
864.654616
864.622093
865.176488
865.671390
866.106056
866.479839
866.792179
867.042612
867.230763
867.356353
867.419194
867.419194
867.356353
867.230763
867.042612
866.792179
866.479839
866.106056
865.671390
865.176488
864.622093
864.589599
865.143511
865.637981
866.072270
866.445727
866.757796
867.008011
867.195999
867.321480
867.384267
867.384267
867.321480
867.195999
867.008011
866.757796
866.445727
866.072270
865.637981
865.143511
864.589599
864.557133
865.110562
865.604602
866.038513
866.411646
866.723443
866.973441
867.161265
867.286637
867.349370
867.349370
867.286637
867.161265
866.973441
866.723443
866.411646
866.038513
865.604602
865.110562
864.557133
864.524695
865.077643
865.571252
866.004786
866.377594
866.689120
866.938901
867.126562
867.251825
867.314503
867.314503
867.251825
867.126562
866.938901
866.689120
866.377594
866.004786
865.571252
865.077643
864.524695
864.492286
865.044752
865.537932
865.971088
866.343572
866.654828
866.904391
867.091889
867.217043
867.279667
867.279667
867.217043
867.091889
866.904391
866.654828
866.343572
865.971088
865.537932
865.044752
864.492286
864.459906
865.011890
865.504641
865.937420
866.309580
866.620565
866.869911
867.057247
867.182292
867.244862
867.244862
867.182292
867.057247
866.869911
866.620565
866.309580
865.937420
865.504641
865.011890
864.459906
864.427553
864.979057
865.471379
865.903781
866.275618
866.586332
866.835462
867.022635
867.147572
867.210087
867.210087
867.147572
867.022635
866.835462
866.586332
866.275618
865.903781
865.471379
864.979057
864.427553
864.395230
864.946253
865.438146
865.870172
866.241685
866.552130
866.801043
866.988053
867.112881
867.175342
867.175342
867.112881
866.988053
866.801043
866.552130
866.241685
865.870172
865.438146
864.946253
864.395230
864.362934
864.913478
865.404943
865.836593
866.207782
866.517957
866.766654
866.953501
867.078221
867.140628
867.140628
867.078221
866.953501
866.766654
866.517957
866.207782
865.836593
865.404943
864.913478
864.362934
864.330667
864.880731
865.371768
865.803043
866.173909
866.483814
866.732295
866.918980
867.043591
867.105944
867.105944
867.043591
866.918980
866.732295
866.483814
866.173909
865.803043
865.371768
864.880731
864.330667
864.298429
864.848014
865.338623
865.769522
866.140066
866.449701
866.697966
866.884489
867.008992
867.071290
867.071290
867.008992
866.884489
866.697966
866.449701
866.140066
865.769522
865.338623
864.848014
864.298429
864.266218
864.815325
865.305507
865.736031
866.106252
866.415618
866.663667
866.850028
866.974423
867.036667
867.036667
866.974423
866.850028
866.663667
866.415618
866.106252
865.736031
865.305507
864.815325
864.266218
864.234036
864.782664
865.272420
865.702569
866.072468
866.381565
866.629398
866.815597
866.939884
867.002074
867.002074
866.939884
866.815597
866.629398
866.381565
866.072468
865.702569
865.272420
864.782664
864.234036
864.201882
864.750032
865.239361
865.669136
866.038714
866.347542
866.595159
866.781196
866.905375
866.967511
866.967511
866.905375
866.781196
866.595159
866.347542
866.038714
865.669136
865.239361
864.750032
864.201882
864.169756
864.717429
865.206332
865.635733
866.004989
866.313549
866.560951
866.746826
866.870897
866.932979
866.932979
866.870897
866.746826
866.560951
866.313549
866.004989
865.635733
865.206332
864.717429
864.169756
864.137659
864.684855
865.173332
865.602359
865.971294
866.279585
866.526772
866.712486
866.836449
866.898477
866.898477
866.836449
866.712486
866.526772
866.279585
865.971294
865.602359
865.173332
864.684855
864.137659
864.105589
864.652309
865.140361
865.569014
865.937628
866.245651
866.492623
866.678175
866.802031
866.864005
866.864005
866.802031
866.678175
866.492623
866.245651
865.937628
865.569014
865.140361
864.652309
864.105589
864.073548
864.619791
865.107418
865.535699
865.903992
866.211747
866.458504
866.643895
866.767643
866.829563
866.829563
866.767643
866.643895
866.458504
866.211747
865.903992
865.535699
865.107418
864.619791
864.073548
864.041534
864.587302
865.074505
865.502413
865.870385
866.177873
866.424415
866.609645
866.733285
866.795151
866.795151
866.733285
866.609645
866.424415
866.177873
865.870385
865.502413
865.074505
864.587302
864.041534
864.009549
864.554842
865.041620
865.469156
865.836808
866.144028
866.390356
866.575424
866.698957
866.760769
866.760769
866.698957
866.575424
866.390356
866.144028
865.836808
865.469156
865.041620
864.554842
864.009549
863.977592
864.522410
865.008764
865.435928
865.803260
866.110213
866.356327
866.541234
866.664659
866.726418
866.726418
866.664659
866.541234
866.356327
866.110213
865.803260
865.435928
865.008764
864.522410
863.977592
863.945663
864.490006
864.975937
865.402729
865.769742
866.076427
866.322327
866.507074
866.630392
866.692097
866.692097
866.630392
866.507074
866.322327
866.076427
865.769742
865.402729
864.975937
864.490006
863.945663
863.913762
864.457631
864.943139
865.369559
865.736253
866.042671
866.288357
866.472943
866.596154
866.657805
866.657805
866.596154
866.472943
866.288357
866.042671
865.736253
865.369559
864.943139
864.457631
863.913762
863.881888
864.425284
864.910369
865.336418
865.702793
866.008945
866.254417
866.438843
866.561946
866.623544
866.623544
866.561946
866.438843
866.254417
866.008945
865.702793
865.336418
864.910369
864.425284
863.881888
863.850043
864.392965
864.877629
865.303307
865.669362
865.975248
866.220507
866.404772
866.527769
866.589313
866.589313
866.527769
866.404772
866.220507
865.975248
865.669362
865.303307
864.877629
864.392965
863.850043
863.818225
864.360675
864.844917
865.270224
865.635961
865.941581
866.186626
866.370731
866.493621
866.555111
866.555111
866.493621
866.370731
866.186626
865.941581
865.635961
865.270224
864.844917
864.360675
863.818225
863.786436
864.328413
864.812233
865.237171
865.602589
865.907943
866.152775
866.336720
866.459503
866.520940
866.520940
866.459503
866.336720
866.152775
865.907943
865.602589
865.237171
864.812233
864.328413
863.786436
863.754674
864.296180
864.779578
865.204146
865.569247
865.874335
866.118954
866.302739
866.425415
866.486798
866.486798
866.425415
866.302739
866.118954
865.874335
865.569247
865.204146
864.779578
864.296180
863.754674
863.722940
864.263974
864.746952
865.171150
865.535933
865.840756
866.085162
866.268787
866.391357
866.452687
866.452687
866.391357
866.268787
866.085162
865.840756
865.535933
865.171150
864.746952
864.263974
863.722940
863.691234
864.231797
864.714354
865.138183
865.502649
865.807207
866.051400
866.234866
866.357328
866.418605
866.418605
866.357328
866.234866
866.051400
865.807207
865.502649
865.138183
864.714354
864.231797
863.691234
863.659556
864.199648
864.681785
865.105245
865.469394
865.773687
866.017668
866.200974
866.323330
866.384553
866.384553
866.323330
866.200974
866.017668
865.773687
865.469394
865.105245
864.681785
864.199648
863.659556
863.627905
864.167527
864.649245
865.072336
865.436168
865.740196
865.983965
866.167111
866.289361
866.350531
866.350531
866.289361
866.167111
865.983965
865.740196
865.436168
865.072336
864.649245
864.167527
863.627905
863.596282
864.135434
864.616733
865.039456
865.402971
865.706734
865.950292
866.133278
866.255422
866.316539
866.316539
866.255422
866.133278
865.950292
865.706734
865.402971
865.039456
864.616733
864.135434
863.596282
863.564687
864.103370
864.584249
865.006605
865.369803
865.673302
865.916648
866.099475
866.221512
866.282577
866.282577
866.221512
866.099475
865.916648
865.673302
865.369803
865.006605
864.584249
864.103370
863.564687
863.533119
864.071333
864.551794
864.973782
865.336665
865.639900
865.883033
866.065702
866.187633
866.248644
866.248644
866.187633
866.065702
865.883033
865.639900
865.336665
864.973782
864.551794
864.071333
863.533119
863.501579
864.039325
864.519367
864.940988
865.303555
865.606526
865.849448
866.031958
866.153783
866.214741
866.214741
866.153783
866.031958
865.849448
865.606526
865.303555
864.940988
864.519367
864.039325
863.501579
863.470067
864.007344
864.486969
864.908223
865.270474
865.573182
865.815893
865.998244
866.119963
866.180867
866.180867
866.119963
865.998244
865.815893
865.573182
865.270474
864.908223
864.486969
864.007344
863.470067
863.438582
863.975392
864.454599
864.875486
865.237423
865.539867
865.782366
865.964559
866.086172
866.147024
866.147024
866.086172
865.964559
865.782366
865.539867
865.237423
864.875486
864.454599
863.975392
863.438582
863.407125
863.943467
864.422257
864.842778
865.204400
865.506581
865.748869
865.930903
866.052411
866.113210
866.113210
866.052411
865.930903
865.748869
865.506581
865.204400
864.842778
864.422257
863.943467
863.407125
863.375695
863.911571
864.389944
864.810099
865.171406
865.473324
865.715402
865.897278
866.018679
866.079425
866.079425
866.018679
865.897278
865.715402
865.473324
865.171406
864.810099
864.389944
863.911571
863.375695
863.344293
863.879702
864.357659
864.777448
865.138441
865.440096
865.681964
865.863681
865.984977
866.045670
866.045670
865.984977
865.863681
865.681964
865.440096
865.138441
864.777448
864.357659
863.879702
863.344293
863.312918
863.847861
864.325402
864.744826
865.105505
865.406898
865.648555
865.830114
865.951305
866.011945
866.011945
865.951305
865.830114
865.648555
865.406898
865.105505
864.744826
864.325402
863.847861
863.312918
863.281571
863.816048
864.293174
864.712233
865.072597
865.373728
865.615175
865.796577
865.917662
865.978249
865.978249
865.917662
865.796577
865.615175
865.373728
865.072597
864.712233
864.293174
863.816048
863.281571
863.250251
863.784263
864.260974
864.679668
865.039719
865.340588
865.581825
865.763068
865.884048
865.944583
865.944583
865.884048
865.763068
865.581825
865.340588
865.039719
864.679668
864.260974
863.784263
863.250251
863.218959
863.752506
864.228802
864.647132
865.006869
865.307476
865.548503
865.729589
865.850464
865.910946
865.910946
865.850464
865.729589
865.548503
865.307476
865.006869
864.647132
864.228802
863.752506
863.218959
863.187694
863.720777
864.196658
864.614624
864.974048
865.274394
865.515211
865.696140
865.816909
865.877339
865.877339
865.816909
865.696140
865.515211
865.274394
864.974048
864.614624
864.196658
863.720777
863.187694
863.156456
863.689075
864.164542
864.582144
864.941256
865.241341
865.481948
865.662719
865.783384
865.843761
865.843761
865.783384
865.662719
865.481948
865.241341
864.941256
864.582144
864.164542
863.689075
863.156456
863.125246
863.657401
864.132454
864.549693
864.908493
865.208316
865.448714
865.629328
865.749888
865.810213
865.810213
865.749888
865.629328
865.448714
865.208316
864.908493
864.549693
864.132454
863.657401
863.125246
863.094063
863.625755
864.100395
864.517270
864.875758
865.175320
865.415510
865.595967
865.716421
865.776694
865.776694
865.716421
865.595967
865.415510
865.175320
864.875758
864.517270
864.100395
863.625755
863.094063
863.062907
863.594136
864.068363
864.484876
864.843052
865.142354
865.382334
865.562634
865.682984
865.743204
865.743204
865.682984
865.562634
865.382334
865.142354
864.843052
864.484876
864.068363
863.594136
863.062907
863.031779
863.562546
864.036360
864.452510
864.810374
865.109416
865.349188
865.529331
865.649576
865.709743
865.709743
865.649576
865.529331
865.349188
865.109416
864.810374
864.452510
864.036360
863.562546
863.031779
863.000677
863.530982
864.004384
864.420173
864.777725
865.076507
865.316070
865.496056
865.616197
865.676312
865.676312
865.616197
865.496056
865.316070
865.076507
864.777725
864.420173
864.004384
863.530982
863.000677
862.969603
863.499447
863.972437
864.387863
864.745105
865.043627
865.282981
865.462811
865.582847
865.642910
865.642910
865.582847
865.462811
865.282981
865.043627
864.745105
864.387863
863.972437
863.499447
862.969603
862.938556
863.467939
863.940517
864.355582
864.712513
865.010775
865.249922
865.429595
865.549527
865.609538
865.609538
865.549527
865.429595
865.249922
865.010775
864.712513
864.355582
863.940517
863.467939
862.938556
862.907537
863.436458
863.908625
864.323330
864.679950
864.977953
865.216891
865.396408
865.516236
865.576194
865.576194
865.516236
865.396408
865.216891
864.977953
864.679950
864.323330
863.908625
863.436458
862.907537
862.876544
863.405006
863.876762
864.291105
864.647415
864.945159
865.183889
865.363250
865.482974
865.542880
865.542880
865.482974
865.363250
865.183889
864.945159
864.647415
864.291105
863.876762
863.405006
862.876544
862.845579
863.373580
863.844926
864.258909
864.614909
864.912393
865.150917
865.330122
865.449741
865.509595
865.509595
865.449741
865.330122
865.150917
864.912393
864.614909
864.258909
863.844926
863.373580
862.845579
862.814640
863.342182
863.813118
864.226741
864.582431
864.879657
865.117973
865.297022
865.416537
865.476339
865.476339
865.416537
865.297022
865.117973
864.879657
864.582431
864.226741
863.813118
863.342182
862.814640
862.783729
863.310812
863.781338
864.194601
864.549982
864.846949
865.085057
865.263951
865.383362
865.443112
865.443112
865.383362
865.263951
865.085057
864.846949
864.549982
864.194601
863.781338
863.310812
862.783729
862.752845
863.279469
863.749585
864.162489
864.517561
864.814270
865.052171
865.230909
865.350216
865.409915
865.409915
865.350216
865.230909
865.052171
864.814270
864.517561
864.162489
863.749585
863.279469
862.752845
862.721987
863.248153
863.717861
864.130405
864.485168
864.781619
865.019313
865.197896
865.317100
865.376746
865.376746
865.317100
865.197896
865.019313
864.781619
864.485168
864.130405
863.717861
863.248153
862.721987
862.691157
863.216865
863.686164
864.098350
864.452804
864.748997
864.986485
865.164912
865.284012
865.343606
865.343606
865.284012
865.164912
864.986485
864.748997
864.452804
864.098350
863.686164
863.216865
862.691157
862.660354
863.185605
863.654495
864.066322
864.420468
864.716403
864.953685
865.131957
865.250953
865.310496
865.310496
865.250953
865.131957
864.953685
864.716403
864.420468
864.066322
863.654495
863.185605
862.660354
862.629577
863.154371
863.622854
864.034322
864.388161
864.683838
864.920913
865.099030
865.217923
865.277414
865.277414
865.217923
865.099030
864.920913
864.683838
864.388161
864.034322
863.622854
863.154371
862.629577
862.598828
863.123165
863.591240
864.002351
864.355881
864.651302
864.888171
865.066133
865.184922
865.244361
865.244361
865.184922
865.066133
864.888171
864.651302
864.355881
864.002351
863.591240
863.123165
862.598828
862.568105
863.091986
863.559654
863.970407
864.323630
864.618794
864.855457
865.033264
865.151950
865.211338
865.211338
865.151950
865.033264
864.855457
864.618794
864.323630
863.970407
863.559654
863.091986
862.568105
862.537410
863.060835
863.528096
863.938492
864.291407
864.586314
864.822771
865.000424
865.119007
865.178343
865.178343
865.119007
865.000424
864.822771
864.586314
864.291407
863.938492
863.528096
863.060835
862.537410
862.506741
863.029710
863.496565
863.906604
864.259213
864.553863
864.790114
864.967613
865.086093
865.145377
865.145377
865.086093
864.967613
864.790114
864.553863
864.259213
863.906604
863.496565
863.029710
862.506741
862.476099
862.998613
863.465062
863.874744
864.227046
864.521440
864.757486
864.934830
865.053207
865.112440
865.112440
865.053207
864.934830
864.757486
864.521440
864.227046
863.874744
863.465062
862.998613
862.476099
862.445483
862.967544
863.433586
863.842912
864.194908
864.489046
864.724887
864.902076
865.020350
865.079532
865.079532
865.020350
864.902076
864.724887
864.489046
864.194908
863.842912
863.433586
862.967544
862.445483
862.414895
862.936501
863.402138
863.811108
864.162797
864.456680
864.692315
864.869351
864.987522
865.046652
865.046652
864.987522
864.869351
864.692315
864.456680
864.162797
863.811108
863.402138
862.936501
862.414895
862.384333
862.905485
863.370717
863.779332
864.130715
864.424342
864.659773
864.836655
864.954723
865.013801
865.013801
864.954723
864.836655
864.659773
864.424342
864.130715
863.779332
863.370717
862.905485
862.384333
862.353798
862.874497
863.339324
863.747583
864.098661
864.392033
864.627259
864.803987
864.921952
864.980979
864.980979
864.921952
864.803987
864.627259
864.392033
864.098661
863.747583
863.339324
862.874497
862.353798
862.323290
862.843535
863.307959
863.715862
864.066635
864.359752
864.594773
864.771347
864.889211
864.948186
864.948186
864.889211
864.771347
864.594773
864.359752
864.066635
863.715862
863.307959
862.843535
862.323290
862.292808
862.812601
863.276620
863.684169
864.034637
864.327499
864.562316
864.738737
864.856497
864.915422
864.915422
864.856497
864.738737
864.562316
864.327499
864.034637
863.684169
863.276620
862.812601
862.292808
862.262353
862.781694
863.245310
863.652504
864.002667
864.295274
864.529887
864.706154
864.823813
864.882686
864.882686
864.823813
864.706154
864.529887
864.295274
864.002667
863.652504
863.245310
862.781694
862.262353
862.231925
862.750814
863.214026
863.620867
863.970725
864.263078
864.497487
864.673601
864.791157
864.849979
864.849979
864.791157
864.673601
864.497487
864.263078
863.970725
863.620867
863.214026
862.750814
862.231925
862.201523
862.719961
863.182770
863.589257
863.938811
864.230909
864.465114
864.641075
864.758529
864.817300
864.817300
864.758529
864.641075
864.465114
864.230909
863.938811
863.589257
863.182770
862.719961
862.201523
862.171147
862.689134
863.151541
863.557674
863.906925
864.198769
864.432771
864.608579
864.725930
864.784650
864.784650
864.725930
864.608579
864.432771
864.198769
863.906925
863.557674
863.151541
862.689134
862.171147
862.140799
862.658335
863.120340
863.526120
863.875067
864.166657
864.400455
864.576110
864.693360
864.752029
864.752029
864.693360
864.576110
864.400455
864.166657
863.875067
863.526120
863.120340
862.658335
862.140799
862.110477
862.627563
863.089166
863.494593
863.843236
864.134573
864.368168
864.543670
864.660818
864.719436
864.719436
864.660818
864.543670
864.368168
864.134573
863.843236
863.494593
863.089166
862.627563
862.110477
862.080181
862.596817
863.058019
863.463093
863.811433
864.102517
864.335909
864.511259
864.628305
864.686872
864.686872
864.628305
864.511259
864.335909
864.102517
863.811433
863.463093
863.058019
862.596817
862.080181
862.049912
862.566099
863.026899
863.431621
863.779659
864.070489
864.303678
864.478876
864.595820
864.654336
864.654336
864.595820
864.478876
864.303678
864.070489
863.779659
863.431621
863.026899
862.566099
862.049912
862.019669
862.535407
862.995807
863.400177
863.747912
864.038490
864.271476
864.446521
864.563363
864.621828
864.621828
864.563363
864.446521
864.271476
864.038490
863.747912
863.400177
862.995807
862.535407
862.019669
861.989453
862.504742
862.964742
863.368760
863.716193
864.006518
864.239301
864.414194
864.530935
864.589349
864.589349
864.530935
864.414194
864.239301
864.006518
863.716193
863.368760
862.964742
862.504742
861.989453
861.959263
862.474104
862.933704
863.337371
863.684501
863.974574
864.207155
864.381896
864.498536
864.556899
864.556899
864.498536
864.381896
864.207155
863.974574
863.684501
863.337371
862.933704
862.474104
861.959263
861.929099
862.443493
862.902693
863.306009
863.652837
863.942658
864.175037
864.349626
864.466164
864.524477
864.524477
864.466164
864.349626
864.175037
863.942658
863.652837
863.306009
862.902693
862.443493
861.929099
861.898962
862.412909
862.871709
863.274674
863.621201
863.910770
864.142947
864.317384
864.433821
864.492083
864.492083
864.433821
864.317384
864.142947
863.910770
863.621201
863.274674
862.871709
862.412909
861.898962
861.868851
862.382351
862.840752
863.243367
863.589593
863.878910
864.110885
864.285171
864.401506
864.459718
864.459718
864.401506
864.285171
864.110885
863.878910
863.589593
863.243367
862.840752
862.382351
861.868851
861.838767
862.351820
862.809822
863.212088
863.558012
863.847078
864.078851
864.252985
864.369220
864.427381
864.427381
864.369220
864.252985
864.078851
863.847078
863.558012
863.212088
862.809822
862.351820
861.838767
861.808709
862.321315
862.778920
863.180835
863.526459
863.815273
864.046845
864.220828
864.336962
864.395072
864.395072
864.336962
864.220828
864.046845
863.815273
863.526459
863.180835
862.778920
862.321315
861.808709
861.778677
862.290838
862.748044
863.149610
863.494934
863.783497
864.014867
864.188699
864.304732
864.362791
864.362791
864.304732
864.188699
864.014867
863.783497
863.494934
863.149610
862.748044
862.290838
861.778677
861.748671
862.260387
862.717196
863.118412
863.463436
863.751748
863.982917
864.156598
864.272530
864.330539
864.330539
864.272530
864.156598
863.982917
863.751748
863.463436
863.118412
862.717196
862.260387
861.748671
861.718692
862.229962
862.686374
863.087242
863.431965
863.720027
863.950995
864.124525
864.240356
864.298315
864.298315
864.240356
864.124525
863.950995
863.720027
863.431965
863.087242
862.686374
862.229962
861.718692
861.688738
862.199564
862.655579
863.056099
863.400522
863.688334
863.919101
864.092480
864.208210
864.266119
864.266119
864.208210
864.092480
863.919101
863.688334
863.400522
863.056099
862.655579
862.199564
861.688738
861.658811
862.169193
862.624811
863.024983
863.369107
863.656668
863.887235
864.060463
864.176093
864.233951
864.233951
864.176093
864.060463
863.887235
863.656668
863.369107
863.024983
862.624811
862.169193
861.658811
861.628910
862.138848
862.594070
862.993894
863.337719
863.625030
863.855397
864.028475
864.144004
864.201812
864.201812
864.144004
864.028475
863.855397
863.625030
863.337719
862.993894
862.594070
862.138848
861.628910
861.599036
862.108530
862.563356
862.962832
863.306358
863.593420
863.823587
863.996514
864.111942
864.169700
864.169700
864.111942
863.996514
863.823587
863.593420
863.306358
862.962832
862.563356
862.108530
861.599036
861.569187
862.078238
862.532669
862.931798
863.275025
863.561837
863.791804
863.964581
864.079909
864.137617
864.137617
864.079909
863.964581
863.791804
863.561837
863.275025
862.931798
862.532669
862.078238
861.569187
861.539364
862.047973
862.502009
862.900791
863.243720
863.530282
863.760049
863.932676
864.047904
864.105561
864.105561
864.047904
863.932676
863.760049
863.530282
863.243720
862.900791
862.502009
862.047973
861.539364
861.509568
862.017734
862.471375
862.869810
863.212441
863.498755
863.728322
863.900799
864.015927
864.073534
864.073534
864.015927
863.900799
863.728322
863.498755
863.212441
862.869810
862.471375
862.017734
861.509568
861.479797
861.987522
862.440769
862.838857
863.181191
863.467255
863.696623
863.868950
863.983978
864.041535
864.041535
863.983978
863.868950
863.696623
863.467255
863.181191
862.838857
862.440769
861.987522
861.479797
861.450053
861.957336
862.410189
862.807931
863.149967
863.435783
863.664951
863.837128
863.952056
864.009563
864.009563
863.952056
863.837128
863.664951
863.435783
863.149967
862.807931
862.410189
861.957336
861.450053
861.420334
861.927176
862.379635
862.777032
863.118771
863.404338
863.633307
863.805335
863.920163
863.977620
863.977620
863.920163
863.805335
863.633307
863.404338
863.118771
862.777032
862.379635
861.927176
861.420334
861.390641
861.897043
862.349109
862.746160
863.087602
863.372921
863.601691
863.773569
863.888298
863.945705
863.945705
863.888298
863.773569
863.601691
863.372921
863.087602
862.746160
862.349109
861.897043
861.390641
861.360975
861.866936
862.318609
862.715315
863.056460
863.341531
863.570103
863.741831
863.856460
863.913817
863.913817
863.856460
863.741831
863.570103
863.341531
863.056460
862.715315
862.318609
861.866936
861.360975
861.331334
861.836855
862.288136
862.684497
863.025345
863.310169
863.538542
863.710121
863.824650
863.881958
863.881958
863.824650
863.710121
863.538542
863.310169
863.025345
862.684497
862.288136
861.836855
861.331334
861.301719
861.806801
862.257689
862.653706
862.994258
863.278834
863.507008
863.678439
863.792868
863.850126
863.850126
863.792868
863.678439
863.507008
863.278834
862.994258
862.653706
862.257689
861.806801
861.301719
861.272130
861.776773
862.227269
862.622942
862.963198
863.247527
863.475503
863.646784
863.761114
863.818322
863.818322
863.761114
863.646784
863.475503
863.247527
862.963198
862.622942
862.227269
861.776773
861.272130
861.242567
861.746771
862.196876
862.592204
862.932165
863.216247
863.444024
863.615157
863.729388
863.786546
863.786546
863.729388
863.615157
863.444024
863.216247
862.932165
862.592204
862.196876
861.746771
861.242567
861.213030
861.716796
862.166509
862.561494
862.901159
863.184994
863.412574
863.583557
863.697689
863.754798
863.754798
863.697689
863.583557
863.412574
863.184994
862.901159
862.561494
862.166509
861.716796
861.213030
861.183518
861.686846
862.136168
862.530810
862.870180
863.153768
863.381150
863.551986
863.666018
863.723077
863.723077
863.666018
863.551986
863.381150
863.153768
862.870180
862.530810
862.136168
861.686846
861.183518
861.154033
861.656923
862.105854
862.500153
862.839228
863.122570
863.349755
863.520442
863.634375
863.691384
863.691384
863.634375
863.520442
863.349755
863.122570
862.839228
862.500153
862.105854
861.656923
861.154033
861.124573
861.627026
862.075567
862.469523
862.808304
863.091399
863.318386
863.488925
863.602759
863.659719
863.659719
863.602759
863.488925
863.318386
863.091399
862.808304
862.469523
862.075567
861.627026
861.124573
861.095138
861.597155
862.045306
862.438920
862.777406
863.060256
863.287046
863.457436
863.571171
863.628082
863.628082
863.571171
863.457436
863.287046
863.060256
862.777406
862.438920
862.045306
861.597155
861.095138
861.065730
861.567310
862.015072
862.408344
862.746535
863.029139
863.255732
863.425974
863.539611
863.596472
863.596472
863.539611
863.425974
863.255732
863.029139
862.746535
862.408344
862.015072
861.567310
861.065730
861.036347
861.537491
861.984864
862.377794
862.715692
862.998050
863.224446
863.394540
863.508078
863.564890
863.564890
863.508078
863.394540
863.224446
862.998050
862.715692
862.377794
861.984864
861.537491
861.036347
861.006990
861.507698
861.954682
862.347271
862.684875
862.966988
863.193187
863.363134
863.476573
863.533335
863.533335
863.476573
863.363134
863.193187
862.966988
862.684875
862.347271
861.954682
861.507698
861.006990
860.977658
861.477931
861.924527
862.316774
862.654085
862.935953
863.161956
863.331755
863.445096
863.501808
863.501808
863.445096
863.331755
863.161956
862.935953
862.654085
862.316774
861.924527
861.477931
860.977658
860.948352
861.448191
861.894398
862.286305
862.623322
862.904945
863.130752
863.300403
863.413646
863.470309
863.470309
863.413646
863.300403
863.130752
862.904945
862.623322
862.286305
861.894398
861.448191
860.948352
860.919072
861.418476
861.864296
862.255862
862.592586
862.873965
863.099575
863.269079
863.382223
863.438837
863.438837
863.382223
863.269079
863.099575
862.873965
862.592586
862.255862
861.864296
861.418476
860.919072
860.889817
861.388787
861.834219
862.225445
862.561877
862.843011
863.068425
863.237782
863.350828
863.407393
863.407393
863.350828
863.237782
863.068425
862.843011
862.561877
862.225445
861.834219
861.388787
860.889817
860.860588
861.359124
861.804169
862.195055
862.531195
862.812085
863.037303
863.206513
863.319460
863.375976
863.375976
863.319460
863.206513
863.037303
862.812085
862.531195
862.195055
861.804169
861.359124
860.860588
860.831384
861.329487
861.774145
862.164692
862.500539
862.781185
863.006208
863.175271
863.288120
863.344587
863.344587
863.288120
863.175271
863.006208
862.781185
862.500539
862.164692
861.774145
861.329487
860.831384
860.802206
861.299876
861.744148
862.134355
862.469911
862.750313
862.975140
863.144056
863.256807
863.313225
863.313225
863.256807
863.144056
862.975140
862.750313
862.469911
862.134355
861.744148
861.299876
860.802206
860.773053
861.270291
861.714177
862.104044
862.439309
862.719467
862.944099
863.112868
863.225522
863.281890
863.281890
863.225522
863.112868
862.944099
862.719467
862.439309
862.104044
861.714177
861.270291
860.773053
860.743926
861.240731
861.684232
862.073761
862.408734
862.688649
862.913085
863.081708
863.194263
863.250583
863.250583
863.194263
863.081708
862.913085
862.688649
862.408734
862.073761
861.684232
861.240731
860.743926
860.714824
861.211198
861.654313
862.043503
862.378185
862.657857
862.882099
863.050575
863.163033
863.219304
863.219304
863.163033
863.050575
862.882099
862.657857
862.378185
862.043503
861.654313
861.211198
860.714824
860.685748
861.181690
861.624420
862.013272
862.347663
862.627092
862.851139
863.019469
863.131829
863.188051
863.188051
863.131829
863.019469
862.851139
862.627092
862.347663
862.013272
861.624420
861.181690
860.685748
860.656697
861.152208
861.594553
861.983068
862.317168
862.596354
862.820207
862.988390
863.100653
863.156826
863.156826
863.100653
862.988390
862.820207
862.596354
862.317168
861.983068
861.594553
861.152208
860.656697
860.627671
861.122752
861.564712
861.952889
862.286700
862.565643
862.789301
862.957339
863.069504
863.125628
863.125628
863.069504
862.957339
862.789301
862.565643
862.286700
861.952889
861.564712
861.122752
860.627671
860.598671
861.093321
861.534898
861.922738
862.256258
862.534959
862.758423
862.926315
863.038382
863.094458
863.094458
863.038382
862.926315
862.758423
862.534959
862.256258
861.922738
861.534898
861.093321
860.598671
860.569696
861.063916
861.505109
861.892612
862.225843
862.504302
862.727572
862.895317
863.007288
863.063315
863.063315
863.007288
862.895317
862.727572
862.504302
862.225843
861.892612
861.505109
861.063916
860.569696
860.540746
861.034537
861.475347
861.862513
862.195454
862.473671
862.696747
862.864347
862.976220
863.032199
863.032199
862.976220
862.864347
862.696747
862.473671
862.195454
861.862513
861.475347
861.034537
860.540746
860.511822
861.005184
861.445610
861.832440
862.165092
862.443068
862.665950
862.833404
862.945180
863.001110
863.001110
862.945180
862.833404
862.665950
862.443068
862.165092
861.832440
861.445610
861.005184
860.511822
860.482922
860.975856
861.415900
861.802393
862.134757
862.412491
862.635179
862.802488
862.914167
862.970048
862.970048
862.914167
862.802488
862.635179
862.412491
862.134757
861.802393
861.415900
860.975856
860.482922
860.454048
860.946553
861.386215
861.772373
862.104448
862.381940
862.604435
862.771599
862.883181
862.939013
862.939013
862.883181
862.771599
862.604435
862.381940
862.104448
861.772373
861.386215
860.946553
860.454048
860.425200
860.917277
861.356556
861.742379
862.074165
862.351417
862.573719
862.740737
862.852222
862.908006
862.908006
862.852222
862.740737
862.573719
862.351417
862.074165
861.742379
861.356556
860.917277
860.425200
860.396376
860.888025
861.326924
861.712411
862.043909
862.320920
862.543028
862.709902
862.821290
862.877026
862.877026
862.821290
862.709902
862.543028
862.320920
862.043909
861.712411
861.326924
860.888025
860.396376
860.367578
860.858800
861.297317
861.682469
862.013679
862.290449
862.512365
862.679094
862.790385
862.846072
862.846072
862.790385
862.679094
862.512365
862.290449
862.013679
861.682469
861.297317
860.858800
860.367578
860.338804
860.829600
861.267736
861.652554
861.983476
862.260006
862.481729
862.648313
862.759507
862.815146
862.815146
862.759507
862.648313
862.481729
862.260006
861.983476
861.652554
861.267736
860.829600
860.338804
860.310056
860.800425
861.238180
861.622664
861.953299
862.229589
862.451119
862.617558
862.728656
862.784247
862.784247
862.728656
862.617558
862.451119
862.229589
861.953299
861.622664
861.238180
860.800425
860.310056
860.281333
860.771276
861.208651
861.592801
861.923148
862.199198
862.420536
862.586831
862.697832
862.753375
862.753375
862.697832
862.586831
862.420536
862.199198
861.923148
861.592801
861.208651
860.771276
860.281333
860.252635
860.742152
861.179147
861.562963
861.893024
862.168834
862.389980
862.556130
862.667036
862.722530
862.722530
862.667036
862.556130
862.389980
862.168834
861.893024
861.562963
861.179147
860.742152
860.252635
860.223962
860.713054
861.149670
861.533152
861.862926
862.138497
862.359451
862.525456
862.636265
862.691711
862.691711
862.636265
862.525456
862.359451
862.138497
861.862926
861.533152
861.149670
860.713054
860.223962
860.195314
860.683981
861.120217
861.503367
861.832855
862.108186
862.328948
862.494810
862.605522
862.660920
862.660920
862.605522
862.494810
862.328948
862.108186
861.832855
861.503367
861.120217
860.683981
860.195314
860.166691
860.654934
861.090791
861.473608
861.802809
862.077901
862.298472
862.464189
862.574806
862.630156
862.630156
862.574806
862.464189
862.298472
862.077901
861.802809
861.473608
861.090791
860.654934
860.166691
860.138093
860.625912
861.061390
861.443875
861.772790
862.047643
862.268022
862.433596
862.544116
862.599418
862.599418
862.544116
862.433596
862.268022
862.047643
861.772790
861.443875
861.061390
860.625912
860.138093
860.109520
860.596915
861.032015
861.414167
861.742797
862.017412
862.237599
862.403029
862.513454
862.568707
862.568707
862.513454
862.403029
862.237599
862.017412
861.742797
861.414167
861.032015
860.596915
860.109520
860.080972
860.567944
861.002666
861.384486
861.712831
861.987207
862.207203
862.372489
862.482818
862.538024
862.538024
862.482818
862.372489
862.207203
861.987207
861.712831
861.384486
861.002666
860.567944
860.080972
860.052449
860.538997
860.973342
861.354831
861.682890
861.957028
862.176833
862.341976
862.452209
862.507367
862.507367
862.452209
862.341976
862.176833
861.957028
861.682890
861.354831
860.973342
860.538997
860.052449
860.023951
860.510077
860.944044
861.325201
861.652976
861.926875
862.146490
862.311489
862.421626
862.476736
862.476736
862.421626
862.311489
862.146490
861.926875
861.652976
861.325201
860.944044
860.510077
860.023951
859.995478
860.481181
860.914771
861.295598
861.623087
861.896749
862.116173
862.281029
862.391071
862.446133
862.446133
862.391071
862.281029
862.116173
861.896749
861.623087
861.295598
860.914771
860.481181
859.995478
859.967029
860.452310
860.885524
861.266020
861.593225
861.866650
862.085883
862.250596
862.360542
862.415556
862.415556
862.360542
862.250596
862.085883
861.866650
861.593225
861.266020
860.885524
860.452310
859.967029
859.938605
860.423465
860.856303
861.236468
861.563389
861.836576
862.055619
862.220189
862.330039
862.385006
862.385006
862.330039
862.220189
862.055619
861.836576
861.563389
861.236468
860.856303
860.423465
859.938605
859.910207
860.394645
860.827107
861.206942
861.533579
861.806529
862.025381
862.189809
862.299564
862.354483
862.354483
862.299564
862.189809
862.025381
861.806529
861.533579
861.206942
860.827107
860.394645
859.910207
859.881832
860.365850
860.797936
861.177441
861.503795
861.776508
861.995170
862.159455
862.269115
862.323986
862.323986
862.269115
862.159455
861.995170
861.776508
861.503795
861.177441
860.797936
860.365850
859.881832
859.853483
860.337081
860.768791
861.147967
861.474037
861.746513
861.964986
862.129128
862.238692
862.293516
862.293516
862.238692
862.129128
861.964986
861.746513
861.474037
861.147967
860.768791
860.337081
859.853483
859.825159
860.308336
860.739672
861.118518
861.444305
861.716545
861.934828
862.098827
862.208296
862.263072
862.263072
862.208296
862.098827
861.934828
861.716545
861.444305
861.118518
860.739672
860.308336
859.825159
859.796859
860.279616
860.710578
861.089095
861.414599
861.686602
861.904696
862.068553
862.177927
862.232655
862.232655
862.177927
862.068553
861.904696
861.686602
861.414599
861.089095
860.710578
860.279616
859.796859
859.768583
860.250922
860.681509
861.059697
861.384919
861.656686
861.874590
862.038305
862.147584
862.202265
862.202265
862.147584
862.038305
861.874590
861.656686
861.384919
861.059697
860.681509
860.250922
859.768583
859.740333
860.222252
860.652465
861.030325
861.355265
861.626796
861.844511
862.008083
862.117268
862.171901
862.171901
862.117268
862.008083
861.844511
861.626796
861.355265
861.030325
860.652465
860.222252
859.740333
859.712107
860.193608
860.623447
861.000979
861.325637
861.596932
861.814458
861.977888
862.086978
862.141564
862.141564
862.086978
861.977888
861.814458
861.596932
861.325637
861.000979
860.623447
860.193608
859.712107
859.683906
860.164989
860.594455
860.971659
861.296034
861.567094
861.784431
861.947720
862.056715
862.111253
862.111253
862.056715
861.947720
861.784431
861.567094
861.296034
860.971659
860.594455
860.164989
859.683906
859.655729
860.136394
860.565487
860.942364
861.266458
861.537282
861.754430
861.917577
862.026478
862.080969
862.080969
862.026478
861.917577
861.754430
861.537282
861.266458
860.942364
860.565487
860.136394
859.655729
859.627577
860.107825
860.536545
860.913094
861.236907
861.507496
861.724456
861.887461
861.996267
862.050711
862.050711
861.996267
861.887461
861.724456
861.507496
861.236907
860.913094
860.536545
860.107825
859.627577
859.599450
860.079280
860.507628
860.883851
861.207382
861.477736
861.694508
861.857372
861.966083
862.020480
862.020480
861.966083
861.857372
861.694508
861.477736
861.207382
860.883851
860.507628
860.079280
859.599450
859.571347
860.050760
860.478737
860.854632
861.177883
861.448002
861.664586
861.827308
861.935926
861.990275
861.990275
861.935926
861.827308
861.664586
861.448002
861.177883
860.854632
860.478737
860.050760
859.571347
859.543268
860.022265
860.449870
860.825440
861.148409
861.418294
861.634690
861.797271
861.905794
861.960096
861.960096
861.905794
861.797271
861.634690
861.418294
861.148409
860.825440
860.449870
860.022265
859.543268
859.515214
859.993796
860.421029
860.796272
861.118962
861.388612
861.604820
861.767260
861.875689
861.929944
861.929944
861.875689
861.767260
861.604820
861.388612
861.118962
860.796272
860.421029
859.993796
859.515214
859.487185
859.965350
860.392213
860.767130
861.089540
861.358956
861.574976
861.737275
861.845610
861.899818
861.899818
861.845610
861.737275
861.574976
861.358956
861.089540
860.767130
860.392213
859.965350
859.487185
859.459180
859.936930
860.363422
860.738014
861.060143
861.329326
861.545159
861.707317
861.815558
861.869719
861.869719
861.815558
861.707317
861.545159
861.329326
861.060143
860.738014
860.363422
859.936930
859.459180
859.431199
859.908535
860.334656
860.708923
861.030773
861.299722
861.515367
861.677384
861.785531
861.839645
861.839645
861.785531
861.677384
861.515367
861.299722
861.030773
860.708923
860.334656
859.908535
859.431199
859.403243
859.880164
860.305916
860.679857
861.001428
861.270143
861.485601
861.647478
861.755531
861.809598
861.809598
861.755531
861.647478
861.485601
861.270143
861.001428
860.679857
860.305916
859.880164
859.403243
859.375311
859.851818
860.277200
860.650817
860.972108
861.240591
861.455862
861.617598
861.725557
861.779577
861.779577
861.725557
861.617598
861.455862
861.240591
860.972108
860.650817
860.277200
859.851818
859.375311
859.347404
859.823497
860.248509
860.621802
860.942814
861.211064
861.426148
861.587744
861.695609
861.749583
861.749583
861.695609
861.587744
861.426148
861.211064
860.942814
860.621802
860.248509
859.823497
859.347404
859.319520
859.795200
860.219844
860.592813
860.913546
861.181563
861.396460
861.557916
861.665688
861.719614
861.719614
861.665688
861.557916
861.396460
861.181563
860.913546
860.592813
860.219844
859.795200
859.319520
859.291662
859.766929
860.191203
860.563848
860.884304
861.152088
861.366798
861.528114
861.635792
861.689672
861.689672
861.635792
861.528114
861.366798
861.152088
860.884304
860.563848
860.191203
859.766929
859.291662
859.263827
859.738681
860.162588
860.534909
860.855086
861.122638
861.337163
861.498338
861.605923
861.659756
861.659756
861.605923
861.498338
861.337163
861.122638
860.855086
860.534909
860.162588
859.738681
859.263827
859.236017
859.710459
860.133997
860.505996
860.825895
861.093214
861.307553
861.468588
861.576080
861.629866
861.629866
861.576080
861.468588
861.307553
861.093214
860.825895
860.505996
860.133997
859.710459
859.236017
859.208231
859.682261
860.105432
860.477107
860.796729
861.063816
861.277968
861.438864
861.546263
861.600002
861.600002
861.546263
861.438864
861.277968
861.063816
860.796729
860.477107
860.105432
859.682261
859.208231
859.180469
859.654088
860.076891
860.448244
860.767588
861.034443
861.248410
861.409166
861.516471
861.570164
861.570164
861.516471
861.409166
861.248410
861.034443
860.767588
860.448244
860.076891
859.654088
859.180469
859.152732
859.625939
860.048375
860.419406
860.738473
861.005097
861.218877
861.379494
861.486706
861.540352
861.540352
861.486706
861.379494
861.218877
861.005097
860.738473
860.419406
860.048375
859.625939
859.152732
859.125018
859.597815
860.019885
860.390593
860.709383
860.975775
861.189371
861.349848
861.456967
861.510567
861.510567
861.456967
861.349848
861.189371
860.975775
860.709383
860.390593
860.019885
859.597815
859.125018
859.097329
859.569715
859.991419
860.361805
860.680318
860.946480
861.159889
861.320228
861.427254
861.480807
861.480807
861.427254
861.320228
861.159889
860.946480
860.680318
860.361805
859.991419
859.569715
859.097329
859.069664
859.541640
859.962977
860.333042
860.651279
860.917209
861.130434
861.290633
861.397566
861.451073
861.451073
861.397566
861.290633
861.130434
860.917209
860.651279
860.333042
859.962977
859.541640
859.069664
859.042023
859.513589
859.934561
860.304305
860.622265
860.887965
861.101005
861.261065
861.367905
861.421365
861.421365
861.367905
861.261065
861.101005
860.887965
860.622265
860.304305
859.934561
859.513589
859.042023
859.014407
859.485563
859.906169
860.275592
860.593277
860.858746
861.071601
861.231522
861.338269
861.391683
861.391683
861.338269
861.231522
861.071601
860.858746
860.593277
860.275592
859.906169
859.485563
859.014407
858.986814
859.457562
859.877803
860.246905
860.564314
860.829552
861.042222
861.202005
861.308660
861.362027
861.362027
861.308660
861.202005
861.042222
860.829552
860.564314
860.246905
859.877803
859.457562
858.986814
858.959245
859.429584
859.849460
860.218242
860.535376
860.800384
861.012870
861.172514
861.279076
861.332397
861.332397
861.279076
861.172514
861.012870
860.800384
860.535376
860.218242
859.849460
859.429584
858.959245
858.931701
859.401631
859.821143
860.189605
860.506463
860.771242
860.983543
861.143048
861.249518
861.302793
861.302793
861.249518
861.143048
860.983543
860.771242
860.506463
860.189605
859.821143
859.401631
858.931701
858.904180
859.373703
859.792850
860.160993
860.477576
860.742124
860.954241
861.113608
861.219986
861.273215
861.273215
861.219986
861.113608
860.954241
860.742124
860.477576
860.160993
859.792850
859.373703
858.904180
858.876684
859.345799
859.764583
860.132405
860.448714
860.713033
860.924966
861.084194
861.190479
861.243662
861.243662
861.190479
861.084194
860.924966
860.713033
860.448714
860.132405
859.764583
859.345799
858.876684
858.849211
859.317919
859.736339
860.103843
860.419877
860.683966
860.895715
861.054806
861.160999
861.214135
861.214135
861.160999
861.054806
860.895715
860.683966
860.419877
860.103843
859.736339
859.317919
858.849211
858.821762
859.290063
859.708121
860.075305
860.391065
860.654925
860.866491
861.025443
861.131544
861.184634
861.184634
861.131544
861.025443
860.866491
860.654925
860.391065
860.075305
859.708121
859.290063
858.821762
858.794338
859.262232
859.679926
860.046792
860.362278
860.625910
860.837291
860.996106
861.102115
861.155159
861.155159
861.102115
860.996106
860.837291
860.625910
860.362278
860.046792
859.679926
859.262232
858.794338
858.766937
859.234425
859.651757
860.018304
860.333516
860.596919
860.808118
860.966794
861.072711
861.125709
861.125709
861.072711
860.966794
860.808118
860.596919
860.333516
860.018304
859.651757
859.234425
858.766937
858.739560
859.206643
859.623612
859.989841
860.304780
860.567954
860.778969
860.937508
861.043333
861.096286
861.096286
861.043333
860.937508
860.778969
860.567954
860.304780
859.989841
859.623612
859.206643
858.739560
858.712207
859.178884
859.595492
859.961403
860.276068
860.539014
860.749846
860.908248
861.013981
861.066887
861.066887
861.013981
860.908248
860.749846
860.539014
860.276068
859.961403
859.595492
859.178884
858.712207
858.684878
859.151150
859.567396
859.932990
860.247382
860.510100
860.720749
860.879013
860.984654
861.037515
861.037515
860.984654
860.879013
860.720749
860.510100
860.247382
859.932990
859.567396
859.151150
858.684878
858.657572
859.123440
859.539325
859.904601
860.218721
860.481211
860.691677
860.849804
860.955353
861.008168
861.008168
860.955353
860.849804
860.691677
860.481211
860.218721
859.904601
859.539325
859.123440
858.657572
858.630291
859.095754
859.511278
859.876237
860.190084
860.452346
860.662630
860.820620
860.926078
860.978847
860.978847
860.926078
860.820620
860.662630
860.452346
860.190084
859.876237
859.511278
859.095754
858.630291
858.603033
859.068092
859.483255
859.847898
860.161473
860.423508
860.633609
860.791461
860.896828
860.949551
860.949551
860.896828
860.791461
860.633609
860.423508
860.161473
859.847898
859.483255
859.068092
858.603033
858.575799
859.040454
859.455257
859.819584
860.132886
860.394694
860.604613
860.762328
860.867604
860.920281
860.920281
860.867604
860.762328
860.604613
860.394694
860.132886
859.819584
859.455257
859.040454
858.575799
858.548589
859.012841
859.427284
859.791294
860.104325
860.365905
860.575642
860.733221
860.838405
860.891036
860.891036
860.838405
860.733221
860.575642
860.365905
860.104325
859.791294
859.427284
859.012841
858.548589
858.521402
858.985251
859.399335
859.763029
860.075788
860.337142
860.546697
860.704139
860.809232
860.861817
860.861817
860.809232
860.704139
860.546697
860.337142
860.075788
859.763029
859.399335
858.985251
858.521402
858.494239
858.957686
859.371410
859.734789
860.047277
860.308403
860.517776
860.675082
860.780084
860.832624
860.832624
860.780084
860.675082
860.517776
860.308403
860.047277
859.734789
859.371410
858.957686
858.494239
858.467100
858.930144
859.343510
859.706573
860.018790
860.279690
860.488881
860.646050
860.750961
860.803456
860.803456
860.750961
860.646050
860.488881
860.279690
860.018790
859.706573
859.343510
858.930144
858.467100
858.439984
858.902627
859.315634
859.678382
859.990328
860.251002
860.460012
860.617044
860.721864
860.774313
860.774313
860.721864
860.617044
860.460012
860.251002
859.990328
859.678382
859.315634
858.902627
858.439984
858.412892
858.875134
859.287782
859.650216
859.961891
860.222338
860.431167
860.588064
860.692792
860.745196
860.745196
860.692792
860.588064
860.431167
860.222338
859.961891
859.650216
859.287782
858.875134
858.412892
858.385824
858.847664
859.259954
859.622074
859.933478
860.193700
860.402348
860.559108
860.663746
860.716104
860.716104
860.663746
860.559108
860.402348
860.193700
859.933478
859.622074
859.259954
858.847664
858.385824
858.358779
858.820219
859.232151
859.593956
859.905091
860.165087
860.373553
860.530178
860.634725
860.687038
860.687038
860.634725
860.530178
860.373553
860.165087
859.905091
859.593956
859.232151
858.820219
858.358779
858.331758
858.792797
859.204372
859.565864
859.876728
860.136498
860.344784
860.501273
860.605729
860.657997
860.657997
860.605729
860.501273
860.344784
860.136498
859.876728
859.565864
859.204372
858.792797
858.331758
858.304761
858.765400
859.176617
859.537795
859.848390
860.107935
860.316040
860.472393
860.576759
860.628981
860.628981
860.576759
860.472393
860.316040
860.107935
859.848390
859.537795
859.176617
858.765400
858.304761
858.277787
858.738026
859.148887
859.509751
859.820077
860.079397
860.287321
860.443538
860.547814
860.599991
860.599991
860.547814
860.443538
860.287321
860.079397
859.820077
859.509751
859.148887
858.738026
858.277787
858.250836
858.710676
859.121180
859.481732
859.791788
860.050883
860.258627
860.414709
860.518894
860.571025
860.571025
860.518894
860.414709
860.258627
860.050883
859.791788
859.481732
859.121180
858.710676
858.250836
858.223909
858.683350
859.093498
859.453737
859.763524
860.022394
860.229958
860.385905
860.489999
860.542086
860.542086
860.489999
860.385905
860.229958
860.022394
859.763524
859.453737
859.093498
858.683350
858.223909
858.197006
858.656048
859.065840
859.425766
859.735285
859.993930
860.201314
860.357126
860.461130
860.513171
860.513171
860.461130
860.357126
860.201314
859.993930
859.735285
859.425766
859.065840
858.656048
858.197006
858.170125
858.628769
859.038206
859.397820
859.707070
859.965491
860.172696
860.328372
860.432286
860.484282
860.484282
860.432286
860.328372
860.172696
859.965491
859.707070
859.397820
859.038206
858.628769
858.170125
858.143269
858.601515
859.010596
859.369898
859.678880
859.937077
860.144102
860.299643
860.403467
860.455417
860.455417
860.403467
860.299643
860.144102
859.937077
859.678880
859.369898
859.010596
858.601515
858.143269
858.116435
858.574284
858.983011
859.342001
859.650714
859.908688
860.115533
860.270939
860.374673
860.426578
860.426578
860.374673
860.270939
860.115533
859.908688
859.650714
859.342001
858.983011
858.574284
858.116435
858.089626
858.547077
858.955449
859.314128
859.622574
859.880323
860.086989
860.242260
860.345904
860.397765
860.397765
860.345904
860.242260
860.086989
859.880323
859.622574
859.314128
858.955449
858.547077
858.089626
858.062839
858.519893
858.927911
859.286279
859.594457
859.851983
860.058469
860.213606
860.317160
860.368976
860.368976
860.317160
860.213606
860.058469
859.851983
859.594457
859.286279
858.927911
858.519893
858.062839
858.036076
858.492733
858.900397
859.258454
859.566365
859.823668
860.029975
860.184977
860.288441
860.340212
860.340212
860.288441
860.184977
860.029975
859.823668
859.566365
859.258454
858.900397
858.492733
858.036076
858.009336
858.465597
858.872908
859.230654
859.538298
859.795377
860.001506
860.156373
860.259748
860.311474
860.311474
860.259748
860.156373
860.001506
859.795377
859.538298
859.230654
858.872908
858.465597
858.009336
857.982619
858.438485
858.845442
859.202878
859.510255
859.767111
859.973061
860.127794
860.231079
860.282760
860.282760
860.231079
860.127794
859.973061
859.767111
859.510255
859.202878
858.845442
858.438485
857.982619
857.955926
858.411396
858.818000
859.175126
859.482236
859.738870
859.944641
860.099240
860.202436
860.254072
860.254072
860.202436
860.099240
859.944641
859.738870
859.482236
859.175126
858.818000
858.411396
857.955926
857.929256
858.384331
858.790582
859.147398
859.454242
859.710653
859.916246
860.070711
860.173817
860.225409
860.225409
860.173817
860.070711
859.916246
859.710653
859.454242
859.147398
858.790582
858.384331
857.929256
857.902609
858.357289
858.763188
859.119695
859.426273
859.682461
859.887876
860.042207
860.145223
860.196770
860.196770
860.145223
860.042207
859.887876
859.682461
859.426273
859.119695
858.763188
858.357289
857.902609
857.875986
858.330271
858.735818
859.092015
859.398328
859.654294
859.859530
860.013728
860.116655
860.168157
860.168157
860.116655
860.013728
859.859530
859.654294
859.398328
859.092015
858.735818
858.330271
857.875986
857.849385
858.303277
858.708472
859.064360
859.370407
859.626151
859.831209
859.985273
860.088111
860.139568
860.139568
860.088111
859.985273
859.831209
859.626151
859.370407
859.064360
858.708472
858.303277
857.849385
857.822808
858.276306
858.681149
859.036729
859.342510
859.598033
859.802913
859.956843
860.059592
860.111005
860.111005
860.059592
859.956843
859.802913
859.598033
859.342510
859.036729
858.681149
858.276306
857.822808
857.796254
858.249358
858.653851
859.009122
859.314638
859.569939
859.774642
859.928438
860.031098
860.082466
860.082466
860.031098
859.928438
859.774642
859.569939
859.314638
859.009122
858.653851
858.249358
857.796254
857.769723
858.222434
858.626576
858.981539
859.286790
859.541870
859.746395
859.900058
860.002629
860.053953
860.053953
860.002629
859.900058
859.746395
859.541870
859.286790
858.981539
858.626576
858.222434
857.769723
857.743215
858.195534
858.599325
858.953980
859.258966
859.513825
859.718173
859.871703
859.974184
860.025464
860.025464
859.974184
859.871703
859.718173
859.513825
859.258966
858.953980
858.599325
858.195534
857.743215
857.716730
858.168657
858.572097
858.926445
859.231167
859.485805
859.689975
859.843372
859.945765
859.997000
859.997000
859.945765
859.843372
859.689975
859.485805
859.231167
858.926445
858.572097
858.168657
857.716730
857.690269
858.141803
858.544894
858.898934
859.203392
859.457809
859.661802
859.815066
859.917370
859.968561
859.968561
859.917370
859.815066
859.661802
859.457809
859.203392
858.898934
858.544894
858.141803
857.690269
857.663830
858.114973
858.517714
858.871447
859.175641
859.429837
859.633654
859.786785
859.889000
859.940146
859.940146
859.889000
859.786785
859.633654
859.429837
859.175641
858.871447
858.517714
858.114973
857.663830
857.637415
858.088166
858.490558
858.843984
859.147914
859.401890
859.605530
859.758528
859.860655
859.911757
859.911757
859.860655
859.758528
859.605530
859.401890
859.147914
858.843984
858.490558
858.088166
857.637415
857.611022
858.061382
858.463425
858.816545
859.120212
859.373967
859.577431
859.730296
859.832334
859.883392
859.883392
859.832334
859.730296
859.577431
859.373967
859.120212
858.816545
858.463425
858.061382
857.611022
857.584652
858.034622
858.436316
858.789130
859.092533
859.346069
859.549356
859.702089
859.804039
859.855052
859.855052
859.804039
859.702089
859.549356
859.346069
859.092533
858.789130
858.436316
858.034622
857.584652
857.558306
858.007885
858.409231
858.761739
859.064879
859.318195
859.521305
859.673906
859.775767
859.826736
859.826736
859.775767
859.673906
859.521305
859.318195
859.064879
858.761739
858.409231
858.007885
857.558306
857.531982
857.981172
858.382169
858.734372
859.037249
859.290345
859.493279
859.645748
859.747521
859.798446
859.798446
859.747521
859.645748
859.493279
859.290345
859.037249
858.734372
858.382169
857.981172
857.531982
857.505681
857.954481
858.355131
858.707028
859.009643
859.262519
859.465278
859.617614
859.719299
859.770180
859.770180
859.719299
859.617614
859.465278
859.262519
859.009643
858.707028
858.355131
857.954481
857.505681
857.479404
857.927814
858.328117
858.679709
858.982060
859.234718
859.437301
859.589505
859.691102
859.741938
859.741938
859.691102
859.589505
859.437301
859.234718
858.982060
858.679709
858.328117
857.927814
857.479404
857.453149
857.901170
858.301126
858.652413
858.954502
859.206941
859.409348
859.561420
859.662929
859.713721
859.713721
859.662929
859.561420
859.409348
859.206941
858.954502
858.652413
858.301126
857.901170
857.453149
857.426917
857.874550
858.274158
858.625141
858.926968
859.179188
859.381420
859.533360
859.634781
859.685529
859.685529
859.634781
859.533360
859.381420
859.179188
858.926968
858.625141
858.274158
857.874550
857.426917
857.400707
857.847952
858.247214
858.597892
858.899458
859.151459
859.353516
859.505325
859.606657
859.657362
859.657362
859.606657
859.505325
859.353516
859.151459
858.899458
858.597892
858.247214
857.847952
857.400707
857.374521
857.821378
858.220294
858.570668
858.871972
859.123755
859.325636
859.477313
859.578558
859.629219
859.629219
859.578558
859.477313
859.325636
859.123755
858.871972
858.570668
858.220294
857.821378
857.374521
857.348358
857.794827
858.193397
858.543467
858.844510
859.096074
859.297781
859.449326
859.550483
859.601100
859.601100
859.550483
859.449326
859.297781
859.096074
858.844510
858.543467
858.193397
857.794827
857.348358
857.322217
857.768299
858.166523
858.516290
858.817072
859.068418
859.269950
859.421364
859.522433
859.573006
859.573006
859.522433
859.421364
859.269950
859.068418
858.817072
858.516290
858.166523
857.768299
857.322217
857.296099
857.741794
858.139673
858.489136
858.789658
859.040786
859.242143
859.393426
859.494408
859.544937
859.544937
859.494408
859.393426
859.242143
859.040786
858.789658
858.489136
858.139673
857.741794
857.296099
857.270003
857.715312
858.112846
858.462007
858.762268
859.013178
859.214360
859.365512
859.466406
859.516891
859.516891
859.466406
859.365512
859.214360
859.013178
858.762268
858.462007
858.112846
857.715312
857.270003
857.243931
857.688854
858.086043
858.434900
858.734901
858.985594
859.186602
859.337623
859.438430
859.488871
859.488871
859.438430
859.337623
859.186602
858.985594
858.734901
858.434900
858.086043
857.688854
857.243931
857.217881
857.662418
858.059263
858.407818
858.707559
858.958034
859.158868
859.309758
859.410477
859.460875
859.460875
859.410477
859.309758
859.158868
858.958034
858.707559
858.407818
858.059263
857.662418
857.217881
857.191854
857.636005
858.032506
858.380759
858.680240
858.930498
859.131158
859.281917
859.382549
859.432903
859.432903
859.382549
859.281917
859.131158
858.930498
858.680240
858.380759
858.032506
857.636005
857.191854
857.165849
857.609616
858.005773
858.353724
858.652945
858.902986
859.103472
859.254100
859.354645
859.404956
859.404956
859.354645
859.254100
859.103472
858.902986
858.652945
858.353724
858.005773
857.609616
857.165849
857.139868
857.583249
857.979062
858.326712
858.625674
858.875498
859.075810
859.226308
859.326766
859.377033
859.377033
859.326766
859.226308
859.075810
858.875498
858.625674
858.326712
857.979062
857.583249
857.139868
857.113908
857.556905
857.952376
858.299724
858.598426
858.848034
859.048173
859.198540
859.298911
859.349134
859.349134
859.298911
859.198540
859.048173
858.848034
858.598426
858.299724
857.952376
857.556905
857.113908
857.087972
857.530585
857.925712
858.272759
858.571203
858.820594
859.020559
859.170796
859.271080
859.321260
859.321260
859.271080
859.170796
859.020559
858.820594
858.571203
858.272759
857.925712
857.530585
857.087972
857.062058
857.504287
857.899072
858.245818
858.544003
858.793178
858.992970
859.143077
859.243273
859.293409
859.293409
859.243273
859.143077
858.992970
858.793178
858.544003
858.245818
857.899072
857.504287
857.062058
857.036166
857.478012
857.872454
858.218900
858.516826
858.765786
858.965404
859.115381
859.215491
859.265584
859.265584
859.215491
859.115381
858.965404
858.765786
858.516826
858.218900
857.872454
857.478012
857.036166
857.010297
857.451760
857.845860
858.192005
858.489674
858.738418
858.937863
859.087710
859.187733
859.237782
859.237782
859.187733
859.087710
858.937863
858.738418
858.489674
858.192005
857.845860
857.451760
857.010297
856.984451
857.425531
857.819290
858.165135
858.462545
858.711073
858.910346
859.060063
859.159999
859.210005
859.210005
859.159999
859.060063
858.910346
858.711073
858.462545
858.165135
857.819290
857.425531
856.984451
856.958627
857.399324
857.792742
858.138287
858.435440
858.683752
858.882852
859.032439
859.132289
859.182252
859.182252
859.132289
859.032439
858.882852
858.683752
858.435440
858.138287
857.792742
857.399324
856.958627
856.932826
857.373141
857.766217
858.111463
858.408358
858.656456
858.855383
859.004840
859.104604
859.154523
859.154523
859.104604
859.004840
858.855383
858.656456
858.408358
858.111463
857.766217
857.373141
856.932826
856.907047
857.346980
857.739716
858.084662
858.381300
858.629182
858.827937
858.977265
859.076942
859.126818
859.126818
859.076942
858.977265
858.827937
858.629182
858.381300
858.084662
857.739716
857.346980
856.907047
856.881290
857.320842
857.713237
858.057885
858.354265
858.601933
858.800516
858.949714
859.049305
859.099137
859.099137
859.049305
858.949714
858.800516
858.601933
858.354265
858.057885
857.713237
857.320842
856.881290
856.855556
857.294727
857.686782
858.031131
858.327254
858.574708
858.773118
858.922187
859.021691
859.071481
859.071481
859.021691
858.922187
858.773118
858.574708
858.327254
858.031131
857.686782
857.294727
856.855556
856.829845
857.268635
857.660350
858.004400
858.300267
858.547506
858.745744
858.894684
858.994102
859.043849
859.043849
858.994102
858.894684
858.745744
858.547506
858.300267
858.004400
857.660350
857.268635
856.829845
856.804155
857.242565
857.633941
857.977692
858.273303
858.520327
858.718394
858.867205
858.966537
859.016240
859.016240
858.966537
858.867205
858.718394
858.520327
858.273303
857.977692
857.633941
857.242565
856.804155
856.778488
857.216518
857.607554
857.951008
858.246363
858.493173
858.691068
858.839750
858.938996
858.988656
858.988656
858.938996
858.839750
858.691068
858.493173
858.246363
857.951008
857.607554
857.216518
856.778488
856.752844
857.190494
857.581191
857.924347
858.219446
858.466042
858.663766
858.812319
858.911479
858.961096
858.961096
858.911479
858.812319
858.663766
858.466042
858.219446
857.924347
857.581191
857.190494
856.752844
856.727221
857.164492
857.554851
857.897710
858.192552
858.438935
858.636487
858.784912
858.883985
858.933560
858.933560
858.883985
858.784912
858.636487
858.438935
858.192552
857.897710
857.554851
857.164492
856.727221
856.701622
857.138513
857.528533
857.871095
858.165682
858.411851
858.609232
858.757528
858.856516
858.906047
858.906047
858.856516
858.757528
858.609232
858.411851
858.165682
857.871095
857.528533
857.138513
856.701622
856.676044
857.112557
857.502239
857.844504
858.138835
858.384791
858.582001
858.730169
858.829071
858.878559
858.878559
858.829071
858.730169
858.582001
858.384791
858.138835
857.844504
857.502239
857.112557
856.676044
856.650488
857.086623
857.475967
857.817935
858.112012
858.357755
858.554794
858.702833
858.801650
858.851095
858.851095
858.801650
858.702833
858.554794
858.357755
858.112012
857.817935
857.475967
857.086623
856.650488
856.624955
857.060712
857.449719
857.791390
858.085212
858.330742
858.527610
858.675521
858.774252
858.823655
858.823655
858.774252
858.675521
858.527610
858.330742
858.085212
857.791390
857.449719
857.060712
856.624955
856.599444
857.034823
857.423493
857.764868
858.058436
858.303753
858.500450
858.648233
858.746878
858.796238
858.796238
858.746878
858.648233
858.500450
858.303753
858.058436
857.764868
857.423493
857.034823
856.599444
856.573956
857.008957
857.397290
857.738370
858.031682
858.276787
858.473314
858.620969
858.719529
858.768846
858.768846
858.719529
858.620969
858.473314
858.276787
858.031682
857.738370
857.397290
857.008957
856.573956
856.548489
856.983113
857.371110
857.711894
858.004952
858.249844
858.446201
858.593728
858.692203
858.741477
858.741477
858.692203
858.593728
858.446201
858.249844
858.004952
857.711894
857.371110
856.983113
856.548489
856.523045
856.957292
857.344952
857.685441
857.978246
858.222926
858.419112
858.566511
858.664900
858.714132
858.714132
858.664900
858.566511
858.419112
858.222926
857.978246
857.685441
857.344952
856.957292
856.523045
856.497623
856.931493
857.318818
857.659011
857.951562
858.196030
858.392047
858.539318
858.637622
858.686811
858.686811
858.637622
858.539318
858.392047
858.196030
857.951562
857.659011
857.318818
856.931493
856.497623
856.472223
856.905717
857.292706
857.632605
857.924902
858.169158
858.365005
858.512149
858.610368
858.659514
858.659514
858.610368
858.512149
858.365005
858.169158
857.924902
857.632605
857.292706
856.905717
856.472223
856.446845
856.879964
857.266617
857.606221
857.898265
858.142310
858.337987
858.485003
858.583137
858.632240
858.632240
858.583137
858.485003
858.337987
858.142310
857.898265
857.606221
857.266617
856.879964
856.446845
856.421489
856.854232
857.240550
857.579860
857.871651
858.115484
858.310992
858.457881
858.555930
858.604991
858.604991
858.555930
858.457881
858.310992
858.115484
857.871651
857.579860
857.240550
856.854232
856.421489
856.396155
856.828523
857.214507
857.553523
857.845061
858.088682
858.284021
858.430782
858.528746
858.577765
858.577765
858.528746
858.430782
858.284021
858.088682
857.845061
857.553523
857.214507
856.828523
856.396155
856.370843
856.802837
857.188486
857.527208
857.818493
858.061904
858.257073
858.403708
858.501586
858.550563
858.550563
858.501586
858.403708
858.257073
858.061904
857.818493
857.527208
857.188486
856.802837
856.370843
856.345553
856.777173
857.162487
857.500916
857.791949
858.035149
858.230149
858.376656
858.474450
858.523384
858.523384
858.474450
858.376656
858.230149
858.035149
857.791949
857.500916
857.162487
856.777173
856.345553
856.320286
856.751531
857.136511
857.474647
857.765428
858.008417
858.203248
858.349628
858.447338
858.496229
858.496229
858.447338
858.349628
858.203248
858.008417
857.765428
857.474647
857.136511
856.751531
856.320286
856.295040
856.725911
857.110558
857.448401
857.738930
857.981708
858.176371
858.322624
858.420249
858.469098
858.469098
858.420249
858.322624
858.176371
857.981708
857.738930
857.448401
857.110558
856.725911
856.295040
856.269816
856.700314
857.084628
857.422177
857.712455
857.955023
858.149517
858.295644
858.393184
858.441990
858.441990
858.393184
858.295644
858.149517
857.955023
857.712455
857.422177
857.084628
856.700314
856.269816
856.244614
856.674739
857.058720
857.395977
857.686003
857.928361
858.122686
858.268686
858.366142
858.414907
858.414907
858.366142
858.268686
858.122686
857.928361
857.686003
857.395977
857.058720
856.674739
856.244614
856.219434
856.649187
857.032834
857.369799
857.659574
857.901722
858.095879
858.241753
858.339124
858.387846
858.387846
858.339124
858.241753
858.095879
857.901722
857.659574
857.369799
857.032834
856.649187
856.219434
856.194276
856.623656
857.006971
857.343645
857.633168
857.875106
858.069095
858.214842
858.312129
858.360809
858.360809
858.312129
858.214842
858.069095
857.875106
857.633168
857.343645
857.006971
856.623656
856.194276
856.169140
856.598148
856.981131
857.317512
857.606785
857.848514
858.042335
858.187956
858.285158
858.333796
858.333796
858.285158
858.187956
858.042335
857.848514
857.606785
857.317512
856.981131
856.598148
856.169140
856.144026
856.572662
856.955313
857.291403
857.580425
857.821944
858.015597
858.161092
858.258211
858.306806
858.306806
858.258211
858.161092
858.015597
857.821944
857.580425
857.291403
856.955313
856.572662
856.144026
856.118934
856.547198
856.929518
857.265317
857.554088
857.795398
857.988883
858.134252
858.231287
858.279840
858.279840
858.231287
858.134252
857.988883
857.795398
857.554088
857.265317
856.929518
856.547198
856.118934
856.093863
856.521756
856.903745
857.239253
857.527774
857.768875
857.962193
858.107436
858.204386
858.252897
858.252897
858.204386
858.107436
857.962193
857.768875
857.527774
857.239253
856.903745
856.521756
856.093863
856.068814
856.496337
856.877994
857.213211
857.501483
857.742375
857.935525
858.080642
858.177509
858.225978
858.225978
858.177509
858.080642
857.935525
857.742375
857.501483
857.213211
856.877994
856.496337
856.068814
856.043787
856.470940
856.852266
857.187193
857.475215
857.715898
857.908881
858.053872
858.150655
858.199082
858.199082
858.150655
858.053872
857.908881
857.715898
857.475215
857.187193
856.852266
856.470940
856.043787
856.018782
856.445564
856.826561
857.161197
857.448969
857.689444
857.882260
858.027126
858.123824
858.172210
858.172210
858.123824
858.027126
857.882260
857.689444
857.448969
857.161197
856.826561
856.445564
856.018782
855.993799
856.420211
856.800877
857.135224
857.422747
857.663014
857.855662
858.000403
858.097017
858.145361
858.145361
858.097017
858.000403
857.855662
857.663014
857.422747
857.135224
856.800877
856.420211
855.993799
855.968837
856.394880
856.775216
857.109273
857.396547
857.636606
857.829087
857.973702
858.070234
858.118535
858.118535
858.070234
857.973702
857.829087
857.636606
857.396547
857.109273
856.775216
856.394880
855.968837
855.943897
856.369571
856.749578
857.083345
857.370370
857.610221
857.802536
857.947026
858.043473
858.091733
858.091733
858.043473
857.947026
857.802536
857.610221
857.370370
857.083345
856.749578
856.369571
855.943897
855.918979
856.344284
856.723961
857.057440
857.344216
857.583859
857.776007
857.920372
858.016736
858.064954
858.064954
858.016736
857.920372
857.776007
857.583859
857.344216
857.057440
856.723961
856.344284
855.918979
855.894083
856.319019
856.698367
857.031557
857.318085
857.557520
857.749502
857.893742
857.990022
858.038199
858.038199
857.990022
857.893742
857.749502
857.557520
857.318085
857.031557
856.698367
856.319019
855.894083
855.869208
856.293776
856.672796
857.005696
857.291976
857.531204
857.723020
857.867135
857.963332
858.011466
858.011466
857.963332
857.867135
857.723020
857.531204
857.291976
857.005696
856.672796
856.293776
855.869208
855.844354
856.268554
856.647246
856.979859
857.265890
857.504911
857.696561
857.840551
857.936664
857.984757
857.984757
857.936664
857.840551
857.696561
857.504911
857.265890
856.979859
856.647246
856.268554
855.844354
855.819523
856.243355
856.621719
856.954043
857.239827
857.478641
857.670124
857.813990
857.910020
857.958072
857.958072
857.910020
857.813990
857.670124
857.478641
857.239827
856.954043
856.621719
856.243355
855.819523
855.794713
856.218178
856.596214
856.928250
857.213787
857.452394
857.643711
857.787452
857.883399
857.931409
857.931409
857.883399
857.787452
857.643711
857.452394
857.213787
856.928250
856.596214
856.218178
855.794713
855.769924
856.193023
856.570731
856.902480
857.187769
857.426169
857.617321
857.760937
857.856802
857.904770
857.904770
857.856802
857.760937
857.617321
857.426169
857.187769
856.902480
856.570731
856.193023
855.769924
855.745157
856.167889
856.545270
856.876732
857.161774
857.399967
857.590954
857.734446
857.830227
857.878154
857.878154
857.830227
857.734446
857.590954
857.399967
857.161774
856.876732
856.545270
856.167889
855.745157
855.720412
856.142778
856.519832
856.851006
857.135801
857.373789
857.564610
857.707977
857.803676
857.851561
857.851561
857.803676
857.707977
857.564610
857.373789
857.135801
856.851006
856.519832
856.142778
855.720412
855.695688
856.117688
856.494415
856.825303
857.109851
857.347633
857.538288
857.681532
857.777147
857.824991
857.824991
857.777147
857.681532
857.538288
857.347633
857.109851
856.825303
856.494415
856.117688
855.695688
855.670986
856.092620
856.469021
856.799622
857.083924
857.321499
857.511990
857.655109
857.750642
857.798444
857.798444
857.750642
857.655109
857.511990
857.321499
857.083924
856.799622
856.469021
856.092620
855.670986
855.646305
856.067574
856.443649
856.773963
857.058019
857.295389
857.485715
857.628710
857.724160
857.771921
857.771921
857.724160
857.628710
857.485715
857.295389
857.058019
856.773963
856.443649
856.067574
855.646305
855.621646
856.042550
856.418299
856.748327
857.032137
857.269301
857.459462
857.602334
857.697701
857.745420
857.745420
857.697701
857.602334
857.459462
857.269301
857.032137
856.748327
856.418299
856.042550
855.621646
855.597008
856.017547
856.392971
856.722713
857.006277
857.243236
857.433232
857.575980
857.671265
857.718943
857.718943
857.671265
857.575980
857.433232
857.243236
857.006277
856.722713
856.392971
856.017547
855.597008
855.572391
855.992566
856.367665
856.697122
856.980440
857.217194
857.407025
857.549650
857.644852
857.692489
857.692489
857.644852
857.549650
857.407025
857.217194
856.980440
856.697122
856.367665
855.992566
855.572391
855.547796
855.967607
856.342381
856.671552
856.954626
857.191174
857.380841
857.523342
857.618462
857.666057
857.666057
857.618462
857.523342
857.380841
857.191174
856.954626
856.671552
856.342381
855.967607
855.547796
855.523223
855.942670
856.317119
856.646005
856.928833
857.165177
857.354680
857.497057
857.592095
857.639649
857.639649
857.592095
857.497057
857.354680
857.165177
856.928833
856.646005
856.317119
855.942670
855.523223
855.498670
855.917754
856.291879
856.620481
856.903064
857.139202
857.328541
857.470795
857.565751
857.613264
857.613264
857.565751
857.470795
857.328541
857.139202
856.903064
856.620481
856.291879
855.917754
855.498670
855.474139
855.892860
856.266661
856.594978
856.877316
857.113251
857.302426
857.444556
857.539429
857.586902
857.586902
857.539429
857.444556
857.302426
857.113251
856.877316
856.594978
856.266661
855.892860
855.474139
855.449630
855.867988
856.241465
856.569497
856.851591
857.087321
857.276332
857.418340
857.513131
857.560562
857.560562
857.513131
857.418340
857.276332
857.087321
856.851591
856.569497
856.241465
855.867988
855.449630
855.425141
855.843137
856.216291
856.544039
856.825889
857.061415
857.250262
857.392147
857.486856
857.534246
857.534246
857.486856
857.392147
857.250262
857.061415
856.825889
856.544039
856.216291
855.843137
855.425141
855.400674
855.818308
856.191138
856.518603
856.800209
857.035530
857.224214
857.365976
857.460603
857.507952
857.507952
857.460603
857.365976
857.224214
857.035530
856.800209
856.518603
856.191138
855.818308
855.400674
855.376229
855.793501
856.166008
856.493189
856.774551
857.009669
857.198189
857.339829
857.434374
857.481681
857.481681
857.434374
857.339829
857.198189
857.009669
856.774551
856.493189
856.166008
855.793501
855.376229
855.351804
855.768715
856.140899
856.467797
856.748915
856.983830
857.172187
857.313704
857.408167
857.455434
857.455434
857.408167
857.313704
857.172187
856.983830
856.748915
856.467797
856.140899
855.768715
855.351804
855.327401
855.743950
856.115813
856.442427
856.723302
856.958013
857.146207
857.287602
857.381983
857.429209
857.429209
857.381983
857.287602
857.146207
856.958013
856.723302
856.442427
856.115813
855.743950
855.327401
855.303019
855.719208
856.090748
856.417080
856.697711
856.932219
857.120250
857.261522
857.355821
857.403007
857.403007
857.355821
857.261522
857.120250
856.932219
856.697711
856.417080
856.090748
855.719208
855.303019
855.278658
855.694486
856.065705
856.391754
856.672142
856.906447
857.094316
857.235465
857.329683
857.376827
857.376827
857.329683
857.235465
857.094316
856.906447
856.672142
856.391754
856.065705
855.694486
855.278658
855.254319
855.669787
856.040684
856.366450
856.646596
856.880698
857.068404
857.209431
857.303567
857.350671
857.350671
857.303567
857.209431
857.068404
856.880698
856.646596
856.366450
856.040684
855.669787
855.254319
855.230000
855.645108
856.015684
856.341169
856.621072
856.854971
857.042514
857.183420
857.277474
857.324537
857.324537
857.277474
857.183420
857.042514
856.854971
856.621072
856.341169
856.015684
855.645108
855.230000
855.205703
855.620451
855.990706
856.315909
856.595570
856.829267
857.016648
857.157431
857.251404
857.298426
857.298426
857.251404
857.157431
857.016648
856.829267
856.595570
856.315909
855.990706
855.620451
855.205703
855.181427
855.595816
855.965750
856.290672
856.570090
856.803584
856.990803
857.131465
857.225356
857.272338
857.272338
857.225356
857.131465
856.990803
856.803584
856.570090
856.290672
855.965750
855.595816
855.181427
855.157172
855.571202
855.940816
856.265456
856.544632
856.777925
856.964981
857.105521
857.199332
857.246272
857.246272
857.199332
857.105521
856.964981
856.777925
856.544632
856.265456
855.940816
855.571202
855.157172
855.132938
855.546609
855.915903
856.240262
856.519197
856.752287
856.939182
857.079600
857.173329
857.220229
857.220229
857.173329
857.079600
856.939182
856.752287
856.519197
856.240262
855.915903
855.546609
855.132938
855.108725
855.522038
855.891012
856.215090
856.493784
856.726672
856.913405
857.053701
857.147350
857.194209
857.194209
857.147350
857.053701
856.913405
856.726672
856.493784
856.215090
855.891012
855.522038
855.108725
855.084533
855.497489
855.866143
856.189940
856.468392
856.701079
856.887651
857.027825
857.121393
857.168211
857.168211
857.121393
857.027825
856.887651
856.701079
856.468392
856.189940
855.866143
855.497489
855.084533
855.060362
855.472960
855.841295
856.164812
856.443023
856.675509
856.861918
857.001972
857.095458
857.142237
857.142237
857.095458
857.001972
856.861918
856.675509
856.443023
856.164812
855.841295
855.472960
855.060362
855.036212
855.448453
855.816469
856.139706
856.417676
856.649960
856.836209
856.976141
857.069546
857.116284
857.116284
857.069546
856.976141
856.836209
856.649960
856.417676
856.139706
855.816469
855.448453
855.036212
855.012083
855.423967
855.791665
856.114622
856.392351
856.624434
856.810521
856.950333
857.043657
857.090354
857.090354
857.043657
856.950333
856.810521
856.624434
856.392351
856.114622
855.791665
855.423967
855.012083
854.987976
855.399503
855.766882
856.089559
856.367048
856.598930
856.784856
856.924547
857.017790
857.064447
857.064447
857.017790
856.924547
856.784856
856.598930
856.367048
856.089559
855.766882
855.399503
854.987976
854.963889
855.375059
855.742121
856.064519
856.341767
856.573449
856.759214
856.898783
856.991946
857.038563
857.038563
856.991946
856.898783
856.759214
856.573449
856.341767
856.064519
855.742121
855.375059
854.963889
854.939823
855.350637
855.717381
856.039500
856.316508
856.547989
856.733593
856.873042
856.966124
857.012700
857.012700
856.966124
856.873042
856.733593
856.547989
856.316508
856.039500
855.717381
855.350637
854.939823
854.915778
855.326237
855.692662
856.014502
856.291271
856.522552
856.707995
856.847323
856.940325
856.986861
856.986861
856.940325
856.847323
856.707995
856.522552
856.291271
856.014502
855.692662
855.326237
854.915778
854.891754
855.301857
855.667966
855.989527
856.266056
856.497136
856.682420
856.821627
856.914548
856.961044
856.961044
856.914548
856.821627
856.682420
856.497136
856.266056
855.989527
855.667966
855.301857
854.891754
854.867751
855.277499
855.643290
855.964573
856.240863
856.471743
856.656866
856.795953
856.888793
856.935249
856.935249
856.888793
856.795953
856.656866
856.471743
856.240863
855.964573
855.643290
855.277499
854.867751
854.843768
855.253162
855.618636
855.939641
856.215692
856.446372
856.631335
856.770301
856.863061
856.909477
856.909477
856.863061
856.770301
856.631335
856.446372
856.215692
855.939641
855.618636
855.253162
854.843768
854.819807
855.228846
855.594004
855.914731
856.190543
856.421023
856.605826
856.744672
856.837352
856.883727
856.883727
856.837352
856.744672
856.605826
856.421023
856.190543
855.914731
855.594004
855.228846
854.819807
854.795866
855.204551
855.569393
855.889842
856.165415
856.395696
856.580339
856.719065
856.811664
856.857999
856.857999
856.811664
856.719065
856.580339
856.395696
856.165415
855.889842
855.569393
855.204551
854.795866
854.771946
855.180277
855.544803
855.864975
856.140310
856.370391
856.554874
856.693480
856.786000
856.832294
856.832294
856.786000
856.693480
856.554874
856.370391
856.140310
855.864975
855.544803
855.180277
854.771946
854.748047
855.156024
855.520235
855.840130
856.115226
856.345109
856.529432
856.667917
856.760357
856.806612
856.806612
856.760357
856.667917
856.529432
856.345109
856.115226
855.840130
855.520235
855.156024
854.748047
854.724169
855.131793
855.495688
855.815306
856.090164
856.319848
856.504011
856.642377
856.734737
856.780951
856.780951
856.734737
856.642377
856.504011
856.319848
856.090164
855.815306
855.495688
855.131793
854.724169
854.700311
855.107582
855.471163
855.790504
856.065124
856.294609
856.478613
856.616859
856.709139
856.755313
856.755313
856.709139
856.616859
856.478613
856.294609
856.065124
855.790504
855.471163
855.107582
854.700311
854.676474
855.083393
855.446659
855.765723
856.040105
856.269392
856.453237
856.591363
856.683563
856.729698
856.729698
856.683563
856.591363
856.453237
856.269392
856.040105
855.765723
855.446659
855.083393
854.676474
854.652658
855.059225
855.422176
855.740964
856.015109
856.244197
856.427882
856.565889
856.658009
856.704104
856.704104
856.658009
856.565889
856.427882
856.244197
856.015109
855.740964
855.422176
855.059225
854.652658
854.628863
855.035077
855.397714
855.716227
855.990134
856.219024
856.402550
856.540438
856.632478
856.678533
856.678533
856.632478
856.540438
856.402550
856.219024
855.990134
855.716227
855.397714
855.035077
854.628863
854.605088
855.010951
855.373274
855.691510
855.965181
856.193872
856.377240
856.515008
856.606969
856.652984
856.652984
856.606969
856.515008
856.377240
856.193872
855.965181
855.691510
855.373274
855.010951
854.605088
854.581334
854.986845
855.348855
855.666816
855.940249
856.168743
856.351952
856.489601
856.581482
856.627457
856.627457
856.581482
856.489601
856.351952
856.168743
855.940249
855.666816
855.348855
854.986845
854.581334
854.557601
854.962761
855.324457
855.642143
855.915340
856.143635
856.326686
856.464216
856.556018
856.601953
856.601953
856.556018
856.464216
856.326686
856.143635
855.915340
855.642143
855.324457
854.962761
854.557601
854.533888
854.938697
855.300080
855.617491
855.890452
856.118550
856.301442
856.438853
856.530575
856.576471
856.576471
856.530575
856.438853
856.301442
856.118550
855.890452
855.617491
855.300080
854.938697
854.533888
854.510196
854.914655
855.275725
855.592861
855.865585
856.093486
856.276220
856.413512
856.505155
856.551011
856.551011
856.505155
856.413512
856.276220
856.093486
855.865585
855.592861
855.275725
854.914655
854.510196
854.486524
854.890633
855.251391
855.568252
855.840740
856.068444
856.251020
856.388193
856.479756
856.525573
856.525573
856.479756
856.388193
856.251020
856.068444
855.840740
855.568252
855.251391
854.890633
854.486524
854.462873
854.866632
855.227077
855.543665
855.815917
856.043424
856.225841
856.362896
856.454380
856.500157
856.500157
856.454380
856.362896
856.225841
856.043424
855.815917
855.543665
855.227077
854.866632
854.462873
854.439243
854.842652
855.202785
855.519099
855.791116
856.018425
856.200685
856.337621
856.429026
856.474763
856.474763
856.429026
856.337621
856.200685
856.018425
855.791116
855.519099
855.202785
854.842652
854.439243
854.415633
854.818693
855.178515
855.494554
855.766335
855.993448
856.175551
856.312368
856.403694
856.449391
856.449391
856.403694
856.312368
856.175551
855.993448
855.766335
855.494554
855.178515
854.818693
854.415633
854.392044
854.794755
855.154265
855.470031
855.741577
855.968493
856.150438
856.287137
856.378384
856.424042
856.424042
856.378384
856.287137
856.150438
855.968493
855.741577
855.470031
855.154265
854.794755
854.392044
854.368475
854.770837
855.130036
855.445529
855.716840
855.943560
856.125347
856.261928
856.353096
856.398714
856.398714
856.353096
856.261928
856.125347
855.943560
855.716840
855.445529
855.130036
854.770837
854.368475
854.344926
854.746941
855.105829
855.421048
855.692124
855.918648
856.100278
856.236740
856.327830
856.373409
856.373409
856.327830
856.236740
856.100278
855.918648
855.692124
855.421048
855.105829
854.746941
854.344926
854.321399
854.723065
855.081642
855.396589
855.667430
855.893758
856.075231
856.211575
856.302586
856.348125
856.348125
856.302586
856.211575
856.075231
855.893758
855.667430
855.396589
855.081642
854.723065
854.321399
854.297891
854.699210
855.057476
855.372151
855.642758
855.868890
856.050206
856.186432
856.277364
856.322864
856.322864
856.277364
856.186432
856.050206
855.868890
855.642758
855.372151
855.057476
854.699210
854.297891
854.274404
854.675375
855.033332
855.347734
855.618107
855.844043
856.025202
856.161310
856.252163
856.297624
856.297624
856.252163
856.161310
856.025202
855.844043
855.618107
855.347734
855.033332
854.675375
854.274404
854.250937
854.651561
855.009208
855.323338
855.593477
855.819218
856.000220
856.136211
856.226985
856.272407
856.272407
856.226985
856.136211
856.000220
855.819218
855.593477
855.323338
855.009208
854.651561
854.250937
853.743148
854.516354
854.959473
855.293066
855.567512
855.794102
855.975188
856.111116
856.201825
856.247210
856.247210
856.201825
856.111116
855.975188
855.794102
855.567512
855.293066
854.959473
854.516354
853.743148
853.448844
854.330599
854.875195
855.249587
855.537310
855.767749
855.949824
856.085947
856.176661
856.222027
856.222027
856.176661
856.085947
855.949824
855.767749
855.537310
855.249587
854.875195
854.330599
853.448844
853.228668
854.154484
854.770931
855.191693
855.500460
855.738862
855.923600
856.060517
856.151429
856.196832
856.196832
856.151429
856.060517
855.923600
855.738862
855.500460
855.191693
854.770931
854.154484
853.228668
853.044319
853.993339
854.659574
855.122752
855.456331
855.706404
855.895892
856.034535
856.126012
856.171571
856.171571
856.126012
856.034535
855.895892
855.706404
855.456331
855.122752
854.659574
853.993339
853.044319
852.881614
853.845005
854.547158
855.046653
855.405653
855.669913
855.866166
856.007672
856.100240
856.146149
856.146149
856.100240
856.007672
855.866166
855.669913
855.405653
855.046653
854.547158
853.845005
852.881614
852.733800
853.706980
854.436199
854.966315
855.349669
855.629430
855.834088
855.979620
856.073912
856.120431
856.120431
856.073912
855.979620
855.834088
855.629430
855.349669
854.966315
854.436199
853.706980
852.733800
852.597052
853.577307
854.327678
854.883668
855.289621
855.585303
855.799535
855.950142
856.046824
856.094257
856.094257
856.046824
855.950142
855.799535
855.585303
855.289621
854.883668
854.327678
853.577307
852.597052
852.468956
853.454527
854.221908
854.799944
855.226560
855.538002
855.762539
855.919086
856.018793
856.067454
856.067454
856.018793
855.919086
855.762539
855.538002
855.226560
854.799944
854.221908
853.454527
852.468956
852.347865
853.337541
854.118917
854.715923
855.161319
855.488016
855.723231
855.886374
855.989664
856.039853
856.039853
855.989664
855.886374
855.723231
855.488016
855.161319
854.715923
854.118917
853.337541
852.347865
852.232598
853.225506
854.018608
854.632095
855.094533
855.435800
855.681795
855.851991
855.959321
856.011301
856.011301
855.959321
855.851991
855.681795
855.435800
855.094533
854.632095
854.018608
853.225506
852.232598
852.122274
853.117761
853.920834
854.548768
855.026686
855.381749
855.638436
855.815962
855.927680
855.981670
855.981670
855.927680
855.815962
855.638436
855.381749
855.026686
854.548768
853.920834
853.117761
852.122274
852.016213
853.013778
853.825435
854.466132
854.958139
855.326199
855.593352
855.778343
855.894690
855.950859
855.950859
855.894690
855.778343
855.593352
855.326199
854.958139
854.466132
853.825435
853.013778
852.016213
851.913879
852.913127
853.732249
854.384303
854.889163
855.269431
855.546733
855.739204
855.860329
855.918793
855.918793
855.860329
855.739204
855.546733
855.269431
854.889163
854.384303
853.732249
852.913127
851.913879
851.814839
852.815453
853.641122
854.303345
854.819962
855.211674
855.498750
855.698622
855.824592
855.885425
855.885425
855.824592
855.698622
855.498750
855.211674
854.819962
854.303345
853.641122
852.815453
851.814839
851.718737
852.720460
853.551911
854.223288
854.750687
855.153116
855.449553
855.656680
855.787495
855.850730
855.850730
855.787495
855.656680
855.449553
855.153116
854.750687
854.223288
853.551911
852.720460
851.718737
851.625278
852.627895
853.464486
854.144141
854.681451
855.093908
855.399278
855.613458
855.749064
855.814701
855.814701
855.749064
855.613458
855.399278
855.093908
854.681451
854.144141
853.464486
852.627895
851.625278
851.534209
852.537544
853.378723
854.065895
854.612335
855.034175
855.348040
855.569036
855.709335
855.777350
855.777350
855.709335
855.569036
855.348040
855.034175
854.612335
854.065895
853.378723
852.537544
851.534209
851.445319
852.449218
853.294513
853.988535
854.543401
854.974018
855.295939
855.523489
855.668353
855.738697
855.738697
855.668353
855.523489
855.295939
854.974018
854.543401
853.988535
853.294513
852.449218
851.445319
851.358420
852.362754
853.211754
853.912035
854.474691
854.913516
855.243064
855.476888
855.626166
855.698777
855.698777
855.626166
855.476888
855.243064
854.913516
854.474691
853.912035
853.211754
852.362754
851.358420
851.273353
852.278010
853.130351
853.836366
854.406234
854.852737
855.189492
855.429302
855.582824
855.657628
855.657628
855.582824
855.429302
855.189492
854.852737
854.406234
853.836366
853.130351
852.278010
851.273353
851.189974
852.194856
853.050220
853.761499
854.338051
854.791734
855.135289
855.380794
855.538381
855.615294
855.615294
855.538381
855.380794
855.135289
854.791734
854.338051
853.761499
853.050220
852.194856
851.189974
851.108159
852.113179
852.971281
853.687399
854.270152
854.730551
855.080514
855.331424
855.492891
855.571825
855.571825
855.492891
855.331424
855.080514
854.730551
854.270152
853.687399
852.971281
852.113179
851.108159
851.027793
852.032876
852.893461
853.614035
854.202545
854.669223
855.025218
855.281246
855.446407
855.527270
855.527270
855.446407
855.281246
855.025218
854.669223
854.202545
853.614035
852.893461
852.032876
851.027793
850.948777
851.953854
852.816691
853.541372
854.135230
854.607778
854.969447
855.230315
855.398981
855.481681
855.481681
855.398981
855.230315
854.969447
854.607778
854.135230
853.541372
852.816691
851.953854
850.948777
850.871018
851.876029
852.740909
853.469377
854.068206
854.546242
854.913243
855.178678
855.350665
855.435109
855.435109
855.350665
855.178678
854.913243
854.546242
854.068206
853.469377
852.740909
851.876029
850.871018
850.794435
851.799323
852.666057
853.398019
854.001468
854.484634
854.856640
855.126381
855.301509
855.387605
855.387605
855.301509
855.126381
854.856640
854.484634
854.001468
853.398019
852.666057
851.799323
850.794435
850.718950
851.723666
852.592080
853.327266
853.935010
854.422970
854.799673
855.073469
855.251561
855.339219
855.339219
855.251561
855.073469
854.799673
854.422970
853.935010
853.327266
852.592080
851.723666
850.718950
850.644495
851.648993
852.518927
853.257089
853.868826
854.361263
854.742371
855.019980
855.200868
855.290001
855.290001
855.200868
855.019980
854.742371
854.361263
853.868826
853.257089
852.518927
851.648993
850.644495
850.571005
851.575244
852.446551
853.187459
853.802906
854.299525
854.684760
854.965953
855.149473
855.239997
855.239997
855.149473
854.965953
854.684760
854.299525
853.802906
853.187459
852.446551
851.575244
850.571005
850.498422
851.502364
852.374908
853.118347
853.737244
854.237765
854.626866
854.911423
855.097419
855.189254
855.189254
855.097419
854.911423
854.626866
854.237765
853.737244
853.118347
852.374908
851.502364
850.498422
850.426691
851.430301
852.303956
853.049728
853.671828
854.175991
854.568710
854.856424
855.044747
855.137813
855.137813
855.044747
854.856424
854.568710
854.175991
853.671828
853.049728
852.303956
851.430301
850.426691
850.355762
851.359007
852.233657
852.981577
853.606651
854.114210
854.510313
854.800987
854.991494
855.085719
855.085719
854.991494
854.800987
854.510313
854.114210
853.606651
852.981577
852.233657
851.359007
850.355762
850.285588
851.288437
852.163974
852.913869
853.541704
854.052428
854.451695
854.745141
854.937698
855.033010
855.033010
854.937698
854.745141
854.451695
854.052428
853.541704
852.913869
852.163974
851.288437
850.285588
850.216125
851.218551
852.094873
852.846583
853.476977
853.990650
854.392873
854.688913
854.883391
854.979724
854.979724
854.883391
854.688913
854.392873
853.990650
853.476977
852.846583
852.094873
851.218551
850.216125
850.147332
851.149310
852.026323
852.779697
853.412462
853.928880
854.333863
854.632331
854.828608
854.925897
854.925897
854.828608
854.632331
854.333863
853.928880
853.412462
852.779697
852.026323
851.149310
850.147332
850.079172
851.080676
851.958293
852.713190
853.348150
853.867122
854.274680
854.575417
854.773379
854.871563
854.871563
854.773379
854.575417
854.274680
853.867122
853.348150
852.713190
851.958293
851.080676
850.079172
850.011608
851.012617
851.890755
852.647045
853.284033
853.805379
854.215338
854.518196
854.717733
854.816756
854.816756
854.717733
854.518196
854.215338
853.805379
853.284033
852.647045
851.890755
851.012617
850.011608
849.944608
850.945101
851.823684
852.581241
853.220104
853.743655
854.155850
854.460687
854.661698
854.761504
854.761504
854.661698
854.460687
854.155850
853.743655
853.220104
852.581241
851.823684
850.945101
849.944608
849.878141
850.878099
851.757053
852.515764
853.156354
853.681951
854.096229
854.402913
854.605298
854.705838
854.705838
854.605298
854.402913
854.096229
853.681951
853.156354
852.515764
851.757053
850.878099
849.878141
849.812177
850.811581
851.690840
852.450595
853.092777
853.620271
854.036486
854.344891
854.548560
854.649785
854.649785
854.548560
854.344891
854.036486
853.620271
853.092777
852.450595
851.690840
850.811581
849.812177
849.746689
850.745522
851.625024
852.385721
853.029366
853.558615
853.976631
854.286639
854.491506
854.593370
854.593370
854.491506
854.286639
853.976631
853.558615
853.029366
852.385721
851.625024
850.745522
849.746689
849.681652
850.679898
851.559583
852.321127
852.966114
853.496987
853.916674
854.228175
854.434158
854.536617
854.536617
854.434158
854.228175
853.916674
853.496987
852.966114
852.321127
851.559583
850.679898
849.681652
849.617041
850.614686
851.494498
852.256800
852.903015
853.435388
853.856625
854.169513
854.376535
854.479551
854.479551
854.376535
854.169513
853.856625
853.435388
852.903015
852.256800
851.494498
850.614686
849.617041
849.552834
850.549863
851.429751
852.192726
852.840064
853.373819
853.796493
854.110669
854.318659
854.422191
854.422191
854.318659
854.110669
853.796493
853.373819
852.840064
852.192726
851.429751
850.549863
849.552834
849.489010
850.485411
851.365324
852.128894
852.777254
853.312282
853.736285
854.051658
854.260546
854.364559
854.364559
854.260546
854.051658
853.736285
853.312282
852.777254
852.128894
851.365324
850.485411
849.489010
849.425548
850.421308
851.301203
852.065293
852.714581
853.250778
853.676010
853.992491
854.202213
854.306674
854.306674
854.202213
853.992491
853.676010
853.250778
852.714581
852.065293
851.301203
850.421308
849.425548
849.362430
850.357539
851.237371
852.001911
852.652039
853.189309
853.615674
853.933181
854.143678
854.248554
854.248554
854.143678
853.933181
853.615674
853.189309
852.652039
852.001911
851.237371
850.357539
849.362430
849.299639
850.294085
851.173815
851.938740
852.589624
853.127875
853.555284
853.873740
854.084954
854.190215
854.190215
854.084954
853.873740
853.555284
853.127875
852.589624
851.938740
851.173815
850.294085
849.299639
849.237158
850.230932
851.110520
851.875769
852.527332
853.066478
853.494846
853.814179
854.026056
854.131675
854.131675
854.026056
853.814179
853.494846
853.066478
852.527332
851.875769
851.110520
850.230932
849.237158
849.174972
850.168063
851.047476
851.812990
852.465158
853.005118
853.434367
853.754507
853.966999
854.072947
854.072947
853.966999
853.754507
853.434367
853.005118
852.465158
851.812990
851.047476
850.168063
849.174972
849.113065
850.105466
850.984669
851.750394
852.403098
852.943797
853.373852
853.694736
853.907793
854.014047
854.014047
853.907793
853.694736
853.373852
852.943797
852.403098
851.750394
850.984669
850.105466
849.113065
849.051424
850.043127
850.922088
851.687974
852.341149
852.882515
853.313307
853.634873
853.848451
853.954987
853.954987
853.848451
853.634873
853.313307
852.882515
852.341149
851.687974
850.922088
850.043127
849.051424
848.990037
849.981033
850.859724
851.625722
852.279307
852.821272
853.252736
853.574927
853.788985
853.895780
853.895780
853.788985
853.574927
853.252736
852.821272
852.279307
851.625722
850.859724
849.981033
848.990037
848.928890
849.919173
850.797566
851.563631
852.217569
852.760071
853.192143
853.514906
853.729404
853.836437
853.836437
853.729404
853.514906
853.192143
852.760071
852.217569
851.563631
850.797566
849.919173
848.928890
848.867973
849.857536
850.735604
851.501695
852.155931
852.698911
853.131534
853.454818
853.669719
853.776971
853.776971
853.669719
853.454818
853.131534
852.698911
852.155931
851.501695
850.735604
849.857536
848.867973
848.807275
849.796112
850.673831
851.439907
852.094392
852.637793
853.070912
853.394670
853.609939
853.717392
853.717392
853.609939
853.394670
853.070912
852.637793
852.094392
851.439907
850.673831
849.796112
848.807275
848.746786
849.734891
850.612239
851.378262
852.032947
852.576717
853.010281
853.334469
853.550073
853.657708
853.657708
853.550073
853.334469
853.010281
852.576717
852.032947
851.378262
850.612239
849.734891
848.746786
848.686496
849.673864
850.550818
851.316754
851.971595
852.515685
852.949645
853.274220
853.490128
853.597930
853.597930
853.490128
853.274220
852.949645
852.515685
851.971595
851.316754
850.550818
849.673864
848.686496
848.626397
849.613022
850.489563
851.255378
851.910332
852.454696
852.889006
853.213930
853.430113
853.538066
853.538066
853.430113
853.213930
852.889006
852.454696
851.910332
851.255378
850.489563
849.613022
848.626397
848.566479
849.552357
850.428466
851.194129
851.849158
852.393751
852.828370
853.153604
853.370035
853.478125
853.478125
853.370035
853.153604
852.828370
852.393751
851.849158
851.194129
850.428466
849.552357
848.566479
848.506735
849.491862
850.367520
851.133003
851.788069
852.332850
852.767737
853.093247
853.309901
853.418113
853.418113
853.309901
853.093247
852.767737
852.332850
851.788069
851.133003
850.367520
849.491862
848.506735
848.447158
849.431529
850.306721
851.071995
851.727063
852.271995
852.707112
853.032865
853.249717
853.358039
853.358039
853.249717
853.032865
852.707112
852.271995
851.727063
851.071995
850.306721
849.431529
848.447158
848.387740
849.371352
850.246061
851.011102
851.666139
852.211185
852.646496
852.972461
853.189488
853.297910
853.297910
853.189488
852.972461
852.646496
852.211185
851.666139
851.011102
850.246061
849.371352
848.387740
848.328476
849.311325
850.185537
850.950319
851.605295
852.150420
852.585893
852.912041
853.129222
853.237730
853.237730
853.129222
852.912041
852.585893
852.150420
851.605295
850.950319
850.185537
849.311325
848.328476
848.269358
849.251441
850.125142
850.889644
851.544528
852.089702
852.525304
852.851608
853.068923
853.177507
853.177507
853.068923
852.851608
852.525304
852.089702
851.544528
850.889644
850.125142
849.251441
848.269358
848.210381
849.191695
850.064871
850.829072
851.483838
852.029029
852.464731
852.791166
853.008596
853.117247
853.117247
853.008596
852.791166
852.464731
852.029029
851.483838
850.829072
850.064871
849.191695
848.210381
848.151539
849.132081
850.004722
850.768600
851.423223
851.968404
852.404178
852.730719
852.948246
853.056953
853.056953
852.948246
852.730719
852.404178
851.968404
851.423223
850.768600
850.004722
849.132081
848.151539
848.092828
849.072595
849.944688
850.708226
851.362681
851.907825
852.343645
852.670269
852.887877
852.996633
852.996633
852.887877
852.670269
852.343645
851.907825
851.362681
850.708226
849.944688
849.072595
848.092828
848.034242
849.013232
849.884767
850.647946
851.302212
851.847293
852.283135
852.609821
852.827494
852.936289
852.936289
852.827494
852.609821
852.283135
851.847293
851.302212
850.647946
849.884767
849.013232
848.034242
847.975776
848.953988
849.824955
850.587759
851.241813
851.786808
852.222649
852.549377
852.767100
852.875928
852.875928
852.767100
852.549377
852.222649
851.786808
851.241813
850.587759
849.824955
848.953988
847.975776
847.917428
848.894858
849.765247
850.527661
851.181483
851.726371
852.162189
852.488941
852.706699
852.815552
852.815552
852.706699
852.488941
852.162189
851.726371
851.181483
850.527661
849.765247
848.894858
847.917428
847.859191
848.835838
849.705642
850.467650
851.121222
851.665982
852.101757
852.428514
852.646295
852.755165
852.755165
852.646295
852.428514
852.101757
851.665982
851.121222
850.467650
849.705642
848.835838
847.859191
847.801063
848.776926
849.646135
850.407724
851.061029
851.605641
852.041353
852.368098
852.585891
852.694772
852.694772
852.585891
852.368098
852.041353
851.605641
851.061029
850.407724
849.646135
848.776926
847.801063
847.743041
848.718117
849.586723
850.347881
851.000902
851.545347
851.980979
852.307698
852.525490
852.634376
852.634376
852.525490
852.307698
851.980979
851.545347
851.000902
850.347881
849.586723
848.718117
847.743041
847.685119
848.659408
849.527405
850.288119
850.940840
851.485102
851.920636
852.247314
852.465095
852.573980
852.573980
852.465095
852.247314
851.920636
851.485102
850.940840
850.288119
849.527405
848.659408
847.685119
847.627297
848.600796
849.468177
850.228436
850.880842
851.424905
851.860326
852.186949
852.404708
852.513587
852.513587
852.404708
852.186949
851.860326
851.424905
850.880842
850.228436
849.468177
848.600796
847.627297
847.569569
848.542278
849.409037
850.168830
850.820909
851.364757
851.800050
852.126604
852.344332
852.453200
852.453200
852.344332
852.126604
851.800050
851.364757
850.820909
850.168830
849.409037
848.542278
847.569569
847.511935
848.483852
849.349983
850.109300
850.761038
851.304657
851.739808
852.066282
852.283969
852.392822
852.392822
852.283969
852.066282
851.739808
851.304657
850.761038
850.109300
849.349983
848.483852
847.511935
847.454390
848.425515
849.291012
850.049845
850.701229
851.244606
851.679601
852.005983
852.223622
852.332455
852.332455
852.223622
852.005983
851.679601
851.244606
850.701229
850.049845
849.291012
848.425515
847.454390
847.396932
848.367264
849.232123
849.990462
850.641482
851.184604
851.619432
851.945711
852.163293
852.272101
852.272101
852.163293
851.945711
851.619432
851.184604
850.641482
849.990462
849.232123
848.367264
847.396932
847.339560
848.309098
849.173313
849.931150
850.581795
851.124651
851.559299
851.885466
852.102984
852.211763
852.211763
852.102984
851.885466
851.559299
851.124651
850.581795
849.931150
849.173313
848.309098
847.339560
847.282271
848.251013
849.114580
849.871908
850.522169
851.064747
851.499205
851.825249
852.042697
852.151443
852.151443
852.042697
851.825249
851.499205
851.064747
850.522169
849.871908
849.114580
848.251013
847.282271
847.225062
848.193009
849.055924
849.812735
850.462602
851.004892
851.439149
851.765062
851.982432
852.091143
852.091143
851.982432
851.765062
851.439149
851.004892
850.462602
849.812735
849.055924
848.193009
847.225062
847.167932
848.135084
848.997342
849.753630
850.403094
850.945086
851.379133
851.704907
851.922193
852.030865
852.030865
851.922193
851.704907
851.379133
850.945086
850.403094
849.753630
848.997342
848.135084
847.167932
847.110879
848.077234
848.938833
849.694591
850.343644
850.885329
851.319157
851.644784
851.861980
851.970610
851.970610
851.861980
851.644784
851.319157
850.885329
850.343644
849.694591
848.938833
848.077234
847.110879
847.053901
848.019460
848.880396
849.635618
850.284252
850.825622
851.259222
851.584694
851.801795
851.910380
851.910380
851.801795
851.584694
851.259222
850.825622
850.284252
849.635618
848.880396
848.019460
847.053901
846.996997
847.961759
848.822028
849.576709
850.224918
850.765964
851.199329
851.524639
851.741640
851.850177
851.850177
851.741640
851.524639
851.199329
850.765964
850.224918
849.576709
848.822028
847.961759
846.996997
846.940165
847.904129
848.763729
849.517864
850.165640
850.706355
851.139477
851.464619
851.681515
851.790002
851.790002
851.681515
851.464619
851.139477
850.706355
850.165640
849.517864
848.763729
847.904129
846.940165
846.883403
847.846570
848.705498
849.459082
850.106419
850.646796
851.079668
851.404635
851.621422
851.729857
851.729857
851.621422
851.404635
851.079668
850.646796
850.106419
849.459082
848.705498
847.846570
846.883403
846.826710
847.789079
848.647334
849.400362
850.047254
850.587286
851.019901
851.344689
851.561362
851.669742
851.669742
851.561362
851.344689
851.019901
850.587286
850.047254
849.400362
848.647334
847.789079
846.826710
846.770085
847.731657
848.589235
849.341703
849.988145
850.527826
850.960179
851.284780
851.501336
851.609659
851.609659
851.501336
851.284780
850.960179
850.527826
849.988145
849.341703
848.589235
847.731657
846.770085
846.713527
847.674301
848.531200
849.283105
849.929091
850.468415
850.900499
851.224911
851.441345
851.549609
851.549609
851.441345
851.224911
850.900499
850.468415
849.929091
849.283105
848.531200
847.674301
846.713527
846.657035
847.617010
848.473229
849.224566
849.870092
850.409054
850.840864
851.165080
851.381390
851.489593
851.489593
851.381390
851.165080
850.840864
850.409054
849.870092
849.224566
848.473229
847.617010
846.657035
846.600606
847.559784
848.415320
849.166087
849.811148
850.349742
850.781274
851.105290
851.321471
851.429612
851.429612
851.321471
851.105290
850.781274
850.349742
849.811148
849.166087
848.415320
847.559784
846.600606
846.544241
847.502622
848.357473
849.107666
849.752258
850.290480
850.721728
851.045541
851.261590
851.369667
851.369667
851.261590
851.045541
850.721728
850.290480
849.752258
849.107666
848.357473
847.502622
846.544241
846.487939
847.445521
848.299687
849.049304
849.693422
850.231268
850.662227
850.985832
851.201748
851.309759
851.309759
851.201748
850.985832
850.662227
850.231268
849.693422
849.049304
848.299687
847.445521
846.487939
846.431698
847.388483
848.241962
848.990999
849.634640
850.172105
850.602772
850.926166
851.141945
851.249888
851.249888
851.141945
850.926166
850.602772
850.172105
849.634640
848.990999
848.241962
847.388483
846.431698
846.375517
847.331505
848.184295
848.932750
849.575912
850.112992
850.543362
850.866541
851.082181
851.190056
851.190056
851.082181
850.866541
850.543362
850.112992
849.575912
848.932750
848.184295
847.331505
846.375517
846.319397
847.274587
848.126688
848.874559
849.517236
850.053928
850.483999
850.806960
851.022458
851.130263
851.130263
851.022458
850.806960
850.483999
850.053928
849.517236
848.874559
848.126688
847.274587
846.319397
846.263335
847.217729
848.069139
848.816423
849.458614
849.994914
850.424681
850.747421
850.962775
851.070510
851.070510
850.962775
850.747421
850.424681
849.994914
849.458614
848.816423
848.069139
847.217729
846.263335
846.207332
847.160929
848.011647
848.758343
849.400045
849.935949
850.365410
850.687926
850.903134
851.010797
851.010797
850.903134
850.687926
850.365410
849.935949
849.400045
848.758343
848.011647
847.160929
846.207332
846.151386
847.104187
847.954213
848.700318
849.341528
849.877035
850.306186
850.628476
850.843536
850.951125
850.951125
850.843536
850.628476
850.306186
849.877035
849.341528
848.700318
847.954213
847.104187
846.151386
846.095497
847.047502
847.896835
848.642347
849.283063
849.818169
850.247008
850.569069
850.783979
850.891494
850.891494
850.783979
850.569069
850.247008
849.818169
849.283063
848.642347
847.896835
847.047502
846.095497
846.039665
846.990874
847.839513
848.584432
849.224651
849.759353
850.187877
850.509707
850.724466
850.831906
850.831906
850.724466
850.509707
850.187877
849.759353
849.224651
848.584432
847.839513
846.990874
846.039665
845.983888
846.934302
847.782246
848.526570
849.166291
849.700587
850.128794
850.450390
850.664996
850.772360
850.772360
850.664996
850.450390
850.128794
849.700587
849.166291
848.526570
847.782246
846.934302
845.983888
845.928167
846.877786
847.725035
848.468762
849.107982
849.641871
850.069758
850.391119
850.605570
850.712857
850.712857
850.605570
850.391119
850.069758
849.641871
849.107982
848.468762
847.725035
846.877786
845.928167
845.872500
846.821325
847.667878
848.411007
849.049725
849.583203
850.010769
850.331893
850.546187
850.653398
850.653398
850.546187
850.331893
850.010769
849.583203
849.049725
848.411007
847.667878
846.821325
845.872500
845.816888
846.764919
847.610775
848.353306
848.991519
849.524586
849.951827
850.272712
850.486850
850.593982
850.593982
850.486850
850.272712
849.951827
849.524586
848.991519
848.353306
847.610775
846.764919
845.816888
845.761330
846.708566
847.553727
848.295657
848.933365
849.466018
849.892934
850.213578
850.427557
850.534611
850.534611
850.427557
850.213578
849.892934
849.466018
848.933365
848.295657
847.553727
846.708566
845.761330
845.705824
846.652268
847.496732
848.238061
848.875262
849.407499
849.834088
850.154490
850.368309
850.475284
850.475284
850.368309
850.154490
849.834088
849.407499
848.875262
848.238061
847.496732
846.652268
845.705824
845.650372
846.596023
847.439790
848.180517
848.817210
849.349030
849.775290
850.095448
850.309107
850.416002
850.416002
850.309107
850.095448
849.775290
849.349030
848.817210
848.180517
847.439790
846.596023
845.650372
845.594972
846.539831
847.382900
848.123025
848.759209
849.290610
849.716539
850.036453
850.249950
850.356765
850.356765
850.249950
850.036453
849.716539
849.290610
848.759209
848.123025
847.382900
846.539831
845.594972
845.539625
846.483691
847.326064
848.065585
848.701258
849.232240
849.657837
849.977505
850.190839
850.297573
850.297573
850.190839
849.977505
849.657837
849.232240
848.701258
848.065585
847.326064
846.483691
845.539625
845.484329
846.427604
847.269279
848.008197
848.643358
849.173919
849.599183
849.918604
850.131775
850.238427
850.238427
850.131775
849.918604
849.599183
849.173919
848.643358
848.008197
847.269279
846.427604
845.484329
845.429085
846.371569
847.212547
847.950860
848.585509
849.115647
849.540577
849.859750
850.072756
850.179327
850.179327
850.072756
849.859750
849.540577
849.115647
848.585509
847.950860
847.212547
846.371569
845.429085
845.373892
846.315586
847.155866
847.893574
848.527710
849.057425
849.482020
849.800943
850.013784
850.120273
850.120273
850.013784
849.800943
849.482020
849.057425
848.527710
847.893574
847.155866
846.315586
845.373892
845.318750
846.259654
847.099237
847.836340
848.469961
848.999252
849.423510
849.742184
849.954859
850.061265
850.061265
849.954859
849.742184
849.423510
848.999252
848.469961
847.836340
847.099237
846.259654
845.318750
845.263658
846.203773
847.042658
847.779156
848.412263
848.941128
849.365049
849.683471
849.895981
850.002304
850.002304
849.895981
849.683471
849.365049
848.941128
848.412263
847.779156
847.042658
846.203773
845.263658
845.208617
846.147944
846.986131
847.722023
848.354614
848.883053
849.306637
849.624807
849.837149
849.943389
849.943389
849.837149
849.624807
849.306637
848.883053
848.354614
847.722023
846.986131
846.147944
845.208617
845.153626
846.092164
846.929655
847.664940
848.297015
848.825028
849.248272
849.566190
849.778365
849.884521
849.884521
849.778365
849.566190
849.248272
848.825028
848.297015
847.664940
846.929655
846.092164
845.153626
845.098685
846.036436
846.873229
847.607907
848.239467
848.767052
849.189957
849.507621
849.719628
849.825701
849.825701
849.719628
849.507621
849.189957
848.767052
848.239467
847.607907
846.873229
846.036436
845.098685
845.043793
845.980757
846.816853
847.550925
848.181967
848.709125
849.131689
849.449100
849.660939
849.766927
849.766927
849.660939
849.449100
849.131689
848.709125
848.181967
847.550925
846.816853
845.980757
845.043793
844.988951
845.925128
846.760528
847.493993
848.124518
848.651247
849.073471
849.390627
849.602297
849.708201
849.708201
849.602297
849.390627
849.073471
848.651247
848.124518
847.493993
846.760528
845.925128
844.988951
844.934158
845.869549
846.704252
847.437111
848.067118
848.593418
849.015300
849.332202
849.543702
849.649522
849.649522
849.543702
849.332202
849.015300
848.593418
848.067118
847.437111
846.704252
845.869549
844.934158
844.879414
845.814020
846.648027
847.380278
848.009768
848.535638
848.957178
849.273825
849.485155
849.590890
849.590890
849.485155
849.273825
848.957178
848.535638
848.009768
847.380278
846.648027
845.814020
844.879414
844.824719
845.758540
846.591851
847.323495
847.952467
848.477907
848.899105
849.215496
849.426656
849.532307
849.532307
849.426656
849.215496
848.899105
848.477907
847.952467
847.323495
846.591851
845.758540
844.824719
844.770072
845.703109
846.535724
847.266762
847.895215
848.420225
848.841081
849.157215
849.368205
849.473770
849.473770
849.368205
849.157215
848.841081
848.420225
847.895215
847.266762
846.535724
845.703109
844.770072
844.715474
845.647728
846.479647
847.210078
847.838012
848.362592
848.783104
849.098982
849.309802
849.415282
849.415282
849.309802
849.098982
848.783104
848.362592
847.838012
847.210078
846.479647
845.647728
844.715474
844.660924
845.592395
846.423620
847.153443
847.780859
848.305008
848.725177
849.040798
849.251447
849.356842
849.356842
849.251447
849.040798
848.725177
848.305008
847.780859
847.153443
846.423620
845.592395
844.660924
844.606422
845.537111
846.367641
847.096858
847.723755
848.247473
848.667298
848.982662
849.193140
849.298449
849.298449
849.193140
848.982662
848.667298
848.247473
847.723755
847.096858
846.367641
845.537111
844.606422
844.551968
845.481875
846.311711
847.040321
847.666700
848.189986
848.609467
848.924574
849.134881
849.240105
849.240105
849.134881
848.924574
848.609467
848.189986
847.666700
847.040321
846.311711
845.481875
844.551968
844.497562
845.426688
846.255830
846.983834
847.609693
848.132549
848.551686
848.866535
849.076670
849.181808
849.181808
849.076670
848.866535
848.551686
848.132549
847.609693
846.983834
846.255830
845.426688
844.497562
844.443204
845.371549
846.199997
846.927395
847.552736
848.075160
848.493952
848.808543
849.018507
849.123560
849.123560
849.018507
848.808543
848.493952
848.075160
847.552736
846.927395
846.199997
845.371549
844.443204
844.388893
845.316459
846.144214
846.871005
847.495827
848.017820
848.436268
848.750601
848.960393
849.065360
849.065360
848.960393
848.750601
848.436268
848.017820
847.495827
846.871005
846.144214
845.316459
844.388893
844.334630
845.261416
846.088478
846.814664
847.438967
847.960528
848.378631
848.692706
848.902327
849.007207
849.007207
848.902327
848.692706
848.378631
847.960528
847.438967
846.814664
846.088478
845.261416
844.334630
844.280414
845.206422
846.032791
846.758371
847.382156
847.903285
848.321044
848.634860
848.844309
848.949104
848.949104
848.844309
848.634860
848.321044
847.903285
847.382156
846.758371
846.032791
845.206422
844.280414
844.226245
845.151475
845.977153
846.702127
847.325393
847.846091
848.263504
848.577063
848.786339
848.891048
848.891048
848.786339
848.577063
848.263504
847.846091
847.325393
846.702127
845.977153
845.151475
844.226245
844.172123
845.096576
845.921562
846.645932
847.268679
847.788945
848.206014
848.519314
848.728418
848.833041
848.833041
848.728418
848.519314
848.206014
847.788945
847.268679
846.645932
845.921562
845.096576
844.172123
844.118048
845.041725
845.866020
846.589784
847.212014
847.731848
848.148571
848.461613
848.670545
848.775082
848.775082
848.670545
848.461613
848.148571
847.731848
847.212014
846.589784
845.866020
845.041725
844.118048
844.064020
844.986921
845.810525
846.533685
847.155396
847.674799
848.091178
848.403961
848.612720
848.717171
848.717171
848.612720
848.403961
848.091178
847.674799
847.155396
846.533685
845.810525
844.986921
844.064020
844.010039
844.932164
845.755079
846.477634
847.098828
847.617799
848.033832
848.346357
848.554944
848.659309
848.659309
848.554944
848.346357
848.033832
847.617799
847.098828
846.477634
845.755079
844.932164
844.010039
843.956105
844.877455
845.699680
846.421632
847.042307
847.560847
847.976535
848.288801
848.497216
848.601495
848.601495
848.497216
848.288801
847.976535
847.560847
847.042307
846.421632
845.699680
844.877455
843.956105
843.902217
844.822793
845.644329
846.365677
846.985835
847.503943
847.919287
848.231294
848.439536
848.543729
848.543729
848.439536
848.231294
847.919287
847.503943
846.985835
846.365677
845.644329
844.822793
843.902217
843.848375
844.768178
845.589025
846.309770
846.929411
847.447088
847.862086
848.173835
848.381905
848.486012
848.486012
848.381905
848.173835
847.862086
847.447088
846.929411
846.309770
845.589025
844.768178
843.848375
843.794580
844.713611
845.533769
846.253911
846.873035
847.390281
847.804935
848.116425
848.324322
848.428343
848.428343
848.324322
848.116425
847.804935
847.390281
846.873035
846.253911
845.533769
844.713611
843.794580
843.740832
844.659090
845.478561
846.198100
846.816707
847.333522
847.747831
848.059062
848.266788
848.370722
848.370722
848.266788
848.059062
847.747831
847.333522
846.816707
846.198100
845.478561
844.659090
843.740832
843.687129
844.604616
845.423400
846.142337
846.760427
847.276811
847.690776
848.001749
848.209302
848.313150
848.313150
848.209302
848.001749
847.690776
847.276811
846.760427
846.142337
845.423400
844.604616
843.687129
843.633473
844.550189
845.368286
846.086621
846.704195
847.220149
847.633769
847.944483
848.151864
848.255626
848.255626
848.151864
847.944483
847.633769
847.220149
846.704195
846.086621
845.368286
844.550189
843.633473
843.579863
844.495809
845.313219
846.030954
846.648011
847.163534
847.576810
847.887266
848.094474
848.198150
848.198150
848.094474
847.887266
847.576810
847.163534
846.648011
846.030954
845.313219
844.495809
843.579863
843.526299
844.441475
845.258200
845.975333
846.591875
847.106968
847.519899
847.830097
848.037133
848.140723
848.140723
848.037133
847.830097
847.519899
847.106968
846.591875
845.975333
845.258200
844.441475
843.526299
843.472780
844.387188
845.203228
845.919760
846.535787
847.050450
847.463037
847.772976
847.979840
848.083344
848.083344
847.979840
847.772976
847.463037
847.050450
846.535787
845.919760
845.203228
844.387188
843.472780
843.419308
844.332947
845.148303
845.864235
846.479746
846.993980
847.406222
847.715904
847.922596
848.026013
848.026013
847.922596
847.715904
847.406222
846.993980
846.479746
845.864235
845.148303
844.332947
843.419308
843.365881
844.278753
845.093425
845.808757
846.423753
846.937557
847.349456
847.658880
847.865399
847.968731
847.968731
847.865399
847.658880
847.349456
846.937557
846.423753
845.808757
845.093425
844.278753
843.365881
843.312501
844.224605
845.038593
845.753327
846.367808
846.881183
847.292738
847.601903
847.808251
847.911497
847.911497
847.808251
847.601903
847.292738
846.881183
846.367808
845.753327
845.038593
844.224605
843.312501
843.259165
844.170504
844.983809
845.697943
846.311910
846.824856
847.236068
847.544976
847.751151
847.854311
847.854311
847.751151
847.544976
847.236068
846.824856
846.311910
845.697943
844.983809
844.170504
843.259165
843.205876
844.116449
844.929071
845.642607
846.256060
846.768577
847.179446
847.488096
847.694100
847.797173
847.797173
847.694100
847.488096
847.179446
846.768577
846.256060
845.642607
844.929071
844.116449
843.205876
843.152632
844.062440
844.874380
845.587318
846.200258
846.712346
847.122872
847.431264
847.637096
847.740084
847.740084
847.637096
847.431264
847.122872
846.712346
846.200258
845.587318
844.874380
844.062440
843.152632
843.099433
844.008477
844.819736
845.532076
846.144503
846.656163
847.066345
847.374480
847.580141
847.683042
847.683042
847.580141
847.374480
847.066345
846.656163
846.144503
845.532076
844.819736
844.008477
843.099433
843.046280
843.954560
844.765139
845.476882
846.088796
846.600028
847.009867
847.317745
847.523234
847.626049
847.626049
847.523234
847.317745
847.009867
846.600028
846.088796
845.476882
844.765139
843.954560
843.046280
842.993172
843.900689
844.710588
845.421734
846.033135
846.543940
846.953437
847.261057
847.466374
847.569104
847.569104
847.466374
847.261057
846.953437
846.543940
846.033135
845.421734
844.710588
843.900689
842.993172
842.940110
843.846864
844.656083
845.366633
845.977522
846.487899
846.897054
847.204417
847.409563
847.512207
847.512207
847.409563
847.204417
846.897054
846.487899
845.977522
845.366633
844.656083
843.846864
842.940110
842.887093
843.793086
844.601625
845.311579
845.921957
846.431907
846.840719
847.147826
847.352800
847.455359
847.455359
847.352800
847.147826
846.840719
846.431907
845.921957
845.311579
844.601625
843.793086
842.887093
842.834121
843.739353
844.547213
845.256572
845.866439
846.375962
846.784432
847.091282
847.296085
847.398558
847.398558
847.296085
847.091282
846.784432
846.375962
845.866439
845.256572
844.547213
843.739353
842.834121
842.781194
843.685665
844.492848
845.201612
845.810967
846.320064
846.728192
847.034786
847.239418
847.341805
847.341805
847.239418
847.034786
846.728192
846.320064
845.810967
845.201612
844.492848
843.685665
842.781194
842.728312
843.632024
844.438529
845.146699
845.755543
846.264214
846.672001
846.978338
847.182799
847.285101
847.285101
847.182799
846.978338
846.672001
846.264214
845.755543
845.146699
844.438529
843.632024
842.728312
842.675475
843.578428
844.384256
845.091832
845.700167
846.208411
846.615857
846.921937
847.126228
847.228444
847.228444
847.126228
846.921937
846.615857
846.208411
845.700167
845.091832
844.384256
843.578428
842.675475
842.622683
843.524878
844.330030
845.037012
845.644837
846.152655
846.559760
846.865585
847.069704
847.171835
847.171835
847.069704
846.865585
846.559760
846.152655
845.644837
845.037012
844.330030
843.524878
842.622683
842.569936
843.471373
844.275849
844.982239
845.589554
846.096947
846.503711
846.809280
847.013229
847.115274
847.115274
847.013229
846.809280
846.503711
846.096947
845.589554
844.982239
844.275849
843.471373
842.569936
842.517234
843.417914
844.221715
844.927512
845.534318
846.041286
846.447710
846.753023
846.956801
847.058761
847.058761
846.956801
846.753023
846.447710
846.041286
845.534318
844.927512
844.221715
843.417914
842.517234
842.464577
843.364500
844.167627
844.872832
845.479129
845.985673
846.391756
846.696814
846.900421
847.002296
847.002296
846.900421
846.696814
846.391756
845.985673
845.479129
844.872832
844.167627
843.364500
842.464577
842.411965
843.311132
844.113585
844.818198
845.423987
845.930106
846.335849
846.640652
846.844089
846.945878
846.945878
846.844089
846.640652
846.335849
845.930106
845.423987
844.818198
844.113585
843.311132
842.411965
842.359397
843.257809
844.059588
844.763611
845.368892
845.874587
846.279990
846.584538
846.787805
846.889509
846.889509
846.787805
846.584538
846.279990
845.874587
845.368892
844.763611
844.059588
843.257809
842.359397
842.306874
843.204532
844.005638
844.709070
845.313843
845.819115
846.224179
846.528471
846.731568
846.833187
846.833187
846.731568
846.528471
846.224179
845.819115
845.313843
844.709070
844.005638
843.204532
842.306874
842.254396
843.151300
843.951733
844.654575
845.258842
845.763690
846.168414
846.472452
846.675379
846.776913
846.776913
846.675379
846.472452
846.168414
845.763690
845.258842
844.654575
843.951733
843.151300
842.254396
842.201962
843.098113
843.897874
844.600127
845.203887
845.708312
846.112697
846.416480
846.619237
846.720686
846.720686
846.619237
846.416480
846.112697
845.708312
845.203887
844.600127
843.897874
843.098113
842.201962
842.149573
843.044971
843.844061
844.545725
845.148979
845.652981
846.057027
846.360556
846.563143
846.664507
846.664507
846.563143
846.360556
846.057027
845.652981
845.148979
844.545725
843.844061
843.044971
842.149573
842.097228
842.991874
843.790294
844.491369
845.094117
845.597696
846.001405
846.304679
846.507097
846.608376
846.608376
846.507097
846.304679
846.001405
845.597696
845.094117
844.491369
843.790294
842.991874
842.097228
842.044928
842.938823
843.736573
844.437059
845.039302
845.542459
845.945829
846.248850
846.451098
846.552292
846.552292
846.451098
846.248850
845.945829
845.542459
845.039302
844.437059
843.736573
842.938823
842.044928
841.992672
842.885816
843.682897
844.382795
844.984533
845.487269
845.890301
846.193067
846.395146
846.496256
846.496256
846.395146
846.193067
845.890301
845.487269
844.984533
844.382795
843.682897
842.885816
841.992672
841.940460
842.832855
843.629266
844.328578
844.929811
845.432125
845.834820
846.137333
846.339242
846.440267
846.440267
846.339242
846.137333
845.834820
845.432125
844.929811
844.328578
843.629266
842.832855
841.940460
841.888293
842.779938
843.575681
844.274406
844.875135
845.377029
845.779386
846.081645
846.283386
846.384326
846.384326
846.283386
846.081645
845.779386
845.377029
844.875135
844.274406
843.575681
842.779938
841.888293
841.836170
842.727067
843.522142
844.220281
844.820506
845.321979
845.723999
846.026005
846.227576
846.328432
846.328432
846.227576
846.026005
845.723999
845.321979
844.820506
844.220281
843.522142
842.727067
841.836170
841.784091
842.674240
843.468648
844.166201
844.765923
845.266975
845.668658
845.970412
846.171814
846.272586
846.272586
846.171814
845.970412
845.668658
845.266975
844.765923
844.166201
843.468648
842.674240
841.784091
841.732057
842.621458
843.415200
844.112168
844.711387
845.212019
845.613365
845.914865
846.116099
846.216787
846.216787
846.116099
845.914865
845.613365
845.212019
844.711387
844.112168
843.415200
842.621458
841.732057
841.680066
842.568721
843.361796
844.058180
844.656896
845.157109
845.558119
845.859367
846.060432
846.161035
846.161035
846.060432
845.859367
845.558119
845.157109
844.656896
844.058180
843.361796
842.568721
841.680066
841.628120
842.516029
843.308439
844.004238
844.602452
845.102245
845.502919
845.803915
846.004812
846.105330
846.105330
846.004812
845.803915
845.502919
845.102245
844.602452
844.004238
843.308439
842.516029
841.628120
841.576218
842.463381
843.255126
843.950342
844.548054
845.047429
845.447767
845.748510
845.949238
846.049673
846.049673
845.949238
845.748510
845.447767
845.047429
844.548054
843.950342
843.255126
842.463381
841.576218
841.524360
842.410779
843.201859
843.896491
844.493703
844.992658
845.392661
845.693152
845.893712
845.994062
845.994062
845.893712
845.693152
845.392661
844.992658
844.493703
843.896491
843.201859
842.410779
841.524360
841.472545
842.358220
843.148637
843.842686
844.439397
844.937934
845.337602
845.637841
845.838233
845.938499
845.938499
845.838233
845.637841
845.337602
844.937934
844.439397
843.842686
843.148637
842.358220
841.472545
841.420775
842.305707
843.095460
843.788927
844.385137
844.883257
845.282589
845.582577
845.782801
845.882983
845.882983
845.782801
845.582577
845.282589
844.883257
844.385137
843.788927
843.095460
842.305707
841.420775
841.369049
842.253237
843.042328
843.735213
844.330924
844.828626
845.227623
845.527360
845.727416
845.827514
845.827514
845.727416
845.527360
845.227623
844.828626
844.330924
843.735213
843.042328
842.253237
841.369049
841.317366
842.200813
842.989241
843.681545
844.276756
844.774041
845.172704
845.472189
845.672078
845.772093
845.772093
845.672078
845.472189
845.172704
844.774041
844.276756
843.681545
842.989241
842.200813
841.317366
841.265727
842.148432
842.936199
843.627923
844.222635
844.719502
845.117831
845.417065
845.616787
845.716718
845.716718
845.616787
845.417065
845.117831
844.719502
844.222635
843.627923
842.936199
842.148432
841.265727
841.214132
842.096096
842.883202
843.574346
844.168559
844.665010
845.063005
845.361989
845.561543
845.661390
845.661390
845.561543
845.361989
845.063005
844.665010
844.168559
843.574346
842.883202
842.096096
841.214132
841.162581
842.043805
842.830251
843.520814
844.114529
844.610564
845.008226
845.306958
845.506345
845.606109
845.606109
845.506345
845.306958
845.008226
844.610564
844.114529
843.520814
842.830251
842.043805
841.162581
841.111073
841.991558
842.777344
843.467328
844.060545
844.556164
844.953492
845.251975
845.451195
845.550874
845.550874
845.451195
845.251975
844.953492
844.556164
844.060545
843.467328
842.777344
841.991558
841.111073
841.059609
841.939355
842.724481
843.413887
844.006607
844.501810
844.898806
845.197038
845.396091
845.495687
845.495687
845.396091
845.197038
844.898806
844.501810
844.006607
843.413887
842.724481
841.939355
841.059609
841.008189
841.887196
842.671664
843.360492
843.952714
844.447503
844.844165
845.142148
845.341034
845.440546
845.440546
845.341034
845.142148
844.844165
844.447503
843.952714
843.360492
842.671664
841.887196
841.008189
840.956812
841.835082
842.618892
843.307142
843.898867
844.393241
844.789571
845.087304
845.286023
845.385453
845.385453
845.286023
845.087304
844.789571
844.393241
843.898867
843.307142
842.618892
841.835082
840.956812
840.905479
841.783012
842.566164
843.253836
843.845066
844.339025
844.735023
845.032506
845.231060
845.330405
845.330405
845.231060
845.032506
844.735023
844.339025
843.845066
843.253836
842.566164
841.783012
840.905479
840.854189
841.730985
842.513481
843.200577
843.791311
844.284856
844.680522
844.977756
845.176142
845.275405
845.275405
845.176142
844.977756
844.680522
844.284856
843.791311
843.200577
842.513481
841.730985
840.854189
840.802943
841.679003
842.460842
843.147362
843.737601
844.230732
844.626066
844.923051
845.121272
845.220451
845.220451
845.121272
844.923051
844.626066
844.230732
843.737601
843.147362
842.460842
841.679003
840.802943
840.751740
841.627065
842.408248
843.094192
843.683936
844.176654
844.571657
844.868393
845.066447
845.165544
845.165544
845.066447
844.868393
844.571657
844.176654
843.683936
843.094192
842.408248
841.627065
840.751740
840.700580
841.575171
842.355699
843.041068
843.630317
844.122622
844.517294
844.813781
845.011670
845.110683
845.110683
845.011670
844.813781
844.517294
844.122622
843.630317
843.041068
842.355699
841.575171
840.700580
840.649464
841.523321
842.303194
842.987988
843.576744
844.068636
844.462977
844.759216
844.956939
845.055869
845.055869
844.956939
844.759216
844.462977
844.068636
843.576744
842.987988
842.303194
841.523321
840.649464
840.598391
841.471515
842.250734
842.934954
843.523216
844.014696
844.408706
844.704697
844.902254
845.001101
845.001101
844.902254
844.704697
844.408706
844.014696
843.523216
842.934954
842.250734
841.471515
840.598391
840.547361
841.419753
842.198318
842.881964
843.469733
843.960801
844.354481
844.650224
844.847615
844.946380
844.946380
844.847615
844.650224
844.354481
843.960801
843.469733
842.881964
842.198318
841.419753
840.547361
840.496375
841.368035
842.145947
842.829020
843.416295
843.906952
844.300302
844.595797
844.793023
844.891705
844.891705
844.793023
844.595797
844.300302
843.906952
843.416295
842.829020
842.145947
841.368035
840.496375
840.445431
841.316360
842.093620
842.776120
843.362903
843.853148
844.246169
844.541416
844.738477
844.837076
844.837076
844.738477
844.541416
844.246169
843.853148
843.362903
842.776120
842.093620
841.316360
840.445431
840.394531
841.264729
842.041337
842.723265
843.309556
843.799391
844.192082
844.487082
844.683977
844.782494
844.782494
844.683977
844.487082
844.192082
843.799391
843.309556
842.723265
842.041337
841.264729
840.394531
840.343674
841.213142
841.989099
842.670455
843.256255
843.745678
844.138041
844.432793
844.629524
844.727958
844.727958
844.629524
844.432793
844.138041
843.745678
843.256255
842.670455
841.989099
841.213142
840.343674
840.292860
841.161599
841.936904
842.617689
843.202998
843.692012
844.084045
844.378551
844.575117
844.673468
844.673468
844.575117
844.378551
844.084045
843.692012
843.202998
842.617689
841.936904
841.161599
840.292860
840.242089
841.110099
841.884754
842.564968
843.149787
843.638390
844.030095
844.324354
844.520755
844.619025
844.619025
844.520755
844.324354
844.030095
843.638390
843.149787
842.564968
841.884754
841.110099
840.242089
840.191361
841.058643
841.832649
842.512292
843.096620
843.584815
843.976191
844.270204
844.466440
844.564627
844.564627
844.466440
844.270204
843.976191
843.584815
843.096620
842.512292
841.832649
841.058643
840.191361
840.140675
841.007230
841.780587
842.459661
843.043499
843.531284
843.922333
844.216099
844.412171
844.510276
844.510276
844.412171
844.216099
843.922333
843.531284
843.043499
842.459661
841.780587
841.007230
840.140675
840.090033
840.955861
841.728569
842.407074
842.990423
843.477799
843.868520
844.162040
844.357948
844.455970
844.455970
844.357948
844.162040
843.868520
843.477799
842.990423
842.407074
841.728569
840.955861
840.090033
840.039434
840.904535
841.676596
842.354532
842.937392
843.424359
843.814753
844.108027
844.303771
844.401711
844.401711
844.303771
844.108027
843.814753
843.424359
842.937392
842.354532
841.676596
840.904535
840.039434
839.988877
840.853253
841.624666
842.302034
842.884405
843.370965
843.761032
844.054060
844.249640
844.347498
844.347498
844.249640
844.054060
843.761032
843.370965
842.884405
842.302034
841.624666
840.853253
839.988877
839.938363
840.802014
841.572781
842.249580
842.831464
843.317616
843.707356
844.000138
844.195554
844.293330
844.293330
844.195554
844.000138
843.707356
843.317616
842.831464
842.249580
841.572781
840.802014
839.938363
839.887892
840.750819
841.520939
842.197171
842.778567
843.264312
843.653725
843.946262
844.141515
844.239209
844.239209
844.141515
843.946262
843.653725
843.264312
842.778567
842.197171
841.520939
840.750819
839.887892
839.837464
840.699667
841.469141
842.144807
842.725715
843.211053
843.600140
843.892432
844.087521
844.185133
844.185133
844.087521
843.892432
843.600140
843.211053
842.725715
842.144807
841.469141
840.699667
839.837464
839.787078
840.648558
841.417388
842.092487
842.672908
843.157839
843.546600
843.838648
844.033573
844.131104
844.131104
844.033573
843.838648
843.546600
843.157839
842.672908
842.092487
841.417388
840.648558
839.787078
839.736735
840.597493
841.365678
842.040211
842.620146
843.104670
843.493106
843.784908
843.979671
844.077120
844.077120
843.979671
843.784908
843.493106
843.104670
842.620146
842.040211
841.365678
840.597493
839.736735
839.686434
840.546470
841.314011
841.987979
842.567428
843.051547
843.439657
843.731215
843.925814
844.023181
844.023181
843.925814
843.731215
843.439657
843.051547
842.567428
841.987979
841.314011
840.546470
839.686434
839.636176
840.495491
841.262389
841.935792
842.514755
842.998468
843.386253
843.677567
843.872003
843.969289
843.969289
843.872003
843.677567
843.386253
842.998468
842.514755
841.935792
841.262389
840.495491
839.636176
839.585961
840.444555
841.210810
841.883648
842.462127
842.945434
843.332894
843.623964
843.818237
843.915442
843.915442
843.818237
843.623964
843.332894
842.945434
842.462127
841.883648
841.210810
840.444555
839.585961
839.535788
840.393662
841.159275
841.831549
842.409543
842.892446
843.279581
843.570407
843.764518
843.861641
843.861641
843.764518
843.570407
843.279581
842.892446
842.409543
841.831549
841.159275
840.393662
839.535788
839.485657
840.342813
841.107783
841.779494
842.357004
842.839502
843.226313
843.516895
843.710843
843.807885
843.807885
843.710843
843.516895
843.226313
842.839502
842.357004
841.779494
841.107783
840.342813
839.485657
839.435569
840.292006
841.056335
841.727483
842.304509
842.786603
843.173090
843.463429
843.657214
843.754175
843.754175
843.657214
843.463429
843.173090
842.786603
842.304509
841.727483
841.056335
840.292006
839.435569
839.385524
840.241242
841.004931
841.675517
842.252059
842.733749
843.119912
843.410008
843.603631
843.700510
843.700510
843.603631
843.410008
843.119912
842.733749
842.252059
841.675517
841.004931
840.241242
839.385524
839.335520
840.190521
840.953570
841.623594
842.199653
842.680939
843.066779
843.356632
843.550093
843.646891
843.646891
843.550093
843.356632
843.066779
842.680939
842.199653
841.623594
840.953570
840.190521
839.335520
839.285559
840.139843
840.902252
841.571715
842.147291
842.628174
843.013691
843.303301
843.496600
843.593317
843.593317
843.496600
843.303301
843.013691
842.628174
842.147291
841.571715
840.902252
840.139843
839.285559
839.235640
840.089208
840.850978
841.519880
842.094974
842.575454
842.960648
843.250016
843.443153
843.539789
843.539789
843.443153
843.250016
842.960648
842.575454
842.094974
841.519880
840.850978
840.089208
839.235640
839.185763
840.038616
840.799748
841.468089
842.042701
842.522779
842.907650
843.196775
843.389750
843.486306
843.486306
843.389750
843.196775
842.907650
842.522779
842.042701
841.468089
840.799748
840.038616
839.185763
839.135929
839.988067
840.748560
841.416341
841.990472
842.470148
842.854697
843.143580
843.336394
843.432868
843.432868
843.336394
843.143580
842.854697
842.470148
841.990472
841.416341
840.748560
839.988067
839.135929
839.086136
839.937560
840.697416
841.364638
841.938288
842.417562
842.801788
843.090430
843.283082
843.379475
843.379475
843.283082
843.090430
842.801788
842.417562
841.938288
841.364638
840.697416
839.937560
839.086136
839.036386
839.887096
840.646316
841.312978
841.886147
842.365020
842.748925
843.037324
843.229815
843.326128
843.326128
843.229815
843.037324
842.748925
842.365020
841.886147
841.312978
840.646316
839.887096
839.036386
838.986678
839.836675
840.595258
841.261362
841.834051
842.312523
842.696106
842.984264
843.176594
843.272826
843.272826
843.176594
842.984264
842.696106
842.312523
841.834051
841.261362
840.595258
839.836675
838.986678
838.937012
839.786296
840.544244
841.209790
841.781999
842.260070
842.643332
842.931249
843.123417
843.219569
843.219569
843.123417
842.931249
842.643332
842.260070
841.781999
841.209790
840.544244
839.786296
838.937012
838.887387
839.735960
840.493273
841.158261
841.729991
842.207661
842.590603
842.878278
843.070286
843.166357
843.166357
843.070286
842.878278
842.590603
842.207661
841.729991
841.158261
840.493273
839.735960
838.887387
838.837805
839.685667
840.442345
841.106776
841.678027
842.155297
842.537918
842.825353
843.017200
843.113190
843.113190
843.017200
842.825353
842.537918
842.155297
841.678027
841.106776
840.442345
839.685667
838.837805
838.788265
839.635416
840.391460
841.055334
841.626107
842.102978
842.485278
842.772472
842.964158
843.060068
843.060068
842.964158
842.772472
842.485278
842.102978
841.626107
841.055334
840.391460
839.635416
838.788265
838.738766
839.585207
840.340618
841.003936
841.574231
842.050702
842.432682
842.719636
842.911162
843.006992
843.006992
842.911162
842.719636
842.432682
842.050702
841.574231
841.003936
840.340618
839.585207
838.738766
838.689310
839.535041
840.289819
840.952582
841.522399
841.998471
842.380131
842.666845
842.858210
842.953960
842.953960
842.858210
842.666845
842.380131
841.998471
841.522399
840.952582
840.289819
839.535041
838.689310
838.639895
839.484918
840.239063
840.901271
841.470610
841.946284
842.327625
842.614098
842.805303
842.900973
842.900973
842.805303
842.614098
842.327625
841.946284
841.470610
840.901271
840.239063
839.484918
838.639895
838.590522
839.434837
840.188350
840.850003
841.418866
841.894141
842.275162
842.561396
842.752441
842.848031
842.848031
842.752441
842.561396
842.275162
841.894141
841.418866
840.850003
840.188350
839.434837
838.590522
838.541190
839.384798
840.137680
840.798779
841.367165
841.842043
842.222745
842.508739
842.699624
842.795133
842.795133
842.699624
842.508739
842.222745
841.842043
841.367165
840.798779
840.137680
839.384798
838.541190
838.491901
839.334801
840.087053
840.747598
841.315508
841.789988
842.170371
842.456126
842.646851
842.742281
842.742281
842.646851
842.456126
842.170371
841.789988
841.315508
840.747598
840.087053
839.334801
838.491901
838.442653
839.284847
840.036468
840.696460
841.263895
841.737977
842.118042
842.403558
842.594123
842.689473
842.689473
842.594123
842.403558
842.118042
841.737977
841.263895
840.696460
840.036468
839.284847
838.442653
838.393447
839.234935
839.985927
840.645366
841.212325
841.686011
842.065758
842.351034
842.541440
842.636710
842.636710
842.541440
842.351034
842.065758
841.686011
841.212325
840.645366
839.985927
839.234935
838.393447
838.344282
839.185065
839.935428
840.594314
841.160800
841.634088
842.013517
842.298555
842.488802
842.583992
842.583992
842.488802
842.298555
842.013517
841.634088
841.160800
840.594314
839.935428
839.185065
838.344282
838.295158
839.135238
839.884972
840.543306
841.109317
841.582210
841.961321
842.246120
842.436207
842.531318
842.531318
842.436207
842.246120
841.961321
841.582210
841.109317
840.543306
839.884972
839.135238
838.295158
838.246077
839.085452
839.834558
840.492342
841.057878
841.530375
841.909169
842.193729
842.383658
842.478689
842.478689
842.383658
842.193729
841.909169
841.530375
841.057878
840.492342
839.834558
839.085452
838.246077
838.197036
839.035709
839.784187
840.441420
841.006483
841.478584
841.857061
842.141383
842.331153
842.426104
842.426104
842.331153
842.141383
841.857061
841.478584
841.006483
840.441420
839.784187
839.035709
838.197036
838.148038
838.986007
839.733859
840.390541
840.955131
841.426837
841.804997
842.089081
842.278692
842.373564
842.373564
842.278692
842.089081
841.804997
841.426837
840.955131
840.390541
839.733859
838.986007
838.148038
838.099080
838.936348
839.683573
840.339705
840.903823
841.375134
841.752977
842.036824
842.226276
842.321068
842.321068
842.226276
842.036824
841.752977
841.375134
840.903823
840.339705
839.683573
838.936348
838.099080
838.050164
838.886730
839.633330
840.288913
840.852558
841.323474
841.701001
841.984610
842.173904
842.268617
842.268617
842.173904
841.984610
841.701001
841.323474
840.852558
840.288913
839.633330
838.886730
838.050164
838.001289
838.837155
839.583129
840.238163
840.801336
841.271858
841.649070
841.932441
842.121576
842.216210
842.216210
842.121576
841.932441
841.649070
841.271858
840.801336
840.238163
839.583129
838.837155
838.001289
837.952456
838.787621
839.532971
840.187456
840.750158
841.220286
841.597182
841.880316
842.069293
842.163848
842.163848
842.069293
841.880316
841.597182
841.220286
840.750158
840.187456
839.532971
838.787621
837.952456
837.903664
838.738130
839.482855
840.136792
840.699023
841.168758
841.545338
841.828235
842.017054
842.111529
842.111529
842.017054
841.828235
841.545338
841.168758
840.699023
840.136792
839.482855
838.738130
837.903664
837.854913
838.688680
839.432781
840.086171
840.647931
841.117273
841.493538
841.776198
841.964859
842.059255
842.059255
841.964859
841.776198
841.493538
841.117273
840.647931
840.086171
839.432781
838.688680
837.854913
837.806203
838.639271
839.382750
840.035593
840.596883
841.065831
841.441781
841.724206
841.912708
842.007026
842.007026
841.912708
841.724206
841.441781
841.065831
840.596883
840.035593
839.382750
838.639271
837.806203
837.757534
838.589905
839.332761
839.985057
840.545877
841.014433
841.390069
841.672257
841.860602
841.954840
841.954840
841.860602
841.672257
841.390069
841.014433
840.545877
839.985057
839.332761
838.589905
837.757534
837.708907
838.540580
839.282814
839.934565
840.494915
840.963079
841.338400
841.620352
841.808539
841.902699
841.902699
841.808539
841.620352
841.338400
840.963079
840.494915
839.934565
839.282814
838.540580
837.708907
837.660320
838.491297
839.232910
839.884114
840.443996
840.911768
841.286775
841.568491
841.756521
841.850602
841.850602
841.756521
841.568491
841.286775
840.911768
840.443996
839.884114
839.232910
838.491297
837.660320
837.611775
838.442056
839.183048
839.833707
840.393120
840.860500
841.235194
841.516674
841.704546
841.798549
841.798549
841.704546
841.516674
841.235194
840.860500
840.393120
839.833707
839.183048
838.442056
837.611775
837.563270
838.392856
839.133227
839.783342
840.342287
840.809276
841.183656
841.464900
841.652616
841.746539
841.746539
841.652616
841.464900
841.183656
840.809276
840.342287
839.783342
839.133227
838.392856
837.563270
837.514807
838.343698
839.083449
839.733020
840.291497
840.758095
841.132162
841.413171
841.600729
841.694574
841.694574
841.600729
841.413171
841.132162
840.758095
840.291497
839.733020
839.083449
838.343698
837.514807
837.466384
838.294581
839.033713
839.682740
840.240749
840.706958
841.080711
841.361485
841.548887
841.642653
841.642653
841.548887
841.361485
841.080711
840.706958
840.240749
839.682740
839.033713
838.294581
837.466384
837.418003
838.245506
838.984019
839.632503
840.190045
840.655863
841.029304
841.309843
841.497088
841.590776
841.590776
841.497088
841.309843
841.029304
840.655863
840.190045
839.632503
838.984019
838.245506
837.418003
837.369662
838.196473
838.934367
839.582308
840.139384
840.604812
840.977940
841.258245
841.445333
841.538943
841.538943
841.445333
841.258245
840.977940
840.604812
840.139384
839.582308
838.934367
838.196473
837.369662
837.321362
838.147480
838.884757
839.532156
840.088765
840.553804
840.926620
841.206690
841.393622
841.487153
841.487153
841.393622
841.206690
840.926620
840.553804
840.088765
839.532156
838.884757
838.147480
837.321362
837.273103
838.098529
838.835189
839.482046
840.038189
840.502839
840.875343
841.155179
841.341954
841.435407
841.435407
841.341954
841.155179
840.875343
840.502839
840.038189
839.482046
838.835189
838.098529
837.273103
837.224884
838.049620
838.785663
839.431978
839.987656
840.451917
840.824110
841.103711
841.290330
841.383705
841.383705
841.290330
841.103711
840.824110
840.451917
839.987656
839.431978
838.785663
838.049620
837.224884
837.176707
838.000752
838.736179
839.381953
839.937166
840.401039
840.772920
841.052287
841.238750
841.332047
841.332047
841.238750
841.052287
840.772920
840.401039
839.937166
839.381953
838.736179
838.000752
837.176707
837.128569
837.951925
838.686736
839.331970
839.886718
840.350203
840.721773
841.000907
841.187214
841.280433
841.280433
841.187214
841.000907
840.721773
840.350203
839.886718
839.331970
838.686736
837.951925
837.128569
837.080473
837.903139
838.637335
839.282029
839.836314
840.299410
840.670669
840.949570
841.135721
841.228862
841.228862
841.135721
840.949570
840.670669
840.299410
839.836314
839.282029
838.637335
837.903139
837.080473
837.032417
837.854394
838.587976
839.232130
839.785951
840.248660
840.619609
840.898276
841.084272
841.177334
841.177334
841.084272
840.898276
840.619609
840.248660
839.785951
839.232130
838.587976
837.854394
837.032417
836.984402
837.805691
838.538659
839.182274
839.735631
840.197954
840.568592
840.847026
841.032866
841.125851
841.125851
841.032866
840.847026
840.568592
840.197954
839.735631
839.182274
838.538659
837.805691
836.984402
836.936427
837.757029
838.489383
839.132460
839.685354
840.147289
840.517618
840.795819
840.981503
841.074411
841.074411
840.981503
840.795819
840.517618
840.147289
839.685354
839.132460
838.489383
837.757029
836.936427
836.888493
837.708408
838.440149
839.082687
839.635119
840.096668
840.466687
840.744655
840.930184
841.023014
841.023014
840.930184
840.744655
840.466687
840.096668
839.635119
839.082687
838.440149
837.708408
836.888493
836.840599
837.659827
838.390957
839.032957
839.584927
840.046090
840.415799
840.693535
840.878909
840.971661
840.971661
840.878909
840.693535
840.415799
840.046090
839.584927
839.032957
838.390957
837.659827
836.840599
836.792746
837.611288
838.341806
838.983269
839.534777
839.995554
840.364954
840.642458
840.827676
840.920351
840.920351
840.827676
840.642458
840.364954
839.995554
839.534777
838.983269
838.341806
837.611288
836.792746
836.744933
837.562790
838.292696
838.933623
839.484669
839.945061
840.314152
840.591424
840.776488
840.869084
840.869084
840.776488
840.591424
840.314152
839.945061
839.484669
838.933623
838.292696
837.562790
836.744933
836.697160
837.514333
838.243628
838.884019
839.434604
839.894611
840.263393
840.540433
840.725342
840.817861
840.817861
840.725342
840.540433
840.263393
839.894611
839.434604
838.884019
838.243628
837.514333
836.697160
836.649428
837.465917
838.194602
838.834456
839.384581
839.844203
840.212677
840.489485
840.674240
840.766682
840.766682
840.674240
840.489485
840.212677
839.844203
839.384581
838.834456
838.194602
837.465917
836.649428
836.601736
837.417542
838.145617
838.784936
839.334601
839.793838
840.162003
840.438580
840.623180
840.715545
840.715545
840.623180
840.438580
840.162003
839.793838
839.334601
838.784936
838.145617
837.417542
836.601736
836.554084
837.369207
838.096673
838.735457
839.284662
839.743516
840.111373
840.387718
840.572164
840.664452
840.664452
840.572164
840.387718
840.111373
839.743516
839.284662
838.735457
838.096673
837.369207
836.554084
836.506473
837.320913
838.047770
838.686021
839.234766
839.693236
840.060785
840.336900
840.521191
840.613402
840.613402
840.521191
840.336900
840.060785
839.693236
839.234766
838.686021
838.047770
837.320913
836.506473
836.458901
837.272660
837.998909
838.636626
839.184912
839.642998
840.010241
840.286124
840.470262
840.562395
840.562395
840.470262
840.286124
840.010241
839.642998
839.184912
838.636626
837.998909
837.272660
836.458901
836.411370
837.224448
837.950089
838.587272
839.135100
839.592803
839.959738
840.235391
840.419375
840.511431
840.511431
840.419375
840.235391
839.959738
839.592803
839.135100
838.587272
837.950089
837.224448
836.411370
836.363879
837.176277
837.901311
838.537961
839.085330
839.542650
839.909279
840.184701
840.368531
840.460510
840.460510
840.368531
840.184701
839.909279
839.542650
839.085330
838.537961
837.901311
837.176277
836.363879
836.316428
837.128146
837.852573
838.488691
839.035602
839.492540
839.858862
840.134054
840.317730
840.409633
840.409633
840.317730
840.134054
839.858862
839.492540
839.035602
838.488691
837.852573
837.128146
836.316428
836.269017
837.080056
837.803877
838.439462
838.985917
839.442472
839.808488
840.083450
840.266972
840.358798
840.358798
840.266972
840.083450
839.808488
839.442472
838.985917
838.439462
837.803877
837.080056
836.269017
836.221646
837.032006
837.755222
838.390275
838.936273
839.392447
839.758156
840.032888
840.216257
840.308006
840.308006
840.216257
840.032888
839.758156
839.392447
838.936273
838.390275
837.755222
837.032006
836.221646
836.174315
836.983997
837.706608
838.341130
838.886671
839.342463
839.707867
839.982369
840.165585
840.257257
840.257257
840.165585
839.982369
839.707867
839.342463
838.886671
838.341130
837.706608
836.983997
836.174315
836.127024
836.936028
837.658035
838.292026
838.837111
839.292522
839.657620
839.931893
840.114956
840.206551
840.206551
840.114956
839.931893
839.657620
839.292522
838.837111
838.292026
837.658035
836.936028
836.127024
836.079773
836.888100
837.609503
838.242964
838.787593
839.242623
839.607416
839.881460
840.064369
840.155888
840.155888
840.064369
839.881460
839.607416
839.242623
838.787593
838.242964
837.609503
836.888100
836.079773
836.032562
836.840213
837.561011
838.193943
838.738116
839.192766
839.557254
839.831069
840.013826
840.105268
840.105268
840.013826
839.831069
839.557254
839.192766
838.738116
838.193943
837.561011
836.840213
836.032562
835.985390
836.792365
837.512561
838.144963
838.688682
839.142952
839.507135
839.780721
839.963325
840.054691
840.054691
839.963325
839.780721
839.507135
839.142952
838.688682
838.144963
837.512561
836.792365
835.985390
835.938258
836.744558
837.464152
838.096025
838.639289
839.093179
839.457058
839.730415
839.912866
840.004156
840.004156
839.912866
839.730415
839.457058
839.093179
838.639289
838.096025
837.464152
836.744558
835.938258
835.891166
836.696792
837.415784
838.047128
838.589938
839.043448
839.407023
839.680152
839.862450
839.953664
839.953664
839.862450
839.680152
839.407023
839.043448
838.589938
838.047128
837.415784
836.696792
835.891166
835.844114
836.649066
837.367456
837.998273
838.540628
838.993760
839.357031
839.629931
839.812077
839.903214
839.903214
839.812077
839.629931
839.357031
838.993760
838.540628
837.998273
837.367456
836.649066
835.844114
835.797102
836.601380
837.319169
837.949459
838.491361
838.944113
839.307080
839.579752
839.761747
839.852807
839.852807
839.761747
839.579752
839.307080
838.944113
838.491361
837.949459
837.319169
836.601380
835.797102
835.750129
836.553734
837.270923
837.900686
838.442134
838.894509
839.257172
839.529616
839.711458
839.802443
839.802443
839.711458
839.529616
839.257172
838.894509
838.442134
837.900686
837.270923
836.553734
835.750129
835.703195
836.506129
837.222718
837.851954
838.392950
838.844946
839.207306
839.479523
839.661213
839.752122
839.752122
839.661213
839.479523
839.207306
838.844946
838.392950
837.851954
837.222718
836.506129
835.703195
835.656302
836.458563
837.174553
837.803263
838.343807
838.795425
839.157483
839.429472
839.611010
839.701843
839.701843
839.611010
839.429472
839.157483
838.795425
838.343807
837.803263
837.174553
836.458563
835.656302
835.609448
836.411038
837.126429
837.754613
838.294705
838.745946
839.107701
839.379462
839.560849
839.651606
839.651606
839.560849
839.379462
839.107701
838.745946
838.294705
837.754613
837.126429
836.411038
835.609448
835.562633
836.363553
837.078346
837.706004
838.245645
838.696508
839.057961
839.329496
839.510731
839.601412
839.601412
839.510731
839.329496
839.057961
838.696508
838.245645
837.706004
837.078346
836.363553
835.562633
835.515858
836.316108
837.030303
837.657437
838.196626
838.647113
839.008264
839.279571
839.460654
839.551260
839.551260
839.460654
839.279571
839.008264
838.647113
838.196626
837.657437
837.030303
836.316108
835.515858
835.469122
836.268703
836.982301
837.608910
838.147649
838.597759
838.958608
839.229689
839.410621
839.501150
839.501150
839.410621
839.229689
838.958608
838.597759
838.147649
837.608910
836.982301
836.268703
835.469122
835.422426
836.221338
836.934339
837.560425
838.098713
838.548447
838.908994
839.179848
839.360629
839.451083
839.451083
839.360629
839.179848
838.908994
838.548447
838.098713
837.560425
836.934339
836.221338
835.422426
835.375769
836.174013
836.886418
837.511980
838.049818
838.499176
838.859422
839.130050
839.310680
839.401058
839.401058
839.310680
839.130050
838.859422
838.499176
838.049818
837.511980
836.886418
836.174013
835.375769
835.329151
836.126727
836.838537
837.463576
838.000965
838.449947
838.809892
839.080294
839.260773
839.351076
839.351076
839.260773
839.080294
838.809892
838.449947
838.000965
837.463576
836.838537
836.126727
835.329151
835.282573
836.079482
836.790696
837.415213
837.952153
838.400760
838.760404
839.030580
839.210908
839.301135
839.301135
839.210908
839.030580
838.760404
838.400760
837.952153
837.415213
836.790696
836.079482
835.282573
835.236034
836.032277
836.742896
837.366891
837.903382
838.351614
838.710958
838.980908
839.161085
839.251237
839.251237
839.161085
838.980908
838.710958
838.351614
837.903382
837.366891
836.742896
836.032277
835.236034
835.189534
835.985111
836.695137
837.318610
837.854652
838.302510
838.661553
838.931277
839.111304
839.201381
839.201381
839.111304
838.931277
838.661553
838.302510
837.854652
837.318610
836.695137
835.985111
835.189534
835.143073
835.937985
836.647417
837.270369
837.805963
838.253447
838.612190
838.881689
839.061566
839.151567
839.151567
839.061566
838.881689
838.612190
838.253447
837.805963
837.270369
836.647417
835.937985
835.143073
835.096652
835.890899
836.599738
837.222169
837.757316
838.204425
838.562869
838.832143
839.011869
839.101795
839.101795
839.011869
838.832143
838.562869
838.204425
837.757316
837.222169
836.599738
835.890899
835.096652
835.050270
835.843853
836.552099
837.174010
837.708709
838.155445
838.513589
838.782638
838.962214
839.052065
839.052065
838.962214
838.782638
838.513589
838.155445
837.708709
837.174010
836.552099
835.843853
835.050270
835.003927
835.796846
836.504500
837.125891
837.660144
838.106506
838.464351
838.733175
838.912601
839.002377
839.002377
838.912601
838.733175
838.464351
838.106506
837.660144
837.125891
836.504500
835.796846
835.003927
834.957622
835.749879
836.456941
837.077813
837.611619
838.057609
838.415154
838.683754
838.863030
838.952731
838.952731
838.863030
838.683754
838.415154
838.057609
837.611619
837.077813
836.456941
835.749879
834.957622
834.911357
835.702951
836.409423
837.029775
837.563135
838.008752
838.365999
838.634375
838.813501
838.903127
838.903127
838.813501
838.634375
838.365999
838.008752
837.563135
837.029775
836.409423
835.702951
834.911357
834.865131
835.656063
836.361944
836.981778
837.514693
837.959937
838.316886
838.585037
838.764014
838.853565
838.853565
838.764014
838.585037
838.316886
837.959937
837.514693
836.981778
836.361944
835.656063
834.865131
834.818944
835.609215
836.314506
836.933822
837.466291
837.911164
838.267814
838.535741
838.714568
838.804045
838.804045
838.714568
838.535741
838.267814
837.911164
837.466291
836.933822
836.314506
835.609215
834.818944
834.772796
835.562406
836.267107
836.885906
837.417930
837.862431
838.218783
838.486487
838.665164
838.754566
838.754566
838.665164
838.486487
838.218783
837.862431
837.417930
836.885906
836.267107
835.562406
834.772796
834.726687
835.515637
836.219749
836.838030
837.369610
837.813739
838.169794
838.437274
838.615802
838.705129
838.705129
838.615802
838.437274
838.169794
837.813739
837.369610
836.838030
836.219749
835.515637
834.726687
834.680616
835.468907
836.172430
836.790195
837.321331
837.765089
838.120846
838.388102
838.566482
838.655734
838.655734
838.566482
838.388102
838.120846
837.765089
837.321331
836.790195
836.172430
835.468907
834.680616
834.634585
835.422216
836.125152
836.742400
837.273092
837.716480
838.071940
838.338973
838.517203
838.606381
838.606381
838.517203
838.338973
838.071940
837.716480
837.273092
836.742400
836.125152
835.422216
834.634585
834.588592
835.375565
836.077913
836.694646
837.224894
837.667911
838.023074
838.289884
838.467966
838.557069
838.557069
838.467966
838.289884
838.023074
837.667911
837.224894
836.694646
836.077913
835.375565
834.588592
834.542638
835.328953
836.030714
836.646931
837.176737
837.619384
837.974250
838.240837
838.418770
838.507799
838.507799
838.418770
838.240837
837.974250
837.619384
837.176737
836.646931
836.030714
835.328953
834.542638
834.496722
835.282380
835.983555
836.599257
837.128620
837.570897
837.925467
838.191832
838.369616
838.458571
838.458571
838.369616
838.191832
837.925467
837.570897
837.128620
836.599257
835.983555
835.282380
834.496722
834.450846
835.235847
835.936436
836.551624
837.080544
837.522452
837.876726
838.142868
838.320504
838.409384
838.409384
838.320504
838.142868
837.876726
837.522452
837.080544
836.551624
835.936436
835.235847
834.450846
834.405008
835.189353
835.889356
836.504030
837.032508
837.474047
837.828025
838.093945
838.271432
838.360239
838.360239
838.271432
838.093945
837.828025
837.474047
837.032508
836.504030
835.889356
835.189353
834.405008
834.359208
835.142898
835.842316
836.456476
836.984513
837.425683
837.779366
838.045063
838.222403
838.311135
838.311135
838.222403
838.045063
837.779366
837.425683
836.984513
836.456476
835.842316
835.142898
834.359208
834.313448
835.096482
835.795316
836.408963
836.936559
837.377360
837.730747
837.996223
838.173414
838.262072
838.262072
838.173414
837.996223
837.730747
837.377360
836.936559
836.408963
835.795316
835.096482
834.313448
834.267725
835.050105
835.748355
836.361490
836.888645
837.329078
837.682170
837.947424
838.124467
838.213051
838.213051
838.124467
837.947424
837.682170
837.329078
836.888645
836.361490
835.748355
835.050105
834.267725
834.222042
835.003768
835.701434
836.314056
836.840771
837.280837
837.633634
837.898666
838.075561
838.164071
838.164071
838.075561
837.898666
837.633634
837.280837
836.840771
836.314056
835.701434
835.003768
834.222042
834.176396
834.957469
835.654553
836.266663
836.792938
837.232636
837.585138
837.849949
838.026697
838.115133
838.115133
838.026697
837.849949
837.585138
837.232636
836.792938
836.266663
835.654553
834.957469
834.176396
834.130790
834.911210
835.607711
836.219310
836.745145
837.184476
837.536684
837.801274
837.977874
838.066236
838.066236
837.977874
837.801274
837.536684
837.184476
836.745145
836.219310
835.607711
834.911210
834.130790
834.085221
834.864989
835.560908
836.171996
836.697392
837.136356
837.488270
837.752639
837.929092
838.017380
838.017380
837.929092
837.752639
837.488270
837.136356
836.697392
836.171996
835.560908
834.864989
834.085221
834.039691
834.818808
835.514145
836.124723
836.649680
837.088277
837.439897
837.704045
837.880351
837.968565
837.968565
837.880351
837.704045
837.439897
837.088277
836.649680
836.124723
835.514145
834.818808
834.039691
833.994200
834.772665
835.467421
836.077489
836.602008
837.040239
837.391565
837.655493
837.831651
837.919792
837.919792
837.831651
837.655493
837.391565
837.040239
836.602008
836.077489
835.467421
834.772665
833.994200
833.948746
834.726561
835.420737
836.030295
836.554376
836.992241
837.343274
837.606981
837.782992
837.871060
837.871060
837.782992
837.606981
837.343274
836.992241
836.554376
836.030295
835.420737
834.726561
833.948746
833.903331
834.680496
835.374092
835.983141
836.506784
836.944283
837.295023
837.558510
837.734375
837.822368
837.822368
837.734375
837.558510
837.295023
836.944283
836.506784
835.983141
835.374092
834.680496
833.903331
833.857955
834.634470
835.327487
835.936027
836.459232
836.896366
837.246813
837.510081
837.685798
837.773718
837.773718
837.685798
837.510081
837.246813
836.896366
836.459232
835.936027
835.327487
834.634470
833.857955
833.812616
834.588483
835.280920
835.888952
836.411721
836.848490
837.198644
837.461692
837.637262
837.725109
837.725109
837.637262
837.461692
837.198644
836.848490
836.411721
835.888952
835.280920
834.588483
833.812616
833.767316
834.542534
835.234393
835.841917
836.364249
836.800654
837.150516
837.413343
837.588768
837.676541
837.676541
837.588768
837.413343
837.150516
836.800654
836.364249
835.841917
835.234393
834.542534
833.767316
833.722053
834.496624
835.187906
835.794922
836.316818
836.752858
837.102428
837.365036
837.540314
837.628014
837.628014
837.540314
837.365036
837.102428
836.752858
836.316818
835.794922
835.187906
834.496624
833.722053
833.676829
834.450753
835.141457
835.747966
836.269426
836.705102
837.054380
837.316769
837.491901
837.579528
837.579528
837.491901
837.316769
837.054380
836.705102
836.269426
835.747966
835.141457
834.450753
833.676829
833.631643
834.404920
835.095047
835.701050
836.222075
836.657387
837.006373
837.268544
837.443529
837.531083
837.531083
837.443529
837.268544
837.006373
836.657387
836.222075
835.701050
835.095047
834.404920
833.631643
833.586495
834.359126
835.048677
835.654174
836.174763
836.609712
836.958407
837.220358
837.395197
837.482678
837.482678
837.395197
837.220358
836.958407
836.609712
836.174763
835.654174
835.048677
834.359126
833.586495
833.541385
834.313371
835.002345
835.607337
836.127492
836.562077
836.910481
837.172214
837.346907
837.434315
837.434315
837.346907
837.172214
836.910481
836.562077
836.127492
835.607337
835.002345
834.313371
833.541385
833.496314
834.267654
834.956053
835.560539
836.080260
836.514482
836.862595
837.124110
837.298657
837.385992
837.385992
837.298657
837.124110
836.862595
836.514482
836.080260
835.560539
834.956053
834.267654
833.496314
833.451280
834.221976
834.909800
835.513781
836.033068
836.466928
836.814750
837.076046
837.250448
837.337710
837.337710
837.250448
837.076046
836.814750
836.466928
836.033068
835.513781
834.909800
834.221976
833.451280
833.406283
834.176336
834.863585
835.467062
835.985915
836.419413
836.766945
837.028023
837.202279
837.289469
837.289469
837.202279
837.028023
836.766945
836.419413
835.985915
835.467062
834.863585
834.176336
833.406283
833.361325
834.130734
834.817410
835.420383
835.938803
836.371939
836.719181
836.980041
837.154151
837.241268
837.241268
837.154151
836.980041
836.719181
836.371939
835.938803
835.420383
834.817410
834.130734
833.361325
833.316405
834.085171
834.771274
835.373743
835.891730
836.324504
836.671457
836.932099
837.106064
837.193108
837.193108
837.106064
836.932099
836.671457
836.324504
835.891730
835.373743
834.771274
834.085171
833.316405
833.271522
834.039647
834.725176
835.327142
835.844697
836.277110
836.623773
836.884197
837.058017
837.144989
837.144989
837.058017
836.884197
836.623773
836.277110
835.844697
835.327142
834.725176
834.039647
833.271522
833.226678
833.994160
834.679117
835.280581
835.797703
836.229755
836.576129
836.836336
837.010011
837.096910
837.096910
837.010011
836.836336
836.576129
836.229755
835.797703
835.280581
834.679117
833.994160
833.226678
833.181871
833.948712
834.633097
835.234059
835.750749
836.182441
836.528525
836.788515
836.962045
837.048871
837.048871
836.962045
836.788515
836.528525
836.182441
835.750749
835.234059
834.633097
833.948712
833.181871
833.137101
833.903303
834.587116
835.187576
835.703835
836.135166
836.480962
836.740735
836.914120
837.000874
837.000874
836.914120
836.740735
836.480962
836.135166
835.703835
835.187576
834.587116
833.903303
833.137101
833.092370
833.857931
834.541173
835.141132
835.656960
836.087931
836.433438
836.692995
836.866235
836.952916
836.952916
836.866235
836.692995
836.433438
836.087931
835.656960
835.141132
834.541173
833.857931
833.092370
833.047676
833.812598
834.495269
835.094727
835.610125
836.040736
836.385955
836.645295
836.818391
836.905000
836.905000
836.818391
836.645295
836.385955
836.040736
835.610125
835.094727
834.495269
833.812598
833.047676
833.003020
833.767303
834.449404
835.048361
835.563329
835.993581
836.338511
836.597635
836.770586
836.857123
836.857123
836.770586
836.597635
836.338511
835.993581
835.563329
835.048361
834.449404
833.767303
833.003020
832.958401
833.722046
834.403578
835.002035
835.516573
835.946466
836.291108
836.550015
836.722823
836.809287
836.809287
836.722823
836.550015
836.291108
835.946466
835.516573
835.002035
834.403578
833.722046
832.958401
832.913820
833.676827
834.357790
834.955747
835.469856
835.899390
836.243745
836.502436
836.675099
836.761491
836.761491
836.675099
836.502436
836.243745
835.899390
835.469856
834.955747
834.357790
833.676827
832.913820
832.869276
833.631646
834.312040
834.909499
835.423178
835.852354
836.196421
836.454896
836.627415
836.713736
836.713736
836.627415
836.454896
836.196421
835.852354
835.423178
834.909499
834.312040
833.631646
832.869276
832.824770
833.586503
834.266330
834.863289
835.376540
835.805357
836.149138
836.407397
836.579772
836.666020
836.666020
836.579772
836.407397
836.149138
835.805357
835.376540
834.863289
834.266330
833.586503
832.824770
832.780301
833.541398
834.220657
834.817119
835.329941
835.758400
836.101894
836.359938
836.532169
836.618345
836.618345
836.532169
836.359938
836.101894
835.758400
835.329941
834.817119
834.220657
833.541398
832.780301
832.735870
833.496332
834.175023
834.770987
835.283381
835.711483
836.054690
836.312519
836.484606
836.570711
836.570711
836.484606
836.312519
836.054690
835.711483
835.283381
834.770987
834.175023
833.496332
832.735870
832.691476
833.451303
834.129428
834.724894
835.236860
835.664605
836.007526
836.265139
836.437083
836.523116
836.523116
836.437083
836.265139
836.007526
835.664605
835.236860
834.724894
834.129428
833.451303
832.691476
832.647120
833.406312
834.083871
834.678840
835.190379
835.617767
835.960401
836.217800
836.389601
836.475561
836.475561
836.389601
836.217800
835.960401
835.617767
835.190379
834.678840
834.083871
833.406312
832.647120
832.602800
833.361359
834.038352
834.632825
835.143937
835.570968
835.913317
836.170501
836.342158
836.428047
836.428047
836.342158
836.170501
835.913317
835.570968
835.143937
834.632825
834.038352
833.361359
832.602800
832.558519
833.316443
833.992872
834.586848
835.097534
835.524209
835.866272
836.123241
836.294755
836.380572
836.380572
836.294755
836.123241
835.866272
835.524209
835.097534
834.586848
833.992872
833.316443
832.558519
832.514274
833.271566
833.947430
834.540910
835.051170
835.477489
835.819266
836.076021
836.247392
836.333138
836.333138
836.247392
836.076021
835.819266
835.477489
835.051170
834.540910
833.947430
833.271566
832.514274
832.470067
833.226726
833.902026
834.495011
835.004845
835.430808
835.772300
836.028841
836.200069
836.285744
836.285744
836.200069
836.028841
835.772300
835.430808
835.004845
834.495011
833.902026
833.226726
832.470067
832.425896
833.181924
833.856660
834.449151
834.958559
835.384167
835.725374
835.981701
836.152786
836.238389
836.238389
836.152786
835.981701
835.725374
835.384167
834.958559
834.449151
833.856660
833.181924
832.425896
832.381763
833.137160
833.811333
834.403329
834.912312
835.337565
835.678487
835.934600
836.105543
836.191074
836.191074
836.105543
835.934600
835.678487
835.337565
834.912312
834.403329
833.811333
833.137160
832.381763
832.337667
833.092434
833.766044
834.357545
834.866104
835.291002
835.631640
835.887540
836.058340
836.143800
836.143800
836.058340
835.887540
835.631640
835.291002
834.866104
834.357545
833.766044
833.092434
832.337667
832.293609
833.047745
833.720793
834.311801
834.819935
835.244478
835.584833
835.840518
836.011176
836.096565
836.096565
836.011176
835.840518
835.584833
835.244478
834.819935
834.311801
833.720793
833.047745
832.293609
832.249587
833.003094
833.675579
834.266094
834.773805
835.197994
835.538064
835.793537
835.964052
836.049370
836.049370
835.964052
835.793537
835.538064
835.197994
834.773805
834.266094
833.675579
833.003094
832.249587
832.205602
832.958480
833.630405
834.220427
834.727713
835.151549
835.491335
835.746595
835.916968
836.002214
836.002214
835.916968
835.746595
835.491335
835.151549
834.727713
834.220427
833.630405
832.958480
832.205602
832.161654
832.913904
833.585268
834.174797
834.681661
835.105143
835.444646
835.699692
835.869923
835.955099
835.955099
835.869923
835.699692
835.444646
835.105143
834.681661
834.174797
833.585268
832.913904
832.161654
832.117744
832.869365
833.540169
834.129207
834.635647
835.058775
835.397996
835.652830
835.822918
835.908023
835.908023
835.822918
835.652830
835.397996
835.058775
834.635647
834.129207
833.540169
832.869365
832.117744
832.073870
832.824864
833.495108
834.083654
834.589672
835.012448
835.351385
835.606006
835.775953
835.860986
835.860986
835.775953
835.606006
835.351385
835.012448
834.589672
834.083654
833.495108
832.824864
832.073870
832.030033
832.780400
833.450085
834.038140
834.543736
834.966159
835.304813
835.559222
835.729027
835.813990
835.813990
835.729027
835.559222
835.304813
834.966159
834.543736
834.038140
833.450085
832.780400
832.030033
831.986233
832.735974
833.405099
833.992664
834.497838
834.919909
835.258281
835.512478
835.682141
835.767033
835.767033
835.682141
835.512478
835.258281
834.919909
834.497838
833.992664
833.405099
832.735974
831.986233
831.942470
832.691585
833.360152
833.947227
834.451979
834.873698
835.211787
835.465772
835.635294
835.720115
835.720115
835.635294
835.465772
835.211787
834.873698
834.451979
833.947227
833.360152
832.691585
831.942470
831.898743
832.647233
833.315243
833.901827
834.406159
834.827525
835.165333
835.419106
835.588487
835.673237
835.673237
835.588487
835.419106
835.165333
834.827525
834.406159
833.901827
833.315243
832.647233
831.898743
831.855054
832.602919
833.270371
833.856466
834.360377
834.781392
835.118918
835.372480
835.541719
835.626399
835.626399
835.541719
835.372480
835.118918
834.781392
834.360377
833.856466
833.270371
832.602919
831.855054
831.811401
832.558642
833.225537
833.811143
834.314634
834.735298
835.072543
835.325892
835.494991
835.579600
835.579600
835.494991
835.325892
835.072543
834.735298
834.314634
833.811143
833.225537
832.558642
831.811401
831.767785
832.514402
833.180741
833.765859
834.268929
834.689242
835.026206
835.279344
835.448302
835.532840
835.532840
835.448302
835.279344
835.026206
834.689242
834.268929
833.765859
833.180741
832.514402
831.767785
831.724205
832.470200
833.135982
833.720612
834.223263
834.643226
834.979908
835.232836
835.401652
835.486120
835.486120
835.401652
835.232836
834.979908
834.643226
834.223263
833.720612
833.135982
832.470200
831.724205
831.680663
832.426034
833.091261
833.675403
834.177635
834.597247
834.933649
835.186366
835.355042
835.439439
835.439439
835.355042
835.186366
834.933649
834.597247
834.177635
833.675403
833.091261
832.426034
831.680663
831.637156
832.381906
833.046578
833.630233
834.132046
834.551308
834.887429
835.139935
835.308470
835.392797
835.392797
835.308470
835.139935
834.887429
834.551308
834.132046
833.630233
833.046578
832.381906
831.637156
831.593687
832.337815
833.001933
833.585100
834.086495
834.505407
834.841248
835.093544
835.261938
835.346195
835.346195
835.261938
835.093544
834.841248
834.505407
834.086495
833.585100
833.001933
832.337815
831.593687
831.550254
832.293761
832.957325
833.540006
834.040982
834.459545
834.795106
835.047191
835.215446
835.299632
835.299632
835.215446
835.047191
834.795106
834.459545
834.040982
833.540006
832.957325
832.293761
831.550254
831.506857
832.249744
832.912754
833.494949
833.995508
834.413722
834.749003
835.000878
835.168992
835.253108
835.253108
835.168992
835.000878
834.749003
834.413722
833.995508
833.494949
832.912754
832.249744
831.506857
831.463497
832.205764
832.868221
833.449931
833.950071
834.367937
834.702939
834.954604
835.122577
835.206623
835.206623
835.122577
834.954604
834.702939
834.367937
833.950071
833.449931
832.868221
832.205764
831.463497
831.420173
832.161821
832.823725
833.404950
833.904674
834.322191
834.656913
834.908368
835.076202
835.160178
835.160178
835.076202
834.908368
834.656913
834.322191
833.904674
833.404950
832.823725
832.161821
831.420173
831.376886
832.117915
832.779267
833.360007
833.859314
834.276483
834.610926
834.862172
835.029865
835.113771
835.113771
835.029865
834.862172
834.610926
834.276483
833.859314
833.360007
832.779267
832.117915
831.376886
831.333636
832.074046
832.734847
833.315102
833.813992
834.230814
834.564978
834.816014
834.983568
835.067404
835.067404
834.983568
834.816014
834.564978
834.230814
833.813992
833.315102
832.734847
832.074046
831.333636
831.290421
832.030214
832.690463
833.270235
833.768709
834.185183
834.519069
834.769895
834.937310
835.021076
835.021076
834.937310
834.769895
834.519069
834.185183
833.768709
833.270235
832.690463
832.030214
831.290421
831.247243
831.986419
832.646117
833.225405
833.723464
834.139590
834.473198
834.723815
834.891090
834.974787
834.974787
834.891090
834.723815
834.473198
834.139590
833.723464
833.225405
832.646117
831.986419
831.247243
831.204101
831.942660
832.601809
833.180613
833.678257
834.094036
834.427366
834.677774
834.844910
834.928536
834.928536
834.844910
834.677774
834.427366
834.094036
833.678257
833.180613
832.601809
831.942660
831.204101
831.160996
831.898939
832.557537
833.135859
833.633088
834.048521
834.381572
834.631772
834.798768
834.882325
834.882325
834.798768
834.631772
834.381572
834.048521
833.633088
833.135859
832.557537
831.898939
831.160996
831.117926
831.855254
832.513303
833.091143
833.587957
834.003043
834.335817
834.585808
834.752665
834.836152
834.836152
834.752665
834.585808
834.335817
834.003043
833.587957
833.091143
832.513303
831.855254
831.117926
831.074893
831.811606
832.469106
833.046464
833.542863
833.957604
834.290100
834.539883
834.706601
834.790019
834.790019
834.706601
834.539883
834.290100
833.957604
833.542863
833.046464
832.469106
831.811606
831.074893
831.031896
831.767994
832.424946
833.001822
833.497808
833.912203
834.244422
834.493997
834.660576
834.743924
834.743924
834.660576
834.493997
834.244422
833.912203
833.497808
833.001822
832.424946
831.767994
831.031896
830.988936
831.724419
832.380823
832.957219
833.452791
833.866840
834.198782
834.448149
834.614589
834.697868
834.697868
834.614589
834.448149
834.198782
833.866840
833.452791
832.957219
832.380823
831.724419
830.988936
830.946011
831.680881
832.336738
832.912653
833.407812
833.821516
834.153181
834.402340
834.568641
834.651851
834.651851
834.568641
834.402340
834.153181
833.821516
833.407812
832.912653
832.336738
831.680881
830.946011
830.903122
831.637380
832.292689
832.868124
833.362870
833.776229
834.107618
834.356570
834.522732
834.605872
834.605872
834.522732
834.356570
834.107618
833.776229
833.362870
832.868124
832.292689
831.637380
830.903122
830.860270
831.593915
832.248678
832.823633
833.317966
833.730981
834.062094
834.310838
834.476862
834.559932
834.559932
834.476862
834.310838
834.062094
833.730981
833.317966
832.823633
832.248678
831.593915
830.860270
830.817453
831.550486
832.204703
832.779179
833.273100
833.685771
834.016608
834.265144
834.431030
834.514031
834.514031
834.431030
834.265144
834.016608
833.685771
833.273100
832.779179
832.204703
831.550486
830.817453
830.774673
831.507094
832.160766
832.734762
833.228272
833.640599
833.971160
834.219489
834.385237
834.468169
834.468169
834.385237
834.219489
833.971160
833.640599
833.228272
832.734762
832.160766
831.507094
830.774673
830.731928
831.463739
832.116865
832.690383
833.183482
833.595464
833.925750
834.173872
834.339482
834.422345
834.422345
834.339482
834.173872
833.925750
833.595464
833.183482
832.690383
832.116865
831.463739
830.731928
830.689220
831.420420
832.073002
832.646041
833.138729
833.550368
833.880378
834.128294
834.293766
834.376560
834.376560
834.293766
834.128294
833.880378
833.550368
833.138729
832.646041
832.073002
831.420420
830.689220
830.646547
831.377137
832.029175
832.601737
833.094014
833.505310
833.835045
834.082754
834.248088
834.330813
834.330813
834.248088
834.082754
833.835045
833.505310
833.094014
832.601737
832.029175
831.377137
830.646547
830.603910
831.333891
831.985385
832.557470
833.049336
833.460289
833.789750
834.037253
834.202448
834.285105
834.285105
834.202448
834.037253
833.789750
833.460289
833.049336
832.557470
831.985385
831.333891
830.603910
830.561309
831.290681
831.941632
832.513240
833.004696
833.415307
833.744493
833.991789
834.156847
834.239435
834.239435
834.156847
833.991789
833.744493
833.415307
833.004696
832.513240
831.941632
831.290681
830.561309
830.518743
831.247508
831.897916
832.469047
832.960094
833.370362
833.699274
833.946364
834.111285
834.193803
834.193803
834.111285
833.946364
833.699274
833.370362
832.960094
832.469047
831.897916
831.247508
830.518743
830.476214
831.204370
831.854236
832.424891
832.915529
833.325455
833.654093
833.900977
834.065761
834.148210
834.148210
834.065761
833.900977
833.654093
833.325455
832.915529
832.424891
831.854236
831.204370
830.476214
830.433720
831.161269
831.810593
832.380773
832.871001
833.280586
833.608950
833.855629
834.020275
834.102656
834.102656
834.020275
833.855629
833.608950
833.280586
832.871001
832.380773
831.810593
831.161269
830.433720
830.391262
831.118205
831.766987
832.336691
832.826511
833.235755
833.563845
833.810318
833.974827
834.057139
834.057139
833.974827
833.810318
833.563845
833.235755
832.826511
832.336691
831.766987
831.118205
830.391262
830.348840
831.075176
831.723418
832.292647
832.782059
833.190961
833.518778
833.765046
833.929417
834.011661
834.011661
833.929417
833.765046
833.518778
833.190961
832.782059
832.292647
831.723418
831.075176
830.348840
830.306453
831.032184
831.679885
832.248640
832.737643
833.146205
833.473749
833.719811
833.884046
833.966222
833.966222
833.884046
833.719811
833.473749
833.146205
832.737643
832.248640
831.679885
831.032184
830.306453
830.264102
830.989227
831.636389
832.204669
832.693265
833.101487
833.428758
833.674615
833.838713
833.920820
833.920820
833.838713
833.674615
833.428758
833.101487
832.693265
832.204669
831.636389
830.989227
830.264102
830.221786
830.946307
831.592929
832.160736
832.648925
833.056806
833.383804
833.629457
833.793418
833.875457
833.875457
833.793418
833.629457
833.383804
833.056806
832.648925
832.160736
831.592929
830.946307
830.221786
830.179506
830.903423
831.549506
832.116839
832.604622
833.012163
833.338889
833.584337
833.748161
833.830131
833.830131
833.748161
833.584337
833.338889
833.012163
832.604622
832.116839
831.549506
830.903423
830.179506
830.137261
830.860575
831.506119
832.072980
832.560356
832.967558
833.294011
833.539254
833.702943
833.784844
833.784844
833.702943
833.539254
833.294011
832.967558
832.560356
832.072980
831.506119
830.860575
830.137261
830.095052
830.817763
831.462769
832.029157
832.516127
832.922990
833.249171
833.494210
833.657762
833.739595
833.739595
833.657762
833.494210
833.249171
832.922990
832.516127
832.029157
831.462769
830.817763
830.095052
830.052879
830.774987
831.419455
831.985371
832.471935
832.878459
833.204368
833.449204
833.612619
833.694385
833.694385
833.612619
833.449204
833.204368
832.878459
832.471935
831.985371
831.419455
830.774987
830.052879
830.010741
830.732246
831.376178
831.941622
832.427781
832.833966
833.159604
833.404235
833.567514
833.649212
833.649212
833.567514
833.404235
833.159604
832.833966
832.427781
831.941622
831.376178
830.732246
830.010741
829.968638
830.689542
831.332937
831.897910
832.383664
832.789510
833.114877
833.359304
833.522448
833.604077
833.604077
833.522448
833.359304
833.114877
832.789510
832.383664
831.897910
831.332937
830.689542
829.968638
829.926570
830.646874
831.289732
831.854235
832.339583
832.745092
833.070187
833.314411
833.477419
833.558980
833.558980
833.477419
833.314411
833.070187
832.745092
832.339583
831.854235
831.289732
830.646874
829.926570
829.884538
830.604241
831.246564
831.810596
832.295540
832.700711
833.025536
833.269556
833.432428
833.513921
833.513921
833.432428
833.269556
833.025536
832.700711
832.295540
831.810596
831.246564
830.604241
829.884538
829.842541
830.561645
831.203432
831.766994
832.251534
832.656367
832.980921
833.224738
833.387474
833.468900
833.468900
833.387474
833.224738
832.980921
832.656367
832.251534
831.766994
831.203432
830.561645
829.842541
829.800580
830.519084
831.160336
831.723428
832.207565
832.612061
832.936344
833.179959
833.342559
833.423917
833.423917
833.342559
833.179959
832.936344
832.612061
832.207565
831.723428
831.160336
830.519084
829.800580
829.758654
830.476558
831.117276
831.679900
832.163633
832.567791
832.891805
833.135216
833.297681
833.378971
833.378971
833.297681
833.135216
832.891805
832.567791
832.163633
831.679900
831.117276
830.476558
829.758654
829.716763
830.434069
831.074253
831.636407
832.119737
832.523560
832.847303
833.090512
833.252842
833.334064
833.334064
833.252842
833.090512
832.847303
832.523560
832.119737
831.636407
831.074253
830.434069
829.716763
829.674907
830.391615
831.031265
831.592952
832.075879
832.479365
832.802839
833.045845
833.208039
833.289194
833.289194
833.208039
833.045845
832.802839
832.479365
832.075879
831.592952
831.031265
830.391615
829.674907
829.633086
830.349197
830.988314
831.549532
832.032057
832.435207
832.758412
833.001215
833.163275
833.244362
833.244362
833.163275
833.001215
832.758412
832.435207
832.032057
831.549532
830.988314
830.349197
829.633086
829.591300
830.306815
830.945399
831.506150
831.988273
832.391087
832.714022
832.956623
833.118548
833.199567
833.199567
833.118548
832.956623
832.714022
832.391087
831.988273
831.506150
830.945399
830.306815
829.591300
829.549550
830.264468
830.902520
831.462804
831.944525
832.347003
832.669670
832.912069
833.073859
833.154811
833.154811
833.073859
832.912069
832.669670
832.347003
831.944525
831.462804
830.902520
830.264468
829.549550
829.507834
830.222156
830.859677
831.419494
831.900814
832.302957
832.625355
832.867552
833.029207
833.110092
833.110092
833.029207
832.867552
832.625355
832.302957
831.900814
831.419494
830.859677
830.222156
829.507834
829.466154
830.179880
830.816870
831.376220
831.857139
832.258948
832.581077
832.823073
832.984593
833.065410
833.065410
832.984593
832.823073
832.581077
832.258948
831.857139
831.376220
830.816870
830.179880
829.466154
829.424508
830.137640
830.774099
831.332983
831.813502
832.214975
832.536836
832.778630
832.940016
833.020766
833.020766
832.940016
832.778630
832.536836
832.214975
831.813502
831.332983
830.774099
830.137640
829.424508
829.382898
830.095435
830.731364
831.289782
831.769901
832.171040
832.492633
832.734226
832.895477
832.976160
832.976160
832.895477
832.734226
832.492633
832.171040
831.769901
831.289782
830.731364
830.095435
829.382898
829.341322
830.053266
830.688665
831.246618
831.726336
832.127141
832.448467
832.689858
832.850975
832.931591
832.931591
832.850975
832.689858
832.448467
832.127141
831.726336
831.246618
830.688665
830.053266
829.341322
829.299782
830.011132
830.646001
831.203490
831.682809
832.083280
832.404338
832.645528
832.806511
832.887060
832.887060
832.806511
832.645528
832.404338
832.083280
831.682809
831.203490
830.646001
830.011132
829.299782
829.258276
829.969033
830.603374
831.160398
831.639318
832.039455
832.360245
832.601235
832.762084
832.842566
832.842566
832.762084
832.601235
832.360245
832.039455
831.639318
831.160398
830.603374
829.969033
829.258276
829.216805
829.926970
830.560782
831.117342
831.595863
831.995667
832.316190
832.556980
832.717695
832.798109
832.798109
832.717695
832.556980
832.316190
831.995667
831.595863
831.117342
830.560782
829.926970
829.216805
829.175369
829.884942
830.518226
831.074323
831.552445
831.951916
832.272173
832.512761
832.673342
832.753690
832.753690
832.673342
832.512761
832.272173
831.951916
831.552445
831.074323
830.518226
829.884942
829.175369
829.133967
829.842950
830.475706
831.031339
831.509063
831.908202
832.228192
832.468580
832.629027
832.709308
832.709308
832.629027
832.468580
832.228192
831.908202
831.509063
831.031339
830.475706
829.842950
829.133967
829.092601
829.800992
830.433221
830.988392
831.465718
831.864524
832.184248
832.424436
832.584750
832.664963
832.664963
832.584750
832.424436
832.184248
831.864524
831.465718
830.988392
830.433221
829.800992
829.092601
829.051269
829.759070
830.390773
830.945481
831.422409
831.820884
832.140340
832.380329
832.540509
832.620656
832.620656
832.540509
832.380329
832.140340
831.820884
831.422409
830.945481
830.390773
829.759070
829.051269
829.009972
829.717183
830.348359
830.902606
831.379137
831.777279
832.096470
832.336259
832.496306
832.576386
832.576386
832.496306
832.336259
832.096470
831.777279
831.379137
830.902606
830.348359
829.717183
829.009972
828.968709
829.675332
830.305982
830.859766
831.335901
831.733712
832.052637
832.292226
832.452140
832.532153
832.532153
832.452140
832.292226
832.052637
831.733712
831.335901
830.859766
830.305982
829.675332
828.968709
828.927481
829.633515
830.263640
830.816963
831.292701
831.690181
832.008841
832.248230
832.408011
832.487957
832.487957
832.408011
832.248230
832.008841
831.690181
831.292701
830.816963
830.263640
829.633515
828.927481
828.886288
829.591733
830.221334
830.774196
831.249538
831.646687
831.965081
832.204271
832.363919
832.443799
832.443799
832.363919
832.204271
831.965081
831.646687
831.249538
830.774196
830.221334
829.591733
828.886288
828.845129
829.549987
830.179063
830.731465
831.206411
831.603229
831.921358
832.160349
832.319864
832.399678
832.399678
832.319864
832.160349
831.921358
831.603229
831.206411
830.731465
830.179063
829.549987
828.845129
828.804005
829.508276
830.136827
830.688769
831.163320
831.559807
831.877672
832.116464
832.275846
832.355593
832.355593
832.275846
832.116464
831.877672
831.559807
831.163320
830.688769
830.136827
829.508276
828.804005
828.762915
829.466599
830.094627
830.646110
831.120265
831.516423
831.834022
832.072615
832.231865
832.311546
832.311546
832.231865
832.072615
831.834022
831.516423
831.120265
830.646110
830.094627
829.466599
828.762915
828.721860
829.424958
830.052463
830.603486
831.077246
831.473074
831.790410
832.028804
832.187921
832.267536
832.267536
832.187921
832.028804
831.790410
831.473074
831.077246
830.603486
830.052463
829.424958
828.721860
828.680839
829.383351
830.010334
830.560898
831.034264
831.429762
831.746833
831.985029
832.144014
832.223562
832.223562
832.144014
831.985029
831.746833
831.429762
831.034264
830.560898
830.010334
829.383351
828.680839
828.639853
829.341780
829.968240
830.518346
830.991318
831.386487
831.703294
831.941292
832.100144
832.179626
832.179626
832.100144
831.941292
831.703294
831.386487
830.991318
830.518346
829.968240
829.341780
828.639853
828.598901
829.300243
829.926182
830.475829
830.948407
831.343247
831.659791
831.897591
832.056311
832.135727
832.135727
832.056311
831.897591
831.659791
831.343247
830.948407
830.475829
829.926182
829.300243
828.598901
828.557983
829.258741
829.884159
830.433348
830.905533
831.300044
831.616325
831.853926
832.012514
832.091864
832.091864
832.012514
831.853926
831.616325
831.300044
830.905533
830.433348
829.884159
829.258741
828.557983
828.517100
829.217274
829.842171
830.390903
830.862695
831.256878
831.572895
831.810299
831.968754
832.048038
832.048038
831.968754
831.810299
831.572895
831.256878
830.862695
830.390903
829.842171
829.217274
828.517100
828.476251
829.175842
829.800218
830.348494
830.819893
831.213747
831.529501
831.766708
831.925032
832.004250
832.004250
831.925032
831.766708
831.529501
831.213747
830.819893
830.348494
829.800218
829.175842
828.476251
828.435437
829.134445
829.758301
830.306120
830.777126
831.170653
831.486144
831.723153
831.881345
831.960497
831.960497
831.881345
831.723153
831.486144
831.170653
830.777126
830.306120
829.758301
829.134445
828.435437
828.394656
829.093082
829.716419
830.263782
830.734396
831.127595
831.442824
831.679635
831.837696
831.916782
831.916782
831.837696
831.679635
831.442824
831.127595
830.734396
830.263782
829.716419
829.093082
828.394656
828.353910
829.051754
829.674572
830.221479
830.691702
831.084574
831.399540
831.636154
831.794083
831.873104
831.873104
831.794083
831.636154
831.399540
831.084574
830.691702
830.221479
829.674572
829.051754
828.353910
828.313198
829.010461
829.632760
830.179212
830.649043
831.041588
831.356292
831.592709
831.750507
831.829462
831.829462
831.750507
831.592709
831.356292
831.041588
830.649043
830.179212
829.632760
829.010461
828.313198
828.272520
828.969203
829.590983
830.136980
830.606420
830.998638
831.313080
831.549301
831.706968
831.785856
831.785856
831.706968
831.549301
831.313080
830.998638
830.606420
830.136980
829.590983
828.969203
828.272520
828.231876
828.927979
829.549241
830.094784
830.563833
830.955725
831.269905
831.505930
831.663465
831.742288
831.742288
831.663465
831.505930
831.269905
830.955725
830.563833
830.094784
829.549241
828.927979
828.231876
828.191267
828.886789
829.507535
830.052623
830.521282
830.912847
831.226766
831.462594
831.619998
831.698756
831.698756
831.619998
831.462594
831.226766
830.912847
830.521282
830.052623
829.507535
828.886789
828.191267
828.150691
828.845634
829.465863
830.010498
830.478766
830.870006
831.183663
831.419295
831.576568
831.655260
831.655260
831.576568
831.419295
831.183663
830.870006
830.478766
830.010498
829.465863
828.845634
828.150691
828.110149
828.804514
829.424226
829.968408
830.436286
830.827201
831.140597
831.376033
831.533175
831.611801
831.611801
831.533175
831.376033
831.140597
830.827201
830.436286
829.968408
829.424226
828.804514
828.110149
828.069642
828.763428
829.382625
829.926353
830.393842
830.784431
831.097567
831.332806
831.489818
831.568379
831.568379
831.489818
831.332806
831.097567
830.784431
830.393842
829.926353
829.382625
828.763428
828.069642
828.029168
828.722377
829.341058
829.884333
830.351434
830.741697
831.054572
831.289617
831.446497
831.524993
831.524993
831.446497
831.289617
831.054572
830.741697
830.351434
829.884333
829.341058
828.722377
828.029168
827.988729
828.681360
829.299526
829.842349
830.309061
830.699000
831.011614
831.246463
831.403213
831.481644
831.481644
831.403213
831.246463
831.011614
830.699000
830.309061
829.842349
829.299526
828.681360
827.988729
827.948323
828.640378
829.258029
829.800400
830.266723
830.656338
830.968692
831.203345
831.359965
831.438330
831.438330
831.359965
831.203345
830.968692
830.656338
830.266723
829.800400
829.258029
828.640378
827.948323
827.907951
828.599430
829.216567
829.758486
830.224421
830.613712
830.925806
831.160264
831.316754
831.395054
831.395054
831.316754
831.160264
830.925806
830.613712
830.224421
829.758486
829.216567
828.599430
827.907951
827.867613
828.558516
829.175139
829.716608
830.182155
830.571121
830.882956
831.117219
831.273578
831.351813
831.351813
831.273578
831.117219
830.882956
830.571121
830.182155
829.716608
829.175139
828.558516
827.867613
827.827309
828.517637
829.133746
829.674765
830.139924
830.528567
830.840142
831.074210
831.230439
831.308609
831.308609
831.230439
831.074210
830.840142
830.528567
830.139924
829.674765
829.133746
828.517637
827.827309
827.787039
828.476791
829.092388
829.632956
830.097729
830.486048
830.797364
831.031237
831.187337
831.265442
831.265442
831.187337
831.031237
830.797364
830.486048
830.097729
829.632956
829.092388
828.476791
827.787039
827.746802
828.435981
829.051065
829.591183
830.055569
830.443565
830.754622
830.988301
831.144270
831.222310
831.222310
831.144270
830.988301
830.754622
830.443565
830.055569
829.591183
829.051065
828.435981
827.746802
827.706599
828.395204
829.009776
829.549445
830.013444
830.401118
830.711916
830.945400
831.101240
831.179215
831.179215
831.101240
830.945400
830.711916
830.401118
830.013444
829.549445
829.009776
828.395204
827.706599
827.666430
828.354462
828.968522
829.507742
829.971355
830.358706
830.669246
830.902536
831.058246
831.136156
831.136156
831.058246
830.902536
830.669246
830.358706
829.971355
829.507742
828.968522
828.354462
827.666430
827.626295
828.313753
828.927303
829.466074
829.929301
830.316330
830.626611
830.859707
831.015287
831.093133
831.093133
831.015287
830.859707
830.626611
830.316330
829.929301
829.466074
828.927303
828.313753
827.626295
827.586193
828.273079
828.886118
829.424440
829.887282
830.273989
830.584012
830.816914
830.972365
831.050146
831.050146
830.972365
830.816914
830.584012
830.273989
829.887282
829.424440
828.886118
828.273079
827.586193
827.546125
828.232439
828.844968
829.382842
829.845299
830.231684
830.541449
830.774157
830.929479
831.007195
831.007195
830.929479
830.774157
830.541449
830.231684
829.845299
829.382842
828.844968
828.232439
827.546125
827.506090
828.191833
828.803852
829.341279
829.803351
830.189414
830.498922
830.731437
830.886629
830.964280
830.964280
830.886629
830.731437
830.498922
830.189414
829.803351
829.341279
828.803852
828.191833
827.506090
827.466089
828.151261
828.762771
829.299750
829.761438
830.147180
830.456430
830.688752
830.843815
830.921402
830.921402
830.843815
830.688752
830.456430
830.147180
829.761438
829.299750
828.762771
828.151261
827.466089
827.426122
828.110724
828.721724
829.258257
829.719560
830.104981
830.413974
830.646102
830.801037
830.878559
830.878559
830.801037
830.646102
830.413974
830.104981
829.719560
829.258257
828.721724
828.110724
827.426122
827.386188
828.070220
828.680712
829.216798
829.677718
830.062818
830.371554
830.603489
830.758295
830.835752
830.835752
830.758295
830.603489
830.371554
830.062818
829.677718
829.216798
828.680712
828.070220
827.386188
827.346287
828.029750
828.639734
829.175374
829.635910
830.020690
830.329169
830.560911
830.715588
830.792981
830.792981
830.715588
830.560911
830.329169
830.020690
829.635910
829.175374
828.639734
828.029750
827.346287
827.306420
827.989314
828.598791
829.133985
829.594138
829.978598
830.286820
830.518370
830.672918
830.750247
830.750247
830.672918
830.518370
830.286820
829.978598
829.594138
829.133985
828.598791
827.989314
827.306420
827.266587
827.948912
828.557881
829.092630
829.552400
829.936541
830.244507
830.475863
830.630283
830.707548
830.707548
830.630283
830.475863
830.244507
829.936541
829.552400
829.092630
828.557881
827.948912
827.266587
827.226786
827.908544
828.517006
829.051310
829.510698
829.894519
830.202229
830.433393
830.587684
830.664884
830.664884
830.587684
830.433393
830.202229
829.894519
829.510698
829.051310
828.517006
827.908544
827.226786
827.187019
827.868210
828.476166
829.010025
829.469031
829.852532
830.159986
830.390958
830.545121
830.622257
830.622257
830.545121
830.390958
830.159986
829.852532
829.469031
829.010025
828.476166
827.868210
827.187019
827.147286
827.827909
828.435359
828.968775
829.427398
829.810581
830.117779
830.348559
830.502594
830.579665
830.579665
830.502594
830.348559
830.117779
829.810581
829.427398
828.968775
828.435359
827.827909
827.147286
827.107586
827.787642
828.394587
828.927559
829.385801
829.768664
830.075607
830.306195
830.460102
830.537110
830.537110
830.460102
830.306195
830.075607
829.768664
829.385801
828.927559
828.394587
827.787642
827.107586
827.067919
827.747410
828.353849
828.886377
829.344238
829.726783
830.033471
830.263867
830.417646
830.494590
830.494590
830.417646
830.263867
830.033471
829.726783
829.344238
828.886377
828.353849
827.747410
827.067919
827.028285
827.707210
828.313145
828.845230
829.302710
829.684937
829.991370
830.221575
830.375225
830.452105
830.452105
830.375225
830.221575
829.991370
829.684937
829.302710
828.845230
828.313145
827.707210
827.028285
826.988685
827.667045
828.272476
828.804118
829.261218
829.643127
829.949304
830.179317
830.332841
830.409656
830.409656
830.332841
830.179317
829.949304
829.643127
829.261218
828.804118
828.272476
827.667045
826.988685
826.949117
827.626913
828.231840
828.763040
829.219760
829.601351
829.907274
830.137096
830.290491
830.367243
830.367243
830.290491
830.137096
829.907274
829.601351
829.219760
828.763040
828.231840
827.626913
826.949117
826.909583
827.586815
828.191239
828.721997
829.178336
829.559610
829.865279
830.094910
830.248177
830.324866
830.324866
830.248177
830.094910
829.865279
829.559610
829.178336
828.721997
828.191239
827.586815
826.909583
826.870082
827.546750
828.150671
828.680988
829.136948
829.517905
829.823319
830.052759
830.205899
830.282524
830.282524
830.205899
830.052759
829.823319
829.517905
829.136948
828.680988
828.150671
827.546750
826.870082
826.830614
827.506719
828.110138
828.640013
829.095594
829.476234
829.781395
830.010643
830.163657
830.240217
830.240217
830.163657
830.010643
829.781395
829.476234
829.095594
828.640013
828.110138
827.506719
826.830614
826.791179
827.466722
828.069638
828.599073
829.054275
829.434598
829.739505
829.968563
830.121449
830.197946
830.197946
830.121449
829.968563
829.739505
829.434598
829.054275
828.599073
828.069638
827.466722
826.791179
826.751778
827.426758
828.029173
828.558167
829.012990
829.392998
829.697651
829.926519
830.079277
830.155711
830.155711
830.079277
829.926519
829.697651
829.392998
829.012990
828.558167
828.029173
827.426758
826.751778
826.712409
827.386828
827.988741
828.517296
828.971740
829.351432
829.655832
829.884509
830.037141
830.113511
830.113511
830.037141
829.884509
829.655832
829.351432
828.971740
828.517296
827.988741
827.386828
826.712409
826.673073
827.346931
827.948344
828.476458
828.930525
829.309901
829.614047
829.842535
829.995040
830.071346
830.071346
829.995040
829.842535
829.614047
829.309901
828.930525
828.476458
827.948344
827.346931
826.673073
826.633770
827.307067
827.907980
828.435655
828.889344
829.268404
829.572298
829.800596
829.952974
830.029217
830.029217
829.952974
829.800596
829.572298
829.268404
828.889344
828.435655
827.907980
827.307067
826.633770
826.594500
827.267237
827.867650
828.394886
828.848198
829.226943
829.530584
829.758692
829.910943
829.987123
829.987123
829.910943
829.758692
829.530584
829.226943
828.848198
828.394886
827.867650
827.267237
826.594500
826.555263
827.227440
827.827354
828.354152
828.807087
829.185517
829.488905
829.716823
829.868948
829.945064
829.945064
829.868948
829.716823
829.488905
829.185517
828.807087
828.354152
827.827354
827.227440
826.555263
826.516059
827.187677
827.787091
828.313451
828.766009
829.144125
829.447261
829.674990
829.826988
829.903041
829.903041
829.826988
829.674990
829.447261
829.144125
828.766009
828.313451
827.787091
827.187677
826.516059
826.476888
827.147947
827.746863
828.272785
828.724967
829.102768
829.405652
829.633191
829.785063
829.861053
829.861053
829.785063
829.633191
829.405652
829.102768
828.724967
828.272785
827.746863
827.147947
826.476888
826.437750
827.108250
827.706668
828.232152
828.683958
829.061445
829.364078
829.591428
829.743173
829.819100
829.819100
829.743173
829.591428
829.364078
829.061445
828.683958
828.232152
827.706668
827.108250
826.437750
826.398644
827.068587
827.666507
828.191554
828.642984
829.020157
829.322538
829.549699
829.701319
829.777182
829.777182
829.701319
829.549699
829.322538
829.020157
828.642984
828.191554
827.666507
827.068587
826.398644
826.359571
827.028957
827.626379
828.150990
828.602045
828.978904
829.281034
829.508006
829.659499
829.735300
829.735300
829.659499
829.508006
829.281034
828.978904
828.602045
828.150990
827.626379
827.028957
826.359571
826.320531
826.989360
827.586285
828.110460
828.561140
828.937686
829.239564
829.466348
829.617715
829.693452
829.693452
829.617715
829.466348
829.239564
828.937686
828.561140
828.110460
827.586285
826.989360
826.320531
826.281524
826.949796
827.546225
828.069964
828.520269
828.896502
829.198129
829.424724
829.575966
829.651640
829.651640
829.575966
829.424724
829.198129
828.896502
828.520269
828.069964
827.546225
826.949796
826.281524
826.242549
826.910265
827.506198
828.029501
828.479432
828.855352
829.156729
829.383136
829.534252
829.609863
829.609863
829.534252
829.383136
829.156729
828.855352
828.479432
828.029501
827.506198
826.910265
826.242549
826.203607
826.870768
827.466205
827.989073
828.438630
828.814237
829.115363
829.341582
829.492572
829.568121
829.568121
829.492572
829.341582
829.115363
828.814237
828.438630
827.989073
827.466205
826.870768
826.203607
826.164697
826.831303
827.426245
827.948679
828.397861
828.773157
829.074033
829.300063
829.450928
829.526414
829.526414
829.450928
829.300063
829.074033
828.773157
828.397861
827.948679
827.426245
826.831303
826.164697
826.125820
826.791872
827.386319
827.908318
828.357127
828.732111
829.032736
829.258579
829.409318
829.484742
829.484742
829.409318
829.258579
829.032736
828.732111
828.357127
827.908318
827.386319
826.791872
826.125820
826.086976
826.752473
827.346426
827.867991
828.316427
828.691099
828.991475
829.217130
829.367744
829.443104
829.443104
829.367744
829.217130
828.991475
828.691099
828.316427
827.867991
827.346426
826.752473
826.086976
826.048164
826.713108
827.306567
827.827698
828.275762
828.650122
828.950248
829.175715
829.326204
829.401502
829.401502
829.326204
829.175715
828.950248
828.650122
828.275762
827.827698
827.306567
826.713108
826.048164
826.009385
826.673776
827.266741
827.787439
828.235130
828.609179
828.909056
829.134335
829.284699
829.359935
829.359935
829.284699
829.134335
828.909056
828.609179
828.235130
827.787439
827.266741
826.673776
826.009385
825.970638
826.634476
827.226949
827.747214
828.194532
828.568270
828.867898
829.092990
829.243229
829.318402
829.318402
829.243229
829.092990
828.867898
828.568270
828.194532
827.747214
827.226949
826.634476
825.970638
825.931924
826.595210
827.187190
827.707022
828.153969
828.527396
828.826774
829.051680
829.201794
829.276904
829.276904
829.201794
829.051680
828.826774
828.527396
828.153969
827.707022
827.187190
826.595210
825.931924
825.893242
826.555976
827.147464
827.666864
828.113439
828.486556
828.785686
829.010404
829.160394
829.235442
829.235442
829.160394
829.010404
828.785686
828.486556
828.113439
827.666864
827.147464
826.555976
825.893242
825.854592
826.516775
827.107771
827.626739
828.072943
828.445750
828.744631
828.969163
829.119028
829.194013
829.194013
829.119028
828.969163
828.744631
828.445750
828.072943
827.626739
827.107771
826.516775
825.854592
825.815975
826.477608
827.068112
827.586649
828.032482
828.404979
828.703611
828.927957
829.077697
829.152620
829.152620
829.077697
828.927957
828.703611
828.404979
828.032482
827.586649
827.068112
826.477608
825.815975
825.777390
826.438472
827.028486
827.546591
827.992054
828.364241
828.662626
828.886785
829.036400
829.111261
829.111261
829.036400
828.886785
828.662626
828.364241
827.992054
827.546591
827.028486
826.438472
825.777390
825.738837
826.399370
826.988893
827.506568
827.951660
828.323538
828.621674
828.845647
828.995139
829.069937
829.069937
828.995139
828.845647
828.621674
828.323538
827.951660
827.506568
826.988893
826.399370
825.738837
825.700317
826.360301
826.949333
827.466578
827.911300
828.282869
828.580758
828.804544
828.953911
829.028648
829.028648
828.953911
828.804544
828.580758
828.282869
827.911300
827.466578
826.949333
826.360301
825.700317
825.661829
826.321264
826.909807
827.426621
827.870974
828.242234
828.539875
828.763476
828.912719
828.987393
828.987393
828.912719
828.763476
828.539875
828.242234
827.870974
827.426621
826.909807
826.321264
825.661829
825.623373
826.282260
826.870313
827.386698
827.830681
828.201633
828.499027
828.722441
828.871561
828.946173
828.946173
828.871561
828.722441
828.499027
828.201633
827.830681
827.386698
826.870313
826.282260
825.623373
825.584950
826.243288
826.830853
827.346808
827.790423
828.161066
828.458213
828.681442
828.830437
828.904987
828.904987
828.830437
828.681442
828.458213
828.161066
827.790423
827.346808
826.830853
826.243288
825.584950
825.546558
826.204349
826.791425
827.306952
827.750198
828.120533
828.417433
828.640476
828.789348
828.863836
828.863836
828.789348
828.640476
828.417433
828.120533
827.750198
827.306952
826.791425
826.204349
825.546558
825.508199
826.165443
826.752031
827.267129
827.710007
828.080034
828.376687
828.599545
828.748293
828.822720
828.822720
828.748293
828.599545
828.376687
828.080034
827.710007
827.267129
826.752031
826.165443
825.508199
825.469872
826.126569
826.712670
827.227340
827.669849
828.039569
828.335976
828.558649
828.707273
828.781638
828.781638
828.707273
828.558649
828.335976
828.039569
827.669849
827.227340
826.712670
826.126569
825.469872
825.431577
826.087728
826.673341
827.187584
827.629725
827.999138
828.295298
828.517786
828.666287
828.740590
828.740590
828.666287
828.517786
828.295298
827.999138
827.629725
827.187584
826.673341
826.087728
825.431577
825.393314
826.048920
826.634046
827.147861
827.589635
827.958741
828.254655
828.476958
828.625335
828.699577
828.699577
828.625335
828.476958
828.254655
827.958741
827.589635
827.147861
826.634046
826.048920
825.393314
825.355083
826.010144
826.594784
827.108172
827.549578
827.918377
828.214046
828.436164
828.584418
828.658598
828.658598
828.584418
828.436164
828.214046
827.918377
827.549578
827.108172
826.594784
826.010144
825.355083
825.316884
825.971400
826.555554
827.068515
827.509555
827.878048
828.173470
828.395404
828.543535
828.617653
828.617653
828.543535
828.395404
828.173470
827.878048
827.509555
827.068515
826.555554
825.971400
825.316884
825.278717
825.932689
826.516357
827.028892
827.469565
827.837752
828.132929
828.354679
828.502687
828.576743
828.576743
828.502687
828.354679
828.132929
827.837752
827.469565
827.028892
826.516357
825.932689
825.278717
825.240582
825.894010
826.477193
826.989302
827.429609
827.797490
828.092422
828.313987
828.461872
828.535867
828.535867
828.461872
828.313987
828.092422
827.797490
827.429609
826.989302
826.477193
825.894010
825.240582
825.202479
825.855364
826.438062
826.949746
827.389687
827.757262
828.051949
828.273330
828.421092
828.495025
828.495025
828.421092
828.273330
828.051949
827.757262
827.389687
826.949746
826.438062
825.855364
825.202479
825.164407
825.816750
826.398964
826.910222
827.349798
827.717067
828.011509
828.232707
828.380346
828.454218
828.454218
828.380346
828.232707
828.011509
827.717067
827.349798
826.910222
826.398964
825.816750
825.164407
825.126368
825.778168
826.359898
826.870732
827.309942
827.676906
827.971104
828.192117
828.339634
828.413445
828.413445
828.339634
828.192117
827.971104
827.676906
827.309942
826.870732
826.359898
825.778168
825.126368
825.088361
825.739619
826.320866
826.831274
827.270120
827.636779
827.930732
828.151562
828.298956
828.372705
828.372705
828.298956
828.151562
827.930732
827.636779
827.270120
826.831274
826.320866
825.739619
825.088361
825.050385
825.701102
826.281865
826.791850
827.230331
827.596685
827.890394
828.111041
828.258312
828.332000
828.332000
828.258312
828.111041
827.890394
827.596685
827.230331
826.791850
826.281865
825.701102
825.050385
825.012441
825.662617
826.242898
826.752458
827.190575
827.556625
827.850090
828.070553
828.217703
828.291330
828.291330
828.217703
828.070553
827.850090
827.556625
827.190575
826.752458
826.242898
825.662617
825.012441
824.974529
825.624164
826.203963
826.713100
827.150853
827.516599
827.809820
828.030100
828.177127
828.250693
828.250693
828.177127
828.030100
827.809820
827.516599
827.150853
826.713100
826.203963
825.624164
824.974529
824.936648
825.585744
826.165061
826.673775
827.111163
827.476606
827.769583
827.989681
828.136586
828.210090
828.210090
828.136586
827.989681
827.769583
827.476606
827.111163
826.673775
826.165061
825.585744
824.936648
824.898799
825.547356
826.126191
826.634482
827.071508
827.436646
827.729381
827.949295
828.096078
828.169521
828.169521
828.096078
827.949295
827.729381
827.436646
827.071508
826.634482
826.126191
825.547356
824.898799
824.860982
825.508999
826.087354
826.595223
827.031885
827.396720
827.689211
827.908943
828.055604
828.128987
828.128987
828.055604
827.908943
827.689211
827.396720
827.031885
826.595223
826.087354
825.508999
824.860982
824.823197
825.470675
826.048549
826.555996
826.992296
827.356828
827.649076
827.868625
828.015165
828.088486
828.088486
828.015165
827.868625
827.649076
827.356828
826.992296
826.555996
826.048549
825.470675
824.823197
824.785443
825.432383
826.009777
826.516802
826.952739
827.316969
827.608974
827.828341
827.974759
828.048019
828.048019
827.974759
827.828341
827.608974
827.316969
826.952739
826.516802
826.009777
825.432383
824.785443
824.747721
825.394123
825.971037
826.477641
826.913216
827.277143
827.568906
827.788091
827.934387
828.007586
828.007586
827.934387
827.788091
827.568906
827.277143
826.913216
826.477641
825.971037
825.394123
824.747721
824.710030
825.355896
825.932330
826.438513
826.873726
827.237351
827.528871
827.747874
827.894048
827.967187
827.967187
827.894048
827.747874
827.528871
827.237351
826.873726
826.438513
825.932330
825.355896
824.710030
824.672371
825.317700
825.893655
826.399418
826.834269
827.197592
827.488870
827.707691
827.853744
827.926822
827.926822
827.853744
827.707691
827.488870
827.197592
826.834269
826.399418
825.893655
825.317700
824.672371
824.634744
825.279536
825.855012
826.360355
826.794845
827.157866
827.448902
827.667541
827.813473
827.886491
827.886491
827.813473
827.667541
827.448902
827.157866
826.794845
826.360355
825.855012
825.279536
824.634744
824.597147
825.241404
825.816402
826.321325
826.755454
827.118174
827.408968
827.627426
827.773236
827.846193
827.846193
827.773236
827.627426
827.408968
827.118174
826.755454
826.321325
825.816402
825.241404
824.597147
824.559583
825.203304
825.777824
826.282328
826.716096
827.078514
827.369068
827.587344
827.733033
827.805929
827.805929
827.733033
827.587344
827.369068
827.078514
826.716096
826.282328
825.777824
825.203304
824.559583
824.522050
825.165236
825.739279
826.243363
826.676771
827.038888
827.329200
827.547295
827.692864
827.765699
827.765699
827.692864
827.547295
827.329200
827.038888
826.676771
826.243363
825.739279
825.165236
824.522050
824.484548
825.127199
825.700766
826.204431
826.637479
826.999296
827.289366
827.507280
827.652728
827.725503
827.725503
827.652728
827.507280
827.289366
826.999296
826.637479
826.204431
825.700766
825.127199
824.484548
824.447077
825.089195
825.662285
826.165531
826.598220
826.959736
827.249566
827.467299
827.612625
827.685340
827.685340
827.612625
827.467299
827.249566
826.959736
826.598220
826.165531
825.662285
825.089195
824.447077
824.409638
825.051222
825.623836
826.126665
826.558994
826.920209
827.209799
827.427350
827.572557
827.645211
827.645211
827.572557
827.427350
827.209799
826.920209
826.558994
826.126665
825.623836
825.051222
824.409638
824.372230
825.013281
825.585419
826.087830
826.519800
826.880716
827.170065
827.387436
827.532522
827.605116
827.605116
827.532522
827.387436
827.170065
826.880716
826.519800
826.087830
825.585419
825.013281
824.372230
824.334854
824.975372
825.547035
826.049028
826.480640
826.841256
827.130364
827.347555
827.492520
827.565054
827.565054
827.492520
827.347555
827.130364
826.841256
826.480640
826.049028
825.547035
824.975372
824.334854
824.297509
824.937495
825.508682
826.010259
826.441512
826.801828
827.090697
827.307707
827.452552
827.525026
827.525026
827.452552
827.307707
827.090697
826.801828
826.441512
826.010259
825.508682
824.937495
824.297509
824.260195
824.899649
825.470362
825.971522
826.402417
826.762434
827.051062
827.267893
827.412617
827.485031
827.485031
827.412617
827.267893
827.051062
826.762434
826.402417
825.971522
825.470362
824.899649
824.260195
824.222912
824.861835
825.432074
825.932818
826.363354
826.723073
827.011461
827.228112
827.372716
827.445070
827.445070
827.372716
827.228112
827.011461
826.723073
826.363354
825.932818
825.432074
824.861835
824.222912
824.185660
824.824052
825.393818
825.894146
826.324325
826.683744
826.971894
827.188364
827.332848
827.405142
827.405142
827.332848
827.188364
826.971894
826.683744
826.324325
825.894146
825.393818
824.824052
824.185660
824.148440
824.786301
825.355593
825.855506
826.285328
826.644449
826.932359
827.148650
827.293014
827.365247
827.365247
827.293014
827.148650
826.932359
826.644449
826.285328
825.855506
825.355593
824.786301
824.148440
824.111251
824.748582
825.317401
825.816898
826.246364
826.605186
826.892857
827.108968
827.253213
827.325386
827.325386
827.253213
827.108968
826.892857
826.605186
826.246364
825.816898
825.317401
824.748582
824.111251
824.074092
824.710894
825.279241
825.778323
826.207432
826.565957
826.853389
827.069320
827.213445
827.285559
827.285559
827.213445
827.069320
826.853389
826.565957
826.207432
825.778323
825.279241
824.710894
824.074092
824.036965
824.673238
825.241113
825.739781
826.168533
826.526760
826.813953
827.029706
827.173711
827.245764
827.245764
827.173711
827.029706
826.813953
826.526760
826.168533
825.739781
825.241113
824.673238
824.036965
823.999869
824.635614
825.203016
825.701270
826.129666
826.487596
826.774551
826.990124
827.134010
827.206004
827.206004
827.134010
826.990124
826.774551
826.487596
826.129666
825.701270
825.203016
824.635614
823.999869
823.962804
824.598020
825.164952
825.662792
826.090832
826.448465
826.735181
826.950576
827.094342
827.166276
827.166276
827.094342
826.950576
826.735181
826.448465
826.090832
825.662792
825.164952
824.598020
823.962804
823.925770
824.560459
825.126919
825.624346
826.052031
826.409366
826.695845
826.911060
827.054707
827.126582
827.126582
827.054707
826.911060
826.695845
826.409366
826.052031
825.624346
825.126919
824.560459
823.925770
823.888767
824.522928
825.088918
825.585932
826.013262
826.370300
826.656541
826.871578
827.015106
827.086920
827.086920
827.015106
826.871578
826.656541
826.370300
826.013262
825.585932
825.088918
824.522928
823.888767
823.851795
824.485429
825.050949
825.547550
825.974525
826.331267
826.617271
826.832129
826.975537
827.047293
827.047293
826.975537
826.832129
826.617271
826.331267
825.974525
825.547550
825.050949
824.485429
823.851795
823.814854
824.447962
825.013012
825.509200
825.935821
826.292267
826.578033
826.792713
826.936002
827.007698
827.007698
826.936002
826.792713
826.578033
826.292267
825.935821
825.509200
825.013012
824.447962
823.814854
823.777943
824.410526
824.975107
825.470883
825.897149
826.253299
826.538828
826.753330
826.896500
826.968136
826.968136
826.896500
826.753330
826.538828
826.253299
825.897149
825.470883
824.975107
824.410526
823.777943
823.741064
824.373121
824.937233
825.432597
825.858510
826.214364
826.499656
826.713980
826.857031
826.928608
826.928608
826.857031
826.713980
826.499656
826.214364
825.858510
825.432597
824.937233
824.373121
823.741064
823.704215
824.335747
824.899391
825.394344
825.819902
826.175462
826.460517
826.674662
826.817595
826.889112
826.889112
826.817595
826.674662
826.460517
826.175462
825.819902
825.394344
824.899391
824.335747
823.704215
823.667398
824.298405
824.861580
825.356122
825.781328
826.136592
826.421410
826.635378
826.778192
826.849650
826.849650
826.778192
826.635378
826.421410
826.136592
825.781328
825.356122
824.861580
824.298405
823.667398
823.630611
824.261094
824.823801
825.317933
825.742785
826.097754
826.382336
826.596127
826.738822
826.810221
826.810221
826.738822
826.596127
826.382336
826.097754
825.742785
825.317933
824.823801
824.261094
823.630611
823.593854
824.223814
824.786054
825.279775
825.704275
826.058949
826.343295
826.556908
826.699485
826.770824
826.770824
826.699485
826.556908
826.343295
826.058949
825.704275
825.279775
824.786054
824.223814
823.593854
823.557129
824.186565
824.748339
825.241650
825.665797
826.020177
826.304287
826.517722
826.660181
826.731461
826.731461
826.660181
826.517722
826.304287
826.020177
825.665797
825.241650
824.748339
824.186565
823.557129
823.520434
824.149347
824.710654
825.203556
825.627351
825.981437
826.265311
826.478569
826.620910
826.692131
826.692131
826.620910
826.478569
826.265311
825.981437
825.627351
825.203556
824.710654
824.149347
823.520434
823.483770
824.112161
824.673002
825.165494
825.588937
825.942729
826.226368
826.439449
826.581672
826.652833
826.652833
826.581672
826.439449
826.226368
825.942729
825.588937
825.165494
824.673002
824.112161
823.483770
823.447136
824.075005
824.635381
825.127464
825.550556
825.904054
826.187457
826.400362
826.542466
826.613569
826.613569
826.542466
826.400362
826.187457
825.904054
825.550556
825.127464
824.635381
824.075005
823.447136
823.410533
824.037881
824.597791
825.089466
825.512207
825.865411
826.148579
826.361307
826.503293
826.574337
826.574337
826.503293
826.361307
826.148579
825.865411
825.512207
825.089466
824.597791
824.037881
823.410533
823.373961
824.000788
824.560233
825.051500
825.473889
825.826801
826.109733
826.322285
826.464154
826.535138
826.535138
826.464154
826.322285
826.109733
825.826801
825.473889
825.051500
824.560233
824.000788
823.373961
823.337419
823.963726
824.522706
825.013565
825.435604
825.788223
826.070920
826.283295
826.425046
826.495972
826.495972
826.425046
826.283295
826.070920
825.788223
825.435604
825.013565
824.522706
823.963726
823.337419
823.300908
823.926694
824.485211
824.975662
825.397351
825.749677
826.032140
826.244339
826.385972
826.456839
826.456839
826.385972
826.244339
826.032140
825.749677
825.397351
824.975662
824.485211
823.926694
823.300908
823.264428
823.889694
824.447747
824.937791
825.359130
825.711163
825.993392
826.205415
826.346930
826.417739
826.417739
826.346930
826.205415
825.993392
825.711163
825.359130
824.937791
824.447747
823.889694
823.264428
823.227977
823.852725
824.410314
824.899952
825.320940
825.672682
825.954676
826.166523
826.307921
826.378671
826.378671
826.307921
826.166523
825.954676
825.672682
825.320940
824.899952
824.410314
823.852725
823.227977
823.191558
823.815786
824.372913
824.862144
825.282783
825.634233
825.915993
826.127664
826.268945
826.339636
826.339636
826.268945
826.127664
825.915993
825.634233
825.282783
824.862144
824.372913
823.815786
823.191558
823.155169
823.778879
824.335543
824.824367
825.244658
825.595815
825.877342
826.088837
826.230001
826.300633
826.300633
826.230001
826.088837
825.877342
825.595815
825.244658
824.824367
824.335543
823.778879
823.155169
823.118810
823.742002
824.298204
824.786623
825.206564
825.557431
825.838723
826.050043
826.191090
826.261664
826.261664
826.191090
826.050043
825.838723
825.557431
825.206564
824.786623
824.298204
823.742002
823.118810
823.082481
823.705156
824.260896
824.748910
825.168502
825.519078
825.800137
826.011282
826.152211
826.222726
826.222726
826.152211
826.011282
825.800137
825.519078
825.168502
824.748910
824.260896
823.705156
823.082481
823.046183
823.668341
824.223620
824.711228
825.130473
825.480757
825.761583
825.972553
826.113365
826.183822
826.183822
826.113365
825.972553
825.761583
825.480757
825.130473
824.711228
824.223620
823.668341
823.046183
823.009916
823.631557
824.186374
824.673578
825.092475
825.442468
825.723062
825.933856
826.074552
826.144950
826.144950
826.074552
825.933856
825.723062
825.442468
825.092475
824.673578
824.186374
823.631557
823.009916
822.973678
823.594803
824.149160
824.635960
825.054509
825.404212
825.684572
825.895192
826.035771
826.106110
826.106110
826.035771
825.895192
825.684572
825.404212
825.054509
824.635960
824.149160
823.594803
822.973678
822.937471
823.558080
824.111977
824.598373
825.016574
825.365987
825.646115
825.856559
825.997022
826.067303
826.067303
825.997022
825.856559
825.646115
825.365987
825.016574
824.598373
824.111977
823.558080
822.937471
822.901294
823.521388
824.074825
824.560817
824.978671
825.327794
825.607690
825.817960
825.958306
826.028529
826.028529
825.958306
825.817960
825.607690
825.327794
824.978671
824.560817
824.074825
823.521388
822.901294
822.865148
823.484727
824.037704
824.523293
824.940800
825.289634
825.569297
825.779392
825.919622
825.989787
825.989787
825.919622
825.779392
825.569297
825.289634
824.940800
824.523293
824.037704
823.484727
822.865148
822.829031
823.448096
824.000615
824.485800
824.902961
825.251505
825.530936
825.740857
825.880971
825.951077
825.951077
825.880971
825.740857
825.530936
825.251505
824.902961
824.485800
824.000615
823.448096
822.829031
822.792945
823.411496
823.963556
824.448338
824.865153
825.213408
825.492607
825.702354
825.842351
825.912400
825.912400
825.842351
825.702354
825.492607
825.213408
824.865153
824.448338
823.963556
823.411496
822.792945
822.756889
823.374926
823.926528
824.410908
824.827377
825.175343
825.454311
825.663884
825.803765
825.873755
825.873755
825.803765
825.663884
825.454311
825.175343
824.827377
824.410908
823.926528
823.374926
822.756889
822.720863
823.338387
823.889531
824.373509
824.789633
825.137310
825.416046
825.625445
825.765210
825.835142
825.835142
825.765210
825.625445
825.416046
825.137310
824.789633
824.373509
823.889531
823.338387
822.720863
822.684867
823.301879
823.852565
824.336142
824.751920
825.099308
825.377813
825.587039
825.726688
825.796562
825.796562
825.726688
825.587039
825.377813
825.099308
824.751920
824.336142
823.852565
823.301879
822.684867
822.648901
823.265401
823.815630
824.298805
824.714238
825.061339
825.339613
825.548665
825.688198
825.758014
825.758014
825.688198
825.548665
825.339613
825.061339
824.714238
824.298805
823.815630
823.265401
822.648901
822.612965
823.228953
823.778726
824.261500
824.676589
825.023401
825.301444
825.510322
825.649740
825.719498
825.719498
825.649740
825.510322
825.301444
825.023401
824.676589
824.261500
823.778726
823.228953
822.612965
822.577060
823.192536
823.741852
824.224226
824.638970
824.985495
825.263307
825.472012
825.611314
825.681014
825.681014
825.611314
825.472012
825.263307
824.985495
824.638970
824.224226
823.741852
823.192536
822.577060
822.541184
823.156149
823.705010
824.186983
824.601383
824.947620
825.225202
825.433734
825.572921
825.642563
825.642563
825.572921
825.433734
825.225202
824.947620
824.601383
824.186983
823.705010
823.156149
822.541184
822.505338
823.119793
823.668198
824.149772
824.563828
824.909778
825.187129
825.395488
825.534559
825.604144
825.604144
825.534559
825.395488
825.187129
824.909778
824.563828
824.149772
823.668198
823.119793
822.505338
822.469522
823.083467
823.631417
824.112591
824.526304
824.871967
825.149088
825.357274
825.496230
825.565757
825.565757
825.496230
825.357274
825.149088
824.871967
824.526304
824.112591
823.631417
823.083467
822.469522
822.433737
823.047172
823.594667
824.075442
824.488811
824.834187
825.111079
825.319092
825.457932
825.527402
825.527402
825.457932
825.319092
825.111079
824.834187
824.488811
824.075442
823.594667
823.047172
822.433737
822.397981
823.010907
823.557948
824.038323
824.451350
824.796439
825.073101
825.280942
825.419667
825.489079
825.489079
825.419667
825.280942
825.073101
824.796439
824.451350
824.038323
823.557948
823.010907
822.397981
822.362254
822.974672
823.521259
824.001236
824.413920
824.758723
825.035155
825.242824
825.381434
825.450788
825.450788
825.381434
825.242824
825.035155
824.758723
824.413920
824.001236
823.521259
822.974672
822.362254
822.326558
822.938467
823.484601
823.964179
824.376521
824.721038
824.997241
825.204738
825.343233
825.412529
825.412529
825.343233
825.204738
824.997241
824.721038
824.376521
823.964179
823.484601
822.938467
822.326558
822.290892
822.902293
823.447973
823.927154
824.339153
824.683385
824.959359
825.166683
825.305063
825.374302
825.374302
825.305063
825.166683
824.959359
824.683385
824.339153
823.927154
823.447973
822.902293
822.290892
822.255255
822.866149
823.411376
823.890159
824.301817
824.645763
824.921508
825.128660
825.266926
825.336108
825.336108
825.266926
825.128660
824.921508
824.645763
824.301817
823.890159
823.411376
822.866149
822.255255
822.219648
822.830035
823.374810
823.853196
824.264512
824.608173
824.883689
825.090670
825.228820
825.297945
825.297945
825.228820
825.090670
824.883689
824.608173
824.264512
823.853196
823.374810
822.830035
822.219648
822.184071
822.793951
823.338274
823.816263
824.227238
824.570614
824.845902
825.052710
825.190747
825.259814
825.259814
825.190747
825.052710
824.845902
824.570614
824.227238
823.816263
823.338274
822.793951
822.184071
822.148524
822.757898
823.301769
823.779361
824.189995
824.533086
824.808146
825.014783
825.152705
825.221715
825.221715
825.152705
825.014783
824.808146
824.533086
824.189995
823.779361
823.301769
822.757898
822.148524
822.113006
822.721874
823.265294
823.742491
824.152784
824.495590
824.770421
824.976887
825.114695
825.183647
825.183647
825.114695
824.976887
824.770421
824.495590
824.152784
823.742491
823.265294
822.721874
822.113006
822.077518
822.685881
823.228850
823.705650
824.115603
824.458125
824.732729
824.939023
825.076716
825.145612
825.145612
825.076716
824.939023
824.732729
824.458125
824.115603
823.705650
823.228850
822.685881
822.077518
822.042059
822.649918
823.192436
823.668841
824.078454
824.420692
824.695067
824.901191
825.038770
825.107608
825.107608
825.038770
824.901191
824.695067
824.420692
824.078454
823.668841
823.192436
822.649918
822.042059
822.006631
822.613985
823.156053
823.632062
824.041336
824.383289
824.657438
824.863390
825.000855
825.069636
825.069636
825.000855
824.863390
824.657438
824.383289
824.041336
823.632062
823.156053
822.613985
822.006631
821.971231
822.578081
823.119700
823.595315
824.004248
824.345918
824.619839
824.825621
824.962972
825.031696
825.031696
824.962972
824.825621
824.619839
824.345918
824.004248
823.595315
823.119700
822.578081
821.971231
821.935862
822.542208
823.083377
823.558597
823.967192
824.308579
824.582273
824.787884
824.925121
824.993788
824.993788
824.925121
824.787884
824.582273
824.308579
823.967192
823.558597
823.083377
822.542208
821.935862
821.900522
822.506365
823.047085
823.521911
823.930167
824.271270
824.544737
824.750178
824.887301
824.955911
824.955911
824.887301
824.750178
824.544737
824.271270
823.930167
823.521911
823.047085
822.506365
821.900522
821.865211
822.470552
823.010823
823.485255
823.893172
824.233993
824.507233
824.712504
824.849513
824.918066
824.918066
824.849513
824.712504
824.507233
824.233993
823.893172
823.485255
823.010823
822.470552
821.865211
821.829930
822.434768
822.974591
823.448630
823.856209
824.196747
824.469760
824.674861
824.811756
824.880253
824.880253
824.811756
824.674861
824.469760
824.196747
823.856209
823.448630
822.974591
822.434768
821.829930
821.794678
822.399015
822.938390
823.412035
823.819276
824.159532
824.432319
824.637249
824.774031
824.842471
824.842471
824.774031
824.637249
824.432319
824.159532
823.819276
823.412035
822.938390
822.399015
821.794678
821.759456
822.363291
822.902219
823.375472
823.782374
824.122348
824.394909
824.599669
824.736338
824.804721
824.804721
824.736338
824.599669
824.394909
824.122348
823.782374
823.375472
822.902219
822.363291
821.759456
821.724263
822.327597
822.866078
823.338938
823.745503
824.085195
824.357530
824.562121
824.698676
824.767002
824.767002
824.698676
824.562121
824.357530
824.085195
823.745503
823.338938
822.866078
822.327597
821.724263
821.689100
822.291933
822.829967
823.302435
823.708663
824.048073
824.320182
824.524603
824.661046
824.729315
824.729315
824.661046
824.524603
824.320182
824.048073
823.708663
823.302435
822.829967
822.291933
821.689100
821.653966
822.256299
822.793887
823.265963
823.671854
824.010983
824.282866
824.487117
824.623447
824.691660
824.691660
824.623447
824.487117
824.282866
824.010983
823.671854
823.265963
822.793887
822.256299
821.653966
821.618861
822.220694
822.757836
823.229521
823.635075
823.973923
824.245581
824.449663
824.585879
824.654035
824.654035
824.585879
824.449663
824.245581
823.973923
823.635075
823.229521
822.757836
822.220694
821.618861
821.583786
822.185120
822.721816
823.193109
823.598328
823.936894
824.208327
824.412240
824.548343
824.616443
824.616443
824.548343
824.412240
824.208327
823.936894
823.598328
823.193109
822.721816
822.185120
821.583786
821.548739
822.149575
822.685826
823.156728
823.561610
823.899896
824.171104
824.374848
824.510838
824.578882
824.578882
824.510838
824.374848
824.171104
823.899896
823.561610
823.156728
822.685826
822.149575
821.548739
821.513722
822.114059
822.649866
823.120378
823.524924
823.862929
824.133912
824.337487
824.473365
824.541352
824.541352
824.473365
824.337487
824.133912
823.862929
823.524924
823.120378
822.649866
822.114059
821.513722
821.478735
822.078574
822.613936
823.084057
823.488268
823.825993
824.096751
824.300158
824.435922
824.503853
824.503853
824.435922
824.300158
824.096751
823.825993
823.488268
823.084057
822.613936
822.078574
821.478735
821.443776
822.043118
822.578036
823.047767
823.451643
823.789088
824.059622
824.262859
824.398512
824.466386
824.466386
824.398512
824.262859
824.059622
823.789088
823.451643
823.047767
822.578036
822.043118
821.443776
821.408847
822.007691
822.542166
823.011508
823.415049
823.752214
824.022523
824.225592
824.361132
824.428950
824.428950
824.361132
824.225592
824.022523
823.752214
823.415049
823.011508
822.542166
822.007691
821.408847
821.373947
821.972294
822.506325
822.975278
823.378485
823.715370
823.985455
824.188356
824.323784
824.391546
824.391546
824.323784
824.188356
823.985455
823.715370
823.378485
822.975278
822.506325
821.972294
821.373947
821.339076
821.936927
822.470515
822.939079
823.341951
823.678557
823.948419
824.151151
824.286467
824.354172
824.354172
824.286467
824.151151
823.948419
823.678557
823.341951
822.939079
822.470515
821.936927
821.339076
821.304234
821.901589
822.434735
822.902910
823.305448
823.641775
823.911413
824.113978
824.249181
824.316830
824.316830
824.249181
824.113978
823.911413
823.641775
823.305448
822.902910
822.434735
821.901589
821.304234
821.269421
821.866281
822.398984
822.866772
823.268976
823.605024
823.874438
824.076835
824.211926
824.279520
824.279520
824.211926
824.076835
823.874438
823.605024
823.268976
822.866772
822.398984
821.866281
821.269421
821.234638
821.831002
822.363264
822.830663
823.232534
823.568304
823.837494
824.039723
824.174702
824.242240
824.242240
824.174702
824.039723
823.837494
823.568304
823.232534
822.830663
822.363264
821.831002
821.234638
821.199883
821.795753
822.327573
822.794585
823.196122
823.531614
823.800581
824.002643
824.137510
824.204991
824.204991
824.137510
824.002643
823.800581
823.531614
823.196122
822.794585
822.327573
821.795753
821.199883
821.165157
821.760533
822.291912
822.758537
823.159741
823.494955
823.763699
823.965593
824.100348
824.167774
824.167774
824.100348
823.965593
823.763699
823.494955
823.159741
822.758537
822.291912
821.760533
821.165157
821.130461
821.725343
822.256281
822.722519
823.123391
823.458326
823.726848
823.928574
824.063218
824.130588
824.130588
824.063218
823.928574
823.726848
823.458326
823.123391
822.722519
822.256281
821.725343
821.130461
821.095793
821.690181
822.220680
822.686531
823.087070
823.421728
823.690027
823.891586
824.026119
824.093433
824.093433
824.026119
823.891586
823.690027
823.421728
823.087070
822.686531
822.220680
821.690181
821.095793
821.061154
821.655050
822.185108
822.650573
823.050780
823.385161
823.653237
823.854630
823.989050
824.056308
824.056308
823.989050
823.854630
823.653237
823.385161
823.050780
822.650573
822.185108
821.655050
821.061154
821.026544
821.619947
822.149566
822.614645
823.014520
823.348624
823.616478
823.817704
823.952013
824.019215
824.019215
823.952013
823.817704
823.616478
823.348624
823.014520
822.614645
822.149566
821.619947
821.026544
820.991963
821.584874
822.114054
822.578747
822.978291
823.312117
823.579750
823.780808
823.915006
823.982153
823.982153
823.915006
823.780808
823.579750
823.312117
822.978291
822.578747
822.114054
821.584874
820.991963
820.957411
821.549830
822.078571
822.542879
822.942092
823.275641
823.543052
823.743944
823.878031
823.945122
823.945122
823.878031
823.743944
823.543052
823.275641
822.942092
822.542879
822.078571
821.549830
820.957411
820.922888
821.514816
822.043118
822.507041
822.905923
823.239196
823.506385
823.707111
823.841086
823.908122
823.908122
823.841086
823.707111
823.506385
823.239196
822.905923
822.507041
822.043118
821.514816
820.922888
820.888393
821.479830
822.007694
822.471233
822.869784
823.202781
823.469749
823.670308
823.804172
823.871152
823.871152
823.804172
823.670308
823.469749
823.202781
822.869784
822.471233
822.007694
821.479830
820.888393
820.853928
821.444874
821.972301
822.435455
822.833676
823.166397
823.433143
823.633536
823.767289
823.834214
823.834214
823.767289
823.633536
823.433143
823.166397
822.833676
822.435455
821.972301
821.444874
820.853928
820.819491
821.409947
821.936936
822.399706
822.797597
823.130042
823.396568
823.596794
823.730437
823.797306
823.797306
823.730437
823.596794
823.396568
823.130042
822.797597
822.399706
821.936936
821.409947
820.819491
820.785083
821.375049
821.901602
822.363988
822.761549
823.093719
823.360023
823.560084
823.693616
823.760430
823.760430
823.693616
823.560084
823.360023
823.093719
822.761549
822.363988
821.901602
821.375049
820.785083
820.750703
821.340181
821.866296
822.328299
822.725531
823.057425
823.323509
823.523404
823.656825
823.723584
823.723584
823.656825
823.523404
823.323509
823.057425
822.725531
822.328299
821.866296
821.340181
820.750703
820.716352
821.305341
821.831020
822.292641
822.689543
823.021162
823.287025
823.486755
823.620065
823.686768
823.686768
823.620065
823.486755
823.287025
823.021162
822.689543
822.292641
821.831020
821.305341
820.716352
820.682030
821.270530
821.795774
822.257012
822.653585
822.984929
823.250572
823.450136
823.583336
823.649984
823.649984
823.583336
823.450136
823.250572
822.984929
822.653585
822.257012
821.795774
821.270530
820.682030
820.647737
821.235749
821.760557
822.221412
822.617657
822.948727
823.214149
823.413548
823.546638
823.613230
823.613230
823.546638
823.413548
823.214149
822.948727
822.617657
822.221412
821.760557
821.235749
820.647737
820.613472
821.200996
821.725370
822.185843
822.581759
822.912554
823.177757
823.376990
823.509970
823.576507
823.576507
823.509970
823.376990
823.177757
822.912554
822.581759
822.185843
821.725370
821.200996
820.613472
820.579235
821.166273
821.690211
822.150303
822.545891
822.876412
823.141395
823.340463
823.473333
823.539815
823.539815
823.473333
823.340463
823.141395
822.876412
822.545891
822.150303
821.690211
821.166273
820.579235
820.545028
821.131579
821.655083
822.114793
822.510053
822.840300
823.105064
823.303967
823.436726
823.503153
823.503153
823.436726
823.303967
823.105064
822.840300
822.510053
822.114793
821.655083
821.131579
820.545028
820.510849
821.096913
821.619983
822.079312
822.474245
822.804218
823.068762
823.267501
823.400150
823.466522
823.466522
823.400150
823.267501
823.068762
822.804218
822.474245
822.079312
821.619983
821.096913
820.510849
820.476698
821.062276
821.584913
822.043861
822.438466
822.768166
823.032492
823.231065
823.363605
823.429922
823.429922
823.363605
823.231065
823.032492
822.768166
822.438466
822.043861
821.584913
821.062276
820.476698
820.442576
821.027669
821.549872
822.008440
822.402718
822.732145
822.996251
823.194660
823.327090
823.393352
823.393352
823.327090
823.194660
822.996251
822.732145
822.402718
822.008440
821.549872
821.027669
820.442576
820.408482
820.993090
821.514860
821.973048
822.367000
822.696153
822.960041
823.158285
823.290605
823.356812
823.356812
823.290605
823.158285
822.960041
822.696153
822.367000
821.973048
821.514860
820.993090
820.408482
820.374417
820.958540
821.479878
821.937686
822.331311
822.660192
822.923860
823.121941
823.254151
823.320304
823.320304
823.254151
823.121941
822.923860
822.660192
822.331311
821.937686
821.479878
820.958540
820.374417
820.340380
820.924019
821.444924
821.902353
822.295652
822.624260
822.887711
823.085627
823.217728
823.283825
823.283825
823.217728
823.085627
822.887711
822.624260
822.295652
821.902353
821.444924
820.924019
820.340380
820.306371
820.889526
821.410000
821.867050
822.260023
822.588359
822.851591
823.049343
823.181335
823.247377
823.247377
823.181335
823.049343
822.851591
822.588359
822.260023
821.867050
821.410000
820.889526
820.306371
820.272391
820.855063
821.375105
821.831776
822.224423
822.552488
822.815501
823.013090
823.144972
823.210960
823.210960
823.144972
823.013090
822.815501
822.552488
822.224423
821.831776
821.375105
820.855063
820.272391
820.238439
820.820628
821.340240
821.796532
822.188854
822.516646
822.779442
822.976867
823.108640
823.174573
823.174573
823.108640
822.976867
822.779442
822.516646
822.188854
821.796532
821.340240
820.820628
820.238439
820.204516
820.786222
821.305403
821.761317
822.153314
822.480834
822.743412
822.940674
823.072337
823.138216
823.138216
823.072337
822.940674
822.743412
822.480834
822.153314
821.761317
821.305403
820.786222
820.204516
820.170621
820.751845
821.270595
821.726131
822.117803
822.445053
822.707413
822.904511
823.036066
823.101890
823.101890
823.036066
822.904511
822.707413
822.445053
822.117803
821.726131
821.270595
820.751845
820.170621
820.136754
820.717496
821.235816
821.690975
822.082323
822.409301
822.671444
822.868379
822.999824
823.065594
823.065594
822.999824
822.868379
822.671444
822.409301
822.082323
821.690975
821.235816
820.717496
820.136754
820.102915
820.683176
821.201067
821.655848
822.046872
822.373579
822.635505
822.832276
822.963613
823.029328
823.029328
822.963613
822.832276
822.635505
822.373579
822.046872
821.655848
821.201067
820.683176
820.102915
820.069105
820.648885
821.166346
821.620751
822.011450
822.337887
822.599596
822.796204
822.927432
822.993093
822.993093
822.927432
822.796204
822.599596
822.337887
822.011450
821.620751
821.166346
820.648885
820.069105
820.035323
820.614622
821.131655
821.585683
821.976058
822.302224
822.563717
822.760162
822.891281
822.956888
822.956888
822.891281
822.760162
822.563717
822.302224
821.976058
821.585683
821.131655
820.614622
820.035323
820.001569
820.580388
821.096992
821.550644
821.940696
822.266592
822.527867
822.724150
822.855161
822.920713
822.920713
822.855161
822.724150
822.527867
822.266592
821.940696
821.550644
821.096992
820.580388
820.001569
819.967843
820.546182
821.062358
821.515634
821.905363
822.230989
822.492048
822.688168
822.819070
822.884568
822.884568
822.819070
822.688168
822.492048
822.230989
821.905363
821.515634
821.062358
820.546182
819.967843
819.934145
820.512005
821.027753
821.480654
821.870059
822.195416
822.456259
822.652216
822.783010
822.848454
822.848454
822.783010
822.652216
822.456259
822.195416
821.870059
821.480654
821.027753
820.512005
819.934145
819.900475
820.477856
820.993177
821.445702
821.834786
822.159872
822.420499
822.616295
822.746980
822.812369
822.812369
822.746980
822.616295
822.420499
822.159872
821.834786
821.445702
820.993177
820.477856
819.900475
819.866834
820.443736
820.958630
821.410780
821.799541
822.124359
822.384769
822.580403
822.710980
822.776315
822.776315
822.710980
822.580403
822.384769
822.124359
821.799541
821.410780
820.958630
820.443736
819.866834
819.833220
820.409644
820.924112
821.375887
821.764326
822.088874
822.349070
822.544541
822.675010
822.740291
822.740291
822.675010
822.544541
822.349070
822.088874
821.764326
821.375887
820.924112
820.409644
819.833220
819.799635
820.375581
820.889622
821.341023
821.729140
822.053420
822.313399
822.508709
822.639070
822.704297
822.704297
822.639070
822.508709
822.313399
822.053420
821.729140
821.341023
820.889622
820.375581
819.799635
819.766077
820.341546
820.855161
821.306188
821.693984
822.017995
822.277759
822.472907
822.603160
822.668333
822.668333
822.603160
822.472907
822.277759
822.017995
821.693984
821.306188
820.855161
820.341546
819.766077
819.732548
820.307540
820.820729
821.271383
821.658857
821.982600
822.242149
822.437135
822.567280
822.632399
822.632399
822.567280
822.437135
822.242149
821.982600
821.658857
821.271383
820.820729
820.307540
819.732548
819.699046
820.273562
820.786326
821.236606
821.623759
821.947234
822.206568
822.401392
822.531430
822.596495
822.596495
822.531430
822.401392
822.206568
821.947234
821.623759
821.236606
820.786326
820.273562
819.699046
819.665573
820.239612
820.751951
821.201858
821.588691
821.911897
822.171017
822.365680
822.495610
822.560621
822.560621
822.495610
822.365680
822.171017
821.911897
821.588691
821.201858
820.751951
820.239612
819.665573
819.632127
820.205691
820.717605
821.167140
821.553652
821.876590
822.135495
822.329997
822.459819
822.524777
822.524777
822.459819
822.329997
822.135495
821.876590
821.553652
821.167140
820.717605
820.205691
819.632127
819.598709
820.171798
820.683288
821.132450
821.518642
821.841313
822.100003
822.294344
822.424059
822.488962
822.488962
822.424059
822.294344
822.100003
821.841313
821.518642
821.132450
820.683288
820.171798
819.598709
819.565319
820.137933
820.648999
821.097789
821.483661
821.806065
822.064541
822.258721
822.388328
822.453178
822.453178
822.388328
822.258721
822.064541
821.806065
821.483661
821.097789
820.648999
820.137933
819.565319
819.531957
820.104096
820.614739
821.063157
821.448710
821.770847
822.029109
822.223128
822.352628
822.417424
822.417424
822.352628
822.223128
822.029109
821.770847
821.448710
821.063157
820.614739
820.104096
819.531957
819.498623
820.070288
820.580508
821.028554
821.413787
821.735658
821.993706
822.187564
822.316957
822.381699
822.381699
822.316957
822.187564
821.993706
821.735658
821.413787
821.028554
820.580508
820.070288
819.498623
819.465316
820.036507
820.546305
820.993980
821.378894
821.700498
821.958332
822.152030
822.281315
822.346004
822.346004
822.281315
822.152030
821.958332
821.700498
821.378894
820.993980
820.546305
820.036507
819.465316
819.432038
820.002755
820.512131
820.959435
821.344030
821.665367
821.922988
822.116526
822.245704
822.310339
822.310339
822.245704
822.116526
821.922988
821.665367
821.344030
820.959435
820.512131
820.002755
819.432038
819.398787
819.969032
820.477985
820.924919
821.309195
821.630266
821.887674
822.081051
822.210122
822.274704
822.274704
822.210122
822.081051
821.887674
821.630266
821.309195
820.924919
820.477985
819.969032
819.398787
819.365563
819.935336
820.443867
820.890431
821.274389
821.595194
821.852389
822.045606
822.174570
822.239099
822.239099
822.174570
822.045606
821.852389
821.595194
821.274389
820.890431
820.443867
819.935336
819.365563
819.332368
819.901668
820.409778
820.855972
821.239612
821.560152
821.817133
822.010190
822.139048
822.203523
822.203523
822.139048
822.010190
821.817133
821.560152
821.239612
820.855972
820.409778
819.901668
819.332368
819.299200
819.868028
820.375718
820.821542
821.204864
821.525138
821.781907
821.974804
822.103555
822.167977
822.167977
822.103555
821.974804
821.781907
821.525138
821.204864
820.821542
820.375718
819.868028
819.299200
819.266059
819.834417
820.341685
820.787140
821.170145
821.490154
821.746710
821.939448
822.068092
822.132460
822.132460
822.068092
821.939448
821.746710
821.490154
821.170145
820.787140
820.341685
819.834417
819.266059
819.232947
819.800833
820.307682
820.752768
821.135456
821.455199
821.711543
821.904121
822.032659
822.096973
822.096973
822.032659
821.904121
821.711543
821.455199
821.135456
820.752768
820.307682
819.800833
819.232947
819.199862
819.767278
820.273706
820.718424
821.100795
821.420273
821.676405
821.868823
821.997255
822.061516
822.061516
821.997255
821.868823
821.676405
821.420273
821.100795
820.718424
820.273706
819.767278
819.199862
819.166804
819.733750
820.239759
820.684108
821.066162
821.385377
821.641296
821.833555
821.961880
822.026089
822.026089
821.961880
821.833555
821.641296
821.385377
821.066162
820.684108
820.239759
819.733750
819.166804
819.133774
819.700251
820.205840
820.649821
821.031559
821.350509
821.606217
821.798317
821.926536
821.990691
821.990691
821.926536
821.798317
821.606217
821.350509
821.031559
820.649821
820.205840
819.700251
819.133774
819.100772
819.666779
820.171950
820.615563
820.996985
821.315671
821.571166
821.763107
821.891220
821.955322
821.955322
821.891220
821.763107
821.571166
821.315671
820.996985
820.615563
820.171950
819.666779
819.100772
819.067797
819.633335
820.138088
820.581333
820.962439
821.280861
821.536145
821.727928
821.855934
821.919983
821.919983
821.855934
821.727928
821.536145
821.280861
820.962439
820.581333
820.138088
819.633335
819.067797
819.034850
819.599919
820.104254
820.547132
820.927923
821.246081
821.501154
821.692777
821.820678
821.884674
821.884674
821.820678
821.692777
821.501154
821.246081
820.927923
820.547132
820.104254
819.599919
819.034850
819.001930
819.566531
820.070448
820.512960
820.893435
821.211330
821.466191
821.657656
821.785451
821.849394
821.849394
821.785451
821.657656
821.466191
821.211330
820.893435
820.512960
820.070448
819.566531
819.001930
818.969037
819.533171
820.036670
820.478816
820.858976
821.176607
821.431258
821.622564
821.750253
821.814143
821.814143
821.750253
821.622564
821.431258
821.176607
820.858976
820.478816
820.036670
819.533171
818.969037
818.721413
819.450721
819.991685
820.442130
820.823957
821.141779
821.396323
821.587494
821.715083
821.778921
821.778921
821.715083
821.587494
821.396323
821.141779
820.823957
820.442130
819.991685
819.450721
818.721413
818.568350
819.345733
819.931460
820.399667
820.787110
821.106434
821.361264
821.552413
821.679931
821.743726
821.743726
821.679931
821.552413
821.361264
821.106434
820.787110
820.399667
819.931460
819.345733
818.568350
818.448188
819.244943
819.862360
820.350862
820.747367
821.070004
821.325853
821.517238
821.644771
821.708545
821.708545
821.644771
821.517238
821.325853
821.070004
820.747367
820.350862
819.862360
819.244943
818.448188
818.343939
819.150767
819.790090
820.297176
820.704436
821.032030
821.289815
821.481845
821.609551
821.673356
821.673356
821.609551
821.481845
821.289815
821.032030
820.704436
820.297176
819.790090
819.150767
818.343939
818.249311
819.062268
819.717334
820.240322
820.658629
820.992302
821.252914
821.446088
821.574196
821.638117
821.638117
821.574196
821.446088
821.252914
820.992302
820.658629
820.240322
819.717334
819.062268
818.249311
818.161306
818.978346
819.645217
820.181589
820.610488
820.950834
821.215002
821.409832
821.538621
821.602772
821.602772
821.538621
821.409832
821.215002
820.950834
820.610488
820.181589
819.645217
818.978346
818.161306
818.078228
818.898138
819.574180
820.121833
820.560559
820.907774
821.176021
821.372972
821.502735
821.567248
821.567248
821.502735
821.372972
821.176021
820.907774
820.560559
820.121833
819.574180
818.898138
818.078228
817.999006
818.820999
819.504367
820.061604
820.509304
820.863327
821.135983
821.335440
821.466458
821.531472
821.531472
821.466458
821.335440
821.135983
820.863327
820.509304
820.061604
819.504367
818.820999
817.999006
817.922909
818.746445
819.435794
820.001249
820.457093
820.817707
821.094943
821.297200
821.429721
821.495368
821.495368
821.429721
821.297200
821.094943
820.817707
820.457093
820.001249
819.435794
818.746445
817.922909
817.849413
818.674101
819.368421
819.940986
820.404208
820.771114
821.052981
821.258245
821.392472
821.458870
821.458870
821.392472
821.258245
821.052981
820.771114
820.404208
819.940986
819.368421
818.674101
817.849413
817.778127
818.603675
819.302183
819.880955
820.350863
820.723724
821.010187
821.218584
821.354673
821.421921
821.421921
821.354673
821.218584
821.010187
820.723724
820.350863
819.880955
819.302183
818.603675
817.778127
817.708751
818.534934
819.237011
819.821241
820.297218
820.675683
820.966648
821.178241
821.316303
821.384474
821.384474
821.316303
821.178241
820.966648
820.675683
820.297218
819.821241
819.237011
818.534934
817.708751
817.641046
818.467688
819.172834
819.761897
820.243396
820.627117
820.922446
821.137246
821.277349
821.346498
821.346498
821.277349
821.137246
820.922446
820.627117
820.243396
819.761897
819.172834
818.467688
817.641046
817.574819
818.401779
819.109585
819.702951
820.189487
820.578128
820.877658
821.095633
821.237809
821.307969
821.307969
821.237809
821.095633
820.877658
820.578128
820.189487
819.702951
819.109585
818.401779
817.574819
817.509915
818.337076
819.047202
819.644419
820.135558
820.528797
820.832349
821.053438
821.197689
821.268877
821.268877
821.197689
821.053438
820.832349
820.528797
820.135558
819.644419
819.047202
818.337076
817.509915
817.446200
818.273468
818.985625
819.586304
820.081660
820.479195
820.786580
821.010695
821.157001
821.229218
821.229218
821.157001
821.010695
820.786580
820.479195
820.081660
819.586304
818.985625
818.273468
817.446200
817.383564
818.210859
818.924802
819.528605
820.027830
820.429374
820.740401
820.967441
821.115759
821.188995
821.188995
821.115759
820.967441
820.740401
820.429374
820.027830
819.528605
818.924802
818.210859
817.383564
817.321912
818.149166
818.864685
819.471313
819.974096
820.379382
820.693858
820.923707
821.073984
821.148219
821.148219
821.073984
820.923707
820.693858
820.379382
819.974096
819.471313
818.864685
818.149166
817.321912
817.261162
818.088316
818.805227
819.414418
819.920476
820.329253
820.646989
820.879526
821.031695
821.106902
821.106902
821.031695
820.879526
820.646989
820.329253
819.920476
819.414418
818.805227
818.088316
817.261162
817.201243
818.028247
818.746389
819.357909
819.866985
820.279017
820.599828
820.834927
820.988914
821.065062
821.065062
820.988914
820.834927
820.599828
820.279017
819.866985
819.357909
818.746389
818.028247
817.201243
817.142091
817.968902
818.688132
819.301772
819.813632
820.228698
820.552404
820.789938
820.945666
821.022717
821.022717
820.945666
820.789938
820.552404
820.228698
819.813632
819.301772
818.688132
817.968902
817.142091
817.083650
817.910230
818.630421
819.245991
819.760421
820.178317
820.504745
820.744585
820.901973
820.979889
820.979889
820.901973
820.744585
820.504745
820.178317
819.760421
819.245991
818.630421
817.910230
817.083650
817.025871
817.852185
818.573223
819.190554
819.707356
820.127888
820.456872
820.698893
820.857858
820.936600
820.936600
820.857858
820.698893
820.456872
820.127888
819.707356
819.190554
818.573223
817.852185
817.025871
816.968709
817.794727
818.516510
819.135446
819.654438
820.077424
820.408807
820.652884
820.813345
820.892871
820.892871
820.813345
820.652884
820.408807
820.077424
819.654438
819.135446
818.516510
817.794727
816.968709
816.912124
817.737818
818.460253
819.080652
819.601666
820.026938
820.360567
820.606581
820.768456
820.848726
820.848726
820.768456
820.606581
820.360567
820.026938
819.601666
819.080652
818.460253
817.737818
816.912124
816.856078
817.681424
818.404426
819.026157
819.549039
819.976436
820.312168
820.560004
820.723213
820.804187
820.804187
820.723213
820.560004
820.312168
819.976436
819.549039
819.026157
818.404426
817.681424
816.856078
816.800538
817.625514
818.349006
818.971949
819.496554
819.925928
820.263625
820.513172
820.677637
820.759275
820.759275
820.677637
820.513172
820.263625
819.925928
819.496554
818.971949
818.349006
817.625514
816.800538
816.745473
817.570059
818.293969
818.918014
819.444207
819.875418
820.214950
820.466102
820.631749
820.714012
820.714012
820.631749
820.466102
820.214950
819.875418
819.444207
818.918014
818.293969
817.570059
816.745473
816.690856
817.515032
818.239296
818.864340
819.391996
819.824912
820.166157
820.418811
820.585568
820.668419
820.668419
820.585568
820.418811
820.166157
819.824912
819.391996
818.864340
818.239296
817.515032
816.690856
816.636659
817.460409
818.184966
818.810914
819.339916
819.774413
820.117256
820.371315
820.539112
820.622516
820.622516
820.539112
820.371315
820.117256
819.774413
819.339916
818.810914
818.184966
817.460409
816.636659
816.582859
817.406168
818.130961
818.757725
819.287965
819.723927
820.068257
820.323628
820.492400
820.576322
820.576322
820.492400
820.323628
820.068257
819.723927
819.287965
818.757725
818.130961
817.406168
816.582859
816.529433
817.352286
818.077264
818.704762
819.236137
819.673455
820.019168
820.275765
820.445449
820.529855
820.529855
820.445449
820.275765
820.019168
819.673455
819.236137
818.704762
818.077264
817.352286
816.529433
816.476360
817.298744
818.023860
818.652013
819.184428
819.623001
819.969999
820.227738
820.398273
820.483133
820.483133
820.398273
820.227738
819.969999
819.623001
819.184428
818.652013
818.023860
817.298744
816.476360
816.423622
817.245525
817.970732
818.599471
819.132836
819.572566
819.920757
820.179560
820.350889
820.436173
820.436173
820.350889
820.179560
819.920757
819.572566
819.132836
818.599471
817.970732
817.245525
816.423622
816.371200
817.192610
817.917867
818.547124
819.081356
819.522153
819.871449
820.131241
820.303311
820.388991
820.388991
820.303311
820.131241
819.871449
819.522153
819.081356
818.547124
817.917867
817.192610
816.371200
816.319077
817.139983
817.865251
818.494963
819.029984
819.471763
819.822082
820.082794
820.255553
820.341601
820.341601
820.255553
820.082794
819.822082
819.471763
819.029984
818.494963
817.865251
817.139983
816.319077
816.267237
817.087631
817.812873
818.442982
818.978717
819.421397
819.772663
820.034227
820.207627
820.294018
820.294018
820.207627
820.034227
819.772663
819.421397
818.978717
818.442982
817.812873
817.087631
816.267237
816.215667
817.035537
817.760720
818.391171
818.927552
819.371058
819.723197
819.985550
820.159546
820.246256
820.246256
820.159546
819.985550
819.723197
819.371058
818.927552
818.391171
817.760720
817.035537
816.215667
816.164351
816.983691
817.708781
818.339522
818.876484
819.320746
819.673689
819.936773
820.111320
820.198327
820.198327
820.111320
819.936773
819.673689
819.320746
818.876484
818.339522
817.708781
816.983691
816.164351
816.113277
816.932078
817.657047
818.288030
818.825512
819.270462
819.624144
819.887903
820.062962
820.150243
820.150243
820.062962
819.887903
819.624144
819.270462
818.825512
818.288030
817.657047
816.932078
816.113277
816.062433
816.880687
817.605507
818.236687
818.774631
819.220207
819.574568
819.838949
820.014480
820.102016
820.102016
820.014480
819.838949
819.574568
819.220207
818.774631
818.236687
817.605507
816.880687
816.062433
816.011807
816.829508
817.554152
818.185486
818.723839
819.169983
819.524964
819.789919
819.965886
820.053657
820.053657
819.965886
819.789919
819.524964
819.169983
818.723839
818.185486
817.554152
816.829508
816.011807
815.961389
816.778530
817.502973
818.134422
818.673133
819.119789
819.475337
819.740818
819.917187
820.005175
820.005175
819.917187
819.740818
819.475337
819.119789
818.673133
818.134422
817.502973
816.778530
815.961389
815.911169
816.727744
817.451964
818.083489
818.622510
819.069626
819.425691
819.691653
819.868393
819.956581
819.956581
819.868393
819.691653
819.425691
819.069626
818.622510
818.083489
817.451964
816.727744
815.911169
815.861137
816.677141
817.401115
818.032682
818.571969
819.019496
819.376029
819.642432
819.819510
819.907882
819.907882
819.819510
819.642432
819.376029
819.019496
818.571969
818.032682
817.401115
816.677141
815.861137
815.811284
816.626712
817.350420
817.981995
818.521507
818.969398
819.326355
819.593159
819.770548
819.859089
819.859089
819.770548
819.593159
819.326355
818.969398
818.521507
817.981995
817.350420
816.626712
815.811284
815.761603
816.576448
817.299872
817.931425
818.471121
818.919333
819.276671
819.543840
819.721513
819.810209
819.810209
819.721513
819.543840
819.276671
818.919333
818.471121
817.931425
817.299872
816.576448
815.761603
815.712084
816.526344
817.249464
817.880966
818.420810
818.869303
819.226981
819.494481
819.672412
819.761249
819.761249
819.672412
819.494481
819.226981
818.869303
818.420810
817.880966
817.249464
816.526344
815.712084
815.662722
816.476391
817.199192
817.830614
818.370571
818.819306
819.177288
819.445086
819.623251
819.712216
819.712216
819.623251
819.445086
819.177288
818.819306
818.370571
817.830614
817.199192
816.476391
815.662722
815.613508
816.426583
817.149048
817.780366
818.320402
818.769344
819.127594
819.395659
819.574036
819.663118
819.663118
819.574036
819.395659
819.127594
818.769344
818.320402
817.780366
817.149048
816.426583
815.613508
815.564437
816.376914
817.099029
817.730218
818.270303
818.719416
819.077901
819.346205
819.524773
819.613960
819.613960
819.524773
819.346205
819.077901
818.719416
818.270303
817.730218
817.099029
816.376914
815.564437
815.515502
816.327377
817.049128
817.680166
818.220271
818.669525
819.028213
819.296728
819.475467
819.564748
819.564748
819.475467
819.296728
819.028213
818.669525
818.220271
817.680166
817.049128
816.327377
815.515502
815.466698
816.277968
816.999342
817.630206
818.170304
818.619668
818.978531
819.247232
819.426123
819.515489
819.515489
819.426123
819.247232
818.978531
818.619668
818.170304
817.630206
816.999342
816.277968
815.466698
815.418019
816.228681
816.949666
817.580337
818.120402
818.569848
818.928857
819.197720
819.376745
819.466187
819.466187
819.376745
819.197720
818.928857
818.569848
818.120402
817.580337
816.949666
816.228681
815.418019
815.369460
816.179511
816.900095
817.530554
818.070563
818.520064
818.879194
819.148195
819.327338
819.416847
819.416847
819.327338
819.148195
818.879194
818.520064
818.070563
817.530554
816.900095
816.179511
815.369460
815.321015
816.130454
816.850626
817.480855
818.020784
818.470316
818.829542
819.098662
819.277907
819.367474
819.367474
819.277907
819.098662
818.829542
818.470316
818.020784
817.480855
816.850626
816.130454
815.321015
815.272682
816.081505
816.801255
817.431238
817.971066
818.420606
818.779904
819.049122
819.228454
819.318072
819.318072
819.228454
819.049122
818.779904
818.420606
817.971066
817.431238
816.801255
816.081505
815.272682
815.224455
816.032660
816.751979
817.381700
817.921408
818.370932
818.730282
818.999579
819.178985
819.268646
819.268646
819.178985
818.999579
818.730282
818.370932
817.921408
817.381700
816.751979
816.032660
815.224455
815.176330
815.983916
816.702794
817.332238
817.871807
818.321295
818.680676
818.950034
819.129501
819.219198
819.219198
819.129501
818.950034
818.680676
818.321295
817.871807
817.332238
816.702794
815.983916
815.176330
815.128304
815.935268
816.653697
817.282851
817.822263
818.271696
818.631089
818.900492
819.080007
819.169734
819.169734
819.080007
818.900492
818.631089
818.271696
817.822263
817.282851
816.653697
815.935268
815.128304
815.080373
815.886713
816.604686
817.233537
817.772774
818.222134
818.581521
818.850953
819.030505
819.120256
819.120256
819.030505
818.850953
818.581521
818.222134
817.772774
817.233537
816.604686
815.886713
815.080373
815.032533
815.838249
816.555758
817.184293
817.723341
818.172610
818.531974
818.801421
818.980998
819.070767
819.070767
818.980998
818.801421
818.531974
818.172610
817.723341
817.184293
816.555758
815.838249
815.032533
814.984782
815.789871
816.506910
817.135118
817.673962
818.123124
818.482449
818.751896
818.931490
819.021272
819.021272
818.931490
818.751896
818.482449
818.123124
817.673962
817.135118
816.506910
815.789871
814.984782
814.937117
815.741578
816.458140
817.086009
817.624636
818.073676
818.432947
818.702382
818.881982
818.971771
818.971771
818.881982
818.702382
818.432947
818.073676
817.624636
817.086009
816.458140
815.741578
814.937117
814.889535
815.693366
816.409445
817.036967
817.575363
818.024266
818.383469
818.652880
818.832476
818.922269
818.922269
818.832476
818.652880
818.383469
818.024266
817.575363
817.036967
816.409445
815.693366
814.889535
814.842032
815.645233
816.360823
816.987988
817.526141
817.974894
818.334016
818.603391
818.782976
818.872767
818.872767
818.782976
818.603391
818.334016
817.974894
817.526141
816.987988
816.360823
815.645233
814.842032
814.794607
815.597177
816.312273
816.939072
817.476971
817.925561
818.284589
818.553917
818.733483
818.823268
818.823268
818.733483
818.553917
818.284589
817.925561
817.476971
816.939072
816.312273
815.597177
814.794607
814.747258
815.549195
816.263792
816.890216
817.427851
817.876266
818.235189
818.504460
818.683999
818.773774
818.773774
818.683999
818.504460
818.235189
817.876266
817.427851
816.890216
816.263792
815.549195
814.747258
814.699982
815.501286
816.215379
816.841421
817.378780
817.827010
818.185817
818.455021
818.634527
818.724288
818.724288
818.634527
818.455021
818.185817
817.827010
817.378780
816.841421
816.215379
815.501286
814.699982
814.652777
815.453446
816.167032
816.792684
817.329759
817.777793
818.136473
818.405601
818.585067
818.674811
818.674811
818.585067
818.405601
818.136473
817.777793
817.329759
816.792684
816.167032
815.453446
814.652777
814.605640
815.405676
816.118749
816.744005
817.280786
817.728614
818.087158
818.356203
818.535621
818.625345
818.625345
818.535621
818.356203
818.087158
817.728614
817.280786
816.744005
816.118749
815.405676
814.605640
814.558572
815.357971
816.070529
816.695382
817.231862
817.679475
818.037872
818.306825
818.486192
818.575892
818.575892
818.486192
818.306825
818.037872
817.679475
817.231862
816.695382
816.070529
815.357971
814.558572
814.511568
815.310332
816.022371
816.646815
817.182985
817.630374
817.988618
818.257471
818.436779
818.526453
818.526453
818.436779
818.257471
817.988618
817.630374
817.182985
816.646815
816.022371
815.310332
814.511568
814.464629
815.262756
815.974272
816.598302
817.134156
817.581312
817.939394
818.208141
818.387386
818.477031
818.477031
818.387386
818.208141
817.939394
817.581312
817.134156
816.598302
815.974272
815.262756
814.464629
814.417752
815.215242
815.926233
816.549842
817.085373
817.532289
817.890202
818.158836
818.338013
818.427626
818.427626
818.338013
818.158836
817.890202
817.532289
817.085373
816.549842
815.926233
815.215242
814.417752
814.370936
815.167789
815.878251
816.501436
817.036636
817.483306
817.841041
818.109556
818.288661
818.378240
818.378240
818.288661
818.109556
817.841041
817.483306
817.036636
816.501436
815.878251
815.167789
814.370936
814.324180
815.120395
815.830326
816.453081
816.987945
817.434361
817.791913
818.060304
818.239331
818.328874
818.328874
818.239331
818.060304
817.791913
817.434361
816.987945
816.453081
815.830326
815.120395
814.324180
814.277481
815.073059
815.782456
816.404778
816.939300
817.385456
817.742818
818.011078
818.190025
818.279529
818.279529
818.190025
818.011078
817.742818
817.385456
816.939300
816.404778
815.782456
815.073059
814.277481
814.230840
815.025780
815.734641
816.356525
816.890700
817.336590
817.693757
817.961881
818.140743
818.230207
818.230207
818.140743
817.961881
817.693757
817.336590
816.890700
816.356525
815.734641
815.025780
814.230840
814.184255
814.978556
815.686880
816.308322
816.842145
817.287763
817.644729
817.912713
818.091487
818.180908
818.180908
818.091487
817.912713
817.644729
817.287763
816.842145
816.308322
815.686880
814.978556
814.184255
814.137725
814.931388
815.639171
816.260168
816.793634
817.238976
817.595735
817.863575
818.042257
818.131634
818.131634
818.042257
817.863575
817.595735
817.238976
816.793634
816.260168
815.639171
814.931388
814.137725
814.091248
814.884273
815.591514
816.212063
816.745168
817.190227
817.546776
817.814466
817.993054
818.082385
818.082385
817.993054
817.814466
817.546776
817.190227
816.745168
816.212063
815.591514
814.884273
814.091248
814.044825
814.837210
815.543909
816.164005
816.696745
817.141519
817.497852
817.765389
817.943879
818.033163
818.033163
817.943879
817.765389
817.497852
817.141519
816.696745
816.164005
815.543909
814.837210
814.044825
813.998453
814.790200
815.496353
816.115996
816.648366
817.092849
817.448963
817.716343
817.894733
817.983968
817.983968
817.894733
817.716343
817.448963
817.092849
816.648366
816.115996
815.496353
814.790200
813.998453
813.952133
814.743241
815.448848
816.068033
816.600031
817.044219
817.400109
817.667329
817.845616
817.934800
817.934800
817.845616
817.667329
817.400109
817.044219
816.600031
816.068033
815.448848
814.743241
813.952133
813.905862
814.696332
815.401391
816.020117
816.551738
816.995628
817.351290
817.618347
817.796528
817.885661
817.885661
817.796528
817.618347
817.351290
816.995628
816.551738
816.020117
815.401391
814.696332
813.905862
813.859642
814.649473
815.353983
815.972246
816.503489
816.947077
817.302508
817.569398
817.747472
817.836552
817.836552
817.747472
817.569398
817.302508
816.947077
816.503489
815.972246
815.353983
814.649473
813.859642
813.813470
814.602663
815.306622
815.924422
816.455282
816.898565
817.253762
817.520482
817.698446
817.787473
817.787473
817.698446
817.520482
817.253762
816.898565
816.455282
815.924422
815.306622
814.602663
813.813470
813.767346
814.555901
815.259309
815.876643
816.407118
816.850093
817.205052
817.471600
817.649452
817.738424
817.738424
817.649452
817.471600
817.205052
816.850093
816.407118
815.876643
815.259309
814.555901
813.767346
813.721270
814.509187
815.212043
815.828908
816.358997
816.801660
817.156378
817.422752
817.600490
817.689406
817.689406
817.600490
817.422752
817.156378
816.801660
816.358997
815.828908
815.212043
814.509187
813.721270
813.675241
814.462520
815.164823
815.781218
816.310917
816.753266
817.107741
817.373938
817.551561
817.640420
817.640420
817.551561
817.373938
817.107741
816.753266
816.310917
815.781218
815.164823
814.462520
813.675241
813.629259
814.415899
815.117648
815.733572
816.262879
816.704912
817.059141
817.325158
817.502665
817.591466
817.591466
817.502665
817.325158
817.059141
816.704912
816.262879
815.733572
815.117648
814.415899
813.629259
813.583322
814.369325
815.070519
815.685970
816.214883
816.656597
817.010579
817.276414
817.453802
817.542544
817.542544
817.453802
817.276414
817.010579
816.656597
816.214883
815.685970
815.070519
814.369325
813.583322
813.537430
814.322796
815.023435
815.638412
816.166929
816.608322
816.962053
817.227705
817.404973
817.493656
817.493656
817.404973
817.227705
816.962053
816.608322
816.166929
815.638412
815.023435
814.322796
813.537430
813.491583
814.276312
814.976396
815.590897
816.119016
816.560086
816.913565
817.179032
817.356178
817.444800
817.444800
817.356178
817.179032
816.913565
816.560086
816.119016
815.590897
814.976396
814.276312
813.491583
813.445781
814.229873
814.929400
815.543425
816.071145
816.511889
816.865114
817.130394
817.307417
817.395979
817.395979
817.307417
817.130394
816.865114
816.511889
816.071145
815.543425
814.929400
814.229873
813.445781
813.400023
814.183478
814.882448
815.495995
816.023314
816.463732
816.816700
817.081792
817.258691
817.347192
817.347192
817.258691
817.081792
816.816700
816.463732
816.023314
815.495995
814.882448
814.183478
813.400023
813.354308
814.137127
814.835540
815.448608
815.975525
816.415614
816.768325
817.033226
817.210001
817.298440
817.298440
817.210001
817.033226
816.768325
816.415614
815.975525
815.448608
814.835540
814.137127
813.354308
813.308636
814.090819
814.788675
815.401264
815.927776
816.367535
816.719987
816.984697
817.161345
817.249722
817.249722
817.161345
816.984697
816.719987
816.367535
815.927776
815.401264
814.788675
814.090819
813.308636
813.263007
814.044555
814.741853
815.353961
815.880069
816.319496
816.671687
816.936204
817.112726
817.201039
817.201039
817.112726
816.936204
816.671687
816.319496
815.880069
815.353961
814.741853
814.044555
813.263007
813.217421
813.998333
814.695073
815.306700
815.832402
816.271496
816.623425
816.887748
817.064142
817.152392
817.152392
817.064142
816.887748
816.623425
816.271496
815.832402
815.306700
814.695073
813.998333
813.217421
813.171877
813.952154
814.648336
815.259481
815.784775
816.223536
816.575201
816.839329
817.015594
817.103780
817.103780
817.015594
816.839329
816.575201
816.223536
815.784775
815.259481
814.648336
813.952154
813.171877
813.126375
813.906017
814.601641
815.212303
815.737189
816.175615
816.527015
816.790947
816.967083
817.055204
817.055204
816.967083
816.790947
816.527015
816.175615
815.737189
815.212303
814.601641
813.906017
813.126375
813.080914
813.859922
814.554987
815.165166
815.689644
816.127733
816.478868
816.742603
816.918608
817.006664
817.006664
816.918608
816.742603
816.478868
816.127733
815.689644
815.165166
814.554987
813.859922
813.080914
813.035494
813.813869
814.508375
815.118070
815.642138
816.079890
816.430758
816.694295
816.870169
816.958161
816.958161
816.870169
816.694295
816.430758
816.079890
815.642138
815.118070
814.508375
813.813869
813.035494
812.990116
813.767857
814.461805
815.071016
815.594673
816.032087
816.382687
816.646025
816.821768
816.909694
816.909694
816.821768
816.646025
816.382687
816.032087
815.594673
815.071016
814.461805
813.767857
812.990116
812.944778
813.721886
814.415275
815.024002
815.547248
815.984322
816.334654
816.597793
816.773403
816.861263
816.861263
816.773403
816.597793
816.334654
815.984322
815.547248
815.024002
814.415275
813.721886
812.944778
812.899481
813.675956
814.368787
814.977028
815.499863
815.936597
816.286660
816.549598
816.725075
816.812870
816.812870
816.725075
816.549598
816.286660
815.936597
815.499863
814.977028
814.368787
813.675956
812.899481
812.854224
813.630067
814.322339
814.930095
815.452517
815.888911
816.238704
816.501441
816.676785
816.764513
816.764513
816.676785
816.501441
816.238704
815.888911
815.452517
814.930095
814.322339
813.630067
812.854224
812.809008
813.584219
814.275932
814.883202
815.405212
815.841265
816.190786
816.453322
816.628532
816.716193
816.716193
816.628532
816.453322
816.190786
815.841265
815.405212
814.883202
814.275932
813.584219
812.809008
812.763831
813.538410
814.229565
814.836350
815.357946
815.793657
816.142907
816.405240
816.580317
816.667911
816.667911
816.580317
816.405240
816.142907
815.793657
815.357946
814.836350
814.229565
813.538410
812.763831
812.718694
813.492642
814.183238
814.789538
815.310720
815.746089
816.095067
816.357197
816.532139
816.619666
816.619666
816.532139
816.357197
816.095067
815.746089
815.310720
814.789538
814.183238
813.492642
812.718694
812.673596
813.446914
814.136952
814.742765
815.263533
815.698559
816.047265
816.309192
816.483999
816.571459
816.571459
816.483999
816.309192
816.047265
815.698559
815.263533
814.742765
814.136952
813.446914
812.673596
812.628538
813.401226
814.090705
814.696032
815.216386
815.651069
815.999501
816.261225
816.435896
816.523289
816.523289
816.435896
816.261225
815.999501
815.651069
815.216386
814.696032
814.090705
813.401226
812.628538
812.583519
813.355577
814.044499
814.649339
815.169279
815.603618
815.951777
816.213296
816.387832
816.475156
816.475156
816.387832
816.213296
815.951777
815.603618
815.169279
814.649339
814.044499
813.355577
812.583519
812.538539
813.309968
813.998332
814.602686
815.122211
815.556205
815.904090
816.165405
816.339805
816.427062
816.427062
816.339805
816.165405
815.904090
815.556205
815.122211
814.602686
813.998332
813.309968
812.538539
812.493598
813.264398
813.952204
814.556072
815.075182
815.508832
815.856443
816.117552
816.291816
816.379005
816.379005
816.291816
816.117552
815.856443
815.508832
815.075182
814.556072
813.952204
813.264398
812.493598
812.448695
813.218868
813.906116
814.509498
815.028192
815.461497
815.808834
816.069738
816.243866
816.330987
816.330987
816.243866
816.069738
815.808834
815.461497
815.028192
814.509498
813.906116
813.218868
812.448695
812.403832
813.173376
813.860067
814.462963
814.981241
815.414202
815.761263
816.021962
816.195953
816.283006
816.283006
816.195953
816.021962
815.761263
815.414202
814.981241
814.462963
813.860067
813.173376
812.403832
812.359007
813.127923
813.814057
814.416467
814.934330
815.366945
815.713732
815.974225
816.148079
816.235063
816.235063
816.148079
815.974225
815.713732
815.366945
814.934330
814.416467
813.814057
813.127923
812.359007
812.314220
813.082510
813.768087
814.370010
814.887457
815.319728
815.666238
815.926526
816.100243
816.187159
816.187159
816.100243
815.926526
815.666238
815.319728
814.887457
814.370010
813.768087
813.082510
812.314220
812.269471
813.037134
813.722155
814.323592
814.840624
815.272549
815.618784
815.878865
816.052445
816.139292
816.139292
816.052445
815.878865
815.618784
815.272549
814.840624
814.323592
813.722155
813.037134
812.269471
812.224761
812.991798
813.676263
814.277214
814.793830
815.225409
815.571368
815.831243
816.004685
816.091464
816.091464
816.004685
815.831243
815.571368
815.225409
814.793830
814.277214
813.676263
812.991798
812.224761
812.180088
812.946500
813.630409
814.230874
814.747074
815.178307
815.523991
815.783659
815.956964
816.043674
816.043674
815.956964
815.783659
815.523991
815.178307
814.747074
814.230874
813.630409
812.946500
812.180088
812.135453
812.901240
813.584594
814.184573
814.700357
815.131245
815.476652
815.736113
815.909281
815.995922
815.995922
815.909281
815.736113
815.476652
815.131245
814.700357
814.184573
813.584594
812.901240
812.135453
812.090857
812.856019
813.538817
814.138311
814.653680
815.084221
815.429352
815.688607
815.861636
815.948209
815.948209
815.861636
815.688607
815.429352
815.084221
814.653680
814.138311
813.538817
812.856019
812.090857
812.046298
812.810836
813.493079
814.092087
814.607040
815.037236
815.382091
815.641138
815.814030
815.900534
815.900534
815.814030
815.641138
815.382091
815.037236
814.607040
814.092087
813.493079
812.810836
812.046298
812.001776
812.765691
813.447379
814.045903
814.560440
814.990290
815.334868
815.593708
815.766462
815.852897
815.852897
815.766462
815.593708
815.334868
814.990290
814.560440
814.045903
813.447379
812.765691
812.001776
811.957292
812.720584
813.401718
813.999756
814.513878
814.943382
815.287684
815.546317
815.718933
815.805299
815.805299
815.718933
815.546317
815.287684
814.943382
814.513878
813.999756
813.401718
812.720584
811.957292
811.912846
812.675515
813.356095
813.953648
814.467355
814.896513
815.240538
815.498964
815.671442
815.757739
815.757739
815.671442
815.498964
815.240538
814.896513
814.467355
813.953648
813.356095
812.675515
811.912846
811.868437
812.630484
813.310511
813.907579
814.420870
814.849682
815.193431
815.451650
815.623990
815.710218
815.710218
815.623990
815.451650
815.193431
814.849682
814.420870
813.907579
813.310511
812.630484
811.868437
811.824065
812.585491
813.264964
813.861548
814.374424
814.802890
815.146362
815.404374
815.576576
815.662735
815.662735
815.576576
815.404374
815.146362
814.802890
814.374424
813.861548
813.264964
812.585491
811.824065
811.779731
812.540535
813.219455
813.815555
814.328016
814.756136
815.099332
815.357136
815.529200
815.615290
815.615290
815.529200
815.357136
815.099332
814.756136
814.328016
813.815555
813.219455
812.540535
811.779731
811.735434
812.495617
813.173985
813.769601
814.281647
814.709421
815.052340
815.309938
815.481863
815.567884
815.567884
815.481863
815.309938
815.052340
814.709421
814.281647
813.769601
813.173985
812.495617
811.735434
811.691173
812.450737
813.128552
813.723685
814.235316
814.662745
815.005387
815.262777
815.434564
815.520516
815.520516
815.434564
815.262777
815.005387
814.662745
814.235316
813.723685
813.128552
812.450737
811.691173
811.646950
812.405894
813.083158
813.677807
814.189023
814.616106
814.958473
815.215655
815.387304
815.473187
815.473187
815.387304
815.215655
814.958473
814.616106
814.189023
813.677807
813.083158
812.405894
811.646950
811.602764
812.361089
813.037801
813.631967
814.142769
814.569507
814.911596
815.168572
815.340083
815.425897
815.425897
815.340083
815.168572
814.911596
814.569507
814.142769
813.631967
813.037801
812.361089
811.602764
811.558614
812.316321
812.992482
813.586165
814.096553
814.522945
814.864759
815.121527
815.292900
815.378644
815.378644
815.292900
815.121527
814.864759
814.522945
814.096553
813.586165
812.992482
812.316321
811.558614
811.514502
812.271590
812.947201
813.540401
814.050375
814.476422
814.817959
815.074520
815.245755
815.331431
815.331431
815.245755
815.074520
814.817959
814.476422
814.050375
813.540401
812.947201
812.271590
811.514502
811.470426
812.226896
812.901957
813.494675
814.004235
814.429937
814.771198
815.027552
815.198649
815.284255
815.284255
815.198649
815.027552
814.771198
814.429937
814.004235
813.494675
812.901957
812.226896
811.470426
811.426387
812.182240
812.856751
813.448987
813.958134
814.383491
814.724476
814.980622
815.151581
815.237118
815.237118
815.151581
814.980622
814.724476
814.383491
813.958134
813.448987
812.856751
812.182240
811.426387
811.382384
812.137621
812.811582
813.403337
813.912070
814.337082
814.677791
814.933731
815.104551
815.190020
815.190020
815.104551
814.933731
814.677791
814.337082
813.912070
813.403337
812.811582
812.137621
811.382384
811.338418
812.093039
812.766451
813.357725
813.866045
814.290712
814.631145
814.886878
815.057560
815.142960
815.142960
815.057560
814.886878
814.631145
814.290712
813.866045
813.357725
812.766451
812.093039
811.338418
811.294489
812.048494
812.721358
813.312150
813.820057
814.244380
814.584538
814.840063
815.010608
815.095938
815.095938
815.010608
814.840063
814.584538
814.244380
813.820057
813.312150
812.721358
812.048494
811.294489
811.250596
812.003986
812.676301
813.266613
813.774108
814.198087
814.537968
814.793287
814.963694
815.048955
815.048955
814.963694
814.793287
814.537968
814.198087
813.774108
813.266613
812.676301
812.003986
811.250596
811.206740
811.959515
812.631283
813.221114
813.728196
814.151831
814.491437
814.746549
814.916818
815.002010
815.002010
814.916818
814.746549
814.491437
814.151831
813.728196
813.221114
812.631283
811.959515
811.206740
811.162920
811.915081
812.586301
813.175653
813.682322
814.105613
814.444944
814.699850
814.869981
814.955104
814.955104
814.869981
814.699850
814.444944
814.105613
813.682322
813.175653
812.586301
811.915081
811.162920
811.119136
811.870684
812.541357
813.130229
813.636487
814.059434
814.398490
814.653188
814.823181
814.908236
814.908236
814.823181
814.653188
814.398490
814.059434
813.636487
813.130229
812.541357
811.870684
811.119136
811.075389
811.826323
812.496450
813.084842
813.590689
814.013292
814.352073
814.606565
814.776421
814.861406
814.861406
814.776421
814.606565
814.352073
814.013292
813.590689
813.084842
812.496450
811.826323
811.075389
811.031677
811.781999
812.451580
813.039493
813.544928
813.967189
814.305695
814.559980
814.729698
814.814615
814.814615
814.729698
814.559980
814.305695
813.967189
813.544928
813.039493
812.451580
811.781999
811.031677
810.988002
811.737712
812.406747
812.994182
813.499206
813.921123
814.259354
814.513434
814.683014
814.767862
814.767862
814.683014
814.513434
814.259354
813.921123
813.499206
812.994182
812.406747
811.737712
810.988002
810.944364
811.693462
812.361951
812.948908
813.453521
813.875096
814.213052
814.466925
814.636368
814.721147
814.721147
814.636368
814.466925
814.213052
813.875096
813.453521
812.948908
812.361951
811.693462
810.944364
810.900761
811.649248
812.317193
812.903671
813.407874
813.829106
814.166788
814.420455
814.589760
814.674471
814.674471
814.589760
814.420455
814.166788
813.829106
813.407874
812.903671
812.317193
811.649248
810.900761
810.857194
811.605071
812.272471
812.858472
813.362264
813.783154
814.120562
814.374023
814.543191
814.627833
814.627833
814.543191
814.374023
814.120562
813.783154
813.362264
812.858472
812.272471
811.605071
810.857194
810.813663
811.560930
812.227786
812.813310
813.316693
813.737240
814.074373
814.327629
814.496660
814.581233
814.581233
814.496660
814.327629
814.074373
813.737240
813.316693
812.813310
812.227786
811.560930
810.813663
810.770169
811.516826
812.183139
812.768185
813.271158
813.691364
814.028223
814.281273
814.450167
814.534671
814.534671
814.450167
814.281273
814.028223
813.691364
813.271158
812.768185
812.183139
811.516826
810.770169
810.726710
811.472758
812.138528
812.723098
813.225662
813.645525
813.982111
814.234955
814.403712
814.488148
814.488148
814.403712
814.234955
813.982111
813.645525
813.225662
812.723098
812.138528
811.472758
810.726710
810.683287
811.428727
812.093954
812.678048
813.180202
813.599724
813.936036
814.188676
814.357295
814.441662
814.441662
814.357295
814.188676
813.936036
813.599724
813.180202
812.678048
812.093954
811.428727
810.683287
810.639900
811.384732
812.049416
812.633035
813.134780
813.553961
813.890000
814.142434
814.310916
814.395215
814.395215
814.310916
814.142434
813.890000
813.553961
813.134780
812.633035
812.049416
811.384732
810.639900
810.596549
811.340773
812.004916
812.588059
813.089396
813.508236
813.844001
814.096230
814.264575
814.348806
814.348806
814.264575
814.096230
813.844001
813.508236
813.089396
812.588059
812.004916
811.340773
810.596549
810.553234
811.296851
811.960452
812.543120
813.044049
813.462548
813.798041
814.050064
814.218273
814.302435
814.302435
814.218273
814.050064
813.798041
813.462548
813.044049
812.543120
811.960452
811.296851
810.553234
810.509954
811.252964
811.916025
812.498218
812.998740
813.416898
813.752118
814.003937
814.172008
814.256102
814.256102
814.172008
814.003937
813.752118
813.416898
812.998740
812.498218
811.916025
811.252964
810.509954
810.466710
811.209114
811.871635
812.453353
812.953467
813.371286
813.706232
813.957847
814.125782
814.209807
814.209807
814.125782
813.957847
813.706232
813.371286
812.953467
812.453353
811.871635
811.209114
810.466710
810.423502
811.165301
811.827281
812.408526
812.908232
813.325710
813.660385
813.911794
814.079593
814.163550
814.163550
814.079593
813.911794
813.660385
813.325710
812.908232
812.408526
811.827281
811.165301
810.423502
810.380329
811.121523
811.782963
812.363735
812.863034
813.280173
813.614575
813.865780
814.033443
814.117331
814.117331
814.033443
813.865780
813.614575
813.280173
812.863034
812.363735
811.782963
811.121523
810.380329
810.337192
811.077781
811.738683
812.318981
812.817874
813.234673
813.568803
813.819804
813.987330
814.071150
814.071150
813.987330
813.819804
813.568803
813.234673
812.817874
812.318981
811.738683
811.077781
810.337192
810.294091
811.034076
811.694438
812.274264
812.772751
813.189210
813.523069
813.773865
813.941255
814.025007
814.025007
813.941255
813.773865
813.523069
813.189210
812.772751
812.274264
811.694438
811.034076
810.294091
810.251025
810.990407
811.650231
812.229584
812.727664
813.143785
813.477372
813.727964
813.895218
813.978902
813.978902
813.895218
813.727964
813.477372
813.143785
812.727664
812.229584
811.650231
810.990407
810.251025
810.207994
810.946773
811.606059
812.184940
812.682615
813.098397
813.431712
813.682101
813.849219
813.932835
813.932835
813.849219
813.682101
813.431712
813.098397
812.682615
812.184940
811.606059
810.946773
810.207994
810.164999
810.903176
811.561924
812.140334
812.637604
813.053047
813.386091
813.636276
813.803258
813.886806
813.886806
813.803258
813.636276
813.386091
813.053047
812.637604
812.140334
811.561924
810.903176
810.164999
810.122040
810.859614
811.517826
812.095764
812.592629
813.007734
813.340507
813.590488
813.757334
813.840814
813.840814
813.757334
813.590488
813.340507
813.007734
812.592629
812.095764
811.517826
810.859614
810.122040
810.079116
810.816088
811.473764
812.051231
812.547691
812.962458
813.294960
813.544738
813.711448
813.794861
813.794861
813.711448
813.544738
813.294960
812.962458
812.547691
812.051231
811.473764
810.816088
810.079116
810.036227
810.772599
811.429738
812.006734
812.502790
812.917219
813.249451
813.499026
813.665600
813.748945
813.748945
813.665600
813.499026
813.249451
812.917219
812.502790
812.006734
811.429738
810.772599
810.036227
809.993373
810.729145
811.385748
811.962274
812.457926
812.872018
813.203979
813.453351
813.619790
813.703066
813.703066
813.619790
813.453351
813.203979
812.872018
812.457926
811.962274
811.385748
810.729145
809.993373
809.950555
810.685726
811.341795
811.917851
812.413099
812.826854
813.158545
813.407713
813.574017
813.657226
813.657226
813.574017
813.407713
813.158545
812.826854
812.413099
811.917851
811.341795
810.685726
809.950555
809.907772
810.642344
811.297877
811.873465
812.368309
812.781727
813.113148
813.362114
813.528282
813.611423
813.611423
813.528282
813.362114
813.113148
812.781727
812.368309
811.873465
811.297877
810.642344
809.907772
809.865024
810.598997
811.253996
811.829114
812.323556
812.736637
813.067788
813.316551
813.482584
813.565658
813.565658
813.482584
813.316551
813.067788
812.736637
812.323556
811.829114
811.253996
810.598997
809.865024
809.822312
810.555686
811.210151
811.784801
812.278840
812.691584
813.022466
813.271027
813.436924
813.519930
813.519930
813.436924
813.271027
813.022466
812.691584
812.278840
811.784801
811.210151
810.555686
809.822312
809.779634
810.512411
811.166342
811.740524
812.234160
812.646569
812.977181
813.225539
813.391302
813.474241
813.474241
813.391302
813.225539
812.977181
812.646569
812.234160
811.740524
811.166342
810.512411
809.779634
809.736992
810.469171
811.122570
811.696283
812.189517
812.601590
812.931933
813.180089
813.345717
813.428588
813.428588
813.345717
813.180089
812.931933
812.601590
812.189517
811.696283
811.122570
810.469171
809.736992
809.694385
810.425967
811.078833
811.652079
812.144911
812.556649
812.886722
813.134677
813.300170
813.382973
813.382973
813.300170
813.134677
812.886722
812.556649
812.144911
811.652079
811.078833
810.425967
809.694385
809.651812
810.382798
811.035132
811.607911
812.100342
812.511744
812.841549
813.089301
813.254660
813.337396
813.337396
813.254660
813.089301
812.841549
812.511744
812.100342
811.607911
811.035132
810.382798
809.651812
809.609275
810.339665
810.991467
811.563779
812.055809
812.466876
812.796413
813.043963
813.209187
813.291856
813.291856
813.209187
813.043963
812.796413
812.466876
812.055809
811.563779
810.991467
810.339665
809.609275
809.566773
810.296567
810.947838
811.519684
812.011313
812.422045
812.751313
812.998663
813.163752
813.246354
813.246354
813.163752
812.998663
812.751313
812.422045
812.011313
811.519684
810.947838
810.296567
809.566773
809.524306
810.253505
810.904245
811.475625
811.966854
812.377251
812.706251
812.953399
813.118354
813.200889
813.200889
813.118354
812.953399
812.706251
812.377251
811.966854
811.475625
810.904245
810.253505
809.524306
809.481874
810.210478
810.860688
811.431603
811.922431
812.332494
812.661226
812.908173
813.072994
813.155461
813.155461
813.072994
812.908173
812.661226
812.332494
811.922431
811.431603
810.860688
810.210478
809.481874
809.439476
810.167487
810.817167
811.387616
811.878045
812.287774
812.616239
812.862984
813.027671
813.110071
813.110071
813.027671
812.862984
812.616239
812.287774
811.878045
811.387616
810.817167
810.167487
809.439476
809.397114
810.124531
810.773681
811.343666
811.833695
812.243091
812.571288
812.817833
812.982385
813.064718
813.064718
812.982385
812.817833
812.571288
812.243091
811.833695
811.343666
810.773681
810.124531
809.397114
809.354786
810.081610
810.730232
811.299752
811.789382
812.198444
812.526374
812.772718
812.937136
813.019402
813.019402
812.937136
812.772718
812.526374
812.198444
811.789382
811.299752
810.730232
810.081610
809.354786
809.312493
810.038725
810.686818
811.255874
811.745105
812.153834
812.481497
812.727640
812.891925
812.974124
812.974124
812.891925
812.727640
812.481497
812.153834
811.745105
811.255874
810.686818
810.038725
809.312493
809.270235
809.995875
810.643439
811.212032
811.700864
812.109261
812.436657
812.682600
812.846751
812.928883
812.928883
812.846751
812.682600
812.436657
812.109261
811.700864
811.212032
810.643439
809.995875
809.270235
809.228012
809.953060
810.600097
811.168226
811.656660
812.064724
812.391853
812.637596
812.801614
812.883679
812.883679
812.801614
812.637596
812.391853
812.064724
811.656660
811.168226
810.600097
809.953060
809.228012
809.185823
809.910280
810.556790
811.124456
811.612493
812.020224
812.347087
812.592630
812.756514
812.838512
812.838512
812.756514
812.592630
812.347087
812.020224
811.612493
811.124456
810.556790
809.910280
809.185823
809.143669
809.867536
810.513519
811.080722
811.568361
811.975761
812.302358
812.547701
812.711451
812.793383
812.793383
812.711451
812.547701
812.302358
811.975761
811.568361
811.080722
810.513519
809.867536
809.143669
809.101550
809.824826
810.470283
811.037024
811.524266
811.931334
812.257665
812.502808
812.666425
812.748290
812.748290
812.666425
812.502808
812.257665
811.931334
811.524266
811.037024
810.470283
809.824826
809.101550
809.059465
809.782152
810.427083
810.993363
811.480207
811.886944
812.213009
812.457952
812.621436
812.703235
812.703235
812.621436
812.457952
812.213009
811.886944
811.480207
810.993363
810.427083
809.782152
809.059465
809.017415
809.739513
810.383918
810.949737
811.436185
811.842590
812.168390
812.413134
812.576485
812.658216
812.658216
812.576485
812.413134
812.168390
811.842590
811.436185
810.949737
810.383918
809.739513
809.017415
808.975400
809.696909
810.340789
810.906146
811.392198
811.798273
812.123807
812.368352
812.531570
812.613235
812.613235
812.531570
812.368352
812.123807
811.798273
811.392198
810.906146
810.340789
809.696909
808.975400
808.933419
809.654340
810.297695
810.862592
811.348248
811.753992
812.079261
812.323607
812.486692
812.568291
812.568291
812.486692
812.323607
812.079261
811.753992
811.348248
810.862592
810.297695
809.654340
808.933419
808.891472
809.611806
810.254637
810.819074
811.304334
811.709747
812.034752
812.278899
812.441851
812.523383
812.523383
812.441851
812.278899
812.034752
811.709747
811.304334
810.819074
810.254637
809.611806
808.891472
808.849560
809.569307
810.211614
810.775591
811.260456
811.665539
811.990279
812.234227
812.397047
812.478513
812.478513
812.397047
812.234227
811.990279
811.665539
811.260456
810.775591
810.211614
809.569307
808.849560
808.807682
809.526843
810.168626
810.732144
811.216615
811.621367
811.945843
812.189592
812.352279
812.433679
812.433679
812.352279
812.189592
811.945843
811.621367
811.216615
810.732144
810.168626
809.526843
808.807682
808.765839
809.484413
810.125674
810.688733
811.172809
811.577232
811.901443
812.144994
812.307549
812.388882
812.388882
812.307549
812.144994
811.901443
811.577232
811.172809
810.688733
810.125674
809.484413
808.765839
808.724030
809.442019
810.082757
810.645357
811.129039
811.533133
811.857080
812.100433
812.262855
812.344123
812.344123
812.262855
812.100433
811.857080
811.533133
811.129039
810.645357
810.082757
809.442019
808.724030
808.682256
809.399659
810.039876
810.602017
811.085305
811.489070
811.812754
812.055908
812.218198
812.299399
812.299399
812.218198
812.055908
811.812754
811.489070
811.085305
810.602017
810.039876
809.399659
808.682256
808.640516
809.357335
809.997029
810.558713
811.041607
811.445043
811.768463
812.011420
812.173578
812.254713
812.254713
812.173578
812.011420
811.768463
811.445043
811.041607
810.558713
809.997029
809.357335
808.640516
808.598810
809.315045
809.954218
810.515445
810.997945
811.401053
811.724210
811.966969
812.128995
812.210064
812.210064
812.128995
811.966969
811.724210
811.401053
810.997945
810.515445
809.954218
809.315045
808.598810
808.557138
809.272789
809.911442
810.472211
810.954319
811.357099
811.679992
811.922554
812.084448
812.165451
812.165451
812.084448
811.922554
811.679992
811.357099
810.954319
810.472211
809.911442
809.272789
808.557138
808.515501
809.230569
809.868702
810.429014
810.910729
811.313181
811.635811
811.878175
812.039938
812.120875
812.120875
812.039938
811.878175
811.635811
811.313181
810.910729
810.429014
809.868702
809.230569
808.515501
808.473898
809.188383
809.825996
810.385852
810.867175
811.269299
811.591667
811.833833
811.995464
812.076335
812.076335
811.995464
811.833833
811.591667
811.269299
810.867175
810.385852
809.825996
809.188383
808.473898
808.432329
809.146232
809.783325
810.342725
810.823656
811.225453
811.547558
811.789528
811.951027
812.031832
812.031832
811.951027
811.789528
811.547558
811.225453
810.823656
810.342725
809.783325
809.146232
808.432329
808.390794
809.104115
809.740690
810.299634
810.780174
811.181643
811.503486
811.745259
811.906626
811.987366
811.987366
811.906626
811.745259
811.503486
811.181643
810.780174
810.299634
809.740690
809.104115
808.390794
808.349293
809.062034
809.698089
810.256578
810.736727
811.137869
811.459450
811.701026
811.862262
811.942936
811.942936
811.862262
811.701026
811.459450
811.137869
810.736727
810.256578
809.698089
809.062034
808.349293
808.307827
809.019986
809.655524
810.213558
810.693315
811.094131
811.415451
811.656830
811.817935
811.898543
811.898543
811.817935
811.656830
811.415451
811.094131
810.693315
810.213558
809.655524
809.019986
808.307827
808.266394
808.977973
809.612993
810.170573
810.649940
811.050429
811.371487
811.612670
811.773643
811.854186
811.854186
811.773643
811.612670
811.371487
811.050429
810.649940
810.170573
809.612993
808.977973
808.266394
808.224996
808.935995
809.570498
810.127624
810.606600
811.006763
811.327560
811.568546
811.729389
811.809866
811.809866
811.729389
811.568546
811.327560
811.006763
810.606600
810.127624
809.570498
808.935995
808.224996
808.183631
808.894051
809.528037
810.084709
810.563295
810.963133
811.283668
811.524459
811.685170
811.765582
811.765582
811.685170
811.524459
811.283668
810.963133
810.563295
810.084709
809.528037
808.894051
808.183631
808.142300
808.852142
809.485611
810.041830
810.520027
810.919539
811.239813
811.480407
811.640988
811.721334
811.721334
811.640988
811.480407
811.239813
810.919539
810.520027
810.041830
809.485611
808.852142
808.142300
808.101004
808.810267
809.443221
809.998986
810.476793
810.875980
811.195994
811.436392
811.596843
811.677123
811.677123
811.596843
811.436392
811.195994
810.875980
810.476793
809.998986
809.443221
808.810267
808.101004
808.059741
808.768426
809.400864
809.956178
810.433596
810.832457
811.152211
811.392414
811.552733
811.632949
811.632949
811.552733
811.392414
811.152211
810.832457
810.433596
809.956178
809.400864
808.768426
808.059741
808.018512
808.726620
809.358543
809.913404
810.390433
810.788971
811.108464
811.348471
811.508660
811.588810
811.588810
811.508660
811.348471
811.108464
810.788971
810.390433
809.913404
809.358543
808.726620
808.018512
807.977317
808.684848
809.316257
809.870666
810.347307
810.745519
811.064752
811.304564
811.464623
811.544708
811.544708
811.464623
811.304564
811.064752
810.745519
810.347307
809.870666
809.316257
808.684848
807.977317
807.936156
808.643111
809.274005
809.827963
810.304215
810.702104
811.021077
811.260694
811.420623
811.500642
811.500642
811.420623
811.260694
811.021077
810.702104
810.304215
809.827963
809.274005
808.643111
807.936156
807.895028
808.601408
809.231788
809.785294
810.261160
810.658724
810.977438
811.216859
811.376658
811.456612
811.456612
811.376658
811.216859
810.977438
810.658724
810.261160
809.785294
809.231788
808.601408
807.895028
807.853935
808.559739
809.189605
809.742661
810.218139
810.615380
810.933834
811.173061
811.332730
811.412619
811.412619
811.332730
811.173061
810.933834
810.615380
810.218139
809.742661
809.189605
808.559739
807.853935
807.812875
808.518104
809.147458
809.700063
810.175154
810.572072
810.890267
811.129299
811.288837
811.368662
811.368662
811.288837
811.129299
810.890267
810.572072
810.175154
809.700063
809.147458
808.518104
807.812875
807.771849
808.476503
809.105345
809.657500
810.132204
810.528799
810.846735
811.085572
811.244981
811.324740
811.324740
811.244981
811.085572
810.846735
810.528799
810.132204
809.657500
809.105345
808.476503
807.771849
807.730856
808.434937
809.063266
809.614972
810.089290
810.485561
810.803239
811.041882
811.201161
811.280855
811.280855
811.201161
811.041882
810.803239
810.485561
810.089290
809.614972
809.063266
808.434937
807.730856
807.689897
808.393404
809.021222
809.572479
810.046410
810.442359
810.759778
810.998227
811.157377
811.237006
811.237006
811.157377
810.998227
810.759778
810.442359
810.046410
809.572479
809.021222
808.393404
807.689897
807.648972
808.351906
808.979213
809.530021
810.003566
810.399193
810.716353
810.954608
811.113628
811.193193
811.193193
811.113628
810.954608
810.716353
810.399193
810.003566
809.530021
808.979213
808.351906
807.648972
807.608080
808.310442
808.937238
809.487597
809.960757
810.356062
810.672965
810.911026
811.069916
811.149416
811.149416
811.069916
810.911026
810.672965
810.356062
809.960757
809.487597
808.937238
808.310442
807.608080
807.567222
808.269012
808.895297
809.445209
809.917984
810.312967
810.629611
810.867478
811.026240
811.105675
811.105675
811.026240
810.867478
810.629611
810.312967
809.917984
809.445209
808.895297
808.269012
807.567222
807.526398
808.227616
808.853391
809.402855
809.875245
810.269907
810.586293
810.823967
810.982599
811.061970
811.061970
810.982599
810.823967
810.586293
810.269907
809.875245
809.402855
808.853391
808.227616
807.526398
807.485607
808.186254
808.811519
809.360536
809.832542
810.226882
810.543011
810.780492
810.938995
811.018301
811.018301
810.938995
810.780492
810.543011
810.226882
809.832542
809.360536
808.811519
808.186254
807.485607
807.444849
808.144925
808.769682
809.318252
809.789873
810.183893
810.499765
810.737052
810.895426
810.974668
810.974668
810.895426
810.737052
810.499765
810.183893
809.789873
809.318252
808.769682
808.144925
807.444849
807.404125
808.103631
808.727879
809.276002
809.747240
810.140939
810.456554
810.693648
810.851893
810.931070
810.931070
810.851893
810.693648
810.456554
810.140939
809.747240
809.276002
808.727879
808.103631
807.404125
807.363434
808.062371
808.686111
809.233787
809.704641
810.098020
810.413378
810.650279
810.808396
810.887509
810.887509
810.808396
810.650279
810.413378
810.098020
809.704641
809.233787
808.686111
808.062371
807.363434
807.322777
808.021144
808.644376
809.191607
809.662078
810.055137
810.370238
810.606946
810.764934
810.843983
810.843983
810.764934
810.606946
810.370238
810.055137
809.662078
809.191607
808.644376
808.021144
807.322777
807.282153
807.979952
808.602676
809.149462
809.619550
810.012288
810.327133
810.563649
810.721508
810.800493
810.800493
810.721508
810.563649
810.327133
810.012288
809.619550
809.149462
808.602676
807.979952
807.282153
807.241562
807.938793
808.561011
809.107351
809.577056
809.969475
810.284064
810.520388
810.678118
810.757038
810.757038
810.678118
810.520388
810.284064
809.969475
809.577056
809.107351
808.561011
807.938793
807.241562
807.201005
807.897668
808.519379
809.065275
809.534598
809.926697
810.241030
810.477161
810.634764
810.713620
810.713620
810.634764
810.477161
810.241030
809.926697
809.534598
809.065275
808.519379
807.897668
807.201005
807.160481
807.856577
808.477782
809.023233
809.492174
809.883955
810.198032
810.433971
810.591445
810.670237
810.670237
810.591445
810.433971
810.198032
809.883955
809.492174
809.023233
808.477782
807.856577
807.160481
807.119990
807.815519
808.436218
808.981226
809.449785
809.841247
810.155069
810.390816
810.548162
810.626889
810.626889
810.548162
810.390816
810.155069
809.841247
809.449785
808.981226
808.436218
807.815519
807.119990
807.079533
807.774495
808.394689
808.939253
809.407431
809.798574
810.112141
810.347696
810.504914
810.583578
810.583578
810.504914
810.347696
810.112141
809.798574
809.407431
808.939253
808.394689
807.774495
807.079533
807.039108
807.733505
808.353194
808.897315
809.365112
809.755937
810.069248
810.304612
810.461702
810.540301
810.540301
810.461702
810.304612
810.069248
809.755937
809.365112
808.897315
808.353194
807.733505
807.039108
806.998717
807.692548
808.311733
808.855411
809.322827
809.713334
810.026391
810.261563
810.418525
810.497061
810.497061
810.418525
810.261563
810.026391
809.713334
809.322827
808.855411
808.311733
807.692548
806.998717
806.958359
807.651626
808.270306
808.813541
809.280578
809.670767
809.983568
810.218549
810.375384
810.453856
810.453856
810.375384
810.218549
809.983568
809.670767
809.280578
808.813541
808.270306
807.651626
806.958359
806.918034
807.610736
808.228913
808.771706
809.238362
809.628234
809.940781
810.175571
810.332278
810.410686
810.410686
810.332278
810.175571
809.940781
809.628234
809.238362
808.771706
808.228913
807.610736
806.918034
806.877742
807.569880
808.187554
808.729906
809.196182
809.585737
809.898029
810.132628
810.289208
810.367552
810.367552
810.289208
810.132628
809.898029
809.585737
809.196182
808.729906
808.187554
807.569880
806.877742
806.837484
807.529058
808.146229
808.688139
809.154036
809.543274
809.855313
810.089721
810.246173
810.324453
810.324453
810.246173
810.089721
809.855313
809.543274
809.154036
808.688139
808.146229
807.529058
806.837484
806.797258
807.488269
808.104938
808.646407
809.111925
809.500846
809.812631
810.046848
810.203173
810.281390
810.281390
810.203173
810.046848
809.812631
809.500846
809.111925
808.646407
808.104938
807.488269
806.797258
806.757065
807.447514
808.063681
808.604709
809.069848
809.458453
809.769984
810.004011
810.160209
810.238362
810.238362
810.160209
810.004011
809.769984
809.458453
809.069848
808.604709
808.063681
807.447514
806.757065
806.716905
807.406792
808.022457
808.563046
809.027806
809.416095
809.727373
809.961209
810.117280
810.195369
810.195369
810.117280
809.961209
809.727373
809.416095
809.027806
808.563046
808.022457
807.406792
806.716905
806.676778
807.366104
807.981268
808.521416
808.985799
809.373771
809.684796
809.918442
810.074386
810.152412
810.152412
810.074386
809.918442
809.684796
809.373771
808.985799
808.521416
807.981268
807.366104
806.676778
806.636684
807.325449
807.940112
808.479821
808.943826
809.331482
809.642254
809.875710
810.031527
810.109490
810.109490
810.031527
809.875710
809.642254
809.331482
808.943826
808.479821
807.940112
807.325449
806.636684
806.596623
807.284827
807.898990
808.438260
808.901887
809.289229
809.599747
809.833014
809.988704
810.066603
810.066603
809.988704
809.833014
809.599747
809.289229
808.901887
808.438260
807.898990
807.284827
806.596623
806.556595
807.244238
807.857902
808.396733
808.859983
809.247009
809.557276
809.790352
809.945916
810.023752
810.023752
809.945916
809.790352
809.557276
809.247009
808.859983
808.396733
807.857902
807.244238
806.556595
806.516600
807.203683
807.816848
808.355240
808.818113
809.204825
809.514839
809.747726
809.903163
809.980935
809.980935
809.903163
809.747726
809.514839
809.204825
808.818113
808.355240
807.816848
807.203683
806.516600
806.476637
807.163162
807.775827
808.313781
808.776278
809.162675
809.472436
809.705134
809.860445
809.938154
809.938154
809.860445
809.705134
809.472436
809.162675
808.776278
808.313781
807.775827
807.163162
806.476637
806.436707
807.122673
807.734840
808.272356
808.734476
809.120559
809.430069
809.662577
809.817762
809.895408
809.895408
809.817762
809.662577
809.430069
809.120559
808.734476
808.272356
807.734840
807.122673
806.436707
806.396810
807.082218
807.693886
808.230965
808.692710
809.078478
809.387736
809.620056
809.775114
809.852697
809.852697
809.775114
809.620056
809.387736
809.078478
808.692710
808.230965
807.693886
807.082218
806.396810
806.356946
807.041795
807.652966
808.189608
808.650977
809.036432
809.345439
809.577569
809.732501
809.810021
809.810021
809.732501
809.577569
809.345439
809.036432
808.650977
808.189608
807.652966
807.041795
806.356946
806.317114
807.001406
807.612080
808.148285
808.609279
808.994420
809.303176
809.535117
809.689923
809.767380
809.767380
809.689923
809.535117
809.303176
808.994420
808.609279
808.148285
807.612080
807.001406
806.317114
806.277315
806.961050
807.571227
808.106996
808.567615
808.952443
809.260947
809.492700
809.647380
809.724774
809.724774
809.647380
809.492700
809.260947
808.952443
808.567615
808.106996
807.571227
806.961050
806.277315
806.237549
806.920728
807.530408
808.065741
808.525985
808.910500
809.218753
809.450318
809.604872
809.682203
809.682203
809.604872
809.450318
809.218753
808.910500
808.525985
808.065741
807.530408
806.920728
806.237549
806.197815
806.880438
807.489622
808.024520
808.484389
808.868592
809.176594
809.407970
809.562399
809.639667
809.639667
809.562399
809.407970
809.176594
808.868592
808.484389
808.024520
807.489622
806.880438
806.197815
806.158114
806.840181
807.448869
807.983332
808.442828
808.826718
809.134470
809.365658
809.519961
809.597166
809.597166
809.519961
809.365658
809.134470
808.826718
808.442828
807.983332
807.448869
806.840181
806.158114
806.118445
806.799958
807.408151
807.942179
808.401300
808.784878
809.092380
809.323380
809.477558
809.554700
809.554700
809.477558
809.323380
809.092380
808.784878
808.401300
807.942179
807.408151
806.799958
806.118445
806.078809
806.759767
807.367465
807.901059
808.359807
808.743073
809.050325
809.281137
809.435189
809.512269
809.512269
809.435189
809.281137
809.050325
808.743073
808.359807
807.901059
807.367465
806.759767
806.078809
806.039206
806.719609
807.326813
807.859973
808.318348
808.701302
809.008304
809.238928
809.392855
809.469872
809.469872
809.392855
809.238928
809.008304
808.701302
808.318348
807.859973
807.326813
806.719609
806.039206
805.999634
806.679484
807.286194
807.818920
808.276922
808.659565
808.966317
809.196754
809.350556
809.427511
809.427511
809.350556
809.196754
808.966317
808.659565
808.276922
807.818920
807.286194
806.679484
805.999634
805.960096
806.639392
807.245609
807.777901
808.235531
808.617862
808.924365
809.154615
809.308292
809.385184
809.385184
809.308292
809.154615
808.924365
808.617862
808.235531
807.777901
807.245609
806.639392
805.960096
805.920590
806.599333
807.205056
807.736916
808.194174
808.576194
808.882448
809.112510
809.266062
809.342892
809.342892
809.266062
809.112510
808.882448
808.576194
808.194174
807.736916
807.205056
806.599333
805.920590
805.881116
806.559307
807.164538
807.695965
808.152850
808.534560
808.840565
809.070440
809.223868
809.300634
809.300634
809.223868
809.070440
808.840565
808.534560
808.152850
807.695965
807.164538
806.559307
805.881116
805.841674
806.519314
807.124052
807.655047
808.111561
808.492960
808.798716
809.028405
809.181707
809.258412
809.258412
809.181707
809.028405
808.798716
808.492960
808.111561
807.655047
807.124052
806.519314
805.841674
805.802265
806.479353
807.083599
807.614162
808.070305
808.451394
808.756902
808.986403
809.139581
809.216224
809.216224
809.139581
808.986403
808.756902
808.451394
808.070305
807.614162
807.083599
806.479353
805.802265
805.762888
806.439426
807.043180
807.573311
808.029083
808.409863
808.715122
808.944437
809.097490
809.174070
809.174070
809.097490
808.944437
808.715122
808.409863
808.029083
807.573311
807.043180
806.439426
805.762888
805.723543
806.399531
807.002794
807.532494
807.987895
808.368365
808.673376
808.902505
809.055434
809.131951
809.131951
809.055434
808.902505
808.673376
808.368365
807.987895
807.532494
807.002794
806.399531
805.723543
805.684231
806.359668
806.962441
807.491710
807.946741
808.326902
808.631664
808.860607
809.013412
809.089867
809.089867
809.013412
808.860607
808.631664
808.326902
807.946741
807.491710
806.962441
806.359668
805.684231
805.644951
806.319839
806.922121
807.450960
807.905621
808.285472
808.589987
808.818743
808.971424
809.047817
809.047817
808.971424
808.818743
808.589987
808.285472
807.905621
807.450960
806.922121
806.319839
805.644951
805.605703
806.280042
806.881834
807.410243
807.864534
808.244077
808.548344
808.776914
808.929471
809.005802
809.005802
808.929471
808.776914
808.548344
808.244077
807.864534
807.410243
806.881834
806.280042
805.605703
805.566487
806.240277
806.841580
807.369559
807.823481
808.202715
808.506735
808.735120
808.887552
808.963821
808.963821
808.887552
808.735120
808.506735
808.202715
807.823481
807.369559
806.841580
806.240277
805.566487
805.527304
806.200546
806.801359
807.328909
807.782462
808.161387
808.465160
808.693359
808.845668
808.921875
808.921875
808.845668
808.693359
808.465160
808.161387
807.782462
807.328909
806.801359
806.200546
805.527304
805.488152
806.160846
806.761171
807.288292
807.741476
808.120094
808.423620
808.651633
808.803818
808.879963
808.879963
808.803818
808.651633
808.423620
808.120094
807.741476
807.288292
806.761171
806.160846
805.488152
805.449033
806.121180
806.721016
807.247709
807.700524
808.078834
808.382113
808.609941
808.762002
808.838085
808.838085
808.762002
808.609941
808.382113
808.078834
807.700524
807.247709
806.721016
806.121180
805.449033
805.409945
806.081546
806.680894
807.207158
807.659605
808.037608
808.340640
808.568283
808.720221
808.796242
808.796242
808.720221
808.568283
808.340640
808.037608
807.659605
807.207158
806.680894
806.081546
805.409945
805.370890
806.041944
806.640805
807.166641
807.618721
807.996415
808.299202
808.526660
808.678474
808.754433
808.754433
808.678474
808.526660
808.299202
807.996415
807.618721
807.166641
806.640805
806.041944
805.370890
805.331867
806.002375
806.600749
807.126157
807.577869
807.955257
808.257797
808.485070
808.636761
808.712659
808.712659
808.636761
808.485070
808.257797
807.955257
807.577869
807.126157
806.600749
806.002375
805.331867
805.292875
805.962838
806.560726
807.085707
807.537051
807.914132
808.216427
808.443515
808.595082
808.670918
808.670918
808.595082
808.443515
808.216427
807.914132
807.537051
807.085707
806.560726
805.962838
805.292875
805.253916
805.923334
806.520735
807.045289
807.496267
807.873041
808.175090
808.401994
808.553438
808.629212
808.629212
808.553438
808.401994
808.175090
807.873041
807.496267
807.045289
806.520735
805.923334
805.253916
805.214988
805.883862
806.480777
807.004905
807.455516
807.831984
808.133787
808.360507
808.511828
808.587541
808.587541
808.511828
808.360507
808.133787
807.831984
807.455516
807.004905
806.480777
805.883862
805.214988
805.176093
805.844422
806.440852
806.964554
807.414798
807.790961
808.092519
808.319054
808.470252
808.545903
808.545903
808.470252
808.319054
808.092519
807.790961
807.414798
806.964554
806.440852
805.844422
805.176093
805.137229
805.805015
806.400960
806.924236
807.374114
807.749971
808.051284
808.277634
808.428710
808.504299
808.504299
808.428710
808.277634
808.051284
807.749971
807.374114
806.924236
806.400960
805.805015
805.137229
805.098397
805.765640
806.361101
806.883951
807.333464
807.709015
808.010082
808.236249
808.387202
808.462730
808.462730
808.387202
808.236249
808.010082
807.709015
807.333464
806.883951
806.361101
805.765640
805.098397
805.059597
805.726297
806.321274
806.843699
807.292846
807.668092
807.968915
808.194898
808.345728
808.421195
808.421195
808.345728
808.194898
807.968915
807.668092
807.292846
806.843699
806.321274
805.726297
805.059597
805.020829
805.686987
806.281479
806.803480
807.252262
807.627203
807.927781
808.153581
808.304288
808.379694
808.379694
808.304288
808.153581
807.927781
807.627203
807.252262
806.803480
806.281479
805.686987
805.020829
804.982093
805.647708
806.241718
806.763294
807.211711
807.586347
807.886681
808.112297
808.262882
808.338227
808.338227
808.262882
808.112297
807.886681
807.586347
807.211711
806.763294
806.241718
805.647708
804.982093
804.943388
805.608462
806.201989
806.723141
807.171194
807.545525
807.845615
808.071048
808.221510
808.296794
808.296794
808.221510
808.071048
807.845615
807.545525
807.171194
806.723141
806.201989
805.608462
804.943388
804.904715
805.569248
806.162292
806.683020
807.130709
807.504736
807.804583
808.029832
808.180172
808.255394
808.255394
808.180172
808.029832
807.804583
807.504736
807.130709
806.683020
806.162292
805.569248
804.904715
804.866073
805.530067
806.122628
806.642933
807.090258
807.463981
807.763584
807.988650
808.138868
808.214029
808.214029
808.138868
807.988650
807.763584
807.463981
807.090258
806.642933
806.122628
805.530067
804.866073
804.827464
805.490917
806.082997
806.602879
807.049840
807.423259
807.722619
807.947502
808.097598
808.172698
808.172698
808.097598
807.947502
807.722619
807.423259
807.049840
806.602879
806.082997
805.490917
804.827464
804.788886
805.451799
806.043398
806.562857
807.009455
807.382571
807.681687
807.906388
808.056362
808.131401
808.131401
808.056362
807.906388
807.681687
807.382571
807.009455
806.562857
806.043398
805.451799
804.788886
804.750339
805.412714
806.003831
806.522868
806.969103
807.341916
807.640789
807.865307
808.015159
808.090137
808.090137
808.015159
807.865307
807.640789
807.341916
806.969103
806.522868
806.003831
805.412714
804.750339
804.711824
805.373660
805.964297
806.482912
806.928785
807.301294
807.599924
807.824260
807.973990
808.048908
808.048908
807.973990
807.824260
807.599924
807.301294
806.928785
806.482912
805.964297
805.373660
804.711824
804.673341
805.334639
805.924795
806.442989
806.888499
807.260706
807.559093
807.783247
807.932855
808.007712
808.007712
807.932855
807.783247
807.559093
807.260706
806.888499
806.442989
805.924795
805.334639
804.673341
804.634889
805.295649
805.885326
806.403098
806.848246
807.220151
807.518296
807.742267
807.891754
807.966550
807.966550
807.891754
807.742267
807.518296
807.220151
806.848246
806.403098
805.885326
805.295649
804.634889
804.596469
805.256692
805.845889
806.363241
806.808027
807.179629
807.477532
807.701321
807.850687
807.925421
807.925421
807.850687
807.701321
807.477532
807.179629
806.808027
806.363241
805.845889
805.256692
804.596469
804.558080
805.217766
805.806484
806.323415
806.767840
807.139140
807.436801
807.660409
807.809653
807.884327
807.884327
807.809653
807.660409
807.436801
807.139140
806.767840
806.323415
805.806484
805.217766
804.558080
804.519723
805.178872
805.767112
806.283623
806.727686
807.098685
807.396104
807.619530
807.768653
807.843266
807.843266
807.768653
807.619530
807.396104
807.098685
806.727686
806.283623
805.767112
805.178872
804.519723
804.481397
805.140010
805.727772
806.243863
806.687565
807.058263
807.355440
807.578684
807.727686
807.802239
807.802239
807.727686
807.578684
807.355440
807.058263
806.687565
806.243863
805.727772
805.140010
804.481397
804.443102
805.101180
805.688464
806.204136
806.647478
807.017874
807.314809
807.537872
807.686753
807.761245
807.761245
807.686753
807.537872
807.314809
807.017874
806.647478
806.204136
805.688464
805.101180
804.443102
804.404839
805.062382
805.649188
806.164441
806.607422
806.977518
807.274212
807.497094
807.645854
807.720285
807.720285
807.645854
807.497094
807.274212
806.977518
806.607422
806.164441
805.649188
805.062382
804.404839
804.366607
805.023615
805.609945
806.124779
806.567400
806.937195
807.233648
807.456349
807.604988
807.679359
807.679359
807.604988
807.456349
807.233648
806.937195
806.567400
806.124779
805.609945
805.023615
804.366607
804.328406
804.984881
805.570734
806.085149
806.527411
806.896905
807.193117
807.415637
807.564155
807.638466
807.638466
807.564155
807.415637
807.193117
806.896905
806.527411
806.085149
805.570734
804.984881
804.328406
804.290237
804.946178
805.531554
806.045552
806.487454
806.856648
807.152620
807.374959
807.523356
807.597607
807.597607
807.523356
807.374959
807.152620
806.856648
806.487454
806.045552
805.531554
804.946178
804.290237
804.252099
804.907506
805.492407
806.005987
806.447530
806.816424
807.112155
807.334314
807.482591
807.556781
807.556781
807.482591
807.334314
807.112155
806.816424
806.447530
806.005987
805.492407
804.907506
804.252099
804.213992
804.868867
805.453292
805.966454
806.407639
806.776233
807.071724
807.293702
807.441859
807.515989
807.515989
807.441859
807.293702
807.071724
806.776233
806.407639
805.966454
805.453292
804.868867
804.213992
804.175916
804.830259
805.414209
805.926954
806.367781
806.736075
807.031326
807.253124
807.401160
807.475230
807.475230
807.401160
807.253124
807.031326
806.736075
806.367781
805.926954
805.414209
804.830259
804.175916
804.137872
804.791682
805.375158
805.887487
806.327955
806.695950
806.990961
807.212579
807.360495
807.434504
807.434504
807.360495
807.212579
806.990961
806.695950
806.327955
805.887487
805.375158
804.791682
804.137872
804.099859
804.753138
805.336139
805.848051
806.288161
806.655858
806.950630
807.172067
807.319863
807.393812
807.393812
807.319863
807.172067
806.950630
806.655858
806.288161
805.848051
805.336139
804.753138
804.099859
804.061876
804.714624
805.297152
805.808648
806.248401
806.615799
806.910331
807.131588
807.279264
807.353153
807.353153
807.279264
807.131588
806.910331
806.615799
806.248401
805.808648
805.297152
804.714624
804.061876
804.023925
804.676143
805.258197
805.769278
806.208673
806.575772
806.870065
807.091143
807.238699
807.312528
807.312528
807.238699
807.091143
806.870065
806.575772
806.208673
805.769278
805.258197
804.676143
804.023925
803.986005
804.637693
805.219274
805.729939
806.168977
806.535778
806.829832
807.050731
807.198167
807.271936
807.271936
807.198167
807.050731
806.829832
806.535778
806.168977
805.729939
805.219274
804.637693
803.986005
803.948116
804.599274
805.180383
805.690633
806.129314
806.495817
806.789633
807.010351
807.157668
807.231377
807.231377
807.157668
807.010351
806.789633
806.495817
806.129314
805.690633
805.180383
804.599274
803.948116
803.910258
804.560887
805.141523
805.651359
806.089684
806.455889
806.749466
806.970005
807.117202
807.190852
807.190852
807.117202
806.970005
806.749466
806.455889
806.089684
805.651359
805.141523
804.560887
803.910258
803.872431
804.522531
805.102695
805.612117
806.050086
806.415994
806.709332
806.929692
807.076769
807.150359
807.150359
807.076769
806.929692
806.709332
806.415994
806.050086
805.612117
805.102695
804.522531
803.872431
803.834635
804.484207
805.063900
805.572907
806.010521
806.376131
806.669231
806.889412
807.036370
807.109900
807.109900
807.036370
806.889412
806.669231
806.376131
806.010521
805.572907
805.063900
804.484207
803.834635
803.796870
804.445914
805.025136
805.533730
805.970987
806.336301
806.629163
806.849165
806.996004
807.069474
807.069474
806.996004
806.849165
806.629163
806.336301
805.970987
805.533730
805.025136
804.445914
803.796870
803.759136
804.407652
804.986403
805.494584
805.931487
806.296504
806.589127
806.808951
806.955671
807.029081
807.029081
806.955671
806.808951
806.589127
806.296504
805.931487
805.494584
804.986403
804.407652
803.759136
803.721433
804.369422
804.947703
805.455471
805.892018
806.256739
806.549125
806.768770
806.915370
806.988721
806.988721
806.915370
806.768770
806.549125
806.256739
805.892018
805.455471
804.947703
804.369422
803.721433
803.683761
804.331223
804.909034
805.416389
805.852582
806.217006
806.509155
806.728622
806.875103
806.948395
806.948395
806.875103
806.728622
806.509155
806.217006
805.852582
805.416389
804.909034
804.331223
803.683761
803.646119
804.293055
804.870397
805.377340
805.813179
806.177307
806.469218
806.688507
806.834869
806.908101
806.908101
806.834869
806.688507
806.469218
806.177307
805.813179
805.377340
804.870397
804.293055
803.646119
803.608508
804.254918
804.831791
805.338322
805.773807
806.137640
806.429314
806.648425
806.794668
806.867840
806.867840
806.794668
806.648425
806.429314
806.137640
805.773807
805.338322
804.831791
804.254918
803.608508
803.570929
804.216813
804.793217
805.299337
805.734468
806.098005
806.389442
806.608375
806.754500
806.827613
806.827613
806.754500
806.608375
806.389442
806.098005
805.734468
805.299337
804.793217
804.216813
803.570929
803.533379
804.178739
804.754675
805.260383
805.695161
806.058403
806.349603
806.568359
806.714364
806.787418
806.787418
806.714364
806.568359
806.349603
806.058403
805.695161
805.260383
804.754675
804.178739
803.533379
803.495861
804.140696
804.716164
805.221462
805.655886
806.018833
806.309797
806.528375
806.674262
806.747256
806.747256
806.674262
806.528375
806.309797
806.018833
805.655886
805.221462
804.716164
804.140696
803.495861
803.458373
804.102685
804.677685
805.182572
805.616644
805.979295
806.270023
806.488423
806.634192
806.707127
806.707127
806.634192
806.488423
806.270023
805.979295
805.616644
805.182572
804.677685
804.102685
803.458373
803.420916
804.064704
804.639237
805.143714
805.577433
805.939790
806.230282
806.448505
806.594155
806.667031
806.667031
806.594155
806.448505
806.230282
805.939790
805.577433
805.143714
804.639237
804.064704
803.420916
803.383490
804.026754
804.600821
805.104888
805.538255
805.900318
806.190574
806.408619
806.554152
806.626968
806.626968
806.554152
806.408619
806.190574
805.900318
805.538255
805.104888
804.600821
804.026754
803.383490
803.346094
803.988836
804.562436
805.066094
805.499108
805.860878
806.150898
806.368766
806.514180
806.586938
806.586938
806.514180
806.368766
806.150898
805.860878
805.499108
805.066094
804.562436
803.988836
803.346094
803.308729
803.950949
804.524082
805.027331
805.459994
805.821470
806.111254
806.328946
806.474242
806.546940
806.546940
806.474242
806.328946
806.111254
805.821470
805.459994
805.027331
804.524082
803.950949
803.308729
803.271394
803.913092
804.485760
804.988600
805.420912
805.782094
806.071643
806.289158
806.434336
806.506976
806.506976
806.434336
806.289158
806.071643
805.782094
805.420912
804.988600
804.485760
803.913092
803.271394
803.234090
803.875267
804.447470
804.949901
805.381862
805.742750
806.032065
806.249403
806.394463
806.467044
806.467044
806.394463
806.249403
806.032065
805.742750
805.381862
804.949901
804.447470
803.875267
803.234090
803.196817
803.837472
804.409210
804.911234
805.342844
805.703439
805.992519
806.209680
806.354623
806.427144
806.427144
806.354623
806.209680
805.992519
805.703439
805.342844
804.911234
804.409210
803.837472
803.196817
803.159574
803.799709
804.370982
804.872598
805.303858
805.664160
805.953005
806.169990
806.314815
806.387278
806.387278
806.314815
806.169990
805.953005
805.664160
805.303858
804.872598
804.370982
803.799709
803.159574
803.122361
803.761976
804.332786
804.833994
805.264903
805.624913
805.913524
806.130333
806.275040
806.347444
806.347444
806.275040
806.130333
805.913524
805.624913
805.264903
804.833994
804.332786
803.761976
803.122361
803.085179
803.724274
804.294620
804.795422
805.225981
805.585699
805.874074
806.090708
806.235297
806.307642
806.307642
806.235297
806.090708
805.874074
805.585699
805.225981
804.795422
804.294620
803.724274
803.085179
803.048027
803.686603
804.256486
804.756881
805.187090
805.546516
805.834658
806.051115
806.195587
806.267874
806.267874
806.195587
806.051115
805.834658
805.546516
805.187090
804.756881
804.256486
803.686603
803.048027
803.010906
803.648963
804.218383
804.718371
805.148232
805.507365
805.795273
806.011555
806.155910
806.228138
806.228138
806.155910
806.011555
805.795273
805.507365
805.148232
804.718371
804.218383
803.648963
803.010906
802.973815
803.611354
804.180311
804.679894
805.109405
805.468247
805.755921
805.972027
806.116265
806.188434
806.188434
806.116265
805.972027
805.755921
805.468247
805.109405
804.679894
804.180311
803.611354
802.973815
802.936755
803.573776
804.142271
804.641447
805.070610
805.429161
805.716601
805.932532
806.076653
806.148763
806.148763
806.076653
805.932532
805.716601
805.429161
805.070610
804.641447
804.142271
803.573776
802.936755
802.899724
803.536228
804.104261
804.603032
805.031846
805.390106
805.677313
805.893069
806.037072
806.109124
806.109124
806.037072
805.893069
805.677313
805.390106
805.031846
804.603032
804.104261
803.536228
802.899724
802.862725
803.498711
804.066283
804.564649
804.993115
805.351084
805.638058
805.853638
805.997525
806.069518
806.069518
805.997525
805.853638
805.638058
805.351084
804.993115
804.564649
804.066283
803.498711
802.862725
802.825755
803.461225
804.028336
804.526297
804.954415
805.312093
805.598834
805.814240
805.958010
806.029945
806.029945
805.958010
805.814240
805.598834
805.312093
804.954415
804.526297
804.028336
803.461225
802.825755
802.788815
803.423769
803.990420
804.487976
804.915747
805.273135
805.559643
805.774873
805.918527
805.990403
805.990403
805.918527
805.774873
805.559643
805.273135
804.915747
804.487976
803.990420
803.423769
802.788815
802.751906
803.386344
803.952534
804.449687
804.877110
805.234208
805.520484
805.735539
805.879076
805.950894
805.950894
805.879076
805.735539
805.520484
805.234208
804.877110
804.449687
803.952534
803.386344
802.751906
802.715027
803.348950
803.914680
804.411429
804.838505
805.195313
805.481357
805.696238
805.839658
805.911418
805.911418
805.839658
805.696238
805.481357
805.195313
804.838505
804.411429
803.914680
803.348950
802.715027
802.678178
803.311586
803.876857
804.373203
804.799932
805.156450
805.442261
805.656968
805.800272
805.871974
805.871974
805.800272
805.656968
805.442261
805.156450
804.799932
804.373203
803.876857
803.311586
802.678178
802.641360
803.274253
803.839065
804.335008
804.761390
805.117619
805.403198
805.617731
805.760918
805.832562
805.832562
805.760918
805.617731
805.403198
805.117619
804.761390
804.335008
803.839065
803.274253
802.641360
802.604571
803.236950
803.801303
804.296844
804.722880
805.078820
805.364167
805.578525
805.721597
805.793182
805.793182
805.721597
805.578525
805.364167
805.078820
804.722880
804.296844
803.801303
803.236950
802.604571
802.567813
803.199678
803.763573
804.258711
804.684401
805.040052
805.325168
805.539352
805.682307
805.753835
805.753835
805.682307
805.539352
805.325168
805.040052
804.684401
804.258711
803.763573
803.199678
802.567813
802.531084
803.162437
803.725873
804.220609
804.645954
805.001316
805.286201
805.500211
805.643050
805.714520
805.714520
805.643050
805.500211
805.286201
805.001316
804.645954
804.220609
803.725873
803.162437
802.531084
802.494386
803.125225
803.688205
804.182539
804.607539
804.962612
805.247265
805.461102
805.603825
805.675237
805.675237
805.603825
805.461102
805.247265
804.962612
804.607539
804.182539
803.688205
803.125225
802.494386
802.457718
803.088045
803.650567
804.144500
804.569154
804.923940
805.208362
805.422025
805.564633
805.635986
805.635986
805.564633
805.422025
805.208362
804.923940
804.569154
804.144500
803.650567
803.088045
802.457718
802.421079
803.050894
803.612960
804.106492
804.530802
804.885299
805.169490
805.382980
805.525472
805.596767
805.596767
805.525472
805.382980
805.169490
804.885299
804.530802
804.106492
803.612960
803.050894
802.421079
802.384471
803.013774
803.575384
804.068515
804.492480
804.846690
805.130650
805.343967
805.486343
805.557581
805.557581
805.486343
805.343967
805.130650
804.846690
804.492480
804.068515
803.575384
803.013774
802.384471
802.347892
802.976685
803.537838
804.030569
804.454190
804.808112
805.091842
805.304986
805.447246
805.518426
805.518426
805.447246
805.304986
805.091842
804.808112
804.454190
804.030569
803.537838
802.976685
802.347892
802.311344
802.939626
803.500323
803.992654
804.415931
804.769566
805.053066
805.266037
805.408182
805.479304
805.479304
805.408182
805.266037
805.053066
804.769566
804.415931
803.992654
803.500323
802.939626
802.311344
802.274825
802.902597
803.462839
803.954770
804.377704
804.731052
805.014322
805.227119
805.369149
805.440213
805.440213
805.369149
805.227119
805.014322
804.731052
804.377704
803.954770
803.462839
802.902597
802.274825
802.238336
802.865598
803.425386
803.916917
804.339508
804.692569
804.975609
805.188234
805.330148
805.401155
805.401155
805.330148
805.188234
804.975609
804.692569
804.339508
803.916917
803.425386
802.865598
802.238336
802.201877
802.828630
803.387963
803.879095
804.301343
804.654117
804.936928
805.149380
805.291180
805.362129
805.362129
805.291180
805.149380
804.936928
804.654117
804.301343
803.879095
803.387963
802.828630
802.201877
802.165448
802.791692
803.350570
803.841304
804.263209
804.615697
804.898278
805.110558
805.252243
805.323134
805.323134
805.252243
805.110558
804.898278
804.615697
804.263209
803.841304
803.350570
802.791692
802.165448
802.129049
802.754784
803.313209
803.803544
804.225107
804.577309
804.859660
805.071768
805.213338
805.284172
805.284172
805.213338
805.071768
804.859660
804.577309
804.225107
803.803544
803.313209
802.754784
802.129049
802.092679
802.717906
803.275878
803.765815
804.187036
804.538952
804.821074
805.033010
805.174464
805.245241
805.245241
805.174464
805.033010
804.821074
804.538952
804.187036
803.765815
803.275878
802.717906
802.092679
802.056339
802.681059
803.238577
803.728117
804.148995
804.500626
804.782520
804.994283
805.135623
805.206342
805.206342
805.135623
804.994283
804.782520
804.500626
804.148995
803.728117
803.238577
802.681059
802.056339
802.020029
802.644241
803.201307
803.690450
804.110986
804.462332
804.743996
804.955588
805.096814
805.167475
805.167475
805.096814
804.955588
804.743996
804.462332
804.110986
803.690450
803.201307
802.644241
802.020029
801.983749
802.607454
803.164068
803.652813
804.073009
804.424069
804.705505
804.916925
805.058036
805.128640
805.128640
805.058036
804.916925
804.705505
804.424069
804.073009
803.652813
803.164068
802.607454
801.983749
801.947498
802.570697
803.126859
803.615207
804.035062
804.385837
804.667045
804.878294
805.019290
805.089837
805.089837
805.019290
804.878294
804.667045
804.385837
804.035062
803.615207
803.126859
802.570697
801.947498
801.911277
802.533970
803.089680
803.577632
803.997146
804.347637
804.628616
804.839694
804.980575
805.051065
805.051065
804.980575
804.839694
804.628616
804.347637
803.997146
803.577632
803.089680
802.533970
801.911277
801.875085
802.497273
803.052532
803.540088
803.959261
804.309468
804.590219
804.801125
804.941893
805.012325
805.012325
804.941893
804.801125
804.590219
804.309468
803.959261
803.540088
803.052532
802.497273
801.875085
801.838923
802.460605
803.015414
803.502574
803.921408
804.271330
804.551853
804.762589
804.903242
804.973617
804.973617
804.903242
804.762589
804.551853
804.271330
803.921408
803.502574
803.015414
802.460605
801.838923
801.802791
802.423968
802.978326
803.465092
803.883585
804.233223
804.513519
804.724083
804.864622
804.934941
804.934941
804.864622
804.724083
804.513519
804.233223
803.883585
803.465092
802.978326
802.423968
801.802791
801.766688
802.387361
802.941269
803.427639
803.845793
804.195147
804.475216
804.685609
804.826034
804.896296
804.896296
804.826034
804.685609
804.475216
804.195147
803.845793
803.427639
802.941269
802.387361
801.766688
801.730615
802.350784
802.904242
803.390218
803.808032
804.157103
804.436945
804.647167
804.787478
804.857683
804.857683
804.787478
804.647167
804.436945
804.157103
803.808032
803.390218
802.904242
802.350784
801.730615
801.694571
802.314237
802.867246
803.352827
803.770302
804.119090
804.398704
804.608756
804.748954
804.819101
804.819101
804.748954
804.608756
804.398704
804.119090
803.770302
803.352827
802.867246
802.314237
801.694571
801.658557
802.277719
802.830280
803.315466
803.732603
804.081108
804.360495
804.570377
804.710460
804.780551
804.780551
804.710460
804.570377
804.360495
804.081108
803.732603
803.315466
802.830280
802.277719
801.658557
801.622572
802.241232
802.793344
803.278137
803.694935
804.043157
804.322318
804.532029
804.671999
804.742032
804.742032
804.671999
804.532029
804.322318
804.043157
803.694935
803.278137
802.793344
802.241232
801.622572
801.586616
802.204774
802.756438
803.240837
803.657297
804.005237
804.284171
804.493712
804.633569
804.703546
804.703546
804.633569
804.493712
804.284171
804.005237
803.657297
803.240837
802.756438
802.204774
801.586616
801.550690
802.168346
802.719562
803.203569
803.619690
803.967348
804.246056
804.455427
804.595170
804.665090
804.665090
804.595170
804.455427
804.246056
803.967348
803.619690
803.203569
802.719562
802.168346
801.550690
801.514793
802.131948
802.682716
803.166330
803.582114
803.929490
804.207972
804.417173
804.556803
804.626666
804.626666
804.556803
804.417173
804.207972
803.929490
803.582114
803.166330
802.682716
802.131948
801.514793
801.478926
802.095579
802.645901
803.129122
803.544569
803.891663
804.169919
804.378951
804.518467
804.588273
804.588273
804.518467
804.378951
804.169919
803.891663
803.544569
803.129122
802.645901
802.095579
801.478926
801.443088
802.059241
802.609116
803.091945
803.507055
803.853866
804.131897
804.340759
804.480162
804.549912
804.549912
804.480162
804.340759
804.131897
803.853866
803.507055
803.091945
802.609116
802.059241
801.443088
801.407279
802.022932
802.572361
803.054798
803.469571
803.816101
804.093906
804.302599
804.441889
804.511583
804.511583
804.441889
804.302599
804.093906
803.816101
803.469571
803.054798
802.572361
802.022932
801.407279
801.371499
801.986653
802.535635
803.017681
803.432118
803.778367
804.055947
804.264470
804.403647
804.473284
804.473284
804.403647
804.264470
804.055947
803.778367
803.432118
803.017681
802.535635
801.986653
801.371499
801.335749
801.950403
802.498940
802.980595
803.394695
803.740664
804.018018
804.226372
804.365437
804.435017
804.435017
804.365437
804.226372
804.018018
803.740664
803.394695
802.980595
802.498940
801.950403
801.335749
801.300028
801.914183
802.462275
802.943539
803.357303
803.702991
803.980121
804.188306
804.327257
804.396781
804.396781
804.327257
804.188306
803.980121
803.702991
803.357303
802.943539
802.462275
801.914183
801.300028
801.264336
801.877993
802.425640
802.906513
803.319942
803.665349
803.942254
804.150270
804.289109
804.358577
804.358577
804.289109
804.150270
803.942254
803.665349
803.319942
802.906513
802.425640
801.877993
801.264336
801.228673
801.841832
802.389035
802.869518
803.282611
803.627738
803.904418
804.112266
804.250992
804.320404
804.320404
804.250992
804.112266
803.904418
803.627738
803.282611
802.869518
802.389035
801.841832
801.228673
801.193040
801.805701
802.352459
802.832553
803.245311
803.590158
803.866614
804.074293
804.212907
804.282262
804.282262
804.212907
804.074293
803.866614
803.590158
803.245311
802.832553
802.352459
801.805701
801.193040
801.157435
801.769599
802.315914
802.795618
803.208041
803.552609
803.828840
804.036351
804.174852
804.244151
804.244151
804.174852
804.036351
803.828840
803.552609
803.208041
802.795618
802.315914
801.769599
801.157435
801.121860
801.733527
802.279399
802.758713
803.170802
803.515090
803.791097
803.998440
804.136829
804.206071
804.206071
804.136829
803.998440
803.791097
803.515090
803.170802
802.758713
802.279399
801.733527
801.121860
801.086314
801.697484
802.242913
802.721839
803.133593
803.477602
803.753385
803.960560
804.098836
804.168023
804.168023
804.098836
803.960560
803.753385
803.477602
803.133593
802.721839
802.242913
801.697484
801.086314
801.050796
801.661471
802.206457
802.684994
803.096415
803.440144
803.715704
803.922711
804.060875
804.130005
804.130005
804.060875
803.922711
803.715704
803.440144
803.096415
802.684994
802.206457
801.661471
801.050796
801.015308
801.625487
802.170031
802.648180
803.059267
803.402718
803.678054
803.884892
804.022945
804.092019
804.092019
804.022945
803.884892
803.678054
803.402718
803.059267
802.648180
802.170031
801.625487
801.015308
800.979849
801.589532
802.133635
802.611396
803.022149
803.365321
803.640434
803.847105
803.985046
804.054064
804.054064
803.985046
803.847105
803.640434
803.365321
803.022149
802.611396
802.133635
801.589532
800.979849
800.944419
801.553607
802.097268
802.574642
802.985062
803.327956
803.602846
803.809349
803.947177
804.016140
804.016140
803.947177
803.809349
803.602846
803.327956
802.985062
802.574642
802.097268
801.553607
800.944419
800.909017
801.517712
802.060932
802.537918
802.948005
803.290621
803.565288
803.771623
803.909340
803.978247
803.978247
803.909340
803.771623
803.565288
803.290621
802.948005
802.537918
802.060932
801.517712
800.909017
800.873645
801.481845
802.024624
802.501224
802.910978
803.253316
803.527760
803.733929
803.871534
803.940385
803.940385
803.871534
803.733929
803.527760
803.253316
802.910978
802.501224
802.024624
801.481845
800.873645
800.838302
801.446008
801.988347
802.464560
802.873982
803.216042
803.490264
803.696265
803.833759
803.902553
803.902553
803.833759
803.696265
803.490264
803.216042
802.873982
802.464560
801.988347
801.446008
800.838302
800.802987
801.410201
801.952099
802.427926
802.837016
803.178799
803.452798
803.658632
803.796014
803.864753
803.864753
803.796014
803.658632
803.452798
803.178799
802.837016
802.427926
801.952099
801.410201
800.802987
800.767701
801.374422
801.915881
802.391322
802.800080
803.141585
803.415363
803.621030
803.758301
803.826984
803.826984
803.758301
803.621030
803.415363
803.141585
802.800080
802.391322
801.915881
801.374422
800.767701
800.732444
801.338673
801.879693
802.354747
802.763174
803.104403
803.377958
803.583458
803.720618
803.789245
803.789245
803.720618
803.583458
803.377958
803.104403
802.763174
802.354747
801.879693
801.338673
800.732444
800.697216
801.302953
801.843534
802.318203
802.726298
803.067251
803.340584
803.545918
803.682966
803.751538
803.751538
803.682966
803.545918
803.340584
803.067251
802.726298
802.318203
801.843534
801.302953
800.697216
800.662017
801.267262
801.807404
802.281689
802.689453
803.030129
803.303240
803.508408
803.645345
803.713861
803.713861
803.645345
803.508408
803.303240
803.030129
802.689453
802.281689
801.807404
801.267262
800.662017
800.626846
801.231600
801.771304
802.245204
802.652638
802.993037
803.265927
803.470928
803.607754
803.676215
803.676215
803.607754
803.470928
803.265927
802.993037
802.652638
802.245204
801.771304
801.231600
800.626846
800.591704
801.195968
801.735234
802.208749
802.615853
802.955976
803.228645
803.433480
803.570195
803.638600
803.638600
803.570195
803.433480
803.228645
802.955976
802.615853
802.208749
801.735234
801.195968
800.591704
800.556591
801.160364
801.699193
802.172324
802.579098
802.918945
803.191393
803.396062
803.532666
803.601016
803.601016
803.532666
803.396062
803.191393
802.918945
802.579098
802.172324
801.699193
801.160364
800.556591
800.521507
801.124790
801.663182
802.135929
802.542372
802.881944
803.154171
803.358674
803.495168
803.563462
803.563462
803.495168
803.358674
803.154171
802.881944
802.542372
802.135929
801.663182
801.124790
800.521507
800.486451
801.089245
801.627200
802.099564
802.505677
802.844974
803.116980
803.321317
803.457700
803.525939
803.525939
803.457700
803.321317
803.116980
802.844974
802.505677
802.099564
801.627200
801.089245
800.486451
800.451424
801.053729
801.591247
802.063228
802.469012
802.808034
803.079819
803.283991
803.420263
803.488447
803.488447
803.420263
803.283991
803.079819
802.808034
802.469012
802.063228
801.591247
801.053729
800.451424
800.416425
801.018241
801.555324
802.026922
802.432377
802.771124
803.042689
803.246695
803.382857
803.450985
803.450985
803.382857
803.246695
803.042689
802.771124
802.432377
802.026922
801.555324
801.018241
800.416425
800.381455
800.982783
801.519430
801.990646
802.395772
802.734244
803.005589
803.209430
803.345481
803.413554
803.413554
803.345481
803.209430
803.005589
802.734244
802.395772
801.990646
801.519430
800.982783
800.381455
800.346514
800.947354
801.483565
801.954399
802.359197
802.697394
802.968519
803.172195
803.308136
803.376154
803.376154
803.308136
803.172195
802.968519
802.697394
802.359197
801.954399
801.483565
800.947354
800.346514
800.311601
800.911953
801.447730
801.918182
802.322652
802.660575
802.931480
803.134990
803.270821
803.338784
803.338784
803.270821
803.134990
802.931480
802.660575
802.322652
801.918182
801.447730
800.911953
800.311601
800.276716
800.876582
801.411924
801.881994
802.286136
802.623785
802.894471
803.097816
803.233537
803.301445
803.301445
803.233537
803.097816
802.894471
802.623785
802.286136
801.881994
801.411924
800.876582
800.276716
800.241860
800.841240
801.376147
801.845836
802.249650
802.587026
802.857492
803.060672
803.196283
803.264136
803.264136
803.196283
803.060672
802.857492
802.587026
802.249650
801.845836
801.376147
800.841240
800.241860
800.207033
800.805926
801.340400
801.809708
802.213195
802.550297
802.820544
803.023559
803.159060
803.226858
803.226858
803.159060
803.023559
802.820544
802.550297
802.213195
801.809708
801.340400
800.805926
800.207033
800.172234
800.770641
801.304682
801.773609
802.176769
802.513597
802.783625
802.986476
803.121867
803.189610
803.189610
803.121867
802.986476
802.783625
802.513597
802.176769
801.773609
801.304682
800.770641
800.172234
800.137463
800.735385
801.268993
801.737540
802.140372
802.476928
802.746737
802.949424
803.084705
803.152393
803.152393
803.084705
802.949424
802.746737
802.476928
802.140372
801.737540
801.268993
800.735385
800.137463
800.102721
800.700158
801.233333
801.701500
802.104006
802.440289
802.709879
802.912401
803.047573
803.115206
803.115206
803.047573
802.912401
802.709879
802.440289
802.104006
801.701500
801.233333
800.700158
800.102721
800.068007
800.664960
801.197702
801.665489
802.067669
802.403679
802.673051
802.875409
803.010471
803.078049
803.078049
803.010471
802.875409
802.673051
802.403679
802.067669
801.665489
801.197702
800.664960
800.068007
800.033322
800.629790
801.162100
801.629508
802.031362
802.367100
802.636253
802.838447
802.973400
803.040923
803.040923
802.973400
802.838447
802.636253
802.367100
802.031362
801.629508
801.162100
800.629790
800.033322
799.998665
800.594649
801.126527
801.593557
801.995084
802.330550
802.599485
802.801515
802.936359
803.003828
803.003828
802.936359
802.801515
802.599485
802.330550
801.995084
801.593557
801.126527
800.594649
799.998665
799.964036
800.559537
801.090984
801.557635
801.958837
802.294030
802.562748
802.764614
802.899348
802.966762
802.966762
802.899348
802.764614
802.562748
802.294030
801.958837
801.557635
801.090984
800.559537
799.964036
799.929435
800.524453
801.055469
801.521742
801.922619
802.257540
802.526040
802.727743
802.862368
802.929727
802.929727
802.862368
802.727743
802.526040
802.257540
801.922619
801.521742
801.055469
800.524453
799.929435
799.894863
800.489398
801.019984
801.485878
801.886430
802.221080
802.489362
802.690901
802.825417
802.892722
802.892722
802.825417
802.690901
802.489362
802.221080
801.886430
801.485878
801.019984
800.489398
799.894863
799.860319
800.454372
800.984527
801.450044
801.850271
802.184650
802.452714
802.654090
802.788497
802.855747
802.855747
802.788497
802.654090
802.452714
802.184650
801.850271
801.450044
800.984527
800.454372
799.860319
799.825803
800.419374
800.949100
801.414239
801.814141
802.148249
802.416097
802.617309
802.751607
802.818803
802.818803
802.751607
802.617309
802.416097
802.148249
801.814141
801.414239
800.949100
800.419374
799.825803
799.791315
800.384405
800.913701
801.378463
801.778042
802.111879
802.379509
802.580558
802.714747
802.781889
802.781889
802.714747
802.580558
802.379509
802.111879
801.778042
801.378463
800.913701
800.384405
799.791315
799.756856
800.349465
800.878331
801.342716
801.741971
802.075538
802.342951
802.543838
802.677918
802.745005
802.745005
802.677918
802.543838
802.342951
802.075538
801.741971
801.342716
800.878331
800.349465
799.756856
799.722425
800.314553
800.842991
801.306999
801.705930
802.039226
802.306423
802.507147
802.641118
802.708151
802.708151
802.641118
802.507147
802.306423
802.039226
801.705930
801.306999
800.842991
800.314553
799.722425
799.688021
800.279669
800.807679
801.271311
801.669918
802.002945
802.269924
802.470486
802.604349
802.671327
802.671327
802.604349
802.470486
802.269924
802.002945
801.669918
801.271311
800.807679
800.279669
799.688021
799.653646
800.244814
800.772395
801.235652
801.633936
801.966693
802.233456
802.433855
802.567609
802.634533
802.634533
802.567609
802.433855
802.233456
801.966693
801.633936
801.235652
800.772395
800.244814
799.653646
799.619299
800.209988
800.737141
801.200022
801.597984
801.930470
802.197017
802.397254
802.530900
802.597770
802.597770
802.530900
802.397254
802.197017
801.930470
801.597984
801.200022
800.737141
800.209988
799.619299
799.584980
800.175189
800.701916
801.164421
801.562060
801.894277
802.160609
802.360683
802.494220
802.561036
802.561036
802.494220
802.360683
802.160609
801.894277
801.562060
801.164421
800.701916
800.175189
799.584980
799.550689
800.140420
800.666719
801.128850
801.526166
801.858114
802.124229
802.324141
802.457571
802.524332
802.524332
802.457571
802.324141
802.124229
801.858114
801.526166
801.128850
800.666719
800.140420
799.550689
799.516426
800.105678
800.631551
801.093307
801.490302
801.821980
802.087880
802.287630
802.420952
802.487659
802.487659
802.420952
802.287630
802.087880
801.821980
801.490302
801.093307
800.631551
800.105678
799.516426
799.482190
800.070965
800.596411
801.057793
801.454466
801.785876
802.051560
802.251148
802.384362
802.451015
802.451015
802.384362
802.251148
802.051560
801.785876
801.454466
801.057793
800.596411
800.070965
799.482190
799.447983
800.036281
800.561301
801.022309
801.418660
801.749801
802.015270
802.214697
802.347802
802.414401
802.414401
802.347802
802.214697
802.015270
801.749801
801.418660
801.022309
800.561301
800.036281
799.447983
799.413804
800.001625
800.526219
800.986853
801.382883
801.713756
801.979010
802.178275
802.311272
802.377818
802.377818
802.311272
802.178275
801.979010
801.713756
801.382883
800.986853
800.526219
800.001625
799.413804
799.379653
799.966997
800.491166
800.951426
801.347135
801.677740
801.942779
802.141882
802.274772
802.341264
802.341264
802.274772
802.141882
801.942779
801.677740
801.347135
800.951426
800.491166
799.966997
799.379653
799.345529
799.932397
800.456141
800.916029
801.311417
801.641754
801.906578
802.105520
802.238302
802.304740
802.304740
802.238302
802.105520
801.906578
801.641754
801.311417
800.916029
800.456141
799.932397
799.345529
799.311433
799.897825
800.421145
800.880660
801.275728
801.605797
801.870406
802.069187
802.201862
802.268246
802.268246
802.201862
802.069187
801.870406
801.605797
801.275728
800.880660
800.421145
799.897825
799.311433
799.277366
799.863282
800.386177
800.845320
801.240067
801.569869
801.834264
802.032884
802.165451
802.231781
802.231781
802.165451
802.032884
801.834264
801.569869
801.240067
800.845320
800.386177
799.863282
799.277366
799.243326
799.828767
800.351238
800.810009
801.204436
801.533971
801.798152
801.996611
802.129070
802.195347
802.195347
802.129070
801.996611
801.798152
801.533971
801.204436
800.810009
800.351238
799.828767
799.243326
799.209313
799.794280
800.316328
800.774726
801.168835
801.498102
801.762069
801.960367
802.092719
802.158942
802.158942
802.092719
801.960367
801.762069
801.498102
801.168835
800.774726
800.316328
799.794280
799.209313
799.175329
799.759821
800.281446
800.739473
801.133262
801.462262
801.726015
801.924153
802.056398
802.122567
802.122567
802.056398
801.924153
801.726015
801.462262
801.133262
800.739473
800.281446
799.759821
799.175329
799.141372
799.725391
800.246592
800.704248
801.097718
801.426452
801.689991
801.887968
802.020106
802.086221
802.086221
802.020106
801.887968
801.689991
801.426452
801.097718
800.704248
800.246592
799.725391
799.141372
799.107443
799.690988
800.211767
800.669052
801.062203
801.390671
801.653997
801.851813
801.983844
802.049906
802.049906
801.983844
801.851813
801.653997
801.390671
801.062203
800.669052
800.211767
799.690988
799.107443
799.073542
799.656614
800.176971
800.633885
801.026717
801.354919
801.618031
801.815687
801.947612
802.013620
802.013620
801.947612
801.815687
801.618031
801.354919
801.026717
800.633885
800.176971
799.656614
799.073542
799.039668
799.622267
800.142203
800.598747
800.991260
801.319196
801.582095
801.779591
801.911409
801.977363
801.977363
801.911409
801.779591
801.582095
801.319196
800.991260
800.598747
800.142203
799.622267
799.039668
799.005822
799.587949
800.107463
800.563637
800.955833
801.283502
801.546189
801.743525
801.875235
801.941136
801.941136
801.875235
801.743525
801.546189
801.283502
800.955833
800.563637
800.107463
799.587949
799.005822
798.972004
799.553659
800.072751
800.528556
800.920434
801.247838
801.510312
801.707488
801.839091
801.904939
801.904939
801.839091
801.707488
801.510312
801.247838
800.920434
800.528556
800.072751
799.553659
798.972004
798.938213
799.519396
800.038068
800.493503
800.885064
801.212203
801.474464
801.671480
801.802977
801.868772
801.868772
801.802977
801.671480
801.474464
801.212203
800.885064
800.493503
800.038068
799.519396
798.938213
798.904449
799.485162
800.003414
800.458479
800.849723
801.176597
801.438645
801.635502
801.766892
801.832634
801.832634
801.766892
801.635502
801.438645
801.176597
800.849723
800.458479
800.003414
799.485162
798.904449
798.870714
799.450955
799.968787
800.423484
800.814410
801.141019
801.402856
801.599553
801.730837
801.796525
801.796525
801.730837
801.599553
801.402856
801.141019
800.814410
800.423484
799.968787
799.450955
798.870714
798.837006
799.416777
799.934189
800.388517
800.779127
801.105471
801.367095
801.563633
801.694811
801.760446
801.760446
801.694811
801.563633
801.367095
801.105471
800.779127
800.388517
799.934189
799.416777
798.837006
798.803325
799.382626
799.899619
800.353579
800.743872
801.069952
801.331364
801.527743
801.658815
801.724396
801.724396
801.658815
801.527743
801.331364
801.069952
800.743872
800.353579
799.899619
799.382626
798.803325
798.769672
799.348503
799.865077
800.318670
800.708646
801.034462
801.295663
801.491882
801.622848
801.688376
801.688376
801.622848
801.491882
801.295663
801.034462
800.708646
800.318670
799.865077
799.348503
798.769672
798.736046
799.314409
799.830564
800.283788
800.673449
800.999001
801.259990
801.456051
801.586910
801.652385
801.652385
801.586910
801.456051
801.259990
800.999001
800.673449
800.283788
799.830564
799.314409
798.736046
798.702448
799.280341
799.796078
800.248936
800.638281
800.963569
801.224346
801.420248
801.551002
801.616424
801.616424
801.551002
801.420248
801.224346
800.963569
800.638281
800.248936
799.796078
799.280341
798.702448
798.668877
799.246302
799.761621
800.214112
800.603141
800.928166
801.188732
801.384475
801.515123
801.580492
801.580492
801.515123
801.384475
801.188732
800.928166
800.603141
800.214112
799.761621
799.246302
798.668877
798.635333
799.212291
799.727192
800.179316
800.568030
800.892792
801.153147
801.348731
801.479273
801.544589
801.544589
801.479273
801.348731
801.153147
800.892792
800.568030
800.179316
799.727192
799.212291
798.635333
798.601817
799.178307
799.692791
800.144548
800.532948
800.857446
801.117590
801.313017
801.443453
801.508716
801.508716
801.443453
801.313017
801.117590
800.857446
800.532948
800.144548
799.692791
799.178307
798.601817
798.568328
799.144351
799.658418
800.109809
800.497894
800.822130
801.082063
801.277331
801.407661
801.472872
801.472872
801.407661
801.277331
801.082063
800.822130
800.497894
800.109809
799.658418
799.144351
798.568328
798.534867
799.110422
799.624073
800.075099
800.462869
800.786842
801.046565
801.241675
801.371900
801.437057
801.437057
801.371900
801.241675
801.046565
800.786842
800.462869
800.075099
799.624073
799.110422
798.534867
798.501432
799.076522
799.589756
800.040416
800.427873
800.751583
801.011096
801.206047
801.336167
801.401272
801.401272
801.336167
801.206047
801.011096
800.751583
800.427873
800.040416
799.589756
799.076522
798.501432
798.468026
799.042649
799.555467
800.005762
800.392905
800.716353
800.975655
801.170449
801.300463
801.365516
801.365516
801.300463
801.170449
800.975655
800.716353
800.392905
800.005762
799.555467
799.042649
798.468026
798.434646
799.008803
799.521206
799.971137
800.357965
800.681152
800.940244
801.134880
801.264789
801.329788
801.329788
801.264789
801.134880
800.940244
800.681152
800.357965
799.971137
799.521206
799.008803
798.434646
798.401293
798.974986
799.486973
799.936539
800.323055
800.645979
800.904861
801.099340
801.229143
801.294090
801.294090
801.229143
801.099340
800.904861
800.645979
800.323055
799.936539
799.486973
798.974986
798.401293
798.367968
798.941195
799.452768
799.901970
800.288172
800.610835
800.869508
801.063829
801.193527
801.258422
801.258422
801.193527
801.063829
800.869508
800.610835
800.288172
799.901970
799.452768
798.941195
798.367968
798.334670
798.907433
799.418591
799.867429
800.253318
800.575720
800.834183
801.028347
801.157940
801.222782
801.222782
801.157940
801.028347
800.834183
800.575720
800.253318
799.867429
799.418591
798.907433
798.334670
798.301399
798.873698
799.384442
799.832916
800.218493
800.540633
800.798887
800.992894
801.122382
801.187171
801.187171
801.122382
800.992894
800.798887
800.540633
800.218493
799.832916
799.384442
798.873698
798.301399
798.268155
798.839990
799.350320
799.798431
800.183696
800.505575
800.763620
800.957469
801.086853
801.151590
801.151590
801.086853
800.957469
800.763620
800.505575
800.183696
799.798431
799.350320
798.839990
798.268155
798.234939
798.806310
799.316227
799.763975
800.148927
800.470546
800.728382
800.922074
801.051353
801.116037
801.116037
801.051353
800.922074
800.728382
800.470546
800.148927
799.763975
799.316227
798.806310
798.234939
798.201749
798.772658
799.282161
799.729546
800.114187
800.435545
800.693172
800.886708
801.015882
801.080514
801.080514
801.015882
800.886708
800.693172
800.435545
800.114187
799.729546
799.282161
798.772658
798.201749
798.168587
798.739032
799.248123
799.695146
800.079475
800.400573
800.657991
800.851370
800.980440
801.045020
801.045020
800.980440
800.851370
800.657991
800.400573
800.079475
799.695146
799.248123
798.739032
798.168587
798.135451
798.705435
799.214113
799.660774
800.044792
800.365630
800.622839
800.816062
800.945027
801.009554
801.009554
800.945027
800.816062
800.622839
800.365630
800.044792
799.660774
799.214113
798.705435
798.135451
798.102343
798.671864
799.180131
799.626429
800.010136
800.330714
800.587716
800.780782
800.909642
800.974118
800.974118
800.909642
800.780782
800.587716
800.330714
800.010136
799.626429
799.180131
798.671864
798.102343
798.069261
798.638322
799.146176
799.592113
799.975509
800.295828
800.552621
800.745531
800.874287
800.938710
800.938710
800.874287
800.745531
800.552621
800.295828
799.975509
799.592113
799.146176
798.638322
798.069261
798.036207
798.604806
799.112249
799.557825
799.940911
800.260970
800.517555
800.710308
800.838960
800.903331
800.903331
800.838960
800.710308
800.517555
800.260970
799.940911
799.557825
799.112249
798.604806
798.036207
798.003179
798.571318
799.078350
799.523565
799.906340
800.226140
800.482518
800.675115
800.803663
800.867981
800.867981
800.803663
800.675115
800.482518
800.226140
799.906340
799.523565
799.078350
798.571318
798.003179
797.970179
798.537857
799.044478
799.489333
799.871798
800.191339
800.447509
800.639950
800.768394
800.832660
800.832660
800.768394
800.639950
800.447509
800.191339
799.871798
799.489333
799.044478
798.537857
797.970179
797.937205
798.504423
799.010634
799.455128
799.837284
800.156566
800.412529
800.604814
800.733154
800.797368
800.797368
800.733154
800.604814
800.412529
800.156566
799.837284
799.455128
799.010634
798.504423
797.937205
797.904258
798.471017
798.976818
799.420952
799.802798
800.121821
800.377577
800.569707
800.697942
800.762105
800.762105
800.697942
800.569707
800.377577
800.121821
799.802798
799.420952
798.976818
798.471017
797.904258
797.871339
798.437638
798.943029
799.386803
799.768340
800.087105
800.342654
800.534628
800.662760
800.726870
800.726870
800.662760
800.534628
800.342654
800.087105
799.768340
799.386803
798.943029
798.437638
797.871339
797.838446
798.404286
798.909268
799.352682
799.733910
800.052417
800.307759
800.499578
800.627606
800.691665
800.691665
800.627606
800.499578
800.307759
800.052417
799.733910
799.352682
798.909268
798.404286
797.838446
797.805579
798.370961
798.875534
799.318590
799.699509
800.017758
800.272893
800.464556
800.592481
800.656488
800.656488
800.592481
800.464556
800.272893
800.017758
799.699509
799.318590
798.875534
798.370961
797.805579
797.772740
798.337664
798.841828
799.284525
799.665135
799.983127
800.238055
800.429563
800.557384
800.621339
800.621339
800.557384
800.429563
800.238055
799.983127
799.665135
799.284525
798.841828
798.337664
797.772740
797.739927
798.304394
798.808149
799.250487
799.630790
799.948524
800.203245
800.394599
800.522316
800.586220
800.586220
800.522316
800.394599
800.203245
799.948524
799.630790
799.250487
798.808149
798.304394
797.739927
797.707141
798.271150
798.774498
799.216478
799.596472
799.913949
800.168464
800.359663
800.487277
800.551129
800.551129
800.487277
800.359663
800.168464
799.913949
799.596472
799.216478
798.774498
798.271150
797.707141
797.674382
798.237934
798.740874
799.182496
799.562183
799.879403
800.133712
800.324755
800.452266
800.516066
800.516066
800.452266
800.324755
800.133712
799.879403
799.562183
799.182496
798.740874
798.237934
797.674382
797.641650
798.204745
798.707277
799.148542
799.527921
799.844884
800.098988
800.289877
800.417284
800.481032
800.481032
800.417284
800.289877
800.098988
799.844884
799.527921
799.148542
798.707277
798.204745
797.641650
797.608944
798.171583
798.673708
799.114616
799.493688
799.810394
800.064292
800.255026
800.382331
800.446027
800.446027
800.382331
800.255026
800.064292
799.810394
799.493688
799.114616
798.673708
798.171583
797.608944
797.576265
798.138448
798.640167
799.080717
799.459482
799.775932
800.029624
800.220204
800.347406
800.411051
800.411051
800.347406
800.220204
800.029624
799.775932
799.459482
799.080717
798.640167
798.138448
797.576265
797.543612
798.105340
798.606653
799.046846
799.425304
799.741498
799.994985
800.185411
800.312509
800.376103
800.376103
800.312509
800.185411
799.994985
799.741498
799.425304
799.046846
798.606653
798.105340
797.543612
797.510986
798.072260
798.573166
799.013003
799.391154
799.707092
799.960374
800.150645
800.277641
800.341183
800.341183
800.277641
800.150645
799.960374
799.707092
799.391154
799.013003
798.573166
798.072260
797.510986
797.478387
798.039206
798.539706
798.979187
799.357033
799.672714
799.925791
800.115908
800.242801
800.306292
800.306292
800.242801
800.115908
799.925791
799.672714
799.357033
798.979187
798.539706
798.039206
797.478387
797.445814
798.006179
798.506274
798.945399
799.322938
799.638365
799.891236
800.081200
800.207990
800.271429
800.271429
800.207990
800.081200
799.891236
799.638365
799.322938
798.945399
798.506274
798.006179
797.445814
797.413268
797.973179
798.472869
798.911638
799.288872
799.604043
799.856710
800.046520
800.173207
800.236595
800.236595
800.173207
800.046520
799.856710
799.604043
799.288872
798.911638
798.472869
797.973179
797.413268
797.380749
797.940205
798.439491
798.877905
799.254833
799.569749
799.822212
800.011868
800.138453
800.201789
800.201789
800.138453
800.011868
799.822212
799.569749
799.254833
798.877905
798.439491
797.940205
797.380749
797.348255
797.907259
798.406140
798.844199
799.220823
799.535484
799.787742
799.977244
800.103727
800.167012
800.167012
800.103727
799.977244
799.787742
799.535484
799.220823
798.844199
798.406140
797.907259
797.348255
797.315789
797.874340
798.372817
798.810521
799.186840
799.501246
799.753300
799.942649
800.069029
800.132263
800.132263
800.069029
799.942649
799.753300
799.501246
799.186840
798.810521
798.372817
797.874340
797.315789
797.283349
797.841447
798.339520
798.776870
799.152884
799.467036
799.718886
799.908082
800.034360
800.097543
800.097543
800.034360
799.908082
799.718886
799.467036
799.152884
798.776870
798.339520
797.841447
797.283349
797.250935
797.808581
798.306251
798.743247
799.118957
799.432854
799.684500
799.873543
799.999718
800.062850
800.062850
799.999718
799.873543
799.684500
799.432854
799.118957
798.743247
798.306251
797.808581
797.250935
797.218548
797.775742
798.273009
798.709651
799.085057
799.398700
799.650142
799.839032
799.965105
800.028186
800.028186
799.965105
799.839032
799.650142
799.398700
799.085057
798.709651
798.273009
797.775742
797.218548
797.186187
797.742930
798.239795
798.676083
799.051184
799.364574
799.615812
799.804549
799.930521
799.993551
799.993551
799.930521
799.804549
799.615812
799.364574
799.051184
798.676083
798.239795
797.742930
797.186187
797.153852
797.710145
798.206607
798.642542
799.017340
799.330475
799.581511
799.770095
799.895964
799.958943
799.958943
799.895964
799.770095
799.581511
799.330475
799.017340
798.642542
798.206607
797.710145
797.153852
797.121544
797.677386
798.173446
798.609028
798.983523
799.296405
799.547237
799.735669
799.861436
799.924364
799.924364
799.861436
799.735669
799.547237
799.296405
798.983523
798.609028
798.173446
797.677386
797.121544
797.089262
797.644654
798.140312
798.575542
798.949733
799.262362
799.512991
799.701270
799.826936
799.889813
799.889813
799.826936
799.701270
799.512991
799.262362
798.949733
798.575542
798.140312
797.644654
797.089262
797.057006
797.611949
798.107206
798.542083
798.915971
799.228347
799.478773
799.666900
799.792464
799.855290
799.855290
799.792464
799.666900
799.478773
799.228347
798.915971
798.542083
798.107206
797.611949
797.057006
797.024777
797.579270
798.074126
798.508651
798.882237
799.194360
799.444583
799.632558
799.758020
799.820795
799.820795
799.758020
799.632558
799.444583
799.194360
798.882237
798.508651
798.074126
797.579270
797.024777
796.992574
797.546618
798.041073
798.475247
798.848530
799.160400
799.410421
799.598244
799.723605
799.786329
799.786329
799.723605
799.598244
799.410421
799.160400
798.848530
798.475247
798.041073
797.546618
796.992574
796.960397
797.513993
798.008047
798.441869
798.814850
799.126468
799.376287
799.563957
799.689217
799.751890
799.751890
799.689217
799.563957
799.376287
799.126468
798.814850
798.441869
798.008047
797.513993
796.960397
796.928247
797.481394
797.975049
798.408519
798.781198
799.092564
799.342181
799.529699
799.654857
799.717480
799.717480
799.654857
799.529699
799.342181
799.092564
798.781198
798.408519
797.975049
797.481394
796.928247
796.896123
797.448821
797.942077
798.375196
798.747574
799.058687
799.308102
799.495469
799.620526
799.683098
799.683098
799.620526
799.495469
799.308102
799.058687
798.747574
798.375196
797.942077
797.448821
796.896123
796.864024
797.416276
797.909132
798.341901
798.713977
799.024838
799.274051
799.461266
799.586222
799.648744
799.648744
799.586222
799.461266
799.274051
799.024838
798.713977
798.341901
797.909132
797.416276
796.864024
796.831952
797.383757
797.876213
798.308632
798.680407
798.991017
799.240028
799.427092
799.551946
799.614417
799.614417
799.551946
799.427092
799.240028
798.991017
798.680407
798.308632
797.876213
797.383757
796.831952
796.799907
797.351264
797.843322
798.275391
798.646864
798.957223
799.206033
799.392945
799.517699
799.580119
799.580119
799.517699
799.392945
799.206033
798.957223
798.646864
798.275391
797.843322
797.351264
796.799907
796.767887
797.318798
797.810457
798.242176
798.613349
798.923457
799.172065
799.358826
799.483479
799.545849
799.545849
799.483479
799.358826
799.172065
798.923457
798.613349
798.242176
797.810457
797.318798
796.767887
796.735893
797.286358
797.777619
798.208989
798.579862
798.889718
799.138126
799.324735
799.449287
799.511607
799.511607
799.449287
799.324735
799.138126
798.889718
798.579862
798.208989
797.777619
797.286358
796.735893
796.703925
797.253945
797.744808
798.175829
798.546401
798.856007
799.104213
799.290672
799.415123
799.477392
799.477392
799.415123
799.290672
799.104213
798.856007
798.546401
798.175829
797.744808
797.253945
796.703925
796.671984
797.221558
797.712024
798.142696
798.512968
798.822324
799.070329
799.256637
799.380987
799.443206
799.443206
799.380987
799.256637
799.070329
798.822324
798.512968
798.142696
797.712024
797.221558
796.671984
796.640068
797.189197
797.679267
798.109589
798.479562
798.788667
799.036472
799.222629
799.346879
799.409047
799.409047
799.346879
799.222629
799.036472
798.788667
798.479562
798.109589
797.679267
797.189197
796.640068
796.608179
797.156863
797.646536
798.076510
798.446184
798.755039
799.002643
799.188649
799.312798
799.374916
799.374916
799.312798
799.188649
799.002643
798.755039
798.446184
798.076510
797.646536
797.156863
796.608179
796.576315
797.124555
797.613831
798.043458
798.412832
798.721437
798.968841
799.154697
799.278746
799.340813
799.340813
799.278746
799.154697
798.968841
798.721437
798.412832
798.043458
797.613831
797.124555
796.576315
796.544478
797.092274
797.581154
798.010433
798.379508
798.687863
798.935067
799.120773
799.244721
799.306738
799.306738
799.244721
799.120773
798.935067
798.687863
798.379508
798.010433
797.581154
797.092274
796.544478
796.512666
797.060019
797.548503
797.977434
798.346211
798.654317
798.901320
799.086876
799.210724
799.272691
799.272691
799.210724
799.086876
798.901320
798.654317
798.346211
797.977434
797.548503
797.060019
796.512666
796.480880
797.027790
797.515879
797.944463
798.312941
798.620797
798.867601
799.053006
799.176754
799.238671
799.238671
799.176754
799.053006
798.867601
798.620797
798.312941
797.944463
797.515879
797.027790
796.480880
796.449120
796.995587
797.483281
797.911518
798.279698
798.587306
798.833909
799.019165
799.142812
799.204680
799.204680
799.142812
799.019165
798.833909
798.587306
798.279698
797.911518
797.483281
796.995587
796.449120
796.417386
796.963411
797.450710
797.878600
798.246483
798.553841
798.800245
798.985351
799.108898
799.170715
799.170715
799.108898
798.985351
798.800245
798.553841
798.246483
797.878600
797.450710
796.963411
796.417386
796.385678
796.931260
797.418165
797.845709
798.213294
798.520404
798.766609
798.951564
799.075012
799.136779
799.136779
799.075012
798.951564
798.766609
798.520404
798.213294
797.845709
797.418165
796.931260
796.385678
796.353996
796.899136
797.385647
797.812845
798.180132
798.486994
798.732999
798.917805
799.041153
799.102870
799.102870
799.041153
798.917805
798.732999
798.486994
798.180132
797.812845
797.385647
796.899136
796.353996
796.322339
796.867039
797.353155
797.780008
798.146998
798.453611
798.699417
798.884074
799.007322
799.068989
799.068989
799.007322
798.884074
798.699417
798.453611
798.146998
797.780008
797.353155
796.867039
796.322339
796.290709
796.834967
797.320690
797.747197
798.113890
798.420255
798.665863
798.850370
798.973518
799.035136
799.035136
798.973518
798.850370
798.665863
798.420255
798.113890
797.747197
797.320690
796.834967
796.290709
796.259104
796.802921
797.288252
797.714414
798.080810
798.386927
798.632336
798.816694
798.939742
799.001310
799.001310
798.939742
798.816694
798.632336
798.386927
798.080810
797.714414
797.288252
796.802921
796.259104
796.227525
796.770902
797.255839
797.681656
798.047756
798.353625
798.598836
798.783045
798.905994
798.967511
798.967511
798.905994
798.783045
798.598836
798.353625
798.047756
797.681656
797.255839
796.770902
796.227525
796.195971
796.738909
797.223454
797.648926
798.014729
798.320351
798.565363
798.749423
798.872273
798.933741
798.933741
798.872273
798.749423
798.565363
798.320351
798.014729
797.648926
797.223454
796.738909
796.195971
796.164443
796.706941
797.191094
797.616222
797.981730
798.287104
798.531918
798.715829
798.838579
798.899997
798.899997
798.838579
798.715829
798.531918
798.287104
797.981730
797.616222
797.191094
796.706941
796.164443
796.132941
796.675000
797.158761
797.583545
797.948757
798.253884
798.498500
798.682262
798.804913
798.866282
798.866282
798.804913
798.682262
798.498500
798.253884
797.948757
797.583545
797.158761
796.675000
796.132941
796.101465
796.643085
797.126454
797.550895
797.915811
798.220691
798.465109
798.648723
798.771275
798.832594
798.832594
798.771275
798.648723
798.465109
798.220691
797.915811
797.550895
797.126454
796.643085
796.101465
796.070014
796.611196
797.094174
797.518271
797.882892
798.187526
798.431746
798.615211
798.737664
798.798933
798.798933
798.737664
798.615211
798.431746
798.187526
797.882892
797.518271
797.094174
796.611196
796.070014
796.038589
796.579332
797.061920
797.485673
797.849999
798.154387
798.398410
798.581726
798.704080
798.765299
798.765299
798.704080
798.581726
798.398410
798.154387
797.849999
797.485673
797.061920
796.579332
796.038589
796.007189
796.547495
797.029692
797.453103
797.817134
798.121275
798.365100
798.548269
798.670523
798.731693
798.731693
798.670523
798.548269
798.365100
798.121275
797.817134
797.453103
797.029692
796.547495
796.007189
795.975815
796.515684
796.997490
797.420558
797.784295
798.088190
798.331818
798.514838
798.636994
798.698115
798.698115
798.636994
798.514838
798.331818
798.088190
797.784295
797.420558
796.997490
796.515684
795.975815
795.944467
796.483898
796.965315
797.388041
797.751483
798.055132
798.298563
798.481436
798.603493
798.664564
798.664564
798.603493
798.481436
798.298563
798.055132
797.751483
797.388041
796.965315
796.483898
795.944467
795.913144
796.452139
796.933166
797.355550
797.718698
798.022102
798.265336
798.448060
798.570018
798.631040
798.631040
798.570018
798.448060
798.265336
798.022102
797.718698
797.355550
796.933166
796.452139
795.913144
795.881846
796.420405
796.901043
797.323085
797.685939
797.989098
798.232135
798.414711
798.536571
798.597543
798.597543
798.536571
798.414711
798.232135
797.989098
797.685939
797.323085
796.901043
796.420405
795.881846
795.850574
796.388697
796.868946
797.290647
797.653207
797.956120
798.198961
798.381390
798.503151
798.564074
798.564074
798.503151
798.381390
798.198961
797.956120
797.653207
797.290647
796.868946
796.388697
795.850574
795.819328
796.357015
796.836875
797.258235
797.620502
797.923170
798.165815
798.348096
798.469758
798.530632
798.530632
798.469758
798.348096
798.165815
797.923170
797.620502
797.258235
796.836875
796.357015
795.819328
795.788107
796.325359
796.804831
797.225849
797.587824
797.890247
798.132695
798.314829
798.436393
798.497218
798.497218
798.436393
798.314829
798.132695
797.890247
797.587824
797.225849
796.804831
796.325359
795.788107
795.756911
796.293728
796.772812
797.193490
797.555172
797.857350
798.099602
798.281589
798.403055
798.463830
798.463830
798.403055
798.281589
798.099602
797.857350
797.555172
797.193490
796.772812
796.293728
795.756911
795.725741
796.262124
796.740820
797.161157
797.522547
797.824481
798.066537
798.248376
798.369744
798.430470
798.430470
798.369744
798.248376
798.066537
797.824481
797.522547
797.161157
796.740820
796.262124
795.725741
795.694596
796.230545
796.708854
797.128851
797.489948
797.791638
798.033498
798.215190
798.336460
798.397137
798.397137
798.336460
798.215190
798.033498
797.791638
797.489948
797.128851
796.708854
796.230545
795.694596
795.663476
796.198992
796.676913
797.096571
797.457376
797.758822
798.000486
798.182031
798.303203
798.363831
798.363831
798.303203
798.182031
798.000486
797.758822
797.457376
797.096571
796.676913
796.198992
795.663476
795.632382
796.167464
796.644999
797.064317
797.424830
797.726032
797.967501
798.148900
798.269973
798.330552
798.330552
798.269973
798.148900
797.967501
797.726032
797.424830
797.064317
796.644999
796.167464
795.632382
795.601313
796.135962
796.613111
797.032090
797.392311
797.693269
797.934543
798.115795
798.236771
798.297301
798.297301
798.236771
798.115795
797.934543
797.693269
797.392311
797.032090
796.613111
796.135962
795.601313
795.570270
796.104486
796.581249
796.999889
797.359818
797.660533
797.901612
798.082717
798.203595
798.264076
798.264076
798.203595
798.082717
797.901612
797.660533
797.359818
796.999889
796.581249
796.104486
795.570270
795.539251
796.073035
796.549412
796.967714
797.327352
797.627824
797.868708
798.049666
798.170446
798.230879
798.230879
798.170446
798.049666
797.868708
797.627824
797.327352
796.967714
796.549412
796.073035
795.539251
795.508258
796.041610
796.517602
796.935565
797.294912
797.595141
797.835830
798.016643
798.137325
798.197708
798.197708
798.137325
798.016643
797.835830
797.595141
797.294912
796.935565
796.517602
796.041610
795.508258
795.477291
796.010211
796.485817
796.903442
797.262499
797.562485
797.802980
797.983646
798.104230
798.164565
798.164565
798.104230
797.983646
797.802980
797.562485
797.262499
796.903442
796.485817
796.010211
795.477291
795.446348
795.978837
796.454059
796.871346
797.230112
797.529856
797.770156
797.950676
798.071163
798.131449
798.131449
798.071163
797.950676
797.770156
797.529856
797.230112
796.871346
796.454059
795.978837
795.446348
795.415431
795.947489
796.422326
796.839275
797.197752
797.497253
797.737358
797.917732
798.038122
798.098359
798.098359
798.038122
797.917732
797.737358
797.497253
797.197752
796.839275
796.422326
795.947489
795.415431
795.384538
795.916166
796.390619
796.807231
797.165418
797.464676
797.704588
797.884816
798.005108
798.065297
798.065297
798.005108
797.884816
797.704588
797.464676
797.165418
796.807231
796.390619
795.916166
795.384538
795.353671
795.884869
796.358938
796.775213
797.133110
797.432127
797.671844
797.851926
797.972122
798.032261
798.032261
797.972122
797.851926
797.671844
797.432127
797.133110
796.775213
796.358938
795.884869
795.353671
795.322829
795.853597
796.327283
796.743221
797.100828
797.399603
797.639127
797.819064
797.939162
797.999253
797.999253
797.939162
797.819064
797.639127
797.399603
797.100828
796.743221
796.327283
795.853597
795.322829
795.292013
795.822351
796.295653
796.711255
797.068573
797.367106
797.606436
797.786228
797.906228
797.966271
797.966271
797.906228
797.786228
797.606436
797.367106
797.068573
796.711255
796.295653
795.822351
795.292013
795.261221
795.791130
796.264050
796.679315
797.036344
797.334636
797.573772
797.753418
797.873322
797.933316
797.933316
797.873322
797.753418
797.573772
797.334636
797.036344
796.679315
796.264050
795.791130
795.261221
795.230454
795.759935
796.232472
796.647401
797.004142
797.302192
797.541135
797.720636
797.840443
797.900388
797.900388
797.840443
797.720636
797.541135
797.302192
797.004142
796.647401
796.232472
795.759935
795.230454
795.199712
795.728764
796.200919
796.615513
796.971965
797.269775
797.508524
797.687880
797.807590
797.867487
797.867487
797.807590
797.687880
797.508524
797.269775
796.971965
796.615513
796.200919
795.728764
795.199712
795.168996
795.697620
796.169393
796.583651
796.939815
797.237384
797.475940
797.655151
797.774764
797.834613
797.834613
797.774764
797.655151
797.475940
797.237384
796.939815
796.583651
796.169393
795.697620
795.168996
795.138304
795.666500
796.137892
796.551815
796.907691
797.205019
797.443383
797.622448
797.741965
797.801765
797.801765
797.741965
797.622448
797.443383
797.205019
796.907691
796.551815
796.137892
795.666500
795.138304
795.107637
795.635406
796.106416
796.520005
796.875593
797.172681
797.410852
797.589773
797.709192
797.768944
797.768944
797.709192
797.589773
797.410852
797.172681
796.875593
796.520005
796.106416
795.635406
795.107637
795.076996
795.604338
796.074967
796.488221
796.843521
797.140369
797.378347
797.557123
797.676447
797.736150
797.736150
797.676447
797.557123
797.378347
797.140369
796.843521
796.488221
796.074967
795.604338
795.076996
795.046379
795.573294
796.043543
796.456463
796.811476
797.108083
797.345869
797.524501
797.643728
797.703383
797.703383
797.643728
797.524501
797.345869
797.108083
796.811476
796.456463
796.043543
795.573294
795.046379
795.015787
795.542276
796.012144
796.424730
796.779456
797.075824
797.313417
797.491905
797.611035
797.670642
797.670642
797.611035
797.491905
797.313417
797.075824
796.779456
796.424730
796.012144
795.542276
795.015787
794.985220
795.511283
795.980771
796.393024
796.747463
797.043590
797.280992
797.459335
797.578369
797.637928
797.637928
797.578369
797.459335
797.280992
797.043590
796.747463
796.393024
795.980771
795.511283
794.985220
794.954678
795.480316
795.949424
796.361343
796.715495
797.011384
797.248593
797.426792
797.545730
797.605241
797.605241
797.545730
797.426792
797.248593
797.011384
796.715495
796.361343
795.949424
795.480316
794.954678
794.924161
795.449373
795.918102
796.329688
796.683554
796.979203
797.216221
797.394276
797.513117
797.572580
797.572580
797.513117
797.394276
797.216221
796.979203
796.683554
796.329688
795.918102
795.449373
794.924161
794.893668
795.418456
795.886805
796.298059
796.651638
796.947049
797.183875
797.361786
797.480531
797.539946
797.539946
797.480531
797.361786
797.183875
796.947049
796.651638
796.298059
795.886805
795.418456
794.893668
794.863201
795.387564
795.855535
796.266455
796.619749
796.914920
797.151555
797.329322
797.447972
797.507338
797.507338
797.447972
797.329322
797.151555
796.914920
796.619749
796.266455
795.855535
795.387564
794.863201
794.832758
795.356697
795.824289
796.234877
796.587886
796.882818
797.119262
797.296885
797.415439
797.474757
797.474757
797.415439
797.296885
797.119262
796.882818
796.587886
796.234877
795.824289
795.356697
794.832758
794.802340
795.325855
795.793069
796.203325
796.556048
796.850742
797.086995
797.264474
797.382932
797.442203
797.442203
797.382932
797.264474
797.086995
796.850742
796.556048
796.203325
795.793069
795.325855
794.802340
794.771947
795.295038
795.761875
796.171799
796.524237
796.818692
797.054754
797.232090
797.350452
797.409675
797.409675
797.350452
797.232090
797.054754
796.818692
796.524237
796.171799
795.761875
795.295038
794.771947
794.741578
795.264247
795.730705
796.140298
796.492451
796.786669
797.022539
797.199732
797.317999
797.377173
797.377173
797.317999
797.199732
797.022539
796.786669
796.492451
796.140298
795.730705
795.264247
794.741578
794.711234
795.233480
795.699561
796.108823
796.460691
796.754671
796.990351
797.167401
797.285572
797.344698
797.344698
797.285572
797.167401
796.990351
796.754671
796.460691
796.108823
795.699561
795.233480
794.711234
794.680915
795.202739
795.668443
796.077374
796.428957
796.722699
796.958189
797.135095
797.253171
797.312250
797.312250
797.253171
797.135095
796.958189
796.722699
796.428957
796.077374
795.668443
795.202739
794.680915
794.650621
795.172022
795.637350
796.045950
796.397249
796.690754
796.926053
797.102816
797.220796
797.279828
797.279828
797.220796
797.102816
796.926053
796.690754
796.397249
796.045950
795.637350
795.172022
794.650621
794.620351
795.141331
795.606282
796.014552
796.365567
796.658834
796.893943
797.070564
797.188448
797.247432
797.247432
797.188448
797.070564
796.893943
796.658834
796.365567
796.014552
795.606282
795.141331
794.620351
794.590106
795.110664
795.575239
795.983179
796.333910
796.626941
796.861860
797.038337
797.156127
797.215063
797.215063
797.156127
797.038337
796.861860
796.626941
796.333910
795.983179
795.575239
795.110664
794.590106
794.559885
795.080022
795.544222
795.951832
796.302280
796.595073
796.829802
797.006137
797.123831
797.182720
797.182720
797.123831
797.006137
796.829802
796.595073
796.302280
795.951832
795.544222
795.080022
794.559885
794.529689
795.049406
795.513230
795.920510
796.270675
796.563232
796.797771
796.973963
797.091562
797.150403
797.150403
797.091562
796.973963
796.797771
796.563232
796.270675
795.920510
795.513230
795.049406
794.529689
794.499518
795.018814
795.482263
795.889214
796.239095
796.531416
796.765765
796.941816
797.059320
797.118113
797.118113
797.059320
796.941816
796.765765
796.531416
796.239095
795.889214
795.482263
795.018814
794.499518
794.469371
794.988247
795.451322
795.857943
796.207542
796.499626
796.733786
796.909694
797.027103
797.085849
797.085849
797.027103
796.909694
796.733786
796.499626
796.207542
795.857943
795.451322
794.988247
794.469371
794.439249
794.957705
795.420405
795.826698
796.176014
796.467862
796.701833
796.877599
796.994913
797.053611
797.053611
796.994913
796.877599
796.701833
796.467862
796.176014
795.826698
795.420405
794.957705
794.439249
794.409151
794.927188
795.389514
795.795478
796.144512
796.436124
796.669906
796.845529
796.962749
797.021399
797.021399
796.962749
796.845529
796.669906
796.436124
796.144512
795.795478
795.389514
794.927188
794.409151
794.379077
794.896696
795.358648
795.764284
796.113035
796.404412
796.638004
796.813486
796.930611
796.989214
796.989214
796.930611
796.813486
796.638004
796.404412
796.113035
795.764284
795.358648
794.896696
794.379077
794.349029
794.866228
795.327807
795.733115
796.081584
796.372725
796.606129
796.781469
796.898499
796.957055
796.957055
796.898499
796.781469
796.606129
796.372725
796.081584
795.733115
795.327807
794.866228
794.349029
794.319004
794.835785
795.296991
795.701971
796.050159
796.341065
796.574280
796.749478
796.866413
796.924922
796.924922
796.866413
796.749478
796.574280
796.341065
796.050159
795.701971
795.296991
794.835785
794.319004
794.289004
794.805368
795.266200
795.670853
796.018759
796.309430
796.542456
796.717513
796.834354
796.892815
796.892815
796.834354
796.717513
796.542456
796.309430
796.018759
795.670853
795.266200
794.805368
794.289004
794.259028
794.774974
795.235434
795.639760
795.987385
796.277820
796.510659
796.685574
796.802321
796.860735
796.860735
796.802321
796.685574
796.510659
796.277820
795.987385
795.639760
795.235434
794.774974
794.259028
794.229077
794.744606
795.204693
795.608693
795.956036
796.246237
796.478887
796.653661
796.770313
796.828680
796.828680
796.770313
796.653661
796.478887
796.246237
795.956036
795.608693
795.204693
794.744606
794.229077
794.199150
794.714262
795.173977
795.577650
795.924713
796.214679
796.447142
796.621774
796.738332
796.796652
796.796652
796.738332
796.621774
796.447142
796.214679
795.924713
795.577650
795.173977
794.714262
794.199150
794.169248
794.683943
795.143287
795.546633
795.893416
796.183147
796.415422
796.589913
796.706377
796.764649
796.764649
796.706377
796.589913
796.415422
796.183147
795.893416
795.546633
795.143287
794.683943
794.169248
794.139370
794.653649
795.112621
795.515641
795.862143
796.151641
796.383728
796.558078
796.674448
796.732673
796.732673
796.674448
796.558078
796.383728
796.151641
795.862143
795.515641
795.112621
794.653649
794.139370
794.109516
794.623379
795.081980
795.484675
795.830897
796.120160
796.352059
796.526269
796.642544
796.700723
796.700723
796.642544
796.526269
796.352059
796.120160
795.830897
795.484675
795.081980
794.623379
794.109516
794.079686
794.593134
795.051364
795.453733
795.799675
796.088705
796.320417
796.494486
796.610667
796.668799
796.668799
796.610667
796.494486
796.320417
796.088705
795.799675
795.453733
795.051364
794.593134
794.079686
794.049881
794.562913
795.020773
795.422817
795.768480
796.057276
796.288800
796.462728
796.578816
796.636900
796.636900
796.578816
796.462728
796.288800
796.057276
795.768480
795.422817
795.020773
794.562913
794.049881
794.020100
794.532717
794.990207
795.391926
795.737309
796.025872
796.257209
796.430997
796.546990
796.605028
796.605028
796.546990
796.430997
796.257209
796.025872
795.737309
795.391926
794.990207
794.532717
794.020100
793.990343
794.502546
794.959666
795.361060
795.706164
795.994493
796.225644
796.399291
796.515191
796.573182
796.573182
796.515191
796.399291
796.225644
795.994493
795.706164
795.361060
794.959666
794.502546
793.990343
793.960610
794.472399
794.929149
795.330219
795.675044
795.963141
796.194104
796.367611
796.483417
796.541361
796.541361
796.483417
796.367611
796.194104
795.963141
795.675044
795.330219
794.929149
794.472399
793.960610
793.930901
794.442277
794.898658
795.299403
795.643950
795.931813
796.162590
796.335957
796.451670
796.509567
796.509567
796.451670
796.335957
796.162590
795.931813
795.643950
795.299403
794.898658
794.442277
793.930901
793.901217
794.412179
794.868191
795.268612
795.612880
795.900512
796.131102
796.304328
796.419948
796.477798
796.477798
796.419948
796.304328
796.131102
795.900512
795.612880
795.268612
794.868191
794.412179
793.901217
793.871557
794.382105
794.837749
795.237847
795.581837
795.869235
796.099639
796.272726
796.388252
796.446055
796.446055
796.388252
796.272726
796.099639
795.869235
795.581837
795.237847
794.837749
794.382105
793.871557
793.841921
794.352057
794.807332
795.207106
795.550818
795.837984
796.068202
796.241149
796.356582
796.414338
796.414338
796.356582
796.241149
796.068202
795.837984
795.550818
795.207106
794.807332
794.352057
793.841921
793.812309
794.322032
794.776939
795.176391
795.519825
795.806759
796.036791
796.209598
796.324937
796.382647
796.382647
796.324937
796.209598
796.036791
795.806759
795.519825
795.176391
794.776939
794.322032
793.812309
793.782721
794.292032
794.746572
795.145700
795.488856
795.775559
796.005405
796.178072
796.293318
796.350982
796.350982
796.293318
796.178072
796.005405
795.775559
795.488856
795.145700
794.746572
794.292032
793.782721
793.753157
794.262056
794.716228
795.115034
795.457913
795.744384
795.974045
796.146572
796.261725
796.319342
796.319342
796.261725
796.146572
795.974045
795.744384
795.457913
795.115034
794.716228
794.262056
793.753157
793.723617
794.232105
794.685910
795.084394
795.426996
795.713235
795.942710
796.115098
796.230158
796.287728
796.287728
796.230158
796.115098
795.942710
795.713235
795.426996
795.084394
794.685910
794.232105
793.723617
793.694101
794.202178
794.655616
795.053778
795.396103
795.682111
795.911400
796.083649
796.198616
796.256140
796.256140
796.198616
796.083649
795.911400
795.682111
795.396103
795.053778
794.655616
794.202178
793.694101
793.664609
794.172276
794.625347
795.023187
795.365235
795.651012
795.880116
796.052226
796.167101
796.224578
796.224578
796.167101
796.052226
795.880116
795.651012
795.365235
795.023187
794.625347
794.172276
793.664609
793.635142
794.142398
794.595103
794.992621
795.334393
795.619939
795.848858
796.020829
796.135610
796.193041
796.193041
796.135610
796.020829
795.848858
795.619939
795.334393
794.992621
794.595103
794.142398
793.635142
793.605698
794.112544
794.564883
794.962080
795.303576
795.588891
795.817625
795.989457
796.104146
796.161530
796.161530
796.104146
795.989457
795.817625
795.588891
795.303576
794.962080
794.564883
794.112544
793.605698
793.576278
794.082714
794.534688
794.931564
795.272783
795.557868
795.786417
795.958111
796.072707
796.130045
796.130045
796.072707
795.958111
795.786417
795.557868
795.272783
794.931564
794.534688
794.082714
793.576278
793.546882
794.052909
794.504517
794.901072
795.242016
795.526871
795.755235
795.926790
796.041293
796.098585
796.098585
796.041293
795.926790
795.755235
795.526871
795.242016
794.901072
794.504517
794.052909
793.546882
793.517510
794.023127
794.474371
794.870605
795.211274
795.495898
795.724078
795.895494
796.009905
796.067151
796.067151
796.009905
795.895494
795.724078
795.495898
795.211274
794.870605
794.474371
794.023127
793.517510
793.488162
793.993370
794.444249
794.840164
795.180557
795.464951
795.692947
795.864224
795.978543
796.035742
796.035742
795.978543
795.864224
795.692947
795.464951
795.180557
794.840164
794.444249
793.993370
793.488162
793.458837
793.963638
794.414152
794.809746
795.149865
795.434029
795.661841
795.832980
795.947206
796.004359
796.004359
795.947206
795.832980
795.661841
795.434029
795.149865
794.809746
794.414152
793.963638
793.458837
793.429537
793.933929
794.384079
794.779354
795.119198
795.403132
795.630760
795.801761
795.915895
795.973001
795.973001
795.915895
795.801761
795.630760
795.403132
795.119198
794.779354
794.384079
793.933929
793.429537
793.400260
793.904245
794.354031
794.748986
795.088555
795.372261
795.599704
795.770567
795.884609
795.941669
795.941669
795.884609
795.770567
795.599704
795.372261
795.088555
794.748986
794.354031
793.904245
793.400260
793.371007
793.874584
794.324007
794.718643
795.057938
795.341414
795.568674
795.739399
795.853348
795.910363
795.910363
795.853348
795.739399
795.568674
795.341414
795.057938
794.718643
794.324007
793.874584
793.371007
793.341778
793.844948
794.294008
794.688325
795.027346
795.310593
795.537669
795.708256
795.822113
795.879082
795.879082
795.822113
795.708256
795.537669
795.310593
795.027346
794.688325
794.294008
793.844948
793.341778
793.312573
793.815336
794.264033
794.658032
794.996778
795.279796
795.506689
795.677138
795.790904
795.847826
795.847826
795.790904
795.677138
795.506689
795.279796
794.996778
794.658032
794.264033
793.815336
793.312573
793.283391
793.785748
794.234082
794.627763
794.966235
795.249025
795.475735
795.646046
795.759719
795.816596
795.816596
795.759719
795.646046
795.475735
795.249025
794.966235
794.627763
794.234082
793.785748
793.283391
793.254233
793.756184
794.204156
794.597518
794.935717
795.218279
795.444805
795.614979
795.728561
795.785391
795.785391
795.728561
795.614979
795.444805
795.218279
794.935717
794.597518
794.204156
793.756184
793.254233
793.225099
793.726644
794.174254
794.567298
794.905224
795.187557
795.413901
795.583937
795.697427
795.754212
795.754212
795.697427
795.583937
795.413901
795.187557
794.905224
794.567298
794.174254
793.726644
793.225099
793.195988
793.697128
794.144377
794.537103
794.874756
795.156861
795.383022
795.552921
795.666319
795.723058
795.723058
795.666319
795.552921
795.383022
795.156861
794.874756
794.537103
794.144377
793.697128
793.195988
793.166901
793.667637
794.114523
794.506933
794.844313
795.126190
795.352168
795.521929
795.635236
795.691929
795.691929
795.635236
795.521929
795.352168
795.126190
794.844313
794.506933
794.114523
793.667637
793.166901
793.137838
793.638169
794.084694
794.476786
794.813894
795.095543
795.321339
795.490963
795.604179
795.660826
795.660826
795.604179
795.490963
795.321339
795.095543
794.813894
794.476786
794.084694
793.638169
793.137838
793.108799
793.608725
794.054889
794.446665
794.783500
795.064922
795.290535
795.460022
795.573146
795.629748
795.629748
795.573146
795.460022
795.290535
795.064922
794.783500
794.446665
794.054889
793.608725
793.108799
793.079783
793.579305
794.025109
794.416568
794.753131
795.034325
795.259756
795.429107
795.542139
795.598695
795.598695
795.542139
795.429107
795.259756
795.034325
794.753131
794.416568
794.025109
793.579305
793.079783
793.050790
793.549909
793.995352
794.386495
794.722786
795.003754
795.229002
795.398216
795.511157
795.567668
795.567668
795.511157
795.398216
795.229002
795.003754
794.722786
794.386495
793.995352
793.549909
793.050790
793.021821
793.520536
793.965620
794.356447
794.692467
794.973207
795.198274
795.367351
795.480201
795.536665
795.536665
795.480201
795.367351
795.198274
794.973207
794.692467
794.356447
793.965620
793.520536
793.021821
792.992876
793.491188
793.935912
794.326423
794.662171
794.942685
795.167570
795.336510
795.449269
795.505688
795.505688
795.449269
795.336510
795.167570
794.942685
794.662171
794.326423
793.935912
793.491188
792.992876
792.963954
793.461864
793.906229
794.296424
794.631901
794.912188
795.136891
795.305695
795.418363
795.474736
795.474736
795.418363
795.305695
795.136891
794.912188
794.631901
794.296424
793.906229
793.461864
792.963954
792.935056
793.432563
793.876569
794.266449
794.601655
794.881716
795.106237
795.274905
795.387482
795.443810
795.443810
795.387482
795.274905
795.106237
794.881716
794.601655
794.266449
793.876569
793.432563
792.935056
792.906181
793.403286
793.846933
794.236498
794.571434
794.851268
795.075608
795.244140
795.356626
795.412908
795.412908
795.356626
795.244140
795.075608
794.851268
794.571434
794.236498
793.846933
793.403286
792.906181
792.877330
793.374033
793.817322
794.206572
794.541237
794.820845
795.045004
795.213400
795.325795
795.382032
795.382032
795.325795
795.213400
795.045004
794.820845
794.541237
794.206572
793.817322
793.374033
792.877330
792.848502
793.344804
793.787734
794.176670
794.511065
794.790447
795.014425
795.182685
795.294989
795.351181
795.351181
795.294989
795.182685
795.014425
794.790447
794.511065
794.176670
793.787734
793.344804
792.848502
792.819698
793.315598
793.758171
794.146793
794.480917
794.760074
794.983871
795.151995
795.264208
795.320354
795.320354
795.264208
795.151995
794.983871
794.760074
794.480917
794.146793
793.758171
793.315598
792.819698
792.790917
793.286417
793.728632
794.116939
794.450794
794.729725
794.953342
795.121329
795.233452
795.289553
795.289553
795.233452
795.121329
794.953342
794.729725
794.450794
794.116939
793.728632
793.286417
792.790917
792.762159
793.257259
793.699116
794.087110
794.420695
794.699401
794.922837
795.090689
795.202722
795.258777
795.258777
795.202722
795.090689
794.922837
794.699401
794.420695
794.087110
793.699116
793.257259
792.762159
792.733425
793.228124
793.669625
794.057306
794.390621
794.669102
794.892357
795.060074
795.172016
795.228026
795.228026
795.172016
795.060074
794.892357
794.669102
794.390621
794.057306
793.669625
793.228124
792.733425
792.704714
793.199014
793.640158
794.027525
794.360571
794.638827
794.861902
795.029483
795.141335
795.197300
795.197300
795.141335
795.029483
794.861902
794.638827
794.360571
794.027525
793.640158
793.199014
792.704714
792.676026
793.169927
793.610714
793.997769
794.330546
794.608577
794.831472
794.998918
795.110679
795.166599
795.166599
795.110679
794.998918
794.831472
794.608577
794.330546
793.997769
793.610714
793.169927
792.676026
792.647362
793.140863
793.581295
793.968037
794.300545
794.578352
794.801067
794.968377
795.080048
795.135923
795.135923
795.080048
794.968377
794.801067
794.578352
794.300545
793.968037
793.581295
793.140863
792.647362
792.618721
793.111824
793.551899
793.938329
794.270568
794.548151
794.770686
794.937861
795.049442
795.105272
795.105272
795.049442
794.937861
794.770686
794.548151
794.270568
793.938329
793.551899
793.111824
792.618721
792.590103
793.082807
793.522528
793.908645
794.240616
794.517974
794.740330
794.907370
795.018861
795.074646
795.074646
795.018861
794.907370
794.740330
794.517974
794.240616
793.908645
793.522528
793.082807
792.590103
792.561509
793.053815
793.493180
793.878985
794.210688
794.487823
794.709999
794.876904
794.988305
795.044044
795.044044
794.988305
794.876904
794.709999
794.487823
794.210688
793.878985
793.493180
793.053815
792.561509
792.532938
793.024846
793.463856
793.849350
794.180785
794.457695
794.679692
794.846463
794.957773
795.013468
795.013468
794.957773
794.846463
794.679692
794.457695
794.180785
793.849350
793.463856
793.024846
792.532938
792.504390
792.995900
793.434556
793.819738
794.150906
794.427593
794.649410
794.816046
794.927267
794.982916
794.982916
794.927267
794.816046
794.649410
794.427593
794.150906
793.819738
793.434556
792.995900
792.504390
792.475865
792.966979
793.405280
793.790151
794.121051
794.397514
794.619152
794.785654
794.896785
794.952390
794.952390
794.896785
794.785654
794.619152
794.397514
794.121051
793.790151
793.405280
792.966979
792.475865
792.447363
792.938080
793.376027
793.760588
794.091220
794.367460
794.588920
794.755287
794.866328
794.921888
794.921888
794.866328
794.755287
794.588920
794.367460
794.091220
793.760588
793.376027
792.938080
792.447363
792.418885
792.909205
793.346798
793.731048
794.061414
794.337431
794.558711
794.724944
794.835896
794.891411
794.891411
794.835896
794.724944
794.558711
794.337431
794.061414
793.731048
793.346798
792.909205
792.418885
792.390429
792.880354
793.317593
793.701533
794.031632
794.307426
794.528528
794.694626
794.805488
794.860958
794.860958
794.805488
794.694626
794.528528
794.307426
794.031632
793.701533
793.317593
792.880354
792.390429
792.361997
792.851526
793.288412
793.672042
794.001874
794.277445
794.498368
794.664333
794.775105
794.830531
794.830531
794.775105
794.664333
794.498368
794.277445
794.001874
793.672042
793.288412
792.851526
792.361997
792.333588
792.822721
793.259255
793.642574
793.972140
794.247489
794.468234
794.634064
794.744747
794.800128
794.800128
794.744747
794.634064
794.468234
794.247489
793.972140
793.642574
793.259255
792.822721
792.333588
792.305202
792.793940
793.230121
793.613131
793.942431
794.217557
794.438124
794.603820
794.714414
794.769750
794.769750
794.714414
794.603820
794.438124
794.217557
793.942431
793.613131
793.230121
792.793940
792.305202
792.276839
792.765182
793.201011
793.583711
793.912745
794.187650
794.408038
794.573601
794.684105
794.739396
794.739396
794.684105
794.573601
794.408038
794.187650
793.912745
793.583711
793.201011
792.765182
792.276839
792.248499
792.736448
793.171924
793.554316
793.883084
794.157766
794.377977
794.543406
794.653821
794.709068
794.709068
794.653821
794.543406
794.377977
794.157766
793.883084
793.554316
793.171924
792.736448
792.248499
792.220182
792.707736
793.142861
793.524944
793.853447
794.127907
794.347940
794.513236
794.623562
794.678764
794.678764
794.623562
794.513236
794.347940
794.127907
793.853447
793.524944
793.142861
792.707736
792.220182
792.191888
792.679049
793.113822
793.495596
793.823834
794.098073
794.317928
794.483090
794.593327
794.648484
794.648484
794.593327
794.483090
794.317928
794.098073
793.823834
793.495596
793.113822
792.679049
792.191888
792.163617
792.650384
793.084806
793.466272
793.794245
794.068262
794.287940
794.452968
794.563117
794.618229
794.618229
794.563117
794.452968
794.287940
794.068262
793.794245
793.466272
793.084806
792.650384
792.163617
792.135369
792.621743
793.055814
793.436972
793.764680
794.038476
794.257976
794.422872
794.532931
794.587999
794.587999
794.532931
794.422872
794.257976
794.038476
793.764680
793.436972
793.055814
792.621743
792.135369
792.107144
792.593125
793.026846
793.407696
793.735139
794.008714
794.228037
794.392799
794.502770
794.557793
794.557793
794.502770
794.392799
794.228037
794.008714
793.735139
793.407696
793.026846
792.593125
792.107144
792.078942
792.564530
792.997901
793.378443
793.705622
793.978976
794.198122
794.362751
794.472633
794.527612
794.527612
794.472633
794.362751
794.198122
793.978976
793.705622
793.378443
792.997901
792.564530
792.078942
792.050763
792.535959
792.968979
793.349214
793.676129
793.949262
794.168231
794.332728
794.442521
794.497456
794.497456
794.442521
794.332728
794.168231
793.949262
793.676129
793.349214
792.968979
792.535959
792.050763
792.022607
792.507411
792.940082
793.320009
793.646660
793.919573
794.138365
794.302729
794.412433
794.467324
794.467324
794.412433
794.302729
794.138365
793.919573
793.646660
793.320009
792.940082
792.507411
792.022607
791.994473
792.478886
792.911207
793.290828
793.617215
793.889908
794.108523
794.272754
794.382370
794.437216
794.437216
794.382370
794.272754
794.108523
793.889908
793.617215
793.290828
792.911207
792.478886
791.994473
791.966363
792.450384
792.882356
793.261671
793.587794
793.860266
794.078705
794.242804
794.352331
794.407133
794.407133
794.352331
794.242804
794.078705
793.860266
793.587794
793.261671
792.882356
792.450384
791.966363
791.938275
792.421905
792.853528
793.232537
793.558396
793.830649
794.048912
794.212878
794.322317
794.377074
794.377074
794.322317
794.212878
794.048912
793.830649
793.558396
793.232537
792.853528
792.421905
791.938275
791.910210
792.393450
792.824724
793.203427
793.529023
793.801056
794.019143
794.182976
794.292327
794.347040
794.347040
794.292327
794.182976
794.019143
793.801056
793.529023
793.203427
792.824724
792.393450
791.910210
791.882168
792.365017
792.795944
793.174340
793.499674
793.771487
793.989397
794.153099
794.262361
794.317030
794.317030
794.262361
794.153099
793.989397
793.771487
793.499674
793.174340
792.795944
792.365017
791.882168
791.854148
792.336608
792.767186
793.145277
793.470348
793.741942
793.959677
794.123246
794.232420
794.287045
794.287045
794.232420
794.123246
793.959677
793.741942
793.470348
793.145277
792.767186
792.336608
791.854148
791.826152
792.308221
792.738452
793.116238
793.441046
793.712421
793.929980
794.093417
794.202503
794.257084
794.257084
794.202503
794.093417
793.929980
793.712421
793.441046
793.116238
792.738452
792.308221
791.826152
791.798178
792.279858
792.709741
793.087222
793.411768
793.682924
793.900307
794.063612
794.172610
794.227147
794.227147
794.172610
794.063612
793.900307
793.682924
793.411768
793.087222
792.709741
792.279858
791.798178
791.770227
792.251518
792.681054
793.058230
793.382514
793.653451
793.870659
794.033832
794.142742
794.197235
794.197235
794.142742
794.033832
793.870659
793.653451
793.382514
793.058230
792.681054
792.251518
791.770227
791.742298
792.223201
792.652390
793.029261
793.353284
793.624002
793.841034
794.004076
794.112898
794.167347
794.167347
794.112898
794.004076
793.841034
793.624002
793.353284
793.029261
792.652390
792.223201
791.742298
791.714393
792.194907
792.623749
793.000316
793.324077
793.594577
793.811434
793.974344
794.083078
794.137483
794.137483
794.083078
793.974344
793.811434
793.594577
793.324077
793.000316
792.623749
792.194907
791.714393
791.686509
792.166635
792.595132
792.971395
793.294894
793.565175
793.781857
793.944636
794.053282
794.107644
794.107644
794.053282
793.944636
793.781857
793.565175
793.294894
792.971395
792.595132
792.166635
791.686509
791.658649
792.138387
792.566538
792.942497
793.265735
793.535798
793.752305
793.914952
794.023511
794.077829
794.077829
794.023511
793.914952
793.752305
793.535798
793.265735
792.942497
792.566538
792.138387
791.658649
791.630811
792.110162
792.537967
792.913622
793.236600
793.506444
793.722777
793.885293
793.993764
794.048038
794.048038
793.993764
793.885293
793.722777
793.506444
793.236600
792.913622
792.537967
792.110162
791.630811
791.602996
792.081960
792.509419
792.884771
793.207488
793.477115
793.693273
793.855657
793.964041
794.018271
794.018271
793.964041
793.855657
793.693273
793.477115
793.207488
792.884771
792.509419
792.081960
791.602996
791.575203
792.053780
792.480894
792.855943
793.178400
793.447809
793.663792
793.826046
793.934342
793.988528
793.988528
793.934342
793.826046
793.663792
793.447809
793.178400
792.855943
792.480894
792.053780
791.575203
791.547433
792.025624
792.452393
792.827139
793.149335
793.418527
793.634336
793.796459
793.904667
793.958810
793.958810
793.904667
793.796459
793.634336
793.418527
793.149335
792.827139
792.452393
792.025624
791.547433
791.519685
791.997490
792.423914
792.798358
793.120294
793.389269
793.604904
793.766895
793.875017
793.929115
793.929115
793.875017
793.766895
793.604904
793.389269
793.120294
792.798358
792.423914
791.997490
791.519685
791.491960
791.969379
792.395459
792.769601
793.091277
793.360034
793.575495
793.737356
793.845390
793.899445
793.899445
793.845390
793.737356
793.575495
793.360034
793.091277
792.769601
792.395459
791.969379
791.491960
791.464258
791.941291
792.367027
792.740867
793.062283
793.330823
793.546110
793.707841
793.815788
793.869799
793.869799
793.815788
793.707841
793.546110
793.330823
793.062283
792.740867
792.367027
791.941291
791.464258
791.436578
791.913226
792.338618
792.712156
793.033313
793.301636
793.516750
793.678350
793.786209
793.840177
793.840177
793.786209
793.678350
793.516750
793.301636
793.033313
792.712156
792.338618
791.913226
791.436578
791.408920
791.885183
792.310232
792.683468
793.004366
793.272473
793.487413
793.648882
793.756655
793.810579
793.810579
793.756655
793.648882
793.487413
793.272473
793.004366
792.683468
792.310232
791.885183
791.408920
791.381285
791.857164
792.281869
792.654804
792.975443
793.243334
793.458100
793.619439
793.727125
793.781005
793.781005
793.727125
793.619439
793.458100
793.243334
792.975443
792.654804
792.281869
791.857164
791.381285
791.353673
791.829167
792.253530
792.626163
792.946543
793.214218
793.428810
793.590020
793.697618
793.751456
793.751456
793.697618
793.590020
793.428810
793.214218
792.946543
792.626163
792.253530
791.829167
791.353673
791.326082
791.801192
792.225213
792.597546
792.917667
793.185125
793.399545
793.560624
793.668136
793.721930
793.721930
793.668136
793.560624
793.399545
793.185125
792.917667
792.597546
792.225213
791.801192
791.326082
791.298515
791.773241
792.196919
792.568951
792.888814
793.156057
793.370303
793.531252
793.638678
793.692428
793.692428
793.638678
793.531252
793.370303
793.156057
792.888814
792.568951
792.196919
791.773241
791.298515
791.270969
791.745312
792.168648
792.540380
792.859985
793.127012
793.341085
793.501905
793.609243
793.662950
793.662950
793.609243
793.501905
793.341085
793.127012
792.859985
792.540380
792.168648
791.745312
791.270969
791.243446
791.717406
792.140400
792.511832
792.831179
793.097990
793.311891
793.472581
793.579833
793.633496
793.633496
793.579833
793.472581
793.311891
793.097990
792.831179
792.511832
792.140400
791.717406
791.243446
791.215945
791.689523
792.112175
792.483308
792.802396
793.068993
793.282721
793.443281
793.550446
793.604066
793.604066
793.550446
793.443281
793.282721
793.068993
792.802396
792.483308
792.112175
791.689523
791.215945
791.188467
791.661662
792.083973
792.454806
792.773637
793.040018
793.253574
793.414004
793.521083
793.574660
793.574660
793.521083
793.414004
793.253574
793.040018
792.773637
792.454806
792.083973
791.661662
791.188467
791.161011
791.633824
792.055794
792.426328
792.744902
793.011068
793.224451
793.384752
793.491744
793.545278
793.545278
793.491744
793.384752
793.224451
793.011068
792.744902
792.426328
792.055794
791.633824
791.161011
791.133577
791.606008
792.027638
792.397872
792.716189
792.982140
793.195352
793.355523
793.462429
793.515920
793.515920
793.462429
793.355523
793.195352
792.982140
792.716189
792.397872
792.027638
791.606008
791.133577
791.106165
791.578215
791.999505
792.369440
792.687500
792.953237
793.166276
793.326318
793.433138
793.486585
793.486585
793.433138
793.326318
793.166276
792.953237
792.687500
792.369440
791.999505
791.578215
791.106165
791.078776
791.550445
791.971394
792.341031
792.658834
792.924356
793.137224
793.297137
793.403870
793.457275
793.457275
793.403870
793.297137
793.137224
792.924356
792.658834
792.341031
791.971394
791.550445
791.078776
791.051409
791.522697
791.943307
792.312645
792.630192
792.895500
793.108195
793.267979
793.374627
793.427988
793.427988
793.374627
793.267979
793.108195
792.895500
792.630192
792.312645
791.943307
791.522697
791.051409
791.024064
791.494972
791.915242
792.284282
792.601572
792.866666
793.079190
793.238845
793.345407
793.398725
793.398725
793.345407
793.238845
793.079190
792.866666
792.601572
792.284282
791.915242
791.494972
791.024064
790.996741
791.467269
791.887200
792.255942
792.572976
792.837856
793.050209
793.209735
793.316210
793.369486
793.369486
793.316210
793.209735
793.050209
792.837856
792.572976
792.255942
791.887200
791.467269
790.996741
790.969441
791.439588
791.859180
792.227625
792.544404
792.809070
793.021251
793.180648
793.287038
793.340270
793.340270
793.287038
793.180648
793.021251
792.809070
792.544404
792.227625
791.859180
791.439588
790.969441
790.942163
791.411930
791.831184
792.199331
792.515854
792.780306
792.992316
793.151585
793.257889
793.311078
793.311078
793.257889
793.151585
792.992316
792.780306
792.515854
792.199331
791.831184
791.411930
790.942163
790.914906
791.384295
791.803210
792.171060
792.487328
792.751567
792.963405
793.122546
793.228764
793.281910
793.281910
793.228764
793.122546
792.963405
792.751567
792.487328
792.171060
791.803210
791.384295
790.914906
790.887672
791.356682
791.775259
792.142812
792.458824
792.722850
792.934518
793.093530
793.199662
793.252766
793.252766
793.199662
793.093530
792.934518
792.722850
792.458824
792.142812
791.775259
791.356682
790.887672
790.860460
791.329091
791.747330
792.114587
792.430344
792.694157
792.905654
793.064538
793.170585
793.223645
793.223645
793.170585
793.064538
792.905654
792.694157
792.430344
792.114587
791.747330
791.329091
790.860460
790.833271
791.301523
791.719424
792.086385
792.401887
792.665487
792.876814
793.035569
793.141530
793.194548
793.194548
793.141530
793.035569
792.876814
792.665487
792.401887
792.086385
791.719424
791.301523
790.833271
790.806103
791.273977
791.691541
792.058206
792.373453
792.636841
792.847997
793.006624
793.112500
793.165475
793.165475
793.112500
793.006624
792.847997
792.636841
792.373453
792.058206
791.691541
791.273977
790.806103
790.778957
791.246454
791.663681
792.030049
792.345043
792.608217
792.819203
792.977702
793.083493
793.136425
793.136425
793.083493
792.977702
792.819203
792.608217
792.345043
792.030049
791.663681
791.246454
790.778957
790.751833
791.218953
791.635843
792.001916
792.316655
792.579617
792.790433
792.948804
793.054509
793.107399
793.107399
793.054509
792.948804
792.790433
792.579617
792.316655
792.001916
791.635843
791.218953
790.751833
790.724732
791.191474
791.608028
791.973805
792.288290
792.551040
792.761686
792.919929
793.025549
793.078396
793.078396
793.025549
792.919929
792.761686
792.551040
792.288290
791.973805
791.608028
791.191474
790.724732
790.697652
791.164018
791.580235
791.945717
792.259949
792.522487
792.732962
792.891078
792.996613
793.049417
793.049417
792.996613
792.891078
792.732962
792.522487
792.259949
791.945717
791.580235
791.164018
790.697652
790.670594
791.136583
791.552465
791.917652
792.231630
792.493956
792.704262
792.862250
792.967700
793.020461
793.020461
792.967700
792.862250
792.704262
792.493956
792.231630
791.917652
791.552465
791.136583
790.670594
790.643558
791.109171
791.524717
791.889610
792.203334
792.465449
792.675585
792.833446
792.938810
792.991529
792.991529
792.938810
792.833446
792.675585
792.465449
792.203334
791.889610
791.524717
791.109171
790.643558
790.616544
791.081782
791.496992
791.861590
792.175062
792.436965
792.646931
792.804665
792.909944
792.962621
792.962621
792.909944
792.804665
792.646931
792.436965
792.175062
791.861590
791.496992
791.081782
790.616544
790.589552
791.054414
791.469290
791.833593
792.146812
792.408504
792.618301
792.775907
792.881102
792.933736
792.933736
792.881102
792.775907
792.618301
792.408504
792.146812
791.833593
791.469290
791.054414
790.589552
790.562582
791.027069
791.441610
791.805619
792.118585
792.380066
792.589694
792.747173
792.852282
792.904874
792.904874
792.852282
792.747173
792.589694
792.380066
792.118585
791.805619
791.441610
791.027069
790.562582
790.535634
790.999746
791.413952
791.777668
792.090381
792.351651
792.561110
792.718462
792.823487
792.876036
792.876036
792.823487
792.718462
792.561110
792.351651
792.090381
791.777668
791.413952
790.999746
790.535634
790.508708
790.972445
791.386317
791.749739
792.062200
792.323259
792.532549
792.689774
792.794714
792.847221
792.847221
792.794714
792.689774
792.532549
792.323259
792.062200
791.749739
791.386317
790.972445
790.508708
790.481804
790.945166
791.358704
791.721833
792.034042
792.294891
792.504011
792.661110
792.765965
792.818430
792.818430
792.765965
792.661110
792.504011
792.294891
792.034042
791.721833
791.358704
790.945166
790.481804
790.454921
790.917910
791.331114
791.693950
792.005907
792.266545
792.475497
792.632469
792.737240
792.789662
792.789662
792.737240
792.632469
792.475497
792.266545
792.005907
791.693950
791.331114
790.917910
790.454921
790.428060
790.890675
791.303546
791.666089
791.977795
792.238222
792.447006
792.603851
792.708537
792.760917
792.760917
792.708537
792.603851
792.447006
792.238222
791.977795
791.666089
791.303546
790.890675
790.428060
790.401221
790.863463
791.276000
791.638251
791.949705
792.209923
792.418538
792.575256
792.679858
792.732196
792.732196
792.679858
792.575256
792.418538
792.209923
791.949705
791.638251
791.276000
790.863463
790.401221
790.374404
790.836273
791.248477
791.610436
791.921638
792.181646
792.390093
792.546685
792.651203
792.703498
792.703498
792.651203
792.546685
792.390093
792.181646
791.921638
791.610436
791.248477
790.836273
790.374404
790.347609
790.809105
791.220976
791.582643
791.893594
792.153392
792.361671
792.518137
792.622570
792.674823
792.674823
792.622570
792.518137
792.361671
792.153392
791.893594
791.582643
791.220976
790.809105
790.347609
790.320835
790.781958
791.193498
791.554873
791.865573
792.125162
792.333272
792.489612
792.593961
792.646172
792.646172
792.593961
792.489612
792.333272
792.125162
791.865573
791.554873
791.193498
790.781958
790.320835
790.294083
790.754834
791.166042
791.527125
791.837575
792.096954
792.304896
792.461110
792.565375
792.617544
792.617544
792.565375
792.461110
792.304896
792.096954
791.837575
791.527125
791.166042
790.754834
790.294083
790.267353
790.727732
791.138608
791.499400
791.809599
792.068769
792.276544
792.432631
792.536812
792.588939
792.588939
792.536812
792.432631
792.276544
792.068769
791.809599
791.499400
791.138608
790.727732
790.267353
790.240644
790.700652
791.111196
791.471697
791.781646
792.040607
792.248214
792.404176
792.508272
792.560357
792.560357
792.508272
792.404176
792.248214
792.040607
791.781646
791.471697
791.111196
790.700652
790.240644
790.213957
790.673594
791.083807
791.444016
791.753716
792.012467
792.219907
792.375743
792.479756
792.531799
792.531799
792.479756
792.375743
792.219907
792.012467
791.753716
791.444016
791.083807
790.673594
790.213957
790.187292
790.646558
791.056439
791.416359
791.725808
791.984351
792.191624
792.347334
792.451263
792.503264
792.503264
792.451263
792.347334
792.191624
791.984351
791.725808
791.416359
791.056439
790.646558
790.187292
790.160648
790.619543
791.029094
791.388723
791.697923
791.956257
792.163363
792.318948
792.422793
792.474752
792.474752
792.422793
792.318948
792.163363
791.956257
791.697923
791.388723
791.029094
790.619543
790.160648
790.134026
790.592551
791.001772
791.361110
791.670061
791.928187
792.135125
792.290584
792.394346
792.446263
792.446263
792.394346
792.290584
792.135125
791.928187
791.670061
791.361110
791.001772
790.592551
790.134026
790.107426
790.565580
790.974471
791.333520
791.642221
791.900139
792.106910
792.262244
792.365922
792.417797
792.417797
792.365922
792.262244
792.106910
791.900139
791.642221
791.333520
790.974471
790.565580
790.107426
790.080847
790.538632
790.947192
791.305952
791.614404
791.872113
792.078718
792.233927
792.337521
792.389354
792.389354
792.337521
792.233927
792.078718
791.872113
791.614404
791.305952
790.947192
790.538632
790.080847
790.054289
790.511705
790.919936
791.278406
791.586609
791.844111
792.050549
792.205632
792.309143
792.360934
792.360934
792.309143
792.205632
792.050549
791.844111
791.586609
791.278406
790.919936
790.511705
790.054289
790.027754
790.484800
790.892702
791.250882
791.558837
791.816131
792.022403
792.177361
792.280788
792.332538
792.332538
792.280788
792.177361
792.022403
791.816131
791.558837
791.250882
790.892702
790.484800
790.027754
790.001239
790.457917
790.865490
791.223381
791.531087
791.788174
791.994279
792.149113
792.252456
792.304164
792.304164
792.252456
792.149113
791.994279
791.788174
791.531087
791.223381
790.865490
790.457917
790.001239
789.974747
790.431056
790.838300
791.195903
791.503360
791.760240
791.966179
792.120887
792.224148
792.275814
792.275814
792.224148
792.120887
791.966179
791.760240
791.503360
791.195903
790.838300
790.431056
789.974747
789.948276
790.404217
790.811132
791.168446
791.475656
791.732328
791.938101
792.092685
792.195862
792.247487
792.247487
792.195862
792.092685
791.938101
791.732328
791.475656
791.168446
790.811132
790.404217
789.948276
789.921826
790.377399
790.783986
791.141012
791.447974
791.704439
791.910046
792.064505
792.167599
792.219182
792.219182
792.167599
792.064505
791.910046
791.704439
791.447974
791.141012
790.783986
790.377399
789.921826
789.895397
790.350603
790.756862
791.113600
791.420314
791.676573
791.882014
792.036348
792.139359
792.190901
792.190901
792.139359
792.036348
791.882014
791.676573
791.420314
791.113600
790.756862
790.350603
789.895397
789.868991
790.323829
790.729760
791.086210
791.392677
791.648729
791.854004
792.008215
792.111142
792.162642
792.162642
792.111142
792.008215
791.854004
791.648729
791.392677
791.086210
790.729760
790.323829
789.868991
789.842605
790.297076
790.702680
791.058843
791.365063
791.620908
791.826018
791.980103
792.082948
792.134406
792.134406
792.082948
791.980103
791.826018
791.620908
791.365063
791.058843
790.702680
790.297076
789.842605
789.816241
790.270346
790.675622
791.031497
791.337470
791.593109
791.798054
791.952015
792.054777
792.106194
792.106194
792.054777
791.952015
791.798054
791.593109
791.337470
791.031497
790.675622
790.270346
789.816241
789.789898
790.243637
790.648586
791.004174
791.309901
791.565333
791.770112
791.923950
792.026628
792.078004
792.078004
792.026628
791.923950
791.770112
791.565333
791.309901
791.004174
790.648586
790.243637
789.789898
789.763577
790.216949
790.621572
790.976873
791.282353
791.537580
791.742194
791.895907
791.998503
792.049837
792.049837
791.998503
791.895907
791.742194
791.537580
791.282353
790.976873
790.621572
790.216949
789.763577
789.737277
790.190284
790.594580
790.949595
791.254828
791.509849
791.714298
791.867887
791.970400
792.021693
792.021693
791.970400
791.867887
791.714298
791.509849
791.254828
790.949595
790.594580
790.190284
789.737277
789.710999
790.163639
790.567609
790.922338
791.227325
791.482140
791.686425
791.839890
791.942320
791.993572
791.993572
791.942320
791.839890
791.686425
791.482140
791.227325
790.922338
790.567609
790.163639
789.710999
789.684741
790.137017
790.540661
790.895104
791.199845
791.454454
791.658574
791.811915
791.914263
791.965473
791.965473
791.914263
791.811915
791.658574
791.454454
791.199845
790.895104
790.540661
790.137017
789.684741
789.658505
790.110416
790.513734
790.867891
791.172386
791.426791
791.630746
791.783964
791.886229
791.937398
791.937398
791.886229
791.783964
791.630746
791.426791
791.172386
790.867891
790.513734
790.110416
789.658505
789.632290
790.083837
790.486830
790.840701
791.144950
791.399150
791.602940
791.756035
791.858218
791.909345
791.909345
791.858218
791.756035
791.602940
791.399150
791.144950
790.840701
790.486830
790.083837
789.632290
789.606097
790.057279
790.459947
790.813533
791.117537
791.371531
791.575157
791.728128
791.830229
791.881315
791.881315
791.830229
791.728128
791.575157
791.371531
791.117537
790.813533
790.459947
790.057279
789.606097
789.579925
790.030743
790.433086
790.786386
791.090145
791.343935
791.547397
791.700244
791.802263
791.853308
791.853308
791.802263
791.700244
791.547397
791.343935
791.090145
790.786386
790.433086
790.030743
789.579925
789.553774
790.004228
790.406247
790.759262
791.062776
791.316361
791.519659
791.672383
791.774319
791.825323
791.825323
791.774319
791.672383
791.519659
791.316361
791.062776
790.759262
790.406247
790.004228
789.553774
789.527644
789.977735
790.379429
790.732160
791.035429
791.288810
791.491943
791.644545
791.746399
791.797361
791.797361
791.746399
791.644545
791.491943
791.288810
791.035429
790.732160
790.379429
789.977735
789.527644
789.501535
789.951263
790.352633
790.705080
791.008104
791.261280
791.464251
791.616729
791.718500
791.769422
791.769422
791.718500
791.616729
791.464251
791.261280
791.008104
790.705080
790.352633
789.951263
789.501535
789.475448
789.924813
790.325859
790.678021
790.980802
791.233774
791.436580
791.588935
791.690625
791.741506
791.741506
791.690625
791.588935
791.436580
791.233774
790.980802
790.678021
790.325859
789.924813
789.475448
789.449381
789.898384
790.299107
790.650985
790.953521
791.206289
791.408932
791.561165
791.662772
791.713612
791.713612
791.662772
791.561165
791.408932
791.206289
790.953521
790.650985
790.299107
789.898384
789.449381
789.423336
789.871977
790.272376
790.623971
790.926263
791.178827
791.381307
791.533416
791.634942
791.685741
791.685741
791.634942
791.533416
791.381307
791.178827
790.926263
790.623971
790.272376
789.871977
789.423336
789.397312
789.845591
790.245668
790.596978
790.899027
791.151387
791.353703
791.505691
791.607134
791.657892
791.657892
791.607134
791.505691
791.353703
791.151387
790.899027
790.596978
790.245668
789.845591
789.397312
789.371309
789.819226
790.218980
790.570008
790.871813
791.123969
791.326123
791.477987
791.579349
791.630066
791.630066
791.579349
791.477987
791.326123
791.123969
790.871813
790.570008
790.218980
789.819226
789.371309
789.345327
789.792883
790.192315
790.543059
790.844621
791.096574
791.298564
791.450306
791.551587
791.602263
791.602263
791.551587
791.450306
791.298564
791.096574
790.844621
790.543059
790.192315
789.792883
789.345327
789.319367
789.766561
790.165671
790.516132
790.817451
791.069201
791.271028
791.422648
791.523847
791.574482
791.574482
791.523847
791.422648
791.271028
791.069201
790.817451
790.516132
790.165671
789.766561
789.319367
789.293427
789.740261
790.139048
790.489227
790.790303
791.041850
791.243515
791.395012
791.496129
791.546724
791.546724
791.496129
791.395012
791.243515
791.041850
790.790303
790.489227
790.139048
789.740261
789.293427
789.267508
789.713981
790.112448
790.462344
790.763177
791.014521
791.216023
791.367399
791.468434
791.518988
791.518988
791.468434
791.367399
791.216023
791.014521
790.763177
790.462344
790.112448
789.713981
789.267508
789.241611
789.687724
790.085868
790.435483
790.736073
790.987215
791.188554
791.339808
791.440762
791.491274
791.491274
791.440762
791.339808
791.188554
790.987215
790.736073
790.435483
790.085868
789.687724
789.241611
789.215734
789.661487
790.059311
790.408643
790.708991
790.959930
791.161107
791.312239
791.413112
791.463584
791.463584
791.413112
791.312239
791.161107
790.959930
790.708991
790.408643
790.059311
789.661487
789.215734
789.189878
789.635272
790.032775
790.381825
790.681931
790.932668
791.133683
791.284693
791.385484
791.435915
791.435915
791.385484
791.284693
791.133683
790.932668
790.681931
790.381825
790.032775
789.635272
789.189878
789.164043
789.609078
790.006260
790.355029
790.654893
790.905428
791.106281
791.257169
791.357879
791.408269
791.408269
791.357879
791.257169
791.106281
790.905428
790.654893
790.355029
790.006260
789.609078
789.164043
789.138230
789.582905
789.979767
790.328255
790.627877
790.878210
791.078901
791.229667
791.330296
791.380646
791.380646
791.330296
791.229667
791.078901
790.878210
790.627877
790.328255
789.979767
789.582905
789.138230
789.112437
789.556753
789.953295
790.301502
790.600882
790.851014
791.051543
791.202188
791.302736
791.353045
791.353045
791.302736
791.202188
791.051543
790.851014
790.600882
790.301502
789.953295
789.556753
789.112437
789.086665
789.530623
789.926845
790.274771
790.573910
790.823840
791.024207
791.174731
791.275197
791.325466
791.325466
791.275197
791.174731
791.024207
790.823840
790.573910
790.274771
789.926845
789.530623
789.086665
789.060914
789.504514
789.900416
790.248062
790.546960
790.796688
790.996894
791.147296
791.247682
791.297910
791.297910
791.247682
791.147296
790.996894
790.796688
790.546960
790.248062
789.900416
789.504514
789.060914
789.035183
789.478426
789.874009
790.221374
790.520031
790.769558
790.969602
791.119883
791.220188
791.270376
791.270376
791.220188
791.119883
790.969602
790.769558
790.520031
790.221374
789.874009
789.478426
789.035183
789.009474
789.452359
789.847623
790.194708
790.493124
790.742450
790.942333
791.092493
791.192717
791.242864
791.242864
791.192717
791.092493
790.942333
790.742450
790.493124
790.194708
789.847623
789.452359
789.009474
788.983785
789.426313
789.821259
790.168064
790.466239
790.715364
790.915086
791.065125
791.165268
791.215375
791.215375
791.165268
791.065125
790.915086
790.715364
790.466239
790.168064
789.821259
789.426313
788.983785
788.958118
789.400289
789.794916
790.141441
790.439376
790.688300
790.887861
791.037779
791.137842
791.187908
791.187908
791.137842
791.037779
790.887861
790.688300
790.439376
790.141441
789.794916
789.400289
788.958118
788.932471
789.374285
789.768594
790.114840
790.412535
790.661258
790.860658
791.010455
791.110437
791.160463
791.160463
791.110437
791.010455
790.860658
790.661258
790.412535
790.114840
789.768594
789.374285
788.932471
788.906845
789.348303
789.742294
790.088261
790.385715
790.634238
790.833478
790.983154
791.083055
791.133041
791.133041
791.083055
790.983154
790.833478
790.634238
790.385715
790.088261
789.742294
789.348303
788.906845
788.881239
789.322342
789.716015
790.061703
790.358918
790.607240
790.806319
790.955874
791.055695
791.105641
791.105641
791.055695
790.955874
790.806319
790.607240
790.358918
790.061703
789.716015
789.322342
788.881239
788.855655
789.296401
789.689757
790.035166
790.332142
790.580264
790.779182
790.928617
791.028357
791.078263
791.078263
791.028357
790.928617
790.779182
790.580264
790.332142
790.035166
789.689757
789.296401
788.855655
788.830091
789.270482
789.663521
790.008651
790.305387
790.553309
790.752067
790.901382
791.001042
791.050907
791.050907
791.001042
790.901382
790.752067
790.553309
790.305387
790.008651
789.663521
789.270482
788.830091
788.804548
789.244584
789.637305
789.982158
790.278655
790.526377
790.724975
790.874169
790.973749
791.023573
791.023573
790.973749
790.874169
790.724975
790.526377
790.278655
789.982158
789.637305
789.244584
788.804548
788.779026
789.218706
789.611111
789.955686
790.251944
790.499466
790.697904
790.846978
790.946477
790.996262
790.996262
790.946477
790.846978
790.697904
790.499466
790.251944
789.955686
789.611111
789.218706
788.779026
788.753524
789.192850
789.584939
789.929236
790.225254
790.472577
790.670855
790.819809
790.919228
790.968973
790.968973
790.919228
790.819809
790.670855
790.472577
790.225254
789.929236
789.584939
789.192850
788.753524
788.728043
789.167015
789.558787
789.902806
790.198587
790.445710
790.643828
790.792662
790.892001
790.941706
790.941706
790.892001
790.792662
790.643828
790.445710
790.198587
789.902806
789.558787
789.167015
788.728043
788.702582
789.141200
789.532657
789.876399
790.171941
790.418865
790.616823
790.765537
790.864796
790.914461
790.914461
790.864796
790.765537
790.616823
790.418865
790.171941
789.876399
789.532657
789.141200
788.702582
788.677143
789.115407
789.506548
789.850013
790.145316
790.392041
790.589840
790.738434
790.837613
790.887238
790.887238
790.837613
790.738434
790.589840
790.392041
790.145316
789.850013
789.506548
789.115407
788.677143
788.651723
789.089634
789.480460
789.823648
790.118713
790.365240
790.562879
790.711353
790.810452
790.860037
790.860037
790.810452
790.711353
790.562879
790.365240
790.118713
789.823648
789.480460
789.089634
788.651723
788.626325
789.063883
789.454393
789.797304
790.092132
790.338460
790.535940
790.684294
790.783314
790.832858
790.832858
790.783314
790.684294
790.535940
790.338460
790.092132
789.797304
789.454393
789.063883
788.626325
788.600947
789.038152
789.428348
789.770982
790.065572
790.311701
790.509022
790.657257
790.756197
790.805701
790.805701
790.756197
790.657257
790.509022
790.311701
790.065572
789.770982
789.428348
789.038152
788.600947
788.575590
789.012442
789.402323
789.744682
790.039034
790.284965
790.482127
790.630242
790.729102
790.778567
790.778567
790.729102
790.630242
790.482127
790.284965
790.039034
789.744682
789.402323
789.012442
788.575590
788.550253
788.986753
789.376320
789.718402
790.012517
790.258250
790.455253
790.603249
790.702029
790.751454
790.751454
790.702029
790.603249
790.455253
790.258250
790.012517
789.718402
789.376320
788.986753
788.550253
788.524936
788.961085
789.350337
789.692144
789.986022
790.231557
790.428401
790.576278
790.674978
790.724363
790.724363
790.674978
790.576278
790.428401
790.231557
789.986022
789.692144
789.350337
788.961085
788.524936
788.499641
788.935437
789.324376
789.665907
789.959548
790.204885
790.401571
790.549328
790.647949
790.697294
790.697294
790.647949
790.549328
790.401571
790.204885
789.959548
789.665907
789.324376
788.935437
788.499641
788.474365
788.909811
789.298436
789.639692
789.933096
790.178235
790.374762
790.522401
790.620942
790.670248
790.670248
790.620942
790.522401
790.374762
790.178235
789.933096
789.639692
789.298436
788.909811
788.474365
788.449111
788.884205
789.272516
789.613497
789.906665
790.151607
790.347976
790.495495
790.593957
790.643223
790.643223
790.593957
790.495495
790.347976
790.151607
789.906665
789.613497
789.272516
788.884205
788.449111
788.423876
788.858619
789.246618
789.587324
789.880256
790.125000
790.321210
790.468611
790.566994
790.616220
790.616220
790.566994
790.468611
790.321210
790.125000
789.880256
789.587324
789.246618
788.858619
788.423876
788.398662
788.833055
789.220741
789.561172
789.853868
790.098415
790.294467
790.441749
790.540052
790.589239
790.589239
790.540052
790.441749
790.294467
790.098415
789.853868
789.561172
789.220741
788.833055
788.398662
788.373469
788.807511
789.194885
789.535042
789.827501
790.071851
790.267745
790.414909
790.513133
790.562280
790.562280
790.513133
790.414909
790.267745
790.071851
789.827501
789.535042
789.194885
788.807511
788.373469
788.348296
788.781988
789.169050
789.508932
789.801156
790.045309
790.241045
790.388090
790.486235
790.535342
790.535342
790.486235
790.388090
790.241045
790.045309
789.801156
789.508932
789.169050
788.781988
788.348296
788.323143
788.756486
789.143235
789.482844
789.774832
790.018788
790.214367
790.361293
790.459359
790.508427
790.508427
790.459359
790.361293
790.214367
790.018788
789.774832
789.482844
789.143235
788.756486
788.323143
788.298011
788.731004
789.117442
789.456777
789.748530
789.992289
790.187710
790.334518
790.432505
790.481533
790.481533
790.432505
790.334518
790.187710
789.992289
789.748530
789.456777
789.117442
788.731004
788.298011
788.272899
788.705543
789.091669
789.430731
789.722249
789.965811
790.161075
790.307765
790.405673
790.454661
790.454661
790.405673
790.307765
790.161075
789.965811
789.722249
789.430731
789.091669
788.705543
788.272899
788.247807
788.680103
789.065918
789.404706
789.695989
789.939355
790.134462
790.281033
790.378862
790.427811
790.427811
790.378862
790.281033
790.134462
789.939355
789.695989
789.404706
789.065918
788.680103
788.247807
788.222736
788.654683
789.040187
789.378702
789.669750
789.912921
790.107870
790.254323
790.352073
790.400983
790.400983
790.352073
790.254323
790.107870
789.912921
789.669750
789.378702
789.040187
788.654683
788.222736
788.197685
788.629284
789.014477
789.352719
789.643533
789.886507
790.081299
790.227635
790.325306
790.374176
790.374176
790.325306
790.227635
790.081299
789.886507
789.643533
789.352719
789.014477
788.629284
788.197685
788.172655
788.603905
788.988788
789.326757
789.617337
789.860115
790.054751
790.200968
790.298561
790.347392
790.347392
790.298561
790.200968
790.054751
789.860115
789.617337
789.326757
788.988788
788.603905
788.172655
788.147644
788.578547
788.963120
789.300817
789.591162
789.833745
790.028223
790.174323
790.271837
790.320628
790.320628
790.271837
790.174323
790.028223
789.833745
789.591162
789.300817
788.963120
788.578547
788.147644
788.122654
788.553210
788.937472
789.274897
789.565008
789.807396
790.001718
790.147699
790.245135
790.293887
790.293887
790.245135
790.147699
790.001718
789.807396
789.565008
789.274897
788.937472
788.553210
788.122654
788.097684
788.527893
788.911845
789.248999
789.538876
789.781068
789.975233
790.121097
790.218454
790.267167
790.267167
790.218454
790.121097
789.975233
789.781068
789.538876
789.248999
788.911845
788.527893
788.097684
788.072735
788.502597
788.886240
789.223121
789.512765
789.754762
789.948770
790.094517
790.191796
790.240469
790.240469
790.191796
790.094517
789.948770
789.754762
789.512765
789.223121
788.886240
788.502597
788.072735
788.047805
788.477321
788.860654
789.197264
789.486675
789.728477
789.922329
790.067958
790.165158
790.213793
790.213793
790.165158
790.067958
789.922329
789.728477
789.486675
789.197264
788.860654
788.477321
788.047805
788.022896
788.452065
788.835090
789.171429
789.460606
789.702213
789.895909
790.041421
790.138543
790.187138
790.187138
790.138543
790.041421
789.895909
789.702213
789.460606
789.171429
788.835090
788.452065
788.022896
787.998007
788.426830
788.809546
789.145614
789.434558
789.675970
789.869510
790.014905
790.111949
790.160505
790.160505
790.111949
790.014905
789.869510
789.675970
789.434558
789.145614
788.809546
788.426830
787.998007
787.973138
788.401616
788.784023
789.119820
789.408531
789.649749
789.843133
789.988411
790.085376
790.133893
790.133893
790.085376
789.988411
789.843133
789.649749
789.408531
789.119820
788.784023
788.401616
787.973138
787.948289
788.376422
788.758521
789.094047
789.382526
789.623549
789.816777
789.961938
790.058825
790.107303
790.107303
790.058825
789.961938
789.816777
789.623549
789.382526
789.094047
788.758521
788.376422
787.948289
787.923461
788.351248
788.733039
789.068295
789.356541
789.597370
789.790443
789.935486
790.032296
790.080735
790.080735
790.032296
789.935486
789.790443
789.597370
789.356541
789.068295
788.733039
788.351248
787.923461
787.898652
788.326095
788.707578
789.042564
789.330578
789.571213
789.764130
789.909057
790.005788
790.054188
790.054188
790.005788
789.909057
789.764130
789.571213
789.330578
789.042564
788.707578
788.326095
787.898652
787.873864
788.300962
788.682138
789.016853
789.304635
789.545077
789.737838
789.882648
789.979301
790.027662
790.027662
789.979301
789.882648
789.737838
789.545077
789.304635
789.016853
788.682138
788.300962
787.873864
787.849096
788.275849
788.656718
788.991164
789.278714
789.518961
789.711568
789.856261
789.952837
790.001158
790.001158
789.952837
789.856261
789.711568
789.518961
789.278714
788.991164
788.656718
788.275849
787.849096
787.824348
788.250757
788.631319
788.965495
789.252813
789.492867
789.685319
789.829895
789.926393
789.974676
789.974676
789.926393
789.829895
789.685319
789.492867
789.252813
788.965495
788.631319
788.250757
787.824348
787.799619
788.225685
788.605940
788.939847
789.226934
789.466795
789.659091
789.803551
789.899971
789.948215
789.948215
789.899971
789.803551
789.659091
789.466795
789.226934
788.939847
788.605940
788.225685
787.799619
787.774911
788.200633
788.580582
788.914220
789.201075
789.440743
789.632884
789.777228
789.873570
789.921775
789.921775
789.873570
789.777228
789.632884
789.440743
789.201075
788.914220
788.580582
788.200633
787.774911
787.750223
788.175602
788.555245
788.888614
789.175238
789.414712
789.606699
789.750926
789.847191
789.895357
789.895357
789.847191
789.750926
789.606699
789.414712
789.175238
788.888614
788.555245
788.175602
787.750223
787.725555
788.150591
788.529928
788.863028
789.149421
789.388703
789.580535
789.724646
789.820833
789.868961
789.868961
789.820833
789.724646
789.580535
789.388703
789.149421
788.863028
788.529928
788.150591
787.725555
787.700907
788.125600
788.504631
788.837463
789.123626
789.362715
789.554392
789.698387
789.794497
789.842585
789.842585
789.794497
789.698387
789.554392
789.362715
789.123626
788.837463
788.504631
788.125600
787.700907
787.676279
788.100630
788.479355
788.811919
789.097851
789.336747
789.528270
789.672149
789.768181
789.816231
789.816231
789.768181
789.672149
789.528270
789.336747
789.097851
788.811919
788.479355
788.100630
787.676279
787.651670
788.075680
788.454100
788.786396
789.072097
789.310801
789.502169
789.645933
789.741888
789.789899
789.789899
789.741888
789.645933
789.502169
789.310801
789.072097
788.786396
788.454100
788.075680
787.651670
787.627082
788.050750
788.428865
788.760893
789.046364
789.284876
789.476090
789.619737
789.715615
789.763588
789.763588
789.715615
789.619737
789.476090
789.284876
789.046364
788.760893
788.428865
788.050750
787.627082
787.602514
788.025840
788.403650
788.735411
789.020652
789.258971
789.450032
789.593563
789.689364
789.737298
789.737298
789.689364
789.593563
789.450032
789.258971
789.020652
788.735411
788.403650
788.025840
787.602514
787.577965
788.000950
788.378456
788.709949
788.994961
789.233088
789.423994
789.567411
789.663134
789.711029
789.711029
789.663134
789.567411
789.423994
789.233088
788.994961
788.709949
788.378456
788.000950
787.577965
787.553436
787.976081
788.353282
788.684509
788.969290
789.207226
789.397978
789.541279
789.636925
789.684782
789.684782
789.636925
789.541279
789.397978
789.207226
788.969290
788.684509
788.353282
787.976081
787.553436
787.528928
787.951231
788.328129
788.659088
788.943641
789.181384
789.371983
789.515168
789.610738
789.658556
789.658556
789.610738
789.515168
789.371983
789.181384
788.943641
788.659088
788.328129
787.951231
787.528928
787.504439
787.926402
788.302996
788.633689
788.918012
789.155564
789.346009
789.489079
789.584571
789.632351
789.632351
789.584571
789.489079
789.346009
789.155564
788.918012
788.633689
788.302996
787.926402
787.504439
787.479970
787.901593
788.277883
788.608310
788.892404
789.129764
789.320056
789.463011
789.558426
789.606168
789.606168
789.558426
789.463011
789.320056
789.129764
788.892404
788.608310
788.277883
787.901593
787.479970
787.455520
787.876804
788.252791
788.582951
788.866816
789.103986
789.294125
789.436964
789.532302
789.580005
789.580005
789.532302
789.436964
789.294125
789.103986
788.866816
788.582951
788.252791
787.876804
787.455520
787.431091
787.852035
788.227719
788.557613
788.841250
789.078228
789.268214
789.410938
789.506200
789.553864
789.553864
789.506200
789.410938
789.268214
789.078228
788.841250
788.557613
788.227719
787.852035
787.431091
787.406681
787.827286
788.202668
788.532296
788.815704
789.052491
789.242324
789.384933
789.480118
789.527744
789.527744
789.480118
789.384933
789.242324
789.052491
788.815704
788.532296
788.202668
787.827286
787.406681
787.382291
787.802557
788.177636
788.506999
788.790179
789.026775
789.216455
789.358950
789.454058
789.501645
789.501645
789.454058
789.358950
789.216455
789.026775
788.790179
788.506999
788.177636
787.802557
787.382291
787.357921
787.777848
788.152625
788.481722
788.764674
789.001080
789.190607
789.332987
789.428018
789.475568
789.475568
789.428018
789.332987
789.190607
789.001080
788.764674
788.481722
788.152625
787.777848
787.357921
787.333571
787.753159
788.127634
788.456466
788.739190
788.975406
789.164780
789.307045
789.402000
789.449511
789.449511
789.402000
789.307045
789.164780
788.975406
788.739190
788.456466
788.127634
787.753159
787.333571
787.309240
787.728490
788.102664
788.431231
788.713727
788.949752
789.138974
789.281125
789.376003
789.423476
789.423476
789.376003
789.281125
789.138974
788.949752
788.713727
788.431231
788.102664
787.728490
787.309240
787.284929
787.703842
788.077714
788.406016
788.688284
788.924120
789.113189
789.255225
789.350027
789.397462
789.397462
789.350027
789.255225
789.113189
788.924120
788.688284
788.406016
788.077714
787.703842
787.284929
787.260638
787.679213
788.052783
788.380821
788.662862
788.898508
789.087425
789.229346
789.324072
789.371468
789.371468
789.324072
789.229346
789.087425
788.898508
788.662862
788.380821
788.052783
787.679213
787.260638
787.236366
787.654604
788.027873
788.355647
788.637461
788.872916
789.061681
789.203489
789.298138
789.345496
789.345496
789.298138
789.203489
789.061681
788.872916
788.637461
788.355647
788.027873
787.654604
787.236366
787.212114
787.630015
788.002984
788.330493
788.612080
788.847346
789.035959
789.177652
789.272225
789.319545
789.319545
789.272225
789.177652
789.035959
788.847346
788.612080
788.330493
788.002984
787.630015
787.212114
787.187882
787.605446
787.978114
788.305360
788.586720
788.821796
789.010257
789.151836
789.246333
789.293615
789.293615
789.246333
789.151836
789.010257
788.821796
788.586720
788.305360
787.978114
787.605446
787.187882
787.163669
787.580896
787.953265
788.280247
788.561380
788.796267
788.984576
789.126041
789.220462
789.267706
789.267706
789.220462
789.126041
788.984576
788.796267
788.561380
788.280247
787.953265
787.580896
787.163669
787.139476
787.556367
787.928435
788.255154
788.536061
788.770759
788.958916
789.100267
789.194612
789.241818
789.241818
789.194612
789.100267
788.958916
788.770759
788.536061
788.255154
787.928435
787.556367
787.139476
787.115302
787.531857
787.903626
788.230081
788.510762
788.745271
788.933277
789.074514
789.168783
789.215951
789.215951
789.168783
789.074514
788.933277
788.745271
788.510762
788.230081
787.903626
787.531857
787.115302
787.091148
787.507368
787.878837
788.205029
788.485484
788.719804
788.907658
789.048782
789.142975
789.190105
789.190105
789.142975
789.048782
788.907658
788.719804
788.485484
788.205029
787.878837
787.507368
787.091148
787.067014
787.482898
787.854068
788.179997
788.460226
788.694357
788.882061
789.023070
789.117188
789.164279
789.164279
789.117188
789.023070
788.882061
788.694357
788.460226
788.179997
787.854068
787.482898
787.067014
787.042899
787.458448
787.829319
788.154986
788.434989
788.668932
788.856483
788.997380
789.091421
789.138475
789.138475
789.091421
788.997380
788.856483
788.668932
788.434989
788.154986
787.829319
787.458448
787.042899
787.018803
787.434018
787.804590
788.129995
788.409772
788.643526
788.830927
788.971710
789.065676
789.112692
789.112692
789.065676
788.971710
788.830927
788.643526
788.409772
788.129995
787.804590
787.434018
787.018803
786.994728
787.409607
787.779881
788.105024
788.384576
788.618142
788.805392
788.946061
789.039951
789.086929
789.086929
789.039951
788.946061
788.805392
788.618142
788.384576
788.105024
787.779881
787.409607
786.994728
786.970671
787.385217
787.755192
788.080073
788.359400
788.592777
788.779877
788.920433
789.014247
789.061188
789.061188
789.014247
788.920433
788.779877
788.592777
788.359400
788.080073
787.755192
787.385217
786.970671
786.946634
787.360846
787.730523
788.055142
788.334244
788.567434
788.754382
788.894825
788.988564
789.035467
789.035467
788.988564
788.894825
788.754382
788.567434
788.334244
788.055142
787.730523
787.360846
786.946634
786.922617
787.336495
787.705874
788.030232
788.309109
788.542111
788.728909
788.869239
788.962902
789.009767
789.009767
788.962902
788.869239
788.728909
788.542111
788.309109
788.030232
787.705874
787.336495
786.922617
786.898619
787.312163
787.681245
788.005341
788.283994
788.516808
788.703456
788.843673
788.937261
788.984088
788.984088
788.937261
788.843673
788.703456
788.516808
788.283994
788.005341
787.681245
787.312163
786.898619
786.874640
787.287852
787.656636
787.980471
788.258899
788.491526
788.678024
788.818127
788.911640
788.958430
788.958430
788.911640
788.818127
788.678024
788.491526
788.258899
787.980471
787.656636
787.287852
786.874640
786.850681
787.263560
787.632047
787.955621
788.233825
788.466265
788.652612
788.792603
788.886040
788.932792
788.932792
788.886040
788.792603
788.652612
788.466265
788.233825
787.955621
787.632047
787.263560
786.850681
786.826741
787.239287
787.607478
787.930791
788.208771
788.441024
788.627221
788.767099
788.860461
788.907175
788.907175
788.860461
788.767099
788.627221
788.441024
788.208771
787.930791
787.607478
787.239287
786.826741
786.802821
787.215034
787.582928
787.905982
788.183737
788.415803
788.601850
788.741616
788.834903
788.881579
788.881579
788.834903
788.741616
788.601850
788.415803
788.183737
787.905982
787.582928
787.215034
786.802821
786.778920
787.190801
787.558399
787.881192
788.158724
788.390603
788.576500
788.716153
788.809365
788.856004
788.856004
788.809365
788.716153
788.576500
788.390603
788.158724
787.881192
787.558399
787.190801
786.778920
786.755038
787.166588
787.533889
787.856422
788.133731
788.365423
788.551170
788.690711
788.783848
788.830449
788.830449
788.783848
788.690711
788.551170
788.365423
788.133731
787.856422
787.533889
787.166588
786.755038
786.731176
787.142394
787.509399
787.831673
788.108758
788.340263
788.525861
788.665290
788.758352
788.804915
788.804915
788.758352
788.665290
788.525861
788.340263
788.108758
787.831673
787.509399
787.142394
786.731176
786.707333
787.118220
787.484929
787.806943
788.083805
788.315124
788.500573
788.639889
788.732876
788.779402
788.779402
788.732876
788.639889
788.500573
788.315124
788.083805
787.806943
787.484929
787.118220
786.707333
786.683509
787.094065
787.460479
787.782234
788.058873
788.290006
788.475305
788.614509
788.707421
788.753910
788.753910
788.707421
788.614509
788.475305
788.290006
788.058873
787.782234
787.460479
787.094065
786.683509
786.659705
787.069930
787.436049
787.757544
788.033961
788.264907
788.450057
788.589149
788.681986
788.728438
788.728438
788.681986
788.589149
788.450057
788.264907
788.033961
787.757544
787.436049
787.069930
786.659705
786.635920
787.045814
787.411639
787.732875
788.009069
788.239829
788.424830
788.563810
788.656573
788.702987
788.702987
788.656573
788.563810
788.424830
788.239829
788.009069
787.732875
787.411639
787.045814
786.635920
786.612154
787.021718
787.387248
787.708225
787.984197
788.214771
788.399623
788.538491
788.631179
788.677556
788.677556
788.631179
788.538491
788.399623
788.214771
787.984197
787.708225
787.387248
787.021718
786.612154
786.588407
786.997641
787.362877
787.683596
787.959345
788.189734
788.374437
788.513193
788.605807
788.652146
788.652146
788.605807
788.513193
788.374437
788.189734
787.959345
787.683596
787.362877
786.997641
786.588407
786.564680
786.973584
787.338525
787.658986
787.934513
788.164717
788.349271
788.487916
788.580454
788.626756
788.626756
788.580454
788.487916
788.349271
788.164717
787.934513
787.658986
787.338525
786.973584
786.564680
786.540971
786.949547
787.314194
787.634397
787.909702
788.139720
788.324126
788.462659
788.555123
788.601387
788.601387
788.555123
788.462659
788.324126
788.139720
787.909702
787.634397
787.314194
786.949547
786.540971
786.517282
786.925528
787.289882
787.609827
787.884910
788.114743
788.299001
788.437422
788.529812
788.576039
788.576039
788.529812
788.437422
788.299001
788.114743
787.884910
787.609827
787.289882
786.925528
786.517282
786.493612
786.901530
787.265590
787.585277
787.860139
788.089787
788.273896
788.412206
788.504521
788.550711
788.550711
788.504521
788.412206
788.273896
788.089787
787.860139
787.585277
787.265590
786.901530
786.493612
786.469962
786.877550
787.241317
787.560747
787.835388
788.064851
788.248811
788.387010
788.479251
788.525404
788.525404
788.479251
788.387010
788.248811
788.064851
787.835388
787.560747
787.241317
786.877550
786.469962
786.446330
786.853590
787.217064
787.536237
787.810656
788.039935
788.223747
788.361834
788.454001
788.500117
788.500117
788.454001
788.361834
788.223747
788.039935
787.810656
787.536237
787.217064
786.853590
786.446330
786.422718
786.829650
787.192831
787.511747
787.785945
788.015039
788.198703
788.336679
788.428772
788.474851
788.474851
788.428772
788.336679
788.198703
788.015039
787.785945
787.511747
787.192831
786.829650
786.422718
786.399124
786.805729
787.168617
787.487276
787.761254
787.990163
788.173680
788.311545
788.403563
788.449605
788.449605
788.403563
788.311545
788.173680
787.990163
787.761254
787.487276
787.168617
786.805729
786.399124
786.375550
786.781827
787.144423
787.462825
787.736583
787.965307
788.148676
788.286430
788.378375
788.424379
788.424379
788.378375
788.286430
788.148676
787.965307
787.736583
787.462825
787.144423
786.781827
786.375550
786.351995
786.757945
787.120249
787.438395
787.711931
787.940472
788.123693
788.261336
788.353207
788.399174
788.399174
788.353207
788.261336
788.123693
787.940472
787.711931
787.438395
787.120249
786.757945
786.351995
786.328459
786.734081
787.096094
787.413983
787.687300
787.915657
788.098730
788.236263
788.328059
788.373990
788.373990
788.328059
788.236263
788.098730
787.915657
787.687300
787.413983
787.096094
786.734081
786.328459
786.304941
786.710238
787.071959
787.389592
787.662689
787.890861
788.073788
788.211209
788.302932
788.348825
788.348825
788.302932
788.211209
788.073788
787.890861
787.662689
787.389592
787.071959
786.710238
786.304941
786.281443
786.686413
787.047843
787.365221
787.638097
787.866086
788.048865
788.186176
788.277825
788.323682
788.323682
788.277825
788.186176
788.048865
787.866086
787.638097
787.365221
787.047843
786.686413
786.281443
786.257964
786.662608
787.023747
787.340869
787.613526
787.841331
788.023963
788.161164
788.252738
788.298558
788.298558
788.252738
788.161164
788.023963
787.841331
787.613526
787.340869
787.023747
786.662608
786.257964
786.234504
786.638822
786.999670
787.316537
787.588974
787.816596
787.999081
788.136171
788.227672
788.273455
788.273455
788.227672
788.136171
787.999081
787.816596
787.588974
787.316537
786.999670
786.638822
786.234504
786.211063
786.615055
786.975612
787.292224
787.564442
787.791881
787.974219
788.111199
788.202626
788.248372
788.248372
788.202626
788.111199
787.974219
787.791881
787.564442
787.292224
786.975612
786.615055
786.211063
786.187641
786.591308
786.951575
787.267931
787.539930
787.767186
787.949377
788.086247
788.177600
788.223310
788.223310
788.177600
788.086247
787.949377
787.767186
787.539930
787.267931
786.951575
786.591308
786.187641
786.164238
786.567580
786.927556
787.243658
787.515438
787.742511
787.924556
788.061315
788.152595
788.198267
788.198267
788.152595
788.061315
787.924556
787.742511
787.515438
787.243658
786.927556
786.567580
786.164238
786.140854
786.543870
786.903557
787.219405
787.490966
787.717856
787.899754
788.036403
788.127610
788.173245
788.173245
788.127610
788.036403
787.899754
787.717856
787.490966
787.219405
786.903557
786.543870
786.140854
786.117488
786.520181
786.879578
787.195171
787.466513
787.693221
787.874972
788.011511
788.102645
788.148244
788.148244
788.102645
788.011511
787.874972
787.693221
787.466513
787.195171
786.879578
786.520181
786.117488
786.094142
786.496510
786.855618
787.170957
787.442081
787.668605
787.850211
787.986640
788.077700
788.123262
788.123262
788.077700
787.986640
787.850211
787.668605
787.442081
787.170957
786.855618
786.496510
786.094142
786.070815
786.472858
786.831677
787.146762
787.417668
787.644010
787.825469
787.961789
788.052776
788.098301
788.098301
788.052776
787.961789
787.825469
787.644010
787.417668
787.146762
786.831677
786.472858
786.070815
786.047506
786.449226
786.807756
787.122587
787.393275
787.619435
787.800748
787.936958
788.027871
788.073360
788.073360
788.027871
787.936958
787.800748
787.619435
787.393275
787.122587
786.807756
786.449226
786.047506
786.024216
786.425613
786.783854
787.098432
787.368901
787.594879
787.776047
787.912147
788.002987
788.048439
788.048439
788.002987
787.912147
787.776047
787.594879
787.368901
787.098432
786.783854
786.425613
786.024216
786.000945
786.402019
786.759971
787.074296
787.344548
787.570344
787.751365
787.887356
787.978123
788.023539
788.023539
787.978123
787.887356
787.751365
787.570344
787.344548
787.074296
786.759971
786.402019
786.000945
785.977693
786.378443
786.736108
787.050179
787.320214
787.545828
787.726704
787.862585
787.953279
787.998658
787.998658
787.953279
787.862585
787.726704
787.545828
787.320214
787.050179
786.736108
786.378443
785.977693
785.954460
786.354887
786.712264
787.026083
787.295899
787.521332
787.702062
787.837834
787.928455
787.973798
787.973798
787.928455
787.837834
787.702062
787.521332
787.295899
787.026083
786.712264
786.354887
785.954460
785.931245
786.331350
786.688439
787.002005
787.271605
787.496856
787.677441
787.813103
787.903651
787.948958
787.948958
787.903651
787.813103
787.677441
787.496856
787.271605
787.002005
786.688439
786.331350
785.931245
785.908050
786.307833
786.664634
786.977947
787.247330
787.472400
787.652839
787.788392
787.878868
787.924137
787.924137
787.878868
787.788392
787.652839
787.472400
787.247330
786.977947
786.664634
786.307833
785.908050
785.884873
786.284334
786.640847
786.953909
787.223075
787.447964
787.628258
787.763702
787.854104
787.899337
787.899337
787.854104
787.763702
787.628258
787.447964
787.223075
786.953909
786.640847
786.284334
785.884873
785.861715
786.260854
786.617081
786.929890
787.198839
787.423547
787.603696
787.739031
787.829361
787.874557
787.874557
787.829361
787.739031
787.603696
787.423547
787.198839
786.929890
786.617081
786.260854
785.861715
785.838575
786.237393
786.593333
786.905890
787.174623
787.399150
787.579154
787.714380
787.804637
787.849798
787.849798
787.804637
787.714380
787.579154
787.399150
787.174623
786.905890
786.593333
786.237393
785.838575
785.815454
786.213951
786.569604
786.881910
787.150427
787.374773
787.554632
787.689749
787.779934
787.825058
787.825058
787.779934
787.689749
787.554632
787.374773
787.150427
786.881910
786.569604
786.213951
785.815454
785.792352
786.190528
786.545895
786.857950
787.126250
787.350415
787.530130
787.665138
787.755250
787.800338
787.800338
787.755250
787.665138
787.530130
787.350415
787.126250
786.857950
786.545895
786.190528
785.792352
785.769269
786.167124
786.522205
786.834008
787.102092
787.326078
787.505647
787.640547
787.730587
787.775638
787.775638
787.730587
787.640547
787.505647
787.326078
787.102092
786.834008
786.522205
786.167124
785.769269
785.746204
786.143739
786.498534
786.810086
787.077955
787.301760
787.481185
787.615976
787.705943
787.750958
787.750958
787.705943
787.615976
787.481185
787.301760
787.077955
786.810086
786.498534
786.143739
785.746204
785.723158
786.120373
786.474882
786.786184
787.053836
787.277461
787.456742
787.591425
787.681319
787.726298
787.726298
787.681319
787.591425
787.456742
787.277461
787.053836
786.786184
786.474882
786.120373
785.723158
785.700131
786.097026
786.451250
786.762301
787.029738
787.253183
787.432319
787.566894
787.656716
787.701659
787.701659
787.656716
787.566894
787.432319
787.253183
787.029738
786.762301
786.451250
786.097026
785.700131
785.677122
786.073698
786.427636
786.738437
787.005659
787.228924
787.407916
787.542382
787.632132
787.677039
787.677039
787.632132
787.542382
787.407916
787.228924
787.005659
786.738437
786.427636
786.073698
785.677122
785.654132
786.050388
786.404042
786.714592
786.981599
787.204684
787.383532
787.517890
787.607568
787.652439
787.652439
787.607568
787.517890
787.383532
787.204684
786.981599
786.714592
786.404042
786.050388
785.654132
785.631161
786.027098
786.380467
786.690767
786.957559
787.180465
787.359169
787.493419
787.583024
787.627858
787.627858
787.583024
787.493419
787.359169
787.180465
786.957559
786.690767
786.380467
786.027098
785.631161
785.608208
786.003826
786.356910
786.666961
786.933538
787.156264
787.334825
787.468966
787.558500
787.603298
787.603298
787.558500
787.468966
787.334825
787.156264
786.933538
786.666961
786.356910
786.003826
785.608208
785.585273
785.980573
786.333373
786.643174
786.909537
787.132084
787.310500
787.444534
787.533996
787.578758
787.578758
787.533996
787.444534
787.310500
787.132084
786.909537
786.643174
786.333373
785.980573
785.585273
785.562358
785.957339
786.309855
786.619407
786.885555
787.107923
787.286196
787.420122
787.509511
787.554237
787.554237
787.509511
787.420122
787.286196
787.107923
786.885555
786.619407
786.309855
785.957339
785.562358
785.539460
785.934124
786.286356
786.595658
786.861592
787.083781
787.261911
787.395729
787.485046
787.529737
787.529737
787.485046
787.395729
787.261911
787.083781
786.861592
786.595658
786.286356
785.934124
785.539460
785.516581
785.910927
786.262876
786.571929
786.837649
787.059659
787.237646
787.371356
787.460602
787.505256
787.505256
787.460602
787.371356
787.237646
787.059659
786.837649
786.571929
786.262876
785.910927
785.516581
785.493721
785.887749
786.239415
786.548219
786.813725
787.035557
787.213400
787.347003
787.436177
787.480795
787.480795
787.436177
787.347003
787.213400
787.035557
786.813725
786.548219
786.239415
785.887749
785.493721
785.470879
785.864590
786.215973
786.524529
786.789821
787.011474
787.189174
787.322669
787.411771
787.456354
787.456354
787.411771
787.322669
787.189174
787.011474
786.789821
786.524529
786.215973
785.864590
785.470879
785.448056
785.841450
786.192550
786.500857
786.765936
786.987411
787.164968
787.298355
787.387386
787.431932
787.431932
787.387386
787.298355
787.164968
786.987411
786.765936
786.500857
786.192550
785.841450
785.448056
785.425251
785.818328
786.169145
786.477205
786.742070
786.963367
787.140781
787.274061
787.363020
787.407531
787.407531
787.363020
787.274061
787.140781
786.963367
786.742070
786.477205
786.169145
785.818328
785.425251
785.402465
785.795225
786.145760
786.453572
786.718224
786.939342
787.116613
787.249787
787.338674
787.383149
787.383149
787.338674
787.249787
787.116613
786.939342
786.718224
786.453572
786.145760
785.795225
785.402465
785.379697
785.772141
786.122394
786.429957
786.694397
786.915337
787.092466
787.225532
787.314347
787.358787
787.358787
787.314347
787.225532
787.092466
786.915337
786.694397
786.429957
786.122394
785.772141
785.379697
785.356947
785.749076
786.099046
786.406362
786.670589
786.891351
787.068338
787.201297
787.290041
787.334444
787.334444
787.290041
787.201297
787.068338
786.891351
786.670589
786.406362
786.099046
785.749076
785.356947
785.334216
785.726029
786.075718
786.382787
786.646800
786.867385
787.044229
787.177081
787.265754
787.310121
787.310121
787.265754
787.177081
787.044229
786.867385
786.646800
786.382787
786.075718
785.726029
785.334216
785.311503
785.703001
786.052408
786.359230
786.623031
786.843438
787.020140
787.152885
787.241486
787.285818
787.285818
787.241486
787.152885
787.020140
786.843438
786.623031
786.359230
786.052408
785.703001
785.311503
785.288809
785.679991
786.029117
786.335692
786.599281
786.819511
786.996070
787.128709
787.217239
787.261535
787.261535
787.217239
787.128709
786.996070
786.819511
786.599281
786.335692
786.029117
785.679991
785.288809
785.266133
785.657000
786.005845
786.312173
786.575550
786.795603
786.972020
787.104552
787.193010
787.237271
787.237271
787.193010
787.104552
786.972020
786.795603
786.575550
786.312173
786.005845
785.657000
785.266133
785.243475
785.634028
785.982592
786.288673
786.551838
786.771714
786.947989
787.080414
787.168802
787.213027
787.213027
787.168802
787.080414
786.947989
786.771714
786.551838
786.288673
785.982592
785.634028
785.243475
785.220836
785.611074
785.959358
786.265193
786.528146
786.747845
786.923978
787.056296
787.144613
787.188802
787.188802
787.144613
787.056296
786.923978
786.747845
786.528146
786.265193
785.959358
785.611074
785.220836
785.198215
785.588139
785.936142
786.241731
786.504473
786.723995
786.899986
787.032198
787.120444
787.164597
787.164597
787.120444
787.032198
786.899986
786.723995
786.504473
786.241731
785.936142
785.588139
785.198215
785.175612
785.565222
785.912945
786.218288
786.480818
786.700164
786.876014
787.008119
787.096294
787.140412
787.140412
787.096294
787.008119
786.876014
786.700164
786.480818
786.218288
785.912945
785.565222
785.175612
785.153027
785.542324
785.889767
786.194864
786.457183
786.676352
786.852061
786.984060
787.072163
787.116246
787.116246
787.072163
786.984060
786.852061
786.676352
786.457183
786.194864
785.889767
785.542324
785.153027
785.130461
785.519444
785.866608
786.171460
786.433567
786.652560
786.828127
786.960020
787.048053
787.092100
787.092100
787.048053
786.960020
786.828127
786.652560
786.433567
786.171460
785.866608
785.519444
785.130461
785.107913
785.496583
785.843467
786.148074
786.409971
786.628787
786.804213
786.936000
787.023961
787.067973
787.067973
787.023961
786.936000
786.804213
786.628787
786.409971
786.148074
785.843467
785.496583
785.107913
785.085383
785.473740
785.820345
786.124707
786.386393
786.605033
786.780318
786.911999
786.999890
787.043866
787.043866
786.999890
786.911999
786.780318
786.605033
786.386393
786.124707
785.820345
785.473740
785.085383
785.062872
785.450916
785.797242
786.101359
786.362834
786.581298
786.756442
786.888017
786.975837
787.019779
787.019779
786.975837
786.888017
786.756442
786.581298
786.362834
786.101359
785.797242
785.450916
785.062872
785.040378
785.428111
785.774158
786.078029
786.339295
786.557583
786.732586
786.864055
786.951805
786.995710
786.995710
786.951805
786.864055
786.732586
786.557583
786.339295
786.078029
785.774158
785.428111
785.040378
785.017903
785.405323
785.751092
786.054719
786.315774
786.533887
786.708749
786.840112
786.927791
786.971662
786.971662
786.927791
786.840112
786.708749
786.533887
786.315774
786.054719
785.751092
785.405323
785.017903
784.995446
785.382554
785.728045
786.031428
786.292272
786.510210
786.684931
786.816189
786.903797
786.947633
786.947633
786.903797
786.816189
786.684931
786.510210
786.292272
786.031428
785.728045
785.382554
784.995446
784.973007
785.359804
785.705016
786.008155
786.268790
786.486552
786.661133
786.792285
786.879823
786.923623
786.923623
786.879823
786.792285
786.661133
786.486552
786.268790
786.008155
785.705016
785.359804
784.973007
784.950587
785.337072
785.682007
785.984901
786.245326
786.462913
786.637353
786.768400
786.855868
786.899632
786.899632
786.855868
786.768400
786.637353
786.462913
786.245326
785.984901
785.682007
785.337072
784.950587
784.928184
785.314358
785.659015
785.961666
786.221882
786.439294
786.613593
786.744535
786.831932
786.875661
786.875661
786.831932
786.744535
786.613593
786.439294
786.221882
785.961666
785.659015
785.314358
784.928184
784.905800
785.291663
785.636043
785.938450
786.198456
786.415693
786.589853
786.720689
786.808015
786.851710
786.851710
786.808015
786.720689
786.589853
786.415693
786.198456
785.938450
785.636043
785.291663
784.905800
784.883433
785.268986
785.613089
785.915253
786.175050
786.392112
786.566131
786.696862
786.784118
786.827778
786.827778
786.784118
786.696862
786.566131
786.392112
786.175050
785.915253
785.613089
785.268986
784.883433
784.861085
785.246327
785.590153
785.892074
786.151662
786.368549
786.542429
786.673054
786.760241
786.803865
786.803865
786.760241
786.673054
786.542429
786.368549
786.151662
785.892074
785.590153
785.246327
784.861085
784.838755
785.223687
785.567236
785.868914
786.128293
786.345006
786.518746
786.649266
786.736382
786.779971
786.779971
786.736382
786.649266
786.518746
786.345006
786.128293
785.868914
785.567236
785.223687
784.838755
784.816442
785.201065
785.544338
785.845773
786.104943
786.321482
786.495082
786.625497
786.712543
786.756097
786.756097
786.712543
786.625497
786.495082
786.321482
786.104943
785.845773
785.544338
785.201065
784.816442
784.794148
785.178462
785.521458
785.822650
786.081612
786.297976
786.471437
786.601747
786.688723
786.732242
786.732242
786.688723
786.601747
786.471437
786.297976
786.081612
785.822650
785.521458
785.178462
784.794148
784.771872
785.155876
785.498596
785.799546
786.058300
786.274490
786.447811
786.578016
786.664923
786.708407
786.708407
786.664923
786.578016
786.447811
786.274490
786.058300
785.799546
785.498596
785.155876
784.771872
784.749614
785.133309
785.475753
785.776461
786.035007
786.251023
786.424204
786.554305
786.641141
786.684590
786.684590
786.641141
786.554305
786.424204
786.251023
786.035007
785.776461
785.475753
785.133309
784.749614
784.727374
785.110760
785.452929
785.753395
786.011732
786.227575
786.400617
786.530613
786.617379
786.660793
786.660793
786.617379
786.530613
786.400617
786.227575
786.011732
785.753395
785.452929
785.110760
784.727374
784.705152
785.088229
785.430123
785.730347
785.988477
786.204145
786.377048
786.506940
786.593637
786.637016
786.637016
786.593637
786.506940
786.377048
786.204145
785.988477
785.730347
785.430123
785.088229
784.705152
784.682948
785.065717
785.407335
785.707318
785.965240
786.180735
786.353499
786.483286
786.569913
786.613257
786.613257
786.569913
786.483286
786.353499
786.180735
785.965240
785.707318
785.407335
785.065717
784.682948
784.660762
785.043223
785.384566
785.684307
785.942022
786.157344
786.329968
786.459651
786.546208
786.589518
786.589518
786.546208
786.459651
786.329968
786.157344
785.942022
785.684307
785.384566
785.043223
784.660762
784.638593
785.020747
785.361815
785.661315
785.918822
786.133971
786.306457
786.436035
786.522523
786.565798
786.565798
786.522523
786.436035
786.306457
786.133971
785.918822
785.661315
785.361815
785.020747
784.638593
784.616443
784.998289
785.339083
785.638342
785.895642
786.110618
786.282965
786.412439
786.498857
786.542097
786.542097
786.498857
786.412439
786.282965
786.110618
785.895642
785.638342
785.339083
784.998289
784.616443
784.594310
784.975849
785.316369
785.615387
785.872480
786.087283
786.259491
786.388861
786.475210
786.518415
786.518415
786.475210
786.388861
786.259491
786.087283
785.872480
785.615387
785.316369
784.975849
784.594310
784.572196
784.953427
785.293673
785.592451
785.849337
786.063967
786.236037
786.365303
786.451582
786.494752
786.494752
786.451582
786.365303
786.236037
786.063967
785.849337
785.592451
785.293673
784.953427
784.572196
784.550099
784.931024
785.270996
785.569534
785.826213
786.040670
786.212602
786.341764
786.427973
786.471109
786.471109
786.427973
786.341764
786.212602
786.040670
785.826213
785.569534
785.270996
784.931024
784.550099
784.528020
784.908638
785.248337
785.546634
785.803107
786.017392
786.189185
786.318243
786.404384
786.447484
786.447484
786.404384
786.318243
786.189185
786.017392
785.803107
785.546634
785.248337
784.908638
784.528020
784.505959
784.886271
785.225697
785.523754
785.780020
785.994133
786.165788
786.294742
786.380813
786.423879
786.423879
786.380813
786.294742
786.165788
785.994133
785.780020
785.523754
785.225697
784.886271
784.505959
784.483916
784.863922
785.203074
785.500892
785.756952
785.970892
786.142409
786.271260
786.357262
786.400293
786.400293
786.357262
786.271260
786.142409
785.970892
785.756952
785.500892
785.203074
784.863922
784.483916
784.461891
784.841591
785.180470
785.478048
785.733902
785.947670
786.119049
786.247796
786.333729
786.376726
786.376726
786.333729
786.247796
786.119049
785.947670
785.733902
785.478048
785.180470
784.841591
784.461891
784.439883
784.819278
785.157885
785.455223
785.710871
785.924468
786.095709
786.224352
786.310216
786.353178
786.353178
786.310216
786.224352
786.095709
785.924468
785.710871
785.455223
785.157885
784.819278
784.439883
784.417894
784.796983
785.135317
785.432416
785.687859
785.901283
786.072387
786.200927
786.286721
786.329649
786.329649
786.286721
786.200927
786.072387
785.901283
785.687859
785.432416
785.135317
784.796983
784.417894
784.395922
784.774706
785.112768
785.409628
785.664865
785.878118
786.049084
786.177520
786.263246
786.306139
786.306139
786.263246
786.177520
786.049084
785.878118
785.664865
785.409628
785.112768
784.774706
784.395922
784.373968
784.752447
785.090237
785.386858
785.641890
785.854971
786.025799
786.154133
786.239789
786.282648
786.282648
786.239789
786.154133
786.025799
785.854971
785.641890
785.386858
785.090237
784.752447
784.373968
784.352031
784.730206
785.067724
785.364107
785.618934
785.831843
786.002534
786.130764
786.216352
786.259176
786.259176
786.216352
786.130764
786.002534
785.831843
785.618934
785.364107
785.067724
784.730206
784.352031
784.330112
784.707983
785.045229
785.341374
785.595996
785.808734
785.979288
786.107414
786.192933
786.235723
786.235723
786.192933
786.107414
785.979288
785.808734
785.595996
785.341374
785.045229
784.707983
784.330112
784.308211
784.685778
785.022753
785.318659
785.573076
785.785643
785.956060
786.084084
786.169534
786.212289
786.212289
786.169534
786.084084
785.956060
785.785643
785.573076
785.318659
785.022753
784.685778
784.308211
784.286328
784.663591
785.000295
785.295963
785.550175
785.762572
785.932851
786.060772
786.146153
786.188874
786.188874
786.146153
786.060772
785.932851
785.762572
785.550175
785.295963
785.000295
784.663591
784.286328
784.264462
784.641421
784.977855
785.273285
785.527293
785.739518
785.909661
786.037479
786.122791
786.165478
786.165478
786.122791
786.037479
785.909661
785.739518
785.527293
785.273285
784.977855
784.641421
784.264462
784.242614
784.619270
784.955433
785.250625
785.504429
785.716484
785.886489
786.014204
786.099448
786.142101
786.142101
786.099448
786.014204
785.886489
785.716484
785.504429
785.250625
784.955433
784.619270
784.242614
784.220784
784.597137
784.933029
785.227984
785.481583
785.693468
785.863336
785.990949
786.076124
786.118742
786.118742
786.076124
785.990949
785.863336
785.693468
785.481583
785.227984
784.933029
784.597137
784.220784
784.198971
784.575021
784.910643
785.205361
785.458756
785.670470
785.840202
785.967712
786.052819
786.095403
786.095403
786.052819
785.967712
785.840202
785.670470
785.458756
785.205361
784.910643
784.575021
784.198971
784.177176
784.552924
784.888276
785.182756
785.435948
785.647491
785.817087
785.944494
786.029533
786.072082
786.072082
786.029533
785.944494
785.817087
785.647491
785.435948
785.182756
784.888276
784.552924
784.177176
784.155399
784.530844
784.865926
785.160170
785.413158
785.624531
785.793990
785.921295
786.006266
786.048781
786.048781
786.006266
785.921295
785.793990
785.624531
785.413158
785.160170
784.865926
784.530844
784.155399
784.133639
784.508782
784.843595
785.137602
785.390386
785.601590
785.770912
785.898115
785.983017
786.025498
786.025498
785.983017
785.898115
785.770912
785.601590
785.390386
785.137602
784.843595
784.508782
784.133639
784.111897
784.486738
784.821281
785.115052
785.367633
785.578666
785.747853
785.874953
785.959787
786.002234
786.002234
785.959787
785.874953
785.747853
785.578666
785.367633
785.115052
784.821281
784.486738
784.111897
784.090172
784.464712
784.798986
785.092520
785.344898
785.555762
785.724813
785.851811
785.936576
785.978989
785.978989
785.936576
785.851811
785.724813
785.555762
785.344898
785.092520
784.798986
784.464712
784.090172
784.068465
784.442703
784.776708
785.070007
785.322182
785.532876
785.701791
785.828686
785.913384
785.955762
785.955762
785.913384
785.828686
785.701791
785.532876
785.322182
785.070007
784.776708
784.442703
784.068465
784.046775
784.420712
784.754449
785.047511
785.299483
785.510008
785.678787
785.805581
785.890210
785.932555
785.932555
785.890210
785.805581
785.678787
785.510008
785.299483
785.047511
784.754449
784.420712
784.046775
784.025103
784.398740
784.732208
785.025034
785.276804
785.487159
785.655802
785.782494
785.867055
785.909366
785.909366
785.867055
785.782494
785.655802
785.487159
785.276804
785.025034
784.732208
784.398740
784.025103
784.003449
784.376784
784.709984
785.002575
785.254142
785.464329
785.632836
785.759426
785.843919
785.886196
785.886196
785.843919
785.759426
785.632836
785.464329
785.254142
785.002575
784.709984
784.376784
784.003449
783.981812
784.354847
784.687779
784.980134
785.231499
785.441516
785.609888
785.736377
785.820802
785.863044
785.863044
785.820802
785.736377
785.609888
785.441516
785.231499
784.980134
784.687779
784.354847
783.981812
783.960192
784.332927
784.665591
784.957712
785.208874
785.418723
785.586959
785.713346
785.797703
785.839912
785.839912
785.797703
785.713346
785.586959
785.418723
785.208874
784.957712
784.665591
784.332927
783.960192
783.938590
784.311025
784.643422
784.935307
785.186268
785.395947
785.564049
785.690334
785.774623
785.816798
785.816798
785.774623
785.690334
785.564049
785.395947
785.186268
784.935307
784.643422
784.311025
783.938590
783.917006
784.289141
784.621270
784.912921
785.163680
785.373191
785.541157
785.667340
785.751562
785.793702
785.793702
785.751562
785.667340
785.541157
785.373191
785.163680
784.912921
784.621270
784.289141
783.917006
783.895438
784.267275
784.599136
784.890553
785.141110
785.350452
785.518283
785.644365
785.728519
785.770626
785.770626
785.728519
785.644365
785.518283
785.350452
785.141110
784.890553
784.599136
784.267275
783.895438
783.873889
784.245426
784.577021
784.868202
785.118558
785.327732
785.495428
785.621409
785.705495
785.747568
785.747568
785.705495
785.621409
785.495428
785.327732
785.118558
784.868202
784.577021
784.245426
783.873889
783.852356
784.223594
784.554923
784.845870
785.096024
785.305030
785.472591
785.598471
785.682489
785.724528
785.724528
785.682489
785.598471
785.472591
785.305030
785.096024
784.845870
784.554923
784.223594
783.852356
783.830841
784.201781
784.532842
784.823556
785.073509
785.282347
785.449773
785.575551
785.659502
785.701508
785.701508
785.659502
785.575551
785.449773
785.282347
785.073509
784.823556
784.532842
784.201781
783.830841
783.809344
784.179985
784.510780
784.801260
785.051012
785.259682
785.426974
785.552650
785.636534
785.678506
785.678506
785.636534
785.552650
785.426974
785.259682
785.051012
784.801260
784.510780
784.179985
783.809344
783.787863
784.158206
784.488736
784.778982
785.028533
785.237035
785.404192
785.529768
785.613584
785.655522
785.655522
785.613584
785.529768
785.404192
785.237035
785.028533
784.778982
784.488736
784.158206
783.787863
783.766401
784.136446
784.466709
784.756722
785.006072
785.214407
785.381430
785.506904
785.590653
785.632557
785.632557
785.590653
785.506904
785.381430
785.214407
785.006072
784.756722
784.466709
784.136446
783.766401
783.744955
784.114702
784.444700
784.734480
784.983630
785.191796
785.358685
785.484059
785.567740
785.609611
785.609611
785.567740
785.484059
785.358685
785.191796
784.983630
784.734480
784.444700
784.114702
783.744955
783.723527
784.092977
784.422709
784.712256
784.961205
785.169205
785.335959
785.461232
785.544846
785.586683
785.586683
785.544846
785.461232
785.335959
785.169205
784.961205
784.712256
784.422709
784.092977
783.723527
783.702116
784.071269
784.400736
784.690049
784.938799
785.146631
785.313251
785.438424
785.521971
785.563774
785.563774
785.521971
785.438424
785.313251
785.146631
784.938799
784.690049
784.400736
784.071269
783.702116
783.680722
784.049578
784.378780
784.667861
784.916411
785.124076
785.290562
785.415634
785.499114
785.540883
785.540883
785.499114
785.415634
785.290562
785.124076
784.916411
784.667861
784.378780
784.049578
783.680722
783.659346
784.027905
784.356843
784.645691
784.894040
785.101538
785.267891
785.392862
785.476275
785.518011
785.518011
785.476275
785.392862
785.267891
785.101538
784.894040
784.645691
784.356843
784.027905
783.659346
783.637987
784.006250
784.334923
784.623539
784.871688
785.079020
785.245238
785.370109
785.453455
785.495157
785.495157
785.453455
785.370109
785.245238
785.079020
784.871688
784.623539
784.334923
784.006250
783.637987
783.616645
783.984612
784.313020
784.601404
784.849354
785.056519
785.222604
785.347374
785.430653
785.472322
785.472322
785.430653
785.347374
785.222604
785.056519
784.849354
784.601404
784.313020
783.984612
783.616645
783.595321
783.962991
784.291136
784.579288
784.827038
785.034036
785.199988
785.324658
785.407870
785.449505
785.449505
785.407870
785.324658
785.199988
785.034036
784.827038
784.579288
784.291136
783.962991
783.595321
783.574013
783.941388
784.269269
784.557189
784.804740
785.011572
785.177390
785.301960
785.385105
785.426706
785.426706
785.385105
785.301960
785.177390
785.011572
784.804740
784.557189
784.269269
783.941388
783.574013
783.552723
783.919803
784.247419
784.535108
784.782461
784.989126
785.154811
785.279280
785.362358
785.403926
785.403926
785.362358
785.279280
785.154811
784.989126
784.782461
784.535108
784.247419
783.919803
783.552723
783.531450
783.898234
784.225588
784.513045
784.760199
784.966698
785.132249
785.256619
785.339630
785.381165
785.381165
785.339630
785.256619
785.132249
784.966698
784.760199
784.513045
784.225588
783.898234
783.531450
783.510195
783.876684
784.203774
784.491000
784.737955
784.944288
785.109706
785.233976
785.316920
785.358422
785.358422
785.316920
785.233976
785.109706
784.944288
784.737955
784.491000
784.203774
783.876684
783.510195
783.488956
783.855150
784.181977
784.468972
784.715729
784.921896
785.087181
785.211351
785.294229
785.335697
785.335697
785.294229
785.211351
785.087181
784.921896
784.715729
784.468972
784.181977
783.855150
783.488956
783.467735
783.833634
784.160198
784.446963
784.693521
784.899522
785.064675
785.188745
785.271556
785.312991
785.312991
785.271556
785.188745
785.064675
784.899522
784.693521
784.446963
784.160198
783.833634
783.467735
783.446531
783.812136
784.138437
784.424971
784.671331
784.877166
785.042186
785.166156
785.248901
785.290302
785.290302
785.248901
785.166156
785.042186
784.877166
784.671331
784.424971
784.138437
783.812136
783.446531
783.425343
783.790655
784.116694
784.402997
784.649159
784.854829
785.019716
785.143587
785.226264
785.267633
785.267633
785.226264
785.143587
785.019716
784.854829
784.649159
784.402997
784.116694
783.790655
783.425343
783.404173
783.769191
784.094968
784.381041
784.627004
784.832509
784.997264
785.121035
785.203646
785.244981
785.244981
785.203646
785.121035
784.997264
784.832509
784.627004
784.381041
784.094968
783.769191
783.404173
783.383021
783.747744
784.073259
784.359102
784.604868
784.810208
784.974830
785.098501
785.181046
785.222348
785.222348
785.181046
785.098501
784.974830
784.810208
784.604868
784.359102
784.073259
783.747744
783.383021
783.361885
783.726315
784.051568
784.337182
784.582750
784.787924
784.952414
785.075986
785.158465
785.199733
785.199733
785.158465
785.075986
784.952414
784.787924
784.582750
784.337182
784.051568
783.726315
783.361885
783.340766
783.704903
784.029895
784.315278
784.560649
784.765659
784.930017
785.053489
785.135901
785.177137
785.177137
785.135901
785.053489
784.930017
784.765659
784.560649
784.315278
784.029895
783.704903
783.340766
783.319664
783.683509
784.008239
784.293393
784.538567
784.743411
784.907637
785.031010
785.113356
785.154559
785.154559
785.113356
785.031010
784.907637
784.743411
784.538567
784.293393
784.008239
783.683509
783.319664
783.298580
783.662132
783.986600
784.271525
784.516502
784.721182
784.885275
785.008549
785.090829
785.131999
785.131999
785.090829
785.008549
784.885275
784.721182
784.516502
784.271525
783.986600
783.662132
783.298580
783.277512
783.640772
783.964980
784.249675
784.494455
784.698970
784.862932
784.986107
785.068321
785.109457
785.109457
785.068321
784.986107
784.862932
784.698970
784.494455
784.249675
783.964980
783.640772
783.277512
783.256461
783.619429
783.943376
784.227843
784.472426
784.676777
784.840606
784.963682
785.045830
785.086933
785.086933
785.045830
784.963682
784.840606
784.676777
784.472426
784.227843
783.943376
783.619429
783.256461
783.235428
783.598103
783.921790
784.206028
784.450414
784.654601
784.818299
784.941276
785.023358
785.064428
785.064428
785.023358
784.941276
784.818299
784.654601
784.450414
784.206028
783.921790
783.598103
783.235428
783.214411
783.576795
783.900221
784.184231
784.428421
784.632443
784.796010
784.918888
785.000904
785.041941
785.041941
785.000904
784.918888
784.796010
784.632443
784.428421
784.184231
783.900221
783.576795
783.214411
783.193411
783.555504
783.878670
784.162452
784.406445
784.610303
784.773738
784.896518
784.978468
785.019472
785.019472
784.978468
784.896518
784.773738
784.610303
784.406445
784.162452
783.878670
783.555504
783.193411
783.172429
783.534230
783.857137
784.140690
784.384487
784.588181
784.751485
784.874166
784.956050
784.997021
784.997021
784.956050
784.874166
784.751485
784.588181
784.384487
784.140690
783.857137
783.534230
783.172429
783.151463
783.512973
783.835620
784.118945
784.362546
784.566077
784.729250
784.851832
784.933650
784.974588
784.974588
784.933650
784.851832
784.729250
784.566077
784.362546
784.118945
783.835620
783.512973
783.151463
783.130514
783.491734
783.814121
784.097219
784.340624
784.543991
784.707032
784.829516
784.911268
784.952173
784.952173
784.911268
784.829516
784.707032
784.543991
784.340624
784.097219
783.814121
783.491734
783.130514
783.109582
783.470511
783.792640
784.075509
784.318719
784.521923
784.684833
784.807218
784.888905
784.929777
784.929777
784.888905
784.807218
784.684833
784.521923
784.318719
784.075509
783.792640
783.470511
783.109582
783.088667
783.449306
783.771175
784.053818
784.296832
784.499872
784.662651
784.784938
784.866559
784.907398
784.907398
784.866559
784.784938
784.662651
784.499872
784.296832
784.053818
783.771175
783.449306
783.088667
783.067769
783.428118
783.749728
784.032143
784.274962
784.477839
784.640488
784.762676
784.844232
784.885038
784.885038
784.844232
784.762676
784.640488
784.477839
784.274962
784.032143
783.749728
783.428118
783.067769
783.046888
783.406947
783.728299
784.010487
784.253110
784.455824
784.618342
784.740432
784.821922
784.862696
784.862696
784.821922
784.740432
784.618342
784.455824
784.253110
784.010487
783.728299
783.406947
783.046888
783.026024
783.385793
783.706887
783.988848
784.231276
784.433827
784.596214
784.718206
784.799631
784.840372
784.840372
784.799631
784.718206
784.596214
784.433827
784.231276
783.988848
783.706887
783.385793
783.026024
783.005176
783.364656
783.685492
783.967226
784.209459
784.411848
784.574104
784.695998
784.777357
784.818066
784.818066
784.777357
784.695998
784.574104
784.411848
784.209459
783.967226
783.685492
783.364656
783.005176
782.984345
783.343537
783.664114
783.945622
784.187660
784.389886
784.552012
784.673808
784.755102
784.795777
784.795777
784.755102
784.673808
784.552012
784.389886
784.187660
783.945622
783.664114
783.343537
782.984345
782.963532
783.322434
783.642753
783.924035
784.165879
784.367942
784.529938
784.651636
784.732864
784.773507
784.773507
784.732864
784.651636
784.529938
784.367942
784.165879
783.924035
783.642753
783.322434
782.963532
782.942735
783.301348
783.621410
783.902466
784.144115
784.346016
784.507882
784.629482
784.710645
784.751255
784.751255
784.710645
784.629482
784.507882
784.346016
784.144115
783.902466
783.621410
783.301348
782.942735
782.921954
783.280280
783.600084
783.880914
784.122369
784.324108
784.485843
784.607346
784.688443
784.729021
784.729021
784.688443
784.607346
784.485843
784.324108
784.122369
783.880914
783.600084
783.280280
782.921954
782.901191
783.259228
783.578776
783.859379
784.100641
784.302217
784.463822
784.585227
784.666260
784.706805
784.706805
784.666260
784.585227
784.463822
784.302217
784.100641
783.859379
783.578776
783.259228
782.901191
782.880444
783.238193
783.557484
783.837862
784.078930
784.280344
784.441819
784.563127
784.644094
784.684606
784.684606
784.644094
784.563127
784.441819
784.280344
784.078930
783.837862
783.557484
783.238193
782.880444
782.859714
783.217176
783.536210
783.816362
784.057236
784.258488
784.419834
784.541044
784.621946
784.662426
784.662426
784.621946
784.541044
784.419834
784.258488
784.057236
783.816362
783.536210
783.217176
782.859714
782.839001
783.196175
783.514953
783.794880
784.035560
784.236651
784.397867
784.518979
784.599816
784.640264
784.640264
784.599816
784.518979
784.397867
784.236651
784.035560
783.794880
783.514953
783.196175
782.839001
782.818304
783.175191
783.493713
783.773415
784.013902
784.214831
784.375917
784.496932
784.577704
784.618119
784.618119
784.577704
784.496932
784.375917
784.214831
784.013902
783.773415
783.493713
783.175191
782.818304
782.797625
783.154225
783.472490
783.751967
783.992261
784.193028
784.353985
784.474903
784.555610
784.595993
784.595993
784.555610
784.474903
784.353985
784.193028
783.992261
783.751967
783.472490
783.154225
782.797625
782.776962
783.133275
783.451284
783.730537
783.970637
784.171243
784.332071
784.452892
784.533534
784.573884
784.573884
784.533534
784.452892
784.332071
784.171243
783.970637
783.730537
783.451284
783.133275
782.776962
782.756315
783.112342
783.430095
783.709124
783.949031
784.149476
784.310174
784.430898
784.511476
784.551793
784.551793
784.511476
784.430898
784.310174
784.149476
783.949031
783.709124
783.430095
783.112342
782.756315
782.735685
783.091426
783.408924
783.687728
783.927442
784.127726
784.288295
784.408922
784.489435
784.529720
784.529720
784.489435
784.408922
784.288295
784.127726
783.927442
783.687728
783.408924
783.091426
782.735685
782.715072
783.070527
783.387770
783.666350
783.905871
784.105994
784.266434
784.386964
784.467412
784.507665
784.507665
784.467412
784.386964
784.266434
784.105994
783.905871
783.666350
783.387770
783.070527
782.715072
782.694476
783.049645
783.366632
783.644988
783.884317
784.084279
784.244591
784.365023
784.445407
784.485627
784.485627
784.445407
784.365023
784.244591
784.084279
783.884317
783.644988
783.366632
783.049645
782.694476
782.673896
783.028779
783.345512
783.623645
783.862781
784.062582
784.222765
784.343101
784.423420
784.463608
784.463608
784.423420
784.343101
784.222765
784.062582
783.862781
783.623645
783.345512
783.028779
782.673896
782.653333
783.007931
783.324409
783.602318
783.841262
784.040903
784.200957
784.321196
784.401450
784.441606
784.441606
784.401450
784.321196
784.200957
784.040903
783.841262
783.602318
783.324409
783.007931
782.653333
782.632786
782.987099
783.303323
783.581008
783.819761
784.019241
784.179166
784.299309
784.379499
784.419622
784.419622
784.379499
784.299309
784.179166
784.019241
783.819761
783.581008
783.303323
782.987099
782.632786
782.612256
782.966284
783.282254
783.559716
783.798276
783.997596
784.157393
784.277439
784.357564
784.397656
784.397656
784.357564
784.277439
784.157393
783.997596
783.798276
783.559716
783.282254
782.966284
782.612256
782.591743
782.945486
783.261202
783.538441
783.776810
783.975969
784.135637
784.255587
784.335648
784.375707
784.375707
784.335648
784.255587
784.135637
783.975969
783.776810
783.538441
783.261202
782.945486
782.591743
782.571246
782.924705
783.240167
783.517183
783.755360
783.954360
784.113899
784.233753
784.313750
784.353776
784.353776
784.313750
784.233753
784.113899
783.954360
783.755360
783.517183
783.240167
782.924705
782.571246
782.550766
782.903940
783.219149
783.495942
783.733928
783.932768
784.092179
784.211936
784.291869
784.331863
784.331863
784.291869
784.211936
784.092179
783.932768
783.733928
783.495942
783.219149
782.903940
782.550766
782.530302
782.883193
783.198147
783.474719
783.712513
783.911193
784.070476
784.190137
784.270005
784.309968
784.309968
784.270005
784.190137
784.070476
783.911193
783.712513
783.474719
783.198147
782.883193
782.530302
782.509855
782.862462
783.177163
783.453512
783.691115
783.889636
784.048791
784.168356
784.248160
784.288090
784.288090
784.248160
784.168356
784.048791
783.889636
783.691115
783.453512
783.177163
782.862462
782.509855
782.489424
782.841747
783.156196
783.432323
783.669735
783.868096
784.027123
784.146592
784.226332
784.266230
784.266230
784.226332
784.146592
784.027123
783.868096
783.669735
783.432323
783.156196
782.841747
782.489424
782.469010
782.821050
783.135246
783.411151
783.648372
783.846573
784.005473
784.124846
784.204521
784.244388
784.244388
784.204521
784.124846
784.005473
783.846573
783.648372
783.411151
783.135246
782.821050
782.469010
782.448612
782.800369
783.114312
783.389995
783.627026
783.825068
783.983840
784.103117
784.182729
784.222563
784.222563
784.182729
784.103117
783.983840
783.825068
783.627026
783.389995
783.114312
782.800369
782.448612
782.428230
782.779705
783.093396
783.368857
783.605698
783.803581
783.962225
784.081406
784.160954
784.200756
784.200756
784.160954
784.081406
783.962225
783.803581
783.605698
783.368857
783.093396
782.779705
782.428230
782.407866
782.759058
783.072496
783.347736
783.584386
783.782110
783.940627
784.059712
784.139196
784.178966
784.178966
784.139196
784.059712
783.940627
783.782110
783.584386
783.347736
783.072496
782.759058
782.407866
782.387517
782.738427
783.051614
783.326632
783.563092
783.760657
783.919047
784.038036
784.117456
784.157194
784.157194
784.117456
784.038036
783.919047
783.760657
783.563092
783.326632
783.051614
782.738427
782.387517
782.367185
782.717813
783.030748
783.305546
783.541815
783.739222
783.897484
784.016378
784.095734
784.135440
784.135440
784.095734
784.016378
783.897484
783.739222
783.541815
783.305546
783.030748
782.717813
782.367185
782.346869
782.697215
783.009899
783.284476
783.520556
783.717803
783.875938
783.994736
784.074029
784.113703
784.113703
784.074029
783.994736
783.875938
783.717803
783.520556
783.284476
783.009899
782.697215
782.346869
782.326570
782.676634
782.989067
783.263423
783.499313
783.696402
783.854410
783.973113
784.052342
784.091984
784.091984
784.052342
783.973113
783.854410
783.696402
783.499313
783.263423
782.989067
782.676634
782.326570
782.306287
782.656070
782.968251
783.242387
783.478088
783.675018
783.832899
783.951507
784.030672
784.070283
784.070283
784.030672
783.951507
783.832899
783.675018
783.478088
783.242387
782.968251
782.656070
782.306287
782.286021
782.635522
782.947453
783.221368
783.456879
783.653652
783.811406
783.929918
784.009020
784.048598
784.048598
784.009020
783.929918
783.811406
783.653652
783.456879
783.221368
782.947453
782.635522
782.286021
782.265771
782.614991
782.926671
783.200366
783.435688
783.632303
783.789930
783.908347
783.987385
784.026932
784.026932
783.987385
783.908347
783.789930
783.632303
783.435688
783.200366
782.926671
782.614991
782.265771
782.245537
782.594477
782.905906
783.179381
783.414514
783.610970
783.768471
783.886793
783.965767
784.005283
784.005283
783.965767
783.886793
783.768471
783.610970
783.414514
783.179381
782.905906
782.594477
782.245537
782.225320
782.573979
782.885158
783.158413
783.393357
783.589656
783.747030
783.865256
783.944167
783.983651
783.983651
783.944167
783.865256
783.747030
783.589656
783.393357
783.158413
782.885158
782.573979
782.225320
782.205119
782.553498
782.864426
783.137462
783.372217
783.568358
783.725606
783.843737
783.922585
783.962037
783.962037
783.922585
783.843737
783.725606
783.568358
783.372217
783.137462
782.864426
782.553498
782.205119
782.184934
782.533033
782.843712
783.116528
783.351094
783.547078
783.704199
783.822236
783.901020
783.940440
783.940440
783.901020
783.822236
783.704199
783.547078
783.351094
783.116528
782.843712
782.533033
782.184934
782.164765
782.512585
782.823014
783.095611
783.329989
783.525814
783.682810
783.800751
783.879472
783.918861
783.918861
783.879472
783.800751
783.682810
783.525814
783.329989
783.095611
782.823014
782.512585
782.164765
782.144613
782.492153
782.802332
783.074710
783.308900
783.504568
783.661437
783.779284
783.857942
783.897299
783.897299
783.857942
783.779284
783.661437
783.504568
783.308900
783.074710
782.802332
782.492153
782.144613
782.124477
782.471737
782.781668
783.053827
783.287828
783.483339
783.640082
783.757835
783.836429
783.875754
783.875754
783.836429
783.757835
783.640082
783.483339
783.287828
783.053827
782.781668
782.471737
782.124477
782.104357
782.451339
782.761020
783.032960
783.266774
783.462128
783.618745
783.736402
783.814934
783.854227
783.854227
783.814934
783.736402
783.618745
783.462128
783.266774
783.032960
782.761020
782.451339
782.104357
782.084254
782.430956
782.740388
783.012110
783.245736
783.440933
783.597424
783.714987
783.793456
783.832718
783.832718
783.793456
783.714987
783.597424
783.440933
783.245736
783.012110
782.740388
782.430956
782.084254
782.064167
782.410590
782.719774
782.991278
783.224715
783.419755
783.576121
783.693590
783.771995
783.811225
783.811225
783.771995
783.693590
783.576121
783.419755
783.224715
782.991278
782.719774
782.410590
782.064167
782.044096
782.390241
782.699176
782.970461
783.203712
783.398595
783.554835
783.672209
783.750552
783.789751
783.789751
783.750552
783.672209
783.554835
783.398595
783.203712
782.970461
782.699176
782.390241
782.044096
782.024041
782.369908
782.678595
782.949662
783.182725
783.377452
783.533566
783.650846
783.729125
783.768293
783.768293
783.729125
783.650846
783.533566
783.377452
783.182725
782.949662
782.678595
782.369908
782.024041
782.004002
782.349591
782.658030
782.928879
783.161755
783.356325
783.512314
783.629500
783.707717
783.746853
783.746853
783.707717
783.629500
783.512314
783.356325
783.161755
782.928879
782.658030
782.349591
782.004002
781.983980
782.329291
782.637482
782.908114
783.140802
783.335216
783.491080
783.608171
783.686325
783.725430
783.725430
783.686325
783.608171
783.491080
783.335216
783.140802
782.908114
782.637482
782.329291
781.983980
781.963973
782.309007
782.616950
782.887365
783.119866
783.314124
783.469862
783.586860
783.664951
783.704024
783.704024
783.664951
783.586860
783.469862
783.314124
783.119866
782.887365
782.616950
782.309007
781.963973
781.943983
782.288740
782.596435
782.866632
783.098947
783.293049
783.448662
783.565566
783.643594
783.682636
783.682636
783.643594
783.565566
783.448662
783.293049
783.098947
782.866632
782.596435
782.288740
781.943983
781.924009
782.268488
782.575937
782.845917
783.078045
783.271991
783.427479
783.544289
783.622254
783.661264
783.661264
783.622254
783.544289
783.427479
783.271991
783.078045
782.845917
782.575937
782.268488
781.924009
781.904051
782.248254
782.555455
782.825218
783.057159
783.250949
783.406313
783.523029
783.600931
783.639911
783.639911
783.600931
783.523029
783.406313
783.250949
783.057159
782.825218
782.555455
782.248254
781.904051
781.884109
782.228035
782.534990
782.804536
783.036291
783.229925
783.385164
783.501786
783.579626
783.618574
783.618574
783.579626
783.501786
783.385164
783.229925
783.036291
782.804536
782.534990
782.228035
781.884109
781.864184
782.207833
782.514541
782.783871
783.015439
783.208918
783.364032
783.480560
783.558338
783.597255
783.597255
783.558338
783.480560
783.364032
783.208918
783.015439
782.783871
782.514541
782.207833
781.864184
781.844274
782.187647
782.494108
782.763222
782.994605
783.187928
783.342917
783.459352
783.537067
783.575952
783.575952
783.537067
783.459352
783.342917
783.187928
782.994605
782.763222
782.494108
782.187647
781.844274
781.824380
782.167478
782.473693
782.742590
782.973787
783.166955
783.321819
783.438161
783.515813
783.554667
783.554667
783.515813
783.438161
783.321819
783.166955
782.973787
782.742590
782.473693
782.167478
781.824380
781.804503
782.147324
782.453293
782.721974
782.952985
783.145998
783.300738
783.416986
783.494577
783.533399
783.533399
783.494577
783.416986
783.300738
783.145998
782.952985
782.721974
782.453293
782.147324
781.804503
781.784641
782.127187
782.432910
782.701376
782.932201
783.125059
783.279675
783.395829
783.473357
783.512149
783.512149
783.473357
783.395829
783.279675
783.125059
782.932201
782.701376
782.432910
782.127187
781.784641
781.764796
782.107067
782.412544
782.680793
782.911433
783.104136
783.258628
783.374689
783.452155
783.490915
783.490915
783.452155
783.374689
783.258628
783.104136
782.911433
782.680793
782.412544
782.107067
781.764796
781.744966
782.086962
782.392194
782.660228
782.890683
783.083231
783.237598
783.353566
783.430970
783.469699
783.469699
783.430970
783.353566
783.237598
783.083231
782.890683
782.660228
782.392194
782.086962
781.744966
781.725153
782.066874
782.371860
782.639679
782.869949
783.062342
783.216585
783.332460
783.409802
783.448500
783.448500
783.409802
783.332460
783.216585
783.062342
782.869949
782.639679
782.371860
782.066874
781.725153
781.705355
782.046802
782.351543
782.619147
782.849231
783.041470
783.195590
783.311371
783.388651
783.427318
783.427318
783.388651
783.311371
783.195590
783.041470
782.849231
782.619147
782.351543
782.046802
781.705355
781.685574
782.026746
782.331242
782.598631
782.828531
783.020615
783.174611
783.290299
783.367517
783.406153
783.406153
783.367517
783.290299
783.174611
783.020615
782.828531
782.598631
782.331242
782.026746
781.685574
781.665808
782.006706
782.310958
782.578132
782.807847
782.999777
783.153649
783.269245
783.346400
783.385005
783.385005
783.346400
783.269245
783.153649
782.999777
782.807847
782.578132
782.310958
782.006706
781.665808
781.646059
781.986682
782.290690
782.557649
782.787179
782.978955
783.132704
783.248207
783.325300
783.363874
783.363874
783.325300
783.248207
783.132704
782.978955
782.787179
782.557649
782.290690
781.986682
781.646059
781.626325
781.966675
782.270438
782.537183
782.766529
782.958151
783.111776
783.227186
783.304217
783.342760
783.342760
783.304217
783.227186
783.111776
782.958151
782.766529
782.537183
782.270438
781.966675
781.626325
781.606607
781.946684
782.250203
782.516733
782.745895
782.937363
783.090864
783.206182
783.283151
783.321663
783.321663
783.283151
783.206182
783.090864
782.937363
782.745895
782.516733
782.250203
781.946684
781.606607
781.586906
781.926709
782.229984
782.496300
782.725278
782.916592
783.069970
783.185195
783.262102
783.300584
783.300584
783.262102
783.185195
783.069970
782.916592
782.725278
782.496300
782.229984
781.926709
781.586906
781.567220
781.906750
782.209781
782.475883
782.704677
782.895837
783.049093
783.164225
783.241071
783.279521
783.279521
783.241071
783.164225
783.049093
782.895837
782.704677
782.475883
782.209781
781.906750
781.567220
781.547550
781.886807
782.189595
782.455483
782.684093
782.875100
783.028232
783.143272
783.220056
783.258475
783.258475
783.220056
783.143272
783.028232
782.875100
782.684093
782.455483
782.189595
781.886807
781.547550
781.527895
781.866880
782.169425
782.435099
782.663526
782.854379
783.007388
783.122336
783.199058
783.237446
783.237446
783.199058
783.122336
783.007388
782.854379
782.663526
782.435099
782.169425
781.866880
781.527895
781.508257
781.846969
782.149271
782.414732
782.642975
782.833675
782.986561
783.101416
783.178077
783.216435
783.216435
783.178077
783.101416
782.986561
782.833675
782.642975
782.414732
782.149271
781.846969
781.508257
781.488635
781.827075
782.129134
782.394381
782.622441
782.812988
782.965751
783.080514
783.157113
783.195440
783.195440
783.157113
783.080514
782.965751
782.812988
782.622441
782.394381
782.129134
781.827075
781.488635
781.469028
781.807196
782.109012
782.374047
782.601923
782.792317
782.944958
783.059628
783.136166
783.174462
783.174462
783.136166
783.059628
782.944958
782.792317
782.601923
782.374047
782.109012
781.807196
781.469028
781.449437
781.787333
782.088907
782.353729
782.581422
782.771663
782.924181
783.038760
783.115236
783.153501
783.153501
783.115236
783.038760
782.924181
782.771663
782.581422
782.353729
782.088907
781.787333
781.449437
781.429862
781.767487
782.068818
782.333427
782.560938
782.751026
782.903421
783.017908
783.094323
783.132557
783.132557
783.094323
783.017908
782.903421
782.751026
782.560938
782.333427
782.068818
781.767487
781.429862
781.410303
781.747656
782.048746
782.313142
782.540470
782.730405
782.882678
782.997073
783.073426
783.111630
783.111630
783.073426
782.997073
782.882678
782.730405
782.540470
782.313142
782.048746
781.747656
781.410303
781.390759
781.727842
782.028689
782.292873
782.520018
782.709801
782.861952
782.976255
783.052547
783.090720
783.090720
783.052547
782.976255
782.861952
782.709801
782.520018
782.292873
782.028689
781.727842
781.390759
781.371232
781.708043
782.008649
782.272621
782.499583
782.689214
782.841242
782.955453
783.031684
783.069826
783.069826
783.031684
782.955453
782.841242
782.689214
782.499583
782.272621
782.008649
781.708043
781.371232
781.351720
781.688261
781.988625
782.252385
782.479165
782.668643
782.820549
782.934669
783.010838
783.048950
783.048950
783.010838
782.934669
782.820549
782.668643
782.479165
782.252385
781.988625
781.688261
781.351720
781.332223
781.668494
781.968617
782.232165
782.458763
782.648089
782.799873
782.913901
782.990009
783.028090
783.028090
782.990009
782.913901
782.799873
782.648089
782.458763
782.232165
781.968617
781.668494
781.332223
781.312743
781.648743
781.948625
782.211961
782.438377
782.627551
782.779214
782.893150
782.969197
783.007248
783.007248
782.969197
782.893150
782.779214
782.627551
782.438377
782.211961
781.948625
781.648743
781.312743
781.293278
781.629009
781.928650
782.191774
782.418008
782.607030
782.758571
782.872415
782.948402
782.986422
782.986422
782.948402
782.872415
782.758571
782.607030
782.418008
782.191774
781.928650
781.629009
781.293278
781.273829
781.609290
781.908690
782.171603
782.397656
782.586526
782.737945
782.851698
782.927623
782.965612
782.965612
782.927623
782.851698
782.737945
782.586526
782.397656
782.171603
781.908690
781.609290
781.273829
781.254396
781.589587
781.888747
782.151449
782.377319
782.566038
782.717335
782.830997
782.906861
782.944820
782.944820
782.906861
782.830997
782.717335
782.566038
782.377319
782.151449
781.888747
781.589587
781.254396
781.234978
781.569900
781.868819
782.131310
782.357000
782.545566
782.696742
782.810313
782.886116
782.924045
782.924045
782.886116
782.810313
782.696742
782.545566
782.357000
782.131310
781.868819
781.569900
781.234978
781.215576
781.550229
781.848908
782.111188
782.336696
782.525111
782.676166
782.789645
782.865388
782.903286
782.903286
782.865388
782.789645
782.676166
782.525111
782.336696
782.111188
781.848908
781.550229
781.215576
781.196190
781.530574
781.829013
782.091082
782.316409
782.504673
782.655606
782.768994
782.844676
782.882544
782.882544
782.844676
782.768994
782.655606
782.504673
782.316409
782.091082
781.829013
781.530574
781.196190
781.176819
781.510934
781.809134
782.070993
782.296138
782.484251
782.635063
782.748360
782.823981
782.861818
782.861818
782.823981
782.748360
782.635063
782.484251
782.296138
782.070993
781.809134
781.510934
781.176819
781.157464
781.491311
781.789270
782.050919
782.275884
782.463846
782.614537
782.727743
782.803303
782.841110
782.841110
782.803303
782.727743
782.614537
782.463846
782.275884
782.050919
781.789270
781.491311
781.157464
781.138124
781.471703
781.769423
782.030862
782.255646
782.443457
782.594027
782.707142
782.782641
782.820418
782.820418
782.782641
782.707142
782.594027
782.443457
782.255646
782.030862
781.769423
781.471703
781.138124
781.118800
781.452111
781.749592
782.010821
782.235425
782.423084
782.573533
782.686558
782.761996
782.799743
782.799743
782.761996
782.686558
782.573533
782.423084
782.235425
782.010821
781.749592
781.452111
781.118800
781.099492
781.432535
781.729777
781.990796
782.215219
782.402728
782.553057
782.665990
782.741368
782.779084
782.779084
782.741368
782.665990
782.553057
782.402728
782.215219
781.990796
781.729777
781.432535
781.099492
781.080199
781.412974
781.709978
781.970787
782.195030
782.382389
782.532596
782.645439
782.720757
782.758442
782.758442
782.720757
782.645439
782.532596
782.382389
782.195030
781.970787
781.709978
781.412974
781.080199
781.060922
781.393430
781.690195
781.950794
782.174858
782.362066
782.512152
782.624904
782.700162
782.737817
782.737817
782.700162
782.624904
782.512152
782.362066
782.174858
781.950794
781.690195
781.393430
781.060922
781.041660
781.373901
781.670428
781.930818
782.154701
782.341759
782.491725
782.604387
782.679583
782.717208
782.717208
782.679583
782.604387
782.491725
782.341759
782.154701
781.930818
781.670428
781.373901
781.041660
781.022414
781.354388
781.650676
781.910857
782.134561
782.321468
782.471314
782.583885
782.659022
782.696617
782.696617
782.659022
782.583885
782.471314
782.321468
782.134561
781.910857
781.650676
781.354388
781.022414
781.003184
781.334891
781.630941
781.890913
782.114437
782.301194
782.450920
782.563400
782.638477
782.676041
782.676041
782.638477
782.563400
782.450920
782.301194
782.114437
781.890913
781.630941
781.334891
781.003184
780.983968
781.315409
781.611222
781.870985
782.094329
782.280937
782.430542
782.542932
782.617948
782.655483
782.655483
782.617948
782.542932
782.430542
782.280937
782.094329
781.870985
781.611222
781.315409
780.983968
780.964769
781.295943
781.591518
781.851073
782.074238
782.260695
782.410180
782.522480
782.597436
782.634940
782.634940
782.597436
782.522480
782.410180
782.260695
782.074238
781.851073
781.591518
781.295943
780.964769
780.945585
781.276493
781.571831
781.831177
782.054162
782.240470
782.389835
782.502045
782.576941
782.614415
782.614415
782.576941
782.502045
782.389835
782.240470
782.054162
781.831177
781.571831
781.276493
780.945585
780.926416
781.257059
781.552159
781.811297
782.034103
782.220262
782.369507
782.481626
782.556462
782.593906
782.593906
782.556462
782.481626
782.369507
782.220262
782.034103
781.811297
781.552159
781.257059
780.926416
780.907263
781.237640
781.532503
781.791433
782.014060
782.200069
782.349194
782.461224
782.535999
782.573413
782.573413
782.535999
782.461224
782.349194
782.200069
782.014060
781.791433
781.532503
781.237640
780.907263
780.888125
781.218237
781.512863
781.771585
781.994034
782.179893
782.328899
782.440838
782.515553
782.552938
782.552938
782.515553
782.440838
782.328899
782.179893
781.994034
781.771585
781.512863
781.218237
780.888125
780.869003
781.198849
781.493239
781.751753
781.974023
782.159733
782.308619
782.420469
782.495124
782.532478
782.532478
782.495124
782.420469
782.308619
782.159733
781.974023
781.751753
781.493239
781.198849
780.869003
780.849896
781.179477
781.473631
781.731937
781.954029
782.139590
782.288356
782.400116
782.474711
782.512035
782.512035
782.474711
782.400116
782.288356
782.139590
781.954029
781.731937
781.473631
781.179477
780.849896
780.830805
781.160121
781.454038
781.712137
781.934050
782.119462
782.268109
782.379780
782.454315
782.491609
782.491609
782.454315
782.379780
782.268109
782.119462
781.934050
781.712137
781.454038
781.160121
780.830805
780.811728
781.140781
781.434462
781.692353
781.914088
782.099351
782.247879
782.359459
782.433935
782.471199
782.471199
782.433935
782.359459
782.247879
782.099351
781.914088
781.692353
781.434462
781.140781
780.811728
780.792668
781.121456
781.414901
781.672585
781.894142
782.079256
782.227665
782.339156
782.413571
782.450806
782.450806
782.413571
782.339156
782.227665
782.079256
781.894142
781.672585
781.414901
781.121456
780.792668
780.773622
781.102146
781.395356
781.652833
781.874212
782.059178
782.207467
782.318868
782.393224
782.430429
782.430429
782.393224
782.318868
782.207467
782.059178
781.874212
781.652833
781.395356
781.102146
780.773622
780.754592
781.082852
781.375826
781.633097
781.854298
782.039115
782.187285
782.298597
782.372894
782.410068
782.410068
782.372894
782.298597
782.187285
782.039115
781.854298
781.633097
781.375826
781.082852
780.754592
780.735578
781.063574
781.356313
781.613377
781.834400
782.019069
782.167120
782.278343
782.352579
782.389724
782.389724
782.352579
782.278343
782.167120
782.019069
781.834400
781.613377
781.356313
781.063574
780.735578
780.716579
781.044311
781.336815
781.593672
781.814518
781.999039
782.146971
782.258105
782.332281
782.369396
782.369396
782.332281
782.258105
782.146971
781.999039
781.814518
781.593672
781.336815
781.044311
780.716579
780.697595
781.025064
781.317333
781.573984
781.794653
781.979025
782.126838
782.237883
782.312000
782.349085
782.349085
782.312000
782.237883
782.126838
781.979025
781.794653
781.573984
781.317333
781.025064
780.697595
780.678626
781.005832
781.297866
781.554311
781.774803
781.959027
782.106722
782.217677
782.291735
782.328790
782.328790
782.291735
782.217677
782.106722
781.959027
781.774803
781.554311
781.297866
781.005832
780.678626
780.659672
780.986616
781.278415
781.534655
781.754969
781.939045
782.086622
782.197488
782.271486
782.308511
782.308511
782.271486
782.197488
782.086622
781.939045
781.754969
781.534655
781.278415
780.986616
780.659672
780.640734
780.967415
781.258980
781.515014
781.735151
781.919080
782.066537
782.177315
782.251253
782.288249
782.288249
782.251253
782.177315
782.066537
781.919080
781.735151
781.515014
781.258980
780.967415
780.640734
780.621812
780.948230
781.239561
781.495389
781.715350
781.899130
782.046470
782.157158
782.231037
782.268003
782.268003
782.231037
782.157158
782.046470
781.899130
781.715350
781.495389
781.239561
780.948230
780.621812
780.602904
780.929060
781.220157
781.475780
781.695564
781.879197
782.026418
782.137017
782.210838
782.247774
782.247774
782.210838
782.137017
782.026418
781.879197
781.695564
781.475780
781.220157
780.929060
780.602904
780.584012
780.909906
781.200769
781.456186
781.675794
781.859280
782.006382
782.116893
782.190654
782.227561
782.227561
782.190654
782.116893
782.006382
781.859280
781.675794
781.456186
781.200769
780.909906
780.584012
780.565135
780.890767
781.181397
781.436609
781.656040
781.839379
781.986363
782.096785
782.170487
782.207364
782.207364
782.170487
782.096785
781.986363
781.839379
781.656040
781.436609
781.181397
780.890767
780.565135
780.546273
780.871644
781.162040
781.417047
781.636302
781.819493
781.966360
782.076693
782.150336
782.187183
782.187183
782.150336
782.076693
781.966360
781.819493
781.636302
781.417047
781.162040
780.871644
780.546273
780.527426
780.852536
781.142699
781.397501
781.616580
781.799624
781.946373
782.056617
782.130201
782.167019
782.167019
782.130201
782.056617
781.946373
781.799624
781.616580
781.397501
781.142699
780.852536
780.527426
780.508595
780.833443
781.123373
781.377971
781.596874
781.779771
781.926402
782.036558
782.110082
782.146871
782.146871
782.110082
782.036558
781.926402
781.779771
781.596874
781.377971
781.123373
780.833443
780.508595
780.489778
780.814366
781.104063
781.358456
781.577184
781.759934
781.906447
782.016515
782.089980
782.126739
782.126739
782.089980
782.016515
781.906447
781.759934
781.577184
781.358456
781.104063
780.814366
780.489778
780.470977
780.795304
781.084769
781.338958
781.557509
781.740113
781.886508
781.996488
782.069894
782.106623
782.106623
782.069894
781.996488
781.886508
781.740113
781.557509
781.338958
781.084769
780.795304
780.470977
780.452191
780.776258
781.065490
781.319475
781.537851
781.720308
781.866586
781.976477
782.049824
782.086524
782.086524
782.049824
781.976477
781.866586
781.720308
781.537851
781.319475
781.065490
780.776258
780.452191
780.433420
780.757227
781.046226
781.300007
781.518208
781.700519
781.846679
781.956482
782.029771
782.066441
782.066441
782.029771
781.956482
781.846679
781.700519
781.518208
781.300007
781.046226
780.757227
780.433420
780.414665
780.738211
781.026978
781.280556
781.498581
781.680746
781.826789
781.936503
782.009733
782.046374
782.046374
782.009733
781.936503
781.826789
781.680746
781.498581
781.280556
781.026978
780.738211
780.414665
780.395924
780.719211
781.007746
781.261120
781.478970
781.660988
781.806914
781.916541
781.989712
782.026323
782.026323
781.989712
781.916541
781.806914
781.660988
781.478970
781.261120
781.007746
780.719211
780.395924
780.377199
780.700226
780.988529
781.241699
781.459375
781.641247
781.787056
781.896594
781.969707
782.006289
782.006289
781.969707
781.896594
781.787056
781.641247
781.459375
781.241699
780.988529
780.700226
780.377199
780.358488
780.681256
780.969328
781.222295
781.439796
781.621522
781.767213
781.876664
781.949717
781.986270
781.986270
781.949717
781.876664
781.767213
781.621522
781.439796
781.222295
780.969328
780.681256
780.358488
780.339793
780.662301
780.950142
781.202906
781.420232
781.601812
781.747387
781.856750
781.929745
781.966268
781.966268
781.929745
781.856750
781.747387
781.601812
781.420232
781.202906
780.950142
780.662301
780.339793
780.321113
780.643362
780.930972
781.183533
781.400685
781.582119
781.727577
781.836851
781.909788
781.946282
781.946282
781.909788
781.836851
781.727577
781.582119
781.400685
781.183533
780.930972
780.643362
780.321113
780.302448
780.624438
780.911817
781.164175
781.381153
781.562441
781.707782
781.816969
781.889847
781.926312
781.926312
781.889847
781.816969
781.707782
781.562441
781.381153
781.164175
780.911817
780.624438
780.302448
780.283798
780.605529
780.892678
781.144833
781.361636
781.542779
781.688004
781.797103
781.869922
781.906358
781.906358
781.869922
781.797103
781.688004
781.542779
781.361636
781.144833
780.892678
780.605529
780.283798
780.265163
780.586636
780.873554
781.125506
781.342136
781.523133
781.668241
781.777253
781.850014
781.886420
781.886420
781.850014
781.777253
781.668241
781.523133
781.342136
781.125506
780.873554
780.586636
780.265163
780.246543
780.567758
780.854445
781.106196
781.322651
781.503503
781.648494
781.757419
781.830121
781.866498
781.866498
781.830121
781.757419
781.648494
781.503503
781.322651
781.106196
780.854445
780.567758
780.246543
780.227938
780.548895
780.835352
781.086900
781.303182
781.483889
781.628764
781.737601
781.810245
781.846593
781.846593
781.810245
781.737601
781.628764
781.483889
781.303182
781.086900
780.835352
780.548895
780.227938
780.209348
780.530047
780.816274
781.067620
781.283728
781.464290
781.609049
781.717799
781.790384
781.826703
781.826703
781.790384
781.717799
781.609049
781.464290
781.283728
781.067620
780.816274
780.530047
780.209348
780.190773
780.511215
780.797212
781.048356
781.264291
781.444708
781.589350
781.698012
781.770540
781.806829
781.806829
781.770540
781.698012
781.589350
781.444708
781.264291
781.048356
780.797212
780.511215
780.190773
780.172212
780.492397
780.778165
781.029108
781.244869
781.425141
781.569667
781.678242
781.750711
781.786972
781.786972
781.750711
781.678242
781.569667
781.425141
781.244869
781.029108
780.778165
780.492397
780.172212
780.153667
780.473595
780.759133
781.009874
781.225462
781.405590
781.550000
781.658488
781.730899
781.767130
781.767130
781.730899
781.658488
781.550000
781.405590
781.225462
781.009874
780.759133
780.473595
780.153667
780.135137
780.454808
780.740117
780.990657
781.206072
781.386054
781.530349
781.638750
781.711103
781.747305
781.747305
781.711103
781.638750
781.530349
781.386054
781.206072
780.990657
780.740117
780.454808
780.135137
780.116622
780.436036
780.721115
780.971455
781.186696
781.366535
781.510713
781.619027
781.691322
781.727495
781.727495
781.691322
781.619027
781.510713
781.366535
781.186696
780.971455
780.721115
780.436036
780.116622
780.098122
780.417279
780.702130
780.952268
781.167337
781.347031
781.491094
781.599321
781.671557
781.707702
781.707702
781.671557
781.599321
781.491094
781.347031
781.167337
780.952268
780.702130
780.417279
780.098122
780.079636
780.398537
780.683159
780.933097
781.147993
781.327543
781.471490
781.579630
781.651809
781.687924
781.687924
781.651809
781.579630
781.471490
781.327543
781.147993
780.933097
780.683159
780.398537
780.079636
780.061166
780.379811
780.664204
780.913941
781.128665
781.308070
781.451902
781.559955
781.632076
781.668162
781.668162
781.632076
781.559955
781.451902
781.308070
781.128665
780.913941
780.664204
780.379811
780.061166
780.042710
780.361099
780.645264
780.894801
781.109352
781.288614
781.432330
781.540296
781.612359
781.648417
781.648417
781.612359
781.540296
781.432330
781.288614
781.109352
780.894801
780.645264
780.361099
780.042710
780.024269
780.342403
780.626340
780.875676
781.090055
781.269173
781.412773
781.520653
781.592658
781.628687
781.628687
781.592658
781.520653
781.412773
781.269173
781.090055
780.875676
780.626340
780.342403
780.024269
780.005844
780.323722
780.607431
780.856566
781.070773
781.249747
781.393233
781.501026
781.572973
781.608973
781.608973
781.572973
781.501026
781.393233
781.249747
781.070773
780.856566
780.607431
780.323722
780.005844
779.987433
780.305055
780.588537
780.837472
781.051507
781.230338
781.373708
781.481415
781.553304
781.589275
781.589275
781.553304
781.481415
781.373708
781.230338
781.051507
780.837472
780.588537
780.305055
779.987433
779.969036
780.286404
780.569658
780.818393
781.032257
781.210943
781.354199
781.461819
781.533651
781.569593
781.569593
781.533651
781.461819
781.354199
781.210943
781.032257
780.818393
780.569658
780.286404
779.969036
779.950655
780.267768
780.550794
780.799330
781.013022
781.191565
781.334705
781.442239
781.514014
781.549926
781.549926
781.514014
781.442239
781.334705
781.191565
781.013022
780.799330
780.550794
780.267768
779.950655
779.932288
780.249147
780.531946
780.780282
780.993802
781.172202
781.315228
781.422675
781.494392
781.530276
781.530276
781.494392
781.422675
781.315228
781.172202
780.993802
780.780282
780.531946
780.249147
779.932288
779.913937
780.230541
780.513113
780.761250
780.974598
781.152855
781.295766
781.403127
781.474786
781.510641
781.510641
781.474786
781.403127
781.295766
781.152855
780.974598
780.761250
780.513113
780.230541
779.913937
779.895600
780.211950
780.494295
780.742232
780.955410
781.133524
781.276320
781.383595
781.455196
781.491023
781.491023
781.455196
781.383595
781.276320
781.133524
780.955410
780.742232
780.494295
780.211950
779.895600
779.877278
780.193373
780.475492
780.723231
780.936237
781.114208
781.256889
781.364078
781.435622
781.471420
781.471420
781.435622
781.364078
781.256889
781.114208
780.936237
780.723231
780.475492
780.193373
779.877278
779.858970
780.174812
780.456704
780.704244
780.917079
781.094907
781.237474
781.344577
781.416064
781.451833
781.451833
781.416064
781.344577
781.237474
781.094907
780.917079
780.704244
780.456704
780.174812
779.858970
779.840678
780.156266
780.437931
780.685273
780.897937
781.075622
781.218075
781.325092
781.396521
781.432261
781.432261
781.396521
781.325092
781.218075
781.075622
780.897937
780.685273
780.437931
780.156266
779.840678
779.822400
780.137735
780.419174
780.666317
780.878811
781.056353
781.198691
781.305622
781.376994
781.412706
781.412706
781.376994
781.305622
781.198691
781.056353
780.878811
780.666317
780.419174
780.137735
779.822400
779.804137
780.119218
780.400432
780.647376
780.859699
781.037099
781.179323
781.286168
781.357483
781.393166
781.393166
781.357483
781.286168
781.179323
781.037099
780.859699
780.647376
780.400432
780.119218
779.804137
779.785888
780.100717
780.381705
780.628451
780.840604
781.017861
781.159971
781.266730
781.337988
781.373642
781.373642
781.337988
781.266730
781.159971
781.017861
780.840604
780.628451
780.381705
780.100717
779.785888
779.767654
780.082230
780.362992
780.609540
780.821523
780.998638
781.140634
781.247308
781.318508
781.354134
781.354134
781.318508
781.247308
781.140634
780.998638
780.821523
780.609540
780.362992
780.082230
779.767654
779.749435
780.063759
780.344295
780.590646
780.802458
780.979431
781.121313
781.227901
781.299044
781.334641
781.334641
781.299044
781.227901
781.121313
780.979431
780.802458
780.590646
780.344295
780.063759
779.749435
779.731231
780.045302
780.325613
780.571766
780.783408
780.960239
781.102007
781.208510
781.279596
781.315164
781.315164
781.279596
781.208510
781.102007
780.960239
780.783408
780.571766
780.325613
780.045302
779.731231
779.713041
780.026860
780.306947
780.552901
780.764374
780.941063
781.082717
781.189134
781.260163
781.295703
781.295703
781.260163
781.189134
781.082717
780.941063
780.764374
780.552901
780.306947
780.026860
779.713041
779.694866
780.008433
780.288295
780.534052
780.745355
780.921902
781.063442
781.169774
781.240746
781.276258
781.276258
781.240746
781.169774
781.063442
780.921902
780.745355
780.534052
780.288295
780.008433
779.694866
779.676706
779.990021
780.269658
780.515218
780.726351
780.902757
781.044183
781.150430
781.221345
781.256828
781.256828
781.221345
781.150430
781.044183
780.902757
780.726351
780.515218
780.269658
779.990021
779.676706
779.658560
779.971624
780.251036
780.496399
780.707363
780.883627
781.024940
781.131101
781.201960
781.237414
781.237414
781.201960
781.131101
781.024940
780.883627
780.707363
780.496399
780.251036
779.971624
779.658560
779.640429
779.953241
780.232429
780.477595
780.688390
780.864512
781.005712
781.111788
781.182590
781.218015
781.218015
781.182590
781.111788
781.005712
780.864512
780.688390
780.477595
780.232429
779.953241
779.640429
779.622312
779.934873
780.213837
780.458807
780.669432
780.845413
780.986500
781.092491
781.163235
781.198633
781.198633
781.163235
781.092491
780.986500
780.845413
780.669432
780.458807
780.213837
779.934873
779.622312
779.604210
779.916521
780.195261
780.440033
780.650489
780.826329
780.967303
781.073209
781.143896
781.179265
781.179265
781.143896
781.073209
780.967303
780.826329
780.650489
780.440033
780.195261
779.916521
779.604210
779.586123
779.898182
780.176699
780.421275
780.631562
780.807261
780.948121
781.053942
781.124573
781.159914
781.159914
781.124573
781.053942
780.948121
780.807261
780.631562
780.421275
780.176699
779.898182
779.586123
779.568050
779.879859
780.158152
780.402532
780.612650
780.788208
780.928955
781.034691
781.105266
781.140578
781.140578
781.105266
781.034691
780.928955
780.788208
780.612650
780.402532
780.158152
779.879859
779.568050
779.549992
779.861551
780.139620
780.383804
780.593754
780.769170
780.909805
781.015456
781.085974
781.121258
781.121258
781.085974
781.015456
780.909805
780.769170
780.593754
780.383804
780.139620
779.861551
779.549992
779.531948
779.843257
780.121103
780.365091
780.574872
780.750148
780.890669
780.996236
781.066697
781.101953
781.101953
781.066697
780.996236
780.890669
780.750148
780.574872
780.365091
780.121103
779.843257
779.531948
779.513919
779.824978
780.102601
780.346393
780.556006
780.731141
780.871550
780.977031
781.047436
781.082663
781.082663
781.047436
780.977031
780.871550
780.731141
780.556006
780.346393
780.102601
779.824978
779.513919
779.495905
779.806713
780.084114
780.327710
780.537155
780.712150
780.852445
780.957842
781.028191
781.063390
781.063390
781.028191
780.957842
780.852445
780.712150
780.537155
780.327710
780.084114
779.806713
779.495905
779.477904
779.788464
780.065642
780.309042
780.518319
780.693173
780.833357
780.938669
781.008961
781.044132
781.044132
781.008961
780.938669
780.833357
780.693173
780.518319
780.309042
780.065642
779.788464
779.477904
779.459919
779.770229
780.047184
780.290389
780.499498
780.674212
780.814283
780.919511
780.989746
781.024889
781.024889
780.989746
780.919511
780.814283
780.674212
780.499498
780.290389
780.047184
779.770229
779.459919
779.441948
779.752009
780.028742
780.271752
780.480693
780.655267
780.795225
780.900368
780.970547
781.005662
781.005662
780.970547
780.900368
780.795225
780.655267
780.480693
780.271752
780.028742
779.752009
779.441948
779.423991
779.733803
780.010314
780.253129
780.461902
780.636336
780.776182
780.881241
780.951364
780.986450
780.986450
780.951364
780.881241
780.776182
780.636336
780.461902
780.253129
780.010314
779.733803
779.423991
779.406049
779.715612
779.991901
780.234521
780.443127
780.617421
780.757155
780.862129
780.932196
780.967254
780.967254
780.932196
780.862129
780.757155
780.617421
780.443127
780.234521
779.991901
779.715612
779.406049
779.388121
779.697436
779.973503
780.215929
780.424367
780.598521
780.738143
780.843033
780.913043
780.948073
780.948073
780.913043
780.843033
780.738143
780.598521
780.424367
780.215929
779.973503
779.697436
779.388121
779.370208
779.679275
779.955120
780.197351
780.405622
780.579636
780.719146
780.823952
780.893906
780.928908
780.928908
780.893906
780.823952
780.719146
780.579636
780.405622
780.197351
779.955120
779.679275
779.370208
779.352309
779.661128
779.936752
780.178788
780.386892
780.560767
780.700164
780.804887
780.874784
780.909758
780.909758
780.874784
780.804887
780.700164
780.560767
780.386892
780.178788
779.936752
779.661128
779.352309
779.334425
779.642995
779.918398
780.160240
780.368177
780.541912
780.681198
780.785836
780.855678
780.890624
780.890624
780.855678
780.785836
780.681198
780.541912
780.368177
780.160240
779.918398
779.642995
779.334425
779.316555
779.624878
779.900060
780.141708
780.349478
780.523073
780.662247
780.766802
780.836587
780.871505
780.871505
780.836587
780.766802
780.662247
780.523073
780.349478
780.141708
779.900060
779.624878
779.316555
779.298699
779.606775
779.881736
780.123190
780.330793
780.504249
780.643312
780.747782
780.817512
780.852401
780.852401
780.817512
780.747782
780.643312
780.504249
780.330793
780.123190
779.881736
779.606775
779.298699
779.280858
779.588686
779.863426
780.104687
780.312123
780.485440
780.624391
780.728778
780.798452
780.833313
780.833313
780.798452
780.728778
780.624391
780.485440
780.312123
780.104687
779.863426
779.588686
779.280858
779.263031
779.570612
779.845132
780.086199
780.293469
780.466647
780.605486
780.709789
780.779407
780.814241
780.814241
780.779407
780.709789
780.605486
780.466647
780.293469
780.086199
779.845132
779.570612
779.263031
779.245219
779.552553
779.826852
780.067725
780.274829
780.447868
780.586596
780.690816
780.760378
780.795183
780.795183
780.760378
780.690816
780.586596
780.447868
780.274829
780.067725
779.826852
779.552553
779.245219
779.227421
779.534508
779.808587
780.049267
780.256205
780.429105
780.567722
780.671857
780.741363
780.776141
780.776141
780.741363
780.671857
780.567722
780.429105
780.256205
780.049267
779.808587
779.534508
779.227421
779.209637
779.516478
779.790337
780.030824
780.237595
780.410357
780.548862
780.652914
780.722365
780.757115
780.757115
780.722365
780.652914
780.548862
780.410357
780.237595
780.030824
779.790337
779.516478
779.209637
779.191867
779.498462
779.772101
780.012395
780.219001
780.391624
780.530018
780.633987
780.703381
780.738103
780.738103
780.703381
780.633987
780.530018
780.391624
780.219001
780.012395
779.772101
779.498462
779.191867
779.174112
779.480461
779.753881
779.993982
780.200421
780.372906
780.511189
780.615074
780.684413
780.719107
780.719107
780.684413
780.615074
780.511189
780.372906
780.200421
779.993982
779.753881
779.480461
779.174112
779.156371
779.462474
779.735674
779.975583
780.181857
780.354203
780.492375
780.596177
780.665460
780.700127
780.700127
780.665460
780.596177
780.492375
780.354203
780.181857
779.975583
779.735674
779.462474
779.156371
779.138645
779.444502
779.717483
779.957199
780.163307
780.335515
780.473576
780.577295
780.646523
780.681161
780.681161
780.646523
780.577295
780.473576
780.335515
780.163307
779.957199
779.717483
779.444502
779.138645
779.120933
779.426544
779.699306
779.938829
780.144773
780.316842
780.454793
780.558428
780.627600
780.662211
780.662211
780.627600
780.558428
780.454793
780.316842
780.144773
779.938829
779.699306
779.426544
779.120933
779.103235
779.408601
779.681144
779.920475
780.126253
780.298184
780.436024
780.539576
780.608693
780.643276
780.643276
780.608693
780.539576
780.436024
780.298184
780.126253
779.920475
779.681144
779.408601
779.103235
779.085551
779.390672
779.662996
779.902135
780.107748
780.279542
780.417271
780.520740
780.589801
780.624357
780.624357
780.589801
780.520740
780.417271
780.279542
780.107748
779.902135
779.662996
779.390672
779.085551
779.067881
779.372758
779.644863
779.883811
780.089258
780.260914
780.398533
780.501919
780.570925
780.605452
780.605452
780.570925
780.501919
780.398533
780.260914
780.089258
779.883811
779.644863
779.372758
779.067881
779.050226
779.354858
779.626745
779.865500
780.070783
780.242301
780.379810
780.483113
780.552063
780.586563
780.586563
780.552063
780.483113
780.379810
780.242301
780.070783
779.865500
779.626745
779.354858
779.050226
779.032585
779.336972
779.608641
779.847205
780.052323
780.223704
780.361102
780.464322
780.533217
780.567689
780.567689
780.533217
780.464322
780.361102
780.223704
780.052323
779.847205
779.608641
779.336972
779.032585
779.014958
779.319101
779.590552
779.828924
780.033878
780.205121
780.342409
780.445546
780.514386
780.548831
780.548831
780.514386
780.445546
780.342409
780.205121
780.033878
779.828924
779.590552
779.319101
779.014958
778.997345
779.301244
779.572477
779.810659
780.015448
780.186553
780.323731
780.426786
780.495570
780.529987
780.529987
780.495570
780.426786
780.323731
780.186553
780.015448
779.810659
779.572477
779.301244
778.997345
778.979747
779.283402
779.554417
779.792407
779.997032
780.168000
780.305068
780.408040
780.476770
780.511159
780.511159
780.476770
780.408040
780.305068
780.168000
779.997032
779.792407
779.554417
779.283402
778.979747
778.962163
779.265574
779.536372
779.774171
779.978632
780.149463
780.286420
780.389310
780.457984
780.492346
780.492346
780.457984
780.389310
780.286420
780.149463
779.978632
779.774171
779.536372
779.265574
778.962163
778.944593
779.247760
779.518341
779.755949
779.960246
780.130940
780.267788
780.370594
780.439214
780.473548
780.473548
780.439214
780.370594
780.267788
780.130940
779.960246
779.755949
779.518341
779.247760
778.944593
778.927037
779.229961
779.500325
779.737742
779.941875
780.112432
780.249170
780.351894
780.420458
780.454765
780.454765
780.420458
780.351894
780.249170
780.112432
779.941875
779.737742
779.500325
779.229961
778.927037
778.909495
779.212176
779.482323
779.719550
779.923519
780.093939
780.230567
780.333209
780.401718
780.435997
780.435997
780.401718
780.333209
780.230567
780.093939
779.923519
779.719550
779.482323
779.212176
778.909495
778.891967
779.194405
779.464335
779.701372
779.905177
780.075461
780.211979
780.314539
780.382993
780.417245
780.417245
780.382993
780.314539
780.211979
780.075461
779.905177
779.701372
779.464335
779.194405
778.891967
778.874454
779.176649
779.446362
779.683209
779.886851
780.056997
780.193407
780.295884
780.364283
780.398507
780.398507
780.364283
780.295884
780.193407
780.056997
779.886851
779.683209
779.446362
779.176649
778.874454
778.856954
779.158907
779.428404
779.665060
779.868539
780.038549
780.174849
780.277244
780.345588
780.379785
780.379785
780.345588
780.277244
780.174849
780.038549
779.868539
779.665060
779.428404
779.158907
778.856954
778.839469
779.141179
779.410460
779.646927
779.850242
780.020116
780.156306
780.258619
780.326909
780.361078
780.361078
780.326909
780.258619
780.156306
780.020116
779.850242
779.646927
779.410460
779.141179
778.839469
778.821997
779.123466
779.392530
779.628807
779.831959
780.001697
780.137778
780.240009
780.308244
780.342386
780.342386
780.308244
780.240009
780.137778
780.001697
779.831959
779.628807
779.392530
779.123466
778.821997
778.804540
779.105767
779.374615
779.610703
779.813692
779.983293
780.119265
780.221414
780.289594
780.323708
780.323708
780.289594
780.221414
780.119265
779.983293
779.813692
779.610703
779.374615
779.105767
778.804540
778.787097
779.088082
779.356715
779.592613
779.795439
779.964904
780.100767
780.202834
780.270959
780.305046
780.305046
780.270959
780.202834
780.100767
779.964904
779.795439
779.592613
779.356715
779.088082
778.787097
778.769668
779.070411
779.338828
779.574537
779.777200
779.946530
780.082284
780.184269
780.252340
780.286399
780.286399
780.252340
780.184269
780.082284
779.946530
779.777200
779.574537
779.338828
779.070411
778.769668
778.752253
779.052755
779.320957
779.556476
779.758977
779.928170
780.063815
780.165719
780.233735
780.267767
780.267767
780.233735
780.165719
780.063815
779.928170
779.758977
779.556476
779.320957
779.052755
778.752253
778.734852
779.035112
779.303099
779.538430
779.740768
779.909826
780.045362
780.147184
780.215145
780.249150
780.249150
780.215145
780.147184
780.045362
779.909826
779.740768
779.538430
779.303099
779.035112
778.734852
778.717465
779.017484
779.285256
779.520398
779.722574
779.891496
780.026923
780.128663
780.196570
780.230548
780.230548
780.196570
780.128663
780.026923
779.891496
779.722574
779.520398
779.285256
779.017484
778.717465
778.700092
778.999871
779.267428
779.502381
779.704394
779.873181
780.008500
780.110158
780.178011
780.211961
780.211961
780.178011
780.110158
780.008500
779.873181
779.704394
779.502381
779.267428
778.999871
778.700092
778.682733
778.982271
779.249613
779.484378
779.686229
779.854881
779.990091
780.091668
780.159466
780.193389
780.193389
780.159466
780.091668
779.990091
779.854881
779.686229
779.484378
779.249613
778.982271
778.682733
778.665387
778.964686
779.231813
779.466389
779.668079
779.836595
779.971697
780.073192
780.140936
780.174832
780.174832
780.140936
780.073192
779.971697
779.836595
779.668079
779.466389
779.231813
778.964686
778.665387
778.648056
778.947114
779.214028
779.448416
779.649944
779.818324
779.953318
780.054731
780.122421
780.156290
780.156290
780.122421
780.054731
779.953318
779.818324
779.649944
779.448416
779.214028
778.947114
778.648056
778.630739
778.929557
779.196256
779.430456
779.631823
779.800068
779.934953
780.036286
780.103921
780.137763
780.137763
780.103921
780.036286
779.934953
779.800068
779.631823
779.430456
779.196256
778.929557
778.630739
778.613436
778.912014
779.178499
779.412511
779.613716
779.781827
779.916604
780.017855
780.085436
780.119250
780.119250
780.085436
780.017855
779.916604
779.781827
779.613716
779.412511
779.178499
778.912014
778.613436
778.596147
778.894485
779.160757
779.394581
779.595624
779.763600
779.898269
779.999439
780.066966
780.100753
780.100753
780.066966
779.999439
779.898269
779.763600
779.595624
779.394581
779.160757
778.894485
778.596147
778.578871
778.876971
779.143028
779.376665
779.577547
779.745388
779.879949
779.981038
780.048510
780.082271
780.082271
780.048510
779.981038
779.879949
779.745388
779.577547
779.376665
779.143028
778.876971
778.578871
778.561610
778.859470
779.125314
779.358763
779.559484
779.727191
779.861644
779.962651
780.030070
780.063803
780.063803
780.030070
779.962651
779.861644
779.727191
779.559484
779.358763
779.125314
778.859470
778.561610
778.544362
778.841983
779.107614
779.340876
779.541436
779.709008
779.843353
779.944280
780.011644
780.045350
780.045350
780.011644
779.944280
779.843353
779.709008
779.541436
779.340876
779.107614
778.841983
778.544362
778.527129
778.824511
779.089929
779.323003
779.523402
779.690840
779.825077
779.925923
779.993233
780.026913
780.026913
779.993233
779.925923
779.825077
779.690840
779.523402
779.323003
779.089929
778.824511
778.527129
778.509909
778.807052
779.072257
779.305145
779.505383
779.672687
779.806816
779.907581
779.974837
780.008490
780.008490
779.974837
779.907581
779.806816
779.672687
779.505383
779.305145
779.072257
778.807052
778.509909
778.492703
778.789608
779.054600
779.287301
779.487379
779.654548
779.788570
779.889254
779.956456
779.990081
779.990081
779.956456
779.889254
779.788570
779.654548
779.487379
779.287301
779.054600
778.789608
778.492703
778.475511
778.772178
779.036957
779.269472
779.469389
779.636424
779.770338
779.870941
779.938090
779.971688
779.971688
779.938090
779.870941
779.770338
779.636424
779.469389
779.269472
779.036957
778.772178
778.475511
778.458333
778.754762
779.019329
779.251656
779.451413
779.618314
779.752121
779.852644
779.919738
779.953310
779.953310
779.919738
779.852644
779.752121
779.618314
779.451413
779.251656
779.019329
778.754762
778.458333
778.441168
778.737359
779.001714
779.233855
779.433452
779.600219
779.733919
779.834361
779.901402
779.934946
779.934946
779.901402
779.834361
779.733919
779.600219
779.433452
779.233855
779.001714
778.737359
778.441168
778.424018
778.719971
778.984114
779.216069
779.415505
779.582139
779.715731
779.816092
779.883080
779.916597
779.916597
779.883080
779.816092
779.715731
779.582139
779.415505
779.216069
778.984114
778.719971
778.424018
778.406881
778.702597
778.966528
779.198297
779.397573
779.564073
779.697558
779.797839
779.864772
779.898263
779.898263
779.864772
779.797839
779.697558
779.564073
779.397573
779.198297
778.966528
778.702597
778.406881
778.389758
778.685237
778.948956
779.180539
779.379655
779.546021
779.679400
779.779600
779.846480
779.879944
779.879944
779.846480
779.779600
779.679400
779.546021
779.379655
779.180539
778.948956
778.685237
778.389758
778.372649
778.667890
778.931398
779.162795
779.361752
779.527985
779.661256
779.761376
779.828202
779.861639
779.861639
779.828202
779.761376
779.661256
779.527985
779.361752
779.162795
778.931398
778.667890
778.372649
778.355554
778.650558
778.913854
779.145066
779.343863
779.509962
779.643127
779.743167
779.809939
779.843349
779.843349
779.809939
779.743167
779.643127
779.509962
779.343863
779.145066
778.913854
778.650558
778.355554
778.338472
778.633240
778.896325
779.127351
779.325989
779.491955
779.625012
779.724972
779.791691
779.825074
779.825074
779.791691
779.724972
779.625012
779.491955
779.325989
779.127351
778.896325
778.633240
778.338472
778.321404
778.615935
778.878809
779.109650
779.308128
779.473961
779.606912
779.706792
779.773457
779.806814
779.806814
779.773457
779.706792
779.606912
779.473961
779.308128
779.109650
778.878809
778.615935
778.321404
778.304350
778.598645
778.861308
779.091964
779.290283
779.455983
779.588827
779.688626
779.755238
779.788568
779.788568
779.755238
779.688626
779.588827
779.455983
779.290283
779.091964
778.861308
778.598645
778.304350
778.287309
778.581368
778.843821
779.074291
779.272451
779.438018
779.570756
779.670475
779.737034
779.770337
779.770337
779.737034
779.670475
779.570756
779.438018
779.272451
779.074291
778.843821
778.581368
778.287309
778.270283
778.564106
778.826347
779.056633
779.254634
779.420069
779.552700
779.652339
779.718844
779.752121
779.752121
779.718844
779.652339
779.552700
779.420069
779.254634
779.056633
778.826347
778.564106
778.270283
778.253270
778.546857
778.808888
779.038989
779.236832
779.402133
779.534658
779.634218
779.700669
779.733919
779.733919
779.700669
779.634218
779.534658
779.402133
779.236832
779.038989
778.808888
778.546857
778.253270
778.236271
778.529622
778.791443
779.021360
779.219043
779.384212
779.516631
779.616110
779.682509
779.715732
779.715732
779.682509
779.616110
779.516631
779.384212
779.219043
779.021360
778.791443
778.529622
778.236271
778.219285
778.512401
778.774012
779.003744
779.201270
779.366306
779.498618
779.598018
779.664363
779.697560
779.697560
779.664363
779.598018
779.498618
779.366306
779.201270
779.003744
778.774012
778.512401
778.219285
778.202313
778.495194
778.756595
778.986143
779.183510
779.348414
779.480620
779.579940
779.646232
779.679402
779.679402
779.646232
779.579940
779.480620
779.348414
779.183510
778.986143
778.756595
778.495194
778.202313
778.185355
778.478001
778.739192
778.968556
779.165764
779.330536
779.462637
779.561877
779.628116
779.661259
779.661259
779.628116
779.561877
779.462637
779.330536
779.165764
778.968556
778.739192
778.478001
778.185355
778.168410
778.460822
778.721804
778.950983
779.148033
779.312673
779.444667
779.543828
779.610014
779.643130
779.643130
779.610014
779.543828
779.444667
779.312673
779.148033
778.950983
778.721804
778.460822
778.168410
778.151479
778.443656
778.704429
778.933424
779.130317
779.294824
779.426713
779.525794
779.591927
779.625017
779.625017
779.591927
779.525794
779.426713
779.294824
779.130317
778.933424
778.704429
778.443656
778.151479
778.134562
778.426504
778.687068
778.915880
779.112614
779.276990
779.408772
779.507774
779.573854
779.606917
779.606917
779.573854
779.507774
779.408772
779.276990
779.112614
778.915880
778.687068
778.426504
778.134562
778.117658
778.409366
778.669721
778.898349
779.094926
779.259170
779.390847
779.489769
779.555796
779.588833
779.588833
779.555796
779.489769
779.390847
779.259170
779.094926
778.898349
778.669721
778.409366
778.117658
778.100768
778.392242
778.652388
778.880833
779.077252
779.241364
779.372935
779.471778
779.537752
779.570762
779.570762
779.537752
779.471778
779.372935
779.241364
779.077252
778.880833
778.652388
778.392242
778.100768
778.083892
778.375132
778.635069
778.863331
779.059592
779.223572
779.355038
779.453802
779.519723
779.552707
779.552707
779.519723
779.453802
779.355038
779.223572
779.059592
778.863331
778.635069
778.375132
778.083892
778.067029
778.358035
778.617764
778.845843
779.041946
779.205795
779.337156
779.435840
779.501708
779.534666
779.534666
779.501708
779.435840
779.337156
779.205795
779.041946
778.845843
778.617764
778.358035
778.067029
778.050179
778.340953
778.600473
778.828368
779.024315
779.188033
779.319288
779.417893
779.483708
779.516639
779.516639
779.483708
779.417893
779.319288
779.188033
779.024315
778.828368
778.600473
778.340953
778.050179
778.033343
778.323884
778.583195
778.810908
779.006698
779.170284
779.301434
779.399960
779.465723
779.498627
779.498627
779.465723
779.399960
779.301434
779.170284
779.006698
778.810908
778.583195
778.323884
778.033343
778.016521
778.306828
778.565932
778.793462
778.989095
779.152550
779.283595
779.382042
779.447752
779.480630
779.480630
779.447752
779.382042
779.283595
779.152550
778.989095
778.793462
778.565932
778.306828
778.016521
777.999713
778.289787
778.548683
778.776031
778.971506
779.134830
779.265770
779.364138
779.429795
779.462647
779.462647
779.429795
779.364138
779.265770
779.134830
778.971506
778.776031
778.548683
778.289787
777.999713
777.982917
778.272759
778.531447
778.758613
778.953931
779.117124
779.247959
779.346248
779.411853
779.444678
779.444678
779.411853
779.346248
779.247959
779.117124
778.953931
778.758613
778.531447
778.272759
777.982917
777.966136
778.255745
778.514225
778.741209
778.936371
779.099433
779.230163
779.328373
779.393925
779.426724
779.426724
779.393925
779.328373
779.230163
779.099433
778.936371
778.741209
778.514225
778.255745
777.966136
777.949368
778.238744
778.497018
778.723819
778.918824
779.081756
779.212381
779.310513
779.376012
779.408785
779.408785
779.376012
779.310513
779.212381
779.081756
778.918824
778.723819
778.497018
778.238744
777.949368
777.932613
778.221757
778.479824
778.706443
778.901292
779.064093
779.194613
779.292666
779.358113
779.390860
779.390860
779.358113
779.292666
779.194613
779.064093
778.901292
778.706443
778.479824
778.221757
777.932613
777.915872
778.204784
778.462644
778.689081
778.883774
779.046444
779.176860
779.274834
779.340228
779.372949
779.372949
779.340228
779.274834
779.176860
779.046444
778.883774
778.689081
778.462644
778.204784
777.915872
777.899144
778.187825
778.445477
778.671733
778.866270
779.028810
779.159121
779.257017
779.322358
779.355053
779.355053
779.322358
779.257017
779.159121
779.028810
778.866270
778.671733
778.445477
778.187825
777.899144
777.882430
778.170879
778.428325
778.654399
778.848780
779.011190
779.141396
779.239213
779.304503
779.337171
779.337171
779.304503
779.239213
779.141396
779.011190
778.848780
778.654399
778.428325
778.170879
777.882430
777.865729
778.153947
778.411186
778.637080
778.831304
778.993583
779.123685
779.221424
779.286661
779.319303
779.319303
779.286661
779.221424
779.123685
778.993583
778.831304
778.637080
778.411186
778.153947
777.865729
777.849042
778.137028
778.394061
778.619774
778.813843
778.975992
779.105989
779.203650
779.268835
779.301450
779.301450
779.268835
779.203650
779.105989
778.975992
778.813843
778.619774
778.394061
778.137028
777.849042
777.832368
778.120124
778.376950
778.602481
778.796395
778.958414
779.088307
779.185890
779.251022
779.283611
779.283611
779.251022
779.185890
779.088307
778.958414
778.796395
778.602481
778.376950
778.120124
777.832368
777.815707
778.103232
778.359853
778.585203
778.778961
778.940850
779.070639
779.168144
779.233224
779.265787
779.265787
779.233224
779.168144
779.070639
778.940850
778.778961
778.585203
778.359853
778.103232
777.815707
777.799060
778.086355
778.342770
778.567939
778.761542
778.923301
779.052986
779.150412
779.215440
779.247977
779.247977
779.215440
779.150412
779.052986
778.923301
778.761542
778.567939
778.342770
778.086355
777.799060
777.782427
778.069490
778.325700
778.550689
778.744136
778.905765
779.035347
779.132694
779.197670
779.230181
779.230181
779.197670
779.132694
779.035347
778.905765
778.744136
778.550689
778.325700
778.069490
777.782427
777.765806
778.052640
778.308644
778.533452
778.726744
778.888244
779.017721
779.114991
779.179915
779.212400
779.212400
779.179915
779.114991
779.017721
778.888244
778.726744
778.533452
778.308644
778.052640
777.765806
777.749200
778.035803
778.291601
778.516230
778.709367
778.870737
779.000111
779.097302
779.162174
779.194633
779.194633
779.162174
779.097302
779.000111
778.870737
778.709367
778.516230
778.291601
778.035803
777.749200
777.732606
778.018980
778.274573
778.499021
778.692003
778.853244
778.982514
779.079628
779.144447
779.176880
779.176880
779.144447
779.079628
778.982514
778.853244
778.692003
778.499021
778.274573
778.018980
777.732606
777.716026
778.002170
778.257558
778.481826
778.674653
778.835765
778.964931
779.061967
779.126735
779.159142
779.159142
779.126735
779.061967
778.964931
778.835765
778.674653
778.481826
778.257558
778.002170
777.716026
777.699459
777.985373
778.240557
778.464645
778.657318
778.818300
778.947363
779.044321
779.109037
779.141418
779.141418
779.109037
779.044321
778.947363
778.818300
778.657318
778.464645
778.240557
777.985373
777.699459
777.682906
777.968590
778.223569
778.447478
778.639996
778.800850
778.929809
779.026689
779.091353
779.123708
779.123708
779.091353
779.026689
778.929809
778.800850
778.639996
778.447478
778.223569
777.968590
777.682906
777.666365
777.951821
778.206596
778.430324
778.622688
778.783413
778.912268
779.009071
779.073683
779.106012
779.106012
779.073683
779.009071
778.912268
778.783413
778.622688
778.430324
778.206596
777.951821
777.666365
777.649839
777.935065
778.189635
778.413185
778.605395
778.765990
778.894742
778.991468
779.056028
779.088331
779.088331
779.056028
778.991468
778.894742
778.765990
778.605395
778.413185
778.189635
777.935065
777.649839
777.633325
777.918323
778.172689
778.396059
778.588115
778.748581
778.877230
778.973878
779.038387
779.070664
779.070664
779.038387
778.973878
778.877230
778.748581
778.588115
778.396059
778.172689
777.918323
777.633325
777.616825
777.901594
778.155756
778.378947
778.570849
778.731187
778.859733
778.956303
779.020760
779.053011
779.053011
779.020760
778.956303
778.859733
778.731187
778.570849
778.378947
778.155756
777.901594
777.616825
777.600338
777.884879
778.138837
778.361849
778.553597
778.713806
778.842249
778.938742
779.003147
779.035372
779.035372
779.003147
778.938742
778.842249
778.713806
778.553597
778.361849
778.138837
777.884879
777.600338
777.583864
777.868177
778.121931
778.344764
778.536358
778.696439
778.824779
778.921195
778.985548
779.017748
779.017748
778.985548
778.921195
778.824779
778.696439
778.536358
778.344764
778.121931
777.868177
777.583864
777.567403
777.851488
778.105039
778.327694
778.519134
778.679087
778.807324
778.903662
778.967964
779.000137
779.000137
778.967964
778.903662
778.807324
778.679087
778.519134
778.327694
778.105039
777.851488
777.567403
777.550956
777.834813
778.088161
778.310637
778.501924
778.661748
778.789882
778.886143
778.950393
778.982541
778.982541
778.950393
778.886143
778.789882
778.661748
778.501924
778.310637
778.088161
777.834813
777.550956
777.534522
777.818152
778.071296
778.293593
778.484727
778.644423
778.772455
778.868638
778.932837
778.964959
778.964959
778.932837
778.868638
778.772455
778.644423
778.484727
778.293593
778.071296
777.818152
777.534522
777.518101
777.801503
778.054445
778.276564
778.467544
778.627112
778.755041
778.851148
778.915295
778.947392
778.947392
778.915295
778.851148
778.755041
778.627112
778.467544
778.276564
778.054445
777.801503
777.518101
777.501694
777.784868
778.037607
778.259548
778.450375
778.609816
778.737642
778.833671
778.897767
778.929838
778.929838
778.897767
778.833671
778.737642
778.609816
778.450375
778.259548
778.037607
777.784868
777.501694
777.485300
777.768247
778.020783
778.242546
778.433220
778.592533
778.720256
778.816209
778.880253
778.912298
778.912298
778.880253
778.816209
778.720256
778.592533
778.433220
778.242546
778.020783
777.768247
777.485300
777.468918
777.751639
778.003972
778.225558
778.416079
778.575264
778.702885
778.798760
778.862754
778.894773
778.894773
778.862754
778.798760
778.702885
778.575264
778.416079
778.225558
778.003972
777.751639
777.468918
777.452550
777.735044
777.987175
778.208583
778.398951
778.558008
778.685527
778.781326
778.845268
778.877262
778.877262
778.845268
778.781326
778.685527
778.558008
778.398951
778.208583
777.987175
777.735044
777.452550
777.436196
777.718463
777.970392
778.191622
778.381838
778.540767
778.668184
778.763906
778.827796
778.859764
778.859764
778.827796
778.763906
778.668184
778.540767
778.381838
778.191622
777.970392
777.718463
777.436196
777.419854
777.701895
777.953622
778.174674
778.364738
778.523540
778.650854
778.746499
778.810339
778.842281
778.842281
778.810339
778.746499
778.650854
778.523540
778.364738
778.174674
777.953622
777.701895
777.419854
777.403526
777.685340
777.936865
778.157741
778.347651
778.506326
778.633539
778.729107
778.792895
778.824812
778.824812
778.792895
778.729107
778.633539
778.506326
778.347651
778.157741
777.936865
777.685340
777.403526
777.387210
777.668799
777.920122
778.140820
778.330579
778.489127
778.616237
778.711729
778.775466
778.807357
778.807357
778.775466
778.711729
778.616237
778.489127
778.330579
778.140820
777.920122
777.668799
777.387210
777.370908
777.652271
777.903392
778.123914
778.313520
778.471941
778.598949
778.694365
778.758051
778.789916
778.789916
778.758051
778.694365
778.598949
778.471941
778.313520
778.123914
777.903392
777.652271
777.370908
777.354619
777.635756
777.886676
778.107021
778.296475
778.454769
778.581676
778.677014
778.740649
778.772489
778.772489
778.740649
778.677014
778.581676
778.454769
778.296475
778.107021
777.886676
777.635756
777.354619
777.338343
777.619255
777.869974
778.090142
778.279444
778.437611
778.564416
778.659678
778.723262
778.755077
778.755077
778.723262
778.659678
778.564416
778.437611
778.279444
778.090142
777.869974
777.619255
777.338343
777.322080
777.602766
777.853284
778.073276
778.262426
778.420466
778.547170
778.642356
778.705889
778.737678
778.737678
778.705889
778.642356
778.547170
778.420466
778.262426
778.073276
777.853284
777.602766
777.322080
777.305830
777.586291
777.836609
778.056424
778.245423
778.403336
778.529937
778.625047
778.688529
778.720293
778.720293
778.688529
778.625047
778.529937
778.403336
778.245423
778.056424
777.836609
777.586291
777.305830
777.289593
777.569830
777.819946
778.039585
778.228432
778.386219
778.512719
778.607753
778.671184
778.702922
778.702922
778.671184
778.607753
778.512719
778.386219
778.228432
778.039585
777.819946
777.569830
777.289593
777.273370
777.553381
777.803297
778.022760
778.211456
778.369116
778.495515
778.590472
778.653852
778.685565
778.685565
778.653852
778.590472
778.495515
778.369116
778.211456
778.022760
777.803297
777.553381
777.273370
777.257159
777.536946
777.786662
778.005948
778.194493
778.352027
778.478324
778.573205
778.636535
778.668222
778.668222
778.636535
778.573205
778.478324
778.352027
778.194493
778.005948
777.786662
777.536946
777.257159
777.240961
777.520524
777.770039
777.989150
778.177544
778.334951
778.461148
778.555953
778.619231
778.650893
778.650893
778.619231
778.555953
778.461148
778.334951
778.177544
777.989150
777.770039
777.520524
777.240961
777.224777
777.504116
777.753431
777.972366
778.160608
778.317890
778.443985
778.538714
778.601942
778.633578
778.633578
778.601942
778.538714
778.443985
778.317890
778.160608
777.972366
777.753431
777.504116
777.224777
777.208605
777.487720
777.736835
777.955595
778.143686
778.300842
778.426836
778.521489
778.584666
778.616277
778.616277
778.584666
778.521489
778.426836
778.300842
778.143686
777.955595
777.736835
777.487720
777.208605
777.192447
777.471338
777.720253
777.938837
778.126778
778.283807
778.409700
778.504278
778.567404
778.598990
778.598990
778.567404
778.504278
778.409700
778.283807
778.126778
777.938837
777.720253
777.471338
777.192447
777.176301
777.454968
777.703684
777.922093
778.109884
778.266787
778.392579
778.487080
778.550156
778.581717
778.581717
778.550156
778.487080
778.392579
778.266787
778.109884
777.922093
777.703684
777.454968
777.176301
777.160169
777.438612
777.687129
777.905363
778.093002
778.249780
778.375471
778.469897
778.532922
778.564458
778.564458
778.532922
778.469897
778.375471
778.249780
778.093002
777.905363
777.687129
777.438612
777.160169
777.144049
777.422270
777.670587
777.888646
778.076135
778.232787
778.358377
778.452727
778.515702
778.547212
778.547212
778.515702
778.452727
778.358377
778.232787
778.076135
777.888646
777.670587
777.422270
777.144049
777.127943
777.405940
777.654058
777.871942
778.059281
778.215807
778.341297
778.435571
778.498496
778.529981
778.529981
778.498496
778.435571
778.341297
778.215807
778.059281
777.871942
777.654058
777.405940
777.127943
777.111849
777.389623
777.637542
777.855252
778.042441
778.198841
778.324231
778.418429
778.481303
778.512763
778.512763
778.481303
778.418429
778.324231
778.198841
778.042441
777.855252
777.637542
777.389623
777.111849
777.095768
777.373320
777.621040
777.838575
778.025614
778.181889
778.307178
778.401301
778.464125
778.495559
778.495559
778.464125
778.401301
778.307178
778.181889
778.025614
777.838575
777.621040
777.373320
777.095768
777.079701
777.357030
777.604551
777.821912
778.008801
778.164951
778.290139
778.384187
778.446960
778.478369
778.478369
778.446960
778.384187
778.290139
778.164951
778.008801
777.821912
777.604551
777.357030
777.079701
777.063646
777.340753
777.588076
777.805262
777.992001
778.148026
778.273114
778.367086
778.429809
778.461193
778.461193
778.429809
778.367086
778.273114
778.148026
777.992001
777.805262
777.588076
777.340753
777.063646
777.047604
777.324488
777.571613
777.788625
777.975215
778.131114
778.256102
778.349999
778.412672
778.444031
778.444031
778.412672
778.349999
778.256102
778.131114
777.975215
777.788625
777.571613
777.324488
777.047604
777.031575
777.308237
777.555164
777.772002
777.958442
778.114217
778.239104
778.332926
778.395549
778.426882
778.426882
778.395549
778.332926
778.239104
778.114217
777.958442
777.772002
777.555164
777.308237
777.031575
777.015559
777.291999
777.538728
777.755393
777.941683
778.097333
778.222120
778.315867
778.378439
778.409747
778.409747
778.378439
778.315867
778.222120
778.097333
777.941683
777.755393
777.538728
777.291999
777.015559
776.999556
777.275775
777.522306
777.738796
777.924937
778.080462
778.205149
778.298821
778.361343
778.392626
778.392626
778.361343
778.298821
778.205149
778.080462
777.924937
777.738796
777.522306
777.275775
776.999556
776.983565
777.259563
777.505896
777.722213
777.908205
778.063605
778.188193
778.281789
778.344261
778.375519
778.375519
778.344261
778.281789
778.188193
778.063605
777.908205
777.722213
777.505896
777.259563
776.983565
776.967588
777.243364
777.489500
777.705643
777.891486
778.046762
778.171249
778.264771
778.327193
778.358426
778.358426
778.327193
778.264771
778.171249
778.046762
777.891486
777.705643
777.489500
777.243364
776.967588
776.951623
777.227178
777.473117
777.689087
777.874781
778.029932
778.154320
778.247766
778.310138
778.341346
778.341346
778.310138
778.247766
778.154320
778.029932
777.874781
777.689087
777.473117
777.227178
776.951623
776.935671
777.211006
777.456747
777.672544
777.858089
778.013116
778.137404
778.230775
778.293097
778.324280
778.324280
778.293097
778.230775
778.137404
778.013116
777.858089
777.672544
777.456747
777.211006
776.935671
776.919732
777.194846
777.440390
777.656014
777.841410
777.996313
778.120501
778.213798
778.276070
778.307228
778.307228
778.276070
778.213798
778.120501
777.996313
777.841410
777.656014
777.440390
777.194846
776.919732
776.903806
777.178699
777.424047
777.639498
777.824745
777.979524
778.103613
778.196835
778.259057
778.290190
778.290190
778.259057
778.196835
778.103613
777.979524
777.824745
777.639498
777.424047
777.178699
776.903806
776.887893
777.162565
777.407716
777.622995
777.808093
777.962748
778.086737
778.179885
778.242057
778.273165
778.273165
778.242057
778.179885
778.086737
777.962748
777.808093
777.622995
777.407716
777.162565
776.887893
776.871992
777.146445
777.391399
777.606505
777.791455
777.945986
778.069876
778.162949
778.225071
778.256154
778.256154
778.225071
778.162949
778.069876
777.945986
777.791455
777.606505
777.391399
777.146445
776.871992
776.856105
777.130337
777.375095
777.590028
777.774830
777.929237
778.053028
778.146026
778.208098
778.239157
778.239157
778.208098
778.146026
778.053028
777.929237
777.774830
777.590028
777.375095
777.130337
776.856105
776.840230
777.114242
777.358804
777.573565
777.758219
777.912502
778.036193
778.129117
778.191140
778.222173
778.222173
778.191140
778.129117
778.036193
777.912502
777.758219
777.573565
777.358804
777.114242
776.840230
776.824368
777.098160
777.342526
777.557115
777.741621
777.895780
778.019372
778.112222
778.174195
778.205203
778.205203
778.174195
778.112222
778.019372
777.895780
777.741621
777.557115
777.342526
777.098160
776.824368
776.808518
777.082091
777.326261
777.540678
777.725036
777.879072
778.002565
778.095340
778.157263
778.188247
778.188247
778.157263
778.095340
778.002565
777.879072
777.725036
777.540678
777.326261
777.082091
776.808518
776.792682
777.066035
777.310009
777.524254
777.708465
777.862377
777.985771
778.078471
778.140345
778.171304
778.171304
778.140345
778.078471
777.985771
777.862377
777.708465
777.524254
777.310009
777.066035
776.792682
776.776858
777.049992
777.293770
777.507844
777.691907
777.845695
777.968991
778.061617
778.123441
778.154375
778.154375
778.123441
778.061617
777.968991
777.845695
777.691907
777.507844
777.293770
777.049992
776.776858
776.761046
777.033962
777.277545
777.491447
777.675362
777.829027
777.952224
778.044776
778.106550
778.137460
778.137460
778.106550
778.044776
777.952224
777.829027
777.675362
777.491447
777.277545
777.033962
776.761046
776.745248
777.017945
777.261332
777.475063
777.658830
777.812373
777.935471
778.027948
778.089673
778.120558
778.120558
778.089673
778.027948
777.935471
777.812373
777.658830
777.475063
777.261332
777.017945
776.745248
776.729462
777.001940
777.245133
777.458692
777.642312
777.795732
777.918731
778.011134
778.072810
778.103670
778.103670
778.072810
778.011134
777.918731
777.795732
777.642312
777.458692
777.245133
777.001940
776.729462
776.713689
776.985949
777.228946
777.442334
777.625807
777.779104
777.902004
777.994334
778.055960
778.086795
778.086795
778.055960
777.994334
777.902004
777.779104
777.625807
777.442334
777.228946
776.985949
776.713689
776.697929
776.969970
777.212773
777.425990
777.609316
777.762489
777.885291
777.977547
778.039124
778.069934
778.069934
778.039124
777.977547
777.885291
777.762489
777.609316
777.425990
777.212773
776.969970
776.697929
776.682181
776.954004
777.196612
777.409658
777.592837
777.745888
777.868592
777.960773
778.022301
778.053087
778.053087
778.022301
777.960773
777.868592
777.745888
777.592837
777.409658
777.196612
776.954004
776.682181
776.666446
776.938051
777.180465
777.393340
777.576372
777.729300
777.851906
777.944013
778.005492
778.036253
778.036253
778.005492
777.944013
777.851906
777.729300
777.576372
777.393340
777.180465
776.938051
776.666446
776.650723
776.922111
777.164330
777.377035
777.559921
777.712726
777.835233
777.927267
777.988696
778.019432
778.019432
777.988696
777.927267
777.835233
777.712726
777.559921
777.377035
777.164330
776.922111
776.650723
776.635014
776.906184
777.148209
777.360743
777.543482
777.696165
777.818574
777.910534
777.971914
778.002625
778.002625
777.971914
777.910534
777.818574
777.696165
777.543482
777.360743
777.148209
776.906184
776.635014
776.619317
776.890269
777.132100
777.344464
777.527057
777.679617
777.801928
777.893814
777.955145
777.985832
777.985832
777.955145
777.893814
777.801928
777.679617
777.527057
777.344464
777.132100
776.890269
776.619317
776.603632
776.874368
777.116005
777.328198
777.510644
777.663083
777.785296
777.877108
777.938390
777.969052
777.969052
777.938390
777.877108
777.785296
777.663083
777.510644
777.328198
777.116005
776.874368
776.603632
776.587960
776.858479
777.099922
777.311945
777.494245
777.646562
777.768677
777.860416
777.921648
777.952286
777.952286
777.921648
777.860416
777.768677
777.646562
777.494245
777.311945
777.099922
776.858479
776.587960
776.572301
776.842602
777.083852
777.295706
777.477860
777.630054
777.752071
777.843737
777.904920
777.935533
777.935533
777.904920
777.843737
777.752071
777.630054
777.477860
777.295706
777.083852
776.842602
776.572301
776.556654
776.826739
777.067796
777.279479
777.461487
777.613559
777.735479
777.827071
777.888205
777.918794
777.918794
777.888205
777.827071
777.735479
777.613559
777.461487
777.279479
777.067796
776.826739
776.556654
776.541020
776.810888
777.051752
777.263266
777.445128
777.597078
777.718900
777.810418
777.871504
777.902068
777.902068
777.871504
777.810418
777.718900
777.597078
777.445128
777.263266
777.051752
776.810888
776.541020
776.525399
776.795051
777.035721
777.247065
777.428782
777.580610
777.702334
777.793779
777.854816
777.885356
777.885356
777.854816
777.793779
777.702334
777.580610
777.428782
777.247065
777.035721
776.795051
776.525399
776.509790
776.779225
777.019703
777.230878
777.412448
777.564155
777.685782
777.777154
777.838141
777.868657
777.868657
777.838141
777.777154
777.685782
777.564155
777.412448
777.230878
777.019703
776.779225
776.509790
776.494193
776.763413
777.003698
777.214703
777.396129
777.547714
777.669243
777.760542
777.821480
777.851971
777.851971
777.821480
777.760542
777.669243
777.547714
777.396129
777.214703
777.003698
776.763413
776.494193
776.478609
776.747613
776.987705
777.198542
777.379822
777.531286
777.652717
777.743943
777.804832
777.835299
777.835299
777.804832
777.743943
777.652717
777.531286
777.379822
777.198542
776.987705
776.747613
776.478609
776.463038
776.731826
776.971726
777.182394
777.363528
777.514870
777.636205
777.727357
777.788198
777.818640
777.818640
777.788198
777.727357
777.636205
777.514870
777.363528
777.182394
776.971726
776.731826
776.463038
776.447479
776.716052
776.955759
777.166258
777.347247
777.498469
777.619706
777.710785
777.771577
777.801995
777.801995
777.771577
777.710785
777.619706
777.498469
777.347247
777.166258
776.955759
776.716052
776.447479
776.431933
776.700291
776.939806
777.150136
777.330980
777.482080
777.603220
777.694226
777.754970
777.785363
777.785363
777.754970
777.694226
777.603220
777.482080
777.330980
777.150136
776.939806
776.700291
776.431933
776.416399
776.684542
776.923865
777.134026
777.314725
777.465704
777.586747
777.677681
777.738375
777.768744
777.768744
777.738375
777.677681
777.586747
777.465704
777.314725
777.134026
776.923865
776.684542
776.416399
776.400878
776.668805
776.907937
777.117930
777.298484
777.449342
777.570288
777.661149
777.721795
777.752139
777.752139
777.721795
777.661149
777.570288
777.449342
777.298484
777.117930
776.907937
776.668805
776.400878
776.385369
776.653082
776.892021
777.101846
777.282256
777.432993
777.553842
777.644630
777.705227
777.735547
777.735547
777.705227
777.644630
777.553842
777.432993
777.282256
777.101846
776.892021
776.653082
776.385369
776.369873
776.637371
776.876119
777.085775
777.266041
777.416657
777.537409
777.628124
777.688673
777.718969
777.718969
777.688673
777.628124
777.537409
777.416657
777.266041
777.085775
776.876119
776.637371
776.369873
776.354389
776.621672
776.860229
777.069718
777.249838
777.400334
777.520989
777.611632
777.672132
777.702404
777.702404
777.672132
777.611632
777.520989
777.400334
777.249838
777.069718
776.860229
776.621672
776.354389
776.338917
776.605987
776.844352
777.053673
777.233649
777.384024
777.504583
777.595153
777.655604
777.685852
777.685852
777.655604
777.595153
777.504583
777.384024
777.233649
777.053673
776.844352
776.605987
776.338917
776.323458
776.590314
776.828488
777.037641
777.217473
777.367728
777.488189
777.578687
777.639090
777.669314
777.669314
777.639090
777.578687
777.488189
777.367728
777.217473
777.037641
776.828488
776.590314
776.323458
776.308012
776.574653
776.812637
777.021622
777.201310
777.351444
777.471809
777.562234
777.622589
777.652788
777.652788
777.622589
777.562234
777.471809
777.351444
777.201310
777.021622
776.812637
776.574653
776.308012
776.292578
776.559005
776.796798
777.005616
777.185160
777.335174
777.455443
777.545795
777.606102
777.636276
777.636276
777.606102
777.545795
777.455443
777.335174
777.185160
777.005616
776.796798
776.559005
776.292578
776.277156
776.543370
776.780972
776.989623
777.169023
777.318916
777.439089
777.529369
777.589627
777.619778
777.619778
777.589627
777.529369
777.439089
777.318916
777.169023
776.989623
776.780972
776.543370
776.277156
776.261747
776.527747
776.765159
776.973642
777.152899
777.302672
777.422748
777.512956
777.573166
777.603293
777.603293
777.573166
777.512956
777.422748
777.302672
777.152899
776.973642
776.765159
776.527747
776.261747
776.246350
776.512137
776.749359
776.957675
777.136787
777.286441
777.406421
777.496556
777.556718
777.586820
777.586820
777.556718
777.496556
777.406421
777.286441
777.136787
776.957675
776.749359
776.512137
776.246350
776.230965
776.496540
776.733571
776.941720
777.120689
777.270223
777.390107
777.480170
777.540283
777.570362
777.570362
777.540283
777.480170
777.390107
777.270223
777.120689
776.941720
776.733571
776.496540
776.230965
776.215593
776.480954
776.717796
776.925778
777.104604
777.254018
777.373805
777.463796
777.523862
777.553916
777.553916
777.523862
777.463796
777.373805
777.254018
777.104604
776.925778
776.717796
776.480954
776.215593
776.200233
776.465382
776.702034
776.909849
777.088532
777.237826
777.357517
777.447436
777.507454
777.537484
777.537484
777.507454
777.447436
777.357517
777.237826
777.088532
776.909849
776.702034
776.465382
776.200233
776.184885
776.449822
776.686284
776.893933
777.072472
777.221646
777.341242
777.431089
777.491058
777.521065
777.521065
777.491058
777.431089
777.341242
777.221646
777.072472
776.893933
776.686284
776.449822
776.184885
776.169550
776.434274
776.670547
776.878030
777.056426
777.205480
777.324981
777.414755
777.474677
777.504659
777.504659
777.474677
777.414755
777.324981
777.205480
777.056426
776.878030
776.670547
776.434274
776.169550
776.154227
776.418739
776.654822
776.862139
777.040392
777.189327
777.308732
777.398435
777.458308
777.488266
777.488266
777.458308
777.398435
777.308732
777.189327
777.040392
776.862139
776.654822
776.418739
776.154227
776.138917
776.403217
776.639111
776.846261
777.024371
777.173187
777.292496
777.382127
777.441952
777.471886
777.471886
777.441952
777.382127
777.292496
777.173187
777.024371
776.846261
776.639111
776.403217
776.138917
776.123619
776.387707
776.623412
776.830396
777.008364
777.157060
777.276273
777.365833
777.425610
777.455520
777.455520
777.425610
777.365833
777.276273
777.157060
777.008364
776.830396
776.623412
776.387707
776.123619
776.108333
776.372209
776.607725
776.814544
776.992369
777.140946
777.260064
777.349551
777.409281
777.439167
777.439167
777.409281
777.349551
777.260064
777.140946
776.992369
776.814544
776.607725
776.372209
776.108333
776.093059
776.356724
776.592051
776.798704
776.976387
777.124845
777.243867
777.333283
777.392964
777.422827
777.422827
777.392964
777.333283
777.243867
777.124845
776.976387
776.798704
776.592051
776.356724
776.093059
776.077798
776.341252
776.576390
776.782877
776.960417
777.108757
777.227684
777.317028
777.376661
777.406500
777.406500
777.376661
777.317028
777.227684
777.108757
776.960417
776.782877
776.576390
776.341252
776.077798
776.062549
776.325791
776.560741
776.767063
776.944461
777.092682
777.211513
777.300786
777.360372
777.390186
777.390186
777.360372
777.300786
777.211513
777.092682
776.944461
776.767063
776.560741
776.325791
776.062549
776.047312
776.310344
776.545105
776.751262
776.928517
777.076619
777.195356
777.284557
777.344095
777.373885
777.373885
777.344095
777.284557
777.195356
777.076619
776.928517
776.751262
776.545105
776.310344
776.047312
776.032088
776.294908
776.529482
776.735473
776.912587
777.060570
777.179211
777.268341
777.327831
777.357598
777.357598
777.327831
777.268341
777.179211
777.060570
776.912587
776.735473
776.529482
776.294908
776.032088
776.016875
776.279485
776.513871
776.719697
776.896669
777.044533
777.163080
777.252138
777.311580
777.341323
777.341323
777.311580
777.252138
777.163080
777.044533
776.896669
776.719697
776.513871
776.279485
776.016875
776.001675
776.264075
776.498273
776.703934
776.880764
777.028510
777.146961
777.235948
777.295343
777.325062
777.325062
777.295343
777.235948
777.146961
777.028510
776.880764
776.703934
776.498273
776.264075
776.001675
775.986487
776.248677
776.482687
776.688183
776.864871
777.012499
777.130855
777.219771
777.279118
777.308813
777.308813
777.279118
777.219771
777.130855
777.012499
776.864871
776.688183
776.482687
776.248677
775.986487
775.971312
776.233291
776.467113
776.672445
776.848992
776.996501
777.114763
777.203607
777.262907
777.292578
777.292578
777.262907
777.203607
777.114763
776.996501
776.848992
776.672445
776.467113
776.233291
775.971312
775.956148
776.217917
776.451553
776.656720
776.833125
776.980516
777.098683
777.187456
777.246709
777.276356
777.276356
777.246709
777.187456
777.098683
776.980516
776.833125
776.656720
776.451553
776.217917
775.956148
775.940997
776.202556
776.436004
776.641007
776.817271
776.964544
777.082616
777.171318
777.230523
777.260147
777.260147
777.230523
777.171318
777.082616
776.964544
776.817271
776.641007
776.436004
776.202556
775.940997
775.925858
776.187208
776.420469
776.625307
776.801430
776.948585
777.066562
777.155193
777.214351
777.243951
777.243951
777.214351
777.155193
777.066562
776.948585
776.801430
776.625307
776.420469
776.187208
775.925858
775.910731
776.171871
776.404945
776.609620
776.785601
776.932639
777.050521
777.139081
777.198192
777.227768
777.227768
777.198192
777.139081
777.050521
776.932639
776.785601
776.609620
776.404945
776.171871
775.910731
775.895616
776.156547
776.389435
776.593945
776.769785
776.916705
777.034493
777.122982
777.182045
777.211598
777.211598
777.182045
777.122982
777.034493
776.916705
776.769785
776.593945
776.389435
776.156547
775.895616
775.880514
776.141236
776.373936
776.578283
776.753982
776.900784
777.018478
777.106896
777.165912
777.195441
777.195441
777.165912
777.106896
777.018478
776.900784
776.753982
776.578283
776.373936
776.141236
775.880514
775.865423
776.125936
776.358450
776.562633
776.738192
776.884876
777.002476
777.090823
777.149791
777.179297
777.179297
777.149791
777.090823
777.002476
776.884876
776.738192
776.562633
776.358450
776.125936
775.865423
775.850345
776.110649
776.342977
776.546996
776.722414
776.868981
776.986486
777.074763
777.133684
777.163166
777.163166
777.133684
777.074763
776.986486
776.868981
776.722414
776.546996
776.342977
776.110649
775.850345
775.835279
776.095374
776.327516
776.531372
776.706649
776.853098
776.970510
777.058716
777.117589
777.147047
777.147047
777.117589
777.058716
776.970510
776.853098
776.706649
776.531372
776.327516
776.095374
775.835279
775.820225
776.080112
776.312067
776.515760
776.690897
776.837229
776.954546
777.042681
777.101508
777.130942
777.130942
777.101508
777.042681
776.954546
776.837229
776.690897
776.515760
776.312067
776.080112
775.820225
775.805183
776.064862
776.296631
776.500160
776.675157
776.821372
776.938595
777.026660
777.085439
777.114850
777.114850
777.085439
777.026660
776.938595
776.821372
776.675157
776.500160
776.296631
776.064862
775.805183
775.790153
776.049624
776.281208
776.484573
776.659430
776.805528
776.922657
777.010651
777.069384
777.098771
777.098771
777.069384
777.010651
776.922657
776.805528
776.659430
776.484573
776.281208
776.049624
775.790153
775.775135
776.034398
776.265796
776.468999
776.643716
776.789696
776.906732
776.994655
777.053341
777.082705
777.082705
777.053341
776.994655
776.906732
776.789696
776.643716
776.468999
776.265796
776.034398
775.775135
775.760129
776.019184
776.250397
776.453437
776.628014
776.773878
776.890820
776.978672
777.037311
777.066651
777.066651
777.037311
776.978672
776.890820
776.773878
776.628014
776.453437
776.250397
776.019184
775.760129
775.745136
776.003983
776.235011
776.437888
776.612325
776.758072
776.874920
776.962702
777.021294
777.050611
777.050611
777.021294
776.962702
776.874920
776.758072
776.612325
776.437888
776.235011
776.003983
775.745136
775.730154
775.988794
776.219637
776.422352
776.596649
776.742278
776.859033
776.946745
777.005290
777.034583
777.034583
777.005290
776.946745
776.859033
776.742278
776.596649
776.422352
776.219637
775.988794
775.730154
775.715184
775.973617
776.204275
776.406827
776.580985
776.726498
776.843159
776.930801
776.989299
777.018568
777.018568
776.989299
776.930801
776.843159
776.726498
776.580985
776.406827
776.204275
775.973617
775.715184
775.700227
775.958452
776.188925
776.391316
776.565333
776.710730
776.827298
776.914869
776.973320
777.002566
777.002566
776.973320
776.914869
776.827298
776.710730
776.565333
776.391316
776.188925
775.958452
775.700227
775.685281
775.943300
776.173588
776.375816
776.549695
776.694975
776.811449
776.898951
776.957355
776.986578
776.986578
776.957355
776.898951
776.811449
776.694975
776.549695
776.375816
776.173588
775.943300
775.685281
775.670348
775.928160
776.158263
776.360329
776.534069
776.679232
776.795613
776.883045
776.941402
776.970601
776.970601
776.941402
776.883045
776.795613
776.679232
776.534069
776.360329
776.158263
775.928160
775.670348
775.655426
775.913032
776.142951
776.344855
776.518455
776.663503
776.779790
776.867152
776.925462
776.954638
776.954638
776.925462
776.867152
776.779790
776.663503
776.518455
776.344855
776.142951
775.913032
775.655426
