873.000000
873.000000
873.000000
873.000000
873.000000
873.000000
873.000000
873.000000
873.000000
873.000000
873.000000
873.000000
873.000000
873.000000
873.000000
873.000000
873.000000
873.000000
873.000000
873.000000
873.000000
873.000000
873.000000
873.000000
873.000000
873.000000
873.000000
873.000000
873.000000
873.000000
873.000000
873.000000
873.000000
873.000000
873.000000
873.000000
873.000000
873.000000
873.000000
873.000000
873.000000
873.000000
873.000000
873.000000
873.000000
873.000000
873.000000
873.000000
873.000000
873.000000
873.000000
873.000000
873.000000
873.000000
873.000000
873.000000
873.000000
873.000000
873.000000
873.000000
873.000000
873.000000
873.000000
873.000000
873.000000
873.000000
873.000000
873.000000
873.000000
873.000000
873.000000
873.000000
873.000000
873.000000
873.000000
873.000000
873.000000
873.000000
873.000000
873.000000
873.000000
873.000000
873.000000
873.000000
873.000000
873.000000
873.000000
873.000000
873.000000
873.000000
873.000000
873.000000
873.000000
873.000000
873.000000
873.000000
873.000000
873.000000
873.000000
873.000000
873.000000
873.000000
873.000000
873.000000
873.000000
873.000000
873.000000
873.000000
873.000000
873.000000
873.000000
873.000000
873.000000
873.000000
873.000000
873.000000
873.000000
873.000000
873.000000
873.000000
873.000000
873.000000
873.000000
873.000000
873.000000
873.000000
873.000000
873.000000
873.000000
873.000000
873.000000
873.000000
873.000000
873.000000
873.000000
873.000000
873.000000
873.000000
873.000000
873.000000
873.000000
873.000000
873.000000
873.000000
873.000000
873.000000
873.000000
873.000000
873.000000
873.000000
873.000000
873.000000
873.000000
873.000000
873.000000
873.000000
873.000000
873.000000
873.000000
873.000000
873.000000
873.000000
873.000000
873.000000
873.000000
873.000000
873.000000
873.000000
873.000000
873.000000
873.000000
873.000000
873.000000
873.000000
873.000000
873.000000
873.000000
873.000000
873.000000
873.000000
873.000000
873.000000
873.000000
873.000000
873.000000
873.000000
873.000000
873.000000
873.000000
873.000000
873.000000
873.000000
873.000000
873.000000
873.000000
873.000000
873.000000
873.000000
873.000000
873.000000
873.000000
873.000000
873.000000
873.000000
873.000000
873.000000
873.000000
873.000000
873.000000
873.000000
873.000000
873.000000
873.000000
873.000000
873.000000
873.000000
873.000000
873.000000
873.000000
873.000000
873.000000
873.000000
873.000000
873.000000
873.000000
873.000000
873.000000
873.000000
873.000000
873.000000
873.000000
873.000000
873.000000
873.000000
873.000000
873.000000
873.000000
873.000000
873.000000
873.000000
873.000000
873.000000
873.000000
873.000000
873.000000
873.000000
873.000000
873.000000
873.000000
873.000000
873.000000
873.000000
873.000000
873.000000
873.000000
873.000000
873.000000
873.000000
873.000000
873.000000
873.000000
873.000000
873.000000
873.000000
873.000000
873.000000
873.000000
873.000000
873.000000
873.000000
873.000000
873.000000
873.000000
873.000000
873.000000
873.000000
873.000000
873.000000
873.000000
873.000000
873.000000
873.000000
873.000000
873.000000
873.000000
873.000000
873.000000
873.000000
873.000000
873.000000
873.000000
873.000000
873.000000
873.000000
873.000000
873.000000
873.000000
873.000000
873.000000
873.000000
873.000000
873.000000
873.000000
873.000000
873.000000
873.000000
873.000000
873.000000
873.000000
873.000000
873.000000
873.000000
873.000000
873.000000
873.000000
873.000000
873.000000
873.000000
873.000000
873.000000
873.000000
873.000000
873.000000
873.000000
873.000000
873.000000
873.000000
873.000000
873.000000
873.000000
873.000000
873.000000
873.000000
873.000000
873.000000
873.000000
873.000000
873.000000
873.000000
873.000000
873.000000
873.000000
873.000000
873.000000
873.000000
873.000000
873.000000
873.000000
873.000000
873.000000
873.000000
873.000000
873.000000
873.000000
873.000000
873.000000
873.000000
873.000000
873.000000
873.000000
873.000000
873.000000
873.000000
873.000000
873.000000
873.000000
873.000000
873.000000
873.000000
873.000000
873.000000
873.000000
873.000000
873.000000
873.000000
873.000000
873.000000
873.000000
873.000000
873.000000
873.000000
873.000000
873.000000
873.000000
873.000000
873.000000
873.000000
873.000000
873.000000
873.000000
873.000000
873.000000
873.000000
873.000000
873.000000
873.000000
873.000000
873.000000
873.000000
873.000000
873.000000
873.000000
873.000000
873.000000
873.000000
873.000000
873.000000
873.000000
873.000000
873.000000
873.000000
873.000000
873.000000
873.000000
873.000000
873.000000
873.000000
873.000000
873.000000
873.000000
873.000000
873.000000
873.000000
873.000000
873.000000
873.000000
873.000000
873.000000
873.000000
873.000000
873.000000
873.000000
873.000000
873.000000
873.000000
873.000000
873.000000
873.000000
873.000000
873.000000
873.000000
873.000000
873.000000
873.000000
873.000000
873.000000
873.000000
873.000000
873.000000
873.000000
873.000000
873.000000
873.000000
873.000000
873.000000
873.000000
873.000000
873.000000
873.000000
873.000000
873.000000
873.000000
873.000000
873.000000
873.000000
873.000000
873.000000
873.000000
873.000000
873.000000
873.000000
873.000000
873.000000
873.000000
873.000000
873.000000
873.000000
873.000000
873.000000
873.000000
873.000000
873.000000
873.000000
873.000000
873.000000
873.000000
873.000000
873.000000
873.000000
873.000000
873.000000
873.000000
873.000000
873.000000
873.000000
873.000000
873.000000
873.000000
873.000000
873.000000
873.000000
873.000000
873.000000
873.000000
873.000000
873.000000
873.000000
873.000000
873.000000
873.000000
873.000000
873.000000
873.000000
873.000000
873.000000
873.000000
873.000000
873.000000
873.000000
873.000000
873.000000
873.000000
873.000000
873.000000
873.000000
873.000000
873.000000
873.000000
873.000000
873.000000
873.000000
873.000000
873.000000
873.000000
873.000000
873.000000
873.000000
873.000000
873.000000
873.000000
873.000000
873.000000
873.000000
873.000000
873.000000
873.000000
873.000000
873.000000
873.000000
873.000000
873.000000
873.000000
873.000000
873.000000
873.000000
873.000000
873.000000
873.000000
873.000000
873.000000
873.000000
873.000000
873.000000
873.000000
873.000000
873.000000
873.000000
873.000000
873.000000
873.000000
873.000000
873.000000
873.000000
873.000000
873.000000
873.000000
873.000000
873.000000
873.000000
873.000000
873.000000
873.000000
873.000000
873.000000
873.000000
873.000000
873.000000
873.000000
873.000000
873.000000
873.000000
873.000000
873.000000
873.000000
873.000000
873.000000
873.000000
873.000000
873.000000
873.000000
873.000000
873.000000
873.000000
873.000000
873.000000
873.000000
873.000000
873.000000
873.000000
873.000000
873.000000
873.000000
873.000000
873.000000
873.000000
873.000000
873.000000
873.000000
873.000000
873.000000
873.000000
873.000000
873.000000
873.000000
873.000000
873.000000
873.000000
873.000000
873.000000
873.000000
873.000000
873.000000
873.000000
873.000000
873.000000
873.000000
873.000000
873.000000
873.000000
873.000000
873.000000
873.000000
873.000000
873.000000
873.000000
873.000000
873.000000
873.000000
873.000000
873.000000
873.000000
873.000000
873.000000
873.000000
873.000000
873.000000
873.000000
873.000000
873.000000
873.000000
873.000000
873.000000
873.000000
873.000000
873.000000
873.000000
873.000000
873.000000
873.000000
873.000000
873.000000
873.000000
873.000000
873.000000
873.000000
873.000000
873.000000
873.000000
873.000000
873.000000
873.000000
873.000000
873.000000
873.000000
873.000000
873.000000
873.000000
873.000000
873.000000
873.000000
873.000000
873.000000
873.000000
873.000000
873.000000
873.000000
873.000000
873.000000
873.000000
873.000000
873.000000
873.000000
873.000000
873.000000
873.000000
873.000000
873.000000
873.000000
873.000000
873.000000
873.000000
873.000000
873.000000
873.000000
873.000000
873.000000
873.000000
873.000000
873.000000
873.000000
873.000000
873.000000
873.000000
873.000000
873.000000
873.000000
873.000000
873.000000
873.000000
873.000000
873.000000
873.000000
873.000000
873.000000
873.000000
873.000000
873.000000
873.000000
873.000000
873.000000
873.000000
873.000000
873.000000
873.000000
873.000000
873.000000
873.000000
873.000000
873.000000
873.000000
873.000000
873.000000
873.000000
873.000000
873.000000
873.000000
873.000000
873.000000
873.000000
873.000000
873.000000
873.000000
873.000000
873.000000
873.000000
873.000000
873.000000
873.000000
873.000000
873.000000
873.000000
873.000000
873.000000
873.000000
873.000000
873.000000
873.000000
873.000000
873.000000
873.000000
873.000000
873.000000
873.000000
873.000000
873.000000
873.000000
873.000000
873.000000
873.000000
873.000000
873.000000
873.000000
873.000000
873.000000
873.000000
873.000000
873.000000
873.000000
873.000000
873.000000
873.000000
873.000000
873.000000
873.000000
873.000000
873.000000
873.000000
873.000000
873.000000
873.000000
873.000000
873.000000
873.000000
873.000000
873.000000
873.000000
873.000000
873.000000
873.000000
873.000000
873.000000
873.000000
873.000000
873.000000
873.000000
873.000000
873.000000
873.000000
873.000000
873.000000
873.000000
873.000000
873.000000
873.000000
873.000000
873.000000
873.000000
873.000000
873.000000
873.000000
873.000000
873.000000
873.000000
873.000000
873.000000
873.000000
873.000000
873.000000
873.000000
873.000000
873.000000
873.000000
873.000000
873.000000
873.000000
873.000000
873.000000
873.000000
873.000000
873.000000
873.000000
873.000000
873.000000
873.000000
873.000000
873.000000
873.000000
873.000000
873.000000
873.000000
873.000000
873.000000
873.000000
873.000000
873.000000
873.000000
873.000000
873.000000
873.000000
873.000000
873.000000
873.000000
873.000000
873.000000
873.000000
873.000000
873.000000
873.000000
873.000000
873.000000
873.000000
873.000000
873.000000
873.000000
873.000000
873.000000
873.000000
873.000000
873.000000
873.000000
873.000000
873.000000
873.000000
873.000000
873.000000
873.000000
873.000000
873.000000
873.000000
873.000000
873.000000
873.000000
873.000000
873.000000
873.000000
873.000000
873.000000
873.000000
873.000000
873.000000
873.000000
873.000000
873.000000
873.000000
873.000000
873.000000
873.000000
873.000000
873.000000
873.000000
873.000000
873.000000
873.000000
873.000000
873.000000
873.000000
873.000000
873.000000
873.000000
873.000000
873.000000
873.000000
873.000000
873.000000
873.000000
873.000000
873.000000
873.000000
873.000000
873.000000
873.000000
873.000000
873.000000
873.000000
873.000000
873.000000
873.000000
873.000000
873.000000
873.000000
873.000000
873.000000
873.000000
873.000000
873.000000
873.000000
873.000000
873.000000
873.000000
873.000000
873.000000
873.000000
873.000000
873.000000
873.000000
873.000000
873.000000
873.000000
873.000000
873.000000
873.000000
873.000000
873.000000
873.000000
873.000000
873.000000
873.000000
873.000000
873.000000
873.000000
873.000000
873.000000
873.000000
873.000000
873.000000
873.000000
873.000000
873.000000
873.000000
873.000000
873.000000
873.000000
873.000000
873.000000
873.000000
873.000000
873.000000
873.000000
873.000000
873.000000
873.000000
873.000000
873.000000
873.000000
873.000000
873.000000
873.000000
873.000000
873.000000
873.000000
873.000000
873.000000
873.000000
873.000000
873.000000
873.000000
873.000000
873.000000
873.000000
873.000000
873.000000
873.000000
873.000000
873.000000
873.000000
873.000000
873.000000
873.000000
873.000000
873.000000
873.000000
873.000000
873.000000
873.000000
873.000000
873.000000
873.000000
873.000000
873.000000
873.000000
873.000000
873.000000
873.000000
873.000000
873.000000
873.000000
873.000000
873.000000
873.000000
873.000000
873.000000
873.000000
873.000000
873.000000
873.000000
873.000000
873.000000
873.000000
873.000000
873.000000
873.000000
873.000000
873.000000
873.000000
873.000000
873.000000
873.000000
873.000000
873.000000
873.000000
873.000000
873.000000
873.000000
873.000000
873.000000
873.000000
873.000000
873.000000
873.000000
873.000000
873.000000
873.000000
873.000000
873.000000
873.000000
873.000000
873.000000
873.000000
873.000000
873.000000
873.000000
873.000000
873.000000
873.000000
873.000000
873.000000
873.000000
873.000000
873.000000
873.000000
873.000000
873.000000
873.000000
873.000000
873.000000
873.000000
873.000000
873.000000
873.000000
873.000000
873.000000
873.000000
873.000000
873.000000
873.000000
873.000000
873.000000
873.000000
873.000000
873.000000
873.000000
873.000000
873.000000
873.000000
873.000000
873.000000
873.000000
873.000000
873.000000
873.000000
873.000000
873.000000
873.000000
873.000000
873.000000
873.000000
873.000000
873.000000
873.000000
873.000000
873.000000
873.000000
873.000000
873.000000
873.000000
873.000000
873.000000
873.000000
873.000000
873.000000
873.000000
873.000000
873.000000
873.000000
873.000000
873.000000
873.000000
873.000000
873.000000
873.000000
873.000000
873.000000
873.000000
873.000000
873.000000
873.000000
873.000000
873.000000
873.000000
873.000000
873.000000
873.000000
873.000000
873.000000
873.000000
873.000000
873.000000
873.000000
873.000000
873.000000
873.000000
873.000000
873.000000
873.000000
873.000000
873.000000
873.000000
873.000000
873.000000
873.000000
873.000000
873.000000
873.000000
873.000000
873.000000
873.000000
873.000000
873.000000
873.000000
873.000000
873.000000
873.000000
873.000000
873.000000
873.000000
873.000000
873.000000
873.000000
873.000000
873.000000
873.000000
873.000000
873.000000
873.000000
873.000000
873.000000
873.000000
873.000000
873.000000
873.000000
873.000000
873.000000
873.000000
873.000000
873.000000
873.000000
873.000000
873.000000
873.000000
873.000000
873.000000
873.000000
873.000000
873.000000
873.000000
873.000000
873.000000
873.000000
873.000000
873.000000
873.000000
873.000000
873.000000
873.000000
873.000000
873.000000
873.000000
873.000000
873.000000
873.000000
873.000000
873.000000
873.000000
873.000000
873.000000
873.000000
873.000000
873.000000
873.000000
873.000000
873.000000
873.000000
873.000000
873.000000
873.000000
873.000000
873.000000
873.000000
873.000000
873.000000
873.000000
873.000000
873.000000
873.000000
873.000000
873.000000
873.000000
873.000000
873.000000
873.000000
873.000000
873.000000
873.000000
873.000000
873.000000
873.000000
873.000000
873.000000
873.000000
873.000000
873.000000
873.000000
873.000000
873.000000
873.000000
873.000000
873.000000
873.000000
873.000000
873.000000
873.000000
873.000000
873.000000
873.000000
873.000000
873.000000
873.000000
873.000000
873.000000
873.000000
873.000000
873.000000
873.000000
873.000000
873.000000
873.000000
873.000000
873.000000
873.000000
873.000000
873.000000
873.000000
873.000000
873.000000
873.000000
873.000000
873.000000
873.000000
873.000000
873.000000
873.000000
873.000000
873.000000
873.000000
873.000000
873.000000
873.000000
873.000000
873.000000
873.000000
873.000000
873.000000
873.000000
873.000000
873.000000
873.000000
873.000000
873.000000
873.000000
873.000000
873.000000
873.000000
873.000000
873.000000
873.000000
873.000000
873.000000
873.000000
873.000000
873.000000
873.000000
873.000000
873.000000
873.000000
873.000000
873.000000
873.000000
873.000000
873.000000
873.000000
873.000000
873.000000
873.000000
873.000000
873.000000
873.000000
873.000000
873.000000
873.000000
873.000000
873.000000
873.000000
873.000000
873.000000
873.000000
873.000000
873.000000
873.000000
873.000000
873.000000
873.000000
873.000000
873.000000
873.000000
873.000000
873.000000
873.000000
873.000000
873.000000
873.000000
873.000000
873.000000
873.000000
873.000000
873.000000
873.000000
873.000000
873.000000
873.000000
873.000000
873.000000
873.000000
873.000000
873.000000
873.000000
873.000000
873.000000
873.000000
873.000000
873.000000
873.000000
873.000000
873.000000
873.000000
873.000000
873.000000
873.000000
873.000000
873.000000
873.000000
873.000000
873.000000
873.000000
873.000000
873.000000
873.000000
873.000000
873.000000
873.000000
873.000000
873.000000
873.000000
873.000000
873.000000
873.000000
873.000000
873.000000
873.000000
873.000000
873.000000
873.000000
873.000000
873.000000
873.000000
873.000000
873.000000
873.000000
873.000000
873.000000
873.000000
873.000000
873.000000
873.000000
873.000000
873.000000
873.000000
873.000000
873.000000
873.000000
873.000000
873.000000
873.000000
873.000000
873.000000
873.000000
873.000000
873.000000
873.000000
873.000000
873.000000
873.000000
873.000000
873.000000
873.000000
873.000000
873.000000
873.000000
873.000000
873.000000
873.000000
873.000000
873.000000
873.000000
873.000000
873.000000
873.000000
873.000000
873.000000
873.000000
873.000000
873.000000
873.000000
873.000000
873.000000
873.000000
873.000000
873.000000
873.000000
873.000000
873.000000
873.000000
873.000000
873.000000
873.000000
873.000000
873.000000
873.000000
873.000000
873.000000
873.000000
873.000000
873.000000
873.000000
873.000000
873.000000
873.000000
873.000000
873.000000
873.000000
873.000000
873.000000
873.000000
873.000000
873.000000
873.000000
873.000000
873.000000
873.000000
873.000000
873.000000
873.000000
873.000000
873.000000
873.000000
873.000000
873.000000
873.000000
873.000000
873.000000
873.000000
873.000000
873.000000
873.000000
873.000000
873.000000
873.000000
873.000000
873.000000
873.000000
873.000000
873.000000
873.000000
873.000000
873.000000
873.000000
873.000000
873.000000
873.000000
873.000000
873.000000
873.000000
873.000000
873.000000
873.000000
873.000000
873.000000
873.000000
873.000000
873.000000
873.000000
873.000000
873.000000
873.000000
873.000000
873.000000
873.000000
873.000000
873.000000
873.000000
873.000000
873.000000
873.000000
873.000000
873.000000
873.000000
873.000000
873.000000
873.000000
873.000000
873.000000
873.000000
873.000000
873.000000
873.000000
873.000000
873.000000
873.000000
873.000000
873.000000
873.000000
873.000000
873.000000
873.000000
873.000000
873.000000
873.000000
873.000000
873.000000
873.000000
873.000000
873.000000
873.000000
873.000000
873.000000
873.000000
873.000000
873.000000
873.000000
873.000000
873.000000
873.000000
873.000000
873.000000
873.000000
873.000000
873.000000
873.000000
873.000000
873.000000
873.000000
873.000000
873.000000
873.000000
873.000000
873.000000
873.000000
873.000000
873.000000
873.000000
873.000000
873.000000
873.000000
873.000000
873.000000
873.000000
873.000000
873.000000
873.000000
873.000000
873.000000
873.000000
873.000000
873.000000
873.000000
873.000000
873.000000
873.000000
873.000000
873.000000
873.000000
873.000000
873.000000
873.000000
873.000000
873.000000
873.000000
873.000000
873.000000
873.000000
873.000000
873.000000
873.000000
873.000000
873.000000
873.000000
873.000000
873.000000
873.000000
873.000000
873.000000
873.000000
873.000000
873.000000
873.000000
873.000000
873.000000
873.000000
873.000000
873.000000
873.000000
873.000000
873.000000
873.000000
873.000000
873.000000
873.000000
873.000000
873.000000
873.000000
873.000000
873.000000
873.000000
873.000000
873.000000
873.000000
873.000000
873.000000
873.000000
873.000000
873.000000
873.000000
873.000000
873.000000
873.000000
873.000000
873.000000
873.000000
873.000000
873.000000
873.000000
873.000000
873.000000
873.000000
873.000000
873.000000
873.000000
873.000000
873.000000
873.000000
873.000000
873.000000
873.000000
873.000000
873.000000
873.000000
873.000000
873.000000
873.000000
873.000000
873.000000
873.000000
873.000000
873.000000
873.000000
873.000000
873.000000
873.000000
873.000000
873.000000
873.000000
873.000000
873.000000
873.000000
873.000000
873.000000
873.000000
873.000000
873.000000
873.000000
873.000000
873.000000
873.000000
873.000000
873.000000
873.000000
873.000000
873.000000
873.000000
873.000000
873.000000
873.000000
873.000000
873.000000
873.000000
873.000000
873.000000
873.000000
873.000000
873.000000
873.000000
873.000000
873.000000
873.000000
873.000000
873.000000
873.000000
873.000000
873.000000
873.000000
873.000000
873.000000
873.000000
873.000000
873.000000
873.000000
873.000000
873.000000
873.000000
873.000000
873.000000
873.000000
873.000000
873.000000
873.000000
873.000000
873.000000
873.000000
873.000000
873.000000
873.000000
873.000000
873.000000
873.000000
873.000000
873.000000
873.000000
873.000000
873.000000
873.000000
873.000000
873.000000
873.000000
873.000000
873.000000
873.000000
873.000000
873.000000
873.000000
873.000000
873.000000
873.000000
873.000000
873.000000
873.000000
873.000000
873.000000
873.000000
873.000000
873.000000
873.000000
873.000000
873.000000
873.000000
873.000000
873.000000
873.000000
873.000000
873.000000
873.000000
873.000000
873.000000
873.000000
873.000000
873.000000
873.000000
873.000000
873.000000
873.000000
873.000000
873.000000
873.000000
873.000000
873.000000
873.000000
873.000000
873.000000
873.000000
873.000000
873.000000
873.000000
873.000000
873.000000
873.000000
873.000000
873.000000
873.000000
873.000000
873.000000
873.000000
873.000000
873.000000
873.000000
873.000000
873.000000
873.000000
873.000000
873.000000
873.000000
873.000000
873.000000
873.000000
873.000000
873.000000
873.000000
873.000000
873.000000
873.000000
873.000000
873.000000
873.000000
873.000000
873.000000
873.000000
873.000000
873.000000
873.000000
873.000000
873.000000
873.000000
873.000000
873.000000
873.000000
873.000000
873.000000
873.000000
873.000000
873.000000
873.000000
873.000000
873.000000
873.000000
873.000000
873.000000
873.000000
873.000000
873.000000
873.000000
873.000000
873.000000
873.000000
873.000000
873.000000
873.000000
873.000000
873.000000
873.000000
873.000000
873.000000
873.000000
873.000000
873.000000
873.000000
873.000000
873.000000
873.000000
873.000000
873.000000
873.000000
873.000000
873.000000
873.000000
873.000000
873.000000
873.000000
873.000000
873.000000
873.000000
873.000000
873.000000
873.000000
873.000000
873.000000
873.000000
873.000000
873.000000
873.000000
873.000000
873.000000
873.000000
873.000000
873.000000
873.000000
873.000000
873.000000
873.000000
873.000000
873.000000
873.000000
873.000000
873.000000
873.000000
873.000000
873.000000
873.000000
873.000000
873.000000
873.000000
873.000000
873.000000
873.000000
873.000000
873.000000
873.000000
873.000000
873.000000
873.000000
873.000000
873.000000
873.000000
873.000000
873.000000
873.000000
873.000000
873.000000
873.000000
873.000000
873.000000
873.000000
873.000000
873.000000
873.000000
873.000000
873.000000
873.000000
873.000000
873.000000
873.000000
873.000000
873.000000
873.000000
873.000000
873.000000
873.000000
873.000000
873.000000
873.000000
873.000000
873.000000
873.000000
873.000000
873.000000
873.000000
873.000000
873.000000
873.000000
873.000000
873.000000
873.000000
873.000000
873.000000
873.000000
873.000000
873.000000
873.000000
873.000000
873.000000
873.000000
873.000000
873.000000
873.000000
873.000000
873.000000
873.000000
873.000000
873.000000
873.000000
873.000000
873.000000
873.000000
873.000000
873.000000
873.000000
873.000000
873.000000
873.000000
873.000000
873.000000
873.000000
873.000000
873.000000
873.000000
873.000000
873.000000
873.000000
873.000000
873.000000
873.000000
873.000000
873.000000
873.000000
873.000000
873.000000
873.000000
873.000000
873.000000
873.000000
873.000000
873.000000
873.000000
873.000000
873.000000
873.000000
873.000000
873.000000
873.000000
873.000000
873.000000
873.000000
873.000000
873.000000
873.000000
873.000000
873.000000
873.000000
873.000000
873.000000
873.000000
873.000000
873.000000
873.000000
873.000000
873.000000
873.000000
873.000000
873.000000
873.000000
873.000000
873.000000
873.000000
873.000000
873.000000
873.000000
873.000000
873.000000
873.000000
873.000000
873.000000
873.000000
873.000000
873.000000
873.000000
873.000000
873.000000
873.000000
873.000000
873.000000
873.000000
873.000000
873.000000
873.000000
873.000000
873.000000
873.000000
873.000000
873.000000
873.000000
873.000000
873.000000
873.000000
873.000000
873.000000
873.000000
873.000000
873.000000
873.000000
873.000000
873.000000
873.000000
873.000000
873.000000
873.000000
873.000000
873.000000
873.000000
873.000000
873.000000
873.000000
873.000000
873.000000
873.000000
873.000000
873.000000
873.000000
873.000000
873.000000
873.000000
873.000000
873.000000
873.000000
873.000000
873.000000
873.000000
873.000000
873.000000
873.000000
873.000000
873.000000
873.000000
873.000000
873.000000
873.000000
873.000000
873.000000
873.000000
873.000000
873.000000
873.000000
873.000000
873.000000
873.000000
873.000000
873.000000
873.000000
873.000000
873.000000
873.000000
873.000000
873.000000
873.000000
873.000000
873.000000
873.000000
873.000000
873.000000
873.000000
873.000000
873.000000
873.000000
873.000000
873.000000
873.000000
873.000000
873.000000
873.000000
873.000000
873.000000
873.000000
873.000000
873.000000
873.000000
873.000000
873.000000
873.000000
873.000000
873.000000
873.000000
873.000000
873.000000
873.000000
873.000000
873.000000
873.000000
873.000000
873.000000
873.000000
873.000000
873.000000
873.000000
873.000000
873.000000
873.000000
873.000000
873.000000
873.000000
873.000000
873.000000
873.000000
873.000000
873.000000
873.000000
873.000000
873.000000
873.000000
873.000000
873.000000
873.000000
873.000000
873.000000
873.000000
873.000000
873.000000
873.000000
873.000000
873.000000
873.000000
873.000000
873.000000
873.000000
873.000000
873.000000
873.000000
873.000000
873.000000
873.000000
873.000000
873.000000
873.000000
873.000000
873.000000
873.000000
873.000000
873.000000
873.000000
873.000000
873.000000
873.000000
873.000000
873.000000
873.000000
873.000000
873.000000
873.000000
873.000000
873.000000
873.000000
873.000000
873.000000
873.000000
873.000000
873.000000
873.000000
873.000000
873.000000
873.000000
873.000000
873.000000
873.000000
873.000000
873.000000
873.000000
873.000000
873.000000
873.000000
873.000000
873.000000
873.000000
873.000000
873.000000
873.000000
873.000000
873.000000
873.000000
873.000000
873.000000
873.000000
873.000000
873.000000
873.000000
873.000000
873.000000
873.000000
873.000000
873.000000
873.000000
873.000000
873.000000
873.000000
873.000000
873.000000
873.000000
873.000000
873.000000
873.000000
873.000000
873.000000
873.000000
873.000000
873.000000
873.000000
873.000000
873.000000
873.000000
873.000000
873.000000
873.000000
873.000000
873.000000
873.000000
873.000000
873.000000
873.000000
873.000000
873.000000
873.000000
873.000000
873.000000
873.000000
873.000000
873.000000
873.000000
873.000000
873.000000
873.000000
873.000000
873.000000
873.000000
873.000000
873.000000
873.000000
873.000000
873.000000
873.000000
873.000000
873.000000
873.000000
873.000000
873.000000
873.000000
873.000000
873.000000
873.000000
873.000000
873.000000
873.000000
873.000000
873.000000
873.000000
873.000000
873.000000
873.000000
873.000000
873.000000
873.000000
873.000000
873.000000
873.000000
873.000000
873.000000
873.000000
873.000000
873.000000
873.000000
873.000000
873.000000
873.000000
873.000000
873.000000
873.000000
873.000000
873.000000
873.000000
873.000000
873.000000
873.000000
873.000000
873.000000
873.000000
873.000000
873.000000
873.000000
873.000000
873.000000
873.000000
873.000000
873.000000
873.000000
873.000000
873.000000
873.000000
873.000000
873.000000
873.000000
873.000000
873.000000
873.000000
873.000000
873.000000
873.000000
873.000000
873.000000
873.000000
873.000000
873.000000
873.000000
873.000000
873.000000
873.000000
873.000000
873.000000
873.000000
873.000000
873.000000
873.000000
873.000000
873.000000
873.000000
873.000000
873.000000
873.000000
873.000000
873.000000
873.000000
873.000000
873.000000
873.000000
873.000000
873.000000
873.000000
873.000000
873.000000
873.000000
873.000000
873.000000
873.000000
873.000000
873.000000
873.000000
873.000000
873.000000
873.000000
873.000000
873.000000
873.000000
873.000000
873.000000
873.000000
873.000000
873.000000
873.000000
873.000000
873.000000
873.000000
873.000000
873.000000
873.000000
873.000000
873.000000
873.000000
873.000000
873.000000
873.000000
873.000000
873.000000
873.000000
873.000000
873.000000
873.000000
873.000000
873.000000
873.000000
873.000000
873.000000
873.000000
873.000000
873.000000
873.000000
873.000000
873.000000
873.000000
873.000000
873.000000
873.000000
873.000000
873.000000
873.000000
873.000000
873.000000
873.000000
873.000000
873.000000
873.000000
873.000000
873.000000
873.000000
873.000000
873.000000
873.000000
873.000000
873.000000
873.000000
873.000000
873.000000
873.000000
873.000000
873.000000
873.000000
873.000000
873.000000
873.000000
873.000000
873.000000
873.000000
873.000000
873.000000
873.000000
873.000000
873.000000
873.000000
873.000000
873.000000
873.000000
873.000000
873.000000
873.000000
873.000000
873.000000
873.000000
873.000000
873.000000
873.000000
873.000000
873.000000
873.000000
873.000000
873.000000
873.000000
873.000000
873.000000
873.000000
873.000000
873.000000
873.000000
873.000000
873.000000
873.000000
873.000000
873.000000
873.000000
873.000000
873.000000
873.000000
873.000000
873.000000
873.000000
873.000000
873.000000
873.000000
873.000000
873.000000
873.000000
873.000000
873.000000
873.000000
873.000000
873.000000
873.000000
873.000000
873.000000
873.000000
873.000000
873.000000
873.000000
873.000000
873.000000
873.000000
873.000000
873.000000
873.000000
873.000000
873.000000
873.000000
873.000000
873.000000
873.000000
873.000000
873.000000
873.000000
873.000000
873.000000
873.000000
873.000000
873.000000
873.000000
873.000000
873.000000
873.000000
873.000000
873.000000
873.000000
873.000000
873.000000
873.000000
873.000000
873.000000
873.000000
873.000000
873.000000
873.000000
873.000000
873.000000
873.000000
873.000000
873.000000
873.000000
873.000000
873.000000
873.000000
873.000000
873.000000
873.000000
873.000000
873.000000
873.000000
873.000000
873.000000
873.000000
873.000000
873.000000
873.000000
873.000000
873.000000
873.000000
873.000000
873.000000
873.000000
873.000000
873.000000
873.000000
873.000000
873.000000
873.000000
873.000000
873.000000
873.000000
873.000000
873.000000
873.000000
873.000000
873.000000
873.000000
873.000000
873.000000
873.000000
873.000000
873.000000
873.000000
873.000000
873.000000
873.000000
873.000000
873.000000
873.000000
873.000000
873.000000
873.000000
873.000000
873.000000
873.000000
873.000000
873.000000
873.000000
873.000000
873.000000
873.000000
873.000000
873.000000
873.000000
873.000000
873.000000
873.000000
873.000000
873.000000
873.000000
873.000000
873.000000
873.000000
873.000000
873.000000
873.000000
873.000000
873.000000
873.000000
873.000000
873.000000
873.000000
873.000000
873.000000
873.000000
873.000000
873.000000
873.000000
873.000000
873.000000
873.000000
873.000000
873.000000
873.000000
873.000000
873.000000
873.000000
873.000000
873.000000
873.000000
873.000000
873.000000
873.000000
873.000000
873.000000
873.000000
873.000000
873.000000
873.000000
873.000000
873.000000
873.000000
873.000000
873.000000
873.000000
873.000000
873.000000
873.000000
873.000000
873.000000
873.000000
873.000000
873.000000
873.000000
873.000000
873.000000
873.000000
873.000000
873.000000
873.000000
873.000000
873.000000
873.000000
873.000000
873.000000
873.000000
873.000000
873.000000
873.000000
873.000000
873.000000
873.000000
873.000000
873.000000
873.000000
873.000000
873.000000
873.000000
873.000000
873.000000
873.000000
873.000000
873.000000
873.000000
873.000000
873.000000
873.000000
873.000000
873.000000
873.000000
873.000000
873.000000
873.000000
873.000000
873.000000
873.000000
873.000000
873.000000
873.000000
873.000000
873.000000
873.000000
873.000000
873.000000
873.000000
873.000000
873.000000
873.000000
873.000000
873.000000
873.000000
873.000000
873.000000
873.000000
873.000000
873.000000
873.000000
873.000000
873.000000
873.000000
873.000000
873.000000
873.000000
873.000000
873.000000
873.000000
873.000000
873.000000
873.000000
873.000000
873.000000
873.000000
873.000000
873.000000
873.000000
873.000000
873.000000
873.000000
873.000000
873.000000
873.000000
873.000000
873.000000
873.000000
873.000000
873.000000
873.000000
873.000000
873.000000
873.000000
873.000000
873.000000
873.000000
873.000000
873.000000
873.000000
873.000000
873.000000
873.000000
873.000000
873.000000
873.000000
873.000000
873.000000
873.000000
873.000000
873.000000
873.000000
873.000000
873.000000
873.000000
873.000000
873.000000
873.000000
873.000000
873.000000
873.000000
873.000000
873.000000
873.000000
873.000000
873.000000
873.000000
873.000000
873.000000
873.000000
873.000000
873.000000
873.000000
873.000000
873.000000
873.000000
873.000000
873.000000
873.000000
873.000000
873.000000
873.000000
873.000000
873.000000
873.000000
873.000000
873.000000
873.000000
873.000000
873.000000
873.000000
873.000000
873.000000
873.000000
873.000000
873.000000
873.000000
873.000000
873.000000
873.000000
873.000000
873.000000
873.000000
873.000000
873.000000
873.000000
873.000000
873.000000
873.000000
873.000000
873.000000
873.000000
873.000000
873.000000
873.000000
873.000000
873.000000
873.000000
873.000000
873.000000
873.000000
873.000000
873.000000
873.000000
873.000000
873.000000
873.000000
873.000000
873.000000
873.000000
873.000000
873.000000
873.000000
873.000000
873.000000
873.000000
873.000000
873.000000
873.000000
873.000000
873.000000
873.000000
873.000000
873.000000
873.000000
873.000000
873.000000
873.000000
873.000000
873.000000
873.000000
873.000000
873.000000
873.000000
873.000000
873.000000
873.000000
873.000000
873.000000
873.000000
873.000000
873.000000
873.000000
873.000000
873.000000
873.000000
873.000000
873.000000
873.000000
873.000000
873.000000
873.000000
873.000000
873.000000
873.000000
873.000000
873.000000
873.000000
873.000000
873.000000
873.000000
873.000000
873.000000
873.000000
873.000000
873.000000
873.000000
873.000000
873.000000
873.000000
873.000000
873.000000
873.000000
873.000000
873.000000
873.000000
873.000000
873.000000
873.000000
873.000000
873.000000
873.000000
873.000000
873.000000
873.000000
873.000000
873.000000
873.000000
873.000000
873.000000
873.000000
873.000000
873.000000
873.000000
873.000000
873.000000
873.000000
873.000000
873.000000
873.000000
873.000000
873.000000
873.000000
873.000000
873.000000
873.000000
873.000000
873.000000
873.000000
873.000000
873.000000
873.000000
873.000000
873.000000
873.000000
873.000000
873.000000
873.000000
873.000000
873.000000
873.000000
873.000000
873.000000
873.000000
873.000000
873.000000
873.000000
873.000000
873.000000
873.000000
873.000000
873.000000
873.000000
873.000000
873.000000
873.000000
873.000000
873.000000
873.000000
873.000000
873.000000
873.000000
873.000000
873.000000
873.000000
873.000000
873.000000
873.000000
873.000000
873.000000
873.000000
873.000000
873.000000
873.000000
873.000000
873.000000
873.000000
873.000000
873.000000
873.000000
873.000000
873.000000
873.000000
873.000000
873.000000
873.000000
873.000000
873.000000
873.000000
873.000000
873.000000
873.000000
873.000000
873.000000
873.000000
873.000000
873.000000
873.000000
873.000000
873.000000
873.000000
873.000000
873.000000
873.000000
873.000000
873.000000
873.000000
873.000000
873.000000
873.000000
873.000000
873.000000
873.000000
873.000000
873.000000
873.000000
873.000000
873.000000
873.000000
873.000000
873.000000
873.000000
873.000000
873.000000
873.000000
873.000000
873.000000
873.000000
873.000000
873.000000
873.000000
873.000000
873.000000
873.000000
873.000000
873.000000
873.000000
873.000000
873.000000
873.000000
873.000000
873.000000
873.000000
873.000000
873.000000
873.000000
873.000000
873.000000
873.000000
873.000000
873.000000
873.000000
873.000000
873.000000
873.000000
873.000000
873.000000
873.000000
873.000000
873.000000
873.000000
873.000000
873.000000
873.000000
873.000000
873.000000
873.000000
873.000000
873.000000
873.000000
873.000000
873.000000
873.000000
873.000000
873.000000
873.000000
873.000000
873.000000
873.000000
873.000000
873.000000
873.000000
873.000000
873.000000
873.000000
873.000000
873.000000
873.000000
873.000000
873.000000
873.000000
873.000000
873.000000
873.000000
873.000000
873.000000
873.000000
873.000000
873.000000
873.000000
873.000000
873.000000
873.000000
873.000000
873.000000
873.000000
873.000000
873.000000
873.000000
873.000000
873.000000
873.000000
873.000000
873.000000
873.000000
873.000000
873.000000
873.000000
873.000000
873.000000
873.000000
873.000000
873.000000
873.000000
873.000000
873.000000
873.000000
873.000000
873.000000
873.000000
873.000000
873.000000
873.000000
873.000000
873.000000
873.000000
873.000000
873.000000
873.000000
873.000000
873.000000
873.000000
873.000000
873.000000
873.000000
873.000000
873.000000
873.000000
873.000000
873.000000
873.000000
873.000000
873.000000
873.000000
873.000000
873.000000
873.000000
873.000000
873.000000
873.000000
873.000000
873.000000
873.000000
873.000000
873.000000
873.000000
873.000000
873.000000
873.000000
873.000000
873.000000
873.000000
873.000000
873.000000
873.000000
873.000000
873.000000
873.000000
873.000000
873.000000
873.000000
873.000000
873.000000
873.000000
873.000000
873.000000
873.000000
873.000000
873.000000
873.000000
873.000000
873.000000
873.000000
873.000000
873.000000
873.000000
873.000000
873.000000
873.000000
873.000000
873.000000
873.000000
873.000000
873.000000
873.000000
873.000000
873.000000
873.000000
873.000000
873.000000
873.000000
873.000000
873.000000
873.000000
873.000000
873.000000
873.000000
873.000000
873.000000
873.000000
873.000000
873.000000
873.000000
873.000000
873.000000
873.000000
873.000000
873.000000
873.000000
873.000000
873.000000
873.000000
873.000000
873.000000
873.000000
873.000000
873.000000
873.000000
873.000000
873.000000
873.000000
873.000000
873.000000
873.000000
873.000000
873.000000
873.000000
873.000000
873.000000
873.000000
873.000000
873.000000
873.000000
873.000000
873.000000
873.000000
873.000000
873.000000
873.000000
873.000000
873.000000
873.000000
873.000000
873.000000
873.000000
873.000000
873.000000
873.000000
873.000000
873.000000
873.000000
873.000000
873.000000
873.000000
873.000000
873.000000
873.000000
873.000000
873.000000
873.000000
873.000000
873.000000
873.000000
873.000000
873.000000
873.000000
873.000000
873.000000
873.000000
873.000000
873.000000
873.000000
873.000000
873.000000
873.000000
873.000000
873.000000
873.000000
873.000000
873.000000
873.000000
873.000000
873.000000
873.000000
873.000000
873.000000
873.000000
873.000000
873.000000
873.000000
873.000000
873.000000
873.000000
873.000000
873.000000
873.000000
873.000000
873.000000
873.000000
873.000000
873.000000
873.000000
873.000000
873.000000
873.000000
873.000000
873.000000
873.000000
873.000000
873.000000
873.000000
873.000000
873.000000
873.000000
873.000000
873.000000
873.000000
873.000000
873.000000
873.000000
873.000000
873.000000
873.000000
873.000000
873.000000
873.000000
873.000000
873.000000
873.000000
873.000000
873.000000
873.000000
873.000000
873.000000
873.000000
873.000000
873.000000
873.000000
873.000000
873.000000
873.000000
873.000000
873.000000
873.000000
873.000000
873.000000
873.000000
873.000000
873.000000
873.000000
873.000000
873.000000
873.000000
873.000000
873.000000
873.000000
873.000000
873.000000
873.000000
873.000000
873.000000
873.000000
873.000000
873.000000
873.000000
873.000000
873.000000
873.000000
873.000000
873.000000
873.000000
873.000000
873.000000
873.000000
873.000000
873.000000
873.000000
873.000000
873.000000
873.000000
873.000000
873.000000
873.000000
873.000000
873.000000
873.000000
873.000000
873.000000
873.000000
873.000000
873.000000
873.000000
873.000000
873.000000
873.000000
873.000000
873.000000
873.000000
873.000000
873.000000
873.000000
873.000000
873.000000
873.000000
873.000000
873.000000
873.000000
873.000000
873.000000
873.000000
873.000000
873.000000
873.000000
873.000000
873.000000
873.000000
873.000000
873.000000
873.000000
873.000000
873.000000
873.000000
873.000000
873.000000
873.000000
873.000000
873.000000
873.000000
873.000000
873.000000
873.000000
873.000000
873.000000
873.000000
873.000000
873.000000
873.000000
873.000000
873.000000
873.000000
873.000000
873.000000
873.000000
873.000000
873.000000
873.000000
873.000000
873.000000
873.000000
873.000000
873.000000
873.000000
873.000000
873.000000
873.000000
873.000000
873.000000
873.000000
873.000000
873.000000
873.000000
873.000000
873.000000
873.000000
873.000000
873.000000
873.000000
873.000000
873.000000
873.000000
873.000000
873.000000
873.000000
873.000000
873.000000
873.000000
873.000000
873.000000
873.000000
873.000000
873.000000
873.000000
873.000000
873.000000
873.000000
873.000000
873.000000
873.000000
873.000000
873.000000
873.000000
873.000000
873.000000
873.000000
873.000000
873.000000
873.000000
873.000000
873.000000
873.000000
873.000000
873.000000
873.000000
873.000000
873.000000
873.000000
873.000000
873.000000
873.000000
873.000000
873.000000
873.000000
873.000000
873.000000
873.000000
873.000000
873.000000
873.000000
873.000000
873.000000
873.000000
873.000000
873.000000
873.000000
873.000000
873.000000
873.000000
873.000000
873.000000
873.000000
873.000000
873.000000
873.000000
873.000000
873.000000
873.000000
873.000000
873.000000
873.000000
873.000000
873.000000
873.000000
873.000000
873.000000
873.000000
873.000000
873.000000
873.000000
873.000000
873.000000
873.000000
873.000000
873.000000
873.000000
873.000000
873.000000
873.000000
873.000000
873.000000
873.000000
873.000000
873.000000
873.000000
873.000000
873.000000
873.000000
873.000000
873.000000
873.000000
873.000000
873.000000
873.000000
873.000000
873.000000
873.000000
873.000000
873.000000
873.000000
873.000000
873.000000
873.000000
873.000000
873.000000
873.000000
873.000000
873.000000
873.000000
873.000000
873.000000
873.000000
873.000000
873.000000
873.000000
873.000000
873.000000
873.000000
873.000000
873.000000
873.000000
873.000000
873.000000
873.000000
873.000000
873.000000
873.000000
873.000000
873.000000
873.000000
873.000000
873.000000
873.000000
873.000000
873.000000
873.000000
873.000000
873.000000
873.000000
873.000000
873.000000
873.000000
873.000000
873.000000
873.000000
873.000000
873.000000
873.000000
873.000000
873.000000
873.000000
873.000000
873.000000
873.000000
873.000000
873.000000
873.000000
873.000000
873.000000
873.000000
873.000000
873.000000
873.000000
873.000000
873.000000
873.000000
873.000000
873.000000
873.000000
873.000000
873.000000
873.000000
873.000000
873.000000
873.000000
873.000000
873.000000
873.000000
873.000000
873.000000
873.000000
873.000000
873.000000
873.000000
873.000000
873.000000
873.000000
873.000000
873.000000
873.000000
873.000000
873.000000
873.000000
873.000000
873.000000
873.000000
873.000000
873.000000
873.000000
873.000000
873.000000
873.000000
873.000000
873.000000
873.000000
873.000000
873.000000
873.000000
873.000000
873.000000
873.000000
873.000000
873.000000
873.000000
873.000000
873.000000
873.000000
873.000000
873.000000
873.000000
873.000000
873.000000
873.000000
873.000000
873.000000
873.000000
873.000000
873.000000
873.000000
873.000000
873.000000
873.000000
873.000000
873.000000
873.000000
873.000000
873.000000
873.000000
873.000000
873.000000
873.000000
873.000000
873.000000
873.000000
873.000000
873.000000
873.000000
873.000000
873.000000
873.000000
873.000000
873.000000
873.000000
873.000000
873.000000
873.000000
873.000000
873.000000
873.000000
873.000000
873.000000
873.000000
873.000000
873.000000
873.000000
873.000000
873.000000
873.000000
873.000000
873.000000
873.000000
873.000000
873.000000
873.000000
873.000000
873.000000
873.000000
873.000000
873.000000
873.000000
873.000000
873.000000
873.000000
873.000000
873.000000
873.000000
873.000000
873.000000
873.000000
873.000000
873.000000
873.000000
873.000000
873.000000
873.000000
873.000000
873.000000
873.000000
873.000000
873.000000
873.000000
873.000000
873.000000
873.000000
873.000000
873.000000
873.000000
873.000000
873.000000
873.000000
873.000000
873.000000
873.000000
873.000000
873.000000
873.000000
873.000000
873.000000
873.000000
873.000000
873.000000
873.000000
873.000000
873.000000
873.000000
873.000000
873.000000
873.000000
873.000000
873.000000
873.000000
873.000000
873.000000
873.000000
873.000000
873.000000
873.000000
873.000000
873.000000
873.000000
873.000000
873.000000
873.000000
873.000000
873.000000
873.000000
873.000000
873.000000
873.000000
873.000000
873.000000
873.000000
873.000000
873.000000
873.000000
873.000000
873.000000
873.000000
873.000000
873.000000
873.000000
873.000000
873.000000
873.000000
873.000000
873.000000
873.000000
873.000000
873.000000
873.000000
873.000000
873.000000
873.000000
873.000000
873.000000
873.000000
873.000000
873.000000
873.000000
873.000000
873.000000
873.000000
873.000000
873.000000
873.000000
873.000000
873.000000
873.000000
873.000000
873.000000
873.000000
873.000000
873.000000
873.000000
873.000000
873.000000
873.000000
873.000000
873.000000
873.000000
873.000000
873.000000
873.000000
873.000000
873.000000
873.000000
873.000000
873.000000
873.000000
873.000000
873.000000
873.000000
873.000000
873.000000
873.000000
873.000000
873.000000
873.000000
873.000000
873.000000
873.000000
873.000000
873.000000
873.000000
873.000000
873.000000
873.000000
873.000000
873.000000
873.000000
873.000000
873.000000
873.000000
873.000000
873.000000
873.000000
873.000000
873.000000
873.000000
873.000000
873.000000
873.000000
873.000000
873.000000
873.000000
873.000000
873.000000
873.000000
873.000000
873.000000
873.000000
873.000000
873.000000
873.000000
873.000000
873.000000
873.000000
873.000000
873.000000
873.000000
873.000000
873.000000
873.000000
873.000000
873.000000
873.000000
873.000000
873.000000
873.000000
873.000000
873.000000
873.000000
873.000000
873.000000
873.000000
873.000000
873.000000
873.000000
873.000000
873.000000
873.000000
873.000000
873.000000
873.000000
873.000000
873.000000
873.000000
873.000000
873.000000
873.000000
873.000000
873.000000
873.000000
873.000000
873.000000
873.000000
873.000000
873.000000
873.000000
873.000000
873.000000
873.000000
873.000000
873.000000
873.000000
873.000000
873.000000
873.000000
873.000000
873.000000
873.000000
873.000000
873.000000
873.000000
873.000000
873.000000
873.000000
873.000000
873.000000
873.000000
873.000000
873.000000
873.000000
873.000000
873.000000
873.000000
873.000000
873.000000
873.000000
873.000000
873.000000
873.000000
873.000000
873.000000
873.000000
873.000000
873.000000
873.000000
873.000000
873.000000
873.000000
873.000000
873.000000
873.000000
873.000000
873.000000
873.000000
873.000000
873.000000
873.000000
873.000000
873.000000
873.000000
873.000000
873.000000
873.000000
873.000000
873.000000
873.000000
873.000000
873.000000
873.000000
873.000000
873.000000
873.000000
873.000000
873.000000
873.000000
873.000000
873.000000
873.000000
873.000000
873.000000
873.000000
873.000000
873.000000
873.000000
873.000000
873.000000
873.000000
873.000000
873.000000
873.000000
873.000000
873.000000
873.000000
873.000000
873.000000
873.000000
873.000000
873.000000
873.000000
873.000000
873.000000
873.000000
873.000000
873.000000
873.000000
873.000000
873.000000
873.000000
873.000000
873.000000
873.000000
873.000000
873.000000
873.000000
873.000000
873.000000
873.000000
873.000000
873.000000
873.000000
873.000000
873.000000
873.000000
873.000000
873.000000
873.000000
873.000000
873.000000
873.000000
873.000000
873.000000
873.000000
873.000000
873.000000
873.000000
873.000000
873.000000
873.000000
873.000000
873.000000
873.000000
873.000000
873.000000
873.000000
873.000000
873.000000
873.000000
873.000000
873.000000
873.000000
873.000000
873.000000
873.000000
873.000000
873.000000
873.000000
873.000000
873.000000
873.000000
873.000000
873.000000
873.000000
873.000000
873.000000
873.000000
873.000000
873.000000
873.000000
873.000000
873.000000
873.000000
873.000000
873.000000
873.000000
873.000000
873.000000
873.000000
873.000000
873.000000
873.000000
873.000000
873.000000
873.000000
873.000000
873.000000
873.000000
873.000000
873.000000
873.000000
873.000000
873.000000
873.000000
873.000000
873.000000
873.000000
873.000000
873.000000
873.000000
873.000000
873.000000
873.000000
873.000000
873.000000
873.000000
873.000000
873.000000
873.000000
873.000000
873.000000
873.000000
873.000000
873.000000
873.000000
873.000000
873.000000
873.000000
873.000000
873.000000
873.000000
873.000000
873.000000
873.000000
873.000000
873.000000
873.000000
873.000000
873.000000
873.000000
873.000000
873.000000
873.000000
873.000000
873.000000
873.000000
873.000000
873.000000
873.000000
873.000000
873.000000
873.000000
873.000000
873.000000
873.000000
873.000000
873.000000
873.000000
873.000000
873.000000
873.000000
873.000000
873.000000
873.000000
873.000000
873.000000
873.000000
873.000000
873.000000
873.000000
873.000000
873.000000
873.000000
873.000000
873.000000
873.000000
873.000000
873.000000
873.000000
873.000000
873.000000
873.000000
873.000000
873.000000
873.000000
873.000000
873.000000
873.000000
873.000000
873.000000
873.000000
873.000000
873.000000
873.000000
873.000000
873.000000
873.000000
873.000000
873.000000
873.000000
873.000000
873.000000
873.000000
873.000000
873.000000
873.000000
873.000000
873.000000
873.000000
873.000000
873.000000
873.000000
873.000000
873.000000
873.000000
873.000000
873.000000
873.000000
873.000000
873.000000
873.000000
873.000000
873.000000
873.000000
873.000000
873.000000
873.000000
873.000000
873.000000
873.000000
873.000000
873.000000
873.000000
873.000000
873.000000
873.000000
873.000000
873.000000
873.000000
873.000000
873.000000
873.000000
873.000000
873.000000
873.000000
873.000000
873.000000
873.000000
873.000000
873.000000
873.000000
873.000000
873.000000
873.000000
873.000000
873.000000
873.000000
873.000000
873.000000
873.000000
873.000000
873.000000
873.000000
873.000000
873.000000
873.000000
873.000000
873.000000
873.000000
873.000000
873.000000
873.000000
873.000000
873.000000
873.000000
873.000000
873.000000
873.000000
873.000000
873.000000
873.000000
873.000000
873.000000
873.000000
873.000000
873.000000
873.000000
873.000000
873.000000
873.000000
873.000000
873.000000
873.000000
873.000000
873.000000
873.000000
873.000000
873.000000
873.000000
873.000000
873.000000
873.000000
873.000000
873.000000
873.000000
873.000000
873.000000
873.000000
873.000000
873.000000
873.000000
873.000000
873.000000
873.000000
873.000000
873.000000
873.000000
873.000000
873.000000
873.000000
873.000000
873.000000
873.000000
873.000000
873.000000
873.000000
873.000000
873.000000
873.000000
873.000000
873.000000
873.000000
873.000000
873.000000
873.000000
873.000000
873.000000
873.000000
873.000000
873.000000
873.000000
873.000000
873.000000
873.000000
873.000000
873.000000
873.000000
873.000000
873.000000
873.000000
873.000000
873.000000
873.000000
873.000000
873.000000
873.000000
873.000000
873.000000
873.000000
873.000000
873.000000
873.000000
873.000000
873.000000
873.000000
873.000000
873.000000
873.000000
873.000000
873.000000
873.000000
873.000000
873.000000
873.000000
873.000000
873.000000
873.000000
873.000000
873.000000
873.000000
873.000000
873.000000
873.000000
873.000000
873.000000
873.000000
873.000000
873.000000
873.000000
873.000000
873.000000
873.000000
873.000000
873.000000
873.000000
873.000000
873.000000
873.000000
873.000000
873.000000
873.000000
873.000000
873.000000
873.000000
873.000000
873.000000
873.000000
873.000000
873.000000
873.000000
873.000000
873.000000
873.000000
873.000000
873.000000
873.000000
873.000000
873.000000
873.000000
873.000000
873.000000
873.000000
873.000000
873.000000
873.000000
873.000000
873.000000
873.000000
873.000000
873.000000
873.000000
873.000000
873.000000
873.000000
873.000000
873.000000
873.000000
873.000000
873.000000
873.000000
873.000000
873.000000
873.000000
873.000000
873.000000
873.000000
873.000000
873.000000
873.000000
873.000000
873.000000
873.000000
873.000000
873.000000
873.000000
873.000000
873.000000
873.000000
873.000000
873.000000
873.000000
873.000000
873.000000
873.000000
873.000000
873.000000
873.000000
873.000000
873.000000
873.000000
873.000000
873.000000
873.000000
873.000000
873.000000
873.000000
873.000000
873.000000
873.000000
873.000000
873.000000
873.000000
873.000000
873.000000
873.000000
873.000000
873.000000
873.000000
873.000000
873.000000
873.000000
873.000000
873.000000
873.000000
873.000000
873.000000
873.000000
873.000000
873.000000
873.000000
873.000000
873.000000
873.000000
873.000000
873.000000
873.000000
873.000000
873.000000
873.000000
873.000000
873.000000
873.000000
873.000000
873.000000
873.000000
873.000000
873.000000
873.000000
873.000000
873.000000
873.000000
873.000000
873.000000
873.000000
873.000000
873.000000
873.000000
873.000000
873.000000
873.000000
873.000000
873.000000
873.000000
873.000000
873.000000
873.000000
873.000000
873.000000
873.000000
873.000000
873.000000
873.000000
873.000000
873.000000
873.000000
873.000000
873.000000
873.000000
873.000000
873.000000
873.000000
873.000000
873.000000
873.000000
873.000000
873.000000
873.000000
873.000000
873.000000
873.000000
873.000000
873.000000
873.000000
873.000000
873.000000
873.000000
873.000000
873.000000
873.000000
873.000000
873.000000
873.000000
873.000000
873.000000
873.000000
873.000000
873.000000
873.000000
873.000000
873.000000
873.000000
873.000000
873.000000
873.000000
873.000000
873.000000
873.000000
873.000000
873.000000
873.000000
873.000000
873.000000
873.000000
873.000000
873.000000
873.000000
873.000000
873.000000
873.000000
873.000000
873.000000
873.000000
873.000000
873.000000
873.000000
873.000000
873.000000
873.000000
873.000000
873.000000
873.000000
873.000000
873.000000
873.000000
873.000000
873.000000
873.000000
873.000000
873.000000
873.000000
873.000000
873.000000
873.000000
873.000000
873.000000
873.000000
873.000000
873.000000
873.000000
873.000000
873.000000
873.000000
873.000000
873.000000
873.000000
873.000000
873.000000
873.000000
873.000000
873.000000
873.000000
873.000000
873.000000
873.000000
873.000000
873.000000
873.000000
873.000000
873.000000
873.000000
873.000000
873.000000
873.000000
873.000000
873.000000
873.000000
873.000000
873.000000
873.000000
873.000000
873.000000
873.000000
873.000000
873.000000
873.000000
873.000000
873.000000
873.000000
873.000000
873.000000
873.000000
873.000000
873.000000
873.000000
873.000000
873.000000
873.000000
873.000000
873.000000
873.000000
873.000000
873.000000
873.000000
873.000000
873.000000
873.000000
873.000000
873.000000
873.000000
873.000000
873.000000
873.000000
873.000000
873.000000
873.000000
873.000000
873.000000
873.000000
873.000000
873.000000
873.000000
873.000000
873.000000
873.000000
873.000000
873.000000
873.000000
873.000000
873.000000
873.000000
873.000000
873.000000
873.000000
873.000000
873.000000
873.000000
873.000000
873.000000
873.000000
873.000000
873.000000
873.000000
873.000000
873.000000
873.000000
873.000000
873.000000
873.000000
873.000000
873.000000
873.000000
873.000000
873.000000
873.000000
873.000000
873.000000
873.000000
873.000000
873.000000
873.000000
873.000000
873.000000
873.000000
873.000000
873.000000
873.000000
873.000000
873.000000
873.000000
873.000000
873.000000
873.000000
873.000000
873.000000
873.000000
873.000000
873.000000
873.000000
873.000000
873.000000
873.000000
873.000000
873.000000
873.000000
873.000000
873.000000
873.000000
873.000000
873.000000
873.000000
873.000000
873.000000
873.000000
873.000000
873.000000
873.000000
873.000000
873.000000
873.000000
873.000000
873.000000
873.000000
873.000000
873.000000
873.000000
873.000000
873.000000
873.000000
873.000000
873.000000
873.000000
873.000000
873.000000
873.000000
873.000000
873.000000
873.000000
873.000000
873.000000
873.000000
873.000000
873.000000
873.000000
873.000000
873.000000
873.000000
873.000000
873.000000
873.000000
873.000000
873.000000
873.000000
873.000000
873.000000
873.000000
873.000000
873.000000
873.000000
873.000000
873.000000
873.000000
873.000000
873.000000
873.000000
873.000000
873.000000
873.000000
873.000000
873.000000
873.000000
873.000000
873.000000
873.000000
873.000000
873.000000
873.000000
873.000000
873.000000
873.000000
873.000000
873.000000
873.000000
873.000000
873.000000
873.000000
873.000000
873.000000
873.000000
873.000000
873.000000
873.000000
873.000000
873.000000
873.000000
873.000000
873.000000
873.000000
873.000000
873.000000
873.000000
873.000000
873.000000
873.000000
873.000000
873.000000
873.000000
873.000000
873.000000
873.000000
873.000000
873.000000
873.000000
873.000000
873.000000
873.000000
873.000000
873.000000
873.000000
873.000000
873.000000
873.000000
873.000000
873.000000
873.000000
873.000000
873.000000
873.000000
873.000000
873.000000
873.000000
873.000000
873.000000
873.000000
873.000000
873.000000
873.000000
873.000000
873.000000
873.000000
873.000000
873.000000
873.000000
873.000000
873.000000
873.000000
873.000000
873.000000
873.000000
873.000000
873.000000
873.000000
873.000000
873.000000
873.000000
873.000000
873.000000
873.000000
873.000000
873.000000
873.000000
873.000000
873.000000
873.000000
873.000000
873.000000
873.000000
873.000000
873.000000
873.000000
873.000000
873.000000
873.000000
873.000000
873.000000
873.000000
873.000000
873.000000
873.000000
873.000000
873.000000
873.000000
873.000000
873.000000
873.000000
873.000000
873.000000
873.000000
873.000000
873.000000
873.000000
873.000000
873.000000
873.000000
873.000000
873.000000
873.000000
873.000000
873.000000
873.000000
873.000000
873.000000
873.000000
873.000000
873.000000
873.000000
873.000000
873.000000
873.000000
873.000000
873.000000
873.000000
873.000000
873.000000
873.000000
873.000000
873.000000
873.000000
873.000000
873.000000
873.000000
873.000000
873.000000
873.000000
873.000000
873.000000
873.000000
873.000000
873.000000
873.000000
873.000000
873.000000
873.000000
873.000000
873.000000
873.000000
873.000000
873.000000
873.000000
873.000000
873.000000
873.000000
873.000000
873.000000
873.000000
873.000000
873.000000
873.000000
873.000000
873.000000
873.000000
873.000000
873.000000
873.000000
873.000000
873.000000
873.000000
873.000000
873.000000
873.000000
873.000000
873.000000
873.000000
873.000000
873.000000
873.000000
873.000000
873.000000
873.000000
873.000000
873.000000
873.000000
873.000000
873.000000
873.000000
873.000000
873.000000
873.000000
873.000000
873.000000
873.000000
873.000000
873.000000
873.000000
873.000000
873.000000
873.000000
873.000000
873.000000
873.000000
873.000000
873.000000
873.000000
873.000000
873.000000
873.000000
873.000000
873.000000
873.000000
873.000000
873.000000
873.000000
873.000000
873.000000
873.000000
873.000000
873.000000
873.000000
873.000000
873.000000
873.000000
873.000000
873.000000
873.000000
873.000000
873.000000
873.000000
873.000000
873.000000
873.000000
873.000000
873.000000
873.000000
873.000000
873.000000
873.000000
873.000000
873.000000
873.000000
873.000000
873.000000
873.000000
873.000000
873.000000
873.000000
873.000000
873.000000
873.000000
873.000000
873.000000
873.000000
873.000000
873.000000
873.000000
873.000000
873.000000
873.000000
873.000000
873.000000
873.000000
873.000000
873.000000
873.000000
873.000000
873.000000
873.000000
873.000000
873.000000
873.000000
873.000000
873.000000
873.000000
873.000000
873.000000
873.000000
873.000000
873.000000
873.000000
873.000000
873.000000
873.000000
873.000000
873.000000
873.000000
873.000000
873.000000
873.000000
873.000000
873.000000
873.000000
873.000000
873.000000
873.000000
873.000000
873.000000
873.000000
873.000000
873.000000
873.000000
873.000000
873.000000
873.000000
873.000000
873.000000
873.000000
873.000000
873.000000
873.000000
873.000000
873.000000
873.000000
873.000000
873.000000
873.000000
873.000000
873.000000
873.000000
873.000000
873.000000
873.000000
873.000000
873.000000
873.000000
873.000000
873.000000
873.000000
873.000000
873.000000
873.000000
873.000000
873.000000
873.000000
873.000000
873.000000
873.000000
873.000000
873.000000
873.000000
873.000000
873.000000
873.000000
873.000000
873.000000
873.000000
873.000000
873.000000
873.000000
873.000000
873.000000
873.000000
873.000000
873.000000
873.000000
873.000000
873.000000
873.000000
873.000000
873.000000
873.000000
873.000000
873.000000
873.000000
873.000000
873.000000
873.000000
873.000000
873.000000
873.000000
873.000000
873.000000
873.000000
873.000000
873.000000
873.000000
873.000000
873.000000
873.000000
873.000000
873.000000
873.000000
873.000000
873.000000
873.000000
873.000000
873.000000
873.000000
873.000000
873.000000
873.000000
873.000000
873.000000
873.000000
873.000000
873.000000
873.000000
873.000000
873.000000
873.000000
873.000000
873.000000
873.000000
873.000000
873.000000
873.000000
873.000000
873.000000
873.000000
873.000000
873.000000
873.000000
873.000000
873.000000
873.000000
873.000000
873.000000
873.000000
873.000000
873.000000
873.000000
873.000000
873.000000
873.000000
873.000000
873.000000
873.000000
873.000000
873.000000
873.000000
873.000000
873.000000
873.000000
873.000000
873.000000
873.000000
873.000000
873.000000
873.000000
873.000000
873.000000
873.000000
873.000000
873.000000
873.000000
873.000000
873.000000
873.000000
873.000000
873.000000
873.000000
873.000000
873.000000
873.000000
873.000000
873.000000
873.000000
873.000000
873.000000
873.000000
873.000000
873.000000
873.000000
873.000000
873.000000
873.000000
873.000000
873.000000
873.000000
873.000000
873.000000
873.000000
873.000000
873.000000
873.000000
873.000000
873.000000
873.000000
873.000000
873.000000
873.000000
873.000000
873.000000
873.000000
873.000000
873.000000
873.000000
873.000000
873.000000
873.000000
873.000000
873.000000
873.000000
873.000000
873.000000
873.000000
873.000000
873.000000
873.000000
873.000000
873.000000
873.000000
873.000000
873.000000
873.000000
873.000000
873.000000
873.000000
873.000000
873.000000
873.000000
873.000000
873.000000
873.000000
873.000000
873.000000
873.000000
873.000000
873.000000
873.000000
873.000000
873.000000
873.000000
873.000000
873.000000
873.000000
873.000000
873.000000
873.000000
873.000000
873.000000
873.000000
873.000000
873.000000
873.000000
873.000000
873.000000
873.000000
873.000000
873.000000
873.000000
873.000000
873.000000
873.000000
873.000000
873.000000
873.000000
873.000000
873.000000
873.000000
873.000000
873.000000
873.000000
873.000000
873.000000
873.000000
873.000000
873.000000
873.000000
873.000000
873.000000
873.000000
873.000000
873.000000
873.000000
873.000000
873.000000
873.000000
873.000000
873.000000
873.000000
873.000000
873.000000
873.000000
873.000000
873.000000
873.000000
873.000000
873.000000
873.000000
873.000000
873.000000
873.000000
873.000000
873.000000
873.000000
873.000000
873.000000
873.000000
873.000000
873.000000
873.000000
873.000000
873.000000
873.000000
873.000000
873.000000
873.000000
873.000000
873.000000
873.000000
873.000000
873.000000
873.000000
873.000000
873.000000
873.000000
873.000000
873.000000
873.000000
873.000000
873.000000
873.000000
873.000000
873.000000
873.000000
873.000000
873.000000
873.000000
873.000000
873.000000
873.000000
873.000000
873.000000
873.000000
873.000000
873.000000
873.000000
873.000000
873.000000
873.000000
873.000000
873.000000
873.000000
873.000000
873.000000
873.000000
873.000000
873.000000
873.000000
873.000000
873.000000
873.000000
873.000000
873.000000
873.000000
873.000000
873.000000
873.000000
873.000000
873.000000
873.000000
873.000000
873.000000
873.000000
873.000000
873.000000
873.000000
873.000000
873.000000
873.000000
873.000000
873.000000
873.000000
873.000000
873.000000
873.000000
873.000000
873.000000
873.000000
873.000000
873.000000
873.000000
873.000000
873.000000
873.000000
873.000000
873.000000
873.000000
873.000000
873.000000
873.000000
873.000000
873.000000
873.000000
873.000000
873.000000
873.000000
873.000000
873.000000
873.000000
873.000000
873.000000
873.000000
873.000000
873.000000
873.000000
873.000000
873.000000
873.000000
873.000000
873.000000
873.000000
873.000000
873.000000
873.000000
873.000000
873.000000
873.000000
873.000000
873.000000
873.000000
873.000000
873.000000
873.000000
873.000000
873.000000
873.000000
873.000000
873.000000
873.000000
873.000000
873.000000
873.000000
873.000000
873.000000
873.000000
873.000000
873.000000
873.000000
873.000000
873.000000
873.000000
873.000000
873.000000
873.000000
873.000000
873.000000
873.000000
873.000000
873.000000
873.000000
873.000000
873.000000
873.000000
873.000000
873.000000
873.000000
873.000000
873.000000
873.000000
873.000000
873.000000
873.000000
873.000000
873.000000
873.000000
873.000000
873.000000
873.000000
873.000000
873.000000
873.000000
873.000000
873.000000
873.000000
873.000000
873.000000
873.000000
873.000000
873.000000
873.000000
873.000000
873.000000
873.000000
873.000000
873.000000
873.000000
873.000000
873.000000
873.000000
873.000000
873.000000
873.000000
873.000000
873.000000
873.000000
873.000000
873.000000
873.000000
873.000000
873.000000
873.000000
873.000000
873.000000
873.000000
873.000000
873.000000
873.000000
873.000000
873.000000
873.000000
873.000000
873.000000
873.000000
873.000000
873.000000
873.000000
873.000000
873.000000
873.000000
873.000000
873.000000
873.000000
873.000000
873.000000
873.000000
873.000000
873.000000
873.000000
873.000000
873.000000
873.000000
873.000000
873.000000
873.000000
873.000000
873.000000
873.000000
873.000000
873.000000
873.000000
873.000000
873.000000
873.000000
873.000000
873.000000
873.000000
873.000000
873.000000
873.000000
873.000000
873.000000
873.000000
873.000000
873.000000
873.000000
873.000000
873.000000
873.000000
873.000000
873.000000
873.000000
873.000000
873.000000
873.000000
873.000000
873.000000
873.000000
873.000000
873.000000
873.000000
873.000000
873.000000
873.000000
873.000000
873.000000
873.000000
873.000000
873.000000
873.000000
873.000000
873.000000
873.000000
873.000000
873.000000
873.000000
873.000000
873.000000
873.000000
873.000000
873.000000
873.000000
873.000000
873.000000
873.000000
873.000000
873.000000
873.000000
873.000000
873.000000
873.000000
873.000000
873.000000
873.000000
873.000000
873.000000
873.000000
873.000000
873.000000
873.000000
873.000000
873.000000
873.000000
873.000000
873.000000
873.000000
873.000000
873.000000
873.000000
873.000000
873.000000
873.000000
873.000000
873.000000
873.000000
873.000000
873.000000
873.000000
873.000000
873.000000
873.000000
873.000000
873.000000
873.000000
873.000000
873.000000
873.000000
873.000000
873.000000
873.000000
873.000000
873.000000
873.000000
873.000000
873.000000
873.000000
873.000000
873.000000
873.000000
873.000000
873.000000
873.000000
873.000000
873.000000
873.000000
873.000000
873.000000
873.000000
873.000000
873.000000
873.000000
873.000000
873.000000
873.000000
873.000000
873.000000
873.000000
873.000000
873.000000
873.000000
873.000000
873.000000
873.000000
873.000000
873.000000
873.000000
873.000000
873.000000
873.000000
873.000000
873.000000
873.000000
873.000000
873.000000
873.000000
873.000000
873.000000
873.000000
873.000000
873.000000
873.000000
873.000000
873.000000
873.000000
873.000000
873.000000
873.000000
873.000000
873.000000
873.000000
873.000000
873.000000
873.000000
873.000000
873.000000
873.000000
873.000000
873.000000
873.000000
873.000000
873.000000
873.000000
873.000000
873.000000
873.000000
873.000000
873.000000
873.000000
873.000000
873.000000
873.000000
873.000000
873.000000
873.000000
873.000000
873.000000
873.000000
873.000000
873.000000
873.000000
873.000000
873.000000
873.000000
873.000000
873.000000
873.000000
873.000000
873.000000
873.000000
873.000000
873.000000
873.000000
873.000000
873.000000
873.000000
873.000000
873.000000
873.000000
873.000000
873.000000
873.000000
873.000000
873.000000
873.000000
873.000000
873.000000
873.000000
873.000000
873.000000
873.000000
873.000000
873.000000
873.000000
873.000000
873.000000
873.000000
873.000000
873.000000
873.000000
873.000000
873.000000
873.000000
873.000000
873.000000
873.000000
873.000000
873.000000
873.000000
873.000000
873.000000
873.000000
873.000000
873.000000
873.000000
873.000000
873.000000
873.000000
873.000000
873.000000
873.000000
873.000000
873.000000
873.000000
873.000000
873.000000
873.000000
873.000000
873.000000
873.000000
873.000000
873.000000
873.000000
873.000000
873.000000
873.000000
873.000000
873.000000
873.000000
873.000000
873.000000
873.000000
873.000000
873.000000
873.000000
873.000000
873.000000
873.000000
873.000000
873.000000
873.000000
873.000000
873.000000
873.000000
873.000000
873.000000
873.000000
873.000000
873.000000
873.000000
873.000000
873.000000
873.000000
873.000000
873.000000
873.000000
873.000000
873.000000
873.000000
873.000000
873.000000
873.000000
873.000000
873.000000
873.000000
873.000000
873.000000
873.000000
873.000000
873.000000
873.000000
873.000000
873.000000
873.000000
873.000000
873.000000
873.000000
873.000000
873.000000
873.000000
873.000000
873.000000
873.000000
873.000000
873.000000
873.000000
873.000000
873.000000
873.000000
873.000000
873.000000
873.000000
873.000000
873.000000
873.000000
873.000000
873.000000
873.000000
873.000000
873.000000
873.000000
873.000000
873.000000
873.000000
873.000000
873.000000
873.000000
873.000000
873.000000
873.000000
873.000000
873.000000
873.000000
873.000000
873.000000
873.000000
873.000000
873.000000
873.000000
873.000000
873.000000
873.000000
873.000000
873.000000
873.000000
873.000000
873.000000
873.000000
873.000000
873.000000
873.000000
873.000000
873.000000
873.000000
873.000000
873.000000
873.000000
873.000000
873.000000
873.000000
873.000000
873.000000
873.000000
873.000000
873.000000
873.000000
873.000000
873.000000
873.000000
873.000000
873.000000
873.000000
873.000000
873.000000
873.000000
873.000000
873.000000
873.000000
873.000000
873.000000
873.000000
873.000000
873.000000
873.000000
873.000000
873.000000
873.000000
873.000000
873.000000
873.000000
873.000000
873.000000
873.000000
873.000000
873.000000
873.000000
873.000000
873.000000
873.000000
873.000000
873.000000
873.000000
873.000000
873.000000
873.000000
873.000000
873.000000
873.000000
873.000000
873.000000
873.000000
873.000000
873.000000
873.000000
873.000000
873.000000
873.000000
873.000000
873.000000
873.000000
873.000000
873.000000
873.000000
873.000000
873.000000
873.000000
873.000000
873.000000
873.000000
873.000000
873.000000
873.000000
873.000000
873.000000
873.000000
873.000000
873.000000
873.000000
873.000000
873.000000
873.000000
873.000000
873.000000
873.000000
873.000000
873.000000
873.000000
873.000000
873.000000
873.000000
873.000000
873.000000
873.000000
873.000000
873.000000
873.000000
873.000000
873.000000
873.000000
873.000000
873.000000
873.000000
873.000000
873.000000
873.000000
873.000000
873.000000
873.000000
873.000000
873.000000
873.000000
873.000000
873.000000
873.000000
873.000000
873.000000
873.000000
873.000000
873.000000
873.000000
873.000000
873.000000
873.000000
873.000000
873.000000
873.000000
873.000000
873.000000
873.000000
873.000000
873.000000
873.000000
873.000000
873.000000
873.000000
873.000000
873.000000
873.000000
873.000000
873.000000
873.000000
873.000000
873.000000
873.000000
873.000000
873.000000
873.000000
873.000000
873.000000
873.000000
873.000000
873.000000
873.000000
873.000000
873.000000
873.000000
873.000000
873.000000
873.000000
873.000000
873.000000
873.000000
873.000000
873.000000
873.000000
873.000000
873.000000
873.000000
873.000000
873.000000
873.000000
873.000000
873.000000
873.000000
873.000000
873.000000
873.000000
873.000000
873.000000
873.000000
873.000000
873.000000
873.000000
873.000000
873.000000
873.000000
873.000000
873.000000
873.000000
873.000000
873.000000
873.000000
873.000000
873.000000
873.000000
873.000000
873.000000
873.000000
873.000000
873.000000
873.000000
873.000000
873.000000
873.000000
873.000000
873.000000
873.000000
873.000000
873.000000
873.000000
873.000000
873.000000
873.000000
873.000000
873.000000
873.000000
873.000000
873.000000
873.000000
873.000000
873.000000
873.000000
873.000000
873.000000
873.000000
873.000000
873.000000
873.000000
873.000000
873.000000
873.000000
873.000000
873.000000
873.000000
873.000000
873.000000
873.000000
873.000000
873.000000
873.000000
873.000000
873.000000
873.000000
873.000000
873.000000
873.000000
873.000000
873.000000
873.000000
873.000000
873.000000
873.000000
873.000000
873.000000
873.000000
873.000000
873.000000
873.000000
873.000000
873.000000
873.000000
873.000000
873.000000
873.000000
873.000000
873.000000
873.000000
873.000000
873.000000
873.000000
873.000000
873.000000
873.000000
873.000000
873.000000
873.000000
873.000000
873.000000
873.000000
873.000000
873.000000
873.000000
873.000000
873.000000
873.000000
873.000000
873.000000
873.000000
873.000000
873.000000
873.000000
873.000000
873.000000
873.000000
873.000000
873.000000
873.000000
873.000000
873.000000
873.000000
873.000000
873.000000
873.000000
873.000000
873.000000
873.000000
873.000000
873.000000
873.000000
873.000000
873.000000
873.000000
873.000000
873.000000
873.000000
873.000000
873.000000
873.000000
873.000000
873.000000
873.000000
873.000000
873.000000
873.000000
873.000000
873.000000
873.000000
873.000000
873.000000
873.000000
873.000000
873.000000
873.000000
873.000000
873.000000
873.000000
873.000000
873.000000
873.000000
873.000000
873.000000
873.000000
873.000000
873.000000
873.000000
873.000000
873.000000
873.000000
873.000000
873.000000
873.000000
873.000000
873.000000
873.000000
873.000000
873.000000
873.000000
873.000000
873.000000
873.000000
873.000000
873.000000
873.000000
873.000000
873.000000
873.000000
873.000000
873.000000
873.000000
873.000000
873.000000
873.000000
873.000000
873.000000
873.000000
873.000000
873.000000
873.000000
873.000000
873.000000
873.000000
873.000000
873.000000
873.000000
873.000000
873.000000
873.000000
873.000000
873.000000
873.000000
873.000000
873.000000
873.000000
873.000000
873.000000
873.000000
873.000000
873.000000
873.000000
873.000000
873.000000
873.000000
873.000000
873.000000
873.000000
873.000000
873.000000
873.000000
873.000000
873.000000
873.000000
873.000000
873.000000
873.000000
873.000000
873.000000
873.000000
873.000000
873.000000
873.000000
873.000000
873.000000
873.000000
873.000000
873.000000
873.000000
873.000000
873.000000
873.000000
873.000000
873.000000
873.000000
873.000000
873.000000
873.000000
873.000000
873.000000
873.000000
873.000000
873.000000
873.000000
873.000000
873.000000
873.000000
873.000000
873.000000
873.000000
873.000000
873.000000
873.000000
873.000000
873.000000
873.000000
873.000000
873.000000
873.000000
873.000000
873.000000
873.000000
873.000000
873.000000
873.000000
873.000000
873.000000
873.000000
873.000000
873.000000
873.000000
873.000000
873.000000
873.000000
873.000000
873.000000
873.000000
873.000000
873.000000
873.000000
873.000000
873.000000
873.000000
873.000000
873.000000
873.000000
873.000000
873.000000
873.000000
873.000000
873.000000
873.000000
873.000000
873.000000
873.000000
873.000000
873.000000
873.000000
873.000000
873.000000
873.000000
873.000000
873.000000
873.000000
873.000000
873.000000
873.000000
873.000000
873.000000
873.000000
873.000000
873.000000
873.000000
873.000000
873.000000
873.000000
873.000000
873.000000
873.000000
873.000000
873.000000
873.000000
873.000000
873.000000
873.000000
873.000000
873.000000
873.000000
873.000000
873.000000
873.000000
873.000000
873.000000
873.000000
873.000000
873.000000
873.000000
873.000000
873.000000
873.000000
873.000000
873.000000
873.000000
873.000000
873.000000
873.000000
873.000000
873.000000
873.000000
873.000000
873.000000
873.000000
873.000000
873.000000
873.000000
873.000000
873.000000
873.000000
873.000000
873.000000
873.000000
873.000000
873.000000
873.000000
873.000000
873.000000
873.000000
873.000000
873.000000
873.000000
873.000000
873.000000
873.000000
873.000000
873.000000
873.000000
873.000000
873.000000
873.000000
873.000000
873.000000
873.000000
873.000000
873.000000
873.000000
873.000000
873.000000
873.000000
873.000000
873.000000
873.000000
873.000000
873.000000
873.000000
873.000000
873.000000
873.000000
873.000000
873.000000
873.000000
873.000000
873.000000
873.000000
873.000000
873.000000
873.000000
873.000000
873.000000
873.000000
873.000000
873.000000
873.000000
873.000000
873.000000
873.000000
873.000000
873.000000
873.000000
873.000000
873.000000
873.000000
873.000000
873.000000
873.000000
873.000000
873.000000
873.000000
873.000000
873.000000
873.000000
873.000000
873.000000
873.000000
873.000000
873.000000
873.000000
873.000000
873.000000
873.000000
873.000000
873.000000
873.000000
873.000000
873.000000
873.000000
873.000000
873.000000
873.000000
873.000000
873.000000
873.000000
873.000000
873.000000
873.000000
873.000000
873.000000
873.000000
873.000000
873.000000
873.000000
873.000000
873.000000
873.000000
873.000000
873.000000
873.000000
873.000000
873.000000
873.000000
873.000000
873.000000
873.000000
873.000000
873.000000
873.000000
873.000000
873.000000
873.000000
873.000000
873.000000
873.000000
873.000000
873.000000
873.000000
873.000000
873.000000
873.000000
873.000000
873.000000
873.000000
873.000000
873.000000
873.000000
873.000000
873.000000
873.000000
873.000000
873.000000
873.000000
873.000000
873.000000
873.000000
873.000000
873.000000
873.000000
873.000000
873.000000
873.000000
873.000000
873.000000
873.000000
873.000000
873.000000
873.000000
873.000000
873.000000
873.000000
873.000000
873.000000
873.000000
873.000000
873.000000
873.000000
873.000000
873.000000
873.000000
873.000000
873.000000
873.000000
873.000000
873.000000
873.000000
873.000000
873.000000
873.000000
873.000000
873.000000
873.000000
873.000000
873.000000
873.000000
873.000000
873.000000
873.000000
873.000000
873.000000
873.000000
873.000000
873.000000
873.000000
873.000000
873.000000
873.000000
873.000000
873.000000
873.000000
873.000000
873.000000
873.000000
873.000000
873.000000
873.000000
873.000000
873.000000
873.000000
873.000000
873.000000
873.000000
873.000000
873.000000
873.000000
873.000000
873.000000
873.000000
873.000000
873.000000
873.000000
873.000000
873.000000
873.000000
873.000000
873.000000
873.000000
873.000000
873.000000
873.000000
873.000000
873.000000
873.000000
873.000000
873.000000
873.000000
873.000000
873.000000
873.000000
873.000000
873.000000
873.000000
873.000000
873.000000
873.000000
873.000000
873.000000
873.000000
873.000000
873.000000
873.000000
873.000000
873.000000
873.000000
873.000000
873.000000
873.000000
873.000000
873.000000
873.000000
873.000000
873.000000
873.000000
873.000000
873.000000
873.000000
873.000000
873.000000
873.000000
873.000000
873.000000
873.000000
873.000000
873.000000
873.000000
873.000000
873.000000
873.000000
873.000000
873.000000
873.000000
873.000000
873.000000
873.000000
873.000000
873.000000
873.000000
873.000000
873.000000
873.000000
873.000000
873.000000
873.000000
873.000000
873.000000
873.000000
873.000000
873.000000
873.000000
873.000000
873.000000
873.000000
873.000000
873.000000
873.000000
873.000000
873.000000
873.000000
873.000000
873.000000
873.000000
873.000000
873.000000
873.000000
873.000000
873.000000
873.000000
873.000000
873.000000
873.000000
873.000000
873.000000
873.000000
873.000000
873.000000
873.000000
873.000000
873.000000
873.000000
873.000000
873.000000
873.000000
873.000000
873.000000
873.000000
873.000000
873.000000
873.000000
873.000000
873.000000
873.000000
873.000000
873.000000
873.000000
873.000000
873.000000
873.000000
873.000000
873.000000
873.000000
873.000000
873.000000
873.000000
873.000000
873.000000
873.000000
873.000000
873.000000
873.000000
873.000000
873.000000
873.000000
873.000000
873.000000
873.000000
873.000000
873.000000
873.000000
873.000000
873.000000
873.000000
873.000000
873.000000
873.000000
873.000000
873.000000
873.000000
873.000000
873.000000
873.000000
873.000000
873.000000
873.000000
873.000000
873.000000
873.000000
873.000000
873.000000
873.000000
873.000000
873.000000
873.000000
873.000000
873.000000
873.000000
873.000000
873.000000
873.000000
873.000000
873.000000
873.000000
873.000000
873.000000
873.000000
873.000000
873.000000
873.000000
873.000000
873.000000
873.000000
873.000000
873.000000
873.000000
873.000000
873.000000
873.000000
873.000000
873.000000
873.000000
873.000000
873.000000
873.000000
873.000000
873.000000
873.000000
873.000000
873.000000
873.000000
873.000000
873.000000
873.000000
873.000000
873.000000
873.000000
873.000000
873.000000
873.000000
873.000000
873.000000
873.000000
873.000000
873.000000
873.000000
873.000000
873.000000
873.000000
873.000000
873.000000
873.000000
873.000000
873.000000
873.000000
873.000000
873.000000
873.000000
873.000000
873.000000
873.000000
873.000000
873.000000
873.000000
873.000000
873.000000
873.000000
873.000000
873.000000
873.000000
873.000000
873.000000
873.000000
873.000000
873.000000
873.000000
873.000000
873.000000
873.000000
873.000000
873.000000
873.000000
873.000000
873.000000
873.000000
873.000000
873.000000
873.000000
873.000000
873.000000
873.000000
873.000000
873.000000
873.000000
873.000000
873.000000
873.000000
873.000000
873.000000
873.000000
873.000000
873.000000
873.000000
873.000000
873.000000
873.000000
873.000000
873.000000
873.000000
873.000000
873.000000
873.000000
873.000000
873.000000
873.000000
873.000000
873.000000
873.000000
873.000000
873.000000
873.000000
873.000000
873.000000
873.000000
873.000000
873.000000
873.000000
873.000000
873.000000
873.000000
873.000000
873.000000
873.000000
873.000000
873.000000
873.000000
873.000000
873.000000
873.000000
873.000000
873.000000
873.000000
873.000000
873.000000
873.000000
873.000000
873.000000
873.000000
873.000000
873.000000
873.000000
873.000000
873.000000
873.000000
873.000000
873.000000
873.000000
873.000000
873.000000
873.000000
873.000000
873.000000
873.000000
873.000000
873.000000
873.000000
873.000000
873.000000
873.000000
873.000000
873.000000
873.000000
873.000000
873.000000
873.000000
873.000000
873.000000
873.000000
873.000000
873.000000
873.000000
873.000000
873.000000
873.000000
873.000000
873.000000
873.000000
873.000000
873.000000
873.000000
873.000000
873.000000
873.000000
873.000000
873.000000
873.000000
873.000000
873.000000
873.000000
873.000000
873.000000
873.000000
873.000000
873.000000
873.000000
873.000000
873.000000
873.000000
873.000000
873.000000
873.000000
873.000000
873.000000
873.000000
873.000000
873.000000
873.000000
873.000000
873.000000
873.000000
873.000000
873.000000
873.000000
873.000000
873.000000
873.000000
873.000000
873.000000
873.000000
873.000000
873.000000
873.000000
873.000000
873.000000
873.000000
873.000000
873.000000
873.000000
873.000000
873.000000
873.000000
873.000000
873.000000
873.000000
873.000000
873.000000
873.000000
873.000000
873.000000
873.000000
873.000000
873.000000
873.000000
873.000000
873.000000
873.000000
873.000000
873.000000
873.000000
873.000000
873.000000
873.000000
873.000000
873.000000
873.000000
873.000000
873.000000
873.000000
873.000000
873.000000
873.000000
873.000000
873.000000
873.000000
873.000000
873.000000
873.000000
873.000000
873.000000
873.000000
873.000000
873.000000
873.000000
873.000000
873.000000
873.000000
873.000000
873.000000
873.000000
873.000000
873.000000
873.000000
873.000000
873.000000
873.000000
873.000000
873.000000
873.000000
873.000000
873.000000
873.000000
873.000000
873.000000
873.000000
873.000000
873.000000
873.000000
873.000000
873.000000
873.000000
873.000000
873.000000
873.000000
873.000000
873.000000
873.000000
873.000000
873.000000
873.000000
873.000000
873.000000
873.000000
873.000000
873.000000
873.000000
873.000000
873.000000
873.000000
873.000000
873.000000
873.000000
873.000000
873.000000
873.000000
873.000000
873.000000
873.000000
873.000000
873.000000
873.000000
873.000000
873.000000
873.000000
873.000000
873.000000
873.000000
873.000000
873.000000
873.000000
873.000000
873.000000
873.000000
873.000000
873.000000
873.000000
873.000000
873.000000
873.000000
873.000000
873.000000
873.000000
873.000000
873.000000
873.000000
873.000000
873.000000
873.000000
873.000000
873.000000
873.000000
873.000000
873.000000
873.000000
873.000000
873.000000
873.000000
873.000000
873.000000
873.000000
873.000000
873.000000
873.000000
873.000000
873.000000
873.000000
873.000000
873.000000
873.000000
873.000000
873.000000
873.000000
873.000000
873.000000
873.000000
873.000000
873.000000
873.000000
873.000000
873.000000
873.000000
873.000000
873.000000
873.000000
873.000000
873.000000
873.000000
873.000000
873.000000
873.000000
873.000000
873.000000
873.000000
873.000000
873.000000
873.000000
873.000000
873.000000
873.000000
873.000000
873.000000
873.000000
873.000000
873.000000
873.000000
873.000000
873.000000
873.000000
873.000000
873.000000
873.000000
873.000000
873.000000
873.000000
873.000000
873.000000
873.000000
873.000000
873.000000
873.000000
873.000000
873.000000
873.000000
873.000000
873.000000
873.000000
873.000000
873.000000
873.000000
873.000000
873.000000
873.000000
873.000000
873.000000
873.000000
873.000000
873.000000
873.000000
873.000000
873.000000
873.000000
873.000000
873.000000
873.000000
873.000000
873.000000
873.000000
873.000000
873.000000
873.000000
873.000000
873.000000
873.000000
873.000000
873.000000
873.000000
873.000000
873.000000
873.000000
873.000000
873.000000
873.000000
873.000000
873.000000
873.000000
873.000000
873.000000
873.000000
873.000000
873.000000
873.000000
873.000000
873.000000
873.000000
873.000000
873.000000
873.000000
873.000000
873.000000
873.000000
873.000000
873.000000
873.000000
873.000000
873.000000
873.000000
873.000000
873.000000
873.000000
873.000000
873.000000
873.000000
873.000000
873.000000
873.000000
873.000000
873.000000
873.000000
873.000000
873.000000
873.000000
873.000000
873.000000
873.000000
873.000000
873.000000
873.000000
873.000000
873.000000
873.000000
873.000000
873.000000
873.000000
873.000000
873.000000
873.000000
873.000000
873.000000
873.000000
873.000000
873.000000
873.000000
873.000000
873.000000
873.000000
873.000000
873.000000
873.000000
873.000000
873.000000
873.000000
873.000000
873.000000
873.000000
873.000000
873.000000
873.000000
873.000000
873.000000
873.000000
873.000000
873.000000
873.000000
873.000000
873.000000
873.000000
873.000000
873.000000
873.000000
873.000000
873.000000
873.000000
873.000000
873.000000
873.000000
873.000000
873.000000
873.000000
873.000000
873.000000
873.000000
873.000000
873.000000
873.000000
873.000000
873.000000
873.000000
873.000000
873.000000
873.000000
873.000000
873.000000
873.000000
873.000000
873.000000
873.000000
873.000000
873.000000
873.000000
873.000000
873.000000
873.000000
873.000000
873.000000
873.000000
873.000000
873.000000
873.000000
873.000000
873.000000
873.000000
873.000000
873.000000
873.000000
873.000000
873.000000
873.000000
873.000000
873.000000
873.000000
873.000000
873.000000
873.000000
873.000000
873.000000
873.000000
873.000000
873.000000
873.000000
873.000000
873.000000
873.000000
873.000000
873.000000
873.000000
873.000000
873.000000
873.000000
873.000000
873.000000
873.000000
873.000000
873.000000
873.000000
873.000000
873.000000
873.000000
873.000000
873.000000
873.000000
873.000000
873.000000
873.000000
873.000000
873.000000
873.000000
873.000000
873.000000
873.000000
873.000000
873.000000
873.000000
873.000000
873.000000
873.000000
873.000000
873.000000
873.000000
873.000000
873.000000
873.000000
873.000000
873.000000
873.000000
873.000000
873.000000
873.000000
873.000000
873.000000
873.000000
873.000000
873.000000
873.000000
873.000000
873.000000
873.000000
873.000000
873.000000
873.000000
873.000000
873.000000
873.000000
873.000000
873.000000
873.000000
873.000000
873.000000
873.000000
873.000000
873.000000
873.000000
873.000000
873.000000
873.000000
873.000000
873.000000
873.000000
873.000000
873.000000
873.000000
873.000000
873.000000
873.000000
873.000000
873.000000
873.000000
873.000000
873.000000
873.000000
873.000000
873.000000
873.000000
873.000000
873.000000
873.000000
873.000000
873.000000
873.000000
873.000000
873.000000
873.000000
873.000000
873.000000
873.000000
873.000000
873.000000
873.000000
873.000000
873.000000
873.000000
873.000000
873.000000
873.000000
873.000000
873.000000
873.000000
873.000000
873.000000
873.000000
873.000000
873.000000
873.000000
873.000000
873.000000
873.000000
873.000000
873.000000
873.000000
873.000000
873.000000
873.000000
873.000000
873.000000
873.000000
873.000000
873.000000
873.000000
873.000000
873.000000
873.000000
873.000000
873.000000
873.000000
873.000000
873.000000
873.000000
873.000000
873.000000
873.000000
873.000000
873.000000
873.000000
873.000000
873.000000
873.000000
873.000000
873.000000
873.000000
873.000000
873.000000
873.000000
873.000000
873.000000
873.000000
873.000000
873.000000
873.000000
873.000000
873.000000
873.000000
873.000000
873.000000
873.000000
873.000000
873.000000
873.000000
873.000000
873.000000
873.000000
873.000000
873.000000
873.000000
873.000000
873.000000
873.000000
873.000000
873.000000
873.000000
873.000000
873.000000
873.000000
873.000000
873.000000
873.000000
873.000000
873.000000
873.000000
873.000000
873.000000
873.000000
873.000000
873.000000
873.000000
873.000000
873.000000
873.000000
873.000000
873.000000
873.000000
873.000000
873.000000
873.000000
873.000000
873.000000
873.000000
873.000000
873.000000
873.000000
873.000000
873.000000
873.000000
873.000000
873.000000
873.000000
873.000000
873.000000
873.000000
873.000000
873.000000
873.000000
873.000000
873.000000
873.000000
873.000000
873.000000
873.000000
873.000000
873.000000
873.000000
873.000000
873.000000
873.000000
873.000000
873.000000
873.000000
873.000000
873.000000
873.000000
873.000000
873.000000
873.000000
873.000000
873.000000
873.000000
873.000000
873.000000
873.000000
873.000000
873.000000
873.000000
873.000000
873.000000
873.000000
873.000000
873.000000
873.000000
873.000000
873.000000
873.000000
873.000000
873.000000
873.000000
873.000000
873.000000
873.000000
873.000000
873.000000
873.000000
873.000000
873.000000
873.000000
873.000000
873.000000
873.000000
873.000000
873.000000
873.000000
873.000000
873.000000
873.000000
873.000000
873.000000
873.000000
873.000000
873.000000
873.000000
873.000000
873.000000
873.000000
873.000000
873.000000
873.000000
873.000000
873.000000
873.000000
873.000000
873.000000
873.000000
873.000000
873.000000
873.000000
873.000000
873.000000
873.000000
873.000000
873.000000
873.000000
873.000000
873.000000
873.000000
873.000000
873.000000
873.000000
873.000000
873.000000
873.000000
873.000000
873.000000
873.000000
873.000000
873.000000
873.000000
873.000000
873.000000
873.000000
873.000000
873.000000
873.000000
873.000000
873.000000
873.000000
873.000000
873.000000
873.000000
873.000000
873.000000
873.000000
873.000000
873.000000
873.000000
873.000000
873.000000
873.000000
873.000000
873.000000
873.000000
873.000000
873.000000
873.000000
873.000000
873.000000
873.000000
873.000000
873.000000
873.000000
873.000000
873.000000
873.000000
873.000000
873.000000
873.000000
873.000000
873.000000
873.000000
873.000000
873.000000
873.000000
873.000000
873.000000
873.000000
873.000000
873.000000
873.000000
873.000000
873.000000
873.000000
873.000000
873.000000
873.000000
873.000000
873.000000
873.000000
873.000000
873.000000
873.000000
873.000000
873.000000
873.000000
873.000000
873.000000
873.000000
873.000000
873.000000
873.000000
873.000000
873.000000
873.000000
873.000000
873.000000
873.000000
873.000000
873.000000
873.000000
873.000000
873.000000
873.000000
873.000000
873.000000
873.000000
873.000000
873.000000
873.000000
873.000000
873.000000
873.000000
873.000000
873.000000
873.000000
873.000000
873.000000
873.000000
873.000000
873.000000
873.000000
873.000000
873.000000
873.000000
873.000000
873.000000
873.000000
873.000000
873.000000
873.000000
873.000000
873.000000
873.000000
873.000000
873.000000
873.000000
873.000000
873.000000
873.000000
873.000000
873.000000
873.000000
873.000000
873.000000
873.000000
873.000000
873.000000
873.000000
873.000000
873.000000
873.000000
873.000000
873.000000
873.000000
873.000000
873.000000
873.000000
873.000000
873.000000
873.000000
873.000000
873.000000
873.000000
873.000000
873.000000
873.000000
873.000000
873.000000
873.000000
873.000000
873.000000
873.000000
873.000000
873.000000
873.000000
873.000000
873.000000
873.000000
873.000000
873.000000
873.000000
873.000000
873.000000
873.000000
873.000000
873.000000
873.000000
873.000000
873.000000
873.000000
873.000000
873.000000
873.000000
873.000000
873.000000
873.000000
873.000000
873.000000
873.000000
873.000000
873.000000
873.000000
873.000000
873.000000
873.000000
873.000000
873.000000
873.000000
873.000000
873.000000
873.000000
873.000000
873.000000
873.000000
873.000000
873.000000
873.000000
873.000000
873.000000
873.000000
873.000000
873.000000
873.000000
873.000000
873.000000
873.000000
873.000000
873.000000
873.000000
873.000000
873.000000
873.000000
873.000000
873.000000
873.000000
873.000000
873.000000
873.000000
873.000000
873.000000
873.000000
873.000000
873.000000
873.000000
873.000000
873.000000
873.000000
873.000000
873.000000
873.000000
873.000000
873.000000
873.000000
873.000000
873.000000
873.000000
873.000000
873.000000
873.000000
873.000000
873.000000
873.000000
873.000000
873.000000
873.000000
873.000000
873.000000
873.000000
873.000000
873.000000
873.000000
873.000000
873.000000
873.000000
873.000000
873.000000
873.000000
873.000000
873.000000
873.000000
873.000000
873.000000
873.000000
873.000000
873.000000
873.000000
873.000000
873.000000
873.000000
873.000000
873.000000
873.000000
873.000000
873.000000
873.000000
873.000000
873.000000
873.000000
873.000000
873.000000
873.000000
873.000000
873.000000
873.000000
873.000000
873.000000
873.000000
873.000000
873.000000
873.000000
873.000000
873.000000
873.000000
873.000000
873.000000
873.000000
873.000000
873.000000
873.000000
873.000000
873.000000
873.000000
873.000000
873.000000
873.000000
873.000000
873.000000
873.000000
873.000000
873.000000
873.000000
873.000000
873.000000
873.000000
873.000000
873.000000
873.000000
873.000000
873.000000
873.000000
873.000000
873.000000
873.000000
873.000000
873.000000
873.000000
873.000000
873.000000
873.000000
873.000000
873.000000
873.000000
873.000000
873.000000
873.000000
873.000000
873.000000
873.000000
873.000000
873.000000
873.000000
873.000000
873.000000
873.000000
873.000000
873.000000
873.000000
873.000000
873.000000
873.000000
873.000000
873.000000
873.000000
873.000000
873.000000
873.000000
873.000000
873.000000
873.000000
873.000000
873.000000
873.000000
873.000000
873.000000
873.000000
873.000000
873.000000
873.000000
873.000000
873.000000
873.000000
873.000000
873.000000
873.000000
873.000000
873.000000
873.000000
873.000000
873.000000
873.000000
873.000000
873.000000
873.000000
873.000000
873.000000
873.000000
873.000000
873.000000
873.000000
873.000000
873.000000
873.000000
873.000000
873.000000
873.000000
873.000000
873.000000
873.000000
873.000000
873.000000
873.000000
873.000000
873.000000
873.000000
873.000000
873.000000
873.000000
873.000000
873.000000
873.000000
873.000000
873.000000
873.000000
873.000000
873.000000
873.000000
873.000000
873.000000
873.000000
873.000000
873.000000
873.000000
873.000000
873.000000
873.000000
873.000000
873.000000
873.000000
873.000000
873.000000
873.000000
873.000000
873.000000
873.000000
873.000000
873.000000
873.000000
873.000000
873.000000
873.000000
873.000000
873.000000
873.000000
873.000000
873.000000
873.000000
873.000000
873.000000
873.000000
873.000000
873.000000
873.000000
873.000000
873.000000
873.000000
873.000000
873.000000
873.000000
873.000000
873.000000
873.000000
873.000000
873.000000
873.000000
873.000000
873.000000
873.000000
873.000000
873.000000
873.000000
873.000000
873.000000
873.000000
873.000000
873.000000
873.000000
873.000000
873.000000
873.000000
873.000000
873.000000
873.000000
873.000000
873.000000
873.000000
873.000000
873.000000
873.000000
873.000000
873.000000
873.000000
873.000000
873.000000
873.000000
873.000000
873.000000
873.000000
873.000000
873.000000
873.000000
873.000000
873.000000
873.000000
873.000000
873.000000
873.000000
873.000000
873.000000
873.000000
873.000000
873.000000
873.000000
873.000000
873.000000
873.000000
873.000000
873.000000
873.000000
873.000000
873.000000
873.000000
873.000000
873.000000
873.000000
873.000000
873.000000
873.000000
873.000000
873.000000
873.000000
873.000000
873.000000
873.000000
873.000000
873.000000
873.000000
873.000000
873.000000
873.000000
873.000000
873.000000
873.000000
873.000000
873.000000
873.000000
873.000000
873.000000
873.000000
873.000000
873.000000
873.000000
873.000000
873.000000
873.000000
873.000000
873.000000
873.000000
873.000000
873.000000
873.000000
873.000000
873.000000
873.000000
873.000000
873.000000
873.000000
873.000000
873.000000
873.000000
873.000000
873.000000
873.000000
873.000000
873.000000
873.000000
873.000000
873.000000
873.000000
873.000000
873.000000
873.000000
873.000000
873.000000
873.000000
873.000000
873.000000
873.000000
873.000000
873.000000
873.000000
873.000000
873.000000
873.000000
873.000000
873.000000
873.000000
873.000000
873.000000
873.000000
873.000000
873.000000
873.000000
873.000000
873.000000
873.000000
873.000000
873.000000
873.000000
873.000000
873.000000
873.000000
873.000000
873.000000
873.000000
873.000000
873.000000
873.000000
873.000000
873.000000
873.000000
873.000000
873.000000
873.000000
873.000000
873.000000
873.000000
873.000000
873.000000
873.000000
873.000000
873.000000
873.000000
873.000000
873.000000
873.000000
873.000000
873.000000
873.000000
873.000000
873.000000
873.000000
873.000000
873.000000
873.000000
873.000000
873.000000
873.000000
873.000000
873.000000
873.000000
873.000000
873.000000
873.000000
873.000000
873.000000
873.000000
873.000000
873.000000
873.000000
873.000000
873.000000
873.000000
873.000000
873.000000
873.000000
873.000000
873.000000
873.000000
873.000000
873.000000
873.000000
873.000000
873.000000
873.000000
873.000000
873.000000
873.000000
873.000000
873.000000
873.000000
873.000000
873.000000
873.000000
873.000000
873.000000
873.000000
873.000000
873.000000
873.000000
873.000000
873.000000
873.000000
873.000000
873.000000
873.000000
873.000000
873.000000
873.000000
873.000000
873.000000
873.000000
873.000000
873.000000
873.000000
873.000000
873.000000
873.000000
873.000000
873.000000
873.000000
873.000000
873.000000
873.000000
873.000000
873.000000
873.000000
873.000000
873.000000
873.000000
873.000000
873.000000
873.000000
873.000000
873.000000
873.000000
873.000000
873.000000
873.000000
873.000000
873.000000
873.000000
873.000000
873.000000
873.000000
873.000000
873.000000
873.000000
873.000000
873.000000
873.000000
873.000000
873.000000
873.000000
873.000000
873.000000
873.000000
873.000000
873.000000
873.000000
873.000000
873.000000
873.000000
873.000000
873.000000
873.000000
873.000000
873.000000
873.000000
873.000000
873.000000
873.000000
873.000000
873.000000
873.000000
873.000000
873.000000
873.000000
873.000000
873.000000
873.000000
873.000000
873.000000
873.000000
873.000000
873.000000
873.000000
873.000000
873.000000
873.000000
873.000000
873.000000
873.000000
873.000000
873.000000
873.000000
873.000000
873.000000
873.000000
873.000000
873.000000
873.000000
873.000000
873.000000
873.000000
873.000000
873.000000
873.000000
873.000000
873.000000
873.000000
873.000000
873.000000
873.000000
873.000000
873.000000
873.000000
873.000000
873.000000
873.000000
873.000000
873.000000
873.000000
873.000000
873.000000
873.000000
873.000000
873.000000
873.000000
873.000000
873.000000
873.000000
873.000000
873.000000
873.000000
873.000000
873.000000
873.000000
873.000000
873.000000
873.000000
873.000000
873.000000
873.000000
873.000000
873.000000
873.000000
873.000000
873.000000
873.000000
873.000000
873.000000
873.000000
873.000000
873.000000
873.000000
873.000000
873.000000
873.000000
873.000000
873.000000
873.000000
873.000000
873.000000
873.000000
873.000000
873.000000
873.000000
873.000000
873.000000
873.000000
873.000000
873.000000
873.000000
873.000000
873.000000
873.000000
873.000000
873.000000
873.000000
873.000000
873.000000
873.000000
873.000000
873.000000
873.000000
873.000000
873.000000
873.000000
873.000000
873.000000
873.000000
873.000000
873.000000
873.000000
873.000000
873.000000
873.000000
873.000000
873.000000
873.000000
873.000000
873.000000
873.000000
873.000000
873.000000
873.000000
873.000000
873.000000
873.000000
873.000000
873.000000
873.000000
873.000000
873.000000
873.000000
873.000000
873.000000
873.000000
873.000000
873.000000
873.000000
873.000000
873.000000
873.000000
873.000000
873.000000
873.000000
873.000000
873.000000
873.000000
873.000000
873.000000
873.000000
873.000000
873.000000
873.000000
873.000000
873.000000
873.000000
873.000000
873.000000
873.000000
873.000000
873.000000
873.000000
873.000000
873.000000
873.000000
873.000000
873.000000
873.000000
873.000000
873.000000
873.000000
873.000000
873.000000
873.000000
873.000000
873.000000
873.000000
873.000000
873.000000
873.000000
873.000000
873.000000
873.000000
873.000000
873.000000
873.000000
873.000000
873.000000
873.000000
873.000000
873.000000
873.000000
873.000000
873.000000
873.000000
873.000000
873.000000
873.000000
873.000000
873.000000
873.000000
873.000000
873.000000
873.000000
873.000000
873.000000
873.000000
873.000000
873.000000
873.000000
873.000000
873.000000
873.000000
873.000000
873.000000
873.000000
873.000000
873.000000
873.000000
873.000000
873.000000
873.000000
873.000000
873.000000
873.000000
873.000000
873.000000
873.000000
873.000000
873.000000
873.000000
873.000000
873.000000
873.000000
873.000000
873.000000
873.000000
873.000000
873.000000
873.000000
873.000000
873.000000
873.000000
873.000000
873.000000
873.000000
873.000000
873.000000
873.000000
873.000000
873.000000
873.000000
873.000000
873.000000
873.000000
873.000000
873.000000
873.000000
873.000000
873.000000
873.000000
873.000000
873.000000
873.000000
873.000000
873.000000
873.000000
873.000000
873.000000
873.000000
873.000000
873.000000
873.000000
873.000000
873.000000
873.000000
873.000000
873.000000
873.000000
873.000000
873.000000
873.000000
873.000000
873.000000
873.000000
873.000000
873.000000
873.000000
873.000000
873.000000
873.000000
873.000000
873.000000
873.000000
873.000000
873.000000
873.000000
873.000000
873.000000
873.000000
873.000000
873.000000
873.000000
873.000000
873.000000
873.000000
873.000000
873.000000
873.000000
873.000000
873.000000
873.000000
873.000000
873.000000
873.000000
873.000000
873.000000
873.000000
873.000000
873.000000
873.000000
873.000000
873.000000
873.000000
873.000000
873.000000
873.000000
873.000000
873.000000
873.000000
873.000000
873.000000
873.000000
873.000000
873.000000
873.000000
873.000000
873.000000
873.000000
873.000000
873.000000
873.000000
873.000000
873.000000
873.000000
873.000000
873.000000
873.000000
873.000000
873.000000
873.000000
873.000000
873.000000
873.000000
873.000000
873.000000
873.000000
873.000000
873.000000
873.000000
873.000000
873.000000
873.000000
873.000000
873.000000
873.000000
873.000000
873.000000
873.000000
873.000000
873.000000
873.000000
873.000000
873.000000
873.000000
873.000000
873.000000
873.000000
873.000000
873.000000
873.000000
873.000000
873.000000
873.000000
873.000000
873.000000
873.000000
873.000000
873.000000
873.000000
873.000000
873.000000
873.000000
873.000000
873.000000
873.000000
873.000000
873.000000
873.000000
873.000000
873.000000
873.000000
873.000000
873.000000
873.000000
873.000000
873.000000
873.000000
873.000000
873.000000
873.000000
873.000000
873.000000
873.000000
873.000000
873.000000
873.000000
873.000000
873.000000
873.000000
873.000000
873.000000
873.000000
873.000000
873.000000
873.000000
873.000000
873.000000
873.000000
873.000000
873.000000
873.000000
873.000000
873.000000
873.000000
873.000000
873.000000
873.000000
873.000000
873.000000
873.000000
873.000000
873.000000
873.000000
873.000000
873.000000
873.000000
873.000000
873.000000
873.000000
873.000000
873.000000
873.000000
873.000000
873.000000
873.000000
873.000000
873.000000
873.000000
873.000000
873.000000
873.000000
873.000000
873.000000
873.000000
873.000000
873.000000
873.000000
873.000000
873.000000
873.000000
873.000000
873.000000
873.000000
873.000000
873.000000
873.000000
873.000000
873.000000
873.000000
873.000000
873.000000
873.000000
873.000000
873.000000
873.000000
873.000000
873.000000
873.000000
873.000000
873.000000
873.000000
873.000000
873.000000
873.000000
873.000000
873.000000
873.000000
873.000000
873.000000
873.000000
873.000000
873.000000
873.000000
873.000000
873.000000
873.000000
873.000000
873.000000
873.000000
873.000000
873.000000
873.000000
873.000000
873.000000
873.000000
873.000000
873.000000
873.000000
873.000000
873.000000
873.000000
873.000000
873.000000
873.000000
873.000000
873.000000
873.000000
873.000000
873.000000
873.000000
873.000000
873.000000
873.000000
873.000000
873.000000
873.000000
873.000000
873.000000
873.000000
873.000000
873.000000
873.000000
873.000000
873.000000
873.000000
873.000000
873.000000
873.000000
873.000000
873.000000
873.000000
873.000000
873.000000
873.000000
873.000000
873.000000
873.000000
873.000000
873.000000
873.000000
873.000000
873.000000
873.000000
873.000000
873.000000
873.000000
873.000000
873.000000
873.000000
873.000000
873.000000
873.000000
873.000000
873.000000
873.000000
873.000000
873.000000
873.000000
873.000000
873.000000
873.000000
873.000000
873.000000
873.000000
873.000000
873.000000
873.000000
873.000000
873.000000
873.000000
873.000000
873.000000
873.000000
873.000000
873.000000
873.000000
873.000000
873.000000
873.000000
873.000000
873.000000
873.000000
873.000000
873.000000
873.000000
873.000000
873.000000
873.000000
873.000000
873.000000
873.000000
873.000000
873.000000
873.000000
873.000000
873.000000
873.000000
873.000000
873.000000
873.000000
873.000000
873.000000
873.000000
873.000000
873.000000
873.000000
873.000000
873.000000
873.000000
873.000000
873.000000
873.000000
873.000000
873.000000
873.000000
873.000000
873.000000
873.000000
873.000000
873.000000
873.000000
873.000000
873.000000
873.000000
873.000000
873.000000
873.000000
873.000000
873.000000
873.000000
873.000000
873.000000
873.000000
873.000000
873.000000
873.000000
873.000000
873.000000
873.000000
873.000000
873.000000
873.000000
873.000000
873.000000
873.000000
873.000000
873.000000
873.000000
873.000000
873.000000
873.000000
873.000000
873.000000
873.000000
873.000000
873.000000
873.000000
873.000000
873.000000
873.000000
873.000000
873.000000
873.000000
873.000000
873.000000
873.000000
873.000000
873.000000
873.000000
873.000000
873.000000
873.000000
873.000000
873.000000
873.000000
873.000000
873.000000
873.000000
873.000000
873.000000
873.000000
873.000000
873.000000
873.000000
873.000000
873.000000
873.000000
873.000000
873.000000
873.000000
873.000000
873.000000
873.000000
873.000000
873.000000
873.000000
873.000000
873.000000
873.000000
873.000000
873.000000
873.000000
873.000000
873.000000
873.000000
873.000000
873.000000
873.000000
873.000000
873.000000
873.000000
873.000000
873.000000
873.000000
873.000000
873.000000
873.000000
873.000000
873.000000
873.000000
873.000000
873.000000
873.000000
873.000000
873.000000
873.000000
873.000000
873.000000
873.000000
873.000000
873.000000
873.000000
873.000000
873.000000
873.000000
873.000000
873.000000
873.000000
873.000000
873.000000
873.000000
873.000000
873.000000
873.000000
873.000000
873.000000
873.000000
873.000000
873.000000
873.000000
873.000000
873.000000
873.000000
873.000000
873.000000
873.000000
873.000000
873.000000
873.000000
873.000000
873.000000
873.000000
873.000000
873.000000
873.000000
873.000000
873.000000
873.000000
873.000000
873.000000
873.000000
873.000000
873.000000
873.000000
873.000000
873.000000
873.000000
873.000000
873.000000
873.000000
873.000000
873.000000
873.000000
873.000000
873.000000
873.000000
873.000000
873.000000
873.000000
873.000000
873.000000
873.000000
873.000000
873.000000
873.000000
873.000000
873.000000
873.000000
873.000000
873.000000
873.000000
873.000000
873.000000
873.000000
873.000000
873.000000
873.000000
873.000000
873.000000
873.000000
873.000000
873.000000
873.000000
873.000000
873.000000
873.000000
873.000000
873.000000
873.000000
873.000000
873.000000
873.000000
873.000000
873.000000
873.000000
873.000000
873.000000
873.000000
873.000000
873.000000
873.000000
873.000000
873.000000
873.000000
873.000000
873.000000
873.000000
873.000000
873.000000
873.000000
873.000000
873.000000
873.000000
873.000000
873.000000
873.000000
873.000000
873.000000
873.000000
873.000000
873.000000
873.000000
873.000000
873.000000
873.000000
873.000000
873.000000
873.000000
873.000000
873.000000
873.000000
873.000000
873.000000
873.000000
873.000000
873.000000
873.000000
873.000000
873.000000
873.000000
873.000000
873.000000
873.000000
873.000000
873.000000
873.000000
873.000000
873.000000
873.000000
873.000000
873.000000
873.000000
873.000000
873.000000
873.000000
873.000000
873.000000
873.000000
873.000000
873.000000
873.000000
873.000000
873.000000
873.000000
873.000000
873.000000
873.000000
873.000000
873.000000
873.000000
873.000000
873.000000
873.000000
873.000000
873.000000
873.000000
873.000000
873.000000
873.000000
873.000000
873.000000
873.000000
873.000000
873.000000
873.000000
873.000000
873.000000
873.000000
873.000000
873.000000
873.000000
873.000000
873.000000
873.000000
873.000000
873.000000
873.000000
873.000000
873.000000
873.000000
873.000000
873.000000
873.000000
873.000000
873.000000
873.000000
873.000000
873.000000
873.000000
873.000000
873.000000
873.000000
873.000000
873.000000
873.000000
873.000000
873.000000
873.000000
873.000000
873.000000
873.000000
873.000000
873.000000
873.000000
873.000000
873.000000
873.000000
873.000000
873.000000
873.000000
873.000000
873.000000
873.000000
873.000000
873.000000
873.000000
873.000000
873.000000
873.000000
873.000000
873.000000
873.000000
873.000000
873.000000
873.000000
873.000000
873.000000
873.000000
873.000000
873.000000
873.000000
873.000000
873.000000
873.000000
873.000000
873.000000
873.000000
873.000000
873.000000
873.000000
873.000000
873.000000
873.000000
873.000000
873.000000
873.000000
873.000000
873.000000
873.000000
873.000000
873.000000
873.000000
873.000000
873.000000
873.000000
873.000000
873.000000
873.000000
873.000000
873.000000
873.000000
873.000000
873.000000
873.000000
873.000000
873.000000
873.000000
873.000000
873.000000
873.000000
873.000000
873.000000
873.000000
873.000000
873.000000
873.000000
873.000000
873.000000
873.000000
873.000000
873.000000
873.000000
873.000000
873.000000
873.000000
873.000000
873.000000
873.000000
873.000000
873.000000
873.000000
873.000000
873.000000
873.000000
873.000000
873.000000
873.000000
873.000000
873.000000
873.000000
873.000000
873.000000
873.000000
873.000000
873.000000
873.000000
873.000000
873.000000
873.000000
873.000000
873.000000
873.000000
873.000000
873.000000
873.000000
873.000000
873.000000
873.000000
873.000000
873.000000
873.000000
873.000000
873.000000
873.000000
873.000000
873.000000
873.000000
873.000000
873.000000
873.000000
873.000000
873.000000
873.000000
873.000000
873.000000
873.000000
873.000000
873.000000
873.000000
873.000000
873.000000
873.000000
873.000000
873.000000
873.000000
873.000000
873.000000
873.000000
873.000000
873.000000
873.000000
873.000000
873.000000
873.000000
873.000000
873.000000
873.000000
873.000000
873.000000
873.000000
873.000000
873.000000
873.000000
873.000000
873.000000
873.000000
873.000000
873.000000
873.000000
873.000000
873.000000
873.000000
873.000000
873.000000
873.000000
873.000000
873.000000
873.000000
873.000000
873.000000
873.000000
873.000000
873.000000
873.000000
873.000000
873.000000
873.000000
873.000000
873.000000
873.000000
873.000000
873.000000
873.000000
873.000000
873.000000
873.000000
873.000000
873.000000
873.000000
873.000000
873.000000
873.000000
873.000000
873.000000
873.000000
873.000000
873.000000
873.000000
873.000000
873.000000
873.000000
873.000000
873.000000
873.000000
873.000000
873.000000
873.000000
873.000000
873.000000
873.000000
873.000000
873.000000
873.000000
873.000000
873.000000
873.000000
873.000000
873.000000
873.000000
873.000000
873.000000
873.000000
873.000000
873.000000
873.000000
873.000000
873.000000
873.000000
873.000000
873.000000
873.000000
873.000000
873.000000
873.000000
873.000000
873.000000
873.000000
873.000000
873.000000
873.000000
873.000000
873.000000
873.000000
873.000000
873.000000
873.000000
873.000000
873.000000
873.000000
873.000000
873.000000
873.000000
873.000000
873.000000
873.000000
873.000000
873.000000
873.000000
873.000000
873.000000
873.000000
873.000000
873.000000
873.000000
873.000000
873.000000
873.000000
873.000000
873.000000
873.000000
873.000000
873.000000
873.000000
873.000000
873.000000
873.000000
873.000000
873.000000
873.000000
873.000000
873.000000
873.000000
873.000000
873.000000
873.000000
873.000000
873.000000
873.000000
873.000000
873.000000
873.000000
873.000000
873.000000
873.000000
873.000000
873.000000
873.000000
873.000000
873.000000
873.000000
873.000000
873.000000
873.000000
873.000000
873.000000
873.000000
873.000000
873.000000
873.000000
873.000000
873.000000
873.000000
873.000000
873.000000
873.000000
873.000000
873.000000
873.000000
873.000000
873.000000
873.000000
873.000000
873.000000
873.000000
873.000000
873.000000
873.000000
873.000000
873.000000
873.000000
873.000000
873.000000
873.000000
873.000000
873.000000
873.000000
873.000000
873.000000
873.000000
873.000000
873.000000
873.000000
873.000000
873.000000
873.000000
873.000000
873.000000
873.000000
873.000000
873.000000
873.000000
873.000000
873.000000
873.000000
873.000000
873.000000
873.000000
873.000000
873.000000
873.000000
873.000000
873.000000
873.000000
873.000000
873.000000
873.000000
873.000000
873.000000
873.000000
873.000000
873.000000
873.000000
873.000000
873.000000
873.000000
873.000000
873.000000
873.000000
873.000000
873.000000
873.000000
873.000000
873.000000
873.000000
873.000000
873.000000
873.000000
873.000000
873.000000
873.000000
873.000000
873.000000
873.000000
873.000000
873.000000
873.000000
873.000000
873.000000
873.000000
873.000000
873.000000
873.000000
873.000000
873.000000
873.000000
873.000000
873.000000
873.000000
873.000000
873.000000
873.000000
873.000000
873.000000
873.000000
873.000000
873.000000
873.000000
873.000000
873.000000
873.000000
873.000000
873.000000
873.000000
873.000000
873.000000
873.000000
873.000000
873.000000
873.000000
873.000000
873.000000
873.000000
873.000000
873.000000
873.000000
873.000000
873.000000
873.000000
873.000000
873.000000
873.000000
873.000000
873.000000
873.000000
873.000000
873.000000
873.000000
873.000000
873.000000
873.000000
873.000000
873.000000
873.000000
873.000000
873.000000
873.000000
873.000000
873.000000
873.000000
873.000000
873.000000
873.000000
873.000000
873.000000
873.000000
873.000000
873.000000
873.000000
873.000000
873.000000
873.000000
873.000000
873.000000
873.000000
873.000000
873.000000
873.000000
873.000000
873.000000
873.000000
873.000000
873.000000
873.000000
873.000000
873.000000
873.000000
873.000000
873.000000
873.000000
873.000000
873.000000
873.000000
873.000000
873.000000
873.000000
873.000000
873.000000
873.000000
873.000000
873.000000
873.000000
873.000000
873.000000
873.000000
873.000000
873.000000
873.000000
873.000000
873.000000
873.000000
873.000000
873.000000
873.000000
873.000000
873.000000
873.000000
873.000000
873.000000
873.000000
873.000000
873.000000
873.000000
873.000000
873.000000
873.000000
873.000000
873.000000
873.000000
873.000000
873.000000
873.000000
873.000000
873.000000
873.000000
873.000000
873.000000
873.000000
873.000000
873.000000
873.000000
873.000000
873.000000
873.000000
873.000000
873.000000
873.000000
873.000000
873.000000
873.000000
873.000000
873.000000
873.000000
873.000000
873.000000
873.000000
873.000000
873.000000
873.000000
873.000000
873.000000
873.000000
873.000000
873.000000
873.000000
873.000000
873.000000
873.000000
873.000000
873.000000
873.000000
873.000000
873.000000
873.000000
873.000000
873.000000
873.000000
873.000000
873.000000
873.000000
873.000000
873.000000
873.000000
873.000000
873.000000
873.000000
873.000000
873.000000
873.000000
873.000000
873.000000
873.000000
873.000000
873.000000
873.000000
873.000000
873.000000
873.000000
873.000000
873.000000
873.000000
873.000000
873.000000
873.000000
873.000000
873.000000
873.000000
873.000000
873.000000
873.000000
873.000000
873.000000
873.000000
873.000000
873.000000
873.000000
873.000000
873.000000
873.000000
873.000000
873.000000
873.000000
873.000000
873.000000
873.000000
873.000000
873.000000
873.000000
873.000000
873.000000
873.000000
873.000000
873.000000
873.000000
873.000000
873.000000
873.000000
873.000000
873.000000
873.000000
873.000000
873.000000
873.000000
873.000000
873.000000
873.000000
873.000000
873.000000
873.000000
873.000000
873.000000
873.000000
873.000000
873.000000
873.000000
873.000000
873.000000
873.000000
873.000000
873.000000
873.000000
873.000000
873.000000
873.000000
873.000000
873.000000
873.000000
873.000000
873.000000
873.000000
873.000000
873.000000
873.000000
873.000000
873.000000
873.000000
873.000000
873.000000
873.000000
873.000000
873.000000
873.000000
873.000000
873.000000
873.000000
873.000000
873.000000
873.000000
873.000000
873.000000
873.000000
873.000000
873.000000
873.000000
873.000000
873.000000
873.000000
873.000000
873.000000
873.000000
873.000000
873.000000
873.000000
873.000000
873.000000
873.000000
873.000000
873.000000
873.000000
873.000000
873.000000
873.000000
873.000000
873.000000
873.000000
873.000000
873.000000
873.000000
873.000000
873.000000
873.000000
873.000000
873.000000
873.000000
873.000000
873.000000
873.000000
873.000000
873.000000
873.000000
873.000000
873.000000
873.000000
873.000000
873.000000
873.000000
873.000000
873.000000
873.000000
873.000000
873.000000
873.000000
873.000000
873.000000
873.000000
873.000000
873.000000
873.000000
873.000000
873.000000
873.000000
873.000000
873.000000
873.000000
873.000000
873.000000
873.000000
873.000000
873.000000
873.000000
873.000000
873.000000
873.000000
873.000000
873.000000
873.000000
873.000000
873.000000
873.000000
873.000000
873.000000
873.000000
873.000000
873.000000
873.000000
873.000000
873.000000
873.000000
873.000000
873.000000
873.000000
873.000000
873.000000
873.000000
873.000000
873.000000
873.000000
873.000000
873.000000
873.000000
873.000000
873.000000
873.000000
873.000000
873.000000
873.000000
873.000000
873.000000
873.000000
873.000000
873.000000
873.000000
873.000000
873.000000
873.000000
873.000000
873.000000
873.000000
873.000000
873.000000
873.000000
873.000000
873.000000
873.000000
873.000000
873.000000
873.000000
873.000000
873.000000
873.000000
873.000000
873.000000
873.000000
873.000000
873.000000
873.000000
873.000000
873.000000
873.000000
873.000000
873.000000
873.000000
873.000000
873.000000
873.000000
873.000000
873.000000
873.000000
873.000000
873.000000
873.000000
873.000000
873.000000
873.000000
873.000000
873.000000
873.000000
873.000000
873.000000
873.000000
873.000000
873.000000
873.000000
873.000000
873.000000
873.000000
873.000000
873.000000
873.000000
873.000000
873.000000
873.000000
873.000000
873.000000
873.000000
873.000000
873.000000
873.000000
873.000000
873.000000
873.000000
873.000000
873.000000
873.000000
873.000000
873.000000
873.000000
873.000000
873.000000
873.000000
873.000000
873.000000
873.000000
873.000000
873.000000
873.000000
873.000000
873.000000
873.000000
873.000000
873.000000
873.000000
873.000000
873.000000
873.000000
873.000000
873.000000
873.000000
873.000000
873.000000
873.000000
873.000000
873.000000
873.000000
873.000000
873.000000
873.000000
873.000000
873.000000
873.000000
873.000000
873.000000
873.000000
873.000000
873.000000
873.000000
873.000000
873.000000
873.000000
873.000000
873.000000
873.000000
873.000000
873.000000
873.000000
873.000000
873.000000
873.000000
873.000000
873.000000
873.000000
873.000000
873.000000
873.000000
873.000000
873.000000
873.000000
873.000000
873.000000
873.000000
872.151410
872.804195
872.954814
872.989572
872.997593
872.999445
872.999872
872.999970
872.999993
872.999998
872.999998
872.999993
872.999970
872.999872
872.999445
872.997593
872.989572
872.954814
872.804195
872.151410
871.681067
872.521009
872.849159
872.955887
872.987673
872.996660
872.999115
872.999769
872.999940
872.999981
872.999981
872.999940
872.999769
872.999115
872.996660
872.987673
872.955887
872.849159
872.521009
871.681067
871.341658
872.255956
872.708952
872.896993
872.966042
872.989370
872.996800
872.999064
872.999728
872.999905
872.999905
872.999728
872.999064
872.996800
872.989370
872.966042
872.896993
872.708952
872.255956
871.341658
871.065425
872.017951
872.556868
872.818930
872.931661
872.975776
872.991830
872.997348
872.999149
872.999672
872.999672
872.999149
872.997348
872.991830
872.975776
872.931661
872.818930
872.556868
872.017951
871.065425
870.827320
871.802928
872.403418
872.728586
872.885878
872.955095
872.983278
872.994038
872.997901
872.999112
872.999112
872.997901
872.994038
872.983278
872.955095
872.885878
872.728586
872.403418
871.802928
870.827320
870.615420
871.606343
872.252929
872.631084
872.830914
872.927437
872.970578
872.988602
872.995635
872.997991
872.997991
872.995635
872.988602
872.970578
872.927437
872.830914
872.631084
872.252929
871.606343
870.615420
870.422977
871.424662
872.107040
872.529798
872.768970
872.893435
872.953527
872.980631
872.991996
872.996027
872.996027
872.991996
872.980631
872.953527
872.893435
872.768970
872.529798
872.107040
871.424662
870.422977
870.245728
871.255260
871.966243
872.426864
872.701897
872.853936
872.932198
872.969867
872.986662
872.992916
872.992916
872.986662
872.969867
872.932198
872.853936
872.701897
872.426864
871.966243
871.255260
870.245728
870.080770
871.096163
871.830538
872.323620
872.631153
872.809809
872.906837
872.956185
872.979370
872.988365
872.988365
872.979370
872.956185
872.906837
872.809809
872.631153
872.323620
871.830538
871.096163
870.080770
869.926020
870.945859
871.699717
872.220902
872.557850
872.761858
872.877779
872.939566
872.969921
872.982111
872.982111
872.969921
872.939566
872.877779
872.761858
872.557850
872.220902
871.699717
870.945859
869.926020
869.779923
870.803165
871.573493
872.119229
872.482822
872.710779
872.845387
872.920065
872.958176
872.973933
872.973933
872.958176
872.920065
872.845387
872.710779
872.482822
872.119229
871.573493
870.803165
869.779923
869.641281
870.667133
871.451558
872.018914
872.406696
872.657163
872.810018
872.897786
872.944053
872.963660
872.963660
872.944053
872.897786
872.810018
872.657163
872.406696
872.018914
871.451558
870.667133
869.641281
869.509149
870.536995
871.333609
871.920141
872.329936
872.601498
872.772007
872.872856
872.927516
872.951167
872.951167
872.927516
872.872856
872.772007
872.601498
872.329936
871.920141
871.333609
870.536995
869.509149
869.382763
870.412118
871.219361
871.823007
872.252890
872.544184
872.731656
872.845419
872.908567
872.936378
872.936378
872.908567
872.845419
872.731656
872.544184
872.252890
871.823007
871.219361
870.412118
869.382763
869.261496
870.291969
871.108548
871.727552
872.175812
872.485544
872.689233
872.815623
872.887236
872.919255
872.919255
872.887236
872.815623
872.689233
872.485544
872.175812
871.727552
871.108548
870.291969
869.261496
869.144828
870.176099
871.000928
871.633779
872.098892
872.425843
872.644970
872.783612
872.863576
872.899793
872.899793
872.863576
872.783612
872.644970
872.425843
872.098892
871.633779
871.000928
870.176099
869.144828
869.032317
870.064122
870.896277
871.541664
872.022266
872.365292
872.599071
872.749528
872.837656
872.878016
872.878016
872.837656
872.749528
872.599071
872.365292
872.022266
871.541664
870.896277
870.064122
869.032317
868.923585
869.955704
870.794392
871.451167
871.946033
872.304065
872.551713
872.713505
872.809556
872.853968
872.853968
872.809556
872.713505
872.551713
872.304065
871.946033
871.451167
870.794392
869.955704
868.923585
868.818308
869.850555
870.695088
871.362239
871.870259
872.242298
872.503048
872.675671
872.779365
872.827711
872.827711
872.779365
872.675671
872.503048
872.242298
871.870259
871.362239
870.695088
869.850555
868.818308
868.716200
869.748417
870.598194
871.274821
871.794992
872.180104
872.453210
872.636146
872.747176
872.799317
872.799317
872.747176
872.636146
872.453210
872.180104
871.794992
871.274821
870.598194
869.748417
868.716200
868.617013
869.649063
870.503553
871.188852
871.720258
872.117572
872.402315
872.595042
872.713084
872.768870
872.768870
872.713084
872.595042
872.402315
872.117572
871.720258
871.188852
870.503553
869.649063
868.617013
868.520524
869.552289
870.411021
871.104270
871.646075
872.054776
872.350462
872.552464
872.677185
872.736457
872.736457
872.677185
872.552464
872.350462
872.054776
871.646075
871.104270
870.411021
869.552289
868.520524
868.426537
869.457912
870.320465
871.021011
871.572448
871.991775
872.297742
872.508510
872.639575
872.702167
872.702167
872.639575
872.508510
872.297742
871.991775
871.572448
871.021011
870.320465
869.457912
868.426537
868.334872
869.365768
870.231763
870.939012
871.499375
871.928616
872.244234
872.463272
872.600348
872.666095
872.666095
872.600348
872.463272
872.244234
871.928616
871.499375
870.939012
870.231763
869.365768
868.334872
868.245370
869.275706
870.144801
870.858211
871.426850
871.865338
872.190006
872.416836
872.559595
872.628331
872.628331
872.559595
872.416836
872.190006
871.865338
871.426850
870.858211
870.144801
869.275706
868.245370
868.157886
869.187589
870.059473
870.778548
871.354860
871.801974
872.135122
872.369282
872.517404
872.588967
872.588967
872.517404
872.369282
872.135122
871.801974
871.354860
870.778548
870.059473
869.187589
868.157886
868.072286
869.101292
869.975682
870.699967
871.283394
871.738549
872.079638
872.320686
872.473861
872.548092
872.548092
872.473861
872.320686
872.079638
871.738549
871.283394
870.699967
869.975682
869.101292
868.072286
867.988449
869.016700
869.893336
870.622410
871.212435
871.675085
872.023604
872.271118
872.429048
872.505792
872.505792
872.429048
872.271118
872.023604
871.675085
871.212435
870.622410
869.893336
869.016700
867.988449
867.906264
868.933706
869.812349
870.545826
871.141966
871.611598
871.967066
872.220644
872.383041
872.462151
872.462151
872.383041
872.220644
871.967066
871.611598
871.141966
870.545826
869.812349
868.933706
867.906264
867.825626
868.852213
869.732643
870.470163
871.071970
871.548105
871.910065
872.169324
872.335916
872.417249
872.417249
872.335916
872.169324
871.910065
871.548105
871.071970
870.470163
869.732643
868.852213
867.825626
867.746442
868.772129
869.654144
870.395373
871.002429
871.484616
871.852641
872.117218
872.287743
872.371163
872.371163
872.287743
872.117218
871.852641
871.484616
871.002429
870.395373
869.654144
868.772129
867.746442
867.668623
868.693371
869.576782
870.321411
870.933325
871.421143
871.794826
872.064379
872.238590
872.323967
872.323967
872.238590
872.064379
871.794826
871.421143
870.933325
870.321411
869.576782
868.693371
867.668623
867.592087
868.615859
869.500492
870.248233
870.864641
871.357693
871.736655
872.010858
872.188518
872.275729
872.275729
872.188518
872.010858
871.736655
871.357693
870.864641
870.248233
869.500492
868.615859
867.592087
867.516759
868.539521
869.425214
870.175798
870.796360
871.294275
871.678156
871.956702
872.137590
872.226517
872.226517
872.137590
871.956702
871.678156
871.294275
870.796360
870.175798
869.425214
868.539521
867.516759
867.442568
868.464289
869.350891
870.104068
870.728464
871.230894
871.619356
871.901957
872.085860
872.176393
872.176393
872.085860
871.901957
871.619356
871.230894
870.728464
870.104068
869.350891
868.464289
867.442568
867.369447
868.390099
869.277469
870.033005
870.660937
871.167555
871.560282
871.846663
872.033383
872.125417
872.125417
872.033383
871.846663
871.560282
871.167555
870.660937
870.033005
869.277469
868.390099
867.369447
867.297336
868.316891
869.204900
869.962576
870.593765
871.104264
871.500956
871.790861
871.980209
872.073645
872.073645
871.980209
871.790861
871.500956
871.104264
870.593765
869.962576
869.204900
868.316891
867.297336
867.226176
868.244611
869.133136
869.892747
870.526931
871.041024
871.441400
871.734586
871.926385
872.021129
872.021129
871.926385
871.734586
871.441400
871.041024
870.526931
869.892747
869.133136
868.244611
867.226176
867.155914
868.173206
869.062133
869.823489
870.460423
870.977838
871.381636
871.677875
871.871957
871.967920
871.967920
871.871957
871.677875
871.381636
870.977838
870.460423
869.823489
869.062133
868.173206
867.155914
867.086501
868.102628
868.991850
869.754772
870.394226
870.914711
871.321681
871.620758
871.816966
871.914066
871.914066
871.816966
871.620758
871.321681
870.914711
870.394226
869.754772
868.991850
868.102628
867.086501
867.017887
868.032831
868.922248
869.686568
870.328327
870.851644
871.261553
871.563266
871.761453
871.859610
871.859610
871.761453
871.563266
871.261553
870.851644
870.328327
869.686568
868.922248
868.032831
867.017887
866.950031
867.963773
868.853292
869.618853
870.262715
870.788640
871.201269
871.505429
871.705453
871.804595
871.804595
871.705453
871.505429
871.201269
870.788640
870.262715
869.618853
868.853292
867.963773
866.950031
866.882890
867.895413
868.784947
869.551603
870.197377
870.725701
871.140845
871.447272
871.649003
871.749060
871.749060
871.649003
871.447272
871.140845
870.725701
870.197377
869.551603
868.784947
867.895413
866.882890
866.816425
867.827714
868.717182
869.484794
870.132304
870.662829
871.080294
871.388822
871.592136
871.693041
871.693041
871.592136
871.388822
871.080294
870.662829
870.132304
869.484794
868.717182
867.827714
866.816425
866.750600
867.760641
868.649966
869.418405
870.067484
870.600026
871.019631
871.330100
871.534882
871.636575
871.636575
871.534882
871.330100
871.019631
870.600026
870.067484
869.418405
868.649966
867.760641
866.750600
866.685382
867.694160
868.583271
869.352416
870.002908
870.537294
870.958867
871.271131
871.477270
871.579693
871.579693
871.477270
871.271131
870.958867
870.537294
870.002908
869.352416
868.583271
867.694160
866.685382
866.620738
867.628241
868.517071
869.286808
869.938567
870.474633
870.898015
871.211934
871.419329
871.522427
871.522427
871.419329
871.211934
870.898015
870.474633
869.938567
869.286808
868.517071
867.628241
866.620738
866.556637
867.562855
868.451341
869.221565
869.874451
870.412046
870.837087
871.152529
871.361083
871.464806
871.464806
871.361083
871.152529
870.837087
870.412046
869.874451
869.221565
868.451341
867.562855
866.556637
866.493053
867.497975
868.386057
869.156668
869.810554
870.349533
870.776091
871.092934
871.302557
871.406856
871.406856
871.302557
871.092934
870.776091
870.349533
869.810554
869.156668
868.386057
867.497975
866.493053
866.429959
867.433574
868.321199
869.092102
869.746867
870.287096
870.715038
871.033167
871.243773
871.348604
871.348604
871.243773
871.033167
870.715038
870.287096
869.746867
869.092102
868.321199
867.433574
866.429959
866.367329
867.369629
868.256744
869.027853
869.683382
870.224736
870.653938
870.973244
871.184753
871.290073
871.290073
871.184753
870.973244
870.653938
870.224736
869.683382
869.027853
868.256744
867.369629
866.367329
866.305141
867.306116
868.192674
868.963906
869.620094
870.162452
870.592798
870.913180
871.125517
871.231286
871.231286
871.125517
870.913180
870.592798
870.162452
869.620094
868.963906
868.192674
867.306116
866.305141
866.243372
867.243016
868.128971
868.900249
869.556995
870.100248
870.531627
870.852988
871.066083
871.172264
871.172264
871.066083
870.852988
870.531627
870.100248
869.556995
868.900249
868.128971
867.243016
866.243372
866.182002
867.180308
868.065618
868.836869
869.494080
870.038122
870.470432
870.792683
871.006470
871.113028
871.113028
871.006470
870.792683
870.470432
870.038122
869.494080
868.836869
868.065618
867.180308
866.182002
866.121012
867.117972
868.002598
868.773756
869.431342
869.976076
870.409220
870.732277
870.946694
871.053595
871.053595
870.946694
870.732277
870.409220
869.976076
869.431342
868.773756
868.002598
867.117972
866.121012
866.060383
867.055992
867.939897
868.710897
869.368778
869.914111
870.347997
870.671782
870.886769
870.993983
870.993983
870.886769
870.671782
870.347997
869.914111
869.368778
868.710897
867.939897
867.055992
866.060383
866.000099
866.994352
867.877500
868.648283
869.306380
869.852227
870.286771
870.611208
870.826712
870.934210
870.934210
870.826712
870.611208
870.286771
869.852227
869.306380
868.648283
867.877500
866.994352
866.000099
865.940144
866.933034
867.815394
868.585904
869.244145
869.790424
870.225547
870.550566
870.766535
870.874290
870.874290
870.766535
870.550566
870.225547
869.790424
869.244145
868.585904
867.815394
866.933034
865.940144
865.880502
866.872026
867.753567
868.523752
869.182069
869.728704
870.164330
870.489867
870.706252
870.814238
870.814238
870.706252
870.489867
870.164330
869.728704
869.182069
868.523752
867.753567
866.872026
865.880502
865.821159
866.811313
867.692007
868.461818
869.120146
869.667066
870.103125
870.429118
870.645875
870.754067
870.754067
870.645875
870.429118
870.103125
869.667066
869.120146
868.461818
867.692007
866.811313
865.821159
865.762103
866.750882
867.630703
868.400093
869.058373
869.605512
870.041937
870.368328
870.585414
870.693790
870.693790
870.585414
870.368328
870.041937
869.605512
869.058373
868.400093
867.630703
866.750882
865.762103
865.703320
866.690721
867.569644
868.338571
868.996747
869.544041
869.980770
870.307506
870.524881
870.633420
870.633420
870.524881
870.307506
869.980770
869.544041
868.996747
868.338571
867.569644
866.690721
865.703320
865.644799
866.630820
867.508820
868.277244
868.935263
869.482654
869.919630
870.246659
870.464285
870.572968
870.572968
870.464285
870.246659
869.919630
869.482654
868.935263
868.277244
867.508820
866.630820
865.644799
865.586529
866.571166
867.448223
868.216106
868.873919
869.421351
869.858519
870.185794
870.403637
870.512444
870.512444
870.403637
870.185794
869.858519
869.421351
868.873919
868.216106
867.448223
866.571166
865.586529
865.528499
866.511750
867.387844
868.155150
868.812711
869.360133
869.797441
870.124918
870.342944
870.451858
870.451858
870.342944
870.124918
869.797441
869.360133
868.812711
868.155150
867.387844
866.511750
865.528499
865.470700
866.452563
867.327675
868.094372
868.751637
869.299000
869.736401
870.064037
870.282215
870.391219
870.391219
870.282215
870.064037
869.736401
869.299000
868.751637
868.094372
867.327675
866.452563
865.470700
865.413123
866.393596
867.267708
868.033764
868.690693
869.237951
869.675400
870.003156
870.221457
870.330537
870.330537
870.221457
870.003156
869.675400
869.237951
868.690693
868.033764
867.267708
866.393596
865.413123
865.355758
866.334840
867.207936
867.973323
868.629876
869.176988
869.614442
869.942282
870.160679
870.269819
870.269819
870.160679
869.942282
869.614442
869.176988
868.629876
867.973323
867.207936
866.334840
865.355758
865.298599
866.276287
867.148353
867.913042
868.569186
869.116111
869.553531
869.881419
870.099886
870.209074
870.209074
870.099886
869.881419
869.553531
869.116111
868.569186
867.913042
867.148353
866.276287
865.298599
865.241637
866.217931
867.088951
867.852919
868.508618
869.055319
869.492667
869.820571
870.039085
870.148308
870.148308
870.039085
869.820571
869.492667
869.055319
868.508618
867.852919
867.088951
866.217931
865.241637
865.184865
866.159764
867.029725
867.792947
868.448172
868.994613
869.431855
869.759745
869.978283
870.087528
870.087528
869.978283
869.759745
869.431855
868.994613
868.448172
867.792947
867.029725
866.159764
865.184865
865.128277
866.101779
866.970670
867.733124
868.387845
868.933993
869.371096
869.698943
869.917484
870.026740
870.026740
869.917484
869.698943
869.371096
868.933993
868.387845
867.733124
866.970670
866.101779
865.128277
865.071866
866.043971
866.911780
867.673445
868.327634
868.873459
869.310393
869.638170
869.856694
869.965951
869.965951
869.856694
869.638170
869.310393
868.873459
868.327634
867.673445
866.911780
866.043971
865.071866
865.015626
865.986334
866.853049
867.613907
868.267539
868.813012
869.249747
869.577430
869.795918
869.905166
869.905166
869.795918
869.577430
869.249747
868.813012
868.267539
867.613907
866.853049
865.986334
865.015626
864.959552
865.928863
866.794475
867.554506
868.207557
868.752651
869.189161
869.516726
869.735161
869.844390
869.844390
869.735161
869.516726
869.189161
868.752651
868.207557
867.554506
866.794475
865.928863
864.959552
864.903638
865.871551
866.736051
867.495240
868.147686
868.692376
869.128636
869.456060
869.674426
869.783629
869.783629
869.674426
869.456060
869.128636
868.692376
868.147686
867.495240
866.736051
865.871551
864.903638
864.847879
865.814395
866.677775
867.436105
868.087926
868.632187
869.068174
869.395437
869.613718
869.722886
869.722886
869.613718
869.395437
869.068174
868.632187
868.087926
867.436105
866.677775
865.814395
864.847879
864.792272
865.757390
866.619641
867.377098
868.028275
868.572086
869.007776
869.334859
869.553042
869.662166
869.662166
869.553042
869.334859
869.007776
868.572086
868.028275
867.377098
866.619641
865.757390
864.792272
864.736810
865.700531
866.561647
867.318217
867.968731
868.512070
868.947444
869.274329
869.492399
869.601474
869.601474
869.492399
869.274329
868.947444
868.512070
867.968731
867.318217
866.561647
865.700531
864.736810
864.681491
865.643816
866.503789
867.259459
867.909293
868.452142
868.887180
869.213849
869.431794
869.540813
869.540813
869.431794
869.213849
868.887180
868.452142
867.909293
867.259459
866.503789
865.643816
864.681491
864.626311
865.587239
866.446064
867.200822
867.849960
868.392300
868.826984
869.153422
869.371230
869.480186
869.480186
869.371230
869.153422
868.826984
868.392300
867.849960
867.200822
866.446064
865.587239
864.626311
864.571265
865.530797
866.388468
867.142304
867.790731
868.332544
868.766858
869.093049
869.310710
869.419597
869.419597
869.310710
869.093049
868.766858
868.332544
867.790731
867.142304
866.388468
865.530797
864.571265
864.516351
865.474488
866.330999
867.083902
867.731604
868.272876
868.706802
869.032733
869.250236
869.359049
869.359049
869.250236
869.032733
868.706802
868.272876
867.731604
867.083902
866.330999
865.474488
864.516351
864.461564
865.418307
866.273655
867.025615
867.672579
868.213294
868.646818
868.972476
869.189811
869.298545
869.298545
869.189811
868.972476
868.646818
868.213294
867.672579
867.025615
866.273655
865.418307
864.461564
864.406903
865.362252
866.216432
866.967440
867.613654
868.153799
868.586907
868.912280
869.129438
869.238087
869.238087
869.129438
868.912280
868.586907
868.153799
867.613654
866.967440
866.216432
865.362252
864.406903
864.352364
865.306321
866.159328
866.909377
867.554829
868.094390
868.527070
868.852146
869.069119
869.177679
869.177679
869.069119
868.852146
868.527070
868.094390
867.554829
866.909377
866.159328
865.306321
864.352364
864.297944
865.250509
866.102341
866.851422
867.496103
868.035068
868.467307
868.792075
869.008855
869.117323
869.117323
869.008855
868.792075
868.467307
868.035068
867.496103
866.851422
866.102341
865.250509
864.297944
864.243642
865.194816
866.045468
866.793576
867.437475
867.975832
868.407619
868.732070
868.948649
869.057020
869.057020
868.948649
868.732070
868.407619
867.975832
867.437475
866.793576
866.045468
865.194816
864.243642
864.189454
865.139239
865.988708
866.735835
867.378943
867.916684
868.348007
868.672131
868.888503
868.996773
868.996773
868.888503
868.672131
868.348007
867.916684
867.378943
866.735835
865.988708
865.139239
864.189454
864.135378
865.083775
865.932060
866.678200
867.320508
867.857621
868.288472
868.612260
868.828418
868.936584
868.936584
868.828418
868.612260
868.288472
867.857621
867.320508
866.678200
865.932060
865.083775
864.135378
864.081413
865.028423
865.875520
866.620668
867.262169
867.798645
868.229014
868.552458
868.768396
868.876455
868.876455
868.768396
868.552458
868.229014
867.798645
867.262169
866.620668
865.875520
865.028423
864.081413
864.027555
864.973180
865.819087
866.563238
867.203924
867.739755
868.169634
868.492727
868.708438
868.816387
868.816387
868.708438
868.492727
868.169634
867.739755
867.203924
866.563238
865.819087
864.973180
864.027555
863.973804
864.918044
865.762761
866.505909
867.145774
867.680952
868.110332
868.433066
868.648547
868.756383
868.756383
868.648547
868.433066
868.110332
867.680952
867.145774
866.505909
865.762761
864.918044
863.973804
863.920158
864.863015
865.706538
866.448680
867.087717
867.622235
868.051109
868.373478
868.588722
868.696442
868.696442
868.588722
868.373478
868.051109
867.622235
867.087717
866.448680
865.706538
864.863015
863.920158
863.866614
864.808090
865.650419
866.391550
867.029753
867.563604
867.991965
868.313962
868.528966
868.636568
868.636568
868.528966
868.313962
867.991965
867.563604
867.029753
866.391550
865.650419
864.808090
863.866614
863.813171
864.753268
865.594401
866.334518
866.971882
867.505059
867.932901
868.254521
868.469280
868.576761
868.576761
868.469280
868.254521
867.932901
867.505059
866.971882
866.334518
865.594401
864.753268
863.813171
863.759829
864.698546
865.538483
866.277583
866.914103
867.446601
867.873916
868.195154
868.409664
868.517023
868.517023
868.409664
868.195154
867.873916
867.446601
866.914103
866.277583
865.538483
864.698546
863.759829
863.706584
864.643925
865.482664
866.220743
866.856415
867.388228
867.815012
868.135863
868.350120
868.457354
868.457354
868.350120
868.135863
867.815012
867.388228
866.856415
866.220743
865.482664
864.643925
863.706584
863.653437
864.589403
865.426943
866.163999
866.798818
867.329941
867.756189
868.076647
868.290648
868.397756
868.397756
868.290648
868.076647
867.756189
867.329941
866.798818
866.163999
865.426943
864.589403
863.653437
863.600385
864.534977
865.371319
866.107350
866.741312
867.271740
867.697447
868.017508
868.231250
868.338229
868.338229
868.231250
868.017508
867.697447
867.271740
866.741312
866.107350
865.371319
864.534977
863.600385
863.547428
864.480648
865.315790
866.050794
866.683896
867.213625
867.638785
867.958446
868.171925
868.278775
868.278775
868.171925
867.958446
867.638785
867.213625
866.683896
866.050794
865.315790
864.480648
863.547428
863.494565
864.426414
865.260357
865.994330
866.626569
867.155595
867.580206
867.899462
868.112676
868.219395
868.219395
868.112676
867.899462
867.580206
867.155595
866.626569
865.994330
865.260357
864.426414
863.494565
863.441793
864.372274
865.205017
865.937959
866.569332
867.097651
867.521708
867.840557
868.053502
868.160088
868.160088
868.053502
867.840557
867.521708
867.097651
866.569332
865.937959
865.205017
864.372274
863.441793
863.389113
864.318228
865.149770
865.881680
866.512183
867.039792
867.463291
867.781729
867.994405
868.100857
868.100857
867.994405
867.781729
867.463291
867.039792
866.512183
865.881680
865.149770
864.318228
863.389113
863.336524
864.264273
865.094616
865.825491
866.455123
866.982018
867.404957
867.722981
867.935384
868.041701
868.041701
867.935384
867.722981
867.404957
866.982018
866.455123
865.825491
865.094616
864.264273
863.336524
863.284024
864.210409
865.039553
865.769392
866.398151
866.924330
867.346705
867.664313
867.876441
867.982621
867.982621
867.876441
867.664313
867.346705
866.924330
866.398151
865.769392
865.039553
864.210409
863.284024
863.231612
864.156636
864.984581
865.713384
866.341266
866.866727
867.288536
867.605724
867.817576
867.923619
867.923619
867.817576
867.605724
867.288536
866.866727
866.341266
865.713384
864.984581
864.156636
863.231612
863.179289
864.102953
864.929699
865.657464
866.284469
866.809209
867.230449
867.547215
867.758788
867.864693
867.864693
867.758788
867.547215
867.230449
866.809209
866.284469
865.657464
864.929699
864.102953
863.179289
863.127052
864.049358
864.874906
865.601633
866.227759
866.751776
867.172444
867.488787
867.700080
867.805846
867.805846
867.700080
867.488787
867.172444
866.751776
866.227759
865.601633
864.874906
864.049358
863.127052
863.074902
863.995852
864.820202
865.545891
866.171136
866.694427
867.114522
867.430439
867.641451
867.747077
867.747077
867.641451
867.430439
867.114522
866.694427
866.171136
865.545891
864.820202
863.995852
863.074902
863.022837
863.942433
864.765586
865.490236
866.114599
866.637164
867.056683
867.372173
867.582901
867.688386
867.688386
867.582901
867.372173
867.056683
866.637164
866.114599
865.490236
864.765586
863.942433
863.022837
862.970858
863.889101
864.711057
865.434668
866.058149
866.579984
866.998926
867.313987
867.524432
867.629775
867.629775
867.524432
867.313987
866.998926
866.579984
866.058149
865.434668
864.711057
863.889101
862.970858
862.918963
863.835855
864.656616
865.379187
866.001784
866.522890
866.941253
867.255883
867.466042
867.571243
867.571243
867.466042
867.255883
866.941253
866.522890
866.001784
865.379187
864.656616
863.835855
862.918963
862.867151
863.782695
864.602261
865.323793
865.945505
866.465879
866.883662
867.197860
867.407733
867.512791
867.512791
867.407733
867.197860
866.883662
866.465879
865.945505
865.323793
864.602261
863.782695
862.867151
862.815423
863.729620
864.547992
865.268485
865.889312
866.408953
866.826155
867.139919
867.349504
867.454420
867.454420
867.349504
867.139919
866.826155
866.408953
865.889312
865.268485
864.547992
863.729620
862.815423
862.763777
863.676630
864.493809
865.213262
865.833203
866.352112
866.768730
867.082060
867.291357
867.396128
867.396128
867.291357
867.082060
866.768730
866.352112
865.833203
865.213262
864.493809
863.676630
862.763777
862.712214
863.623723
864.439710
865.158125
865.777179
866.295354
866.711388
867.024282
867.233291
867.337918
867.337918
867.233291
867.024282
866.711388
866.295354
865.777179
865.158125
864.439710
863.623723
862.712214
862.660732
863.570900
864.385697
865.103072
865.721240
866.238680
866.654129
866.966587
867.175305
867.279788
867.279788
867.175305
866.966587
866.654129
866.238680
865.721240
865.103072
864.385697
863.570900
862.660732
862.609332
863.518161
864.331767
865.048104
865.665386
866.182090
866.596954
866.908974
867.117402
867.221740
867.221740
867.117402
866.908974
866.596954
866.182090
865.665386
865.048104
864.331767
863.518161
862.609332
862.558012
863.465504
864.277922
864.993221
865.609615
866.125583
866.539861
866.851443
867.059580
867.163773
867.163773
867.059580
866.851443
866.539861
866.125583
865.609615
864.993221
864.277922
863.465504
862.558012
862.506773
863.412929
864.224160
864.938421
865.553929
866.069160
866.482851
866.793994
867.001840
867.105887
867.105887
867.001840
866.793994
866.482851
866.069160
865.553929
864.938421
864.224160
863.412929
862.506773
862.455613
863.360436
864.170481
864.883705
865.498326
866.012821
866.425924
866.736628
866.944181
867.048083
867.048083
866.944181
866.736628
866.425924
866.012821
865.498326
864.883705
864.170481
863.360436
862.455613
862.404534
863.308025
864.116885
864.829073
865.442807
865.956564
866.369080
866.679344
866.886605
866.990360
866.990360
866.886605
866.679344
866.369080
865.956564
865.442807
864.829073
864.116885
863.308025
862.404534
862.353533
863.255694
864.063371
864.774523
865.387371
865.900391
866.312318
866.622143
866.829111
866.932720
866.932720
866.829111
866.622143
866.312318
865.900391
865.387371
864.774523
864.063371
863.255694
862.353533
862.302611
863.203445
864.009939
864.720057
865.332019
865.844302
866.255640
866.565024
866.771699
866.875161
866.875161
866.771699
866.565024
866.255640
865.844302
865.332019
864.720057
864.009939
863.203445
862.302611
862.251768
863.151276
863.956589
864.665673
865.276749
865.788295
866.199044
866.507987
866.714369
866.817685
866.817685
866.714369
866.507987
866.199044
865.788295
865.276749
864.665673
863.956589
863.151276
862.251768
862.201002
863.099187
863.903321
864.611371
865.221562
865.732371
866.142531
866.451033
866.657121
866.760290
866.760290
866.657121
866.451033
866.142531
865.732371
865.221562
864.611371
863.903321
863.099187
862.201002
862.150315
863.047178
863.850133
864.557152
865.166458
865.676529
866.086101
866.394162
866.599956
866.702978
866.702978
866.599956
866.394162
866.086101
865.676529
865.166458
864.557152
863.850133
863.047178
862.150315
862.099705
862.995248
863.797027
864.503014
865.111436
865.620770
866.029753
866.337373
866.542873
866.645748
866.645748
866.542873
866.337373
866.029753
865.620770
865.111436
864.503014
863.797027
862.995248
862.099705
862.049173
862.943398
863.744002
864.448959
865.056496
865.565094
865.973488
866.280666
866.485872
866.588601
866.588601
866.485872
866.280666
865.973488
865.565094
865.056496
864.448959
863.744002
862.943398
862.049173
861.998717
862.891627
863.691056
864.394984
865.001638
865.509500
865.917305
866.224042
866.428954
866.531535
866.531535
866.428954
866.224042
865.917305
865.509500
865.001638
864.394984
863.691056
862.891627
861.998717
861.948338
862.839934
863.638191
864.341091
864.946862
865.453988
865.861205
866.167500
866.372118
866.474552
866.474552
866.372118
866.167500
865.861205
865.453988
864.946862
864.341091
863.638191
862.839934
861.948338
861.898036
862.788320
863.585406
864.287279
864.892168
865.398559
865.805186
866.111041
866.315364
866.417652
866.417652
866.315364
866.111041
865.805186
865.398559
864.892168
864.287279
863.585406
862.788320
861.898036
861.847810
862.736783
863.532701
864.233547
864.837556
865.343211
865.749251
866.054664
866.258693
866.360833
866.360833
866.258693
866.054664
865.749251
865.343211
864.837556
864.233547
863.532701
862.736783
861.847810
861.797660
862.685325
863.480075
864.179896
864.783024
865.287945
865.693397
865.998369
866.202104
866.304097
866.304097
866.202104
865.998369
865.693397
865.287945
864.783024
864.179896
863.480075
862.685325
861.797660
861.747585
862.633945
863.427528
864.126326
864.728574
865.232762
865.637625
865.942156
866.145597
866.247444
866.247444
866.145597
865.942156
865.637625
865.232762
864.728574
864.126326
863.427528
862.633945
861.747585
861.697586
862.582642
863.375061
864.072835
864.674206
865.177659
865.581935
865.886025
866.089173
866.190872
866.190872
866.089173
865.886025
865.581935
865.177659
864.674206
864.072835
863.375061
862.582642
861.697586
861.647662
862.531416
863.322672
864.019425
864.619918
865.122638
865.526328
865.829977
866.032830
866.134383
866.134383
866.032830
865.829977
865.526328
865.122638
864.619918
864.019425
863.322672
862.531416
861.647662
861.597814
862.480267
863.270361
863.966095
864.565710
865.067699
865.470802
865.774011
865.976570
866.077976
866.077976
865.976570
865.774011
865.470802
865.067699
864.565710
863.966095
863.270361
862.480267
861.597814
861.548040
862.429195
863.218130
863.912844
864.511584
865.012841
865.415357
865.718126
865.920392
866.021651
866.021651
865.920392
865.718126
865.415357
865.012841
864.511584
863.912844
863.218130
862.429195
861.548040
861.498341
862.378200
863.165976
863.859673
864.457537
864.958063
865.359994
865.662324
865.864297
865.965409
865.965409
865.864297
865.662324
865.359994
864.958063
864.457537
863.859673
863.165976
862.378200
861.498341
861.448716
862.327281
863.113901
863.806581
864.403571
864.903367
865.304713
865.606603
865.808283
865.909248
865.909248
865.808283
865.606603
865.304713
864.903367
864.403571
863.806581
863.113901
862.327281
861.448716
861.399166
862.276438
863.061903
863.753568
864.349686
864.848752
865.249513
865.550964
865.752351
865.853170
865.853170
865.752351
865.550964
865.249513
864.848752
864.349686
863.753568
863.061903
862.276438
861.399166
861.349690
862.225672
863.009983
863.700634
864.295880
864.794218
865.194395
865.495407
865.696501
865.797174
865.797174
865.696501
865.495407
865.194395
864.794218
864.295880
863.700634
863.009983
862.225672
861.349690
861.300288
862.174981
862.958140
863.647780
864.242154
864.739764
865.139357
865.439931
865.640733
865.741259
865.741259
865.640733
865.439931
865.139357
864.739764
864.242154
863.647780
862.958140
862.174981
861.300288
861.250959
862.124366
862.906375
863.595003
864.188508
864.685390
865.084401
865.384537
865.585046
865.685427
865.685427
865.585046
865.384537
865.084401
864.685390
864.188508
863.595003
862.906375
862.124366
861.250959
861.201704
862.073826
862.854687
863.542305
864.134941
864.631098
865.029526
865.329225
865.529442
865.629676
865.629676
865.529442
865.329225
865.029526
864.631098
864.134941
863.542305
862.854687
862.073826
861.201704
861.152522
862.023362
862.803076
863.489686
864.081454
864.576885
864.974731
865.273993
865.473918
865.574007
865.574007
865.473918
865.273993
864.974731
864.576885
864.081454
863.489686
862.803076
862.023362
861.152522
861.103414
861.972973
862.751542
863.437145
864.028046
864.522752
864.920018
865.218843
865.418477
865.518419
865.518419
865.418477
865.218843
864.920018
864.522752
864.028046
863.437145
862.751542
861.972973
861.103414
861.054379
861.922659
862.700085
863.384682
863.974717
864.468700
864.865385
865.163774
865.363117
865.462913
865.462913
865.363117
865.163774
864.865385
864.468700
863.974717
863.384682
862.700085
861.922659
861.054379
861.005416
861.872420
862.648704
863.332296
863.921467
864.414727
864.810833
865.108786
865.307838
865.407489
865.407489
865.307838
865.108786
864.810833
864.414727
863.921467
863.332296
862.648704
861.872420
861.005416
860.956527
861.822256
862.597399
863.279989
863.868297
864.360835
864.756361
865.053879
865.252640
865.352146
865.352146
865.252640
865.053879
864.756361
864.360835
863.868297
863.279989
862.597399
861.822256
860.956527
860.907710
861.772166
862.546171
863.227759
863.815204
864.307022
864.701969
864.999052
865.197524
865.296884
865.296884
865.197524
864.999052
864.701969
864.307022
863.815204
863.227759
862.546171
861.772166
860.907710
860.858965
861.722150
862.495018
863.175607
863.762191
864.253288
864.647658
864.944307
865.142488
865.241703
865.241703
865.142488
864.944307
864.647658
864.253288
863.762191
863.175607
862.495018
861.722150
860.858965
860.810293
861.672209
862.443942
863.123532
863.709256
864.199634
864.593427
864.889642
865.087534
865.186604
865.186604
865.087534
864.889642
864.593427
864.199634
863.709256
863.123532
862.443942
861.672209
860.810293
860.761693
861.622342
862.392941
863.071534
863.656399
864.146059
864.539275
864.835057
865.032660
865.131586
865.131586
865.032660
864.835057
864.539275
864.146059
863.656399
863.071534
862.392941
861.622342
860.761693
860.713164
861.572549
862.342016
863.019613
863.603621
864.092563
864.485204
864.780554
864.977867
865.076648
865.076648
864.977867
864.780554
864.485204
864.092563
863.603621
863.019613
862.342016
861.572549
860.713164
860.664708
861.522830
862.291167
862.967769
863.550921
864.039147
864.431213
864.726130
864.923155
865.021792
865.021792
864.923155
864.726130
864.431213
864.039147
863.550921
862.967769
862.291167
861.522830
860.664708
860.616324
861.473184
862.240393
862.916002
863.498299
863.985809
864.377301
864.671786
864.868523
864.967016
864.967016
864.868523
864.671786
864.377301
863.985809
863.498299
862.916002
862.240393
861.473184
860.616324
860.568011
861.423612
862.189694
862.864311
863.445754
863.932550
864.323469
864.617523
864.813972
864.912321
864.912321
864.813972
864.617523
864.323469
863.932550
863.445754
862.864311
862.189694
861.423612
860.568011
860.519770
861.374113
862.139070
862.812698
863.393287
863.879370
864.269716
864.563340
864.759501
864.857706
864.857706
864.759501
864.563340
864.269716
863.879370
863.393287
862.812698
862.139070
861.374113
860.519770
860.471600
861.324688
862.088521
862.761160
863.340898
863.826268
864.216042
864.509236
864.705111
864.803172
864.803172
864.705111
864.509236
864.216042
863.826268
863.340898
862.761160
862.088521
861.324688
860.471600
860.423501
861.275335
862.038047
862.709699
863.288586
863.773245
864.162448
864.455213
864.650800
864.748718
864.748718
864.650800
864.455213
864.162448
863.773245
863.288586
862.709699
862.038047
861.275335
860.423501
860.375473
861.226056
861.987648
862.658313
863.236352
863.720300
864.108933
864.401269
864.596570
864.694344
864.694344
864.596570
864.401269
864.108933
863.720300
863.236352
862.658313
861.987648
861.226056
860.375473
860.327516
861.176850
861.937323
862.607004
863.184195
863.667433
864.055497
864.347404
864.542420
864.640050
864.640050
864.542420
864.347404
864.055497
863.667433
863.184195
862.607004
861.937323
861.176850
860.327516
860.279630
861.127716
861.887072
862.555771
863.132115
863.614645
864.002139
864.293619
864.488349
864.585837
864.585837
864.488349
864.293619
864.002139
863.614645
863.132115
862.555771
861.887072
861.127716
860.279630
860.231815
861.078655
861.836896
862.504613
863.080112
863.561934
863.948861
864.239914
864.434358
864.531703
864.531703
864.434358
864.239914
863.948861
863.561934
863.080112
862.504613
861.836896
861.078655
860.231815
860.184070
861.029666
861.786794
862.453531
863.028185
863.509301
863.895661
864.186287
864.380447
864.477649
864.477649
864.380447
864.186287
863.895661
863.509301
863.028185
862.453531
861.786794
861.029666
860.184070
860.136396
860.980750
861.736766
862.402525
862.976336
863.456746
863.842539
864.132740
864.326615
864.423675
864.423675
864.326615
864.132740
863.842539
863.456746
862.976336
862.402525
861.736766
860.980750
860.136396
860.088792
860.931906
861.686812
862.351593
862.924563
863.404268
863.789496
864.079272
864.272863
864.369781
864.369781
864.272863
864.079272
863.789496
863.404268
862.924563
862.351593
861.686812
860.931906
860.088792
860.041258
860.883134
861.636932
862.300738
862.872866
863.351868
863.736531
864.025882
864.219190
864.315966
864.315966
864.219190
864.025882
863.736531
863.351868
862.872866
862.300738
861.636932
860.883134
860.041258
859.993795
860.834434
861.587125
862.249957
862.821246
863.299546
863.683645
863.972571
864.165596
864.262230
864.262230
864.165596
863.972571
863.683645
863.299546
862.821246
862.249957
861.587125
860.834434
859.993795
859.946401
860.785806
861.537392
862.199251
862.769702
863.247300
863.630836
863.919339
864.112081
864.208573
864.208573
864.112081
863.919339
863.630836
863.247300
862.769702
862.199251
861.537392
860.785806
859.946401
859.899077
860.737249
861.487733
862.148620
862.718234
863.195132
863.578106
863.866186
864.058645
864.154996
864.154996
864.058645
863.866186
863.578106
863.195132
862.718234
862.148620
861.487733
860.737249
859.899077
859.851823
860.688765
861.438146
862.098064
862.666842
863.143041
863.525453
863.813111
864.005288
864.101498
864.101498
864.005288
863.813111
863.525453
863.143041
862.666842
862.098064
861.438146
860.688765
859.851823
859.804639
860.640351
861.388633
862.047582
862.615526
863.091026
863.472878
863.760114
863.952009
864.048078
864.048078
863.952009
863.760114
863.472878
863.091026
862.615526
862.047582
861.388633
860.640351
859.804639
859.757524
860.592009
861.339193
861.997175
862.564286
863.039089
863.420380
863.707195
863.898809
863.994737
863.994737
863.898809
863.707195
863.420380
863.039089
862.564286
861.997175
861.339193
860.592009
859.757524
859.710478
860.543739
861.289826
861.946842
862.513121
862.987228
863.367960
863.654355
863.845688
863.941475
863.941475
863.845688
863.654355
863.367960
862.987228
862.513121
861.946842
861.289826
860.543739
859.710478
859.663502
860.495539
861.240531
861.896584
862.462032
862.935443
863.315617
863.601592
863.792645
863.888292
863.888292
863.792645
863.601592
863.315617
862.935443
862.462032
861.896584
861.240531
860.495539
859.663502
859.616594
860.447411
861.191309
861.846399
862.411019
862.883735
863.263352
863.548907
863.739680
863.835187
863.835187
863.739680
863.548907
863.263352
862.883735
862.411019
861.846399
861.191309
860.447411
859.616594
859.569756
860.399353
861.142160
861.796289
862.360080
862.832103
863.211163
863.496300
863.686793
863.782160
863.782160
863.686793
863.496300
863.211163
862.832103
862.360080
861.796289
861.142160
860.399353
859.569756
859.522987
860.351367
861.093083
861.746253
862.309217
862.780548
863.159052
863.443771
863.633985
863.729212
863.729212
863.633985
863.443771
863.159052
862.780548
862.309217
861.746253
861.093083
860.351367
859.522987
859.476287
860.303451
861.044079
861.696290
862.258428
862.729068
863.107017
863.391319
863.581254
863.676342
863.676342
863.581254
863.391319
863.107017
862.729068
862.258428
861.696290
861.044079
860.303451
859.476287
859.429655
860.255605
860.995147
861.646401
862.207715
862.677665
863.055060
863.338945
863.528601
863.623549
863.623549
863.528601
863.338945
863.055060
862.677665
862.207715
861.646401
860.995147
860.255605
859.429655
859.383092
860.207830
860.946287
861.596586
862.157076
862.626337
863.003179
863.286647
863.476026
863.570835
863.570835
863.476026
863.286647
863.003179
862.626337
862.157076
861.596586
860.946287
860.207830
859.383092
859.336597
860.160125
860.897499
861.546844
862.106512
862.575085
862.951374
863.234427
863.423528
863.518198
863.518198
863.423528
863.234427
862.951374
862.575085
862.106512
861.546844
860.897499
860.160125
859.336597
859.290171
860.112491
860.848783
861.497175
862.056023
862.523908
862.899646
863.182284
863.371108
863.465639
863.465639
863.371108
863.182284
862.899646
862.523908
862.056023
861.497175
860.848783
860.112491
859.290171
859.243813
860.064927
860.800138
861.447580
862.005608
862.472807
862.847994
863.130218
863.318765
863.413157
863.413157
863.318765
863.130218
862.847994
862.472807
862.005608
861.447580
860.800138
860.064927
859.243813
859.197523
860.017432
860.751565
861.398058
861.955267
862.421782
862.796418
863.078228
863.266499
863.360753
863.360753
863.266499
863.078228
862.796418
862.421782
861.955267
861.398058
860.751565
860.017432
859.197523
859.151302
859.970008
860.703064
861.348608
861.905001
862.370831
862.744919
863.026316
863.214310
863.308426
863.308426
863.214310
863.026316
862.744919
862.370831
861.905001
861.348608
860.703064
859.970008
859.151302
859.105148
859.922653
860.654634
861.299232
861.854809
862.319956
862.693495
862.974479
863.162198
863.256177
863.256177
863.162198
862.974479
862.693495
862.319956
861.854809
861.299232
860.654634
859.922653
859.105148
859.059062
859.875368
860.606276
861.249928
861.804690
862.269156
862.642147
862.922720
863.110164
863.204004
863.204004
863.110164
862.922720
862.642147
862.269156
861.804690
861.249928
860.606276
859.875368
859.059062
859.013044
859.828153
860.557989
861.200697
861.754646
862.218430
862.590875
862.871036
863.058205
863.151908
863.151908
863.058205
862.871036
862.590875
862.218430
861.754646
861.200697
860.557989
859.828153
859.013044
858.967093
859.781007
860.509772
861.151538
861.704675
862.167780
862.539678
862.819429
863.006324
863.099890
863.099890
863.006324
862.819429
862.539678
862.167780
861.704675
861.151538
860.509772
859.781007
858.967093
858.921210
859.733930
860.461627
861.102452
861.654778
862.117204
862.488557
862.767898
862.954519
863.047947
863.047947
862.954519
862.767898
862.488557
862.117204
861.654778
861.102452
860.461627
859.733930
858.921210
858.875394
859.686922
860.413553
861.053438
861.604954
862.066702
862.437511
862.716443
862.902790
862.996082
862.996082
862.902790
862.716443
862.437511
862.066702
861.604954
861.053438
860.413553
859.686922
858.875394
858.829646
859.639984
860.365549
861.004496
861.555204
862.016275
862.386541
862.665064
862.851138
862.944293
862.944293
862.851138
862.665064
862.386541
862.016275
861.555204
861.004496
860.365549
859.639984
858.829646
858.783964
859.593115
860.317616
860.955627
861.505527
861.965922
862.335646
862.613760
862.799562
862.892580
862.892580
862.799562
862.613760
862.335646
861.965922
861.505527
860.955627
860.317616
859.593115
858.783964
858.738350
859.546314
860.269753
860.906829
861.455923
861.915644
862.284825
862.562532
862.748062
862.840944
862.840944
862.748062
862.562532
862.284825
861.915644
861.455923
860.906829
860.269753
859.546314
858.738350
858.692803
859.499583
860.221961
860.858103
861.406393
861.865440
862.234080
862.511380
862.696637
862.789383
862.789383
862.696637
862.511380
862.234080
861.865440
861.406393
860.858103
860.221961
859.499583
858.692803
858.647323
859.452920
860.174240
860.809449
861.356935
861.815309
862.183409
862.460303
862.645289
862.737899
862.737899
862.645289
862.460303
862.183409
861.815309
861.356935
860.809449
860.174240
859.452920
858.647323
858.601909
859.406325
860.126588
860.760866
861.307550
861.765253
862.132813
862.409301
862.594016
862.686491
862.686491
862.594016
862.409301
862.132813
861.765253
861.307550
860.760866
860.126588
859.406325
858.601909
858.556562
859.359800
860.079007
860.712355
861.258238
861.715270
862.082292
862.358375
862.542819
862.635158
862.635158
862.542819
862.358375
862.082292
861.715270
861.258238
860.712355
860.079007
859.359800
858.556562
858.511282
859.313342
860.031495
860.663916
861.208999
861.665361
862.031845
862.307523
862.491697
862.583901
862.583901
862.491697
862.307523
862.031845
861.665361
861.208999
860.663916
860.031495
859.313342
858.511282
858.466068
859.266953
859.984053
860.615547
861.159831
861.615525
861.981472
862.256747
862.440651
862.532720
862.532720
862.440651
862.256747
861.981472
861.615525
861.159831
860.615547
859.984053
859.266953
858.466068
858.420921
859.220632
859.936682
860.567250
861.110737
861.565763
861.931174
862.206045
862.389680
862.481614
862.481614
862.389680
862.206045
861.931174
861.565763
861.110737
860.567250
859.936682
859.220632
858.420921
858.375839
859.174379
859.889379
860.519024
861.061714
861.516074
861.880950
862.155418
862.338784
862.430583
862.430583
862.338784
862.155418
861.880950
861.516074
861.061714
860.519024
859.889379
859.174379
858.375839
858.330824
859.128194
859.842147
860.470869
861.012764
861.466458
861.830799
862.104866
862.287963
862.379628
862.379628
862.287963
862.104866
861.830799
861.466458
861.012764
860.470869
859.842147
859.128194
858.330824
858.285875
859.082076
859.794983
860.422785
860.963886
861.416915
861.780723
862.054388
862.237217
862.328747
862.328747
862.237217
862.054388
861.780723
861.416915
860.963886
860.422785
859.794983
859.082076
858.285875
858.240992
859.036027
859.747889
860.374771
860.915080
861.367445
861.730720
862.003984
862.186546
862.277942
862.277942
862.186546
862.003984
861.730720
861.367445
860.915080
860.374771
859.747889
859.036027
858.240992
858.196175
858.990045
859.700865
860.326828
860.866345
861.318048
861.680791
861.953655
862.135949
862.227212
862.227212
862.135949
861.953655
861.680791
861.318048
860.866345
860.326828
859.700865
858.990045
858.196175
858.151424
858.944131
859.653909
860.278956
860.817683
861.268724
861.630936
861.903400
862.085427
862.176556
862.176556
862.085427
861.903400
861.630936
861.268724
860.817683
860.278956
859.653909
858.944131
858.151424
858.106738
858.898284
859.607023
860.231154
860.769092
861.219472
861.581153
861.853219
862.034979
862.125975
862.125975
862.034979
861.853219
861.581153
861.219472
860.769092
860.231154
859.607023
858.898284
858.106738
858.062118
858.852504
859.560205
860.183422
860.720572
861.170293
861.531445
861.803112
861.984606
862.075468
862.075468
861.984606
861.803112
861.531445
861.170293
860.720572
860.183422
859.560205
858.852504
858.062118
858.017563
858.806792
859.513456
860.135760
860.672124
861.121186
861.481809
861.753078
861.934307
862.025036
862.025036
861.934307
861.753078
861.481809
861.121186
860.672124
860.135760
859.513456
858.806792
858.017563
857.973073
858.761146
859.466776
860.088169
860.623747
861.072152
861.432247
861.703118
861.884082
861.974678
861.974678
861.884082
861.703118
861.432247
861.072152
860.623747
860.088169
859.466776
858.761146
857.973073
857.928649
858.715568
859.420164
860.040647
860.575441
861.023190
861.382757
861.653232
861.833931
861.924394
861.924394
861.833931
861.653232
861.382757
861.023190
860.575441
860.040647
859.420164
858.715568
857.928649
857.884290
858.670057
859.373621
859.993196
860.527207
860.974299
861.333340
861.603420
861.783853
861.874185
861.874185
861.783853
861.603420
861.333340
860.974299
860.527207
859.993196
859.373621
858.670057
857.884290
857.839996
858.624612
859.327146
859.945814
860.479043
860.925481
861.283996
861.553680
861.733850
861.824049
861.824049
861.733850
861.553680
861.283996
860.925481
860.479043
859.945814
859.327146
858.624612
857.839996
857.795767
858.579234
859.280740
859.898501
860.430950
860.876735
861.234725
861.504014
861.683920
861.773987
861.773987
861.683920
861.504014
861.234725
860.876735
860.430950
859.898501
859.280740
858.579234
857.795767
857.751602
858.533923
859.234402
859.851259
860.382928
860.828060
861.185526
861.454421
861.634064
861.723999
861.723999
861.634064
861.454421
861.185526
860.828060
860.382928
859.851259
859.234402
858.533923
857.751602
857.707503
858.488678
859.188131
859.804085
860.334976
860.779457
861.136400
861.404901
861.584281
861.674084
861.674084
861.584281
861.404901
861.136400
860.779457
860.334976
859.804085
859.188131
858.488678
857.707503
857.663468
858.443499
859.141929
859.756982
860.287095
860.730925
861.087346
861.355454
861.534571
861.624243
861.624243
861.534571
861.355454
861.087346
860.730925
860.287095
859.756982
859.141929
858.443499
857.663468
857.619497
858.398387
859.095795
859.709947
860.239285
860.682465
861.038364
861.306080
861.484935
861.574476
861.574476
861.484935
861.306080
861.038364
860.682465
860.239285
859.709947
859.095795
858.398387
857.619497
857.575591
858.353341
859.049728
859.662981
860.191544
860.634076
860.989454
861.256778
861.435371
861.524781
861.524781
861.435371
861.256778
860.989454
860.634076
860.191544
859.662981
859.049728
858.353341
857.575591
857.531750
858.308361
859.003729
859.616085
860.143874
860.585758
860.940616
861.207549
861.385881
861.475160
861.475160
861.385881
861.207549
860.940616
860.585758
860.143874
859.616085
859.003729
858.308361
857.531750
857.487972
858.263447
858.957797
859.569257
860.096274
860.537511
860.891850
861.158393
861.336463
861.425612
861.425612
861.336463
861.158393
860.891850
860.537511
860.096274
859.569257
858.957797
858.263447
857.487972
857.444259
858.218599
858.911933
859.522498
860.048744
860.489336
860.843156
861.109308
861.287119
861.376136
861.376136
861.287119
861.109308
860.843156
860.489336
860.048744
859.522498
858.911933
858.218599
857.444259
857.400610
858.173817
858.866136
859.475808
860.001284
860.441231
860.794533
861.060296
861.237846
861.326734
861.326734
861.237846
861.060296
860.794533
860.441231
860.001284
859.475808
858.866136
858.173817
857.400610
857.357025
858.129101
858.820407
859.429186
859.953893
860.393196
860.745982
861.011356
861.188647
861.277404
861.277404
861.188647
861.011356
860.745982
860.393196
859.953893
859.429186
858.820407
858.129101
857.357025
857.313503
858.084449
858.774744
859.382633
859.906572
860.345233
860.697503
860.962488
861.139519
861.228147
861.228147
861.139519
860.962488
860.697503
860.345233
859.906572
859.382633
858.774744
858.084449
857.313503
857.270046
858.039864
858.729149
859.336148
859.859321
860.297340
860.649094
860.913692
861.090464
861.178962
861.178962
861.090464
860.913692
860.649094
860.297340
859.859321
859.336148
858.729149
858.039864
857.270046
857.226652
857.995344
858.683620
859.289732
859.812139
860.249517
860.600757
860.864968
861.041482
861.129850
861.129850
861.041482
860.864968
860.600757
860.249517
859.812139
859.289732
858.683620
857.995344
857.226652
857.183321
857.950889
858.638158
859.243383
859.765027
860.201765
860.552491
860.816316
860.992571
861.080810
861.080810
860.992571
860.816316
860.552491
860.201765
859.765027
859.243383
858.638158
857.950889
857.183321
857.140054
857.906499
858.592763
859.197103
859.717983
860.154083
860.504296
860.767735
860.943732
861.031842
861.031842
860.943732
860.767735
860.504296
860.154083
859.717983
859.197103
858.592763
857.906499
857.140054
857.096851
857.862174
858.547435
859.150890
859.671009
860.106471
860.456171
860.719225
860.894965
860.982946
860.982946
860.894965
860.719225
860.456171
860.106471
859.671009
859.150890
858.547435
857.862174
857.096851
857.053711
857.817915
858.502173
859.104746
859.624104
860.058929
860.408118
860.670787
860.846270
860.934123
860.934123
860.846270
860.670787
860.408118
860.058929
859.624104
859.104746
858.502173
857.817915
857.053711
857.010633
857.773720
858.456977
859.058669
859.577267
860.011456
860.360135
860.622420
860.797646
860.885370
860.885370
860.797646
860.622420
860.360135
860.011456
859.577267
859.058669
858.456977
857.773720
857.010633
856.967619
857.729590
858.411848
859.012660
859.530500
859.964054
860.312223
860.574124
860.749094
860.836690
860.836690
860.749094
860.574124
860.312223
859.964054
859.530500
859.012660
858.411848
857.729590
856.967619
856.924668
857.685525
858.366785
858.966718
859.483801
859.916721
860.264381
860.525899
860.700613
860.788081
860.788081
860.700613
860.525899
860.264381
859.916721
859.483801
858.966718
858.366785
857.685525
856.924668
856.881780
857.641524
858.321788
858.920844
859.437171
859.869458
860.216609
860.477745
860.652204
860.739544
860.739544
860.652204
860.477745
860.216609
859.869458
859.437171
858.920844
858.321788
857.641524
856.881780
856.838955
857.597588
858.276857
858.875037
859.390609
859.822264
860.168908
860.429662
860.603866
860.691078
860.691078
860.603866
860.429662
860.168908
859.822264
859.390609
858.875037
858.276857
857.597588
856.838955
856.796192
857.553716
858.231992
858.829298
859.344116
859.775140
860.121277
860.381650
860.555599
860.642684
860.642684
860.555599
860.381650
860.121277
859.775140
859.344116
858.829298
858.231992
857.553716
856.796192
856.753492
857.509908
858.187193
858.783625
859.297691
859.728084
860.073715
860.333708
860.507403
860.594360
860.594360
860.507403
860.333708
860.073715
859.728084
859.297691
858.783625
858.187193
857.509908
856.753492
856.710854
857.466165
858.142459
858.738020
859.251334
859.681098
860.026224
860.285836
860.459277
860.546108
860.546108
860.459277
860.285836
860.026224
859.681098
859.251334
858.738020
858.142459
857.466165
856.710854
856.668279
857.422485
858.097791
858.692481
859.205045
859.634181
859.978803
860.238035
860.411223
860.497926
860.497926
860.411223
860.238035
859.978803
859.634181
859.205045
858.692481
858.097791
857.422485
856.668279
856.625766
857.378870
858.053189
858.647010
859.158824
859.587333
859.931451
860.190304
860.363239
860.449815
860.449815
860.363239
860.190304
859.931451
859.587333
859.158824
858.647010
858.053189
857.378870
856.625766
856.583315
857.335318
858.008652
858.601605
859.112671
859.540554
859.884168
860.142644
860.315325
860.401776
860.401776
860.315325
860.142644
859.884168
859.540554
859.112671
858.601605
858.008652
857.335318
856.583315
856.540926
857.291831
857.964180
858.556266
859.066585
859.493843
859.836955
860.095053
860.267482
860.353806
860.353806
860.267482
860.095053
859.836955
859.493843
859.066585
858.556266
857.964180
857.291831
856.540926
856.498600
857.248407
857.919773
858.510994
859.020568
859.447201
859.789812
860.047533
860.219710
860.305907
860.305907
860.219710
860.047533
859.789812
859.447201
859.020568
858.510994
857.919773
857.248407
856.498600
856.456335
857.205046
857.875432
858.465789
858.974618
859.400627
859.742738
860.000082
860.172007
860.258079
860.258079
860.172007
860.000082
859.742738
859.400627
858.974618
858.465789
857.875432
857.205046
856.456335
856.414132
857.161749
857.831155
858.420650
858.928735
859.354122
859.695733
859.952701
860.124375
860.210321
860.210321
860.124375
859.952701
859.695733
859.354122
858.928735
858.420650
857.831155
857.161749
856.414132
856.371991
857.118516
857.786944
858.375577
858.882919
859.307685
859.648797
859.905389
860.076813
860.162633
860.162633
860.076813
859.905389
859.648797
859.307685
858.882919
858.375577
857.786944
857.118516
856.371991
856.329912
857.075345
857.742797
858.330570
858.837171
859.261316
859.601929
859.858147
860.029320
860.115015
860.115015
860.029320
859.858147
859.601929
859.261316
858.837171
858.330570
857.742797
857.075345
856.329912
856.287894
857.032238
857.698715
858.285629
858.791490
859.215016
859.555131
859.810974
859.981897
860.067467
860.067467
859.981897
859.810974
859.555131
859.215016
858.791490
858.285629
857.698715
857.032238
856.287894
856.245938
856.989195
857.654697
858.240754
858.745876
859.168783
859.508402
859.763871
859.934544
860.019989
860.019989
859.934544
859.763871
859.508402
859.168783
858.745876
858.240754
857.654697
856.989195
856.245938
856.204042
856.946214
857.610744
858.195945
858.700329
859.122618
859.461741
859.716837
859.887261
859.972581
859.972581
859.887261
859.716837
859.461741
859.122618
858.700329
858.195945
857.610744
856.946214
856.204042
856.162209
856.903296
857.566855
858.151201
858.654849
859.076521
859.415148
859.669872
859.840047
859.925242
859.925242
859.840047
859.669872
859.415148
859.076521
858.654849
858.151201
857.566855
856.903296
856.162209
856.120436
856.860441
857.523031
858.106523
858.609435
859.030492
859.368624
859.622976
859.792902
859.877973
859.877973
859.792902
859.622976
859.368624
859.030492
858.609435
858.106523
857.523031
856.860441
856.120436
856.078724
856.817648
857.479271
858.061911
858.564088
858.984530
859.322168
859.576148
859.745827
859.830774
859.830774
859.745827
859.576148
859.322168
858.984530
858.564088
858.061911
857.479271
856.817648
856.078724
856.037074
856.774918
857.435575
858.017364
858.518808
858.938635
859.275781
859.529390
859.698821
859.783643
859.783643
859.698821
859.529390
859.275781
858.938635
858.518808
858.017364
857.435575
856.774918
856.037074
855.995484
856.732251
857.391943
857.972882
858.473594
858.892808
859.229461
859.482700
859.651883
859.736582
859.736582
859.651883
859.482700
859.229461
858.892808
858.473594
857.972882
857.391943
856.732251
855.995484
855.953955
856.689646
857.348375
857.928466
858.428446
858.847048
859.183210
859.436079
859.605015
859.689590
859.689590
859.605015
859.436079
859.183210
858.847048
858.428446
857.928466
857.348375
856.689646
855.953955
855.912487
856.647104
857.304870
857.884114
858.383365
858.801355
859.137026
859.389526
859.558215
859.642667
859.642667
859.558215
859.389526
859.137026
858.801355
858.383365
857.884114
857.304870
856.647104
855.912487
855.871080
856.604624
857.261430
857.839828
858.338349
858.755730
859.090910
859.343042
859.511485
859.595813
859.595813
859.511485
859.343042
859.090910
858.755730
858.338349
857.839828
857.261430
856.604624
855.871080
855.829733
856.562206
857.218053
857.795606
858.293400
858.710171
859.044862
859.296625
859.464822
859.549028
859.549028
859.464822
859.296625
859.044862
858.710171
858.293400
857.795606
857.218053
856.562206
855.829733
855.788446
856.519850
857.174739
857.751449
858.248517
858.664679
858.998882
859.250277
859.418229
859.502311
859.502311
859.418229
859.250277
858.998882
858.664679
858.248517
857.751449
857.174739
856.519850
855.788446
855.747220
856.477556
857.131489
857.707357
858.203699
858.619254
858.952969
859.203997
859.371704
859.455663
859.455663
859.371704
859.203997
858.952969
858.619254
858.203699
857.707357
857.131489
856.477556
855.747220
855.706054
856.435324
857.088302
857.663330
858.158947
858.573895
858.907123
859.157785
859.325247
859.409084
859.409084
859.325247
859.157785
858.907123
858.573895
858.158947
857.663330
857.088302
856.435324
855.706054
855.664948
856.393153
857.045179
857.619367
858.114260
858.528603
858.861344
859.111641
859.278858
859.362572
859.362572
859.278858
859.111641
858.861344
858.528603
858.114260
857.619367
857.045179
856.393153
855.664948
855.623902
856.351045
857.002118
857.575469
858.069640
858.483377
858.815633
859.065564
859.232537
859.316129
859.316129
859.232537
859.065564
858.815633
858.483377
858.069640
857.575469
857.002118
856.351045
855.623902
855.582917
856.308998
856.959121
857.531634
858.025084
858.438218
858.769989
859.019555
859.186284
859.269755
859.269755
859.186284
859.019555
858.769989
858.438218
858.025084
857.531634
856.959121
856.308998
855.582917
855.541991
856.267012
856.916186
857.487864
857.980594
858.393125
858.724411
858.973613
859.140099
859.223448
859.223448
859.140099
858.973613
858.724411
858.393125
857.980594
857.487864
856.916186
856.267012
855.541991
855.501125
856.225088
856.873315
857.444158
857.936169
858.348098
858.678901
858.927739
859.093982
859.177209
859.177209
859.093982
858.927739
858.678901
858.348098
857.936169
857.444158
856.873315
856.225088
855.501125
855.460318
856.183225
856.830506
857.400517
857.891809
858.303137
858.633457
858.881932
859.047933
859.131038
859.131038
859.047933
858.881932
858.633457
858.303137
857.891809
857.400517
856.830506
856.183225
855.460318
855.419572
856.141423
856.787760
857.356939
857.847514
858.258242
858.588080
858.836193
859.001951
859.084935
859.084935
859.001951
858.836193
858.588080
858.258242
857.847514
857.356939
856.787760
856.141423
855.419572
855.378884
856.099683
856.745076
857.313424
857.803284
858.213413
858.542770
858.790520
858.956037
859.038900
859.038900
858.956037
858.790520
858.542770
858.213413
857.803284
857.313424
856.745076
856.099683
855.378884
855.338257
856.058003
856.702455
857.269974
857.759119
858.168649
858.497525
858.744915
858.910190
858.992932
858.992932
858.910190
858.744915
858.497525
858.168649
857.759119
857.269974
856.702455
856.058003
855.338257
855.297688
856.016385
856.659896
857.226587
857.715019
858.123951
858.452348
858.699376
858.864410
858.947031
858.947031
858.864410
858.699376
858.452348
858.123951
857.715019
857.226587
856.659896
856.016385
855.297688
855.257179
855.974827
856.617400
857.183264
857.670983
858.079319
858.407236
858.653904
858.818697
858.901198
858.901198
858.818697
858.653904
858.407236
858.079319
857.670983
857.183264
856.617400
855.974827
855.257179
855.216729
855.933330
856.574965
857.140004
857.627011
858.034752
858.362191
858.608499
858.773052
858.855432
858.855432
858.773052
858.608499
858.362191
858.034752
857.627011
857.140004
856.574965
855.933330
855.216729
855.176338
855.891894
856.532593
857.096808
857.583105
857.990250
858.317212
858.563160
858.727473
858.809733
858.809733
858.727473
858.563160
858.317212
857.990250
857.583105
857.096808
856.532593
855.891894
855.176338
855.136006
855.850518
856.490283
857.053674
857.539262
857.945814
858.272298
858.517888
858.681961
858.764102
858.764102
858.681961
858.517888
858.272298
857.945814
857.539262
857.053674
856.490283
855.850518
855.136006
855.095733
855.809203
856.448034
857.010604
857.495483
857.901442
858.227451
858.472682
858.636516
858.718537
858.718537
858.636516
858.472682
858.227451
857.901442
857.495483
857.010604
856.448034
855.809203
855.095733
855.055519
855.767948
856.405848
856.967597
857.451769
857.857136
858.182669
858.427543
858.591138
858.673039
858.673039
858.591138
858.427543
858.182669
857.857136
857.451769
856.967597
856.405848
855.767948
855.055519
855.015363
855.726753
856.363723
856.924653
857.408119
857.812894
858.137953
858.382470
858.545826
858.627607
858.627607
858.545826
858.382470
858.137953
857.812894
857.408119
856.924653
856.363723
855.726753
855.015363
854.975266
855.685619
856.321659
856.881771
857.364533
857.768718
858.093302
858.337462
858.500580
858.582243
858.582243
858.500580
858.337462
858.093302
857.768718
857.364533
856.881771
856.321659
855.685619
854.975266
854.935228
855.644545
856.279658
856.838953
857.321010
857.724606
858.048717
858.292521
858.455401
858.536945
858.536945
858.455401
858.292521
858.048717
857.724606
857.321010
856.838953
856.279658
855.644545
854.935228
854.895248
855.603530
856.237717
856.796197
857.277551
857.680558
858.004197
858.247646
858.410288
858.491713
858.491713
858.410288
858.247646
858.004197
857.680558
857.277551
856.796197
856.237717
855.603530
854.895248
854.855326
855.562576
856.195838
856.753504
857.234156
857.636576
857.959742
858.202836
858.365242
858.446547
858.446547
858.365242
858.202836
857.959742
857.636576
857.234156
856.753504
856.195838
855.562576
854.855326
854.815463
855.521681
856.154020
856.710873
857.190824
857.592657
857.915353
858.158092
858.320261
858.401448
858.401448
858.320261
858.158092
857.915353
857.592657
857.190824
856.710873
856.154020
855.521681
854.815463
854.775658
855.480847
856.112264
856.668304
857.147556
857.548803
857.871028
858.113414
858.275346
858.356415
858.356415
858.275346
858.113414
857.871028
857.548803
857.147556
856.668304
856.112264
855.480847
854.775658
854.735911
855.440072
856.070568
856.625798
857.104351
857.505013
857.826768
858.068801
858.230497
858.311448
858.311448
858.230497
858.068801
857.826768
857.505013
857.104351
856.625798
856.070568
855.440072
854.735911
854.696222
855.399356
856.028933
856.583354
857.061210
857.461288
857.782574
858.024253
858.185714
858.266546
858.266546
858.185714
858.024253
857.782574
857.461288
857.061210
856.583354
856.028933
855.399356
854.696222
854.656590
855.358700
855.987360
856.540972
857.018131
857.417626
857.738444
857.979771
858.140996
858.221711
858.221711
858.140996
857.979771
857.738444
857.417626
857.018131
856.540972
855.987360
855.358700
854.656590
854.617017
855.318103
855.945847
856.498652
856.975116
857.374028
857.694378
857.935354
858.096344
858.176941
858.176941
858.096344
857.935354
857.694378
857.374028
856.975116
856.498652
855.945847
855.318103
854.617017
854.577502
855.277566
855.904394
856.456394
856.932163
857.330494
857.650378
857.891002
858.051757
858.132237
858.132237
858.051757
857.891002
857.650378
857.330494
856.932163
856.456394
855.904394
855.277566
854.577502
854.538044
855.237088
855.863003
856.414198
856.889273
857.287024
857.606441
857.846715
858.007236
858.087599
858.087599
858.007236
857.846715
857.606441
857.287024
856.889273
856.414198
855.863003
855.237088
854.538044
854.498643
855.196669
855.821671
856.372063
856.846447
857.243618
857.562569
857.802493
857.962780
858.043025
858.043025
857.962780
857.802493
857.562569
857.243618
856.846447
856.372063
855.821671
855.196669
854.498643
854.459301
855.156308
855.780400
856.329990
856.803682
857.200275
857.518761
857.758335
857.918389
857.998517
857.998517
857.918389
857.758335
857.518761
857.200275
856.803682
856.329990
855.780400
855.156308
854.459301
854.420015
855.116007
855.739190
856.287979
856.760981
857.156995
857.475018
857.714242
857.874063
857.954075
857.954075
857.874063
857.714242
857.475018
857.156995
856.760981
856.287979
855.739190
855.116007
854.420015
854.380787
855.075765
855.698039
856.246029
856.718341
857.113779
857.431338
857.670214
857.829802
857.909697
857.909697
857.829802
857.670214
857.431338
857.113779
856.718341
856.246029
855.698039
855.075765
854.380787
854.341616
855.035582
855.656949
856.204140
856.675765
857.070626
857.387722
857.626251
857.785606
857.865384
857.865384
857.785606
857.626251
857.387722
857.070626
856.675765
856.204140
855.656949
855.035582
854.341616
854.302502
854.995457
855.615919
856.162313
856.633250
857.027536
857.344171
857.582351
857.741474
857.821137
857.821137
857.741474
857.582351
857.344171
857.027536
856.633250
856.162313
855.615919
854.995457
854.302502
854.263446
854.955390
855.574949
856.120546
856.590798
856.984509
857.300683
857.538516
857.697407
857.776954
857.776954
857.697407
857.538516
857.300683
856.984509
856.590798
856.120546
855.574949
854.955390
854.263446
854.224446
854.915383
855.534038
856.078841
856.548407
856.941545
857.257258
857.494745
857.653405
857.732836
857.732836
857.653405
857.494745
857.257258
856.941545
856.548407
856.078841
855.534038
854.915383
854.224446
854.185503
854.875433
855.493188
856.037197
856.506079
856.898645
857.213897
857.451039
857.609467
857.688782
857.688782
857.609467
857.451039
857.213897
856.898645
856.506079
856.037197
855.493188
854.875433
854.185503
854.146617
854.835542
855.452397
855.995614
856.463813
856.855806
857.170600
857.407396
857.565594
857.644793
857.644793
857.565594
857.407396
857.170600
856.855806
856.463813
855.995614
855.452397
854.835542
854.146617
854.107787
854.795709
855.411665
855.954091
856.421608
856.813031
857.127366
857.363817
857.521784
857.600868
857.600868
857.521784
857.363817
857.127366
856.813031
856.421608
855.954091
855.411665
854.795709
854.107787
854.069015
854.755934
855.370994
855.912629
856.379465
856.770318
857.084195
857.320302
857.478039
857.557008
857.557008
857.478039
857.320302
857.084195
856.770318
856.379465
855.912629
855.370994
854.755934
854.069015
854.030298
854.716218
855.330381
855.871228
856.337384
856.727668
857.041088
857.276850
857.434358
857.513212
857.513212
857.434358
857.276850
857.041088
856.727668
856.337384
855.871228
855.330381
854.716218
854.030298
853.991638
854.676559
855.289828
855.829887
856.295365
856.685079
856.998043
857.233463
857.390741
857.469480
857.469480
857.390741
857.233463
856.998043
856.685079
856.295365
855.829887
855.289828
854.676559
853.991638
853.953035
854.636958
855.249334
855.788607
856.253406
856.642554
856.955062
857.190138
857.347188
857.425812
857.425812
857.347188
857.190138
856.955062
856.642554
856.253406
855.788607
855.249334
854.636958
853.953035
853.914488
854.597415
855.208899
855.747386
856.211509
856.600090
856.912143
857.146877
857.303698
857.382208
857.382208
857.303698
857.146877
856.912143
856.600090
856.211509
855.747386
855.208899
854.597415
853.914488
853.875997
854.557929
855.168523
855.706227
856.169674
856.557689
856.869287
857.103680
857.260272
857.338668
857.338668
857.260272
857.103680
856.869287
856.557689
856.169674
855.706227
855.168523
854.557929
853.875997
853.837562
854.518502
855.128207
855.665127
856.127899
856.515349
856.826494
857.060546
857.216910
857.295191
857.295191
857.216910
857.060546
856.826494
856.515349
856.127899
855.665127
855.128207
854.518502
853.837562
853.799183
854.479131
855.087949
855.624087
856.086186
856.473072
856.783764
857.017474
857.173611
857.251778
857.251778
857.173611
857.017474
856.783764
856.473072
856.086186
855.624087
855.087949
854.479131
853.799183
853.760860
854.439819
855.047749
855.583107
856.044533
856.430856
856.741096
856.974466
857.130375
857.208429
857.208429
857.130375
856.974466
856.741096
856.430856
856.044533
855.583107
855.047749
854.439819
853.760860
853.722593
854.400563
855.007609
855.542188
856.002942
856.388702
856.698490
856.931521
857.087203
857.165143
857.165143
857.087203
856.931521
856.698490
856.388702
856.002942
855.542188
855.007609
854.400563
853.722593
853.684382
854.361365
854.967527
855.501327
855.961411
856.346610
856.655947
856.888638
857.044094
857.121920
857.121920
857.044094
856.888638
856.655947
856.346610
855.961411
855.501327
854.967527
854.361365
853.684382
853.646226
854.322224
854.927503
855.460527
855.919941
856.304579
856.613466
856.845818
857.001048
857.078761
857.078761
857.001048
856.845818
856.613466
856.304579
855.919941
855.460527
854.927503
854.322224
853.646226
853.608126
854.283140
854.887538
855.419786
855.878531
856.262610
856.571047
856.803061
856.958065
857.035665
857.035665
856.958065
856.803061
856.571047
856.262610
855.878531
855.419786
854.887538
854.283140
853.608126
853.570081
854.244113
854.847632
855.379105
855.837182
856.220701
856.528690
856.760367
856.915145
856.992632
856.992632
856.915145
856.760367
856.528690
856.220701
855.837182
855.379105
854.847632
854.244113
853.570081
853.532092
854.205143
854.807783
855.338483
855.795894
856.178855
856.486395
856.717735
856.872287
856.949662
856.949662
856.872287
856.717735
856.486395
856.178855
855.795894
855.338483
854.807783
854.205143
853.532092
853.494159
854.166229
854.767993
855.297920
855.754665
856.137069
856.444162
856.675165
856.829493
856.906754
856.906754
856.829493
856.675165
856.444162
856.137069
855.754665
855.297920
854.767993
854.166229
853.494159
853.456280
854.127373
854.728261
855.257417
855.713497
856.095345
856.401990
856.632657
856.786760
856.863910
856.863910
856.786760
856.632657
856.401990
856.095345
855.713497
855.257417
854.728261
854.127373
853.456280
853.418457
854.088573
854.688587
855.216973
855.672389
856.053681
856.359881
856.590212
856.744091
856.821128
856.821128
856.744091
856.590212
856.359881
856.053681
855.672389
855.216973
854.688587
854.088573
853.418457
853.380689
854.049830
854.648970
855.176587
855.631342
856.012078
856.317832
856.547828
856.701484
856.778409
856.778409
856.701484
856.547828
856.317832
856.012078
855.631342
855.176587
854.648970
854.049830
853.380689
853.342975
854.011143
854.609412
855.136261
855.590354
855.970537
856.275846
856.505507
856.658939
856.735752
856.735752
856.658939
856.505507
856.275846
855.970537
855.590354
855.136261
854.609412
854.011143
853.342975
853.305317
853.972512
854.569911
855.095994
855.549426
855.929055
856.233920
856.463248
856.616456
856.693157
856.693157
856.616456
856.463248
856.233920
855.929055
855.549426
855.095994
854.569911
853.972512
853.305317
853.267714
853.933938
854.530468
855.055785
855.508557
855.887635
856.192056
856.421050
856.574035
856.650625
856.650625
856.574035
856.421050
856.192056
855.887635
855.508557
855.055785
854.530468
853.933938
853.267714
853.230165
853.895420
854.491082
855.015635
855.467749
855.846275
856.150253
856.378914
856.531677
856.608155
856.608155
856.531677
856.378914
856.150253
855.846275
855.467749
855.015635
854.491082
853.895420
853.230165
853.192671
853.856959
854.451754
854.975544
855.427000
855.804975
856.108512
856.336840
856.489380
856.565747
856.565747
856.489380
856.336840
856.108512
855.804975
855.427000
854.975544
854.451754
853.856959
853.192671
853.155232
853.818553
854.412483
854.935511
855.386310
855.763736
856.066831
856.294827
856.447146
856.523402
856.523402
856.447146
856.294827
856.066831
855.763736
855.386310
854.935511
854.412483
853.818553
853.155232
853.117847
853.780203
854.373269
854.895537
855.345680
855.722557
856.025211
856.252875
856.404972
856.481118
856.481118
856.404972
856.252875
856.025211
855.722557
855.345680
854.895537
854.373269
853.780203
853.117847
853.080516
853.741909
854.334113
854.855621
855.305109
855.681438
855.983652
856.210985
856.362861
856.438895
856.438895
856.362861
856.210985
855.983652
855.681438
855.305109
854.855621
854.334113
853.741909
853.080516
853.043240
853.703671
854.295013
854.815763
855.264598
855.640379
855.942154
856.169156
856.320811
856.396735
856.396735
856.320811
856.169156
855.942154
855.640379
855.264598
854.815763
854.295013
853.703671
853.043240
853.006018
853.665489
854.255971
854.775963
855.224146
855.599380
855.900716
856.127388
856.278823
856.354636
856.354636
856.278823
856.127388
855.900716
855.599380
855.224146
854.775963
854.255971
853.665489
853.006018
852.968851
853.627362
854.216986
854.736222
855.183752
855.558441
855.859339
856.085681
856.236896
856.312599
856.312599
856.236896
856.085681
855.859339
855.558441
855.183752
854.736222
854.216986
853.627362
852.968851
852.931737
853.589291
854.178057
854.696538
855.143418
855.517562
855.818022
856.044035
856.195030
856.270623
856.270623
856.195030
856.044035
855.818022
855.517562
855.143418
854.696538
854.178057
853.589291
852.931737
852.894678
853.551276
854.139185
854.656912
855.103142
855.476743
855.776766
856.002450
856.153226
856.228709
856.228709
856.153226
856.002450
855.776766
855.476743
855.103142
854.656912
854.139185
853.551276
852.894678
852.857672
853.513315
854.100370
854.617345
855.062926
855.435983
855.735569
855.960926
856.111482
856.186855
856.186855
856.111482
855.960926
855.735569
855.435983
855.062926
854.617345
854.100370
853.513315
852.857672
852.820720
853.475410
854.061612
854.577834
855.022768
855.395282
855.694433
855.919463
856.069800
856.145063
856.145063
856.069800
855.919463
855.694433
855.395282
855.022768
854.577834
854.061612
853.475410
852.820720
852.783823
853.437561
854.022910
854.538382
854.982668
855.354641
855.653358
855.878060
856.028178
856.103332
856.103332
856.028178
855.878060
855.653358
855.354641
854.982668
854.538382
854.022910
853.437561
852.783823
852.746978
853.399766
853.984264
854.498987
854.942627
855.314060
855.612342
855.836717
855.986617
856.061662
856.061662
855.986617
855.836717
855.612342
855.314060
854.942627
854.498987
853.984264
853.399766
852.746978
852.710188
853.362026
853.945675
854.459649
854.902645
855.273537
855.571386
855.795435
855.945117
856.020053
856.020053
855.945117
855.795435
855.571386
855.273537
854.902645
854.459649
853.945675
853.362026
852.710188
852.673451
853.324342
853.907142
854.420369
854.862721
855.233074
855.530489
855.754213
855.903678
855.978505
855.978505
855.903678
855.754213
855.530489
855.233074
854.862721
854.420369
853.907142
853.324342
852.673451
852.636767
853.286712
853.868665
854.381146
854.822855
855.192670
855.489653
855.713051
855.862299
855.937017
855.937017
855.862299
855.713051
855.489653
855.192670
854.822855
854.381146
853.868665
853.286712
852.636767
852.600137
853.249137
853.830244
854.341981
854.783047
855.152325
855.448876
855.671950
855.820980
855.895590
855.895590
855.820980
855.671950
855.448876
855.152325
854.783047
854.341981
853.830244
853.249137
852.600137
852.563560
853.211617
853.791879
854.302872
854.743298
855.112038
855.408159
855.630908
855.779722
855.854224
855.854224
855.779722
855.630908
855.408159
855.112038
854.743298
854.302872
853.791879
853.211617
852.563560
852.527036
853.174151
853.753570
854.263821
854.703606
855.071811
855.367501
855.589927
855.738524
855.812918
855.812918
855.738524
855.589927
855.367501
855.071811
854.703606
854.263821
853.753570
853.174151
852.527036
852.490566
853.136740
853.715317
854.224826
854.663972
855.031642
855.326903
855.549005
855.697387
855.771672
855.771672
855.697387
855.549005
855.326903
855.031642
854.663972
854.224826
853.715317
853.136740
852.490566
852.454148
853.099384
853.677120
854.185888
854.624396
854.991532
855.286363
855.508143
855.656309
855.730486
855.730486
855.656309
855.508143
855.286363
854.991532
854.624396
854.185888
853.677120
853.099384
852.454148
852.417783
853.062082
853.638978
854.147007
854.584878
854.951480
855.245883
855.467341
855.615292
855.689361
855.689361
855.615292
855.467341
855.245883
854.951480
854.584878
854.147007
853.638978
853.062082
852.417783
852.381472
853.024834
853.600892
854.108183
854.545418
854.911487
855.205462
855.426598
855.574334
855.648295
855.648295
855.574334
855.426598
855.205462
854.911487
854.545418
854.108183
853.600892
853.024834
852.381472
852.345213
852.987640
853.562861
854.069415
854.506015
854.871552
855.165100
855.385915
855.533436
855.607290
855.607290
855.533436
855.385915
855.165100
854.871552
854.506015
854.069415
853.562861
852.987640
852.345213
852.309007
852.950501
853.524886
854.030704
854.466669
854.831676
855.124797
855.345291
855.492598
855.566344
855.566344
855.492598
855.345291
855.124797
854.831676
854.466669
854.030704
853.524886
852.950501
852.309007
852.272853
852.913415
853.486966
853.992049
854.427381
854.791857
855.084553
855.304726
855.451819
855.525459
855.525459
855.451819
855.304726
855.084553
854.791857
854.427381
853.992049
853.486966
852.913415
852.272853
852.236752
852.876384
853.449102
853.953451
854.388150
854.752097
855.044367
855.264221
855.411100
855.484633
855.484633
855.411100
855.264221
855.044367
854.752097
854.388150
853.953451
853.449102
852.876384
852.236752
852.200704
852.839406
853.411292
853.914908
854.348976
854.712394
855.004240
855.223774
855.370440
855.443866
855.443866
855.370440
855.223774
855.004240
854.712394
854.348976
853.914908
853.411292
852.839406
852.200704
852.164708
852.802482
853.373538
853.876422
854.309860
854.672750
854.964172
855.183387
855.329840
855.403159
855.403159
855.329840
855.183387
854.964172
854.672750
854.309860
853.876422
853.373538
852.802482
852.164708
852.128765
852.765612
853.335838
853.837993
854.270800
854.633163
854.924162
855.143059
855.289299
855.362512
855.362512
855.289299
855.143059
854.924162
854.633163
854.270800
853.837993
853.335838
852.765612
852.128765
852.092873
852.728796
853.298193
853.799619
854.231798
854.593634
854.884211
855.102789
855.248817
855.321924
855.321924
855.248817
855.102789
854.884211
854.593634
854.231798
853.799619
853.298193
852.728796
852.092873
852.057034
852.692033
853.260604
853.761301
854.192852
854.554163
854.844317
855.062579
855.208394
855.281395
855.281395
855.208394
855.062579
854.844317
854.554163
854.192852
853.761301
853.260604
852.692033
852.057034
852.021247
852.655324
853.223069
853.723038
854.153963
854.514750
854.804482
855.022427
855.168031
855.240925
855.240925
855.168031
855.022427
854.804482
854.514750
854.153963
853.723038
853.223069
852.655324
852.021247
851.985512
852.618668
853.185588
853.684832
854.115131
854.475393
854.764705
854.982333
855.127726
855.200514
855.200514
855.127726
854.982333
854.764705
854.475393
854.115131
853.684832
853.185588
852.618668
851.985512
851.949829
852.582065
853.148162
853.646681
854.076355
854.436095
854.724986
854.942298
855.087480
855.160162
855.160162
855.087480
854.942298
854.724986
854.436095
854.076355
853.646681
853.148162
852.582065
851.949829
851.914198
852.545516
853.110791
853.608586
854.037636
854.396853
854.685325
854.902322
855.047292
855.119869
855.119869
855.047292
854.902322
854.685325
854.396853
854.037636
853.608586
853.110791
852.545516
851.914198
851.878618
852.509020
853.073474
853.570546
853.998973
854.357669
854.645722
854.862404
855.007164
855.079635
855.079635
855.007164
854.862404
854.645722
854.357669
853.998973
853.570546
853.073474
852.509020
851.878618
851.843090
852.472577
853.036212
853.532562
853.960367
854.318542
854.606177
854.822544
854.967093
855.039460
855.039460
854.967093
854.822544
854.606177
854.318542
853.960367
853.532562
853.036212
852.472577
851.843090
851.807614
852.436187
852.999003
853.494633
853.921817
854.279471
854.566689
854.782742
854.927082
854.999343
854.999343
854.927082
854.782742
854.566689
854.279471
853.921817
853.494633
852.999003
852.436187
851.807614
851.772190
852.399850
852.961849
853.456759
853.883323
854.240458
854.527259
854.742998
854.887128
854.959285
854.959285
854.887128
854.742998
854.527259
854.240458
853.883323
853.456759
852.961849
852.399850
851.772190
851.736817
852.363566
852.924749
853.418940
853.844885
854.201502
854.487886
854.703312
854.847233
854.919285
854.919285
854.847233
854.703312
854.487886
854.201502
853.844885
853.418940
852.924749
852.363566
851.736817
851.701495
852.327334
852.887703
853.381177
853.806503
854.162602
854.448571
854.663684
854.807396
854.879344
854.879344
854.807396
854.663684
854.448571
854.162602
853.806503
853.381177
852.887703
852.327334
851.701495
851.666225
852.291155
852.850710
853.343468
853.768177
854.123759
854.409313
854.624114
854.767618
854.839460
854.839460
854.767618
854.624114
854.409313
854.123759
853.768177
853.343468
852.850710
852.291155
851.666225
851.631006
852.255029
852.813772
853.305815
853.729907
854.084973
854.370112
854.584601
854.727897
854.799635
854.799635
854.727897
854.584601
854.370112
854.084973
853.729907
853.305815
852.813772
852.255029
851.631006
851.595838
852.218955
852.776887
853.268216
853.691693
854.046244
854.330969
854.545147
854.688234
854.759868
854.759868
854.688234
854.545147
854.330969
854.046244
853.691693
853.268216
852.776887
852.218955
851.595838
851.560721
852.182934
852.740056
853.230672
853.653534
854.007570
854.291882
854.505749
854.648629
854.720159
854.720159
854.648629
854.505749
854.291882
854.007570
853.653534
853.230672
852.740056
852.182934
851.560721
851.525655
852.146965
852.703279
853.193182
853.615431
853.968953
854.252853
854.466409
854.609082
854.680508
854.680508
854.609082
854.466409
854.252853
853.968953
853.615431
853.193182
852.703279
852.146965
851.525655
851.490640
852.111049
852.666555
853.155747
853.577383
853.930393
854.213880
854.427127
854.569592
854.640915
854.640915
854.569592
854.427127
854.213880
853.930393
853.577383
853.155747
852.666555
852.111049
851.490640
851.455676
852.075185
852.629885
853.118367
853.539391
853.891888
854.174964
854.387902
854.530160
854.601380
854.601380
854.530160
854.387902
854.174964
853.891888
853.539391
853.118367
852.629885
852.075185
851.455676
851.420763
852.039372
852.593268
853.081041
853.501454
853.853440
854.136105
854.348733
854.490786
854.561902
854.561902
854.490786
854.348733
854.136105
853.853440
853.501454
853.081041
852.593268
852.039372
851.420763
851.385901
852.003612
852.556704
853.043770
853.463573
853.815048
854.097303
854.309622
854.451469
854.522482
854.522482
854.451469
854.309622
854.097303
853.815048
853.463573
853.043770
852.556704
852.003612
851.385901
851.351089
851.967904
852.520193
853.006552
853.425746
853.776711
854.058557
854.270568
854.412209
854.483119
854.483119
854.412209
854.270568
854.058557
853.776711
853.425746
853.006552
852.520193
851.967904
851.351089
851.316327
851.932248
852.483736
852.969389
853.387975
853.738431
854.019867
854.231571
854.373006
854.443813
854.443813
854.373006
854.231571
854.019867
853.738431
853.387975
852.969389
852.483736
851.932248
851.316327
851.281617
851.896643
852.447331
852.932280
853.350258
853.700206
853.981234
854.192631
854.333861
854.404565
854.404565
854.333861
854.192631
853.981234
853.700206
853.350258
852.932280
852.447331
851.896643
851.281617
851.246956
851.861091
852.410979
852.895225
853.312597
853.662037
853.942657
854.153748
854.294772
854.365374
854.365374
854.294772
854.153748
853.942657
853.662037
853.312597
852.895225
852.410979
851.861091
851.246956
851.212346
851.825590
852.374681
852.858224
853.274990
853.623923
853.904137
854.114921
854.255741
854.326240
854.326240
854.255741
854.114921
853.904137
853.623923
853.274990
852.858224
852.374681
851.825590
851.212346
851.177786
851.790140
852.338435
852.821276
853.237438
853.585865
853.865672
854.076151
854.216766
854.287164
854.287164
854.216766
854.076151
853.865672
853.585865
853.237438
852.821276
852.338435
851.790140
851.177786
851.143277
851.754743
852.302242
852.784383
853.199941
853.547862
853.827264
854.037437
854.177849
854.248144
854.248144
854.177849
854.037437
853.827264
853.547862
853.199941
852.784383
852.302242
851.754743
851.143277
851.108817
851.719396
852.266101
852.747543
853.162499
853.509915
853.788911
853.998779
854.138988
854.209181
854.209181
854.138988
853.998779
853.788911
853.509915
853.162499
852.747543
852.266101
851.719396
851.108817
851.074408
851.684101
852.230013
852.710757
853.125110
853.472023
853.750615
853.960178
854.100183
854.170275
854.170275
854.100183
853.960178
853.750615
853.472023
853.125110
852.710757
852.230013
851.684101
851.074408
851.040048
851.648857
852.193978
852.674024
853.087777
853.434186
853.712374
853.921634
854.061435
854.131425
854.131425
854.061435
853.921634
853.712374
853.434186
853.087777
852.674024
852.193978
851.648857
851.040048
851.005739
851.613665
852.157994
852.637344
853.050497
853.396405
853.674188
853.883145
854.022744
854.092632
854.092632
854.022744
853.883145
853.674188
853.396405
853.050497
852.637344
852.157994
851.613665
851.005739
850.971479
851.578523
852.122064
852.600718
853.013272
853.358678
853.636059
853.844712
853.984109
854.053896
854.053896
853.984109
853.844712
853.636059
853.358678
853.013272
852.600718
852.122064
851.578523
850.971479
850.937269
851.543433
852.086185
852.564146
852.976101
853.321006
853.597985
853.806336
853.945530
854.015216
854.015216
853.945530
853.806336
853.597985
853.321006
852.976101
852.564146
852.086185
851.543433
850.937269
850.903108
851.508393
852.050358
852.527626
852.938984
853.283389
853.559966
853.768015
853.907008
853.976592
853.976592
853.907008
853.768015
853.559966
853.283389
852.938984
852.527626
852.050358
851.508393
850.903108
850.868997
851.473405
852.014584
852.491160
852.901921
853.245827
853.522003
853.729750
853.868541
853.938025
853.938025
853.868541
853.729750
853.522003
853.245827
852.901921
852.491160
852.014584
851.473405
850.868997
850.834936
851.438467
851.978862
852.454746
852.864913
853.208319
853.484095
853.691541
853.830131
853.899514
853.899514
853.830131
853.691541
853.484095
853.208319
852.864913
852.454746
851.978862
851.438467
850.834936
850.800924
851.403580
851.943191
852.418386
852.827957
853.170866
853.446242
853.653387
853.791777
853.861059
853.861059
853.791777
853.653387
853.446242
853.170866
852.827957
852.418386
851.943191
851.403580
850.800924
850.766961
851.368744
851.907573
852.382078
852.791056
853.133468
853.408445
853.615289
853.753478
853.822660
853.822660
853.753478
853.615289
853.408445
853.133468
852.791056
852.382078
851.907573
851.368744
850.766961
850.733048
851.333958
851.872006
852.345824
852.754209
853.096124
853.370702
853.577247
853.715235
853.784317
853.784317
853.715235
853.577247
853.370702
853.096124
852.754209
852.345824
851.872006
851.333958
850.733048
850.699184
851.299223
851.836491
852.309622
852.717414
853.058834
853.333014
853.539260
853.677048
853.746029
853.746029
853.677048
853.539260
853.333014
853.058834
852.717414
852.309622
851.836491
851.299223
850.699184
850.665369
851.264538
851.801027
852.273472
852.680674
853.021599
853.295381
853.501328
853.638916
853.707798
853.707798
853.638916
853.501328
853.295381
853.021599
852.680674
852.273472
851.801027
851.264538
850.665369
850.631603
851.229904
851.765615
852.237375
852.643987
852.984417
853.257803
853.463452
853.600840
853.669622
853.669622
853.600840
853.463452
853.257803
852.984417
852.643987
852.237375
851.765615
851.229904
850.631603
850.597886
851.195320
851.730254
852.201331
852.607353
852.947290
853.220280
853.425630
853.562820
853.631502
853.631502
853.562820
853.425630
853.220280
852.947290
852.607353
852.201331
851.730254
851.195320
850.597886
850.564218
851.160786
851.694945
852.165339
852.570773
852.910217
853.182811
853.387864
853.524855
853.593437
853.593437
853.524855
853.387864
853.182811
852.910217
852.570773
852.165339
851.694945
851.160786
850.564218
850.530599
851.126302
851.659687
852.129399
852.534246
852.873198
853.145397
853.350152
853.486945
853.555428
853.555428
853.486945
853.350152
853.145397
852.873198
852.534246
852.129399
851.659687
851.126302
850.530599
850.497029
851.091868
851.624481
852.093512
852.497771
852.836233
853.108037
853.312496
853.449090
853.517474
853.517474
853.449090
853.312496
853.108037
852.836233
852.497771
852.093512
851.624481
851.091868
850.497029
850.463507
851.057485
851.589325
852.057677
852.461350
852.799321
853.070732
853.274894
853.411290
853.479575
853.479575
853.411290
853.274894
853.070732
852.799321
852.461350
852.057677
851.589325
851.057485
850.463507
850.430034
851.023151
851.554221
852.021894
852.424982
852.762463
853.033481
853.237347
853.373546
853.441732
853.441732
853.373546
853.237347
853.033481
852.762463
852.424982
852.021894
851.554221
851.023151
850.430034
850.396609
850.988867
851.519167
851.986163
852.388667
852.725659
852.996284
853.199855
853.335856
853.403943
853.403943
853.335856
853.199855
852.996284
852.725659
852.388667
851.986163
851.519167
850.988867
850.396609
850.363233
850.954633
851.484165
851.950483
852.352405
852.688908
852.959141
853.162417
853.298221
853.366210
853.366210
853.298221
853.162417
852.959141
852.688908
852.352405
851.950483
851.484165
850.954633
850.363233
850.329906
850.920448
851.449213
851.914856
852.316195
852.652211
852.922052
853.125034
853.260641
853.328531
853.328531
853.260641
853.125034
852.922052
852.652211
852.316195
851.914856
851.449213
850.920448
850.329906
850.296627
850.886313
851.414312
851.879280
852.280038
852.615567
852.885017
853.087705
853.223116
853.290907
853.290907
853.223116
853.087705
852.885017
852.615567
852.280038
851.879280
851.414312
850.886313
850.296627
850.263396
850.852228
851.379462
851.843756
852.243933
852.578977
852.848037
853.050430
853.185645
853.253339
853.253339
853.185645
853.050430
852.848037
852.578977
852.243933
851.843756
851.379462
850.852228
850.263396
850.230213
850.818192
851.344662
851.808284
852.207881
852.542439
852.811109
853.013210
853.148229
853.215824
853.215824
853.148229
853.013210
852.811109
852.542439
852.207881
851.808284
851.344662
850.818192
850.230213
850.197078
850.784206
851.309913
851.772863
852.171882
852.505955
852.774236
852.976044
853.110867
853.178365
853.178365
853.110867
852.976044
852.774236
852.505955
852.171882
851.772863
851.309913
850.784206
850.197078
850.163991
850.750268
851.275214
851.737494
852.135935
852.469524
852.737416
852.938932
853.073560
853.140959
853.140959
853.073560
852.938932
852.737416
852.469524
852.135935
851.737494
851.275214
850.750268
850.163991
850.130953
850.716381
851.240566
851.702176
852.100040
852.433146
852.700650
852.901874
853.036307
853.103609
853.103609
853.036307
852.901874
852.700650
852.433146
852.100040
851.702176
851.240566
850.716381
850.130953
850.097962
850.682542
851.205968
851.666910
852.064197
852.396821
852.663937
852.864870
852.999108
853.066312
853.066312
852.999108
852.864870
852.663937
852.396821
852.064197
851.666910
851.205968
850.682542
850.097962
850.065019
850.648752
851.171420
851.631694
852.028406
852.360548
852.627278
852.827919
852.961963
853.029070
853.029070
852.961963
852.827919
852.627278
852.360548
852.028406
851.631694
851.171420
850.648752
850.065019
850.032124
850.615012
851.136922
851.596530
851.992667
852.324328
852.590672
852.791023
852.924872
852.991882
852.991882
852.924872
852.791023
852.590672
852.324328
851.992667
851.596530
851.136922
850.615012
850.032124
849.999276
850.581320
851.102475
851.561417
851.956980
852.288161
852.554119
852.754180
852.887836
852.954748
852.954748
852.887836
852.754180
852.554119
852.288161
851.956980
851.561417
851.102475
850.581320
849.999276
849.966476
850.547677
851.068077
851.526355
851.921345
852.252047
852.517619
852.717390
852.850853
852.917669
852.917669
852.850853
852.717390
852.517619
852.252047
851.921345
851.526355
851.068077
850.547677
849.966476
849.933724
850.514083
851.033730
851.491344
851.885762
852.215985
852.481173
852.680654
852.813924
852.880643
852.880643
852.813924
852.680654
852.481173
852.215985
851.885762
851.491344
851.033730
850.514083
849.933724
849.901019
850.480538
850.999432
851.456383
851.850231
852.179975
852.444779
852.643972
852.777048
852.843671
852.843671
852.777048
852.643972
852.444779
852.179975
851.850231
851.456383
850.999432
850.480538
849.901019
849.868362
850.447041
850.965184
851.421474
851.814751
852.144018
852.408438
852.607343
852.740226
852.806752
852.806752
852.740226
852.607343
852.408438
852.144018
851.814751
851.421474
850.965184
850.447041
849.868362
849.835751
850.413593
850.930986
851.386615
851.779323
852.108113
852.372151
852.570767
852.703458
852.769888
852.769888
852.703458
852.570767
852.372151
852.108113
851.779323
851.386615
850.930986
850.413593
849.835751
849.803189
850.380194
850.896837
851.351807
851.743946
852.072260
852.335915
852.534244
852.666743
852.733077
852.733077
852.666743
852.534244
852.335915
852.072260
851.743946
851.351807
850.896837
850.380194
849.803189
849.770673
850.346843
850.862738
851.317049
851.708620
852.036459
852.299733
852.497775
852.630082
852.696320
852.696320
852.630082
852.497775
852.299733
852.036459
851.708620
851.317049
850.862738
850.346843
849.770673
849.738204
850.313540
850.828689
851.282342
851.673346
852.000710
852.263603
852.461358
852.593474
852.659616
852.659616
852.593474
852.461358
852.263603
852.000710
851.673346
851.282342
850.828689
850.313540
849.738204
849.705783
850.280286
850.794689
851.247685
851.638123
851.965013
852.227526
852.424994
852.556919
852.622965
852.622965
852.556919
852.424994
852.227526
851.965013
851.638123
851.247685
850.794689
850.280286
849.705783
849.673408
850.247079
850.760738
851.213078
851.602952
851.929369
852.191501
852.388684
852.520417
852.586368
852.586368
852.520417
852.388684
852.191501
851.929369
851.602952
851.213078
850.760738
850.247079
849.673408
849.641081
850.213921
850.726836
851.178522
851.567831
851.893775
852.155528
852.352426
852.483969
852.549824
852.549824
852.483969
852.352426
852.155528
851.893775
851.567831
851.178522
850.726836
850.213921
849.641081
849.608800
850.180811
850.692984
851.144016
851.532761
851.858234
852.119608
852.316220
852.447573
852.513333
852.513333
852.447573
852.316220
852.119608
851.858234
851.532761
851.144016
850.692984
850.180811
849.608800
849.576566
850.147749
850.659181
851.109560
851.497743
851.822744
852.083740
852.280068
852.411230
852.476895
852.476895
852.411230
852.280068
852.083740
851.822744
851.497743
851.109560
850.659181
850.147749
849.576566
849.544378
850.114735
850.625426
851.075153
851.462775
851.787306
852.047924
852.243968
852.374940
852.440510
852.440510
852.374940
852.243968
852.047924
851.787306
851.462775
851.075153
850.625426
850.114735
849.544378
849.512238
850.081769
850.591721
851.040797
851.427858
851.751919
852.012160
852.207920
852.338703
852.404178
852.404178
852.338703
852.207920
852.012160
851.751919
851.427858
851.040797
850.591721
850.081769
849.512238
849.480144
850.048851
850.558065
851.006491
851.392991
851.716584
851.976448
852.171925
852.302519
852.367898
852.367898
852.302519
852.171925
851.976448
851.716584
851.392991
851.006491
850.558065
850.048851
849.480144
849.448096
850.015980
850.524457
850.972235
851.358175
851.681300
851.940788
852.135982
852.266387
852.331672
852.331672
852.266387
852.135982
851.940788
851.681300
851.358175
850.972235
850.524457
850.015980
849.448096
849.416095
849.983157
850.490898
850.938028
851.323410
851.646067
851.905180
852.100091
852.230307
852.295498
852.295498
852.230307
852.100091
851.905180
851.646067
851.323410
850.938028
850.490898
849.983157
849.416095
849.384140
849.950382
850.457388
850.903871
851.288695
851.610885
851.869623
852.064253
852.194280
852.259377
852.259377
852.194280
852.064253
851.869623
851.610885
851.288695
850.903871
850.457388
849.950382
849.384140
849.352231
849.917654
850.423927
850.869763
851.254031
851.575755
851.834118
852.028466
852.158306
852.223308
852.223308
852.158306
852.028466
851.834118
851.575755
851.254031
850.869763
850.423927
849.917654
849.352231
849.320369
849.884973
850.390514
850.835705
851.219417
851.540675
851.798665
851.992732
852.122383
852.187292
852.187292
852.122383
851.992732
851.798665
851.540675
851.219417
850.835705
850.390514
849.884973
849.320369
849.288552
849.852340
850.357149
850.801697
851.184853
851.505647
851.763263
851.957049
852.086513
852.151328
852.151328
852.086513
851.957049
851.763263
851.505647
851.184853
850.801697
850.357149
849.852340
849.288552
849.256782
849.819754
850.323833
850.767737
851.150340
851.470669
851.727913
851.921418
852.050695
852.115416
852.115416
852.050695
851.921418
851.727913
851.470669
851.150340
850.767737
850.323833
849.819754
849.256782
849.225058
849.787216
850.290565
850.733827
851.115876
851.435742
851.692614
851.885839
852.014929
852.079556
852.079556
852.014929
851.885839
851.692614
851.435742
851.115876
850.733827
850.290565
849.787216
849.225058
849.193380
849.754724
850.257345
850.699966
851.081463
851.400866
851.657366
851.850312
851.979215
852.043749
852.043749
851.979215
851.850312
851.657366
851.400866
851.081463
850.699966
850.257345
849.754724
849.193380
849.161747
849.722280
850.224174
850.666155
851.047099
851.366040
851.622169
851.814837
851.943553
852.007993
852.007993
851.943553
851.814837
851.622169
851.366040
851.047099
850.666155
850.224174
849.722280
849.161747
849.130161
849.689882
850.191051
850.632392
851.012785
851.331265
851.587024
851.779412
851.907943
851.972290
851.972290
851.907943
851.779412
851.587024
851.331265
851.012785
850.632392
850.191051
849.689882
849.130161
849.098620
849.657532
850.157975
850.598678
850.978522
851.296541
851.551930
851.744040
851.872384
851.936638
851.936638
851.872384
851.744040
851.551930
851.296541
850.978522
850.598678
850.157975
849.657532
849.098620
849.067125
849.625228
850.124948
850.565013
850.944307
851.261867
851.516886
851.708718
851.836877
851.901038
851.901038
851.836877
851.708718
851.516886
851.261867
850.944307
850.565013
850.124948
849.625228
849.067125
849.035675
849.592972
850.091968
850.531397
850.910143
851.227243
851.481893
851.673448
851.801422
851.865490
851.865490
851.801422
851.673448
851.481893
851.227243
850.910143
850.531397
850.091968
849.592972
849.035675
849.004271
849.560761
850.059037
850.497830
850.876028
851.192669
851.446952
851.638229
851.766018
851.829993
851.829993
851.766018
851.638229
851.446952
851.192669
850.876028
850.497830
850.059037
849.560761
849.004271
848.972912
849.528598
850.026153
850.464312
850.841962
851.158146
851.412061
851.603062
851.730666
851.794548
851.794548
851.730666
851.603062
851.412061
851.158146
850.841962
850.464312
850.026153
849.528598
848.972912
848.941599
849.496481
849.993316
850.430842
850.807946
851.123673
851.377220
851.567945
851.695364
851.759155
851.759155
851.695364
851.567945
851.377220
851.123673
850.807946
850.430842
849.993316
849.496481
848.941599
848.910331
849.464411
849.960528
850.397420
850.773980
851.089250
851.342430
851.532880
851.660115
851.723813
851.723813
851.660115
851.532880
851.342430
851.089250
850.773980
850.397420
849.960528
849.464411
848.910331
848.879109
849.432387
849.927786
850.364047
850.740062
851.054876
851.307691
851.497865
851.624916
851.688522
851.688522
851.624916
851.497865
851.307691
851.054876
850.740062
850.364047
849.927786
849.432387
848.879109
848.847931
849.400410
849.895093
850.330723
850.706194
851.020553
851.273002
851.462901
851.589768
851.653282
851.653282
851.589768
851.462901
851.273002
851.020553
850.706194
850.330723
849.895093
849.400410
848.847931
848.816799
849.368479
849.862446
850.297447
850.672375
850.986279
851.238363
851.427988
851.554672
851.618094
851.618094
851.554672
851.427988
851.238363
850.986279
850.672375
850.297447
849.862446
849.368479
848.816799
848.785712
849.336594
849.829847
850.264219
850.638605
850.952056
851.203775
851.393125
851.519626
851.582957
851.582957
851.519626
851.393125
851.203775
850.952056
850.638605
850.264219
849.829847
849.336594
848.785712
848.754669
849.304755
849.797295
850.231039
850.604884
850.917881
851.169237
851.358314
851.484631
851.547871
851.547871
851.484631
851.358314
851.169237
850.917881
850.604884
850.231039
849.797295
849.304755
848.754669
848.723672
849.272962
849.764791
850.197907
850.571212
850.883757
851.134749
851.323552
851.449688
851.512835
851.512835
851.449688
851.323552
851.134749
850.883757
850.571212
850.197907
849.764791
849.272962
848.723672
848.692719
849.241216
849.732333
850.164824
850.537588
850.849682
851.100311
851.288841
851.414794
851.477851
851.477851
851.414794
851.288841
851.100311
850.849682
850.537588
850.164824
849.732333
849.241216
848.692719
848.661812
849.209515
849.699923
850.131788
850.504014
850.815656
851.065923
851.254181
851.379952
851.442917
851.442917
851.379952
851.254181
851.065923
850.815656
850.504014
850.131788
849.699923
849.209515
848.661812
848.630949
849.177860
849.667559
850.098800
850.470488
850.781680
851.031585
851.219571
851.345160
851.408034
851.408034
851.345160
851.219571
851.031585
850.781680
850.470488
850.098800
849.667559
849.177860
848.630949
848.600130
849.146251
849.635242
850.065860
850.437011
850.747753
850.997297
851.185011
851.310418
851.373202
851.373202
851.310418
851.185011
850.997297
850.747753
850.437011
850.065860
849.635242
849.146251
848.600130
848.569356
849.114688
849.602972
850.032968
850.403582
850.713875
850.963058
851.150501
851.275727
851.338420
851.338420
851.275727
851.150501
850.963058
850.713875
850.403582
850.032968
849.602972
849.114688
848.569356
848.538627
849.083171
849.570749
850.000123
850.370202
850.680046
850.928870
851.116041
851.241087
851.303689
851.303689
851.241087
851.116041
850.928870
850.680046
850.370202
850.000123
849.570749
849.083171
848.538627
848.507942
849.051699
849.538573
849.967326
850.336870
850.646266
850.894730
851.081632
851.206496
851.269008
851.269008
851.206496
851.081632
850.894730
850.646266
850.336870
849.967326
849.538573
849.051699
848.507942
848.477302
849.020273
849.506443
849.934577
850.303586
850.612536
850.860641
851.047272
851.171956
851.234377
851.234377
851.171956
851.047272
850.860641
850.612536
850.303586
849.934577
849.506443
849.020273
848.477302
848.446706
848.988892
849.474360
849.901875
850.270351
850.578854
850.826600
851.012962
851.137466
851.199797
851.199797
851.137466
851.012962
850.826600
850.578854
850.270351
849.901875
849.474360
848.988892
848.446706
848.416154
848.957557
849.442323
849.869220
850.237164
850.545221
850.792610
850.978702
851.103026
851.165267
851.165267
851.103026
850.978702
850.792610
850.545221
850.237164
849.869220
849.442323
848.957557
848.416154
848.385646
848.926267
849.410332
849.836613
850.204025
850.511637
850.758668
850.944491
851.068636
851.130787
851.130787
851.068636
850.944491
850.758668
850.511637
850.204025
849.836613
849.410332
848.926267
848.385646
848.355183
848.895022
849.378388
849.804053
850.170934
850.478102
850.724776
850.910331
851.034296
851.096357
851.096357
851.034296
850.910331
850.724776
850.478102
850.170934
849.804053
849.378388
848.895022
848.355183
848.324763
848.863822
849.346490
849.771540
850.137891
850.444615
850.690933
850.876219
851.000005
851.061977
851.061977
851.000005
850.876219
850.690933
850.444615
850.137891
849.771540
849.346490
848.863822
848.324763
848.294388
848.832668
849.314639
849.739074
850.104896
850.411177
850.657138
850.842158
850.965765
851.027647
851.027647
850.965765
850.842158
850.657138
850.411177
850.104896
849.739074
849.314639
848.832668
848.294388
848.264056
848.801559
849.282833
849.706655
850.071949
850.377787
850.623393
850.808145
850.931574
850.993366
850.993366
850.931574
850.808145
850.623393
850.377787
850.071949
849.706655
849.282833
848.801559
848.264056
848.233768
848.770495
849.251073
849.674283
850.039049
850.344446
850.589697
850.774182
850.897432
850.959136
850.959136
850.897432
850.774182
850.589697
850.344446
850.039049
849.674283
849.251073
848.770495
848.233768
848.203524
848.739475
849.219360
849.641958
850.006198
850.311153
850.556050
850.740268
850.863341
850.924955
850.924955
850.863341
850.740268
850.556050
850.311153
850.006198
849.641958
849.219360
848.739475
848.203524
848.173324
848.708501
849.187692
849.609680
849.973393
850.277908
850.522451
850.706404
850.829298
850.890824
850.890824
850.829298
850.706404
850.522451
850.277908
849.973393
849.609680
849.187692
848.708501
848.173324
848.143168
848.677571
849.156070
849.577449
849.940637
850.244711
850.488902
850.672588
850.795305
850.856742
850.856742
850.795305
850.672588
850.488902
850.244711
849.940637
849.577449
849.156070
848.677571
848.143168
848.113055
848.646686
849.124494
849.545264
849.907927
850.211563
850.455401
850.638822
850.761362
850.822709
850.822709
850.761362
850.638822
850.455401
850.211563
849.907927
849.545264
849.124494
848.646686
848.113055
848.082985
848.615846
849.092964
849.513126
849.875266
850.178463
850.421948
850.605104
850.727467
850.788726
850.788726
850.727467
850.605104
850.421948
850.178463
849.875266
849.513126
849.092964
848.615846
848.082985
848.052959
848.585051
849.061480
849.481035
849.842651
850.145410
850.388544
850.571436
850.693622
850.754792
850.754792
850.693622
850.571436
850.388544
850.145410
849.842651
849.481035
849.061480
848.585051
848.052959
848.022977
848.554300
849.030040
849.448990
849.810084
850.112406
850.355188
850.537816
850.659826
850.720908
850.720908
850.659826
850.537816
850.355188
850.112406
849.810084
849.448990
849.030040
848.554300
848.022977
847.993038
848.523593
848.998647
849.416991
849.777564
850.079449
850.321881
850.504245
850.626078
850.687072
850.687072
850.626078
850.504245
850.321881
850.079449
849.777564
849.416991
848.998647
848.523593
847.993038
847.963142
848.492931
848.967299
849.385039
849.745091
850.046540
850.288622
850.470723
850.592380
850.653286
850.653286
850.592380
850.470723
850.288622
850.046540
849.745091
849.385039
848.967299
848.492931
847.963142
847.933289
848.462313
848.935996
849.353133
849.712665
850.013679
850.255411
850.437249
850.558731
850.619549
850.619549
850.558731
850.437249
850.255411
850.013679
849.712665
849.353133
848.935996
848.462313
847.933289
847.903479
848.431740
848.904738
849.321273
849.680286
849.980865
850.222248
850.403824
850.525130
850.585860
850.585860
850.525130
850.403824
850.222248
849.980865
849.680286
849.321273
848.904738
848.431740
847.903479
847.873713
848.401211
848.873526
849.289459
849.647954
849.948099
850.189134
850.370447
850.491578
850.552220
850.552220
850.491578
850.370447
850.189134
849.948099
849.647954
849.289459
848.873526
848.401211
847.873713
847.843989
848.370725
848.842359
849.257692
849.615668
849.915380
850.156067
850.337118
850.458075
850.518630
850.518630
850.458075
850.337118
850.156067
849.915380
849.615668
849.257692
848.842359
848.370725
847.843989
847.814309
848.340284
848.811237
849.225970
849.583430
849.882709
850.123049
850.303838
850.424620
850.485087
850.485087
850.424620
850.303838
850.123049
849.882709
849.583430
849.225970
848.811237
848.340284
847.814309
847.784671
848.309887
848.780160
849.194294
849.551238
849.850085
850.090078
850.270606
850.391214
850.451594
850.451594
850.391214
850.270606
850.090078
849.850085
849.551238
849.194294
848.780160
848.309887
847.784671
847.755077
848.279534
848.749128
849.162664
849.519093
849.817509
850.057155
850.237423
850.357856
850.418149
850.418149
850.357856
850.237423
850.057155
849.817509
849.519093
849.162664
848.749128
848.279534
847.755077
847.725525
848.249225
848.718141
849.131080
849.486994
849.784979
850.024279
850.204287
850.324546
850.384753
850.384753
850.324546
850.204287
850.024279
849.784979
849.486994
849.131080
848.718141
848.249225
847.725525
847.696015
848.218960
848.687199
849.099542
849.454942
849.752497
849.991451
850.171200
850.291285
850.351404
850.351404
850.291285
850.171200
849.991451
849.752497
849.454942
849.099542
848.687199
848.218960
847.696015
847.666549
848.188738
848.656301
849.068049
849.422936
849.720062
849.958671
850.138160
850.258072
850.318105
850.318105
850.258072
850.138160
849.958671
849.720062
849.422936
849.068049
848.656301
848.188738
847.666549
847.637124
848.158560
848.625449
849.036602
849.390977
849.687673
849.925939
850.105168
850.224907
850.284853
850.284853
850.224907
850.105168
849.925939
849.687673
849.390977
849.036602
848.625449
848.158560
847.637124
847.607743
848.128426
848.594640
849.005201
849.359064
849.655332
849.893253
850.072224
850.191791
850.251650
850.251650
850.191791
850.072224
849.893253
849.655332
849.359064
849.005201
848.594640
848.128426
847.607743
847.578404
848.098335
848.563877
848.973844
849.327197
849.623038
849.860615
850.039328
850.158722
850.218495
850.218495
850.158722
850.039328
849.860615
849.623038
849.327197
848.973844
848.563877
848.098335
847.578404
847.549107
848.068288
848.533158
848.942534
849.295376
849.590790
849.828025
850.006479
850.125701
850.185388
850.185388
850.125701
850.006479
849.828025
849.590790
849.295376
848.942534
848.533158
848.068288
847.549107
847.519852
848.038285
848.502483
848.911268
849.263601
849.558589
849.795481
849.973678
850.092728
850.152328
850.152328
850.092728
849.973678
849.795481
849.558589
849.263601
848.911268
848.502483
848.038285
847.519852
847.490640
848.008324
848.471853
848.880048
849.231873
849.526434
849.762985
849.940925
850.059803
850.119317
850.119317
850.059803
849.940925
849.762985
849.526434
849.231873
848.880048
848.471853
848.008324
847.490640
847.461470
847.978407
848.441267
848.848873
849.200190
849.494326
849.730536
849.908219
850.026925
850.086354
850.086354
850.026925
849.908219
849.730536
849.494326
849.200190
848.848873
848.441267
847.978407
847.461470
847.432342
847.948533
848.410725
848.817743
849.168553
849.462265
849.698134
849.875560
849.994095
850.053438
850.053438
849.994095
849.875560
849.698134
849.462265
849.168553
848.817743
848.410725
847.948533
847.432342
847.403257
847.918703
848.380227
848.786658
849.136962
849.430250
849.665778
849.842949
849.961313
850.020570
850.020570
849.961313
849.842949
849.665778
849.430250
849.136962
848.786658
848.380227
847.918703
847.403257
847.374213
847.888915
848.349774
848.755618
849.105416
849.398282
849.633470
849.810385
849.928578
849.987750
849.987750
849.928578
849.810385
849.633470
849.398282
849.105416
848.755618
848.349774
847.888915
847.374213
847.345211
847.859170
848.319364
848.724623
849.073917
849.366359
849.601208
849.777868
849.895891
849.954977
849.954977
849.895891
849.777868
849.601208
849.366359
849.073917
848.724623
848.319364
847.859170
847.345211
847.316251
847.829469
848.288999
848.693673
849.042463
849.334483
849.568993
849.745398
849.863251
849.922252
849.922252
849.863251
849.745398
849.568993
849.334483
849.042463
848.693673
848.288999
847.829469
847.316251
847.287333
847.799810
848.258677
848.662767
849.011054
849.302653
849.536825
849.712975
849.830658
849.889574
849.889574
849.830658
849.712975
849.536825
849.302653
849.011054
848.662767
848.258677
847.799810
847.287333
847.258456
847.770195
848.228399
848.631906
848.979691
849.270869
849.504703
849.680600
849.798112
849.856943
849.856943
849.798112
849.680600
849.504703
849.270869
848.979691
848.631906
848.228399
847.770195
847.258456
847.229622
847.740622
848.198165
848.601090
848.948373
849.239131
849.472628
849.648271
849.765614
849.824360
849.824360
849.765614
849.648271
849.472628
849.239131
848.948373
848.601090
848.198165
847.740622
847.229622
847.200829
847.711091
848.167975
848.570319
848.917100
849.207439
849.440599
849.615988
849.733162
849.791823
849.791823
849.733162
849.615988
849.440599
849.207439
848.917100
848.570319
848.167975
847.711091
847.200829
847.172077
847.681604
848.137828
848.539592
848.885873
849.175793
849.408617
849.583753
849.700758
849.759334
849.759334
849.700758
849.583753
849.408617
849.175793
848.885873
848.539592
848.137828
847.681604
847.172077
847.143367
847.652159
848.107725
848.508909
848.854691
849.144193
849.376681
849.551564
849.668400
849.726892
849.726892
849.668400
849.551564
849.376681
849.144193
848.854691
848.508909
848.107725
847.652159
847.143367
847.114699
847.622756
848.077666
848.478271
848.823554
849.112638
849.344791
849.519422
849.636090
849.694497
849.694497
849.636090
849.519422
849.344791
849.112638
848.823554
848.478271
848.077666
847.622756
847.114699
847.086071
847.593396
848.047650
848.447677
848.792462
849.081130
849.312947
849.487327
849.603826
849.662149
849.662149
849.603826
849.487327
849.312947
849.081130
848.792462
848.447677
848.047650
847.593396
847.086071
847.057486
847.564079
848.017677
848.417127
848.761415
849.049666
849.281150
849.455278
849.571609
849.629848
849.629848
849.571609
849.455278
849.281150
849.049666
848.761415
848.417127
848.017677
847.564079
847.057486
847.028941
847.534804
847.987748
848.386622
848.730413
849.018249
849.249398
849.423275
849.539438
849.597594
849.597594
849.539438
849.423275
849.249398
849.018249
848.730413
848.386622
847.987748
847.534804
847.028941
847.000438
847.505571
847.957862
848.356160
848.699456
848.986876
849.217692
849.391318
849.507314
849.565386
849.565386
849.507314
849.391318
849.217692
848.986876
848.699456
848.356160
847.957862
847.505571
847.000438
846.971975
847.476380
847.928019
848.325743
848.668543
848.955549
849.186033
849.359408
849.475237
849.533225
849.533225
849.475237
849.359408
849.186033
848.955549
848.668543
848.325743
847.928019
847.476380
846.971975
846.943554
847.447232
847.898219
848.295370
848.637676
848.924268
849.154419
849.327544
849.443206
849.501110
849.501110
849.443206
849.327544
849.154419
848.924268
848.637676
848.295370
847.898219
847.447232
846.943554
846.915174
847.418125
847.868462
848.265040
848.606853
848.893031
849.122850
849.295726
849.411221
849.469042
849.469042
849.411221
849.295726
849.122850
848.893031
848.606853
848.265040
847.868462
847.418125
846.915174
846.886835
847.389061
847.838748
848.234755
848.576074
848.861840
849.091328
849.263955
849.379283
849.437020
849.437020
849.379283
849.263955
849.091328
848.861840
848.576074
848.234755
847.838748
847.389061
846.886835
846.858537
847.360038
847.809077
848.204513
848.545340
848.830694
849.059851
849.232229
849.347391
849.405045
849.405045
849.347391
849.232229
849.059851
848.830694
848.545340
848.204513
847.809077
847.360038
846.858537
846.830279
847.331058
847.779449
848.174315
848.514651
848.799593
849.028420
849.200549
849.315545
849.373116
849.373116
849.315545
849.200549
849.028420
848.799593
848.514651
848.174315
847.779449
847.331058
846.830279
846.802063
847.302119
847.749864
848.144160
848.484006
848.768537
848.997034
849.168915
849.283745
849.341233
849.341233
849.283745
849.168915
848.997034
848.768537
848.484006
848.144160
847.749864
847.302119
846.802063
846.773887
847.273222
847.720322
848.114049
848.453405
848.737526
848.965693
849.137327
849.251991
849.309396
849.309396
849.251991
849.137327
848.965693
848.737526
848.453405
848.114049
847.720322
847.273222
846.773887
846.745752
847.244367
847.690822
848.083982
848.422848
848.706560
848.934398
849.105784
849.220284
849.277606
849.277606
849.220284
849.105784
848.934398
848.706560
848.422848
848.083982
847.690822
847.244367
846.745752
846.717657
847.215554
847.661365
848.053958
848.392336
848.675639
848.903148
849.074287
849.188622
849.245861
849.245861
849.188622
849.074287
848.903148
848.675639
848.392336
848.053958
847.661365
847.215554
846.717657
846.689603
847.186782
847.631950
848.023978
848.361867
848.644762
848.871944
849.042836
849.157005
849.214163
849.214163
849.157005
849.042836
848.871944
848.644762
848.361867
848.023978
847.631950
847.186782
846.689603
846.661589
847.158051
847.602578
847.994040
848.331443
848.613930
848.840784
849.011430
849.125435
849.182510
849.182510
849.125435
849.011430
848.840784
848.613930
848.331443
847.994040
847.602578
847.158051
846.661589
846.633616
847.129362
847.573249
847.964147
848.301063
848.583143
848.809670
848.980070
849.093910
849.150903
849.150903
849.093910
848.980070
848.809670
848.583143
848.301063
847.964147
847.573249
847.129362
846.633616
846.605683
847.100715
847.543961
847.934296
848.270727
848.552400
848.778600
848.948755
849.062431
849.119342
849.119342
849.062431
848.948755
848.778600
848.552400
848.270727
847.934296
847.543961
847.100715
846.605683
846.577790
847.072109
847.514716
847.904488
848.240434
848.521701
848.747576
848.917485
849.030998
849.087826
849.087826
849.030998
848.917485
848.747576
848.521701
848.240434
847.904488
847.514716
847.072109
846.577790
846.549938
847.043544
847.485514
847.874724
848.210185
848.491047
848.716596
848.886261
848.999610
849.056356
849.056356
848.999610
848.886261
848.716596
848.491047
848.210185
847.874724
847.485514
847.043544
846.549938
846.522126
847.015020
847.456353
847.845002
848.179980
848.460437
848.685662
848.855081
848.968267
849.024932
849.024932
848.968267
848.855081
848.685662
848.460437
848.179980
847.845002
847.456353
847.015020
846.522126
846.494354
846.986538
847.427235
847.815324
848.149819
848.429872
848.654771
848.823947
848.936970
848.993553
848.993553
848.936970
848.823947
848.654771
848.429872
848.149819
847.815324
847.427235
846.986538
846.494354
846.466622
846.958097
847.398158
847.785688
848.119701
848.399351
848.623926
848.792858
848.905717
848.962219
848.962219
848.905717
848.792858
848.623926
848.399351
848.119701
847.785688
847.398158
846.958097
846.466622
846.438930
846.929696
847.369124
847.756095
848.089627
848.368874
848.593125
848.761814
848.874511
848.930931
848.930931
848.874511
848.761814
848.593125
848.368874
848.089627
847.756095
847.369124
846.929696
846.438930
846.411278
846.901337
847.340131
847.726545
848.059597
848.338440
848.562369
848.730814
848.843349
848.899688
848.899688
848.843349
848.730814
848.562369
848.338440
848.059597
847.726545
847.340131
846.901337
846.411278
846.383665
846.873019
847.311181
847.697038
848.029609
848.308051
848.531657
848.699860
848.812232
848.868490
848.868490
848.812232
848.699860
848.531657
848.308051
848.029609
847.697038
847.311181
846.873019
846.383665
846.356093
846.844741
847.282272
847.667573
847.999665
848.277706
848.500990
848.668950
848.781161
848.837337
848.837337
848.781161
848.668950
848.500990
848.277706
847.999665
847.667573
847.282272
846.844741
846.356093
846.328560
846.816505
847.253405
847.638151
847.969764
848.247405
848.470367
848.638085
848.750134
848.806230
848.806230
848.750134
848.638085
848.470367
848.247405
847.969764
847.638151
847.253405
846.816505
846.328560
846.301068
846.788309
847.224579
847.608771
847.939907
848.217147
848.439788
848.607265
848.719152
848.775167
848.775167
848.719152
848.607265
848.439788
848.217147
847.939907
847.608771
847.224579
846.788309
846.301068
846.273614
846.760153
847.195796
847.579433
847.910093
848.186933
848.409253
848.576489
848.688215
848.744149
848.744149
848.688215
848.576489
848.409253
848.186933
847.910093
847.579433
847.195796
846.760153
846.273614
846.246201
846.732039
847.167053
847.550138
847.880321
848.156763
848.378763
848.545757
848.657323
848.713176
848.713176
848.657323
848.545757
848.378763
848.156763
847.880321
847.550138
847.167053
846.732039
846.246201
846.218826
846.703965
847.138353
847.520886
847.850593
848.126637
848.348317
848.515071
848.626475
848.682248
848.682248
848.626475
848.515071
848.348317
848.126637
847.850593
847.520886
847.138353
846.703965
846.218826
846.191492
846.675931
847.109693
847.491675
847.820908
848.096554
848.317914
848.484428
848.595672
848.651365
848.651365
848.595672
848.484428
848.317914
848.096554
847.820908
847.491675
847.109693
846.675931
846.191492
846.164197
846.647938
847.081075
847.462507
847.791265
848.066514
848.287556
848.453830
848.564914
848.620526
848.620526
848.564914
848.453830
848.287556
848.066514
847.791265
847.462507
847.081075
846.647938
846.164197
846.136941
846.619985
847.052499
847.433381
847.761665
848.036518
848.257242
848.423276
848.534200
848.589732
848.589732
848.534200
848.423276
848.257242
848.036518
847.761665
847.433381
847.052499
846.619985
846.136941
846.109724
846.592073
847.023963
847.404297
847.732109
848.006565
848.226971
848.392766
848.503530
848.558982
848.558982
848.503530
848.392766
848.226971
848.006565
847.732109
847.404297
847.023963
846.592073
846.109724
846.082547
846.564201
846.995469
847.375255
847.702594
847.976656
848.196744
848.362300
848.472905
848.528277
848.528277
848.472905
848.362300
848.196744
847.976656
847.702594
847.375255
846.995469
846.564201
846.082547
846.055408
846.536369
846.967016
847.346255
847.673123
847.946790
848.166561
848.331878
848.442324
848.497617
848.497617
848.442324
848.331878
848.166561
847.946790
847.673123
847.346255
846.967016
846.536369
846.055408
846.028309
846.508577
846.938604
847.317297
847.643694
847.916966
848.136421
848.301501
848.411787
848.467000
848.467000
848.411787
848.301501
848.136421
847.916966
847.643694
847.317297
846.938604
846.508577
846.028309
846.001249
846.480825
846.910233
847.288380
847.614307
847.887186
848.106325
848.271167
848.381294
848.436428
848.436428
848.381294
848.271167
848.106325
847.887186
847.614307
847.288380
846.910233
846.480825
846.001249
845.974228
846.453114
846.881903
847.259506
847.584963
847.857449
848.076272
848.240877
848.350846
848.405900
848.405900
848.350846
848.240877
848.076272
847.857449
847.584963
847.259506
846.881903
846.453114
845.974228
845.947246
846.425442
846.853613
847.230673
847.555662
847.827755
848.046263
848.210631
848.320441
848.375416
848.375416
848.320441
848.210631
848.046263
847.827755
847.555662
847.230673
846.853613
846.425442
845.947246
845.920303
846.397810
846.825365
847.201881
847.526402
847.798104
848.016297
848.180428
848.290081
848.344976
848.344976
848.290081
848.180428
848.016297
847.798104
847.526402
847.201881
846.825365
846.397810
845.920303
845.893399
846.370218
846.797157
847.173131
847.497185
847.768496
847.986375
848.150269
848.259764
848.314581
848.314581
848.259764
848.150269
847.986375
847.768496
847.497185
847.173131
846.797157
846.370218
845.893399
845.866533
846.342666
846.768991
847.144423
847.468010
847.738930
847.956496
848.120154
848.229491
848.284229
848.284229
848.229491
848.120154
847.956496
847.738930
847.468010
847.144423
846.768991
846.342666
845.866533
845.839706
846.315153
846.740864
847.115756
847.438877
847.709407
847.926659
848.090082
848.199262
848.253921
848.253921
848.199262
848.090082
847.926659
847.709407
847.438877
847.115756
846.740864
846.315153
845.839706
845.812918
846.287681
846.712778
847.087131
847.409787
847.679927
847.896866
848.060054
848.169076
848.223657
848.223657
848.169076
848.060054
847.896866
847.679927
847.409787
847.087131
846.712778
846.287681
845.812918
845.786168
846.260247
846.684733
847.058547
847.380738
847.650490
847.867116
848.030069
848.138934
848.193436
848.193436
848.138934
848.030069
847.867116
847.650490
847.380738
847.058547
846.684733
846.260247
845.786168
845.759457
846.232854
846.656729
847.030004
847.351731
847.621094
847.837409
848.000128
848.108836
848.163259
848.163259
848.108836
848.000128
847.837409
847.621094
847.351731
847.030004
846.656729
846.232854
845.759457
845.732785
846.205500
846.628764
847.001502
847.322766
847.591742
847.807745
847.970229
848.078781
848.133126
848.133126
848.078781
847.970229
847.807745
847.591742
847.322766
847.001502
846.628764
846.205500
845.732785
845.706150
846.178185
846.600840
846.973041
847.293843
847.562431
847.778124
847.940374
848.048770
848.103037
848.103037
848.048770
847.940374
847.778124
847.562431
847.293843
846.973041
846.600840
846.178185
845.706150
845.679555
846.150910
846.572956
846.944622
847.264962
847.533163
847.748546
847.910562
848.018802
848.072990
848.072990
848.018802
847.910562
847.748546
847.533163
847.264962
846.944622
846.572956
846.150910
845.679555
845.652997
846.123674
846.545113
846.916243
847.236122
847.503938
847.719010
847.880793
847.988877
848.042988
848.042988
847.988877
847.880793
847.719010
847.503938
847.236122
846.916243
846.545113
846.123674
845.652997
845.626478
846.096477
846.517309
846.887906
847.207324
847.474754
847.689517
847.851067
847.958996
848.013028
848.013028
847.958996
847.851067
847.689517
847.474754
847.207324
846.887906
846.517309
846.096477
845.626478
845.599997
846.069319
846.489546
846.859609
847.178568
847.445613
847.660066
847.821384
847.929157
847.983112
847.983112
847.929157
847.821384
847.660066
847.445613
847.178568
846.859609
846.489546
846.069319
845.599997
845.573554
846.042201
846.461823
846.831353
847.149853
847.416514
847.630658
847.791744
847.899362
847.953239
847.953239
847.899362
847.791744
847.630658
847.416514
847.149853
846.831353
846.461823
846.042201
845.573554
845.547149
846.015122
846.434140
846.803138
847.121179
847.387456
847.601293
847.762147
847.869610
847.923409
847.923409
847.869610
847.762147
847.601293
847.387456
847.121179
846.803138
846.434140
846.015122
845.547149
845.520782
845.988082
846.406496
846.774964
847.092547
847.358441
847.571970
847.732592
847.839900
847.893623
847.893623
847.839900
847.732592
847.571970
847.358441
847.092547
846.774964
846.406496
845.988082
845.520782
845.494454
845.961080
846.378893
846.746830
847.063956
847.329467
847.542689
847.703080
847.810234
847.863879
847.863879
847.810234
847.703080
847.542689
847.329467
847.063956
846.746830
846.378893
845.961080
845.494454
845.468163
845.934118
846.351329
846.718737
847.035407
847.300536
847.513451
847.673611
847.780611
847.834178
847.834178
847.780611
847.673611
847.513451
847.300536
847.035407
846.718737
846.351329
845.934118
845.468163
845.441910
845.907194
846.323805
846.690684
847.006899
847.271646
847.484254
847.644184
847.751030
847.804521
847.804521
847.751030
847.644184
847.484254
847.271646
847.006899
846.690684
846.323805
845.907194
845.441910
845.415695
845.880310
846.296321
846.662672
846.978431
847.242798
847.455100
847.614800
847.721492
847.774906
847.774906
847.721492
847.614800
847.455100
847.242798
846.978431
846.662672
846.296321
845.880310
845.415695
845.389517
845.853464
846.268877
846.634700
846.950005
847.213991
847.425988
847.585458
847.691997
847.745333
847.745333
847.691997
847.585458
847.425988
847.213991
846.950005
846.634700
846.268877
845.853464
845.389517
845.363378
845.826656
846.241471
846.606769
846.921620
847.185226
847.396918
847.556159
847.662544
847.715804
847.715804
847.662544
847.556159
847.396918
847.185226
846.921620
846.606769
846.241471
845.826656
845.363378
845.337276
845.799888
846.214106
846.578878
846.893276
847.156503
847.367890
847.526902
847.633134
847.686317
847.686317
847.633134
847.526902
847.367890
847.156503
846.893276
846.578878
846.214106
845.799888
845.337276
845.311211
845.773158
846.186780
846.551027
846.864973
847.127821
847.338904
847.497687
847.603766
847.656873
847.656873
847.603766
847.497687
847.338904
847.127821
846.864973
846.551027
846.186780
845.773158
845.311211
845.285184
845.746466
846.159493
846.523216
846.836710
847.099180
847.309960
847.468514
847.574441
847.627471
847.627471
847.574441
847.468514
847.309960
847.099180
846.836710
846.523216
846.159493
845.746466
845.285184
845.259195
845.719813
846.132246
846.495445
846.808489
847.070581
847.281057
847.439383
847.545158
847.598112
847.598112
847.545158
847.439383
847.281057
847.070581
846.808489
846.495445
846.132246
845.719813
845.259195
845.233243
845.693198
846.105038
846.467715
846.780308
847.042023
847.252196
847.410295
847.515917
847.568795
847.568795
847.515917
847.410295
847.252196
847.042023
846.780308
846.467715
846.105038
845.693198
845.233243
845.207328
845.666622
846.077869
846.440024
846.752167
847.013506
847.223377
847.381248
847.486718
847.539520
847.539520
847.486718
847.381248
847.223377
847.013506
846.752167
846.440024
846.077869
845.666622
845.207328
845.181450
845.640084
846.050739
846.412373
846.724068
846.985031
847.194600
847.352244
847.457562
847.510288
847.510288
847.457562
847.352244
847.194600
846.985031
846.724068
846.412373
846.050739
845.640084
845.181450
845.155610
845.613584
846.023649
846.384763
846.696008
846.956596
847.165864
847.323281
847.428448
847.481098
847.481098
847.428448
847.323281
847.165864
846.956596
846.696008
846.384763
846.023649
845.613584
845.155610
845.129807
845.587122
845.996597
846.357192
846.667990
846.928202
847.137169
847.294360
847.399376
847.451950
847.451950
847.399376
847.294360
847.137169
846.928202
846.667990
846.357192
845.996597
845.587122
845.129807
845.104042
845.560698
845.969584
846.329660
846.640011
846.899850
847.108516
847.265481
847.370345
847.422844
847.422844
847.370345
847.265481
847.108516
846.899850
846.640011
846.329660
845.969584
845.560698
845.104042
845.078313
845.534313
845.942611
846.302169
846.612074
846.871538
847.079904
847.236643
847.341357
847.393780
847.393780
847.341357
847.236643
847.079904
846.871538
846.612074
846.302169
845.942611
845.534313
845.078313
845.052621
845.507965
845.915676
846.274717
846.584176
846.843267
847.051334
847.207847
847.312410
847.364758
847.364758
847.312410
847.207847
847.051334
846.843267
846.584176
846.274717
845.915676
845.507965
845.052621
845.026967
845.481656
845.888780
846.247305
846.556319
846.815037
847.022805
847.179093
847.283506
847.335778
847.335778
847.283506
847.179093
847.022805
846.815037
846.556319
846.247305
845.888780
845.481656
845.026967
845.001349
845.455384
845.861923
846.219932
846.528501
846.786848
846.994316
847.150380
847.254643
847.306840
847.306840
847.254643
847.150380
846.994316
846.786848
846.528501
846.219932
845.861923
845.455384
845.001349
844.975768
845.429150
845.835104
846.192598
846.500724
846.758699
846.965869
847.121708
847.225821
847.277944
847.277944
847.225821
847.121708
846.965869
846.758699
846.500724
846.192598
845.835104
845.429150
844.975768
844.950224
845.402954
845.808324
846.165304
846.472987
846.730591
846.937463
847.093078
847.197041
847.249089
847.249089
847.197041
847.093078
846.937463
846.730591
846.472987
846.165304
845.808324
845.402954
844.950224
844.924717
845.376796
845.781583
846.138050
846.445290
846.702524
846.909098
847.064490
847.168303
847.220276
847.220276
847.168303
847.064490
846.909098
846.702524
846.445290
846.138050
845.781583
845.376796
844.924717
844.899246
845.350675
845.754880
846.110834
846.417633
846.674497
846.880774
847.035942
847.139606
847.191504
847.191504
847.139606
847.035942
846.880774
846.674497
846.417633
846.110834
845.754880
845.350675
844.899246
844.873812
845.324592
845.728216
846.083658
846.390016
846.646510
846.852491
847.007436
847.110951
847.162774
847.162774
847.110951
847.007436
846.852491
846.646510
846.390016
846.083658
845.728216
845.324592
844.873812
844.848415
845.298547
845.701590
846.056521
846.362438
846.618564
846.824249
846.978971
847.082337
847.134086
847.134086
847.082337
846.978971
846.824249
846.618564
846.362438
846.056521
845.701590
845.298547
844.848415
844.823054
845.272539
845.675003
846.029423
846.334900
846.590658
846.796047
846.950546
847.053764
847.105439
847.105439
847.053764
846.950546
846.796047
846.590658
846.334900
846.029423
845.675003
845.272539
844.823054
844.797730
845.246568
845.648454
846.002365
846.307402
846.562792
846.767886
846.922163
847.025233
847.076833
847.076833
847.025233
846.922163
846.767886
846.562792
846.307402
846.002365
845.648454
845.246568
844.797730
844.772442
845.220635
845.621943
845.975345
846.279944
846.534967
846.739766
846.893821
846.996742
847.048268
847.048268
846.996742
846.893821
846.739766
846.534967
846.279944
845.975345
845.621943
845.220635
844.772442
844.747190
845.194739
845.595470
845.948364
846.252525
846.507181
846.711686
846.865520
846.968293
847.019745
847.019745
846.968293
846.865520
846.711686
846.507181
846.252525
845.948364
845.595470
845.194739
844.747190
844.721975
845.168880
845.569035
845.921422
846.225146
846.479436
846.683646
846.837259
846.939885
846.991263
846.991263
846.939885
846.837259
846.683646
846.479436
846.225146
845.921422
845.569035
845.168880
844.721975
844.696796
845.143059
845.542639
845.894519
846.197806
846.451731
846.655648
846.809040
846.911518
846.962822
846.962822
846.911518
846.809040
846.655648
846.451731
846.197806
845.894519
845.542639
845.143059
844.696796
844.671654
845.117275
845.516280
845.867654
846.170506
846.424065
846.627689
846.780861
846.883191
846.934422
846.934422
846.883191
846.780861
846.627689
846.424065
846.170506
845.867654
845.516280
845.117275
844.671654
844.646547
845.091528
845.489959
845.840829
846.143245
846.396440
846.599771
846.752722
846.854906
846.906062
846.906062
846.854906
846.752722
846.599771
846.396440
846.143245
845.840829
845.489959
845.091528
844.646547
844.621477
845.065818
845.463677
845.814042
846.116023
846.368854
846.571893
846.724624
846.826661
846.877744
846.877744
846.826661
846.724624
846.571893
846.368854
846.116023
845.814042
845.463677
845.065818
844.621477
844.596443
845.040145
845.437432
845.787293
846.088841
846.341308
846.544055
846.696567
846.798457
846.849467
846.849467
846.798457
846.696567
846.544055
846.341308
846.088841
845.787293
845.437432
845.040145
844.596443
844.571444
845.014509
845.411225
845.760583
846.061697
846.313802
846.516258
846.668550
846.770294
846.821230
846.821230
846.770294
846.668550
846.516258
846.313802
846.061697
845.760583
845.411225
845.014509
844.571444
844.546482
844.988910
845.385055
845.733912
846.034593
846.286335
846.488500
846.640574
846.742171
846.793034
846.793034
846.742171
846.640574
846.488500
846.286335
846.034593
845.733912
845.385055
844.988910
844.546482
844.521556
844.963348
845.358924
845.707279
846.007528
846.258908
846.460782
846.612638
846.714089
846.764879
846.764879
846.714089
846.612638
846.460782
846.258908
846.007528
845.707279
845.358924
844.963348
844.521556
844.496665
844.937822
845.332830
845.680684
845.980502
846.231521
846.433105
846.584742
846.686048
846.736765
846.736765
846.686048
846.584742
846.433105
846.231521
845.980502
845.680684
845.332830
844.937822
844.496665
844.471810
844.912333
845.306773
845.654128
845.953514
846.204173
846.405467
846.556886
846.658046
846.708691
846.708691
846.658046
846.556886
846.405467
846.204173
845.953514
845.654128
845.306773
844.912333
844.471810
844.446991
844.886881
845.280754
845.627610
845.926566
846.176864
846.377869
846.529071
846.630086
846.680657
846.680657
846.630086
846.529071
846.377869
846.176864
845.926566
845.627610
845.280754
844.886881
844.446991
844.422208
844.861466
845.254773
845.601130
845.899657
846.149595
846.350311
846.501296
846.602165
846.652664
846.652664
846.602165
846.501296
846.350311
846.149595
845.899657
845.601130
845.254773
844.861466
844.422208
844.397460
844.836087
845.228829
845.574688
845.872786
846.122365
846.322793
846.473561
846.574285
846.624711
846.624711
846.574285
846.473561
846.322793
846.122365
845.872786
845.574688
845.228829
844.836087
844.397460
844.372748
844.810744
845.202922
845.548284
845.845954
846.095175
846.295315
846.445865
846.546445
846.596799
846.596799
846.546445
846.445865
846.295315
846.095175
845.845954
845.548284
845.202922
844.810744
844.372748
844.348072
844.785439
845.177053
845.521919
845.819160
846.068023
846.267875
846.418210
846.518645
846.568927
846.568927
846.518645
846.418210
846.267875
846.068023
845.819160
845.521919
845.177053
844.785439
844.348072
844.323431
844.760169
845.151221
845.495591
845.792406
846.040911
846.240476
846.390594
846.490885
846.541095
846.541095
846.490885
846.390594
846.240476
846.040911
845.792406
845.495591
845.151221
844.760169
844.323431
844.298825
844.734936
845.125426
845.469301
845.765689
846.013838
846.213116
846.363019
846.463166
846.513303
846.513303
846.463166
846.363019
846.213116
846.013838
845.765689
845.469301
845.125426
844.734936
844.298825
844.274255
844.709739
845.099668
845.443049
845.739012
845.986803
846.185795
846.335483
846.435486
846.485551
846.485551
846.435486
846.335483
846.185795
845.986803
845.739012
845.443049
845.099668
844.709739
844.274255
844.249720
844.684578
845.073947
845.416835
845.712372
845.959808
846.158514
846.307987
846.407846
846.457839
846.457839
846.407846
846.307987
846.158514
845.959808
845.712372
845.416835
845.073947
844.684578
844.249720
844.225220
844.659454
845.048263
845.390659
845.685771
845.932852
846.131272
846.280530
846.380246
846.430167
846.430167
846.380246
846.280530
846.131272
845.932852
845.685771
845.390659
845.048263
844.659454
844.225220
844.200756
844.634366
845.022616
845.364520
845.659209
845.905934
846.104070
846.253113
846.352686
846.402535
846.402535
846.352686
846.253113
846.104070
845.905934
845.659209
845.364520
845.022616
844.634366
844.200756
844.176326
844.609314
844.997006
845.338419
845.632684
845.879055
846.076906
846.225735
846.325165
846.374943
846.374943
846.325165
846.225735
846.076906
845.879055
845.632684
845.338419
844.997006
844.609314
844.176326
844.151932
844.584298
844.971433
845.312356
845.606198
845.852215
846.049782
846.198397
846.297684
846.347391
846.347391
846.297684
846.198397
846.049782
845.852215
845.606198
845.312356
844.971433
844.584298
844.151932
844.127573
844.559317
844.945897
845.286330
845.579750
845.825414
846.022697
846.171099
846.270243
846.319878
846.319878
846.270243
846.171099
846.022697
845.825414
845.579750
845.286330
844.945897
844.559317
844.127573
844.103249
844.534373
844.920398
845.260341
845.553340
845.798651
845.995651
846.143839
846.242841
846.292405
846.292405
846.242841
846.143839
845.995651
845.798651
845.553340
845.260341
844.920398
844.534373
844.103249
844.078960
844.509465
844.894935
845.234390
845.526968
845.771927
845.968643
846.116619
846.215479
846.264971
846.264971
846.215479
846.116619
845.968643
845.771927
845.526968
845.234390
844.894935
844.509465
844.078960
844.054706
844.484592
844.869509
845.208476
845.500634
845.745241
845.941675
846.089438
846.188156
846.237577
846.237577
846.188156
846.089438
845.941675
845.745241
845.500634
845.208476
844.869509
844.484592
844.054706
844.030487
844.459756
844.844119
845.182600
845.474338
845.718594
845.914746
846.062297
846.160873
846.210223
846.210223
846.160873
846.062297
845.914746
845.718594
845.474338
845.182600
844.844119
844.459756
844.030487
844.006302
844.434955
844.818766
845.156761
845.448080
845.691985
845.887855
846.035194
846.133628
846.182908
846.182908
846.133628
846.035194
845.887855
845.691985
845.448080
845.156761
844.818766
844.434955
844.006302
843.982152
844.410189
844.793449
845.130959
845.421860
845.665414
845.861003
846.008131
846.106424
846.155632
846.155632
846.106424
846.008131
845.861003
845.665414
845.421860
845.130959
844.793449
844.410189
843.982152
843.958037
844.385459
844.768169
845.105194
845.395677
845.638882
845.834190
845.981106
846.079258
846.128396
846.128396
846.079258
845.981106
845.834190
845.638882
845.395677
845.105194
844.768169
844.385459
843.958037
843.933957
844.360765
844.742925
845.079466
845.369532
845.612388
845.807415
845.954121
846.052131
846.101199
846.101199
846.052131
845.954121
845.807415
845.612388
845.369532
845.079466
844.742925
844.360765
843.933957
843.909911
844.336107
844.717718
845.053775
845.343425
845.585932
845.780679
845.927174
846.025044
846.074041
846.074041
846.025044
845.927174
845.780679
845.585932
845.343425
845.053775
844.717718
844.336107
843.909911
843.885900
844.311483
844.692547
845.028122
845.317355
845.559514
845.753982
845.900266
845.997995
846.046922
846.046922
845.997995
845.900266
845.753982
845.559514
845.317355
845.028122
844.692547
844.311483
843.885900
843.861923
844.286896
844.667412
845.002505
845.291323
845.533134
845.727323
845.873397
845.970986
846.019843
846.019843
845.970986
845.873397
845.727323
845.533134
845.291323
845.002505
844.667412
844.286896
843.861923
843.837981
844.262343
844.642313
844.976925
845.265329
845.506792
845.700702
845.846566
845.944015
845.992802
845.992802
845.944015
845.846566
845.700702
845.506792
845.265329
844.976925
844.642313
844.262343
843.837981
843.814073
844.237826
844.617250
844.951382
845.239371
845.480488
845.674119
845.819775
845.917084
845.965800
845.965800
845.917084
845.819775
845.674119
845.480488
845.239371
844.951382
844.617250
844.237826
843.814073
843.790200
844.213344
844.592224
844.925875
845.213451
845.454222
845.647575
845.793021
845.890191
845.938837
845.938837
845.890191
845.793021
845.647575
845.454222
845.213451
844.925875
844.592224
844.213344
843.790200
843.766360
844.188897
844.567233
844.900405
845.187569
845.427994
845.621070
845.766307
845.863337
845.911913
845.911913
845.863337
845.766307
845.621070
845.427994
845.187569
844.900405
844.567233
844.188897
843.766360
843.742555
844.164486
844.542278
844.874972
845.161723
845.401803
845.594602
845.739630
845.836521
845.885028
845.885028
845.836521
845.739630
845.594602
845.401803
845.161723
844.874972
844.542278
844.164486
843.742555
843.718785
844.140109
844.517359
844.849576
845.135915
845.375650
845.568172
845.712993
845.809744
845.858181
845.858181
845.809744
845.712993
845.568172
845.375650
845.135915
844.849576
844.517359
844.140109
843.718785
843.695048
844.115768
844.492476
844.824216
845.110144
845.349535
845.541781
845.686393
845.783006
845.831374
845.831374
845.783006
845.686393
845.541781
845.349535
845.110144
844.824216
844.492476
844.115768
843.695048
843.671346
844.091461
844.467629
844.798893
845.084410
845.323458
845.515427
845.659832
845.756306
845.804604
845.804604
845.756306
845.659832
845.515427
845.323458
845.084410
844.798893
844.467629
844.091461
843.671346
843.647677
844.067190
844.442817
844.773605
845.058714
845.297418
845.489112
845.633309
845.729645
845.777874
845.777874
845.729645
845.633309
845.489112
845.297418
845.058714
844.773605
844.442817
844.067190
843.647677
843.624043
844.042953
844.418042
844.748355
845.033054
845.271415
845.462834
845.606825
845.703022
845.751182
845.751182
845.703022
845.606825
845.462834
845.271415
845.033054
844.748355
844.418042
844.042953
843.624043
843.600442
844.018751
844.393301
844.723141
845.007431
845.245450
845.436594
845.580378
845.676437
845.724528
845.724528
845.676437
845.580378
845.436594
845.245450
845.007431
844.723141
844.393301
844.018751
843.600442
843.576876
843.994584
844.368597
844.697962
844.981845
845.219522
845.410392
845.553970
845.649891
845.697912
845.697912
845.649891
845.553970
845.410392
845.219522
844.981845
844.697962
844.368597
843.994584
843.576876
843.553343
843.970452
844.343928
844.672821
844.956295
845.193632
845.384228
845.527599
845.623383
845.671335
845.671335
845.623383
845.527599
845.384228
845.193632
844.956295
844.672821
844.343928
843.970452
843.553343
843.529844
843.946354
844.319294
844.647715
844.930783
845.167779
845.358101
845.501267
845.596913
845.644797
845.644797
845.596913
845.501267
845.358101
845.167779
844.930783
844.647715
844.319294
843.946354
843.529844
843.506379
843.922291
844.294696
844.622645
844.905307
845.141963
845.332012
845.474972
845.570481
845.618296
845.618296
845.570481
845.474972
845.332012
845.141963
844.905307
844.622645
844.294696
843.922291
843.506379
843.482947
843.898263
844.270133
844.597612
844.879868
845.116184
845.305960
845.448715
845.544087
845.591834
845.591834
845.544087
845.448715
845.305960
845.116184
844.879868
844.597612
844.270133
843.898263
843.482947
843.459549
843.874269
844.245605
844.572614
844.854465
845.090442
845.279946
845.422497
845.517732
845.565409
845.565409
845.517732
845.422497
845.279946
845.090442
844.854465
844.572614
844.245605
843.874269
843.459549
843.436185
843.850310
844.221113
844.547653
844.829099
845.064737
845.253970
845.396315
845.491414
845.539023
845.539023
845.491414
845.396315
845.253970
845.064737
844.829099
844.547653
844.221113
843.850310
843.436185
843.412855
843.826385
844.196656
844.522727
844.803770
845.039070
845.228030
845.370172
845.465134
845.512675
845.512675
845.465134
845.370172
845.228030
845.039070
844.803770
844.522727
844.196656
843.826385
843.412855
843.389557
843.802494
844.172234
844.497837
844.778476
845.013439
845.202129
845.344066
845.438892
845.486365
845.486365
845.438892
845.344066
845.202129
845.013439
844.778476
844.497837
844.172234
843.802494
843.389557
843.366294
843.778638
844.147847
844.472983
844.753220
844.987845
845.176264
845.317998
845.412687
845.460092
845.460092
845.412687
845.317998
845.176264
844.987845
844.753220
844.472983
844.147847
843.778638
843.366294
843.343063
843.754816
844.123496
844.448165
844.727999
844.962288
845.150437
845.291967
845.386521
845.433858
845.433858
845.386521
845.291967
845.150437
844.962288
844.727999
844.448165
844.123496
843.754816
843.343063
843.319866
843.731028
844.099179
844.423382
844.702815
844.936768
845.124646
845.265974
845.360392
845.407661
845.407661
845.360392
845.265974
845.124646
844.936768
844.702815
844.423382
844.099179
843.731028
843.319866
843.296703
843.707275
844.074897
844.398635
844.677667
844.911284
845.098893
845.240018
845.334300
845.381502
845.381502
845.334300
845.240018
845.098893
844.911284
844.677667
844.398635
844.074897
843.707275
843.296703
843.273572
843.683555
844.050650
844.373924
844.652556
844.885837
845.073177
845.214099
845.308247
845.355380
845.355380
845.308247
845.214099
845.073177
844.885837
844.652556
844.373924
844.050650
843.683555
843.273572
843.250475
843.659870
844.026438
844.349248
844.627480
844.860427
845.047498
845.188218
845.282230
845.329296
845.329296
845.282230
845.188218
845.047498
844.860427
844.627480
844.349248
844.026438
843.659870
843.250475
843.227411
843.636218
844.002261
844.324608
844.602441
844.835053
845.021856
845.162374
845.256251
845.303250
845.303250
845.256251
845.162374
845.021856
844.835053
844.602441
844.324608
844.002261
843.636218
843.227411
843.204380
843.612601
843.978118
844.300003
844.577437
844.809716
844.996251
845.136567
845.230310
845.277241
845.277241
845.230310
845.136567
844.996251
844.809716
844.577437
844.300003
843.978118
843.612601
843.204380
843.181382
843.589018
843.954011
844.275433
844.552469
844.784415
844.970682
845.110798
845.204406
845.251269
845.251269
845.204406
845.110798
844.970682
844.784415
844.552469
844.275433
843.954011
843.589018
843.181382
843.158418
843.565468
843.929937
844.250899
844.527538
844.759151
844.945151
845.085065
845.178539
845.225335
845.225335
845.178539
845.085065
844.945151
844.759151
844.527538
844.250899
843.929937
843.565468
843.158418
843.135486
843.541952
843.905899
844.226400
844.502642
844.733923
844.919656
845.059370
845.152709
845.199439
845.199439
845.152709
845.059370
844.919656
844.733923
844.502642
844.226400
843.905899
843.541952
843.135486
843.112587
843.518470
843.881895
844.201936
844.477782
844.708731
844.894198
845.033711
845.126917
845.173579
845.173579
845.126917
845.033711
844.894198
844.708731
844.477782
844.201936
843.881895
843.518470
843.112587
843.089721
843.495022
843.857925
844.177508
844.452958
844.683576
844.868776
845.008089
845.101162
845.147757
845.147757
845.101162
845.008089
844.868776
844.683576
844.452958
844.177508
843.857925
843.495022
843.089721
843.066887
843.471607
843.833990
844.153114
844.428169
844.658456
844.843391
844.982505
845.075443
845.121972
845.121972
845.075443
844.982505
844.843391
844.658456
844.428169
844.153114
843.833990
843.471607
843.066887
843.044087
843.448226
843.810089
844.128756
844.403416
844.633373
844.818043
844.956957
845.049762
845.096224
845.096224
845.049762
844.956957
844.818043
844.633373
844.403416
844.128756
843.810089
843.448226
843.044087
843.021319
843.424879
843.786223
844.104432
844.378699
844.608326
844.792731
844.931445
845.024118
845.070513
845.070513
845.024118
844.931445
844.792731
844.608326
844.378699
844.104432
843.786223
843.424879
843.021319
842.998584
843.401565
843.762391
844.080144
844.354017
844.583315
844.767455
844.905971
844.998510
845.044839
845.044839
844.998510
844.905971
844.767455
844.583315
844.354017
844.080144
843.762391
843.401565
842.998584
842.975882
843.378285
843.738593
844.055890
844.329371
844.558340
844.742216
844.880533
844.972940
845.019202
845.019202
844.972940
844.880533
844.742216
844.558340
844.329371
844.055890
843.738593
843.378285
842.975882
842.953212
843.355038
843.714829
844.031672
844.304760
844.533400
844.717013
844.855132
844.947406
844.993601
844.993601
844.947406
844.855132
844.717013
844.533400
844.304760
844.031672
843.714829
843.355038
842.953212
842.930574
843.331824
843.691100
844.007488
844.280184
844.508497
844.691846
844.829767
844.921909
844.968038
844.968038
844.921909
844.829767
844.691846
844.508497
844.280184
844.007488
843.691100
843.331824
842.930574
842.907970
843.308644
843.667404
843.983338
844.255644
844.483629
844.666716
844.804439
844.896448
844.942512
844.942512
844.896448
844.804439
844.666716
844.483629
844.255644
843.983338
843.667404
843.308644
842.907970
842.885397
843.285497
843.643743
843.959224
844.231139
844.458797
844.641621
844.779147
844.871024
844.917022
844.917022
844.871024
844.779147
844.641621
844.458797
844.231139
843.959224
843.643743
843.285497
842.885397
842.862857
843.262383
843.620115
843.935144
844.206669
844.434001
844.616563
844.753891
844.845637
844.891569
844.891569
844.845637
844.753891
844.616563
844.434001
844.206669
843.935144
843.620115
843.262383
842.862857
842.840350
843.239303
843.596522
843.911099
844.182235
844.409241
844.591541
844.728672
844.820287
844.866152
844.866152
844.820287
844.728672
844.591541
844.409241
844.182235
843.911099
843.596522
843.239303
842.840350
842.817874
843.216255
843.572962
843.887088
844.157835
844.384516
844.566555
844.703489
844.794972
844.840772
844.840772
844.794972
844.703489
844.566555
844.384516
844.157835
843.887088
843.572962
843.216255
842.817874
842.795431
843.193241
843.549437
843.863112
844.133471
844.359827
844.541604
844.678342
844.769694
844.815428
844.815428
844.769694
844.678342
844.541604
844.359827
844.133471
843.863112
843.549437
843.193241
842.795431
842.773020
843.170260
843.525945
843.839170
844.109142
844.335173
844.516690
844.653232
844.744453
844.790121
844.790121
844.744453
844.653232
844.516690
844.335173
844.109142
843.839170
843.525945
843.170260
842.773020
842.750641
843.147311
843.502486
843.815263
844.084847
844.310554
844.491811
844.628158
844.719248
844.764851
844.764851
844.719248
844.628158
844.491811
844.310554
844.084847
843.815263
843.502486
843.147311
842.750641
842.728295
843.124396
843.479062
843.791390
844.060588
844.285971
844.466968
844.603119
844.694079
844.739616
844.739616
844.694079
844.603119
844.466968
844.285971
844.060588
843.791390
843.479062
843.124396
842.728295
842.705980
843.101514
843.455671
843.767551
844.036363
844.261424
844.442161
844.578117
844.668946
844.714418
844.714418
844.668946
844.578117
844.442161
844.261424
844.036363
843.767551
843.455671
843.101514
842.705980
842.683698
843.078664
843.432314
843.743747
844.012174
844.236911
844.417389
844.553150
844.643849
844.689257
844.689257
844.643849
844.553150
844.417389
844.236911
844.012174
843.743747
843.432314
843.078664
842.683698
842.661447
843.055847
843.408990
843.719977
843.988018
844.212434
844.392654
844.528220
844.618789
844.664131
844.664131
844.618789
844.528220
844.392654
844.212434
843.988018
843.719977
843.408990
843.055847
842.661447
842.639228
843.033063
843.385699
843.696241
843.963898
844.187992
844.367953
844.503325
844.593764
844.639042
844.639042
844.593764
844.503325
844.367953
844.187992
843.963898
843.696241
843.385699
843.033063
842.639228
842.617041
843.010312
843.362443
843.672539
843.939812
844.163585
844.343288
844.478466
844.568776
844.613988
844.613988
844.568776
844.478466
844.343288
844.163585
843.939812
843.672539
843.362443
843.010312
842.617041
842.594886
842.987593
843.339219
843.648871
843.915761
844.139213
844.318659
844.453643
844.543823
844.588971
844.588971
844.543823
844.453643
844.318659
844.139213
843.915761
843.648871
843.339219
842.987593
842.594886
842.572763
842.964907
843.316029
843.625237
843.891745
844.114876
844.294065
844.428856
844.518907
844.563989
844.563989
844.518907
844.428856
844.294065
844.114876
843.891745
843.625237
843.316029
842.964907
842.572763
842.550672
842.942253
843.292872
843.601637
843.867763
844.090575
844.269506
844.404104
844.494026
844.539044
844.539044
844.494026
844.404104
844.269506
844.090575
843.867763
843.601637
843.292872
842.942253
842.550672
842.528612
842.919632
843.269749
843.578071
843.843815
844.066308
844.244983
844.379388
844.469181
844.514134
844.514134
844.469181
844.379388
844.244983
844.066308
843.843815
843.578071
843.269749
842.919632
842.528612
842.506584
842.897044
843.246658
843.554538
843.819902
844.042076
844.220495
844.354707
844.444371
844.489260
844.489260
844.444371
844.354707
844.220495
844.042076
843.819902
843.554538
843.246658
842.897044
842.506584
842.484587
842.874488
843.223601
843.531040
843.796023
844.017879
844.196042
844.330062
844.419598
844.464422
844.464422
844.419598
844.330062
844.196042
844.017879
843.796023
843.531040
843.223601
842.874488
842.484587
842.462622
842.851964
843.200577
843.507575
843.772179
843.993716
844.171624
844.305452
844.394859
844.439620
844.439620
844.394859
844.305452
844.171624
843.993716
843.772179
843.507575
843.200577
842.851964
842.462622
842.440689
842.829472
843.177586
843.484144
843.748369
843.969588
844.147242
844.280877
844.370157
844.414853
844.414853
844.370157
844.280877
844.147242
843.969588
843.748369
843.484144
843.177586
842.829472
842.440689
842.418786
842.807013
843.154628
843.460747
843.724593
843.945495
844.122894
844.256338
844.345490
844.390122
844.390122
844.345490
844.256338
844.122894
843.945495
843.724593
843.460747
843.154628
842.807013
842.418786
842.396916
842.784586
843.131702
843.437383
843.700851
843.921437
844.098581
844.231834
844.320858
844.365427
844.365427
844.320858
844.231834
844.098581
843.921437
843.700851
843.437383
843.131702
842.784586
842.396916
842.375076
842.762191
843.108810
843.414053
843.677143
843.897413
844.074304
844.207366
844.296262
844.340766
844.340766
844.296262
844.207366
844.074304
843.897413
843.677143
843.414053
843.108810
842.762191
842.375076
842.353269
842.739828
843.085951
843.390756
843.653469
843.873424
844.050061
844.182932
844.271701
844.316142
844.316142
844.271701
844.182932
844.050061
843.873424
843.653469
843.390756
843.085951
842.739828
842.353269
842.331492
842.717498
843.063124
843.367493
843.629830
843.849469
844.025853
844.158534
844.247176
844.291553
844.291553
844.247176
844.158534
844.025853
843.849469
843.629830
843.367493
843.063124
842.717498
842.331492
842.309746
842.695199
843.040331
843.344263
843.606224
843.825548
844.001680
844.134171
844.222685
844.266999
844.266999
844.222685
844.134171
844.001680
843.825548
843.606224
843.344263
843.040331
842.695199
842.309746
842.288032
842.672933
843.017569
843.321066
843.582652
843.801662
843.977541
844.109842
844.198230
844.242480
844.242480
844.198230
844.109842
843.977541
843.801662
843.582652
843.321066
843.017569
842.672933
842.288032
842.266349
842.650698
842.994841
843.297903
843.559114
843.777810
843.953437
844.085549
844.173810
844.217997
844.217997
844.173810
844.085549
843.953437
843.777810
843.559114
843.297903
842.994841
842.650698
842.266349
842.244697
842.628495
842.972145
843.274773
843.535610
843.753993
843.929368
844.061291
844.149425
844.193549
844.193549
844.149425
844.061291
843.929368
843.753993
843.535610
843.274773
842.972145
842.628495
842.244697
842.223076
842.606324
842.949482
843.251676
843.512139
843.730209
843.905334
844.037067
844.125075
844.169135
844.169135
844.125075
844.037067
843.905334
843.730209
843.512139
843.251676
842.949482
842.606324
842.223076
842.201486
842.584185
842.926851
843.228612
843.488702
843.706460
843.881334
844.012878
844.100761
844.144758
844.144758
844.100761
844.012878
843.881334
843.706460
843.488702
843.228612
842.926851
842.584185
842.201486
842.179926
842.562078
842.904253
843.205582
843.465299
843.682745
843.857368
843.988724
844.076481
844.120415
844.120415
844.076481
843.988724
843.857368
843.682745
843.465299
843.205582
842.904253
842.562078
842.179926
842.158398
842.540002
842.881687
843.182584
843.441930
843.659064
843.833437
843.964605
844.052236
844.096107
844.096107
844.052236
843.964605
843.833437
843.659064
843.441930
843.182584
842.881687
842.540002
842.158398
842.136901
842.517958
842.859154
843.159620
843.418594
843.635417
843.809540
843.940520
844.028025
844.071834
844.071834
844.028025
843.940520
843.809540
843.635417
843.418594
843.159620
842.859154
842.517958
842.136901
842.115434
842.495946
842.836653
843.136688
843.395291
843.611804
843.785678
843.916470
844.003850
844.047595
844.047595
844.003850
843.916470
843.785678
843.611804
843.395291
843.136688
842.836653
842.495946
842.115434
842.093999
842.473965
842.814184
843.113790
843.372022
843.588225
843.761849
843.892455
843.979709
844.023392
844.023392
843.979709
843.892455
843.761849
843.588225
843.372022
843.113790
842.814184
842.473965
842.093999
842.072594
842.452016
842.791747
843.090924
843.348787
843.564680
843.738055
843.868474
843.955603
843.999223
843.999223
843.955603
843.868474
843.738055
843.564680
843.348787
843.090924
842.791747
842.452016
842.072594
842.051219
842.430098
842.769343
843.068091
843.325584
843.541168
843.714296
843.844527
843.931532
843.975090
843.975090
843.931532
843.844527
843.714296
843.541168
843.325584
843.068091
842.769343
842.430098
842.051219
842.029876
842.408212
842.746970
843.045291
843.302415
843.517691
843.690570
843.820615
843.907495
843.950990
843.950990
843.907495
843.820615
843.690570
843.517691
843.302415
843.045291
842.746970
842.408212
842.029876
842.008562
842.386357
842.724630
843.022524
843.279280
843.494247
843.666878
843.796737
843.883493
843.926926
843.926926
843.883493
843.796737
843.666878
843.494247
843.279280
843.022524
842.724630
842.386357
842.008562
841.987280
842.364533
842.702322
842.999789
843.256177
843.470836
843.643221
843.772893
843.859525
843.902896
843.902896
843.859525
843.772893
843.643221
843.470836
843.256177
842.999789
842.702322
842.364533
841.987280
841.966028
842.342741
842.680046
842.977087
843.233108
843.447459
843.619597
843.749084
843.835592
843.878900
843.878900
843.835592
843.749084
843.619597
843.447459
843.233108
842.977087
842.680046
842.342741
841.966028
841.944806
842.320980
842.657802
842.954417
843.210072
843.424116
843.596007
843.725309
843.811693
843.854939
843.854939
843.811693
843.725309
843.596007
843.424116
843.210072
842.954417
842.657802
842.320980
841.944806
841.923615
842.299250
842.635590
842.931780
843.187069
843.400807
843.572452
843.701568
843.787828
843.831013
843.831013
843.787828
843.701568
843.572452
843.400807
843.187069
842.931780
842.635590
842.299250
841.923615
841.902454
842.277551
842.613409
842.909176
843.164098
843.377530
843.548930
843.677861
843.763998
843.807120
843.807120
843.763998
843.677861
843.548930
843.377530
843.164098
842.909176
842.613409
842.277551
841.902454
841.881324
842.255883
842.591261
842.886603
843.141161
843.354288
843.525441
843.654188
843.740201
843.783263
843.783263
843.740201
843.654188
843.525441
843.354288
843.141161
842.886603
842.591261
842.255883
841.881324
841.860223
842.234247
842.569144
842.864064
843.118257
843.331078
843.501987
843.630549
843.716439
843.759439
843.759439
843.716439
843.630549
843.501987
843.331078
843.118257
842.864064
842.569144
842.234247
841.860223
841.839153
842.212641
842.547059
842.841556
843.095386
843.307902
843.478566
843.606944
843.692711
843.735649
843.735649
843.692711
843.606944
843.478566
843.307902
843.095386
842.841556
842.547059
842.212641
841.839153
841.818114
842.191066
842.525005
842.819081
843.072547
843.284759
843.455179
843.583373
843.669018
843.711894
843.711894
843.669018
843.583373
843.455179
843.284759
843.072547
842.819081
842.525005
842.191066
841.818114
841.797104
842.169523
842.502983
842.796638
843.049741
843.261650
843.431825
843.559836
843.645358
843.688173
843.688173
843.645358
843.559836
843.431825
843.261650
843.049741
842.796638
842.502983
842.169523
841.797104
841.776124
842.148010
842.480993
842.774228
843.026968
843.238573
843.408505
843.536333
843.621732
843.664486
843.664486
843.621732
843.536333
843.408505
843.238573
843.026968
842.774228
842.480993
842.148010
841.776124
841.755175
842.126528
842.459035
842.751849
843.004228
843.215530
843.385219
843.512863
843.598140
843.640833
843.640833
843.598140
843.512863
843.385219
843.215530
843.004228
842.751849
842.459035
842.126528
841.755175
841.734255
842.105077
842.437107
842.729503
842.981520
843.192520
843.361965
843.489427
843.574582
843.617214
843.617214
843.574582
843.489427
843.361965
843.192520
842.981520
842.729503
842.437107
842.105077
841.734255
841.713366
842.083656
842.415212
842.707188
842.958845
843.169542
843.338746
843.466025
843.551058
843.593628
843.593628
843.551058
843.466025
843.338746
843.169542
842.958845
842.707188
842.415212
842.083656
841.713366
841.692506
842.062267
842.393347
842.684906
842.936202
843.146598
843.315559
843.442656
843.527568
843.570077
843.570077
843.527568
843.442656
843.315559
843.146598
842.936202
842.684906
842.393347
842.062267
841.692506
841.671677
842.040908
842.371514
842.662656
842.913592
843.123687
843.292406
843.419321
843.504111
843.546559
843.546559
843.504111
843.419321
843.292406
843.123687
842.913592
842.662656
842.371514
842.040908
841.671677
841.650877
842.019579
842.349712
842.640437
842.891014
843.100808
843.269286
843.396020
843.480688
843.523076
843.523076
843.480688
843.396020
843.269286
843.100808
842.891014
842.640437
842.349712
842.019579
841.650877
841.630107
841.998281
842.327942
842.618250
842.868469
843.077963
843.246199
843.372751
843.457298
843.499626
843.499626
843.457298
843.372751
843.246199
843.077963
842.868469
842.618250
842.327942
841.998281
841.630107
841.609366
841.977014
842.306203
842.596096
842.845956
843.055150
843.223145
843.349517
843.433943
843.476209
843.476209
843.433943
843.349517
843.223145
843.055150
842.845956
842.596096
842.306203
841.977014
841.609366
841.588656
841.955777
842.284495
842.573973
842.823476
843.032370
843.200125
843.326315
843.410620
843.452826
843.452826
843.410620
843.326315
843.200125
843.032370
842.823476
842.573973
842.284495
841.955777
841.588656
841.567975
841.934571
842.262818
842.551881
842.801027
843.009622
843.177137
843.303147
843.387331
843.429477
843.429477
843.387331
843.303147
843.177137
843.009622
842.801027
842.551881
842.262818
841.934571
841.567975
841.547323
841.913395
842.241172
842.529822
842.778611
842.986908
843.154183
843.280012
843.364076
843.406161
843.406161
843.364076
843.280012
843.154183
842.986908
842.778611
842.529822
842.241172
841.913395
841.547323
841.526702
841.892249
842.219557
842.507794
842.756227
842.964225
843.131261
843.256910
843.340854
843.382879
843.382879
843.340854
843.256910
843.131261
842.964225
842.756227
842.507794
842.219557
841.892249
841.526702
841.506109
841.871134
842.197973
842.485797
842.733875
842.941576
843.108373
843.233842
843.317665
843.359630
843.359630
843.317665
843.233842
843.108373
842.941576
842.733875
842.485797
842.197973
841.871134
841.506109
841.485547
841.850048
842.176420
842.463832
842.711555
842.918959
843.085517
843.210806
843.294510
843.336415
843.336415
843.294510
843.210806
843.085517
842.918959
842.711555
842.463832
842.176420
841.850048
841.485547
841.465013
841.828993
842.154898
842.441899
842.689267
842.896374
843.062694
843.187804
843.271388
843.313233
843.313233
843.271388
843.187804
843.062694
842.896374
842.689267
842.441899
842.154898
841.828993
841.465013
841.444510
841.807969
842.133407
842.419997
842.667011
842.873822
843.039903
843.164835
843.248299
843.290084
843.290084
843.248299
843.164835
843.039903
842.873822
842.667011
842.419997
842.133407
841.807969
841.444510
841.424035
841.786974
842.111947
842.398127
842.644787
842.851302
843.017146
843.141898
843.225243
843.266968
843.266968
843.225243
843.141898
843.017146
842.851302
842.644787
842.398127
842.111947
841.786974
841.424035
841.403590
841.766009
842.090517
842.376288
842.622595
842.828814
842.994421
843.118995
843.202220
843.243886
843.243886
843.202220
843.118995
842.994421
842.828814
842.622595
842.376288
842.090517
841.766009
841.403590
841.383174
841.745075
842.069118
842.354480
842.600435
842.806359
842.971728
843.096124
843.179231
843.220837
843.220837
843.179231
843.096124
842.971728
842.806359
842.600435
842.354480
842.069118
841.745075
841.383174
841.362787
841.724170
842.047750
842.332703
842.578306
842.783935
842.949068
843.073286
843.156274
843.197820
843.197820
843.156274
843.073286
842.949068
842.783935
842.578306
842.332703
842.047750
841.724170
841.362787
841.342430
841.703296
842.026412
842.310958
842.556209
842.761544
842.926441
843.050481
843.133350
843.174837
843.174837
843.133350
843.050481
842.926441
842.761544
842.556209
842.310958
842.026412
841.703296
841.342430
841.322101
841.682451
842.005105
842.289244
842.534144
842.739185
842.903846
843.027709
843.110459
843.151887
843.151887
843.110459
843.027709
842.903846
842.739185
842.534144
842.289244
842.005105
841.682451
841.322101
841.301802
841.661636
841.983829
842.267560
842.512111
842.716859
842.881284
843.004969
843.087601
843.128969
843.128969
843.087601
843.004969
842.881284
842.716859
842.512111
842.267560
841.983829
841.661636
841.301802
841.281532
841.640851
841.962583
842.245909
842.490109
842.694564
842.858754
842.982262
843.064776
843.106085
843.106085
843.064776
842.982262
842.858754
842.694564
842.490109
842.245909
841.962583
841.640851
841.281532
841.261291
841.620096
841.941367
842.224288
842.468139
842.672301
842.836256
842.959588
843.041983
843.083233
843.083233
843.041983
842.959588
842.836256
842.672301
842.468139
842.224288
841.941367
841.620096
841.261291
841.241079
841.599370
841.920182
842.202698
842.446200
842.650070
842.813791
842.936946
843.019224
843.060415
843.060415
843.019224
842.936946
842.813791
842.650070
842.446200
842.202698
841.920182
841.599370
841.241079
841.220895
841.578675
841.899027
842.181139
842.424292
842.627871
842.791357
842.914337
842.996496
843.037629
843.037629
842.996496
842.914337
842.791357
842.627871
842.424292
842.181139
841.899027
841.578675
841.220895
841.200741
841.558008
841.877903
842.159611
842.402416
842.605704
842.768956
842.891759
842.973802
843.014875
843.014875
842.973802
842.891759
842.768956
842.605704
842.402416
842.159611
841.877903
841.558008
841.200741
841.180616
841.537372
841.856808
842.138113
842.380572
842.583568
842.746587
842.869215
842.951140
842.992154
842.992154
842.951140
842.869215
842.746587
842.583568
842.380572
842.138113
841.856808
841.537372
841.180616
841.160519
841.516765
841.835744
842.116647
842.358759
842.561465
842.724250
842.846703
842.928510
842.969466
842.969466
842.928510
842.846703
842.724250
842.561465
842.358759
842.116647
841.835744
841.516765
841.160519
841.140451
841.496187
841.814710
842.095211
842.336977
842.539393
842.701946
842.824223
842.905913
842.946811
842.946811
842.905913
842.824223
842.701946
842.539393
842.336977
842.095211
841.814710
841.496187
841.140451
841.120412
841.475639
841.793707
842.073806
842.315226
842.517352
842.679673
842.801775
842.883349
842.924188
842.924188
842.883349
842.801775
842.679673
842.517352
842.315226
842.073806
841.793707
841.475639
841.120412
841.100401
841.455121
841.772733
842.052432
842.293506
842.495344
842.657432
842.779359
842.860816
842.901597
842.901597
842.860816
842.779359
842.657432
842.495344
842.293506
842.052432
841.772733
841.455121
841.100401
841.080419
841.434631
841.751790
842.031088
842.271818
842.473366
842.635223
842.756976
842.838317
842.879039
842.879039
842.838317
842.756976
842.635223
842.473366
842.271818
842.031088
841.751790
841.434631
841.080419
841.060466
841.414171
841.730876
842.009775
842.250160
842.451421
842.613046
842.734625
842.815849
842.856513
842.856513
842.815849
842.734625
842.613046
842.451421
842.250160
842.009775
841.730876
841.414171
841.060466
841.040541
841.393741
841.709992
841.988493
842.228534
842.429507
842.590900
842.712305
842.793413
842.834019
842.834019
842.793413
842.712305
842.590900
842.429507
842.228534
841.988493
841.709992
841.393741
841.040541
841.020645
841.373339
841.689139
841.967241
842.206939
842.407624
842.568787
842.690018
842.771010
842.811558
842.811558
842.771010
842.690018
842.568787
842.407624
842.206939
841.967241
841.689139
841.373339
841.020645
841.000778
841.352967
841.668315
841.946019
842.185374
842.385772
842.546705
842.667763
842.748639
842.789129
842.789129
842.748639
842.667763
842.546705
842.385772
842.185374
841.946019
841.668315
841.352967
841.000778
840.980938
841.332624
841.647521
841.924828
842.163841
842.363952
842.524655
842.645539
842.726300
842.766732
842.766732
842.726300
842.645539
842.524655
842.363952
842.163841
841.924828
841.647521
841.332624
840.980938
840.961127
841.312310
841.626757
841.903667
842.142338
842.342164
842.502636
842.623348
842.703993
842.744367
842.744367
842.703993
842.623348
842.502636
842.342164
842.142338
841.903667
841.626757
841.312310
840.961127
840.941345
841.292026
841.606022
841.882537
842.120866
842.320406
842.480649
842.601188
842.681718
842.722034
842.722034
842.681718
842.601188
842.480649
842.320406
842.120866
841.882537
841.606022
841.292026
840.941345
840.921591
841.271770
841.585317
841.861436
842.099425
842.298680
842.458693
842.579060
842.659475
842.699733
842.699733
842.659475
842.579060
842.458693
842.298680
842.099425
841.861436
841.585317
841.271770
840.921591
840.901865
841.251543
841.564642
841.840367
842.078015
842.276984
842.436769
842.556964
842.637264
842.677465
842.677465
842.637264
842.556964
842.436769
842.276984
842.078015
841.840367
841.564642
841.251543
840.901865
840.882167
841.231345
841.543997
841.819327
842.056635
842.255320
842.414877
842.534900
842.615084
842.655228
842.655228
842.615084
842.534900
842.414877
842.255320
842.056635
841.819327
841.543997
841.231345
840.882167
840.862497
841.211176
841.523381
841.798317
842.035286
842.233687
842.393015
842.512867
842.592937
842.633023
842.633023
842.592937
842.512867
842.393015
842.233687
842.035286
841.798317
841.523381
841.211176
840.862497
840.842856
841.191037
841.502794
841.777337
842.013968
842.212085
842.371185
842.490865
842.570821
842.610850
842.610850
842.570821
842.490865
842.371185
842.212085
842.013968
841.777337
841.502794
841.191037
840.842856
840.823243
841.170925
841.482238
841.756388
841.992680
842.190514
842.349387
842.468896
842.548737
842.588709
842.588709
842.548737
842.468896
842.349387
842.190514
841.992680
841.756388
841.482238
841.170925
840.823243
840.803657
841.150843
841.461710
841.735469
841.971423
842.168974
842.327619
842.446957
842.526685
842.566599
842.566599
842.526685
842.446957
842.327619
842.168974
841.971423
841.735469
841.461710
841.150843
840.803657
840.784100
841.130789
841.441212
841.714579
841.950196
842.147464
842.305883
842.425051
842.504664
842.544521
842.544521
842.504664
842.425051
842.305883
842.147464
841.950196
841.714579
841.441212
841.130789
840.784100
840.764571
841.110764
841.420743
841.693719
841.928999
842.125986
842.284178
842.403175
842.482675
842.522475
842.522475
842.482675
842.403175
842.284178
842.125986
841.928999
841.693719
841.420743
841.110764
840.764571
840.745070
841.090768
841.400304
841.672890
841.907833
842.104538
842.262504
842.381331
842.460717
842.500460
842.500460
842.460717
842.381331
842.262504
842.104538
841.907833
841.672890
841.400304
841.090768
840.745070
840.725596
841.070801
841.379894
841.652090
841.886698
842.083121
842.240861
842.359518
842.438791
842.478477
842.478477
842.438791
842.359518
842.240861
842.083121
841.886698
841.652090
841.379894
841.070801
840.725596
840.706151
841.050861
841.359513
841.631320
841.865592
842.061735
842.219250
842.337737
842.416896
842.456526
842.456526
842.416896
842.337737
842.219250
842.061735
841.865592
841.631320
841.359513
841.050861
840.706151
840.686733
841.030951
841.339161
841.610579
841.844517
842.040379
842.197669
842.315987
842.395033
842.434606
842.434606
842.395033
842.315987
842.197669
842.040379
841.844517
841.610579
841.339161
841.030951
840.686733
840.667343
841.011069
841.318838
841.589869
841.823472
842.019054
842.176119
842.294268
842.373201
842.412717
842.412717
842.373201
842.294268
842.176119
842.019054
841.823472
841.589869
841.318838
841.011069
840.667343
840.647981
840.991215
841.298545
841.569188
841.802457
841.997759
842.154600
842.272580
842.351400
842.390860
842.390860
842.351400
842.272580
842.154600
841.997759
841.802457
841.569188
841.298545
840.991215
840.647981
840.628646
840.971390
841.278280
841.548536
841.781472
841.976495
842.133112
842.250923
842.329630
842.369034
842.369034
842.329630
842.250923
842.133112
841.976495
841.781472
841.548536
841.278280
840.971390
840.628646
840.609340
840.951593
841.258045
841.527914
841.760517
841.955262
842.111654
842.229297
842.307892
842.347239
842.347239
842.307892
842.229297
842.111654
841.955262
841.760517
841.527914
841.258045
840.951593
840.609340
840.590060
840.931825
841.237838
841.507322
841.739592
841.934059
842.090228
842.207702
842.286185
842.325476
842.325476
842.286185
842.207702
842.090228
841.934059
841.739592
841.507322
841.237838
840.931825
840.590060
840.570809
840.912085
841.217661
841.486759
841.718698
841.912886
842.068832
842.186138
842.264509
842.303744
842.303744
842.264509
842.186138
842.068832
841.912886
841.718698
841.486759
841.217661
840.912085
840.570809
840.551585
840.892373
841.197512
841.466226
841.697833
841.891744
842.047466
842.164605
842.242864
842.282043
842.282043
842.242864
842.164605
842.047466
841.891744
841.697833
841.466226
841.197512
840.892373
840.551585
840.532388
840.872689
841.177392
841.445722
841.676998
841.870631
842.026132
842.143103
842.221250
842.260373
842.260373
842.221250
842.143103
842.026132
841.870631
841.676998
841.445722
841.177392
840.872689
840.532388
840.513219
840.853033
841.157301
841.425248
841.656193
841.849550
842.004827
842.121632
842.199667
842.238734
842.238734
842.199667
842.121632
842.004827
841.849550
841.656193
841.425248
841.157301
840.853033
840.513219
840.494077
840.833406
841.137239
841.404802
841.635417
841.828498
841.983554
842.100191
842.178115
842.217126
842.217126
842.178115
842.100191
841.983554
841.828498
841.635417
841.404802
841.137239
840.833406
840.494077
840.474963
840.813807
841.117205
841.384386
841.614672
841.807476
841.962311
842.078782
842.156593
842.195549
842.195549
842.156593
842.078782
841.962311
841.807476
841.614672
841.384386
841.117205
840.813807
840.474963
840.455876
840.794235
841.097200
841.363999
841.593956
841.786485
841.941098
842.057402
842.135103
842.174003
842.174003
842.135103
842.057402
841.941098
841.786485
841.593956
841.363999
841.097200
840.794235
840.455876
840.436816
840.774692
841.077224
841.343642
841.573270
841.765524
841.919916
842.036054
842.113644
842.152488
842.152488
842.113644
842.036054
841.919916
841.765524
841.573270
841.343642
841.077224
840.774692
840.436816
840.417783
840.755177
841.057276
841.323313
841.552613
841.744592
841.898764
842.014736
842.092215
842.131003
842.131003
842.092215
842.014736
841.898764
841.744592
841.552613
841.323313
841.057276
840.755177
840.417783
840.398778
840.735689
841.037357
841.303014
841.531986
841.723691
841.877642
841.993449
842.070817
842.109550
842.109550
842.070817
841.993449
841.877642
841.723691
841.531986
841.303014
841.037357
840.735689
840.398778
840.379800
840.716230
841.017466
841.282744
841.511389
841.702819
841.856551
841.972192
842.049449
842.088127
842.088127
842.049449
841.972192
841.856551
841.702819
841.511389
841.282744
841.017466
840.716230
840.379800
840.360849
840.696798
840.997604
841.262503
841.490821
841.681978
841.835489
841.950965
842.028112
842.066735
842.066735
842.028112
841.950965
841.835489
841.681978
841.490821
841.262503
840.997604
840.696798
840.360849
840.341925
840.677394
840.977770
841.242290
841.470282
841.661166
841.814458
841.929769
842.006806
842.045373
842.045373
842.006806
841.929769
841.814458
841.661166
841.470282
841.242290
840.977770
840.677394
840.341925
840.323028
840.658018
840.957965
841.222107
841.449773
841.640384
841.793458
841.908604
841.985530
842.024043
842.024043
841.985530
841.908604
841.793458
841.640384
841.449773
841.222107
840.957965
840.658018
840.323028
840.304158
840.638669
840.938188
841.201952
841.429293
841.619632
841.772487
841.887468
841.964285
842.002742
842.002742
841.964285
841.887468
841.772487
841.619632
841.429293
841.201952
840.938188
840.638669
840.304158
840.285316
840.619349
840.918439
841.181827
841.408843
841.598910
841.751546
841.866363
841.943070
841.981473
841.981473
841.943070
841.866363
841.751546
841.598910
841.408843
841.181827
840.918439
840.619349
840.285316
840.266500
840.600055
840.898719
841.161730
841.388422
841.578217
841.730635
841.845288
841.921886
841.960233
841.960233
841.921886
841.845288
841.730635
841.578217
841.388422
841.161730
840.898719
840.600055
840.266500
840.247711
840.580790
840.879026
841.141662
841.368030
841.557554
841.709754
841.824244
841.900732
841.939024
841.939024
841.900732
841.824244
841.709754
841.557554
841.368030
841.141662
840.879026
840.580790
840.247711
840.228949
840.561552
840.859362
841.121623
841.347667
841.536921
841.688903
841.803229
841.879608
841.917846
841.917846
841.879608
841.803229
841.688903
841.536921
841.347667
841.121623
840.859362
840.561552
840.228949
840.210213
840.542341
840.839726
841.101612
841.327333
841.516317
841.668082
841.782245
841.858514
841.896698
841.896698
841.858514
841.782245
841.668082
841.516317
841.327333
841.101612
840.839726
840.542341
840.210213
840.191505
840.523158
840.820118
841.081630
841.307029
841.495742
841.647291
841.761290
841.837451
841.875580
841.875580
841.837451
841.761290
841.647291
841.495742
841.307029
841.081630
840.820118
840.523158
840.191505
840.172823
840.504003
840.800539
841.061677
841.286753
841.475197
841.626529
841.740366
841.816418
841.854492
841.854492
841.816418
841.740366
841.626529
841.475197
841.286753
841.061677
840.800539
840.504003
840.172823
840.154168
840.484875
840.780987
841.041752
841.266507
841.454682
841.605798
841.719472
841.795415
841.833435
841.833435
841.795415
841.719472
841.605798
841.454682
841.266507
841.041752
840.780987
840.484875
840.154168
840.135540
840.465774
840.761463
841.021855
841.246290
841.434195
841.585096
841.698607
841.774442
841.812408
841.812408
841.774442
841.698607
841.585096
841.434195
841.246290
841.021855
840.761463
840.465774
840.135540
840.116938
840.446700
840.741967
841.001988
841.226101
841.413738
841.564423
841.677773
841.753499
841.791410
841.791410
841.753499
841.677773
841.564423
841.413738
841.226101
841.001988
840.741967
840.446700
840.116938
840.098363
840.427654
840.722499
840.982148
841.205942
841.393311
841.543780
841.656968
841.732586
841.770443
841.770443
841.732586
841.656968
841.543780
841.393311
841.205942
840.982148
840.722499
840.427654
840.098363
840.079814
840.408635
840.703059
840.962337
841.185811
841.372913
841.523167
841.636193
841.711703
841.749506
841.749506
841.711703
841.636193
841.523167
841.372913
841.185811
840.962337
840.703059
840.408635
840.079814
840.061292
840.389643
840.683646
840.942554
841.165709
841.352543
841.502583
841.615448
841.690850
841.728599
841.728599
841.690850
841.615448
841.502583
841.352543
841.165709
840.942554
840.683646
840.389643
840.061292
840.042796
840.370679
840.664262
840.922800
841.145636
841.332203
841.482029
841.594732
841.670027
841.707722
841.707722
841.670027
841.594732
841.482029
841.332203
841.145636
840.922800
840.664262
840.370679
840.042796
840.024327
840.351741
840.644905
840.903074
841.125591
841.311892
841.461504
841.574046
841.649234
841.686875
841.686875
841.649234
841.574046
841.461504
841.311892
841.125591
840.903074
840.644905
840.351741
840.024327
840.005884
840.332831
840.625576
840.883376
841.105576
841.291611
841.441009
841.553390
841.628470
841.666058
841.666058
841.628470
841.553390
841.441009
841.291611
841.105576
840.883376
840.625576
840.332831
840.005884
839.987468
840.313947
840.606274
840.863706
841.085589
841.271358
841.420542
841.532763
841.607736
841.645270
841.645270
841.607736
841.532763
841.420542
841.271358
841.085589
840.863706
840.606274
840.313947
839.987468
839.969078
840.295091
840.587000
840.844065
841.065630
841.251134
841.400106
841.512166
841.587032
841.624512
841.624512
841.587032
841.512166
841.400106
841.251134
841.065630
840.844065
840.587000
840.295091
839.969078
839.950714
840.276261
840.567754
840.824451
841.045700
841.230939
841.379698
841.491599
841.566357
841.603784
841.603784
841.566357
841.491599
841.379698
841.230939
841.045700
840.824451
840.567754
840.276261
839.950714
839.932376
840.257459
840.548535
840.804866
841.025799
841.210773
841.359320
841.471060
841.545712
841.583086
841.583086
841.545712
841.471060
841.359320
841.210773
841.025799
840.804866
840.548535
840.257459
839.932376
839.914065
840.238683
840.529344
840.785308
841.005926
841.190636
841.338970
841.450552
841.525097
841.562417
841.562417
841.525097
841.450552
841.338970
841.190636
841.005926
840.785308
840.529344
840.238683
839.914065
839.895779
840.219934
840.510180
840.765779
840.986081
841.170528
841.318650
841.430072
841.504511
841.541778
841.541778
841.504511
841.430072
841.318650
841.170528
840.986081
840.765779
840.510180
840.219934
839.895779
839.877520
840.201212
840.491043
840.746277
840.966265
841.150448
841.298359
841.409622
841.483955
841.521168
841.521168
841.483955
841.409622
841.298359
841.150448
840.966265
840.746277
840.491043
840.201212
839.877520
839.859287
840.182517
840.471934
840.726804
840.946477
841.130398
841.278097
841.389201
841.463428
841.500588
841.500588
841.463428
841.389201
841.278097
841.130398
840.946477
840.726804
840.471934
840.182517
839.859287
839.841080
840.163848
840.452852
840.707358
840.926718
841.110376
841.257864
841.368810
841.442930
841.480037
841.480037
841.442930
841.368810
841.257864
841.110376
840.926718
840.707358
840.452852
840.163848
839.841080
839.822899
840.145206
840.433798
840.687940
840.906987
841.090382
841.237660
841.348447
841.422462
841.459516
841.459516
841.422462
841.348447
841.237660
841.090382
840.906987
840.687940
840.433798
840.145206
839.822899
839.804744
840.126591
840.414771
840.668550
840.887284
841.070417
841.217485
841.328114
841.402023
841.439024
841.439024
841.402023
841.328114
841.217485
841.070417
840.887284
840.668550
840.414771
840.126591
839.804744
839.786615
840.108003
840.395770
840.649187
840.867609
841.050481
841.197339
841.307810
841.381613
841.418562
841.418562
841.381613
841.307810
841.197339
841.050481
840.867609
840.649187
840.395770
840.108003
839.786615
839.768512
840.089441
840.376798
840.629853
840.847963
841.030574
841.177222
841.287535
841.361233
841.398128
841.398128
841.361233
841.287535
841.177222
841.030574
840.847963
840.629853
840.376798
840.089441
839.768512
839.750435
840.070905
840.357852
840.610545
840.828344
841.010694
841.157133
841.267289
841.340881
841.377725
841.377725
841.340881
841.267289
841.157133
841.010694
840.828344
840.610545
840.357852
840.070905
839.750435
839.732383
840.052396
840.338933
840.591266
840.808754
840.990844
841.137073
841.247072
841.320559
841.357350
841.357350
841.320559
841.247072
841.137073
840.990844
840.808754
840.591266
840.338933
840.052396
839.732383
839.714358
840.033913
840.320041
840.572014
840.789191
840.971021
841.117042
841.226883
841.300266
841.337004
841.337004
841.300266
841.226883
841.117042
840.971021
840.789191
840.572014
840.320041
840.033913
839.714358
839.696358
840.015457
840.301177
840.552790
840.769657
840.951227
841.097040
841.206724
841.280002
841.316688
841.316688
841.280002
841.206724
841.097040
840.951227
840.769657
840.552790
840.301177
840.015457
839.696358
839.678383
839.997028
840.282339
840.533593
840.750150
840.931461
841.077066
841.186594
841.259767
841.296400
841.296400
841.259767
841.186594
841.077066
840.931461
840.750150
840.533593
840.282339
839.997028
839.678383
839.660435
839.978624
840.263528
840.514423
840.730672
840.911724
841.057120
841.166492
841.239561
841.276142
841.276142
841.239561
841.166492
841.057120
840.911724
840.730672
840.514423
840.263528
839.978624
839.660435
839.642512
839.960247
840.244744
840.495281
840.711221
840.892015
841.037204
841.146419
841.219384
841.255912
841.255912
841.219384
841.146419
841.037204
840.892015
840.711221
840.495281
840.244744
839.960247
839.642512
839.624615
839.941896
840.225987
840.476167
840.691798
840.872334
841.017315
841.126375
841.199235
841.235712
841.235712
841.199235
841.126375
841.017315
840.872334
840.691798
840.476167
840.225987
839.941896
839.624615
839.606743
839.923571
840.207257
840.457079
840.672403
840.852681
840.997456
841.106360
841.179116
841.215540
841.215540
841.179116
841.106360
840.997456
840.852681
840.672403
840.457079
840.207257
839.923571
839.606743
839.588897
839.905273
840.188554
840.438019
840.653036
840.833056
840.977624
841.086373
841.159025
841.195398
841.195398
841.159025
841.086373
840.977624
840.833056
840.653036
840.438019
840.188554
839.905273
839.588897
839.571076
839.887001
840.169877
840.418987
840.633696
840.813460
840.957821
841.066414
841.138963
841.175284
841.175284
841.138963
841.066414
840.957821
840.813460
840.633696
840.418987
840.169877
839.887001
839.571076
839.553281
839.868754
840.151227
840.399981
840.614384
840.793891
840.938047
841.046485
841.118930
841.155199
841.155199
841.118930
841.046485
840.938047
840.793891
840.614384
840.399981
840.151227
839.868754
839.553281
839.535511
839.850534
840.132604
840.381003
840.595099
840.774350
840.918300
841.026584
841.098926
841.135143
841.135143
841.098926
841.026584
840.918300
840.774350
840.595099
840.381003
840.132604
839.850534
839.535511
839.517766
839.832340
840.114007
840.362051
840.575843
840.754838
840.898582
841.006711
841.078950
841.115115
841.115115
841.078950
841.006711
840.898582
840.754838
840.575843
840.362051
840.114007
839.832340
839.517766
839.500047
839.814172
840.095437
840.343127
840.556613
840.735353
840.878892
840.986867
841.059002
841.095116
841.095116
841.059002
840.986867
840.878892
840.735353
840.556613
840.343127
840.095437
839.814172
839.500047
839.482353
839.796030
840.076893
840.324230
840.537411
840.715896
840.859230
840.967051
841.039083
841.075146
841.075146
841.039083
840.967051
840.859230
840.715896
840.537411
840.324230
840.076893
839.796030
839.482353
839.464685
839.777914
840.058376
840.305360
840.518237
840.696467
840.839597
840.947263
841.019193
841.055204
841.055204
841.019193
840.947263
840.839597
840.696467
840.518237
840.305360
840.058376
839.777914
839.464685
839.447041
839.759823
840.039886
840.286517
840.499090
840.677066
840.819991
840.927504
840.999331
841.035291
841.035291
840.999331
840.927504
840.819991
840.677066
840.499090
840.286517
840.039886
839.759823
839.447041
839.429423
839.741759
840.021421
840.267701
840.479971
840.657692
840.800414
840.907773
840.979498
841.015406
841.015406
840.979498
840.907773
840.800414
840.657692
840.479971
840.267701
840.021421
839.741759
839.429423
839.411830
839.723720
840.002984
840.248911
840.460878
840.638346
840.780864
840.888070
840.959693
840.995549
840.995549
840.959693
840.888070
840.780864
840.638346
840.460878
840.248911
840.002984
839.723720
839.411830
839.394262
839.705707
839.984572
840.230149
840.441813
840.619028
840.761343
840.868396
840.939916
840.975722
840.975722
840.939916
840.868396
840.761343
840.619028
840.441813
840.230149
839.984572
839.705707
839.394262
839.376720
839.687720
839.966187
840.211413
840.422776
840.599738
840.741849
840.848749
840.920168
840.955922
840.955922
840.920168
840.848749
840.741849
840.599738
840.422776
840.211413
839.966187
839.687720
839.376720
839.359202
839.669758
839.947828
840.192704
840.403765
840.580475
840.722383
840.829131
840.900447
840.936151
840.936151
840.900447
840.829131
840.722383
840.580475
840.403765
840.192704
839.947828
839.669758
839.359202
839.341709
839.651822
839.929495
840.174022
840.384782
840.561239
840.702945
840.809541
840.880755
840.916408
840.916408
840.880755
840.809541
840.702945
840.561239
840.384782
840.174022
839.929495
839.651822
839.341709
839.324242
839.633912
839.911189
840.155367
840.365826
840.542031
840.683535
840.789979
840.861092
840.896693
840.896693
840.861092
840.789979
840.683535
840.542031
840.365826
840.155367
839.911189
839.633912
839.324242
839.306799
839.616027
839.892909
840.136738
840.346897
840.522851
840.664153
840.770445
840.841456
840.877007
840.877007
840.841456
840.770445
840.664153
840.522851
840.346897
840.136738
839.892909
839.616027
839.306799
839.289381
839.598168
839.874654
840.118136
840.327995
840.503698
840.644798
840.750938
840.821848
840.857348
840.857348
840.821848
840.750938
840.644798
840.503698
840.327995
840.118136
839.874654
839.598168
839.289381
839.271988
839.580335
839.856426
840.099561
840.309120
840.484572
840.625471
840.731460
840.802269
840.837718
840.837718
840.802269
840.731460
840.625471
840.484572
840.309120
840.099561
839.856426
839.580335
839.271988
839.254620
839.562527
839.838224
840.081012
840.290272
840.465474
840.606172
840.712009
840.782717
840.818116
840.818116
840.782717
840.712009
840.606172
840.465474
840.290272
840.081012
839.838224
839.562527
839.254620
839.237276
839.544744
839.820048
840.062489
840.271451
840.446403
840.586900
840.692587
840.763193
840.798542
840.798542
840.763193
840.692587
840.586900
840.446403
840.271451
840.062489
839.820048
839.544744
839.237276
839.219958
839.526987
839.801898
840.043993
840.252657
840.427359
840.567656
840.673192
840.743698
840.778996
840.778996
840.743698
840.673192
840.567656
840.427359
840.252657
840.043993
839.801898
839.526987
839.219958
839.202664
839.509255
839.783774
840.025524
840.233890
840.408343
840.548439
840.653824
840.724230
840.759478
840.759478
840.724230
840.653824
840.548439
840.408343
840.233890
840.025524
839.783774
839.509255
839.202664
839.185394
839.491548
839.765676
840.007080
840.215149
840.389353
840.529250
840.634485
840.704790
840.739987
840.739987
840.704790
840.634485
840.529250
840.389353
840.215149
840.007080
839.765676
839.491548
839.185394
839.168150
839.473867
839.747603
839.988664
840.196436
840.370391
840.510088
840.615173
840.685378
840.720525
840.720525
840.685378
840.615173
840.510088
840.370391
840.196436
839.988664
839.747603
839.473867
839.168150
839.150930
839.456210
839.729556
839.970273
840.177749
840.351456
840.490954
840.595889
840.665993
840.701090
840.701090
840.665993
840.595889
840.490954
840.351456
840.177749
839.970273
839.729556
839.456210
839.150930
839.133734
839.438580
839.711536
839.951909
840.159088
840.332548
840.471847
840.576632
840.646637
840.681684
840.681684
840.646637
840.576632
840.471847
840.332548
840.159088
839.951909
839.711536
839.438580
839.133734
839.116564
839.420974
839.693541
839.933571
840.140455
840.313667
840.452767
840.557403
840.627308
840.662305
840.662305
840.627308
840.557403
840.452767
840.313667
840.140455
839.933571
839.693541
839.420974
839.116564
839.099417
839.403393
839.675571
839.915259
840.121848
840.294813
840.433715
840.538201
840.608006
840.642953
840.642953
840.608006
840.538201
840.433715
840.294813
840.121848
839.915259
839.675571
839.403393
839.099417
839.082295
839.385838
839.657627
839.896973
840.103268
840.275986
840.414690
840.519027
840.588733
840.623630
840.623630
840.588733
840.519027
840.414690
840.275986
840.103268
839.896973
839.657627
839.385838
839.082295
839.065198
839.368307
839.639709
839.878714
840.084714
840.257186
840.395692
840.499880
840.569486
840.604334
840.604334
840.569486
840.499880
840.395692
840.257186
840.084714
839.878714
839.639709
839.368307
839.065198
839.048125
839.350802
839.621817
839.860481
840.066187
840.238413
840.376721
840.480761
840.550268
840.585065
840.585065
840.550268
840.480761
840.376721
840.238413
840.066187
839.860481
839.621817
839.350802
839.048125
839.031076
839.333322
839.603950
839.842273
840.047686
840.219666
840.357777
840.461669
840.531076
840.565824
840.565824
840.531076
840.461669
840.357777
840.219666
840.047686
839.842273
839.603950
839.333322
839.031076
839.014052
839.315866
839.586108
839.824092
840.029212
840.200947
840.338861
840.442604
840.511913
840.546611
840.546611
840.511913
840.442604
840.338861
840.200947
840.029212
839.824092
839.586108
839.315866
839.014052
838.997052
839.298436
839.568292
839.805936
840.010764
840.182254
840.319971
840.423566
840.492776
840.527425
840.527425
840.492776
840.423566
840.319971
840.182254
840.010764
839.805936
839.568292
839.298436
838.997052
838.980076
839.281030
839.550502
839.787807
839.992342
840.163588
840.301109
840.404556
840.473667
840.508267
840.508267
840.473667
840.404556
840.301109
840.163588
839.992342
839.787807
839.550502
839.281030
838.980076
838.963125
839.263649
839.532737
839.769703
839.973947
840.144948
840.282273
840.385573
840.454585
840.489136
840.489136
840.454585
840.385573
840.282273
840.144948
839.973947
839.769703
839.532737
839.263649
838.963125
838.946197
839.246293
839.514997
839.751626
839.955578
840.126335
840.263464
840.366617
840.435531
840.470032
840.470032
840.435531
840.366617
840.263464
840.126335
839.955578
839.751626
839.514997
839.246293
838.946197
838.929294
839.228962
839.497283
839.733574
839.937235
840.107749
840.244682
840.347688
840.416504
840.450956
840.450956
840.416504
840.347688
840.244682
840.107749
839.937235
839.733574
839.497283
839.228962
838.929294
838.912415
839.211656
839.479594
839.715548
839.918919
840.089189
840.225928
840.328786
840.397504
840.431906
840.431906
840.397504
840.328786
840.225928
840.089189
839.918919
839.715548
839.479594
839.211656
838.912415
838.895560
839.194374
839.461930
839.697547
839.900628
840.070656
840.207199
840.309911
840.378531
840.412885
840.412885
840.378531
840.309911
840.207199
840.070656
839.900628
839.697547
839.461930
839.194374
838.895560
838.878729
839.177117
839.444291
839.679573
839.882364
840.052149
840.188498
840.291063
840.359585
840.393890
840.393890
840.359585
840.291063
840.188498
840.052149
839.882364
839.679573
839.444291
839.177117
838.878729
838.861922
839.159884
839.426678
839.661624
839.864126
840.033669
840.169823
840.272242
840.340667
840.374922
840.374922
840.340667
840.272242
840.169823
840.033669
839.864126
839.661624
839.426678
839.159884
838.861922
838.845139
839.142677
839.409089
839.643701
839.845914
840.015215
840.151175
840.253448
840.321775
840.355982
840.355982
840.321775
840.253448
840.151175
840.015215
839.845914
839.643701
839.409089
839.142677
838.845139
838.828380
839.125493
839.391526
839.625803
839.827728
839.996788
840.132554
840.234681
840.302910
840.337068
840.337068
840.302910
840.234681
840.132554
839.996788
839.827728
839.625803
839.391526
839.125493
838.828380
838.811645
839.108334
839.373988
839.607931
839.809568
839.978387
840.113959
840.215941
840.284073
840.318182
840.318182
840.284073
840.215941
840.113959
839.978387
839.809568
839.607931
839.373988
839.108334
838.811645
838.794934
839.091200
839.356475
839.590084
839.791433
839.960012
840.095391
840.197227
840.265262
840.299323
840.299323
840.265262
840.197227
840.095391
839.960012
839.791433
839.590084
839.356475
839.091200
838.794934
838.778246
839.074090
839.338987
839.572263
839.773325
839.941663
840.076849
840.178540
840.246478
840.280490
840.280490
840.246478
840.178540
840.076849
839.941663
839.773325
839.572263
839.338987
839.074090
838.778246
838.761583
839.057005
839.321524
839.554467
839.755243
839.923341
840.058334
840.159880
840.227721
840.261685
840.261685
840.227721
840.159880
840.058334
839.923341
839.755243
839.554467
839.321524
839.057005
838.761583
838.744943
839.039944
839.304086
839.536697
839.737186
839.905045
840.039846
840.141247
840.208991
840.242906
840.242906
840.208991
840.141247
840.039846
839.905045
839.737186
839.536697
839.304086
839.039944
838.744943
838.728327
839.022907
839.286672
839.518952
839.719156
839.886775
840.021383
840.122640
840.190288
840.224154
840.224154
840.190288
840.122640
840.021383
839.886775
839.719156
839.518952
839.286672
839.022907
838.728327
838.711735
839.005895
839.269284
839.501232
839.701151
839.868531
840.002947
840.104060
840.171611
840.205429
840.205429
840.171611
840.104060
840.002947
839.868531
839.701151
839.501232
839.269284
839.005895
838.711735
838.695166
838.988907
839.251920
839.483538
839.683171
839.850313
839.984538
840.085506
840.152961
840.186731
840.186731
840.152961
840.085506
839.984538
839.850313
839.683171
839.483538
839.251920
838.988907
838.695166
838.678621
838.971943
839.234582
839.465869
839.665218
839.832121
839.966155
840.066979
840.134338
840.168060
840.168060
840.134338
840.066979
839.966155
839.832121
839.665218
839.465869
839.234582
838.971943
838.678621
838.662099
838.955003
839.217268
839.448225
839.647290
839.813955
839.947798
840.048478
840.115741
840.149415
840.149415
840.115741
840.048478
839.947798
839.813955
839.647290
839.448225
839.217268
838.955003
838.662099
838.645601
838.938088
839.199978
839.430607
839.629387
839.795815
839.929467
840.030004
840.097171
840.130797
840.130797
840.097171
840.030004
839.929467
839.795815
839.629387
839.430607
839.199978
838.938088
838.645601
838.629127
838.921197
839.182714
839.413013
839.611510
839.777701
839.911162
840.011556
840.078627
840.112205
840.112205
840.078627
840.011556
839.911162
839.777701
839.611510
839.413013
839.182714
838.921197
838.629127
838.612676
838.904329
839.165474
839.395445
839.593659
839.759613
839.892884
839.993134
840.060110
840.093640
840.093640
840.060110
839.993134
839.892884
839.759613
839.593659
839.395445
839.165474
838.904329
838.612676
838.596249
838.887486
839.148258
839.377902
839.575833
839.741550
839.874632
839.974739
840.041619
840.075102
840.075102
840.041619
839.974739
839.874632
839.741550
839.575833
839.377902
839.148258
838.887486
838.596249
838.579845
838.870667
839.131067
839.360384
839.558033
839.723514
839.856405
839.956370
840.023155
840.056590
840.056590
840.023155
839.956370
839.856405
839.723514
839.558033
839.360384
839.131067
838.870667
838.579845
838.563464
838.853872
839.113901
839.342890
839.540258
839.705503
839.838205
839.938028
840.004717
840.038104
840.038104
840.004717
839.938028
839.838205
839.705503
839.540258
839.342890
839.113901
838.853872
838.563464
838.547107
838.837101
839.096759
839.325422
839.522509
839.687518
839.820031
839.919711
839.986305
840.019645
840.019645
839.986305
839.919711
839.820031
839.687518
839.522509
839.325422
839.096759
838.837101
838.547107
838.530773
838.820354
839.079642
839.307979
839.504784
839.669559
839.801883
839.901421
839.967920
840.001212
840.001212
839.967920
839.901421
839.801883
839.669559
839.504784
839.307979
839.079642
838.820354
838.530773
838.514463
838.803630
839.062549
839.290561
839.487086
839.651625
839.783760
839.883157
839.949561
839.982806
839.982806
839.949561
839.883157
839.783760
839.651625
839.487086
839.290561
839.062549
838.803630
838.514463
838.498175
838.786931
839.045480
839.273167
839.469412
839.633717
839.765664
839.864918
839.931228
839.964426
839.964426
839.931228
839.864918
839.765664
839.633717
839.469412
839.273167
839.045480
838.786931
838.498175
838.481911
838.770255
839.028436
839.255798
839.451764
839.615834
839.747593
839.846706
839.912922
839.946072
839.946072
839.912922
839.846706
839.747593
839.615834
839.451764
839.255798
839.028436
838.770255
838.481911
838.465670
838.753603
839.011416
839.238454
839.434140
839.597977
839.729548
839.828520
839.894642
839.927744
839.927744
839.894642
839.828520
839.729548
839.597977
839.434140
839.238454
839.011416
838.753603
838.465670
838.449453
838.736975
838.994421
839.221135
839.416542
839.580146
839.711529
839.810360
839.876387
839.909443
839.909443
839.876387
839.810360
839.711529
839.580146
839.416542
839.221135
838.994421
838.736975
838.449453
838.433258
838.720371
838.977450
839.203841
839.398970
839.562340
839.693536
839.792226
839.858159
839.891167
839.891167
839.858159
839.792226
839.693536
839.562340
839.398970
839.203841
838.977450
838.720371
838.433258
838.417086
838.703790
838.960503
839.186571
839.381422
839.544559
839.675569
839.774118
839.839957
839.872918
839.872918
839.839957
839.774118
839.675569
839.544559
839.381422
839.186571
838.960503
838.703790
838.417086
838.400938
838.687233
838.943580
839.169326
839.363899
839.526804
839.657627
839.756035
839.821781
839.854695
839.854695
839.821781
839.756035
839.657627
839.526804
839.363899
839.169326
838.943580
838.687233
838.400938
838.384812
838.670700
838.926681
839.152106
839.346401
839.509074
839.639710
839.737979
839.803630
839.836498
839.836498
839.803630
839.737979
839.639710
839.509074
839.346401
839.152106
838.926681
838.670700
838.384812
838.368710
838.654190
838.909806
839.134910
839.328928
839.491369
839.621820
839.719948
839.785506
839.818327
839.818327
839.785506
839.719948
839.621820
839.491369
839.328928
839.134910
838.909806
838.654190
838.368710
838.352631
838.637703
838.892956
839.117738
839.311481
839.473690
839.603954
839.701943
839.767408
839.800181
839.800181
839.767408
839.701943
839.603954
839.473690
839.311481
839.117738
838.892956
838.637703
838.352631
838.336574
838.621241
838.876129
839.100592
839.294058
839.456036
839.586115
839.683964
839.749335
839.782062
839.782062
839.749335
839.683964
839.586115
839.456036
839.294058
839.100592
838.876129
838.621241
838.336574
838.320540
838.604801
838.859327
839.083469
839.276660
839.438407
839.568300
839.666010
839.731288
839.763969
839.763969
839.731288
839.666010
839.568300
839.438407
839.276660
839.083469
838.859327
838.604801
838.320540
838.304529
838.588385
838.842548
839.066371
839.259286
839.420803
839.550512
839.648082
839.713267
839.745901
839.745901
839.713267
839.648082
839.550512
839.420803
839.259286
839.066371
838.842548
838.588385
838.304529
838.288542
838.571993
838.825793
839.049298
839.241938
839.403225
839.532748
839.630180
839.695272
839.727859
839.727859
839.695272
839.630180
839.532748
839.403225
839.241938
839.049298
838.825793
838.571993
838.288542
838.272576
838.555624
838.809063
839.032249
839.224614
839.385671
839.515010
839.612303
839.677302
839.709843
839.709843
839.677302
839.612303
839.515010
839.385671
839.224614
839.032249
838.809063
838.555624
838.272576
838.256634
838.539278
838.792356
839.015224
839.207315
839.368143
839.497298
839.594452
839.659358
839.691853
839.691853
839.659358
839.594452
839.497298
839.368143
839.207315
839.015224
838.792356
838.539278
838.256634
838.240714
838.522956
838.775673
838.998223
839.190041
839.350640
839.479610
839.576626
839.641440
839.673888
839.673888
839.641440
839.576626
839.479610
839.350640
839.190041
838.998223
838.775673
838.522956
838.240714
838.224817
838.506657
838.759014
838.981247
839.172792
839.333161
839.461948
839.558826
839.623547
839.655950
839.655950
839.623547
839.558826
839.461948
839.333161
839.172792
838.981247
838.759014
838.506657
838.224817
838.208943
838.490381
838.742378
838.964295
839.155567
839.315708
839.444311
839.541051
839.605680
839.638036
839.638036
839.605680
839.541051
839.444311
839.315708
839.155567
838.964295
838.742378
838.490381
838.208943
838.193091
838.474128
838.725767
838.947367
839.138366
839.298279
839.426699
839.523301
839.587839
839.620148
839.620148
839.587839
839.523301
839.426699
839.298279
839.138366
838.947367
838.725767
838.474128
838.193091
838.177262
838.457898
838.709179
838.930463
839.121190
839.280876
839.409113
839.505577
839.570022
839.602286
839.602286
839.570022
839.505577
839.409113
839.280876
839.121190
838.930463
838.709179
838.457898
838.177262
838.161455
838.441692
838.692614
838.913584
839.104039
839.263497
839.391551
839.487878
839.552232
839.584450
839.584450
839.552232
839.487878
839.391551
839.263497
839.104039
838.913584
838.692614
838.441692
838.161455
838.145671
838.425509
838.676073
838.896728
839.086912
839.246143
839.374015
839.470204
839.534466
839.566638
839.566638
839.534466
839.470204
839.374015
839.246143
839.086912
838.896728
838.676073
838.425509
838.145671
838.129910
838.409349
838.659556
838.879897
839.069810
839.228813
839.356503
839.452556
839.516726
839.548853
839.548853
839.516726
839.452556
839.356503
839.228813
839.069810
838.879897
838.659556
838.409349
838.129910
838.114171
838.393211
838.643063
838.863089
839.052732
839.211509
839.339017
839.434933
839.499012
839.531092
839.531092
839.499012
839.434933
839.339017
839.211509
839.052732
838.863089
838.643063
838.393211
838.114171
838.098454
838.377097
838.626593
838.846306
839.035678
839.194229
839.321556
839.417334
839.481322
839.513357
839.513357
839.481322
839.417334
839.321556
839.194229
839.035678
838.846306
838.626593
838.377097
838.098454
838.082760
838.361006
838.610146
838.829546
839.018649
839.176974
839.304119
839.399762
839.463658
839.495647
839.495647
839.463658
839.399762
839.304119
839.176974
839.018649
838.829546
838.610146
838.361006
838.082760
838.067088
838.344938
838.593723
838.812811
839.001644
839.159743
839.286707
839.382214
839.446019
839.477963
839.477963
839.446019
839.382214
839.286707
839.159743
839.001644
838.812811
838.593723
838.344938
838.067088
838.051438
838.328893
838.577323
838.796099
838.984663
839.142538
839.269321
839.364691
839.428406
839.460304
839.460304
839.428406
839.364691
839.269321
839.142538
838.984663
838.796099
838.577323
838.328893
838.051438
838.035811
838.312870
838.560947
838.779411
838.967707
839.125356
839.251959
839.347193
839.410817
839.442670
839.442670
839.410817
839.347193
839.251959
839.125356
838.967707
838.779411
838.560947
838.312870
838.035811
838.020206
838.296871
838.544594
838.762747
838.950774
839.108199
839.234622
839.329720
839.393254
839.425061
839.425061
839.393254
839.329720
839.234622
839.108199
838.950774
838.762747
838.544594
838.296871
838.020206
838.004624
838.280894
838.528264
838.746106
838.933866
839.091067
839.217309
839.312272
839.375715
839.407477
839.407477
839.375715
839.312272
839.217309
839.091067
838.933866
838.746106
838.528264
838.280894
838.004624
837.989063
838.264940
838.511958
838.729490
838.916982
839.073959
839.200021
839.294849
839.358202
839.389919
839.389919
839.358202
839.294849
839.200021
839.073959
838.916982
838.729490
838.511958
838.264940
837.989063
837.973525
838.249009
838.495675
838.712897
838.900122
839.056875
839.182758
839.277451
839.340714
839.372385
839.372385
839.340714
839.277451
839.182758
839.056875
838.900122
838.712897
838.495675
838.249009
837.973525
837.958008
838.233100
838.479415
838.696328
838.883286
839.039816
839.165520
839.260078
839.323250
839.354877
839.354877
839.323250
839.260078
839.165520
839.039816
838.883286
838.696328
838.479415
838.233100
837.958008
837.942514
838.217214
838.463178
838.679782
838.866474
839.022781
839.148306
839.242729
839.305812
839.337393
839.337393
839.305812
839.242729
839.148306
839.022781
838.866474
838.679782
838.463178
838.217214
837.942514
837.927042
838.201351
838.446965
838.663260
838.849687
839.005771
839.131117
839.225406
839.288398
839.319935
839.319935
839.288398
839.225406
839.131117
839.005771
838.849687
838.663260
838.446965
838.201351
837.927042
837.911592
838.185510
838.430774
838.646761
838.832923
838.988785
839.113952
839.208107
839.271009
839.302501
839.302501
839.271009
839.208107
839.113952
838.988785
838.832923
838.646761
838.430774
838.185510
837.911592
837.896164
838.169692
838.414607
838.630287
838.816183
838.971823
839.096812
839.190832
839.253646
839.285092
839.285092
839.253646
839.190832
839.096812
838.971823
838.816183
838.630287
838.414607
838.169692
837.896164
837.880758
838.153897
838.398463
838.613835
838.799466
838.954885
839.079696
839.173583
839.236306
839.267708
839.267708
839.236306
839.173583
839.079696
838.954885
838.799466
838.613835
838.398463
838.153897
837.880758
837.865374
838.138124
838.382342
838.597407
838.782774
838.937971
839.062605
839.156358
839.218992
839.250349
839.250349
839.218992
839.156358
839.062605
838.937971
838.782774
838.597407
838.382342
838.138124
837.865374
837.850012
838.122373
838.366243
838.581003
838.766106
838.921082
839.045538
839.139157
839.201702
839.233015
839.233015
839.201702
839.139157
839.045538
838.921082
838.766106
838.581003
838.366243
838.122373
837.850012
837.834672
838.106645
838.350168
838.564621
838.749461
838.904216
839.028495
839.121981
839.184437
839.215705
839.215705
839.184437
839.121981
839.028495
838.904216
838.749461
838.564621
838.350168
838.106645
837.834672
837.819354
838.090939
838.334116
838.548264
838.732840
838.887375
839.011477
839.104830
839.167197
839.198420
839.198420
839.167197
839.104830
839.011477
838.887375
838.732840
838.548264
838.334116
838.090939
837.819354
837.804057
838.075256
838.318086
838.531929
838.716243
838.870558
838.994483
839.087703
839.149981
839.181160
839.181160
839.149981
839.087703
838.994483
838.870558
838.716243
838.531929
838.318086
838.075256
837.804057
837.788783
838.059595
838.302079
838.515618
838.699669
838.853764
838.977513
839.070600
839.132790
839.163924
839.163924
839.132790
839.070600
838.977513
838.853764
838.699669
838.515618
838.302079
838.059595
837.788783
837.773530
838.043957
838.286095
838.499330
838.683119
838.836995
838.960567
839.053522
839.115623
839.146713
839.146713
839.115623
839.053522
838.960567
838.836995
838.683119
838.499330
838.286095
838.043957
837.773530
837.758298
838.028340
838.270134
838.483065
838.666593
838.820250
838.943646
839.036468
839.098481
839.129527
839.129527
839.098481
839.036468
838.943646
838.820250
838.666593
838.483065
838.270134
838.028340
837.758298
837.743089
838.012746
838.254196
838.466824
838.650090
838.803528
838.926749
839.019439
839.081363
839.112365
839.112365
839.081363
839.019439
838.926749
838.803528
838.650090
838.466824
838.254196
838.012746
837.743089
837.727901
837.997175
838.238280
838.450606
838.633611
838.786830
838.909875
839.002434
839.064270
839.095228
839.095228
839.064270
839.002434
838.909875
838.786830
838.633611
838.450606
838.238280
837.997175
837.727901
837.712735
837.981625
838.222388
838.434410
838.617155
838.770156
838.893026
838.985453
839.047201
839.078115
839.078115
839.047201
838.985453
838.893026
838.770156
838.617155
838.434410
838.222388
837.981625
837.712735
837.697590
837.966097
838.206517
838.418238
838.600723
838.753506
838.876201
838.968496
839.030157
839.061026
839.061026
839.030157
838.968496
838.876201
838.753506
838.600723
838.418238
838.206517
837.966097
837.697590
837.682467
837.950592
838.190670
838.402089
838.584314
838.736880
838.859400
838.951564
839.013137
839.043962
839.043962
839.013137
838.951564
838.859400
838.736880
838.584314
838.402089
838.190670
837.950592
837.682467
837.667365
837.935109
838.174845
838.385963
838.567928
838.720277
838.842623
838.934656
838.996141
839.026922
839.026922
838.996141
838.934656
838.842623
838.720277
838.567928
838.385963
838.174845
837.935109
837.667365
837.652285
837.919648
838.159042
838.369860
838.551566
838.703698
838.825870
838.917771
838.979169
839.009907
839.009907
838.979169
838.917771
838.825870
838.703698
838.551566
838.369860
838.159042
837.919648
837.652285
837.637227
837.904208
838.143262
838.353780
838.535227
838.687143
838.809141
838.900911
838.962221
838.992915
838.992915
838.962221
838.900911
838.809141
838.687143
838.535227
838.353780
838.143262
837.904208
837.637227
837.622190
837.888791
838.127505
838.337723
838.518912
838.670611
838.792435
838.884075
838.945298
838.975948
838.975948
838.945298
838.884075
838.792435
838.670611
838.518912
838.337723
838.127505
837.888791
837.622190
837.607174
837.873396
838.111770
838.321689
838.502620
838.654103
838.775754
838.867263
838.928399
838.959006
838.959006
838.928399
838.867263
838.775754
838.654103
838.502620
838.321689
838.111770
837.873396
837.607174
837.592180
837.858023
838.096057
838.305677
838.486351
838.637618
838.759096
838.850475
838.911524
838.942087
838.942087
838.911524
838.850475
838.759096
838.637618
838.486351
838.305677
838.096057
837.858023
837.592180
837.577207
837.842671
838.080367
838.289689
838.470105
838.621157
838.742462
838.833711
838.894673
838.925192
838.925192
838.894673
838.833711
838.742462
838.621157
838.470105
838.289689
838.080367
837.842671
837.577207
837.562255
837.827342
838.064699
838.273723
838.453882
838.604720
838.725852
838.816971
838.877846
838.908322
838.908322
838.877846
838.816971
838.725852
838.604720
838.453882
838.273723
838.064699
837.827342
837.562255
837.547325
837.812034
838.049053
838.257780
838.437683
838.588305
838.709265
838.800255
838.861043
838.891476
838.891476
838.861043
838.800255
838.709265
838.588305
838.437683
838.257780
838.049053
837.812034
837.547325
837.532416
837.796748
838.033430
838.241859
838.421506
838.571915
838.692702
838.783562
838.844264
838.874653
838.874653
838.844264
838.783562
838.692702
838.571915
838.421506
838.241859
838.033430
837.796748
837.532416
837.517528
837.781484
838.017829
838.225962
838.405353
838.555547
838.676163
838.766893
838.827509
838.857855
838.857855
838.827509
838.766893
838.676163
838.555547
838.405353
838.225962
838.017829
837.781484
837.517528
837.502661
837.766242
838.002251
838.210087
838.389223
838.539203
838.659647
838.750249
838.810778
838.841081
838.841081
838.810778
838.750249
838.659647
838.539203
838.389223
838.210087
838.002251
837.766242
837.502661
837.487816
837.751021
837.986694
838.194234
838.373115
838.522882
838.643155
838.733627
838.794070
838.824330
838.824330
838.794070
838.733627
838.643155
838.522882
838.373115
838.194234
837.986694
837.751021
837.487816
837.472992
837.735823
837.971160
838.178405
838.357031
838.506585
838.626686
838.717030
838.777387
838.807604
838.807604
838.777387
838.717030
838.626686
838.506585
838.357031
838.178405
837.971160
837.735823
837.472992
837.458188
837.720645
837.955647
838.162598
838.340970
838.490311
838.610241
838.700456
838.760727
838.790901
838.790901
838.760727
838.700456
838.610241
838.490311
838.340970
838.162598
837.955647
837.720645
837.458188
837.443406
837.705490
837.940157
838.146813
838.324931
838.474059
838.593819
838.683906
838.744091
838.774222
838.774222
838.744091
838.683906
838.593819
838.474059
838.324931
838.146813
837.940157
837.705490
837.443406
837.428645
837.690356
837.924689
838.131051
838.308915
838.457832
838.577421
838.667379
838.727479
838.757567
838.757567
838.727479
838.667379
838.577421
838.457832
838.308915
838.131051
837.924689
837.690356
837.428645
837.413905
837.675243
837.909243
838.115311
838.292923
838.441627
838.561046
838.650876
838.710891
838.740936
838.740936
838.710891
838.650876
838.561046
838.441627
838.292923
838.115311
837.909243
837.675243
837.413905
837.399186
837.660152
837.893819
838.099594
838.276953
838.425445
838.544694
838.634397
838.694326
838.724328
838.724328
838.694326
838.634397
838.544694
838.425445
838.276953
838.099594
837.893819
837.660152
837.399186
837.384488
837.645083
837.878417
838.083899
838.261005
838.409287
838.528366
838.617941
838.677784
838.707744
838.707744
838.677784
838.617941
838.528366
838.409287
838.261005
838.083899
837.878417
837.645083
837.384488
837.369811
837.630034
837.863037
838.068226
838.245081
838.393151
838.512061
838.601509
838.661267
838.691184
838.691184
838.661267
838.601509
838.512061
838.393151
838.245081
838.068226
837.863037
837.630034
837.369811
837.355155
837.615008
837.847679
838.052576
838.229179
838.377038
838.495779
838.585100
838.644773
838.674647
838.674647
838.644773
838.585100
838.495779
838.377038
838.229179
838.052576
837.847679
837.615008
837.355155
837.340519
837.600003
837.832343
838.036948
838.213300
838.360949
838.479521
838.568714
838.628302
838.658134
838.658134
838.628302
838.568714
838.479521
838.360949
838.213300
838.036948
837.832343
837.600003
837.340519
837.325905
837.585019
837.817028
838.021343
838.197443
838.344882
838.463285
838.552352
838.611855
838.641645
838.641645
838.611855
838.552352
838.463285
838.344882
838.197443
838.021343
837.817028
837.585019
837.325905
837.311311
837.570056
837.801736
838.005759
838.181609
838.328838
838.447073
838.536013
838.595431
838.625179
838.625179
838.595431
838.536013
838.447073
838.328838
838.181609
838.005759
837.801736
837.570056
837.311311
837.296738
837.555115
837.786465
837.990198
838.165798
838.312818
838.430884
838.519697
838.579031
838.608736
838.608736
838.579031
838.519697
838.430884
838.312818
838.165798
837.990198
837.786465
837.555115
837.296738
837.282185
837.540195
837.771216
837.974659
838.150009
838.296820
838.414718
838.503405
838.562654
838.592317
838.592317
838.562654
838.503405
838.414718
838.296820
838.150009
837.974659
837.771216
837.540195
837.282185
837.267654
837.525297
837.755988
837.959142
838.134243
838.280844
838.398575
838.487135
838.546301
838.575921
838.575921
838.546301
838.487135
838.398575
838.280844
838.134243
837.959142
837.755988
837.525297
837.267654
837.253143
837.510419
837.740783
837.943648
838.118499
838.264892
838.382455
838.470889
838.529971
838.559549
838.559549
838.529971
838.470889
838.382455
838.264892
838.118499
837.943648
837.740783
837.510419
837.253143
837.238653
837.495563
837.725599
837.928175
838.102777
838.248962
838.366358
838.454667
838.513664
838.543200
838.543200
838.513664
838.454667
838.366358
838.248962
838.102777
837.928175
837.725599
837.495563
837.238653
837.224183
837.480728
837.710436
837.912724
838.087078
838.233055
838.350284
838.438467
838.497380
838.526874
838.526874
838.497380
838.438467
838.350284
838.233055
838.087078
837.912724
837.710436
837.480728
837.224183
837.209734
837.465914
837.695295
837.897296
838.071402
838.217171
838.334233
838.422290
838.481120
838.510572
838.510572
838.481120
838.422290
838.334233
838.217171
838.071402
837.897296
837.695295
837.465914
837.209734
837.195306
837.451121
837.680176
837.881889
838.055747
838.201309
838.318204
838.406137
838.464883
838.494293
838.494293
838.464883
838.406137
838.318204
838.201309
838.055747
837.881889
837.680176
837.451121
837.195306
837.180898
837.436349
837.665078
837.866504
838.040115
838.185470
838.302199
838.390006
838.448669
838.478037
838.478037
838.448669
838.390006
838.302199
838.185470
838.040115
837.866504
837.665078
837.436349
837.180898
837.166511
837.421598
837.650002
837.851142
838.024506
838.169653
838.286216
838.373899
838.432478
838.461804
838.461804
838.432478
838.373899
838.286216
838.169653
838.024506
837.851142
837.650002
837.421598
837.166511
837.152144
837.406869
837.634948
837.835801
838.008918
838.153859
838.270257
838.357814
838.416310
838.445595
838.445595
838.416310
838.357814
838.270257
838.153859
838.008918
837.835801
837.634948
837.406869
837.152144
837.137797
837.392160
837.619914
837.820482
837.993353
838.138088
838.254320
838.341752
838.400165
838.429408
838.429408
838.400165
838.341752
838.254320
838.138088
837.993353
837.820482
837.619914
837.392160
837.137797
837.123471
837.377472
837.604902
837.805185
837.977810
838.122339
838.238405
838.325714
838.384043
838.413245
838.413245
838.384043
838.325714
838.238405
838.122339
837.977810
837.805185
837.604902
837.377472
837.123471
837.109166
837.362805
837.589912
837.789909
837.962289
838.106612
838.222513
838.309698
838.367944
838.397104
838.397104
838.367944
838.309698
838.222513
838.106612
837.962289
837.789909
837.589912
837.362805
837.109166
837.094881
837.348159
837.574943
837.774656
837.946790
838.090908
838.206644
838.293705
838.351868
838.380987
838.380987
838.351868
838.293705
838.206644
838.090908
837.946790
837.774656
837.574943
837.348159
837.094881
837.080616
837.333534
837.559995
837.759424
837.931313
838.075226
838.190798
838.277735
838.335815
838.364892
838.364892
838.335815
838.277735
838.190798
838.075226
837.931313
837.759424
837.559995
837.333534
837.080616
837.066371
837.318929
837.545068
837.744213
837.915858
838.059567
838.174974
838.261787
838.319785
838.348821
838.348821
838.319785
838.261787
838.174974
838.059567
837.915858
837.744213
837.545068
837.318929
837.066371
837.052147
837.304346
837.530163
837.729025
837.900426
838.043930
838.159173
838.245862
838.303778
838.332772
838.332772
838.303778
838.245862
838.159173
838.043930
837.900426
837.729025
837.530163
837.304346
837.052147
837.037943
837.289783
837.515279
837.713858
837.885015
838.028315
838.143394
838.229960
838.287793
838.316747
838.316747
838.287793
838.229960
838.143394
838.028315
837.885015
837.713858
837.515279
837.289783
837.037943
837.023759
837.275241
837.500416
837.698713
837.869626
838.012722
838.127638
838.214081
838.271832
838.300744
838.300744
838.271832
838.214081
838.127638
838.012722
837.869626
837.698713
837.500416
837.275241
837.023759
837.009595
837.260719
837.485574
837.683589
837.854259
837.997152
838.111904
838.198224
838.255893
838.284764
838.284764
838.255893
838.198224
838.111904
837.997152
837.854259
837.683589
837.485574
837.260719
837.009595
836.995451
837.246219
837.470754
837.668487
837.838914
837.981604
838.096193
838.182390
838.239976
838.268806
838.268806
838.239976
838.182390
838.096193
837.981604
837.838914
837.668487
837.470754
837.246219
836.995451
836.981328
837.231738
837.455954
837.653406
837.823591
837.966078
838.080504
838.166578
838.224083
838.252872
838.252872
838.224083
838.166578
838.080504
837.966078
837.823591
837.653406
837.455954
837.231738
836.981328
836.967225
837.217279
837.441176
837.638347
837.808290
837.950574
838.064837
838.150789
838.208212
838.236960
838.236960
838.208212
838.150789
838.064837
837.950574
837.808290
837.638347
837.441176
837.217279
836.967225
836.953141
837.202840
837.426419
837.623309
837.793010
837.935092
838.049193
838.135022
838.192364
838.221071
838.221071
838.192364
838.135022
838.049193
837.935092
837.793010
837.623309
837.426419
837.202840
836.953141
836.939078
837.188422
837.411682
837.608293
837.777753
837.919632
838.033570
838.119278
838.176538
838.205204
838.205204
838.176538
838.119278
838.033570
837.919632
837.777753
837.608293
837.411682
837.188422
836.939078
836.925035
837.174024
837.396967
837.593298
837.762517
837.904194
838.017971
838.103557
838.160735
838.189361
838.189361
838.160735
838.103557
838.017971
837.904194
837.762517
837.593298
837.396967
837.174024
836.925035
836.911012
837.159647
837.382273
837.578324
837.747302
837.888779
838.002393
838.087857
838.144954
838.173539
838.173539
838.144954
838.087857
838.002393
837.888779
837.747302
837.578324
837.382273
837.159647
836.911012
836.897009
837.145290
837.367599
837.563372
837.732110
837.873385
837.986838
838.072180
838.129196
838.157740
838.157740
838.129196
838.072180
837.986838
837.873385
837.732110
837.563372
837.367599
837.145290
836.897009
836.883025
837.130953
837.352947
837.548441
837.716939
837.858013
837.971304
838.056526
838.113461
838.141964
838.141964
838.113461
838.056526
837.971304
837.858013
837.716939
837.548441
837.352947
837.130953
836.883025
836.869062
837.116637
837.338315
837.533531
837.701789
837.842663
837.955793
838.040894
838.097747
838.126210
838.126210
838.097747
838.040894
837.955793
837.842663
837.701789
837.533531
837.338315
837.116637
836.869062
836.855118
837.102342
837.323704
837.518642
837.686662
837.827335
837.940304
838.025284
838.082056
838.110479
838.110479
838.082056
838.025284
837.940304
837.827335
837.686662
837.518642
837.323704
837.102342
836.855118
836.841194
837.088066
837.309114
837.503775
837.671555
837.812028
837.924837
838.009696
838.066388
838.094770
838.094770
838.066388
838.009696
837.924837
837.812028
837.671555
837.503775
837.309114
837.088066
836.841194
836.827290
837.073811
837.294544
837.488929
837.656471
837.796744
837.909393
837.994130
838.050742
838.079084
838.079084
838.050742
837.994130
837.909393
837.796744
837.656471
837.488929
837.294544
837.073811
836.827290
836.813406
837.059577
837.279996
837.474104
837.641407
837.781481
837.893970
837.978587
838.035118
838.063419
838.063419
838.035118
837.978587
837.893970
837.781481
837.641407
837.474104
837.279996
837.059577
836.813406
836.799542
837.045362
837.265468
837.459300
837.626366
837.766240
837.878569
837.963066
838.019516
838.047777
838.047777
838.019516
837.963066
837.878569
837.766240
837.626366
837.459300
837.265468
837.045362
836.799542
836.785697
837.031168
837.250961
837.444517
837.611345
837.751021
837.863190
837.947566
838.003937
838.032158
838.032158
838.003937
837.947566
837.863190
837.751021
837.611345
837.444517
837.250961
837.031168
836.785697
836.771872
837.016994
837.236474
837.429755
837.596346
837.735823
837.847833
837.932089
837.988380
838.016561
838.016561
837.988380
837.932089
837.847833
837.735823
837.596346
837.429755
837.236474
837.016994
836.771872
836.758067
837.002840
837.222008
837.415015
837.581369
837.720647
837.832497
837.916634
837.972845
838.000985
838.000985
837.972845
837.916634
837.832497
837.720647
837.581369
837.415015
837.222008
837.002840
836.758067
836.744281
836.988706
837.207563
837.400295
837.566412
837.705493
837.817184
837.901201
837.957332
837.985433
837.985433
837.957332
837.901201
837.817184
837.705493
837.566412
837.400295
837.207563
836.988706
836.744281
836.730515
836.974593
837.193138
837.385596
837.551477
837.690360
837.801893
837.885790
837.941841
837.969902
837.969902
837.941841
837.885790
837.801893
837.690360
837.551477
837.385596
837.193138
836.974593
836.730515
836.716769
836.960499
837.178734
837.370918
837.536564
837.675249
837.786623
837.870401
837.926372
837.954393
837.954393
837.926372
837.870401
837.786623
837.675249
837.536564
837.370918
837.178734
836.960499
836.716769
836.703042
836.946426
837.164350
837.356261
837.521671
837.660160
837.771375
837.855034
837.910925
837.938907
837.938907
837.910925
837.855034
837.771375
837.660160
837.521671
837.356261
837.164350
836.946426
836.703042
836.689334
836.932372
837.149987
837.341625
837.506800
837.645091
837.756148
837.839689
837.895501
837.923442
837.923442
837.895501
837.839689
837.756148
837.645091
837.506800
837.341625
837.149987
836.932372
836.689334
836.675646
836.918339
837.135644
837.327010
837.491950
837.630045
837.740944
837.824366
837.880098
837.908000
837.908000
837.880098
837.824366
837.740944
837.630045
837.491950
837.327010
837.135644
836.918339
836.675646
836.661978
836.904325
837.121322
837.312415
837.477121
837.615019
837.725761
837.809064
837.864717
837.892579
837.892579
837.864717
837.809064
837.725761
837.615019
837.477121
837.312415
837.121322
836.904325
836.661978
836.648329
836.890332
837.107020
837.297842
837.462313
837.600015
837.710599
837.793784
837.849358
837.877181
837.877181
837.849358
837.793784
837.710599
837.600015
837.462313
837.297842
837.107020
836.890332
836.648329
836.634699
836.876358
837.092738
837.283289
837.447526
837.585033
837.695460
837.778526
837.834021
837.861804
837.861804
837.834021
837.778526
837.695460
837.585033
837.447526
837.283289
837.092738
836.876358
836.634699
836.621089
836.862404
837.078477
837.268756
837.432760
837.570072
837.680342
837.763290
837.818706
837.846449
837.846449
837.818706
837.763290
837.680342
837.570072
837.432760
837.268756
837.078477
836.862404
836.621089
836.607498
836.848470
837.064235
837.254245
837.418016
837.555132
837.665245
837.748075
837.803413
837.831117
837.831117
837.803413
837.748075
837.665245
837.555132
837.418016
837.254245
837.064235
836.848470
836.607498
836.593927
836.834556
837.050015
837.239754
837.403292
837.540213
837.650170
837.732882
837.788141
837.815806
837.815806
837.788141
837.732882
837.650170
837.540213
837.403292
837.239754
837.050015
836.834556
836.593927
836.580375
836.820662
837.035814
837.225284
837.388589
837.525316
837.635116
837.717711
837.772891
837.800517
837.800517
837.772891
837.717711
837.635116
837.525316
837.388589
837.225284
837.035814
836.820662
836.580375
836.566842
836.806788
837.021634
837.210834
837.373907
837.510440
837.620084
837.702561
837.757663
837.785249
837.785249
837.757663
837.702561
837.620084
837.510440
837.373907
837.210834
837.021634
836.806788
836.566842
836.553328
836.792933
837.007474
837.196405
837.359246
837.495585
837.605073
837.687433
837.742457
837.770004
837.770004
837.742457
837.687433
837.605073
837.495585
837.359246
837.196405
837.007474
836.792933
836.553328
836.539834
836.779098
836.993334
837.181996
837.344606
837.480751
837.590083
837.672327
837.727272
837.754780
837.754780
837.727272
837.672327
837.590083
837.480751
837.344606
837.181996
836.993334
836.779098
836.539834
836.526358
836.765282
836.979214
837.167608
837.329987
837.465938
837.575115
837.657242
837.712109
837.739577
837.739577
837.712109
837.657242
837.575115
837.465938
837.329987
837.167608
836.979214
836.765282
836.526358
836.512902
836.751487
836.965114
837.153241
837.315389
837.451146
837.560168
837.642178
837.696967
837.724397
837.724397
837.696967
837.642178
837.560168
837.451146
837.315389
837.153241
836.965114
836.751487
836.512902
836.499465
836.737711
836.951034
837.138893
837.300811
837.436376
837.545243
837.627136
837.681847
837.709238
837.709238
837.681847
837.627136
837.545243
837.436376
837.300811
837.138893
836.951034
836.737711
836.499465
836.486047
836.723954
836.936974
837.124567
837.286254
837.421626
837.530339
837.612115
837.666749
837.694100
837.694100
837.666749
837.612115
837.530339
837.421626
837.286254
837.124567
836.936974
836.723954
836.486047
836.472648
836.710217
836.922935
837.110260
837.271718
837.406898
837.515456
837.597116
837.651672
837.678985
837.678985
837.651672
837.597116
837.515456
837.406898
837.271718
837.110260
836.922935
836.710217
836.472648
836.459269
836.696500
836.908915
837.095974
837.257203
837.392190
837.500594
837.582138
837.636616
837.663890
837.663890
837.636616
837.582138
837.500594
837.392190
837.257203
837.095974
836.908915
836.696500
836.459269
836.445908
836.682802
836.894915
837.081709
837.242708
837.377503
837.485753
837.567182
837.621582
837.648817
837.648817
837.621582
837.567182
837.485753
837.377503
837.242708
837.081709
836.894915
836.682802
836.445908
836.432566
836.669123
836.880935
837.067463
837.228234
837.362838
837.470933
837.552246
837.606570
837.633766
837.633766
837.606570
837.552246
837.470933
837.362838
837.228234
837.067463
836.880935
836.669123
836.432566
836.419244
836.655464
836.866975
837.053238
837.213780
837.348193
837.456135
837.537332
837.591579
837.618736
837.618736
837.591579
837.537332
837.456135
837.348193
837.213780
837.053238
836.866975
836.655464
836.419244
836.405940
836.641825
836.853035
837.039033
837.199347
837.333569
837.441357
837.522439
837.576609
837.603728
837.603728
837.576609
837.522439
837.441357
837.333569
837.199347
837.039033
836.853035
836.641825
836.405940
836.392655
836.628205
836.839115
837.024849
837.184935
837.318965
837.426601
837.507568
837.561660
837.588741
837.588741
837.561660
837.507568
837.426601
837.318965
837.184935
837.024849
836.839115
836.628205
836.392655
836.379389
836.614604
836.825214
837.010684
837.170543
837.304383
837.411866
837.492717
837.546733
837.573775
837.573775
837.546733
837.492717
837.411866
837.304383
837.170543
837.010684
836.825214
836.614604
836.379389
836.366142
836.601023
836.811334
836.996540
837.156171
837.289821
837.397151
837.477888
837.531827
837.558830
837.558830
837.531827
837.477888
837.397151
837.289821
837.156171
836.996540
836.811334
836.601023
836.366142
836.352913
836.587460
836.797473
836.982416
837.141820
837.275280
837.382458
837.463080
837.516942
837.543907
837.543907
837.516942
837.463080
837.382458
837.275280
837.141820
836.982416
836.797473
836.587460
836.352913
836.339704
836.573918
836.783631
836.968312
837.127490
837.260760
837.367785
837.448293
837.502078
837.529005
837.529005
837.502078
837.448293
837.367785
837.260760
837.127490
836.968312
836.783631
836.573918
836.339704
836.326513
836.560394
836.769810
836.954228
837.113179
837.246261
837.353134
837.433527
837.487236
837.514124
837.514124
837.487236
837.433527
837.353134
837.246261
837.113179
836.954228
836.769810
836.560394
836.326513
836.313341
836.546890
836.756008
836.940164
837.098889
837.231782
837.338503
837.418782
837.472414
837.499265
837.499265
837.472414
837.418782
837.338503
837.231782
837.098889
836.940164
836.756008
836.546890
836.313341
836.300188
836.533405
836.742226
836.926120
837.084620
837.217323
837.323893
837.404057
837.457614
837.484426
837.484426
837.457614
837.404057
837.323893
837.217323
837.084620
836.926120
836.742226
836.533405
836.300188
836.287053
836.519939
836.728463
836.912096
837.070371
837.202886
837.309304
837.389354
837.442835
837.469609
837.469609
837.442835
837.389354
837.309304
837.202886
837.070371
836.912096
836.728463
836.519939
836.287053
836.273938
836.506492
836.714720
836.898092
837.056142
837.188468
837.294735
837.374672
837.428077
837.454813
837.454813
837.428077
837.374672
837.294735
837.188468
837.056142
836.898092
836.714720
836.506492
836.273938
836.260840
836.493064
836.700996
836.884108
837.041933
837.174072
837.280187
837.360011
837.413340
837.440038
837.440038
837.413340
837.360011
837.280187
837.174072
837.041933
836.884108
836.700996
836.493064
836.260840
836.247762
836.479656
836.687292
836.870144
837.027745
837.159695
837.265660
837.345371
837.398623
837.425284
837.425284
837.398623
837.345371
837.265660
837.159695
837.027745
836.870144
836.687292
836.479656
836.247762
836.234702
836.466266
836.673608
836.856199
837.013576
837.145340
837.251154
837.330751
837.383928
837.410550
837.410550
837.383928
837.330751
837.251154
837.145340
837.013576
836.856199
836.673608
836.466266
836.234702
836.221660
836.452896
836.659943
836.842275
836.999428
837.131004
837.236668
837.316152
837.369254
837.395838
837.395838
837.369254
837.316152
837.236668
837.131004
836.999428
836.842275
836.659943
836.452896
836.221660
836.208637
836.439544
836.646297
836.828370
836.985300
837.116689
837.222203
837.301574
837.354600
837.381147
837.381147
837.354600
837.301574
837.222203
837.116689
836.985300
836.828370
836.646297
836.439544
836.208637
836.195633
836.426212
836.632671
836.814485
836.971193
837.102395
837.207759
837.287017
837.339968
837.366477
837.366477
837.339968
837.287017
837.207759
837.102395
836.971193
836.814485
836.632671
836.426212
836.195633
836.182647
836.412898
836.619064
836.800620
836.957105
837.088121
837.193335
837.272481
837.325356
837.351827
837.351827
837.325356
837.272481
837.193335
837.088121
836.957105
836.800620
836.619064
836.412898
836.182647
836.169680
836.399604
836.605476
836.786774
836.943037
837.073867
837.178932
837.257965
837.310765
837.337199
837.337199
837.310765
837.257965
837.178932
837.073867
836.943037
836.786774
836.605476
836.399604
836.169680
836.156731
836.386328
836.591908
836.772949
836.928989
837.059633
837.164549
837.243470
837.296195
837.322591
837.322591
837.296195
837.243470
837.164549
837.059633
836.928989
836.772949
836.591908
836.386328
836.156731
836.143800
836.373071
836.578359
836.759143
836.914961
837.045420
837.150186
837.228995
837.281646
837.308004
837.308004
837.281646
837.228995
837.150186
837.045420
836.914961
836.759143
836.578359
836.373071
836.143800
836.130888
836.359833
836.564830
836.745356
836.900954
837.031227
837.135844
837.214541
837.267117
837.293438
837.293438
837.267117
837.214541
837.135844
837.031227
836.900954
836.745356
836.564830
836.359833
836.130888
836.117994
836.346614
836.551319
836.731589
836.886966
837.017054
837.121523
837.200108
837.252609
837.278893
837.278893
837.252609
837.200108
837.121523
837.017054
836.886966
836.731589
836.551319
836.346614
836.117994
836.105118
836.333414
836.537828
836.717842
836.872998
837.002901
837.107222
837.185695
837.238121
837.264368
837.264368
837.238121
837.185695
837.107222
837.002901
836.872998
836.717842
836.537828
836.333414
836.105118
836.092261
836.320232
836.524356
836.704114
836.859050
836.988768
837.092941
837.171303
837.223655
837.249864
837.249864
837.223655
837.171303
837.092941
836.988768
836.859050
836.704114
836.524356
836.320232
836.092261
836.079422
836.307069
836.510903
836.690406
836.845121
836.974656
837.078680
837.156931
837.209208
837.235380
837.235380
837.209208
837.156931
837.078680
836.974656
836.845121
836.690406
836.510903
836.307069
836.079422
836.066601
836.293925
836.497470
836.676718
836.831213
836.960563
837.064440
837.142579
837.194783
837.220918
837.220918
837.194783
837.142579
837.064440
836.960563
836.831213
836.676718
836.497470
836.293925
836.066601
836.053799
836.280800
836.484055
836.663048
836.817324
836.946491
837.050220
837.128248
837.180378
837.206475
837.206475
837.180378
837.128248
837.050220
836.946491
836.817324
836.663048
836.484055
836.280800
836.053799
836.041014
836.267693
836.470660
836.649399
836.803455
836.932439
837.036020
837.113938
837.165993
837.192054
837.192054
837.165993
837.113938
837.036020
836.932439
836.803455
836.649399
836.470660
836.267693
836.041014
836.028248
836.254605
836.457283
836.635768
836.789606
836.918406
837.021841
837.099648
837.151629
837.177653
837.177653
837.151629
837.099648
837.021841
836.918406
836.789606
836.635768
836.457283
836.254605
836.028248
836.015500
836.241535
836.443926
836.622157
836.775777
836.904394
837.007682
837.085378
837.137285
837.163272
837.163272
837.137285
837.085378
837.007682
836.904394
836.775777
836.622157
836.443926
836.241535
836.015500
836.002770
836.228484
836.430587
836.608566
836.761967
836.890401
836.993542
837.071128
837.122962
837.148912
837.148912
837.122962
837.071128
836.993542
836.890401
836.761967
836.608566
836.430587
836.228484
836.002770
835.990058
836.215452
836.417268
836.594993
836.748177
836.876429
836.979423
837.056899
837.108659
837.134572
837.134572
837.108659
837.056899
836.979423
836.876429
836.748177
836.594993
836.417268
836.215452
835.990058
835.977365
836.202438
836.403967
836.581440
836.734406
836.862476
836.965324
837.042690
837.094376
837.120252
837.120252
837.094376
837.042690
836.965324
836.862476
836.734406
836.581440
836.403967
836.202438
835.977365
835.964689
836.189443
836.390686
836.567907
836.720655
836.848543
836.951245
837.028501
837.080114
837.105954
837.105954
837.080114
837.028501
836.951245
836.848543
836.720655
836.567907
836.390686
836.189443
835.964689
835.952031
836.176466
836.377423
836.554392
836.706924
836.834630
836.937186
837.014332
837.065872
837.091675
837.091675
837.065872
837.014332
836.937186
836.834630
836.706924
836.554392
836.377423
836.176466
835.952031
835.939391
836.163507
836.364179
836.540897
836.693212
836.820737
836.923147
837.000184
837.051651
837.077417
837.077417
837.051651
837.000184
836.923147
836.820737
836.693212
836.540897
836.364179
836.163507
835.939391
835.926770
836.150567
836.350954
836.527421
836.679519
836.806863
836.909128
836.986056
837.037449
837.063178
837.063178
837.037449
836.986056
836.909128
836.806863
836.679519
836.527421
836.350954
836.150567
835.926770
835.914166
836.137645
836.337748
836.513964
836.665847
836.793009
836.895129
836.971947
837.023268
837.048961
837.048961
837.023268
836.971947
836.895129
836.793009
836.665847
836.513964
836.337748
836.137645
835.914166
835.901580
836.124742
836.324560
836.500526
836.652193
836.779175
836.881150
836.957859
837.009107
837.034763
837.034763
837.009107
836.957859
836.881150
836.779175
836.652193
836.500526
836.324560
836.124742
835.901580
835.889012
836.111857
836.311391
836.487108
836.638559
836.765361
836.867191
836.943791
836.994966
837.020586
837.020586
836.994966
836.943791
836.867191
836.765361
836.638559
836.487108
836.311391
836.111857
835.889012
835.876462
836.098990
836.298241
836.473708
836.624944
836.751566
836.853252
836.929743
836.980845
837.006429
837.006429
836.980845
836.929743
836.853252
836.751566
836.624944
836.473708
836.298241
836.098990
835.876462
835.863929
836.086142
836.285110
836.460327
836.611349
836.737791
836.839332
836.915715
836.966744
836.992292
836.992292
836.966744
836.915715
836.839332
836.737791
836.611349
836.460327
836.285110
836.086142
835.863929
835.851415
836.073312
836.271997
836.446966
836.597773
836.724036
836.825433
836.901706
836.952664
836.978175
836.978175
836.952664
836.901706
836.825433
836.724036
836.597773
836.446966
836.271997
836.073312
835.851415
835.838918
836.060500
836.258903
836.433623
836.584216
836.710300
836.811553
836.887718
836.938603
836.964078
836.964078
836.938603
836.887718
836.811553
836.710300
836.584216
836.433623
836.258903
836.060500
835.838918
835.826439
836.047706
836.245828
836.420300
836.570679
836.696583
836.797692
836.873750
836.924562
836.950001
836.950001
836.924562
836.873750
836.797692
836.696583
836.570679
836.420300
836.245828
836.047706
835.826439
835.813978
836.034931
836.232771
836.406995
836.557161
836.682886
836.783852
836.859801
836.910542
836.935944
836.935944
836.910542
836.859801
836.783852
836.682886
836.557161
836.406995
836.232771
836.034931
835.813978
835.801534
836.022174
836.219733
836.393710
836.543662
836.669209
836.770031
836.845873
836.896541
836.921907
836.921907
836.896541
836.845873
836.770031
836.669209
836.543662
836.393710
836.219733
836.022174
835.801534
835.789108
836.009434
836.206713
836.380443
836.530182
836.655551
836.756230
836.831964
836.882560
836.907891
836.907891
836.882560
836.831964
836.756230
836.655551
836.530182
836.380443
836.206713
836.009434
835.789108
835.776700
835.996713
836.193712
836.367195
836.516722
836.641912
836.742448
836.818075
836.868599
836.893894
836.893894
836.868599
836.818075
836.742448
836.641912
836.516722
836.367195
836.193712
835.996713
835.776700
835.764309
835.984010
836.180729
836.353966
836.503280
836.628293
836.728686
836.804205
836.854658
836.879917
836.879917
836.854658
836.804205
836.728686
836.628293
836.503280
836.353966
836.180729
835.984010
835.764309
835.751936
835.971325
836.167765
836.340756
836.489858
836.614693
836.714944
836.790356
836.840737
836.865960
836.865960
836.840737
836.790356
836.714944
836.614693
836.489858
836.340756
836.167765
835.971325
835.751936
835.739581
835.958658
836.154819
836.327564
836.476455
836.601113
836.701221
836.776526
836.826836
836.852022
836.852022
836.826836
836.776526
836.701221
836.601113
836.476455
836.327564
836.154819
835.958658
835.739581
835.727243
835.946009
836.141891
836.314391
836.463071
836.587552
836.687518
836.762716
836.812954
836.838105
836.838105
836.812954
836.762716
836.687518
836.587552
836.463071
836.314391
836.141891
835.946009
835.727243
835.714923
835.933378
836.128982
836.301237
836.449706
836.574010
836.673834
836.748925
836.799092
836.824207
836.824207
836.799092
836.748925
836.673834
836.574010
836.449706
836.301237
836.128982
835.933378
835.714923
835.702620
835.920765
836.116091
836.288102
836.436359
836.560487
836.660170
836.735154
836.785250
836.810330
836.810330
836.785250
836.735154
836.660170
836.560487
836.436359
836.288102
836.116091
835.920765
835.702620
835.690334
835.908170
836.103219
836.274985
836.423032
836.546984
836.646525
836.721403
836.771427
836.796471
836.796471
836.771427
836.721403
836.646525
836.546984
836.423032
836.274985
836.103219
835.908170
835.690334
835.678067
835.895593
836.090365
836.261887
836.409724
836.533500
836.632899
836.707671
836.757625
836.782633
836.782633
836.757625
836.707671
836.632899
836.533500
836.409724
836.261887
836.090365
835.895593
835.678067
835.665816
835.883034
836.077529
836.248808
836.396435
836.520035
836.619293
836.693959
836.743841
836.768814
836.768814
836.743841
836.693959
836.619293
836.520035
836.396435
836.248808
836.077529
835.883034
835.665816
835.653583
835.870492
836.064711
836.235747
836.383164
836.506589
836.605706
836.680266
836.730078
836.755015
836.755015
836.730078
836.680266
836.605706
836.506589
836.383164
836.235747
836.064711
835.870492
835.653583
835.641367
835.857968
836.051912
836.222705
836.369913
836.493162
836.592139
836.666593
836.716334
836.741236
836.741236
836.716334
836.666593
836.592139
836.493162
836.369913
836.222705
836.051912
835.857968
835.641367
835.629169
835.845462
836.039131
836.209681
836.356680
836.479754
836.578591
836.652939
836.702609
836.727476
836.727476
836.702609
836.652939
836.578591
836.479754
836.356680
836.209681
836.039131
835.845462
835.629169
835.616988
835.832974
836.026368
836.196676
836.343466
836.466366
836.565062
836.639304
836.688904
836.713736
836.713736
836.688904
836.639304
836.565062
836.466366
836.343466
836.196676
836.026368
835.832974
835.616988
835.604824
835.820504
836.013623
836.183689
836.330271
836.452996
836.551552
836.625689
836.675219
836.700015
836.700015
836.675219
836.625689
836.551552
836.452996
836.330271
836.183689
836.013623
835.820504
835.604824
835.592677
835.808051
836.000896
836.170721
836.317095
836.439646
836.538062
836.612093
836.661553
836.686314
836.686314
836.661553
836.612093
836.538062
836.439646
836.317095
836.170721
836.000896
835.808051
835.592677
835.580548
835.795616
835.988187
836.157771
836.303937
836.426314
836.524590
836.598517
836.647906
836.672632
836.672632
836.647906
836.598517
836.524590
836.426314
836.303937
836.157771
835.988187
835.795616
835.580548
835.568436
835.783199
835.975496
836.144840
836.290798
836.413001
836.511138
836.584960
836.634279
836.658970
836.658970
836.634279
836.584960
836.511138
836.413001
836.290798
836.144840
835.975496
835.783199
835.568436
835.556341
835.770799
835.962824
836.131927
836.277678
836.399708
836.497705
836.571422
836.620671
836.645327
836.645327
836.620671
836.571422
836.497705
836.399708
836.277678
836.131927
835.962824
835.770799
835.556341
835.544264
835.758417
835.950169
836.119032
836.264576
836.386433
836.484291
836.557904
836.607083
836.631703
836.631703
836.607083
836.557904
836.484291
836.386433
836.264576
836.119032
835.950169
835.758417
835.544264
835.532203
835.746053
835.937532
836.106156
836.251493
836.373177
836.470897
836.544404
836.593513
836.618099
836.618099
836.593513
836.544404
836.470897
836.373177
836.251493
836.106156
835.937532
835.746053
835.532203
835.520160
835.733706
835.924914
836.093297
836.238429
836.359940
836.457521
836.530924
836.579964
836.604514
836.604514
836.579964
836.530924
836.457521
836.359940
836.238429
836.093297
835.924914
835.733706
835.520160
835.508134
835.721376
835.912313
836.080458
836.225383
836.346721
836.444164
836.517463
836.566433
836.590949
836.590949
836.566433
836.517463
836.444164
836.346721
836.225383
836.080458
835.912313
835.721376
835.508134
835.496124
835.709065
835.899730
836.067636
836.212356
836.333522
836.430826
836.504021
836.552922
836.577403
836.577403
836.552922
836.504021
836.430826
836.333522
836.212356
836.067636
835.899730
835.709065
835.496124
835.484132
835.696770
835.887165
836.054833
836.199347
836.320341
836.417507
836.490599
836.539430
836.563876
836.563876
836.539430
836.490599
836.417507
836.320341
836.199347
836.054833
835.887165
835.696770
835.484132
835.472157
835.684493
835.874618
836.042048
836.186357
836.307179
836.404207
836.477195
836.525957
836.550368
836.550368
836.525957
836.477195
836.404207
836.307179
836.186357
836.042048
835.874618
835.684493
835.472157
835.460199
835.672234
835.862089
836.029281
836.173385
836.294036
836.390926
836.463810
836.512503
836.536880
836.536880
836.512503
836.463810
836.390926
836.294036
836.173385
836.029281
835.862089
835.672234
835.460199
835.448258
835.659992
835.849577
836.016532
836.160432
836.280911
836.377664
836.450445
836.499068
836.523411
836.523411
836.499068
836.450445
836.377664
836.280911
836.160432
836.016532
835.849577
835.659992
835.448258
835.436334
835.647767
835.837083
836.003801
836.147497
836.267805
836.364421
836.437098
836.485653
836.509961
836.509961
836.485653
836.437098
836.364421
836.267805
836.147497
836.003801
835.837083
835.647767
835.436334
835.424427
835.635560
835.824607
835.991088
836.134580
836.254718
836.351197
836.423771
836.472256
836.496530
836.496530
836.472256
836.423771
836.351197
836.254718
836.134580
835.991088
835.824607
835.635560
835.424427
835.412536
835.623370
835.812149
835.978394
836.121682
836.241649
836.337991
836.410462
836.458879
836.483118
836.483118
836.458879
836.410462
836.337991
836.241649
836.121682
835.978394
835.812149
835.623370
835.412536
835.400663
835.611197
835.799708
835.965717
836.108802
836.228599
836.324804
836.397172
836.445520
836.469725
836.469725
836.445520
836.397172
836.324804
836.228599
836.108802
835.965717
835.799708
835.611197
835.400663
835.388806
835.599042
835.787285
835.953059
836.095941
836.215568
836.311636
836.383901
836.432181
836.456351
836.456351
836.432181
836.383901
836.311636
836.215568
836.095941
835.953059
835.787285
835.599042
835.388806
835.376966
835.586904
835.774880
835.940418
836.083097
836.202555
836.298487
836.370649
836.418860
836.442996
836.442996
836.418860
836.370649
836.298487
836.202555
836.083097
835.940418
835.774880
835.586904
835.376966
835.365144
835.574783
835.762493
835.927796
836.070272
836.189560
836.285356
836.357416
836.405559
836.429660
836.429660
836.405559
836.357416
836.285356
836.189560
836.070272
835.927796
835.762493
835.574783
835.365144
835.353337
835.562679
835.750122
835.915191
836.057465
836.176584
836.272244
836.344202
836.392276
836.416344
836.416344
836.392276
836.344202
836.272244
836.176584
836.057465
835.915191
835.750122
835.562679
835.353337
835.341548
835.550593
835.737770
835.902604
836.044677
836.163626
836.259150
836.331006
836.379012
836.403046
836.403046
836.379012
836.331006
836.259150
836.163626
836.044677
835.902604
835.737770
835.550593
835.341548
835.329775
835.538523
835.725435
835.890036
836.031906
836.150687
836.246075
836.317830
836.365767
836.389767
836.389767
836.365767
836.317830
836.246075
836.150687
836.031906
835.890036
835.725435
835.538523
835.329775
835.318019
835.526471
835.713118
835.877485
836.019154
836.137766
836.233019
836.304672
836.352541
836.376506
836.376506
836.352541
836.304672
836.233019
836.137766
836.019154
835.877485
835.713118
835.526471
835.318019
835.306280
835.514436
835.700818
835.864951
836.006420
836.124864
836.219982
836.291532
836.339334
836.363265
836.363265
836.339334
836.291532
836.219982
836.124864
836.006420
835.864951
835.700818
835.514436
835.306280
835.294558
835.502418
835.688535
835.852436
835.993704
836.111979
836.206962
836.278412
836.326145
836.350043
836.350043
836.326145
836.278412
836.206962
836.111979
835.993704
835.852436
835.688535
835.502418
835.294558
835.282852
835.490417
835.676270
835.839938
835.981006
836.099113
836.193962
836.265310
836.312976
836.336839
836.336839
836.312976
836.265310
836.193962
836.099113
835.981006
835.839938
835.676270
835.490417
835.282852
835.271162
835.478433
835.664023
835.827459
835.968326
836.086266
836.180980
836.252226
836.299825
836.323654
836.323654
836.299825
836.252226
836.180980
836.086266
835.968326
835.827459
835.664023
835.478433
835.271162
835.259490
835.466466
835.651792
835.814997
835.955664
836.073437
836.168016
836.239161
836.286692
836.310488
836.310488
836.286692
836.239161
836.168016
836.073437
835.955664
835.814997
835.651792
835.466466
835.259490
835.247833
835.454517
835.639580
835.802552
835.943020
836.060625
836.155071
836.226115
836.273579
836.297341
836.297341
836.273579
836.226115
836.155071
836.060625
835.943020
835.802552
835.639580
835.454517
835.247833
835.236194
835.442584
835.627384
835.790125
835.930394
836.047833
836.142144
836.213087
836.260484
836.284212
836.284212
836.260484
836.213087
836.142144
836.047833
835.930394
835.790125
835.627384
835.442584
835.236194
835.224571
835.430668
835.615206
835.777716
835.917786
836.035058
836.129235
836.200078
836.247407
836.271102
836.271102
836.247407
836.200078
836.129235
836.035058
835.917786
835.777716
835.615206
835.430668
835.224571
835.212964
835.418769
835.603045
835.765325
835.905195
836.022301
836.116345
836.187087
836.234349
836.258010
836.258010
836.234349
836.187087
836.116345
836.022301
835.905195
835.765325
835.603045
835.418769
835.212964
835.201374
835.406887
835.590902
835.752951
835.892623
836.009563
836.103473
836.174115
836.221310
836.244937
836.244937
836.221310
836.174115
836.103473
836.009563
835.892623
835.752951
835.590902
835.406887
835.201374
835.189800
835.395021
835.578775
835.740595
835.880069
835.996842
836.090619
836.161161
836.208289
836.231883
836.231883
836.208289
836.161161
836.090619
835.996842
835.880069
835.740595
835.578775
835.395021
835.189800
835.178243
835.383173
835.566666
835.728256
835.867532
835.984140
836.077784
836.148226
836.195287
836.218847
836.218847
836.195287
836.148226
836.077784
835.984140
835.867532
835.728256
835.566666
835.383173
835.178243
835.166702
835.371341
835.554574
835.715935
835.855013
835.971456
836.064967
836.135309
836.182303
836.205830
836.205830
836.182303
836.135309
836.064967
835.971456
835.855013
835.715935
835.554574
835.371341
835.166702
835.155178
835.359527
835.542499
835.703631
835.842512
835.958790
836.052168
836.122410
836.169338
836.192831
836.192831
836.169338
836.122410
836.052168
835.958790
835.842512
835.703631
835.542499
835.359527
835.155178
835.143670
835.347728
835.530442
835.691345
835.830029
835.946142
836.039387
836.109530
836.156391
836.179851
836.179851
836.156391
836.109530
836.039387
835.946142
835.830029
835.691345
835.530442
835.347728
835.143670
835.132178
835.335947
835.518401
835.679076
835.817563
835.933511
836.026625
836.096668
836.143462
836.166889
836.166889
836.143462
836.096668
836.026625
835.933511
835.817563
835.679076
835.518401
835.335947
835.132178
835.120702
835.324183
835.506378
835.666825
835.805116
835.920899
836.013881
836.083824
836.130552
836.153946
836.153946
836.130552
836.083824
836.013881
835.920899
835.805116
835.666825
835.506378
835.324183
835.120702
835.109243
835.312435
835.494372
835.654591
835.792686
835.908305
836.001154
836.070999
836.117660
836.141021
836.141021
836.117660
836.070999
836.001154
835.908305
835.792686
835.654591
835.494372
835.312435
835.109243
835.097800
835.300704
835.482382
835.642374
835.780273
835.895728
835.988446
836.058191
836.104787
836.128114
836.128114
836.104787
836.058191
835.988446
835.895728
835.780273
835.642374
835.482382
835.300704
835.097800
835.086374
835.288989
835.470410
835.630175
835.767878
835.883169
835.975756
836.045402
836.091932
836.115226
836.115226
836.091932
836.045402
835.975756
835.883169
835.767878
835.630175
835.470410
835.288989
835.086374
835.074963
835.277291
835.458455
835.617993
835.755501
835.870629
835.963084
836.032631
836.079095
836.102356
836.102356
836.079095
836.032631
835.963084
835.870629
835.755501
835.617993
835.458455
835.277291
835.074963
835.063569
835.265610
835.446517
835.605829
835.743141
835.858106
835.950430
836.019879
836.066276
836.089504
836.089504
836.066276
836.019879
835.950430
835.858106
835.743141
835.605829
835.446517
835.265610
835.063569
835.052191
835.253945
835.434595
835.593681
835.730799
835.845601
835.937793
836.007144
836.053476
836.076671
836.076671
836.053476
836.007144
835.937793
835.845601
835.730799
835.593681
835.434595
835.253945
835.052191
835.040829
835.242297
835.422691
835.581551
835.718475
835.833113
835.925175
835.994427
836.040693
836.063856
836.063856
836.040693
835.994427
835.925175
835.833113
835.718475
835.581551
835.422691
835.242297
835.040829
835.029483
835.230666
835.410803
835.569438
835.706168
835.820643
835.912575
835.981729
836.027929
836.051059
836.051059
836.027929
835.981729
835.912575
835.820643
835.706168
835.569438
835.410803
835.230666
835.029483
835.018153
835.219050
835.398933
835.557343
835.693878
835.808191
835.899993
835.969048
836.015183
836.038280
836.038280
836.015183
835.969048
835.899993
835.808191
835.693878
835.557343
835.398933
835.219050
835.018153
835.006840
835.207452
835.387079
835.545264
835.681606
835.795757
835.887428
835.956386
836.002455
836.025519
836.025519
836.002455
835.956386
835.887428
835.795757
835.681606
835.545264
835.387079
835.207452
835.006840
834.995542
835.195870
835.375242
835.533203
835.669351
835.783341
835.874881
835.943741
835.989745
836.012777
836.012777
835.989745
835.943741
835.874881
835.783341
835.669351
835.533203
835.375242
835.195870
834.995542
834.984261
835.184304
835.363422
835.521159
835.657114
835.770942
835.862353
835.931115
835.977054
836.000052
836.000052
835.977054
835.931115
835.862353
835.770942
835.657114
835.521159
835.363422
835.184304
834.984261
834.972995
835.172755
835.351618
835.509132
835.644894
835.758560
835.849842
835.918506
835.964380
835.987346
835.987346
835.964380
835.918506
835.849842
835.758560
835.644894
835.509132
835.351618
835.172755
834.972995
834.961745
835.161222
835.339832
835.497122
835.632691
835.746196
835.837348
835.905916
835.951724
835.974658
835.974658
835.951724
835.905916
835.837348
835.746196
835.632691
835.497122
835.339832
835.161222
834.961745
834.950512
835.149705
835.328062
835.485129
835.620506
835.733850
835.824873
835.893343
835.939086
835.961987
835.961987
835.939086
835.893343
835.824873
835.733850
835.620506
835.485129
835.328062
835.149705
834.950512
834.939294
835.138205
835.316309
835.473153
835.608338
835.721521
835.812415
835.880788
835.926467
835.949335
835.949335
835.926467
835.880788
835.812415
835.721521
835.608338
835.473153
835.316309
835.138205
834.939294
834.928092
835.126721
835.304572
835.461194
835.596188
835.709210
835.799975
835.868251
835.913865
835.936701
835.936701
835.913865
835.868251
835.799975
835.709210
835.596188
835.461194
835.304572
835.126721
834.928092
834.916907
835.115254
835.292853
835.449252
835.584054
835.696917
835.787552
835.855732
835.901281
835.924084
835.924084
835.901281
835.855732
835.787552
835.696917
835.584054
835.449252
835.292853
835.115254
834.916907
834.905737
835.103802
835.281149
835.437327
835.571938
835.684640
835.775148
835.843230
835.888715
835.911486
835.911486
835.888715
835.843230
835.775148
835.684640
835.571938
835.437327
835.281149
835.103802
834.905737
834.894582
835.092367
835.269463
835.425419
835.559839
835.672381
835.762761
835.830746
835.876167
835.898905
835.898905
835.876167
835.830746
835.762761
835.672381
835.559839
835.425419
835.269463
835.092367
834.894582
834.883444
835.080948
835.257793
835.413528
835.547757
835.660140
835.750391
835.818280
835.863636
835.886343
835.886343
835.863636
835.818280
835.750391
835.660140
835.547757
835.413528
835.257793
835.080948
834.883444
834.872322
835.069546
835.246139
835.401653
835.535693
835.647916
835.738039
835.805832
835.851124
835.873798
835.873798
835.851124
835.805832
835.738039
835.647916
835.535693
835.401653
835.246139
835.069546
834.872322
834.861215
835.058159
835.234503
835.389796
835.523645
835.635709
835.725704
835.793402
835.838629
835.861271
835.861271
835.838629
835.793402
835.725704
835.635709
835.523645
835.389796
835.234503
835.058159
834.861215
834.850124
835.046789
835.222882
835.377955
835.511615
835.623520
835.713388
835.780989
835.826152
835.848762
835.848762
835.826152
835.780989
835.713388
835.623520
835.511615
835.377955
835.222882
835.046789
834.850124
834.839049
835.035435
835.211278
835.366132
835.499601
835.611348
835.701088
835.768593
835.813692
835.836270
835.836270
835.813692
835.768593
835.701088
835.611348
835.499601
835.366132
835.211278
835.035435
834.839049
834.827989
835.024097
835.199691
835.354325
835.487605
835.599193
835.688806
835.756216
835.801251
835.823797
835.823797
835.801251
835.756216
835.688806
835.599193
835.487605
835.354325
835.199691
835.024097
834.827989
834.816945
835.012775
835.188120
835.342534
835.475626
835.587056
835.676542
835.743855
835.788827
835.811341
835.811341
835.788827
835.743855
835.676542
835.587056
835.475626
835.342534
835.188120
835.012775
834.816945
834.805917
835.001469
835.176565
835.330761
835.463664
835.574936
835.664294
835.731513
835.776420
835.798902
835.798902
835.776420
835.731513
835.664294
835.574936
835.463664
835.330761
835.176565
835.001469
834.805917
834.794905
834.990179
835.165027
835.319004
835.451718
835.562833
835.652065
835.719188
835.764031
835.786482
835.786482
835.764031
835.719188
835.652065
835.562833
835.451718
835.319004
835.165027
834.990179
834.794905
834.783908
834.978906
835.153506
835.307264
835.439790
835.550747
835.639852
835.706880
835.751660
835.774079
835.774079
835.751660
835.706880
835.639852
835.550747
835.439790
835.307264
835.153506
834.978906
834.783908
834.772926
834.967648
835.142000
835.295541
835.427879
835.538678
835.627657
835.694590
835.739307
835.761693
835.761693
835.739307
835.694590
835.627657
835.538678
835.427879
835.295541
835.142000
834.967648
834.772926
834.761961
834.956406
835.130511
835.283834
835.415984
835.526627
835.615480
835.682318
835.726971
835.749326
835.749326
835.726971
835.682318
835.615480
835.526627
835.415984
835.283834
835.130511
834.956406
834.761961
834.751011
834.945180
835.119038
835.272144
835.404107
835.514592
835.603319
835.670062
835.714652
835.736975
835.736975
835.714652
835.670062
835.603319
835.514592
835.404107
835.272144
835.119038
834.945180
834.751011
834.740076
834.933970
835.107582
835.260470
835.392246
835.502575
835.591176
835.657825
835.702351
835.724643
835.724643
835.702351
835.657825
835.591176
835.502575
835.392246
835.260470
835.107582
834.933970
834.740076
834.729157
834.922776
835.096142
835.248813
835.380402
835.490574
835.579050
835.645604
835.690068
835.712328
835.712328
835.690068
835.645604
835.579050
835.490574
835.380402
835.248813
835.096142
834.922776
834.729157
834.718253
834.911598
835.084718
835.237173
835.368575
835.478591
835.566941
835.633401
835.677802
835.700030
835.700030
835.677802
835.633401
835.566941
835.478591
835.368575
835.237173
835.084718
834.911598
834.718253
834.707365
834.900436
835.073310
835.225549
835.356765
835.466625
835.554850
835.621215
835.665553
835.687750
835.687750
835.665553
835.621215
835.554850
835.466625
835.356765
835.225549
835.073310
834.900436
834.707365
834.696492
834.889289
835.061918
835.213941
835.344971
835.454676
835.542775
835.609047
835.653322
835.675487
835.675487
835.653322
835.609047
835.542775
835.454676
835.344971
835.213941
835.061918
834.889289
834.696492
834.685635
834.878158
835.050543
835.202350
835.333195
835.442743
835.530718
835.596896
835.641108
835.663242
835.663242
835.641108
835.596896
835.530718
835.442743
835.333195
835.202350
835.050543
834.878158
834.685635
834.674793
834.867044
835.039184
835.190776
835.321435
835.430828
835.518678
835.584762
835.628911
835.651014
835.651014
835.628911
835.584762
835.518678
835.430828
835.321435
835.190776
835.039184
834.867044
834.674793
834.663967
834.855944
835.027840
835.179218
835.309691
835.418930
835.506655
835.572645
835.616732
835.638803
835.638803
835.616732
835.572645
835.506655
835.418930
835.309691
835.179218
835.027840
834.855944
834.663967
834.653155
834.844861
835.016513
835.167676
835.297965
835.407048
835.494649
835.560546
835.604570
835.626610
835.626610
835.604570
835.560546
835.494649
835.407048
835.297965
835.167676
835.016513
834.844861
834.653155
834.642360
834.833793
835.005202
835.156151
835.286255
835.395183
835.482660
835.548463
835.592425
835.614434
835.614434
835.592425
835.548463
835.482660
835.395183
835.286255
835.156151
835.005202
834.833793
834.642360
834.631579
834.822742
834.993908
835.144642
835.274561
835.383336
835.470689
835.536398
835.580298
835.602275
835.602275
835.580298
835.536398
835.470689
835.383336
835.274561
835.144642
834.993908
834.822742
834.631579
834.620814
834.811705
834.982629
835.133149
835.262884
835.371505
835.458734
835.524350
835.568187
835.590134
835.590134
835.568187
835.524350
835.458734
835.371505
835.262884
835.133149
834.982629
834.811705
834.620814
834.610064
834.800685
834.971366
835.121673
835.251224
835.359690
835.446796
835.512319
835.556094
835.578010
835.578010
835.556094
835.512319
835.446796
835.359690
835.251224
835.121673
834.971366
834.800685
834.610064
834.599329
834.789680
834.960119
835.110213
835.239581
835.347893
835.434875
835.500306
835.544018
835.565903
835.565903
835.544018
835.500306
835.434875
835.347893
835.239581
835.110213
834.960119
834.789680
834.599329
834.588610
834.778690
834.948888
835.098769
835.227953
835.336112
835.422971
835.488309
835.531960
835.553813
835.553813
835.531960
835.488309
835.422971
835.336112
835.227953
835.098769
834.948888
834.778690
834.588610
834.577905
834.767717
834.937673
835.087342
835.216343
835.324348
835.411084
835.476329
835.519918
835.541740
835.541740
835.519918
835.476329
835.411084
835.324348
835.216343
835.087342
834.937673
834.767717
834.577905
834.567216
834.756758
834.926474
835.075930
835.204749
835.312601
835.399214
835.464366
835.507894
835.529685
835.529685
835.507894
835.464366
835.399214
835.312601
835.204749
835.075930
834.926474
834.756758
834.567216
834.556542
834.745816
834.915290
835.064535
835.193171
835.300870
835.387360
835.452421
835.495886
835.517647
835.517647
835.495886
835.452421
835.387360
835.300870
835.193171
835.064535
834.915290
834.745816
834.556542
834.545883
834.734889
834.904123
835.053156
835.181610
835.289156
835.375524
835.440492
835.483896
835.505625
835.505625
835.483896
835.440492
835.375524
835.289156
835.181610
835.053156
834.904123
834.734889
834.545883
834.535240
834.723977
834.892971
835.041793
835.170065
835.277459
835.363704
835.428580
835.471922
835.493621
835.493621
835.471922
835.428580
835.363704
835.277459
835.170065
835.041793
834.892971
834.723977
834.535240
834.524611
834.713081
834.881836
835.030447
835.158536
835.265778
835.351901
835.416685
835.459966
835.481634
835.481634
835.459966
835.416685
835.351901
835.265778
835.158536
835.030447
834.881836
834.713081
834.524611
834.513998
834.702200
834.870716
835.019116
835.147024
835.254114
835.340115
835.404807
835.448027
835.469664
835.469664
835.448027
835.404807
835.340115
835.254114
835.147024
835.019116
834.870716
834.702200
834.513998
834.503399
834.691335
834.859612
835.007802
835.135528
835.242467
835.328345
835.392946
835.436104
835.457711
835.457711
835.436104
835.392946
835.328345
835.242467
835.135528
835.007802
834.859612
834.691335
834.503399
834.492816
834.680485
834.848523
834.996503
835.124049
835.230836
835.316592
835.381101
835.424199
835.445775
835.445775
835.424199
835.381101
835.316592
835.230836
835.124049
834.996503
834.848523
834.680485
834.492816
834.482247
834.669651
834.837451
834.985221
835.112586
835.219221
835.304856
835.369274
835.412310
835.433855
835.433855
835.412310
835.369274
835.304856
835.219221
835.112586
834.985221
834.837451
834.669651
834.482247
834.471694
834.658831
834.826394
834.973954
835.101139
835.207623
835.293137
835.357463
835.400438
835.421953
835.421953
835.400438
835.357463
835.293137
835.207623
835.101139
834.973954
834.826394
834.658831
834.471694
834.461155
834.648028
834.815352
834.962704
835.089708
835.196041
835.281434
835.345669
835.388583
835.410068
835.410068
835.388583
835.345669
835.281434
835.196041
835.089708
834.962704
834.815352
834.648028
834.461155
834.450632
834.637239
834.804327
834.951470
835.078294
835.184476
835.269748
835.333892
835.376745
835.398199
835.398199
835.376745
835.333892
835.269748
835.184476
835.078294
834.951470
834.804327
834.637239
834.450632
834.440123
834.626466
834.793317
834.940251
835.066895
835.172927
835.258078
835.322131
835.364924
835.386348
835.386348
835.364924
835.322131
835.258078
835.172927
835.066895
834.940251
834.793317
834.626466
834.440123
834.429629
834.615708
834.782323
834.929049
835.055513
835.161395
835.246425
835.310387
835.353120
835.374513
835.374513
835.353120
835.310387
835.246425
835.161395
835.055513
834.929049
834.782323
834.615708
834.429629
834.419150
834.604966
834.771344
834.917862
835.044147
835.149879
835.234789
835.298660
835.341332
835.362695
835.362695
835.341332
835.298660
835.234789
835.149879
835.044147
834.917862
834.771344
834.604966
834.419150
834.408686
834.594238
834.760381
834.906691
835.032797
835.138379
835.223169
835.286950
835.329561
835.350893
835.350893
835.329561
835.286950
835.223169
835.138379
835.032797
834.906691
834.760381
834.594238
834.408686
834.398237
834.583526
834.749433
834.895536
835.021464
835.126896
835.211565
835.275256
835.317806
835.339109
835.339109
835.317806
835.275256
835.211565
835.126896
835.021464
834.895536
834.749433
834.583526
834.398237
834.387803
834.572829
834.738501
834.884397
835.010146
835.115429
835.199978
835.263579
835.306069
835.327341
835.327341
835.306069
835.263579
835.199978
835.115429
835.010146
834.884397
834.738501
834.572829
834.387803
834.377383
834.562147
834.727584
834.873274
834.998844
835.103978
835.188407
835.251918
835.294348
835.315590
835.315590
835.294348
835.251918
835.188407
835.103978
834.998844
834.873274
834.727584
834.562147
834.377383
834.366979
834.551481
834.716683
834.862166
834.987559
835.092544
835.176853
835.240274
835.282644
835.303855
835.303855
835.282644
835.240274
835.176853
835.092544
834.987559
834.862166
834.716683
834.551481
834.366979
834.356589
834.540829
834.705798
834.851074
834.976289
835.081125
835.165316
835.228646
835.270956
835.292138
835.292138
835.270956
835.228646
835.165316
835.081125
834.976289
834.851074
834.705798
834.540829
834.356589
834.346213
834.530193
834.694927
834.839998
834.965036
835.069723
835.153794
835.217035
835.259285
835.280437
835.280437
835.259285
835.217035
835.153794
835.069723
834.965036
834.839998
834.694927
834.530193
834.346213
834.335853
834.519572
834.684073
834.828938
834.953798
835.058337
835.142289
835.205440
835.247630
835.268752
835.268752
835.247630
835.205440
835.142289
835.058337
834.953798
834.828938
834.684073
834.519572
834.335853
834.325507
834.508965
834.673233
834.817893
834.942577
835.046968
835.130800
835.193862
835.235992
835.257084
835.257084
835.235992
835.193862
835.130800
835.046968
834.942577
834.817893
834.673233
834.508965
834.325507
834.315175
834.498374
834.662409
834.806864
834.931371
835.035614
835.119328
835.182300
835.224371
835.245433
835.245433
835.224371
835.182300
835.119328
835.035614
834.931371
834.806864
834.662409
834.498374
834.315175
834.304859
834.487798
834.651601
834.795851
834.920181
835.024276
835.107872
835.170755
835.212766
835.233798
835.233798
835.212766
835.170755
835.107872
835.024276
834.920181
834.795851
834.651601
834.487798
834.304859
834.294557
834.477237
834.640807
834.784853
834.909007
835.012955
835.096432
835.159226
835.201177
835.222180
835.222180
835.201177
835.159226
835.096432
835.012955
834.909007
834.784853
834.640807
834.477237
834.294557
834.284270
834.466690
834.630029
834.773871
834.897849
835.001650
835.085008
835.147713
835.189605
835.210578
835.210578
835.189605
835.147713
835.085008
835.001650
834.897849
834.773871
834.630029
834.466690
834.284270
834.273997
834.456159
834.619267
834.762904
834.886707
834.990360
835.073601
835.136217
835.178049
835.198992
835.198992
835.178049
835.136217
835.073601
834.990360
834.886707
834.762904
834.619267
834.456159
834.273997
834.263739
834.445643
834.608519
834.751953
834.875581
834.979087
835.062209
835.124737
835.166510
835.187423
835.187423
835.166510
835.124737
835.062209
834.979087
834.875581
834.751953
834.608519
834.445643
834.263739
834.253495
834.435141
834.597787
834.741018
834.864470
834.967830
835.050834
835.113273
835.154987
835.175871
835.175871
835.154987
835.113273
835.050834
834.967830
834.864470
834.741018
834.597787
834.435141
834.253495
834.243266
834.424655
834.587070
834.730098
834.853375
834.956588
835.039475
835.101826
835.143481
835.164335
835.164335
835.143481
835.101826
835.039475
834.956588
834.853375
834.730098
834.587070
834.424655
834.243266
834.233051
834.414183
834.576368
834.719193
834.842296
834.945363
835.028132
835.090394
835.131990
835.152815
835.152815
835.131990
835.090394
835.028132
834.945363
834.842296
834.719193
834.576368
834.414183
834.233051
834.222851
834.403726
834.565681
834.708304
834.831232
834.934153
835.016806
835.078979
835.120516
835.141311
835.141311
835.120516
835.078979
835.016806
834.934153
834.831232
834.708304
834.565681
834.403726
834.222851
834.212665
834.393284
834.555010
834.697431
834.820185
834.922960
835.005495
835.067581
835.109059
835.129824
835.129824
835.109059
835.067581
835.005495
834.922960
834.820185
834.697431
834.555010
834.393284
834.212665
834.202494
834.382857
834.544353
834.686572
834.809153
834.911782
834.994200
835.056198
835.097617
835.118354
835.118354
835.097617
835.056198
834.994200
834.911782
834.809153
834.686572
834.544353
834.382857
834.202494
834.192337
834.372445
834.533712
834.675730
834.798136
834.900620
834.982922
835.044832
835.086192
835.106899
835.106899
835.086192
835.044832
834.982922
834.900620
834.798136
834.675730
834.533712
834.372445
834.192337
834.182195
834.362047
834.523086
834.664902
834.787135
834.889474
834.971659
835.033481
835.074783
835.095461
835.095461
835.074783
835.033481
834.971659
834.889474
834.787135
834.664902
834.523086
834.362047
834.182195
834.172066
834.351664
834.512475
834.654090
834.776150
834.878344
834.960413
835.022147
835.063391
835.084039
835.084039
835.063391
835.022147
834.960413
834.878344
834.776150
834.654090
834.512475
834.351664
834.172066
834.161953
834.341296
834.501879
834.643294
834.765180
834.867230
834.949182
835.010829
835.052014
835.072633
835.072633
835.052014
835.010829
834.949182
834.867230
834.765180
834.643294
834.501879
834.341296
834.161953
834.151853
834.330942
834.491298
834.632512
834.754226
834.856131
834.937967
834.999527
835.040654
835.061243
835.061243
835.040654
834.999527
834.937967
834.856131
834.754226
834.632512
834.491298
834.330942
834.151853
834.141768
834.320604
834.480732
834.621746
834.743288
834.845048
834.926768
834.988241
835.029309
835.049870
835.049870
835.029309
834.988241
834.926768
834.845048
834.743288
834.621746
834.480732
834.320604
834.141768
834.131697
834.310279
834.470181
834.610995
834.732365
834.833981
834.915585
834.976971
835.017981
835.038512
835.038512
835.017981
834.976971
834.915585
834.833981
834.732365
834.610995
834.470181
834.310279
834.131697
834.121641
834.299970
834.459645
834.600260
834.721457
834.822929
834.904418
834.965717
835.006669
835.027171
835.027171
835.006669
834.965717
834.904418
834.822929
834.721457
834.600260
834.459645
834.299970
834.121641
834.111599
834.289675
834.449124
834.589539
834.710565
834.811894
834.893267
834.954479
834.995373
835.015846
835.015846
834.995373
834.954479
834.893267
834.811894
834.710565
834.589539
834.449124
834.289675
834.111599
834.101571
834.279395
834.438617
834.578834
834.699689
834.800873
834.882132
834.943256
834.984093
835.004537
835.004537
834.984093
834.943256
834.882132
834.800873
834.699689
834.578834
834.438617
834.279395
834.101571
834.091557
834.269129
834.428126
834.568144
834.688828
834.789869
834.871012
834.932050
834.972829
834.993244
834.993244
834.972829
834.932050
834.871012
834.789869
834.688828
834.568144
834.428126
834.269129
834.091557
834.081557
834.258878
834.417650
834.557470
834.677982
834.778880
834.859908
834.920860
834.961581
834.981967
834.981967
834.961581
834.920860
834.859908
834.778880
834.677982
834.557470
834.417650
834.258878
834.081557
834.071572
834.248641
834.407188
834.546810
834.667151
834.767907
834.848820
834.909685
834.950348
834.970706
834.970706
834.950348
834.909685
834.848820
834.767907
834.667151
834.546810
834.407188
834.248641
834.071572
834.061600
834.238419
834.396741
834.536165
834.656336
834.756949
834.837748
834.898527
834.939132
834.959461
834.959461
834.939132
834.898527
834.837748
834.756949
834.656336
834.536165
834.396741
834.238419
834.061600
834.051643
834.228211
834.386309
834.525536
834.645537
834.746007
834.826691
834.887384
834.927932
834.948232
834.948232
834.927932
834.887384
834.826691
834.746007
834.645537
834.525536
834.386309
834.228211
834.051643
834.041700
834.218018
834.375892
834.514921
834.634752
834.735080
834.815650
834.876257
834.916747
834.937018
834.937018
834.916747
834.876257
834.815650
834.735080
834.634752
834.514921
834.375892
834.218018
834.041700
834.031771
834.207839
834.365490
834.504322
834.623983
834.724169
834.804624
834.865146
834.905579
834.925821
834.925821
834.905579
834.865146
834.804624
834.724169
834.623983
834.504322
834.365490
834.207839
834.031771
834.021856
834.197675
834.355102
834.493738
834.613229
834.713273
834.793615
834.854050
834.894426
834.914640
834.914640
834.894426
834.854050
834.793615
834.713273
834.613229
834.493738
834.355102
834.197675
834.021856
834.011955
834.187525
834.344729
834.483169
834.602491
834.702393
834.782621
834.842971
834.883289
834.903474
834.903474
834.883289
834.842971
834.782621
834.702393
834.602491
834.483169
834.344729
834.187525
834.011955
834.002068
834.177389
834.334371
834.472614
834.591767
834.691528
834.771642
834.831907
834.872168
834.892325
834.892325
834.872168
834.831907
834.771642
834.691528
834.591767
834.472614
834.334371
834.177389
834.002068
833.992196
834.167268
834.324028
834.462075
834.581059
834.680679
834.760679
834.820858
834.861063
834.881191
834.881191
834.861063
834.820858
834.760679
834.680679
834.581059
834.462075
834.324028
834.167268
833.992196
833.982337
834.157161
834.313699
834.451550
834.570366
834.669844
834.749732
834.809826
834.849973
834.870073
834.870073
834.849973
834.809826
834.749732
834.669844
834.570366
834.451550
834.313699
834.157161
833.982337
833.972492
834.147069
834.303384
834.441041
834.559689
834.659026
834.738800
834.798809
834.838900
834.858970
834.858970
834.838900
834.798809
834.738800
834.659026
834.559689
834.441041
834.303384
834.147069
833.972492
833.962661
834.136991
834.293085
834.430546
834.549026
834.648222
834.727884
834.787807
834.827841
834.847884
834.847884
834.827841
834.787807
834.727884
834.648222
834.549026
834.430546
834.293085
834.136991
833.962661
833.952844
834.126927
834.282800
834.420067
834.538378
834.637434
834.716983
834.776822
834.816799
834.836813
834.836813
834.816799
834.776822
834.716983
834.637434
834.538378
834.420067
834.282800
834.126927
833.952844
833.943041
834.116877
834.272529
834.409602
834.527746
834.626662
834.706097
834.765852
834.805772
834.825758
834.825758
834.805772
834.765852
834.706097
834.626662
834.527746
834.409602
834.272529
834.116877
833.943041
833.933252
834.106842
834.262273
834.399152
834.517129
834.615904
834.695228
834.754897
834.794761
834.814718
834.814718
834.794761
834.754897
834.695228
834.615904
834.517129
834.399152
834.262273
834.106842
833.933252
833.923476
834.096821
834.252032
834.388717
834.506526
834.605162
834.684373
834.743958
834.783766
834.803695
834.803695
834.783766
834.743958
834.684373
834.605162
834.506526
834.388717
834.252032
834.096821
833.923476
833.913715
834.086814
834.241805
834.378296
834.495939
834.594435
834.673534
834.733034
834.772786
834.792687
834.792687
834.772786
834.733034
834.673534
834.594435
834.495939
834.378296
834.241805
834.086814
833.913715
833.903967
834.076821
834.231593
834.367891
834.485367
834.583723
834.662710
834.722126
834.761821
834.781694
834.781694
834.761821
834.722126
834.662710
834.583723
834.485367
834.367891
834.231593
834.076821
833.903967
833.894233
834.066842
834.221395
834.357500
834.474810
834.573027
834.651902
834.711234
834.750872
834.770717
834.770717
834.750872
834.711234
834.651902
834.573027
834.474810
834.357500
834.221395
834.066842
833.894233
833.884513
834.056878
834.211212
834.347123
834.464267
834.562345
834.641108
834.700357
834.739939
834.759756
834.759756
834.739939
834.700357
834.641108
834.562345
834.464267
834.347123
834.211212
834.056878
833.884513
833.874807
834.046927
834.201043
834.336762
834.453740
834.551679
834.630331
834.689495
834.729021
834.748810
834.748810
834.729021
834.689495
834.630331
834.551679
834.453740
834.336762
834.201043
834.046927
833.874807
833.865115
834.036991
834.190888
834.326415
834.443227
834.541028
834.619568
834.678649
834.718119
834.737880
834.737880
834.718119
834.678649
834.619568
834.541028
834.443227
834.326415
834.190888
834.036991
833.865115
833.855436
834.027069
834.180748
834.316083
834.432730
834.530392
834.608821
834.667818
834.707232
834.726965
834.726965
834.707232
834.667818
834.608821
834.530392
834.432730
834.316083
834.180748
834.027069
833.855436
833.845771
834.017161
834.170622
834.305766
834.422247
834.519771
834.598089
834.657002
834.696361
834.716065
834.716065
834.696361
834.657002
834.598089
834.519771
834.422247
834.305766
834.170622
834.017161
833.845771
833.836119
834.007267
834.160511
834.295463
834.411780
834.509165
834.587372
834.646202
834.685505
834.705182
834.705182
834.685505
834.646202
834.587372
834.509165
834.411780
834.295463
834.160511
834.007267
833.836119
833.019040
833.812252
834.107958
834.275438
834.399094
834.498062
834.576553
834.635390
834.674658
834.694311
834.694311
834.674658
834.635390
834.576553
834.498062
834.399094
834.275438
834.107958
833.812252
833.019040
832.560926
833.533411
833.998097
834.233544
834.379400
834.484904
834.565169
834.624436
834.663784
834.683443
834.683443
834.663784
834.624436
834.565169
834.484904
834.379400
834.233544
833.998097
833.533411
832.560926
832.227335
833.271320
833.855191
834.167782
834.348706
834.467552
834.552354
834.613033
834.652781
834.672536
834.672536
834.652781
834.613033
834.552354
834.467552
834.348706
834.167782
833.855191
833.271320
832.227335
831.953860
833.034710
833.700761
834.083766
834.305972
834.444294
834.537076
834.600707
834.641454
834.661501
834.661501
834.641454
834.600707
834.537076
834.444294
834.305972
834.083766
833.700761
833.034710
831.953860
831.716672
832.819832
833.544847
833.987990
834.252423
834.414366
834.518457
834.586912
834.629525
834.650182
834.650182
834.629525
834.586912
834.518457
834.414366
834.252423
833.987990
833.544847
832.819832
831.716672
831.504425
832.622416
833.391611
833.885313
834.190133
834.377846
834.495949
834.571144
834.616664
834.638359
834.638359
834.616664
834.571144
834.495949
834.377846
834.190133
833.885313
833.391611
832.622416
831.504425
831.310703
832.439131
833.242650
833.778948
834.121174
834.335315
834.469348
834.553014
834.602539
834.625771
834.625771
834.602539
834.553014
834.469348
834.335315
834.121174
833.778948
833.242650
832.439131
831.310703
831.131449
832.267494
833.098458
833.670937
834.047297
834.287560
834.438713
834.532270
834.586845
834.612132
834.612132
834.586845
834.532270
834.438713
834.287560
834.047297
833.670937
833.098458
832.267494
831.131449
830.963903
832.105641
832.959052
833.562567
833.969886
834.235399
834.404268
834.508789
834.569332
834.597167
834.597167
834.569332
834.508789
834.404268
834.235399
833.969886
833.562567
832.959052
832.105641
830.963903
830.806082
831.952140
832.824248
833.454642
833.889999
834.179587
834.366320
834.482549
834.549807
834.580625
834.580625
834.549807
834.482549
834.366320
834.179587
833.889999
833.454642
832.824248
831.952140
830.806082
830.656509
831.805870
832.693785
833.347664
833.808434
834.120785
834.325210
834.453595
834.528138
834.562296
834.562296
834.528138
834.453595
834.325210
834.120785
833.808434
833.347664
832.693785
831.805870
830.656509
830.514044
831.665936
832.567375
833.241940
833.725790
834.059552
834.281274
834.422021
834.504242
834.542014
834.542014
834.504242
834.422021
834.281274
834.059552
833.725790
833.241940
832.567375
831.665936
830.514044
830.377787
831.531608
832.444739
833.137652
833.642513
833.996353
834.234826
834.387946
834.478082
834.519661
834.519661
834.478082
834.387946
834.234826
833.996353
833.642513
833.137652
832.444739
831.531608
830.377787
830.247014
831.402287
832.325608
833.034898
833.558937
833.931568
834.186152
834.351502
834.449656
834.495157
834.495157
834.449656
834.351502
834.186152
833.931568
833.558937
833.034898
832.325608
831.402287
830.247014
830.121127
831.277467
832.209735
832.933720
833.475309
833.865508
834.135505
834.312827
834.418989
834.468466
834.468466
834.418989
834.312827
834.135505
833.865508
833.475309
832.933720
832.209735
831.277467
830.121127
829.999631
831.156724
832.096892
832.834125
833.391812
833.798425
834.083106
834.272056
834.386130
834.439578
834.439578
834.386130
834.272056
834.083106
833.798425
833.391812
832.834125
832.096892
831.156724
829.999631
829.882106
831.039692
831.986870
832.736095
833.308579
833.730522
834.029149
834.229323
834.351139
834.408512
834.408512
834.351139
834.229323
834.029149
833.730522
833.308579
832.736095
831.986870
831.039692
829.882106
829.768193
830.926054
831.879477
832.639594
833.225706
833.661965
833.973802
834.184754
834.314093
834.375308
834.375308
834.314093
834.184754
833.973802
833.661965
833.225706
832.639594
831.879477
830.926054
829.768193
829.657584
830.815535
831.774540
832.544578
833.143261
833.592887
833.917210
834.138468
834.275070
834.340022
834.340022
834.275070
834.138468
833.917210
833.592887
833.143261
832.544578
831.774540
830.815535
829.657584
829.550007
830.707890
831.671897
832.450995
833.061288
833.523396
833.859499
834.090579
834.234160
834.302719
834.302719
834.234160
834.090579
833.859499
833.523396
833.061288
832.450995
831.671897
830.707890
829.550007
829.445225
830.602904
831.571401
832.358787
832.979819
833.453578
833.800782
834.041192
834.191449
834.263477
834.263477
834.191449
834.041192
833.800782
833.453578
832.979819
832.358787
831.571401
830.602904
829.445225
829.343028
830.500385
831.472917
832.267898
832.898868
833.383505
833.741153
833.990407
834.147028
834.222374
834.222374
834.147028
833.990407
833.741153
833.383505
832.898868
832.267898
831.472917
830.500385
829.343028
829.243228
830.400159
831.376319
832.178267
832.818443
833.313233
833.680698
833.938316
834.100986
834.179497
834.179497
834.100986
833.938316
833.680698
833.313233
832.818443
832.178267
831.376319
830.400159
829.243228
829.145656
830.302069
831.281492
832.089838
832.738545
833.242809
833.619493
833.885006
834.053411
834.134931
834.134931
834.053411
833.885006
833.619493
833.242809
832.738545
832.089838
831.281492
830.302069
829.145656
829.050159
830.205974
831.188328
832.002552
832.659168
833.172272
833.557604
833.830559
834.004390
834.088762
834.088762
834.004390
833.830559
833.557604
833.172272
832.659168
832.002552
831.188328
830.205974
829.050159
828.956599
830.111743
831.096728
831.916354
832.580302
833.101652
833.495091
833.775050
833.954004
834.041076
834.041076
833.954004
833.775050
833.495091
833.101652
832.580302
831.916354
831.096728
830.111743
828.956599
828.864849
830.019257
831.006599
831.831189
832.501936
833.030975
833.432006
833.718551
833.902335
833.991956
833.991956
833.902335
833.718551
833.432006
833.030975
832.501936
831.831189
831.006599
830.019257
828.864849
828.774795
829.928408
830.917855
831.747006
832.424055
832.960261
833.368400
833.661129
833.849459
833.941484
833.941484
833.849459
833.661129
833.368400
832.960261
832.424055
831.747006
830.917855
829.928408
828.774795
828.686330
829.839094
830.830416
831.663754
832.346644
832.889528
833.304315
833.602845
833.795449
833.889737
833.889737
833.795449
833.602845
833.304315
832.889528
832.346644
831.663754
830.830416
829.839094
828.686330
828.599356
829.751223
830.744206
831.581387
832.269688
832.818791
833.239791
833.543759
833.740377
833.836792
833.836792
833.740377
833.543759
833.239791
832.818791
832.269688
831.581387
830.744206
829.751223
828.599356
828.513782
829.664708
830.659156
831.499859
832.193170
832.748061
833.174865
833.483924
833.684309
833.782722
833.782722
833.684309
833.483924
833.174865
832.748061
832.193170
831.499859
830.659156
829.664708
828.513782
828.429525
829.579469
830.575201
831.419127
832.117074
832.677349
833.109570
833.423394
833.627307
833.727596
833.727596
833.627307
833.423394
833.109570
832.677349
832.117074
831.419127
830.575201
829.579469
828.429525
828.346507
829.495432
830.492277
831.339149
832.041382
832.606663
833.043937
833.362215
833.569434
833.671479
833.671479
833.569434
833.362215
833.043937
832.606663
832.041382
831.339149
830.492277
829.495432
828.346507
828.264656
829.412527
830.410329
831.259889
831.966080
832.536011
832.977994
833.300433
833.510744
833.614434
833.614434
833.510744
833.300433
832.977994
832.536011
831.966080
831.259889
830.410329
829.412527
828.264656
828.183903
829.330689
830.329302
831.181308
831.891152
832.465398
832.911767
833.238090
833.451292
833.556522
833.556522
833.451292
833.238090
832.911767
832.465398
831.891152
831.181308
830.329302
829.330689
828.183903
828.104188
829.249859
830.249146
831.103372
831.816581
832.394829
832.845281
833.175227
833.391129
833.497798
833.497798
833.391129
833.175227
832.845281
832.394829
831.816581
831.103372
830.249146
829.249859
828.104188
828.025450
829.169979
830.169814
831.026049
831.742355
832.324311
832.778558
833.111881
833.330303
833.438316
833.438316
833.330303
833.111881
832.778558
832.324311
831.742355
831.026049
830.169814
829.169979
828.025450
827.947635
829.090997
830.091261
830.949308
831.668459
832.253846
832.711620
833.048086
833.268858
833.378126
833.378126
833.268858
833.048086
832.711620
832.253846
831.668459
830.949308
830.091261
829.090997
827.947635
827.870691
829.012864
830.013445
830.873120
831.594880
832.183437
832.644485
832.983877
833.206838
833.317276
833.317276
833.206838
832.983877
832.644485
832.183437
831.594880
830.873120
830.013445
829.012864
827.870691
827.794572
828.935532
829.936327
830.797457
831.521605
832.113090
832.577171
832.919283
833.144283
833.255811
833.255811
833.144283
832.919283
832.577171
832.113090
831.521605
830.797457
829.936327
828.935532
827.794572
827.719231
828.858959
829.859872
830.722294
831.448621
832.042805
832.509697
832.854334
833.081230
833.193773
833.193773
833.081230
832.854334
832.509697
832.042805
831.448621
830.722294
829.859872
828.858959
827.719231
827.644626
828.783104
829.784043
830.647606
831.375918
831.972585
832.442077
832.789057
833.017716
833.131202
833.131202
833.017716
832.789057
832.442077
831.972585
831.375918
830.647606
829.784043
828.783104
827.644626
827.570719
828.707929
829.708809
830.573371
831.303485
831.902433
832.374327
832.723478
832.953773
833.068136
833.068136
832.953773
832.723478
832.374327
831.902433
831.303485
830.573371
829.708809
828.707929
827.570719
827.497471
828.633398
829.634140
830.499566
831.231311
831.832350
832.306460
832.657620
832.889432
833.004611
833.004611
832.889432
832.657620
832.306460
831.832350
831.231311
830.499566
829.634140
828.633398
827.497471
827.424849
828.559477
829.560006
830.426172
831.159387
831.762339
832.238489
832.591507
832.824725
832.940658
832.940658
832.824725
832.591507
832.238489
831.762339
831.159387
830.426172
829.560006
828.559477
827.424849
827.352819
828.486134
829.486381
830.353170
831.087703
831.692401
832.170427
832.525160
832.759678
832.876311
832.876311
832.759678
832.525160
832.170427
831.692401
831.087703
830.353170
829.486381
828.486134
827.352819
827.281352
828.413341
829.413240
830.280541
831.016251
831.622537
832.102285
832.458598
832.694318
832.811598
832.811598
832.694318
832.458598
832.102285
831.622537
831.016251
830.280541
829.413240
828.413341
827.281352
827.210417
828.341069
829.340559
830.208269
830.945022
831.552749
832.034073
832.391841
832.628669
832.746547
832.746547
832.628669
832.391841
832.034073
831.552749
830.945022
830.208269
829.340559
828.341069
827.210417
827.139988
828.269292
829.268315
830.136337
830.874009
831.483038
831.965802
832.324906
832.562755
832.681184
832.681184
832.562755
832.324906
831.965802
831.483038
830.874009
830.136337
829.268315
828.269292
827.139988
827.070041
828.197986
829.196488
830.064732
830.803204
831.413406
831.897481
832.257809
832.496597
832.615534
832.615534
832.496597
832.257809
831.897481
831.413406
830.803204
830.064732
829.196488
828.197986
827.070041
827.000550
828.127127
829.125059
829.993438
830.732601
831.343852
831.829119
832.190566
832.430215
832.549620
832.549620
832.430215
832.190566
831.829119
831.343852
830.732601
829.993438
829.125059
828.127127
827.000550
826.931494
828.056694
829.054007
829.922443
830.662193
831.274379
831.760724
832.123192
832.363630
832.483463
832.483463
832.363630
832.123192
831.760724
831.274379
830.662193
829.922443
829.054007
828.056694
826.931494
826.862851
827.986666
828.983317
829.851733
830.591974
831.204987
831.692304
832.055700
832.296859
832.417084
832.417084
832.296859
832.055700
831.692304
831.204987
830.591974
829.851733
828.983317
827.986666
826.862851
826.794602
827.917025
828.912972
829.781299
830.521938
831.135676
831.623865
831.988103
832.229919
832.350503
832.350503
832.229919
831.988103
831.623865
831.135676
830.521938
829.781299
828.912972
827.917025
826.794602
826.726728
827.847751
828.842956
829.711127
830.452080
831.066448
831.555415
831.920413
832.162825
832.283736
832.283736
832.162825
831.920413
831.555415
831.066448
830.452080
829.711127
828.842956
827.847751
826.726728
826.659211
827.778829
828.773255
829.641208
830.382394
830.997304
831.486961
831.852641
832.095594
832.216801
832.216801
832.095594
831.852641
831.486961
830.997304
830.382394
829.641208
828.773255
827.778829
826.659211
826.592036
827.710243
828.703855
829.571533
830.312876
830.928243
831.418508
831.784799
832.028239
832.149714
832.149714
832.028239
831.784799
831.418508
830.928243
830.312876
829.571533
828.703855
827.710243
826.592036
826.525187
827.641976
828.634744
829.502091
830.243522
830.859267
831.350061
831.716896
831.960772
832.082490
832.082490
831.960772
831.716896
831.350061
830.859267
830.243522
829.502091
828.634744
827.641976
826.525187
826.458648
827.574016
828.565909
829.432875
830.174326
830.790376
831.281627
831.648942
831.893208
832.015142
832.015142
831.893208
831.648942
831.281627
830.790376
830.174326
829.432875
828.565909
827.574016
826.458648
826.392408
827.506350
828.497340
829.363877
830.105286
830.721570
831.213210
831.580944
831.825557
831.947685
831.947685
831.825557
831.580944
831.213210
830.721570
830.105286
829.363877
828.497340
827.506350
826.392408
826.326452
827.438964
828.429025
829.295087
830.036396
830.652851
831.144814
831.512913
831.757830
831.880129
831.880129
831.757830
831.512913
831.144814
830.652851
830.036396
829.295087
828.429025
827.438964
826.326452
826.260769
827.371847
828.360955
829.226501
829.967655
830.584217
831.076445
831.444855
831.690037
831.812488
831.812488
831.690037
831.444855
831.076445
830.584217
829.967655
829.226501
828.360955
827.371847
826.260769
826.195347
827.304988
828.293120
829.158110
829.899057
830.515671
831.008105
831.376777
831.622189
831.744771
831.744771
831.622189
831.376777
831.008105
830.515671
829.899057
829.158110
828.293120
827.304988
826.195347
826.130176
827.238376
828.225511
829.089908
829.830601
830.447212
830.939800
831.308687
831.554293
831.676990
831.676990
831.554293
831.308687
830.939800
830.447212
829.830601
829.089908
828.225511
827.238376
826.130176
826.065245
827.172003
828.158121
829.021890
829.762282
830.378840
830.871532
831.240591
831.486360
831.609153
831.609153
831.486360
831.240591
830.871532
830.378840
829.762282
829.021890
828.158121
827.172003
826.065245
826.000546
827.105858
828.090940
828.954049
829.694099
830.310556
830.803304
831.172495
831.418396
831.541270
831.541270
831.418396
831.172495
830.803304
830.310556
829.694099
828.954049
828.090940
827.105858
826.000546
825.936069
827.039934
828.023963
828.886381
829.626048
830.242360
830.735121
831.104404
831.350410
831.473349
831.473349
831.350410
831.104404
830.735121
830.242360
829.626048
828.886381
828.023963
827.039934
825.936069
825.871806
826.974222
827.957181
828.818880
829.558127
830.174252
830.666985
831.036324
831.282408
831.405398
831.405398
831.282408
831.036324
830.666985
830.174252
829.558127
828.818880
827.957181
826.974222
825.871806
825.807749
826.908714
827.890588
828.751542
829.490334
830.106233
830.598898
830.968260
831.214396
831.337424
831.337424
831.214396
830.968260
830.598898
830.106233
829.490334
828.751542
827.890588
826.908714
825.807749
825.743891
826.843404
827.824179
828.684362
829.422667
830.038303
830.530864
830.900217
831.146382
831.269436
831.269436
831.146382
830.900217
830.530864
830.038303
829.422667
828.684362
827.824179
826.843404
825.743891
825.680225
826.778284
827.757948
828.617336
829.355123
829.970461
830.462885
830.832199
831.078371
831.201438
831.201438
831.078371
830.832199
830.462885
829.970461
829.355123
828.617336
827.757948
826.778284
825.680225
825.616744
826.713348
827.691888
828.550460
829.287700
829.902709
830.394962
830.764209
831.010368
831.133438
831.133438
831.010368
830.764209
830.394962
829.902709
829.287700
828.550460
827.691888
826.713348
825.616744
825.553442
826.648591
827.625995
828.483731
829.220397
829.835045
830.327099
830.696253
830.942378
831.065441
831.065441
830.942378
830.696253
830.327099
829.835045
829.220397
828.483731
827.625995
826.648591
825.553442
825.490313
826.584007
827.560265
828.417145
829.153211
829.767471
830.259297
830.628333
830.874407
830.997453
830.997453
830.874407
830.628333
830.259297
829.767471
829.153211
828.417145
827.560265
826.584007
825.490313
825.427353
826.519590
827.494692
828.350698
829.086141
829.699986
830.191558
830.560453
830.806459
830.929479
830.929479
830.806459
830.560453
830.191558
829.699986
829.086141
828.350698
827.494692
826.519590
825.427353
825.364555
826.455335
827.429272
828.284388
829.019186
829.632591
830.123883
830.492616
830.738538
830.861523
830.861523
830.738538
830.492616
830.123883
829.632591
829.019186
828.284388
827.429272
826.455335
825.364555
825.301914
826.391238
827.364002
828.218212
828.952344
829.565286
830.056275
830.424825
830.670647
830.793590
830.793590
830.670647
830.424825
830.056275
829.565286
828.952344
828.218212
827.364002
826.391238
825.301914
825.239428
826.327295
827.298877
828.152167
828.885613
829.498070
829.988735
830.357083
830.602792
830.725684
830.725684
830.602792
830.357083
829.988735
829.498070
828.885613
828.152167
827.298877
826.327295
825.239428
825.177090
826.263500
827.233894
828.086250
828.818993
829.430944
829.921264
830.289393
830.534975
830.657810
830.657810
830.534975
830.289393
829.921264
829.430944
828.818993
828.086250
827.233894
826.263500
825.177090
825.114897
826.199851
827.169049
828.020459
828.752481
829.363907
829.853864
830.221756
830.467199
830.589971
830.589971
830.467199
830.221756
829.853864
829.363907
828.752481
828.020459
827.169049
826.199851
825.114897
825.052846
826.136344
827.104340
827.954792
828.686078
829.296960
829.786536
830.154175
830.399468
830.522170
830.522170
830.399468
830.154175
829.786536
829.296960
828.686078
827.954792
827.104340
826.136344
825.052846
824.990933
826.072974
827.039764
827.889246
828.619781
829.230103
829.719281
830.086653
830.331784
830.454410
830.454410
830.331784
830.086653
829.719281
829.230103
828.619781
827.889246
827.039764
826.072974
824.990933
824.929153
826.009740
826.975317
827.823820
828.553589
829.163336
829.652100
830.019191
830.264150
830.386695
830.386695
830.264150
830.019191
829.652100
829.163336
828.553589
827.823820
826.975317
826.009740
824.929153
824.867505
825.946637
826.910997
827.758511
828.487502
829.096659
829.584994
829.951792
830.196569
830.319028
830.319028
830.196569
829.951792
829.584994
829.096659
828.487502
827.758511
826.910997
825.946637
824.867505
824.805985
825.883664
826.846802
827.693318
828.421519
829.030072
829.517964
829.884456
830.129043
830.251412
830.251412
830.129043
829.884456
829.517964
829.030072
828.421519
827.693318
826.846802
825.883664
824.805985
824.744591
825.820816
826.782729
827.628238
828.355638
828.963574
829.451011
829.817186
830.061575
830.183848
830.183848
830.061575
829.817186
829.451011
828.963574
828.355638
827.628238
826.782729
825.820816
824.744591
824.683319
825.758092
826.718775
827.563271
828.289859
828.897166
829.384135
829.749983
829.994165
830.116339
830.116339
829.994165
829.749983
829.384135
828.897166
828.289859
827.563271
826.718775
825.758092
824.683319
824.622167
825.695490
826.654940
827.498415
828.224181
828.830848
829.317339
829.682849
829.926817
830.048887
830.048887
829.926817
829.682849
829.317339
828.830848
828.224181
827.498415
826.654940
825.695490
824.622167
824.561133
825.633006
826.591220
827.433668
828.158604
828.764620
829.250621
829.615785
829.859532
829.981495
829.981495
829.859532
829.615785
829.250621
828.764620
828.158604
827.433668
826.591220
825.633006
824.561133
824.500215
825.570639
826.527615
827.369029
828.093125
828.698482
829.183983
829.548792
829.792312
829.914164
829.914164
829.792312
829.548792
829.183983
828.698482
828.093125
827.369029
826.527615
825.570639
824.500215
824.439411
825.508386
826.464121
827.304497
828.027746
828.632433
829.117426
829.481871
829.725158
829.846896
829.846896
829.725158
829.481871
829.117426
828.632433
828.027746
827.304497
826.464121
825.508386
824.439411
824.378718
825.446247
826.400738
827.240070
827.962465
828.566474
829.050950
829.415024
829.658072
829.779693
829.779693
829.658072
829.415024
829.050950
828.566474
827.962465
827.240070
826.400738
825.446247
824.378718
824.318135
825.384218
826.337465
827.175747
827.897281
828.500604
828.984556
829.348251
829.591055
829.712557
829.712557
829.591055
829.348251
828.984556
828.500604
827.897281
827.175747
826.337465
825.384218
824.318135
824.257659
825.322299
826.274298
827.111528
827.832194
828.434824
828.918243
829.281554
829.524108
829.645488
829.645488
829.524108
829.281554
828.918243
828.434824
827.832194
827.111528
826.274298
825.322299
824.257659
824.197290
825.260487
826.211238
827.047411
827.767204
828.369133
828.852013
829.214933
829.457234
829.578489
829.578489
829.457234
829.214933
828.852013
828.369133
827.767204
827.047411
826.211238
825.260487
824.197290
824.137026
825.198782
826.148283
826.983395
827.702309
828.303532
828.785866
829.148389
829.390432
829.511560
829.511560
829.390432
829.148389
828.785866
828.303532
827.702309
826.983395
826.148283
825.198782
824.137026
824.076865
825.137181
826.085431
826.919479
827.637509
828.238019
828.719802
829.081923
829.323704
829.444703
829.444703
829.323704
829.081923
828.719802
828.238019
827.637509
826.919479
826.085431
825.137181
824.076865
824.016806
825.075683
826.022682
826.855662
827.572804
828.172597
828.653822
829.015536
829.257051
829.377919
829.377919
829.257051
829.015536
828.653822
828.172597
827.572804
826.855662
826.022682
825.075683
824.016806
823.956848
825.014288
825.960034
826.791944
827.508193
828.107263
828.587925
828.949228
829.190474
829.311209
829.311209
829.190474
828.949228
828.587925
828.107263
827.508193
826.791944
825.960034
825.014288
823.956848
823.896988
824.952993
825.897486
826.728324
827.443677
828.042018
828.522113
828.883000
829.123973
829.244573
829.244573
829.123973
828.883000
828.522113
828.042018
827.443677
826.728324
825.897486
824.952993
823.896988
823.837227
824.891799
825.835038
826.664801
827.379253
827.976863
828.456386
828.816852
829.057550
829.178014
829.178014
829.057550
828.816852
828.456386
827.976863
827.379253
826.664801
825.835038
824.891799
823.837227
823.777563
824.830702
825.772687
826.601373
827.314923
827.911796
828.390743
828.750785
828.991205
829.111531
829.111531
828.991205
828.750785
828.390743
827.911796
827.314923
826.601373
825.772687
824.830702
823.777563
823.717995
824.769703
825.710434
826.538042
827.250685
827.846818
828.325185
828.684800
828.924938
829.045126
829.045126
828.924938
828.684800
828.325185
827.846818
827.250685
826.538042
825.710434
824.769703
823.717995
823.658522
824.708801
825.648278
826.474805
827.186539
827.781929
828.259712
828.618896
828.858752
828.978798
828.978798
828.858752
828.618896
828.259712
827.781929
827.186539
826.474805
825.648278
824.708801
823.658522
823.599142
824.647995
825.586217
826.411663
827.122485
827.717129
828.194325
828.553075
828.792645
828.912550
828.912550
828.792645
828.553075
828.194325
827.717129
827.122485
826.411663
825.586217
824.647995
823.599142
823.539856
824.587283
825.524251
826.348614
827.058522
827.652417
828.129023
828.487337
828.726619
828.846381
828.846381
828.726619
828.487337
828.129023
827.652417
827.058522
826.348614
825.524251
824.587283
823.539856
823.480662
824.526665
825.462380
826.285659
826.994651
827.587793
828.063806
828.421682
828.660674
828.780292
828.780292
828.660674
828.421682
828.063806
827.587793
826.994651
826.285659
825.462380
824.526665
823.480662
823.421560
824.466141
825.400601
826.222796
826.930870
827.523258
827.998676
828.356110
828.594811
828.714284
828.714284
828.594811
828.356110
827.998676
827.523258
826.930870
826.222796
825.400601
824.466141
823.421560
823.362548
824.405709
825.338916
826.160025
826.867180
827.458811
827.933631
828.290622
828.529030
828.648357
828.648357
828.529030
828.290622
827.933631
827.458811
826.867180
826.160025
825.338916
824.405709
823.362548
823.303627
824.345368
825.277323
826.097346
826.803579
827.394453
827.868672
828.225217
828.463331
828.582512
828.582512
828.463331
828.225217
827.868672
827.394453
826.803579
826.097346
825.277323
824.345368
823.303627
823.244794
824.285119
825.215822
826.034758
826.740069
827.330182
827.803800
828.159897
828.397715
828.516748
828.516748
828.397715
828.159897
827.803800
827.330182
826.740069
826.034758
825.215822
824.285119
823.244794
823.186050
824.224960
825.154411
825.972260
826.676648
827.265999
827.739013
828.094662
828.332182
828.451067
828.451067
828.332182
828.094662
827.739013
827.265999
826.676648
825.972260
825.154411
824.224960
823.186050
823.127394
824.164891
825.093091
825.909853
826.613317
827.201904
827.674312
828.029511
828.266732
828.385469
828.385469
828.266732
828.029511
827.674312
827.201904
826.613317
825.909853
825.093091
824.164891
823.127394
823.068826
824.104911
825.031862
825.847536
826.550075
827.137897
827.609698
827.964445
828.201366
828.319954
828.319954
828.201366
827.964445
827.609698
827.137897
826.550075
825.847536
825.031862
824.104911
823.068826
823.010344
824.045020
824.970721
825.785309
826.486921
827.073977
827.545170
827.899463
828.136084
828.254522
828.254522
828.136084
827.899463
827.545170
827.073977
826.486921
825.785309
824.970721
824.045020
823.010344
822.951949
823.985217
824.909670
825.723170
826.423856
827.010145
827.480729
827.834567
828.070887
828.189174
828.189174
828.070887
827.834567
827.480729
827.010145
826.423856
825.723170
824.909670
823.985217
822.951949
822.893640
823.925502
824.848708
825.661120
826.360879
826.946401
827.416373
827.769756
828.005773
828.123910
828.123910
828.005773
827.769756
827.416373
826.946401
826.360879
825.661120
824.848708
823.925502
822.893640
822.835416
823.865873
824.787833
825.599159
826.297991
826.882743
827.352104
827.705031
827.940745
828.058731
828.058731
827.940745
827.705031
827.352104
826.882743
826.297991
825.599159
824.787833
823.865873
822.835416
822.777277
823.806332
824.727047
825.537286
826.235190
826.819173
827.287922
827.640391
827.875801
827.993635
827.993635
827.875801
827.640391
827.287922
826.819173
826.235190
825.537286
824.727047
823.806332
822.777277
822.719222
823.746877
824.666347
825.475500
826.172477
826.755690
827.223825
827.575836
827.810942
827.928624
827.928624
827.810942
827.575836
827.223825
826.755690
826.172477
825.475500
824.666347
823.746877
822.719222
822.661251
823.687507
824.605735
825.413803
826.109851
826.692294
827.159815
827.511367
827.746168
827.863698
827.863698
827.746168
827.511367
827.159815
826.692294
826.109851
825.413803
824.605735
823.687507
822.661251
822.603364
823.628224
824.545209
825.352192
826.047312
826.628984
827.095891
827.446984
827.681479
827.798857
827.798857
827.681479
827.446984
827.095891
826.628984
826.047312
825.352192
824.545209
823.628224
822.603364
822.545560
823.569025
824.484770
825.290668
825.984861
826.565762
827.032053
827.382686
827.616876
827.734101
827.734101
827.616876
827.382686
827.032053
826.565762
825.984861
825.290668
824.484770
823.569025
822.545560
822.487839
823.509911
824.424417
825.229231
825.922496
826.502626
826.968302
827.318475
827.552358
827.669430
827.669430
827.552358
827.318475
826.968302
826.502626
825.922496
825.229231
824.424417
823.509911
822.487839
822.430200
823.450881
824.364149
825.167880
825.860218
826.439576
826.904637
827.254349
827.487925
827.604844
827.604844
827.487925
827.254349
826.904637
826.439576
825.860218
825.167880
824.364149
823.450881
822.430200
822.372643
823.391936
824.303967
825.106615
825.798026
826.376613
826.841058
827.190308
827.423578
827.540344
827.540344
827.423578
827.190308
826.841058
826.376613
825.798026
825.106615
824.303967
823.391936
822.372643
822.315169
823.333074
824.243870
825.045436
825.735920
826.313736
826.777565
827.126354
827.359317
827.475929
827.475929
827.359317
827.126354
826.777565
826.313736
825.735920
825.045436
824.243870
823.333074
822.315169
822.257776
823.274296
824.183857
824.984343
825.673901
826.250945
826.714158
827.062486
827.295141
827.411600
827.411600
827.295141
827.062486
826.714158
826.250945
825.673901
824.984343
824.183857
823.274296
822.257776
822.200464
823.215600
824.123929
824.923335
825.611967
826.188240
826.650837
826.998703
827.231051
827.347356
827.347356
827.231051
826.998703
826.650837
826.188240
825.611967
824.923335
824.123929
823.215600
822.200464
822.143233
823.156988
824.064086
824.862412
825.550119
826.125622
826.587602
826.935006
827.167046
827.283198
827.283198
827.167046
826.935006
826.587602
826.125622
825.550119
824.862412
824.064086
823.156988
822.143233
822.086082
823.098458
824.004326
824.801575
825.488357
826.063089
826.524452
826.871395
827.103128
827.219125
827.219125
827.103128
826.871395
826.524452
826.063089
825.488357
824.801575
824.004326
823.098458
822.086082
822.029012
823.040010
823.944650
824.740822
825.426679
826.000641
826.461389
826.807870
827.039294
827.155138
827.155138
827.039294
826.807870
826.461389
826.000641
825.426679
824.740822
823.944650
823.040010
822.029012
821.972022
822.981645
823.885057
824.680153
825.365088
825.938279
826.398411
826.744430
826.975547
827.091237
827.091237
826.975547
826.744430
826.398411
825.938279
825.365088
824.680153
823.885057
822.981645
821.972022
821.915112
822.923361
823.825548
824.619569
825.303581
825.876003
826.335519
826.681076
826.911885
827.027421
827.027421
826.911885
826.681076
826.335519
825.876003
825.303581
824.619569
823.825548
822.923361
821.915112
821.858282
822.865159
823.766122
824.559069
825.242159
825.813812
826.272712
826.617808
826.848309
826.963692
826.963692
826.848309
826.617808
826.272712
825.813812
825.242159
824.559069
823.766122
822.865159
821.858282
821.801531
822.807038
823.706778
824.498653
825.180821
825.751706
826.209991
826.554625
826.784819
826.900047
826.900047
826.784819
826.554625
826.209991
825.751706
825.180821
824.498653
823.706778
822.807038
821.801531
821.744859
822.748998
823.647518
824.438320
825.119568
825.689685
826.147355
826.491528
826.721414
826.836489
826.836489
826.721414
826.491528
826.147355
825.689685
825.119568
824.438320
823.647518
822.748998
821.744859
821.688266
822.691039
823.588339
824.378071
825.058400
825.627749
826.084805
826.428516
826.658095
826.773016
826.773016
826.658095
826.428516
826.084805
825.627749
825.058400
824.378071
823.588339
822.691039
821.688266
821.631752
822.633161
823.529243
824.317906
824.997316
825.565898
826.022340
826.365590
826.594862
826.709629
826.709629
826.594862
826.365590
826.022340
825.565898
824.997316
824.317906
823.529243
822.633161
821.631752
821.575317
822.575363
823.470229
824.257824
824.936316
825.504132
825.959960
826.302749
826.531714
826.646327
826.646327
826.531714
826.302749
825.959960
825.504132
824.936316
824.257824
823.470229
822.575363
821.575317
821.518959
822.517646
823.411296
824.197824
824.875399
825.442450
825.897664
826.239994
826.468651
826.583111
826.583111
826.468651
826.239994
825.897664
825.442450
824.875399
824.197824
823.411296
822.517646
821.518959
821.462680
822.460008
823.352446
824.137908
824.814567
825.380853
825.835454
826.177324
826.405674
826.519980
826.519980
826.405674
826.177324
825.835454
825.380853
824.814567
824.137908
823.352446
822.460008
821.462680
821.406479
822.402451
823.293676
824.078074
824.753818
825.319340
825.773329
826.114739
826.342782
826.456935
826.456935
826.342782
826.114739
825.773329
825.319340
824.753818
824.078074
823.293676
822.402451
821.406479
821.350356
822.344973
823.234988
824.018323
824.693153
825.257911
825.711288
826.052239
826.279976
826.393975
826.393975
826.279976
826.052239
825.711288
825.257911
824.693153
824.018323
823.234988
822.344973
821.350356
821.294310
822.287574
823.176381
823.958655
824.632571
825.196566
825.649333
825.989824
826.217254
826.331101
826.331101
826.217254
825.989824
825.649333
825.196566
824.632571
823.958655
823.176381
822.287574
821.294310
821.238342
822.230255
823.117855
823.899068
824.572073
825.135306
825.587461
825.927494
826.154618
826.268311
826.268311
826.154618
825.927494
825.587461
825.135306
824.572073
823.899068
823.117855
822.230255
821.238342
821.182450
822.173015
823.059410
823.839564
824.511657
825.074129
825.525674
825.865248
826.092067
826.205607
826.205607
826.092067
825.865248
825.525674
825.074129
824.511657
823.839564
823.059410
822.173015
821.182450
821.126636
822.115854
823.001045
823.780141
824.451325
825.013036
825.463972
825.803088
826.029601
826.142988
826.142988
826.029601
825.803088
825.463972
825.013036
824.451325
823.780141
823.001045
822.115854
821.126636
821.070899
822.058772
822.942761
823.720800
824.391075
824.952027
825.402353
825.741012
825.967220
826.080455
826.080455
825.967220
825.741012
825.402353
824.952027
824.391075
823.720800
822.942761
822.058772
821.070899
821.015239
822.001768
822.884557
823.661541
824.330908
824.891101
825.340819
825.679021
825.904924
826.018006
826.018006
825.904924
825.679021
825.340819
824.891101
824.330908
823.661541
822.884557
822.001768
821.015239
820.959655
821.944843
822.826433
823.602363
824.270824
824.830259
825.279369
825.617114
825.842712
825.955642
825.955642
825.842712
825.617114
825.279369
824.830259
824.270824
823.602363
822.826433
821.944843
820.959655
820.904148
821.887997
822.768389
823.543267
824.210822
824.769499
825.218003
825.555292
825.780585
825.893363
825.893363
825.780585
825.555292
825.218003
824.769499
824.210822
823.543267
822.768389
821.887997
820.904148
820.848716
821.831228
822.710425
823.484252
824.150902
824.708824
825.156721
825.493554
825.718543
825.831168
825.831168
825.718543
825.493554
825.156721
824.708824
824.150902
823.484252
822.710425
821.831228
820.848716
820.793361
821.774538
822.652541
823.425318
824.091064
824.648231
825.095522
825.431900
825.656585
825.769058
825.769058
825.656585
825.431900
825.095522
824.648231
824.091064
823.425318
822.652541
821.774538
820.793361
820.738082
821.717925
822.594736
823.366464
824.031309
824.587721
825.034407
825.370330
825.594712
825.707033
825.707033
825.594712
825.370330
825.034407
824.587721
824.031309
823.366464
822.594736
821.717925
820.738082
820.682879
821.661390
822.537011
823.307692
823.971635
824.527293
824.973375
825.308844
825.532923
825.645092
825.645092
825.532923
825.308844
824.973375
824.527293
823.971635
823.307692
822.537011
821.661390
820.682879
820.627752
821.604933
822.479364
823.249000
823.912043
824.466949
824.912427
825.247443
825.471218
825.583236
825.583236
825.471218
825.247443
824.912427
824.466949
823.912043
823.249000
822.479364
821.604933
820.627752
820.572700
821.548554
822.421797
823.190388
823.852533
824.406687
824.851562
825.186124
825.409598
825.521464
825.521464
825.409598
825.186124
824.851562
824.406687
823.852533
823.190388
822.421797
821.548554
820.572700
820.517723
821.492251
822.364309
823.131857
823.793104
824.346508
824.790780
825.124890
825.348061
825.459776
825.459776
825.348061
825.124890
824.790780
824.346508
823.793104
823.131857
822.364309
821.492251
820.517723
820.462822
821.436026
822.306900
823.073407
823.733757
824.286410
824.730082
825.063739
825.286609
825.398172
825.398172
825.286609
825.063739
824.730082
824.286410
823.733757
823.073407
822.306900
821.436026
820.462822
820.407996
821.379878
822.249569
823.015036
823.674490
824.226395
824.669466
825.002672
825.225240
825.336653
825.336653
825.225240
825.002672
824.669466
824.226395
823.674490
823.015036
822.249569
821.379878
820.407996
820.353245
821.323806
822.192317
822.956745
823.615305
824.166463
824.608933
824.941688
825.163955
825.275217
825.275217
825.163955
824.941688
824.608933
824.166463
823.615305
822.956745
822.192317
821.323806
820.353245
820.298569
821.267812
822.135143
822.898534
823.556202
824.106612
824.548483
824.880787
825.102753
825.213865
825.213865
825.102753
824.880787
824.548483
824.106612
823.556202
822.898534
822.135143
821.267812
820.298569
820.243968
821.211894
822.078048
822.840403
823.497178
824.046843
824.488115
824.819970
825.041635
825.152597
825.152597
825.041635
824.819970
824.488115
824.046843
823.497178
822.840403
822.078048
821.211894
820.243968
820.189441
821.156053
822.021031
822.782351
823.438236
823.987155
824.427830
824.759235
824.980601
825.091412
825.091412
824.980601
824.759235
824.427830
823.987155
823.438236
822.782351
822.021031
821.156053
820.189441
820.134989
821.100288
821.964091
822.724379
823.379375
823.927550
824.367627
824.698584
824.919649
825.030311
825.030311
824.919649
824.698584
824.367627
823.927550
823.379375
822.724379
821.964091
821.100288
820.134989
820.080611
821.044599
821.907230
822.666486
823.320593
823.868025
824.307507
824.638015
824.858781
824.969293
824.969293
824.858781
824.638015
824.307507
823.868025
823.320593
822.666486
821.907230
821.044599
820.080611
820.026308
820.988986
821.850447
822.608673
823.261893
823.808583
824.247469
824.577529
824.797996
824.908358
824.908358
824.797996
824.577529
824.247469
823.808583
823.261893
822.608673
821.850447
820.988986
820.026308
819.972078
820.933450
821.793741
822.550938
823.203272
823.749221
824.187512
824.517126
824.737294
824.847507
824.847507
824.737294
824.517126
824.187512
823.749221
823.203272
822.550938
821.793741
820.933450
819.972078
819.917923
820.877989
821.737113
822.493283
823.144732
823.689941
824.127638
824.456805
824.676675
824.786739
824.786739
824.676675
824.456805
824.127638
823.689941
823.144732
822.493283
821.737113
820.877989
819.917923
819.863842
820.822604
821.680562
822.435706
823.086272
823.630741
824.067845
824.396566
824.616139
824.726053
824.726053
824.616139
824.396566
824.067845
823.630741
823.086272
822.435706
821.680562
820.822604
819.863842
819.809834
820.767295
821.624088
822.378208
823.027891
823.571623
824.008135
824.336410
824.555686
824.665451
824.665451
824.555686
824.336410
824.008135
823.571623
823.027891
822.378208
821.624088
820.767295
819.809834
819.755900
820.712061
821.567692
822.320788
822.969591
823.512585
823.948505
824.276336
824.495314
824.604931
824.604931
824.495314
824.276336
823.948505
823.512585
822.969591
822.320788
821.567692
820.712061
819.755900
819.702039
820.656903
821.511372
822.263447
822.911370
823.453628
823.888958
824.216344
824.435026
824.544494
824.544494
824.435026
824.216344
823.888958
823.453628
822.911370
822.263447
821.511372
820.656903
819.702039
819.648252
820.601820
821.455130
822.206185
822.853229
823.394752
823.829491
824.156434
824.374820
824.484139
824.484139
824.374820
824.156434
823.829491
823.394752
822.853229
822.206185
821.455130
820.601820
819.648252
819.594539
820.546812
821.398964
822.149000
822.795167
823.335956
823.770106
824.096606
824.314696
824.423867
824.423867
824.314696
824.096606
823.770106
823.335956
822.795167
822.149000
821.398964
820.546812
819.594539
819.540898
820.491879
821.342875
822.091894
822.737184
823.277240
823.710802
824.036860
824.254654
824.363678
824.363678
824.254654
824.036860
823.710802
823.277240
822.737184
822.091894
821.342875
820.491879
819.540898
819.487331
820.437022
821.286863
822.034866
822.679281
823.218605
823.651579
823.977195
824.194694
824.303570
824.303570
824.194694
823.977195
823.651579
823.218605
822.679281
822.034866
821.286863
820.437022
819.487331
819.433836
820.382239
821.230927
821.977915
822.621457
823.160050
823.592437
823.917611
824.134816
824.243544
824.243544
824.134816
823.917611
823.592437
823.160050
822.621457
821.977915
821.230927
820.382239
819.433836
819.380415
820.327530
821.175067
821.921043
822.563712
823.101574
823.533376
823.858109
824.075019
824.183601
824.183601
824.075019
823.858109
823.533376
823.101574
822.563712
821.921043
821.175067
820.327530
819.380415
819.327066
820.272896
821.119284
821.864248
822.506045
823.043179
823.474395
823.798689
824.015305
824.123739
824.123739
824.015305
823.798689
823.474395
823.043179
822.506045
821.864248
821.119284
820.272896
819.327066
819.273790
820.218337
821.063577
821.807530
822.448458
822.984863
823.415495
823.739349
823.955672
824.063959
824.063959
823.955672
823.739349
823.415495
822.984863
822.448458
821.807530
821.063577
820.218337
819.273790
819.220586
820.163852
821.007946
821.750890
822.390949
822.926627
823.356675
823.680091
823.896120
824.004261
824.004261
823.896120
823.680091
823.356675
822.926627
822.390949
821.750890
821.007946
820.163852
819.220586
819.167455
820.109442
820.952390
821.694327
822.333518
822.868470
823.297936
823.620913
823.836650
823.944644
823.944644
823.836650
823.620913
823.297936
822.868470
822.333518
821.694327
820.952390
820.109442
819.167455
819.114396
820.055105
820.896911
821.637842
822.276166
822.810393
823.239277
823.561816
823.777261
823.885109
823.885109
823.777261
823.561816
823.239277
822.810393
822.276166
821.637842
820.896911
820.055105
819.114396
819.061409
820.000843
820.841507
821.581433
822.218892
822.752395
823.180697
823.502800
823.717953
823.825655
823.825655
823.717953
823.502800
823.180697
822.752395
822.218892
821.581433
820.841507
820.000843
819.061409
819.008495
819.946654
820.786178
821.525102
822.161697
822.694477
823.122198
823.443865
823.658726
823.766282
823.766282
823.658726
823.443865
823.122198
822.694477
822.161697
821.525102
820.786178
819.946654
819.008495
818.955652
819.892539
820.730925
821.468847
822.104579
822.636637
823.063779
823.385010
823.599580
823.706990
823.706990
823.599580
823.385010
823.063779
822.636637
822.104579
821.468847
820.730925
819.892539
818.955652
818.902881
819.838498
820.675747
821.412669
822.047539
822.578876
823.005440
823.326235
823.540514
823.647779
823.647779
823.540514
823.326235
823.005440
822.578876
822.047539
821.412669
820.675747
819.838498
818.902881
818.850182
819.784531
820.620645
821.356567
821.990578
822.521195
822.947180
823.267541
823.481530
823.588649
823.588649
823.481530
823.267541
822.947180
822.521195
821.990578
821.356567
820.620645
819.784531
818.850182
818.797555
819.730637
820.565617
821.300543
821.933694
822.463591
822.889000
823.208926
823.422626
823.529600
823.529600
823.422626
823.208926
822.889000
822.463591
821.933694
821.300543
820.565617
819.730637
818.797555
818.744999
819.676816
820.510665
821.244594
821.876887
822.406067
822.830899
823.150392
823.363802
823.470631
823.470631
823.363802
823.150392
822.830899
822.406067
821.876887
821.244594
820.510665
819.676816
818.744999
818.692515
819.623069
820.455787
821.188722
821.820158
822.348621
822.772877
823.091938
823.305058
823.411743
823.411743
823.305058
823.091938
822.772877
822.348621
821.820158
821.188722
820.455787
819.623069
818.692515
818.640102
819.569394
820.400985
821.132926
821.763506
822.291253
822.714935
823.033563
823.246395
823.352935
823.352935
823.246395
823.033563
822.714935
822.291253
821.763506
821.132926
820.400985
819.569394
818.640102
818.587760
819.515793
820.346256
821.077206
821.706932
822.233964
822.657072
822.975268
823.187812
823.294208
823.294208
823.187812
822.975268
822.657072
822.233964
821.706932
821.077206
820.346256
819.515793
818.587760
818.535489
819.462265
820.291603
821.021562
821.650435
822.176753
822.599287
822.917053
823.129309
823.235560
823.235560
823.129309
822.917053
822.599287
822.176753
821.650435
821.021562
820.291603
819.462265
818.535489
818.483290
819.408809
820.237023
820.965993
821.594015
822.119620
822.541582
822.858917
823.070885
823.176993
823.176993
823.070885
822.858917
822.541582
822.119620
821.594015
820.965993
820.237023
819.408809
818.483290
818.431161
819.355426
820.182519
820.910501
821.537671
822.062564
822.483955
822.800860
823.012542
823.118506
823.118506
823.012542
822.800860
822.483955
822.062564
821.537671
820.910501
820.182519
819.355426
818.431161
818.379103
819.302116
820.128088
820.855084
821.481405
822.005587
822.426407
822.742883
822.954278
823.060098
823.060098
822.954278
822.742883
822.426407
822.005587
821.481405
820.855084
820.128088
819.302116
818.379103
818.327116
819.248879
820.073731
820.799743
821.425215
821.948687
822.368937
822.684985
822.896093
823.001771
823.001771
822.896093
822.684985
822.368937
821.948687
821.425215
820.799743
820.073731
819.248879
818.327116
818.275199
819.195713
820.019449
820.744477
821.369102
821.891865
822.311546
822.627166
822.837988
822.943523
822.943523
822.837988
822.627166
822.311546
821.891865
821.369102
820.744477
820.019449
819.195713
818.275199
818.223353
819.142620
819.965240
820.689286
821.313065
821.835120
822.254233
822.569425
822.779963
822.885354
822.885354
822.779963
822.569425
822.254233
821.835120
821.313065
820.689286
819.965240
819.142620
818.223353
818.171578
819.089600
819.911105
820.634170
821.257105
821.778453
822.196998
822.511764
822.722016
822.827265
822.827265
822.722016
822.511764
822.196998
821.778453
821.257105
820.634170
819.911105
819.089600
818.171578
818.119873
819.036651
819.857044
820.579130
821.201221
821.721863
822.139842
822.454181
822.664148
822.769254
822.769254
822.664148
822.454181
822.139842
821.721863
821.201221
820.579130
819.857044
819.036651
818.119873
818.068237
818.983774
819.803056
820.524164
821.145413
821.665350
822.082763
822.396677
822.606360
822.711324
822.711324
822.606360
822.396677
822.082763
821.665350
821.145413
820.524164
819.803056
818.983774
818.068237
818.016672
818.930969
819.749142
820.469274
821.089681
821.608914
822.025762
822.339251
822.548650
822.653472
822.653472
822.548650
822.339251
822.025762
821.608914
821.089681
820.469274
819.749142
818.930969
818.016672
817.965177
818.878236
819.695301
820.414458
821.034025
821.552556
821.968839
822.281903
822.491019
822.595699
822.595699
822.491019
822.281903
821.968839
821.552556
821.034025
820.414458
819.695301
818.878236
817.965177
817.913752
818.825575
819.641533
820.359716
820.978445
821.496273
821.911993
822.224634
822.433466
822.538005
822.538005
822.433466
822.224634
821.911993
821.496273
820.978445
820.359716
819.641533
818.825575
817.913752
817.862397
818.772985
819.587838
820.305049
820.922940
821.440068
821.855225
822.167442
822.375992
822.480389
822.480389
822.375992
822.167442
821.855225
821.440068
820.922940
820.305049
819.587838
818.772985
817.862397
817.811111
818.720467
819.534217
820.250457
820.867512
821.383939
821.798534
822.110329
822.318597
822.422852
822.422852
822.318597
822.110329
821.798534
821.383939
820.867512
820.250457
819.534217
818.720467
817.811111
817.759895
818.668019
819.480668
820.195939
820.812158
821.327887
821.741921
822.053294
822.261280
822.365394
822.365394
822.261280
822.053294
821.741921
821.327887
820.812158
820.195939
819.480668
818.668019
817.759895
817.708749
818.615644
819.427192
820.141495
820.756880
821.271911
821.685384
821.996336
822.204040
822.308014
822.308014
822.204040
821.996336
821.685384
821.271911
820.756880
820.141495
819.427192
818.615644
817.708749
817.657672
818.563339
819.373789
820.087125
820.701678
821.216011
821.628925
821.939456
822.146879
822.250712
822.250712
822.146879
821.939456
821.628925
821.216011
820.701678
820.087125
819.373789
818.563339
817.657672
817.606664
818.511105
819.320459
820.032829
820.646550
821.160188
821.572543
821.882653
822.089796
822.193488
822.193488
822.089796
821.882653
821.572543
821.160188
820.646550
820.032829
819.320459
818.511105
817.606664
817.555725
818.458943
819.267201
819.978607
820.591497
821.104440
821.516237
821.825928
822.032791
822.136343
822.136343
822.032791
821.825928
821.516237
821.104440
820.591497
819.978607
819.267201
818.458943
817.555725
817.504855
818.406851
819.214015
819.924459
820.536520
821.048768
821.460009
821.769281
821.975863
822.079275
822.079275
821.975863
821.769281
821.460009
821.048768
820.536520
819.924459
819.214015
818.406851
817.504855
817.454055
818.354830
819.160902
819.870384
820.481617
820.993173
821.403856
821.712710
821.919013
822.022285
822.022285
821.919013
821.712710
821.403856
820.993173
820.481617
819.870384
819.160902
818.354830
817.454055
817.403323
818.302879
819.107861
819.816383
820.426789
820.937653
821.347781
821.656216
821.862241
821.965373
821.965373
821.862241
821.656216
821.347781
820.937653
820.426789
819.816383
819.107861
818.302879
817.403323
817.352660
818.250999
819.054892
819.762456
820.372036
820.882208
821.291781
821.599800
821.805545
821.908538
821.908538
821.805545
821.599800
821.291781
820.882208
820.372036
819.762456
819.054892
818.250999
817.352660
817.302066
818.199190
819.001995
819.708601
820.317357
820.826839
821.235858
821.543460
821.748928
821.851781
821.851781
821.748928
821.543460
821.235858
820.826839
820.317357
819.708601
819.001995
818.199190
817.302066
817.251540
818.147450
818.949169
819.654820
820.262752
820.771546
821.180012
821.487198
821.692387
821.795101
821.795101
821.692387
821.487198
821.180012
820.771546
820.262752
819.654820
818.949169
818.147450
817.251540
817.201083
818.095781
818.896416
819.601112
820.208222
820.716327
821.124241
821.431011
821.635923
821.738499
821.738499
821.635923
821.431011
821.124241
820.716327
820.208222
819.601112
818.896416
818.095781
817.201083
817.150695
818.044183
818.843734
819.547477
820.153766
820.661184
821.068546
821.374902
821.579536
821.681973
821.681973
821.579536
821.374902
821.068546
820.661184
820.153766
819.547477
818.843734
818.044183
817.150695
817.100374
817.992654
818.791124
819.493916
820.099384
820.606116
821.012927
821.318868
821.523226
821.625525
821.625525
821.523226
821.318868
821.012927
820.606116
820.099384
819.493916
818.791124
817.992654
817.100374
817.050122
817.941195
818.738585
819.440426
820.045077
820.551123
820.957384
821.262912
821.466993
821.569153
821.569153
821.466993
821.262912
820.957384
820.551123
820.045077
819.440426
818.738585
817.941195
817.050122
816.999938
817.889806
818.686118
819.387010
819.990843
820.496205
820.901916
821.207031
821.410837
821.512858
821.512858
821.410837
821.207031
820.901916
820.496205
819.990843
819.387010
818.686118
817.889806
816.999938
816.949822
817.838486
818.633722
819.333666
819.936682
820.441361
820.846524
821.151226
821.354756
821.456640
821.456640
821.354756
821.151226
820.846524
820.441361
819.936682
819.333666
818.633722
817.838486
816.949822
816.899774
817.787237
818.581397
819.280395
819.882596
820.386592
820.791208
821.095498
821.298753
821.400499
821.400499
821.298753
821.095498
820.791208
820.386592
819.882596
819.280395
818.581397
817.787237
816.899774
816.849793
817.736056
818.529143
819.227196
819.828583
820.331898
820.735966
821.039845
821.242825
821.344434
821.344434
821.242825
821.039845
820.735966
820.331898
819.828583
819.227196
818.529143
817.736056
816.849793
816.799881
817.684946
818.476960
819.174069
819.774643
820.277278
820.680800
820.984268
821.186974
821.288445
821.288445
821.186974
820.984268
820.680800
820.277278
819.774643
819.174069
818.476960
817.684946
816.799881
816.750036
817.633904
818.424848
819.121015
819.720777
820.222732
820.625709
820.928767
821.131199
821.232533
821.232533
821.131199
820.928767
820.625709
820.222732
819.720777
819.121015
818.424848
817.633904
816.750036
816.700258
817.582932
818.372806
819.068032
819.666984
820.168261
820.570693
820.873341
821.075499
821.176696
821.176696
821.075499
820.873341
820.570693
820.168261
819.666984
819.068032
818.372806
817.582932
816.700258
816.650548
817.532029
818.320836
819.015122
819.613264
820.113863
820.515752
820.817991
821.019876
821.120936
821.120936
821.019876
820.817991
820.515752
820.113863
819.613264
819.015122
818.320836
817.532029
816.650548
816.600905
817.481195
818.268935
818.962283
819.559617
820.059540
820.460885
820.762716
820.964328
821.065252
821.065252
820.964328
820.762716
820.460885
820.059540
819.559617
818.962283
818.268935
817.481195
816.600905
816.551330
817.430429
818.217106
818.909517
819.506043
820.005290
820.406093
820.707516
820.908856
821.009643
821.009643
820.908856
820.707516
820.406093
820.005290
819.506043
818.909517
818.217106
817.430429
816.551330
816.501821
817.379733
818.165346
818.856822
819.452542
819.951115
820.351376
820.652391
820.853459
820.954110
820.954110
820.853459
820.652391
820.351376
819.951115
819.452542
818.856822
818.165346
817.379733
816.501821
816.452380
817.329105
818.113657
818.804198
819.399113
819.897013
820.296733
820.597342
820.798138
820.898653
820.898653
820.798138
820.597342
820.296733
819.897013
819.399113
818.804198
818.113657
817.329105
816.452380
816.403006
817.278546
818.062038
818.751646
819.345758
819.842984
820.242164
820.542367
820.742892
820.843271
820.843271
820.742892
820.542367
820.242164
819.842984
819.345758
818.751646
818.062038
817.278546
816.403006
816.353698
817.228056
818.010489
818.699165
819.292474
819.789029
820.187670
820.487467
820.687721
820.787965
820.787965
820.687721
820.487467
820.187670
819.789029
819.292474
818.699165
818.010489
817.228056
816.353698
816.304457
817.177634
817.959010
818.646756
819.239263
819.735147
820.133250
820.432642
820.632626
820.732734
820.732734
820.632626
820.432642
820.133250
819.735147
819.239263
818.646756
817.959010
817.177634
816.304457
816.255283
817.127280
817.907601
818.594418
819.186125
819.681339
820.078904
820.377891
820.577605
820.677578
820.677578
820.577605
820.377891
820.078904
819.681339
819.186125
818.594418
817.907601
817.127280
816.255283
816.206176
817.076995
817.856261
818.542151
819.133058
819.627603
820.024631
820.323215
820.522659
820.622497
820.622497
820.522659
820.323215
820.024631
819.627603
819.133058
818.542151
817.856261
817.076995
816.206176
816.157134
817.026777
817.804991
818.489954
819.080064
819.573941
819.970433
820.268614
820.467788
820.567491
820.567491
820.467788
820.268614
819.970433
819.573941
819.080064
818.489954
817.804991
817.026777
816.157134
816.108160
816.976628
817.753791
818.437829
819.027142
819.520352
819.916308
820.214086
820.412991
820.512560
820.512560
820.412991
820.214086
819.916308
819.520352
819.027142
818.437829
817.753791
816.976628
816.108160
816.059251
816.926547
817.702660
818.385774
818.974291
819.466835
819.862257
820.159633
820.358269
820.457704
820.457704
820.358269
820.159633
819.862257
819.466835
818.974291
818.385774
817.702660
816.926547
816.059251
816.010409
816.876533
817.651599
818.333790
818.921512
819.413392
819.808279
820.105253
820.303622
820.402922
820.402922
820.303622
820.105253
819.808279
819.413392
818.921512
818.333790
817.651599
816.876533
816.010409
815.961633
816.826588
817.600606
818.281877
818.868805
819.360020
819.754375
820.050948
820.249049
820.348215
820.348215
820.249049
820.050948
819.754375
819.360020
818.868805
818.281877
817.600606
816.826588
815.961633
815.912923
816.776710
817.549683
818.230034
818.816170
819.306722
819.700544
819.996717
820.194550
820.293582
820.293582
820.194550
819.996717
819.700544
819.306722
818.816170
818.230034
817.549683
816.776710
815.912923
815.864278
816.726899
817.498829
818.178261
818.763606
819.253495
819.646786
819.942559
820.140125
820.239023
820.239023
820.140125
819.942559
819.646786
819.253495
818.763606
818.178261
817.498829
816.726899
815.864278
815.815700
816.677156
817.448044
818.126559
818.711113
819.200341
819.593101
819.888475
820.085774
820.184539
820.184539
820.085774
819.888475
819.593101
819.200341
818.711113
818.126559
817.448044
816.677156
815.815700
815.767187
816.627480
817.397328
818.074926
818.658692
819.147260
819.539489
819.834464
820.031497
820.130129
820.130129
820.031497
819.834464
819.539489
819.147260
818.658692
818.074926
817.397328
816.627480
815.767187
815.718740
816.577872
817.346680
818.023364
818.606342
819.094250
819.485950
819.780527
819.977294
820.075792
820.075792
819.977294
819.780527
819.485950
819.094250
818.606342
818.023364
817.346680
816.577872
815.718740
815.670358
816.528331
817.296101
817.971872
818.554062
819.041312
819.432483
819.726663
819.923165
820.021530
820.021530
819.923165
819.726663
819.432483
819.041312
818.554062
817.971872
817.296101
816.528331
815.670358
815.622042
816.478856
817.245591
817.920449
818.501854
818.988447
819.379090
819.672872
819.869109
819.967341
819.967341
819.869109
819.672872
819.379090
818.988447
818.501854
817.920449
817.245591
816.478856
815.622042
815.573791
816.429449
817.195149
817.869097
818.449717
818.935653
819.325769
819.619155
819.815126
819.913226
819.913226
819.815126
819.619155
819.325769
818.935653
818.449717
817.869097
817.195149
816.429449
815.573791
815.525606
816.380109
817.144775
817.817814
818.397650
818.882930
819.272520
819.565510
819.761217
819.859185
819.859185
819.761217
819.565510
819.272520
818.882930
818.397650
817.817814
817.144775
816.380109
815.525606
815.477486
816.330836
817.094470
817.766600
818.345654
818.830280
819.219344
819.511938
819.707381
819.805217
819.805217
819.707381
819.511938
819.219344
818.830280
818.345654
817.766600
817.094470
816.330836
815.477486
815.429430
816.281629
817.044233
817.715456
818.293729
818.777700
819.166239
819.458439
819.653619
819.751322
819.751322
819.653619
819.458439
819.166239
818.777700
818.293729
817.715456
817.044233
816.281629
815.429430
815.381440
816.232489
816.994063
817.664381
818.241874
818.725192
819.113207
819.405013
819.599929
819.697501
819.697501
819.599929
819.405013
819.113207
818.725192
818.241874
817.664381
816.994063
816.232489
815.381440
815.333514
816.183415
816.943962
817.613376
818.190090
818.672756
819.060247
819.351659
819.546313
819.643753
819.643753
819.546313
819.351659
819.060247
818.672756
818.190090
817.613376
816.943962
816.183415
815.333514
815.285654
816.134408
816.893929
817.562440
818.138375
818.620390
819.007359
819.298378
819.492769
819.590078
819.590078
819.492769
819.298378
819.007359
818.620390
818.138375
817.562440
816.893929
816.134408
815.285654
815.237858
816.085467
816.843964
817.511572
818.086731
818.568096
818.954543
819.245169
819.439298
819.536475
819.536475
819.439298
819.245169
818.954543
818.568096
818.086731
817.511572
816.843964
816.085467
815.237858
815.190126
816.036592
816.794066
817.460774
818.035157
818.515873
818.901798
819.192033
819.385899
819.482946
819.482946
819.385899
819.192033
818.901798
818.515873
818.035157
817.460774
816.794066
816.036592
815.190126
815.142459
815.987783
816.744235
817.410044
817.983653
818.463720
818.849125
819.138968
819.332573
819.429489
819.429489
819.332573
819.138968
818.849125
818.463720
817.983653
817.410044
816.744235
815.987783
815.142459
815.094857
815.939041
816.694473
817.359384
817.932219
818.411639
818.796524
819.085976
819.279320
819.376105
819.376105
819.279320
819.085976
818.796524
818.411639
817.932219
817.359384
816.694473
815.939041
815.094857
815.047319
815.890364
816.644777
817.308792
817.880854
818.359627
818.743994
819.033056
819.226139
819.322793
819.322793
819.226139
819.033056
818.743994
818.359627
817.880854
817.308792
816.644777
815.890364
815.047319
814.999845
815.841753
816.595149
817.258268
817.829559
818.307687
818.691535
818.980207
819.173030
819.269554
819.269554
819.173030
818.980207
818.691535
818.307687
817.829559
817.258268
816.595149
815.841753
814.999845
814.952435
815.793208
816.545588
817.207813
817.778334
818.255817
818.639147
818.927430
819.119993
819.216387
819.216387
819.119993
818.927430
818.639147
818.255817
817.778334
817.207813
816.545588
815.793208
814.952435
814.905089
815.744729
816.496094
817.157426
817.727178
818.204017
818.586831
818.874725
819.067028
819.163292
819.163292
819.067028
818.874725
818.586831
818.204017
817.727178
817.157426
816.496094
815.744729
814.905089
814.857807
815.696315
816.446668
817.107108
817.676091
818.152288
818.534585
818.822091
819.014136
819.110270
819.110270
819.014136
818.822091
818.534585
818.152288
817.676091
817.107108
816.446668
815.696315
814.857807
814.810589
815.647967
816.397308
817.056858
817.625074
818.100629
818.482411
818.769529
818.961315
819.057319
819.057319
818.961315
818.769529
818.482411
818.100629
817.625074
817.056858
816.397308
815.647967
814.810589
814.763435
815.599684
816.348015
817.006676
817.574126
818.049039
818.430307
818.717038
818.908565
819.004440
819.004440
818.908565
818.717038
818.430307
818.049039
817.574126
817.006676
816.348015
815.599684
814.763435
814.716345
815.551466
816.298788
816.956561
817.523247
817.997520
818.378274
818.664619
818.855887
818.951633
818.951633
818.855887
818.664619
818.378274
817.997520
817.523247
816.956561
816.298788
815.551466
814.716345
814.669318
815.503314
816.249628
816.906515
817.472437
817.946071
818.326311
818.612270
818.803281
818.898898
818.898898
818.803281
818.612270
818.326311
817.946071
817.472437
816.906515
816.249628
815.503314
814.669318
814.622355
815.455226
816.200535
816.856536
817.421695
817.894691
818.274419
818.559993
818.750746
818.846234
818.846234
818.750746
818.559993
818.274419
817.894691
817.421695
816.856536
816.200535
815.455226
814.622355
814.575455
815.407204
816.151508
816.806626
817.371023
817.843381
818.222597
818.507786
818.698283
818.793642
818.793642
818.698283
818.507786
818.222597
817.843381
817.371023
816.806626
816.151508
815.407204
814.575455
814.528618
815.359247
816.102548
816.756782
817.320419
817.792141
818.170846
818.455651
818.645890
818.741121
818.741121
818.645890
818.455651
818.170846
817.792141
817.320419
816.756782
816.102548
815.359247
814.528618
814.481845
815.311354
816.053654
816.707006
817.269884
817.740970
818.119165
818.403586
818.593569
818.688672
818.688672
818.593569
818.403586
818.119165
817.740970
817.269884
816.707006
816.053654
815.311354
814.481845
814.435135
815.263526
816.004826
816.657298
817.219417
817.689868
818.067554
818.351592
818.541319
818.636293
818.636293
818.541319
818.351592
818.067554
817.689868
817.219417
816.657298
816.004826
815.263526
814.435135
814.388488
815.215763
815.956064
816.607657
817.169018
817.638836
818.016013
818.299668
818.489139
818.583986
818.583986
818.489139
818.299668
818.016013
817.638836
817.169018
816.607657
815.956064
815.215763
814.388488
814.341904
815.168064
815.907368
816.558083
817.118688
817.587873
817.964541
818.247814
818.437031
818.531749
818.531749
818.437031
818.247814
817.964541
817.587873
817.118688
816.558083
815.907368
815.168064
814.341904
814.295382
815.120430
815.858737
816.508576
817.068426
817.536979
817.913140
818.196031
818.384993
818.479584
818.479584
818.384993
818.196031
817.913140
817.536979
817.068426
816.508576
815.858737
815.120430
814.295382
814.248924
815.072860
815.810173
816.459136
817.018232
817.486154
817.861808
818.144318
818.333025
818.427489
818.427489
818.333025
818.144318
817.861808
817.486154
817.018232
816.459136
815.810173
815.072860
814.248924
814.202528
815.025354
815.761674
816.409763
816.968106
817.435398
817.810546
818.092676
818.281129
818.375465
818.375465
818.281129
818.092676
817.810546
817.435398
816.968106
816.409763
815.761674
815.025354
814.202528
814.156195
814.977913
815.713241
816.360457
816.918048
817.384710
817.759353
818.041103
818.229302
818.323512
818.323512
818.229302
818.041103
817.759353
817.384710
816.918048
816.360457
815.713241
814.977913
814.156195
814.109925
814.930536
815.664873
816.311218
816.868058
817.334091
817.708230
817.989600
818.177546
818.271628
818.271628
818.177546
817.989600
817.708230
817.334091
816.868058
816.311218
815.664873
814.930536
814.109925
814.063716
814.883222
815.616571
816.262045
816.818135
817.283541
817.657176
817.938167
818.125860
818.219816
818.219816
818.125860
817.938167
817.657176
817.283541
816.818135
816.262045
815.616571
814.883222
814.063716
814.017571
814.835973
815.568334
816.212939
816.768280
817.233059
817.606191
817.886804
818.074244
818.168073
818.168073
818.074244
817.886804
817.606191
817.233059
816.768280
816.212939
815.568334
814.835973
814.017571
813.971487
814.788787
815.520162
816.163899
816.718493
817.182646
817.555275
817.835511
818.022698
818.116401
818.116401
818.022698
817.835511
817.555275
817.182646
816.718493
816.163899
815.520162
814.788787
813.971487
813.925466
814.741665
815.472056
816.114926
816.668773
817.132301
817.504429
817.784287
817.971222
818.064799
818.064799
817.971222
817.784287
817.504429
817.132301
816.668773
816.114926
815.472056
814.741665
813.925466
813.879506
814.694607
815.424014
816.066019
816.619120
817.082024
817.453651
817.733132
817.919816
818.013266
818.013266
817.919816
817.733132
817.453651
817.082024
816.619120
816.066019
815.424014
814.694607
813.879506
813.833609
814.647613
815.376037
816.017178
816.569534
817.031815
817.402942
817.682047
817.868479
817.961804
817.961804
817.868479
817.682047
817.402942
817.031815
816.569534
816.017178
815.376037
814.647613
813.833609
813.787774
814.600681
815.328126
815.968403
816.520016
816.981675
817.352301
817.631031
817.817212
817.910411
817.910411
817.817212
817.631031
817.352301
816.981675
816.520016
815.968403
815.328126
814.600681
813.787774
813.742000
814.553813
815.280278
815.919694
816.470564
816.931602
817.301729
817.580084
817.766014
817.859088
817.859088
817.766014
817.580084
817.301729
816.931602
816.470564
815.919694
815.280278
814.553813
813.742000
813.696288
814.507009
815.232496
815.871051
816.421180
816.881597
817.251226
817.529206
817.714886
817.807835
817.807835
817.714886
817.529206
817.251226
816.881597
816.421180
815.871051
815.232496
814.507009
813.696288
813.650638
814.460267
815.184778
815.822474
816.371862
816.831659
817.200791
817.478397
817.663827
817.756651
817.756651
817.663827
817.478397
817.200791
816.831659
816.371862
815.822474
815.184778
814.460267
813.650638
813.605049
814.413589
815.137125
815.773962
816.322611
816.781789
817.150425
817.427656
817.612838
817.705536
817.705536
817.612838
817.427656
817.150425
816.781789
816.322611
815.773962
815.137125
814.413589
813.605049
813.559522
814.366974
815.089536
815.725516
816.273427
816.731987
817.100126
817.376985
817.561917
817.654491
817.654491
817.561917
817.376985
817.100126
816.731987
816.273427
815.725516
815.089536
814.366974
813.559522
813.514057
814.320422
815.042011
815.677135
816.224309
816.682252
817.049896
817.326382
817.511065
817.603515
817.603515
817.511065
817.326382
817.049896
816.682252
816.224309
815.677135
815.042011
814.320422
813.514057
813.468652
814.273932
814.994551
815.628820
816.175257
816.632585
816.999734
817.275848
817.460283
817.552608
817.552608
817.460283
817.275848
816.999734
816.632585
816.175257
815.628820
814.994551
814.273932
813.468652
813.423309
814.227505
814.947154
815.580570
816.126272
816.582984
816.949640
817.225382
817.409569
817.501769
817.501769
817.409569
817.225382
816.949640
816.582984
816.126272
815.580570
814.947154
814.227505
813.423309
813.378027
814.181141
814.899822
815.532386
816.077354
816.533451
816.899613
817.174985
817.358923
817.451000
817.451000
817.358923
817.174985
816.899613
816.533451
816.077354
815.532386
814.899822
814.181141
813.378027
813.332806
814.134840
814.852553
815.484266
816.028501
816.483985
816.849654
817.124655
817.308347
817.400300
817.400300
817.308347
817.124655
816.849654
816.483985
816.028501
815.484266
814.852553
814.134840
813.332806
813.287645
814.088600
814.805349
815.436212
815.979714
816.434586
816.799763
817.074394
817.257839
817.349668
817.349668
817.257839
817.074394
816.799763
816.434586
815.979714
815.436212
814.805349
814.088600
813.287645
813.242546
814.042424
814.758208
815.388223
815.930994
816.385253
816.749940
817.024201
817.207399
817.299104
817.299104
817.207399
817.024201
816.749940
816.385253
815.930994
815.388223
814.758208
814.042424
813.242546
813.197508
813.996309
814.711131
815.340298
815.882339
816.335988
816.700183
816.974076
817.157027
817.248610
817.248610
817.157027
816.974076
816.700183
816.335988
815.882339
815.340298
814.711131
813.996309
813.197508
813.152530
813.950257
814.664117
815.292438
815.833750
816.286789
816.650495
816.924019
817.106724
817.198183
817.198183
817.106724
816.924019
816.650495
816.286789
815.833750
815.292438
814.664117
813.950257
813.152530
813.107613
813.904267
814.617167
815.244643
815.785227
816.237656
816.600873
816.874030
817.056489
817.147825
817.147825
817.056489
816.874030
816.600873
816.237656
815.785227
815.244643
814.617167
813.904267
813.107613
813.062756
813.858339
814.570280
815.196912
815.736770
816.188590
816.551318
816.824108
817.006322
817.097535
817.097535
817.006322
816.824108
816.551318
816.188590
815.736770
815.196912
814.570280
813.858339
813.062756
813.017960
813.812473
814.523457
815.149246
815.688377
816.139590
816.501831
816.774254
816.956223
817.047313
817.047313
816.956223
816.774254
816.501831
816.139590
815.688377
815.149246
814.523457
813.812473
813.017960
812.973224
813.766669
814.476696
815.101644
815.640051
816.090657
816.452411
816.724467
816.906191
816.997159
816.997159
816.906191
816.724467
816.452411
816.090657
815.640051
815.101644
814.476696
813.766669
812.973224
812.928549
813.720926
814.429999
815.054107
815.591789
816.041790
816.403057
816.674748
816.856227
816.947073
816.947073
816.856227
816.674748
816.403057
816.041790
815.591789
815.054107
814.429999
813.720926
812.928549
812.883933
813.675246
814.383365
815.006634
815.543593
815.992989
816.353770
816.625095
816.806331
816.897055
816.897055
816.806331
816.625095
816.353770
815.992989
815.543593
815.006634
814.383365
813.675246
812.883933
812.839378
813.629626
814.336794
814.959225
815.495462
815.944254
816.304550
816.575511
816.756503
816.847105
816.847105
816.756503
816.575511
816.304550
815.944254
815.495462
814.959225
814.336794
813.629626
812.839378
812.794883
813.584069
814.290286
814.911879
815.447396
815.895584
816.255396
816.525993
816.706742
816.797222
816.797222
816.706742
816.525993
816.255396
815.895584
815.447396
814.911879
814.290286
813.584069
812.794883
812.750447
813.538572
814.243840
814.864598
815.399395
815.846981
816.206309
816.476542
816.657048
816.747406
816.747406
816.657048
816.476542
816.206309
815.846981
815.399395
814.864598
814.243840
813.538572
812.750447
812.706072
813.493138
814.197457
814.817381
815.351459
815.798443
816.157289
816.427158
816.607421
816.697658
816.697658
816.607421
816.427158
816.157289
815.798443
815.351459
814.817381
814.197457
813.493138
812.706072
812.661756
813.447764
814.151137
814.770228
815.303588
815.749971
816.108334
816.377841
816.557862
816.647978
816.647978
816.557862
816.377841
816.108334
815.749971
815.303588
814.770228
814.151137
813.447764
812.661756
812.617500
813.402451
814.104879
814.723138
815.255781
815.701564
816.059446
816.328590
816.508370
816.598364
816.598364
816.508370
816.328590
816.059446
815.701564
815.255781
814.723138
814.104879
813.402451
812.617500
812.573303
813.357200
814.058684
814.676111
815.208039
815.653223
816.010624
816.279407
816.458944
816.548818
816.548818
816.458944
816.279407
816.010624
815.653223
815.208039
814.676111
814.058684
813.357200
812.573303
812.529166
813.312010
814.012550
814.629149
815.160361
815.604947
815.961868
816.230289
816.409586
816.499339
816.499339
816.409586
816.230289
815.961868
815.604947
815.160361
814.629149
814.012550
813.312010
812.529166
812.485089
813.266880
813.966480
814.582249
815.112748
815.556737
815.913178
816.181238
816.360294
816.449926
816.449926
816.360294
816.181238
815.913178
815.556737
815.112748
814.582249
813.966480
813.266880
812.485089
812.441071
813.221811
813.920471
814.535413
815.065199
815.508591
815.864553
816.132254
816.311069
816.400581
816.400581
816.311069
816.132254
815.864553
815.508591
815.065199
814.535413
813.920471
813.221811
812.441071
812.397112
813.176803
813.874524
814.488640
815.017715
815.460511
815.815995
816.083336
816.261910
816.351302
816.351302
816.261910
816.083336
815.815995
815.460511
815.017715
814.488640
813.874524
813.176803
812.397112
812.353212
813.131856
813.828639
814.441930
814.970294
815.412495
815.767502
816.034483
816.212818
816.302090
816.302090
816.212818
816.034483
815.767502
815.412495
814.970294
814.441930
813.828639
813.131856
812.353212
812.309371
813.086969
813.782817
814.395284
814.922938
815.364545
815.719074
815.985697
816.163793
816.252944
816.252944
816.163793
815.985697
815.719074
815.364545
814.922938
814.395284
813.782817
813.086969
812.309371
812.265590
813.042143
813.737056
814.348700
814.875645
815.316659
815.670712
815.936977
816.114833
816.203865
816.203865
816.114833
815.936977
815.670712
815.316659
814.875645
814.348700
813.737056
813.042143
812.265590
812.221867
812.997377
813.691356
814.302179
814.828416
815.268838
815.622415
815.888323
816.065940
816.154852
816.154852
816.065940
815.888323
815.622415
815.268838
814.828416
814.302179
813.691356
812.997377
812.221867
812.178203
812.952672
813.645719
814.255721
814.781251
815.221081
815.574184
815.839734
816.017113
816.105906
816.105906
816.017113
815.839734
815.574184
815.221081
814.781251
814.255721
813.645719
812.952672
812.178203
812.134598
812.908026
813.600142
814.209325
814.734150
815.173389
815.526018
815.791212
815.968352
816.057025
816.057025
815.968352
815.791212
815.526018
815.173389
814.734150
814.209325
813.600142
812.908026
812.134598
812.091051
812.863441
813.554628
814.162992
814.687112
815.125762
815.477917
815.742754
815.919657
816.008211
816.008211
815.919657
815.742754
815.477917
815.125762
814.687112
814.162992
813.554628
812.863441
812.091051
812.047563
812.818916
813.509174
814.116722
814.640138
815.078199
815.429880
815.694362
815.871027
815.959463
815.959463
815.871027
815.694362
815.429880
815.078199
814.640138
814.116722
813.509174
812.818916
812.047563
812.004134
812.774451
813.463782
814.070514
814.593227
815.030700
815.381909
815.646036
815.822464
815.910781
815.910781
815.822464
815.646036
815.381909
815.030700
814.593227
814.070514
813.463782
812.774451
812.004134
811.960763
812.730045
813.418451
814.024368
814.546380
814.983265
815.334003
815.597775
815.773966
815.862164
815.862164
815.773966
815.597775
815.334003
814.983265
814.546380
814.024368
813.418451
812.730045
811.960763
811.917451
812.685700
813.373181
813.978285
814.499595
814.935894
815.286161
815.549579
815.725533
815.813613
815.813613
815.725533
815.549579
815.286161
814.935894
814.499595
813.978285
813.373181
812.685700
811.917451
811.874196
812.641414
813.327972
813.932264
814.452874
814.888587
815.238384
815.501448
815.677166
815.765128
815.765128
815.677166
815.501448
815.238384
814.888587
814.452874
813.932264
813.327972
812.641414
811.874196
811.831000
812.597188
813.282824
813.886305
814.406216
814.841344
815.190671
815.453382
815.628865
815.716708
815.716708
815.628865
815.453382
815.190671
814.841344
814.406216
813.886305
813.282824
812.597188
811.831000
811.787862
812.553021
813.237737
813.840407
814.359621
814.794165
815.143023
815.405382
815.580628
815.668354
815.668354
815.580628
815.405382
815.143023
814.794165
814.359621
813.840407
813.237737
812.553021
811.787862
811.744782
812.508914
813.192711
813.794572
814.313089
814.747049
815.095439
815.357446
815.532457
815.620065
815.620065
815.532457
815.357446
815.095439
814.747049
814.313089
813.794572
813.192711
812.508914
811.744782
811.701760
812.464866
813.147745
813.748799
814.266619
814.699997
815.047920
815.309574
815.484351
815.571841
815.571841
815.484351
815.309574
815.047920
814.699997
814.266619
813.748799
813.147745
812.464866
811.701760
811.658796
812.420878
813.102840
813.703087
814.220212
814.653009
815.000464
815.261768
815.436310
815.523682
815.523682
815.436310
815.261768
815.000464
814.653009
814.220212
813.703087
813.102840
812.420878
811.658796
811.615889
812.376948
813.057996
813.657437
814.173868
814.606084
814.953073
815.214026
815.388333
815.475589
815.475589
815.388333
815.214026
814.953073
814.606084
814.173868
813.657437
813.057996
812.376948
811.615889
811.573040
812.333078
813.013212
813.611848
814.127587
814.559222
814.905745
815.166348
815.340422
815.427560
815.427560
815.340422
815.166348
814.905745
814.559222
814.127587
813.611848
813.013212
812.333078
811.573040
811.530249
812.289267
812.968488
813.566321
814.081367
814.512423
814.858482
815.118735
815.292575
815.379597
815.379597
815.292575
815.118735
814.858482
814.512423
814.081367
813.566321
812.968488
812.289267
811.530249
811.487516
812.245515
812.923824
813.520855
814.035210
814.465688
814.811282
815.071186
815.244793
815.331698
815.331698
815.244793
815.071186
814.811282
814.465688
814.035210
813.520855
812.923824
812.245515
811.487516
811.444839
812.201822
812.879221
813.475450
813.989116
814.419016
814.764146
815.023701
815.197075
815.283864
815.283864
815.197075
815.023701
814.764146
814.419016
813.989116
813.475450
812.879221
812.201822
811.444839
811.402220
812.158187
812.834677
813.430107
813.943083
814.372406
814.717074
814.976281
815.149422
815.236094
815.236094
815.149422
814.976281
814.717074
814.372406
813.943083
813.430107
812.834677
812.158187
811.402220
811.359659
812.114611
812.790194
813.384825
813.897113
814.325860
814.670065
814.928924
815.101833
815.188389
815.188389
815.101833
814.928924
814.670065
814.325860
813.897113
813.384825
812.790194
812.114611
811.359659
811.317155
812.071094
812.745770
813.339603
813.851204
814.279376
814.623120
814.881632
815.054309
815.140748
815.140748
815.054309
814.881632
814.623120
814.279376
813.851204
813.339603
812.745770
812.071094
811.317155
811.274707
812.027635
812.701407
813.294443
813.805358
814.232955
814.576238
814.834403
815.006848
815.093172
815.093172
815.006848
814.834403
814.576238
814.232955
813.805358
813.294443
812.701407
812.027635
811.274707
811.232317
811.984235
812.657103
813.249344
813.759573
814.186597
814.529419
814.787238
814.959452
815.045660
815.045660
814.959452
814.787238
814.529419
814.186597
813.759573
813.249344
812.657103
811.984235
811.232317
811.189984
811.940894
812.612858
813.204305
813.713850
814.140301
814.482663
814.740136
814.912119
814.998211
814.998211
814.912119
814.740136
814.482663
814.140301
813.713850
813.204305
812.612858
811.940894
811.189984
811.147708
811.897610
812.568674
813.159327
813.668188
814.094068
814.435971
814.693098
814.864851
814.950828
814.950828
814.864851
814.693098
814.435971
814.094068
813.668188
813.159327
812.568674
811.897610
811.147708
811.105488
811.854385
812.524548
813.114410
813.622588
814.047897
814.389341
814.646124
814.817646
814.903507
814.903507
814.817646
814.646124
814.389341
814.047897
813.622588
813.114410
812.524548
811.854385
811.105488
811.063325
811.811218
812.480482
813.069553
813.577050
814.001788
814.342774
814.599213
814.770505
814.856251
814.856251
814.770505
814.599213
814.342774
814.001788
813.577050
813.069553
812.480482
811.811218
811.063325
811.021219
811.768109
812.436476
813.024756
813.531573
813.955741
814.296271
814.552365
814.723428
814.809059
814.809059
814.723428
814.552365
814.296271
813.955741
813.531573
813.024756
812.436476
811.768109
811.021219
810.979170
811.725057
812.392529
812.980020
813.486157
813.909757
814.249829
814.505581
814.676414
814.761930
814.761930
814.676414
814.505581
814.249829
813.909757
813.486157
812.980020
812.392529
811.725057
810.979170
810.937177
811.682064
812.348640
812.935344
813.440803
813.863834
814.203451
814.458859
814.629464
814.714865
814.714865
814.629464
814.458859
814.203451
813.863834
813.440803
812.935344
812.348640
811.682064
810.937177
810.895240
811.639129
812.304811
812.890728
813.395509
813.817974
814.157135
814.412201
814.582576
814.667864
814.667864
814.582576
814.412201
814.157135
813.817974
813.395509
812.890728
812.304811
811.639129
810.895240
810.853360
811.596251
812.261041
812.846173
813.350277
813.772175
814.110882
814.365606
814.535753
814.620925
814.620925
814.535753
814.365606
814.110882
813.772175
813.350277
812.846173
812.261041
811.596251
810.853360
810.811536
811.553431
812.217330
812.801677
813.305105
813.726438
814.064690
814.319073
814.488992
814.574051
814.574051
814.488992
814.319073
814.064690
813.726438
813.305105
812.801677
812.217330
811.553431
810.811536
810.769768
811.510669
812.173677
812.757241
813.259995
813.680762
814.018562
814.272603
814.442294
814.527239
814.527239
814.442294
814.272603
814.018562
813.680762
813.259995
812.757241
812.173677
811.510669
810.769768
810.728056
811.467964
812.130084
812.712865
813.214945
813.635149
813.972495
814.226196
814.395660
814.480490
814.480490
814.395660
814.226196
813.972495
813.635149
813.214945
812.712865
812.130084
811.467964
810.728056
810.686400
811.425316
812.086548
812.668549
813.169955
813.589596
813.926490
814.179851
814.349088
814.433805
814.433805
814.349088
814.179851
813.926490
813.589596
813.169955
812.668549
812.086548
811.425316
810.686400
810.644800
811.382726
812.043072
812.624292
813.125027
813.544105
813.880548
814.133569
814.302579
814.387183
814.387183
814.302579
814.133569
813.880548
813.544105
813.125027
812.624292
812.043072
811.382726
810.644800
810.603256
811.340193
811.999654
812.580095
813.080159
813.498675
813.834667
814.087350
814.256133
814.340623
814.340623
814.256133
814.087350
813.834667
813.498675
813.080159
812.580095
811.999654
811.340193
810.603256
810.561768
811.297717
811.956294
812.535958
813.035351
813.453307
813.788848
814.041192
814.209749
814.294126
814.294126
814.209749
814.041192
813.788848
813.453307
813.035351
812.535958
811.956294
811.297717
810.561768
810.520336
811.255298
811.912993
812.491880
812.990604
813.408000
813.743091
813.995097
814.163428
814.247692
814.247692
814.163428
813.995097
813.743091
813.408000
812.990604
812.491880
811.912993
811.255298
810.520336
810.478959
811.212936
811.869750
812.447861
812.945917
813.362753
813.697396
813.949064
814.117170
814.201321
814.201321
814.117170
813.949064
813.697396
813.362753
812.945917
812.447861
811.869750
811.212936
810.478959
810.437637
811.170632
811.826565
812.403901
812.901290
813.317568
813.651762
813.903093
814.070974
814.155012
814.155012
814.070974
813.903093
813.651762
813.317568
812.901290
812.403901
811.826565
811.170632
810.437637
810.396371
811.128384
811.783438
812.360001
812.856723
813.272443
813.606190
813.857184
814.024840
814.108765
814.108765
814.024840
813.857184
813.606190
813.272443
812.856723
812.360001
811.783438
811.128384
810.396371
810.355161
811.086192
811.740369
812.316160
812.812216
813.227380
813.560679
813.811337
813.978768
814.062581
814.062581
813.978768
813.811337
813.560679
813.227380
812.812216
812.316160
811.740369
811.086192
810.355161
810.314006
811.044058
811.697358
812.272377
812.767769
813.182376
813.515230
813.765552
813.932758
814.016459
814.016459
813.932758
813.765552
813.515230
813.182376
812.767769
812.272377
811.697358
811.044058
810.314006
810.272906
811.001980
811.654405
812.228654
812.723382
813.137434
813.469841
813.719828
813.886811
813.970400
813.970400
813.886811
813.719828
813.469841
813.137434
812.723382
812.228654
811.654405
811.001980
810.272906
810.231861
810.959958
811.611510
812.184989
812.679055
813.092552
813.424514
813.674166
813.840925
813.924402
813.924402
813.840925
813.674166
813.424514
813.092552
812.679055
812.184989
811.611510
810.959958
810.231861
810.190871
810.917993
811.568672
812.141383
812.634787
813.047731
813.379248
813.628566
813.795101
813.878466
813.878466
813.795101
813.628566
813.379248
813.047731
812.634787
812.141383
811.568672
810.917993
810.190871
810.149936
810.876085
811.525892
812.097836
812.590579
813.002970
813.334043
813.583027
813.749339
813.832593
813.832593
813.749339
813.583027
813.334043
813.002970
812.590579
812.097836
811.525892
810.876085
810.149936
810.109057
810.834232
811.483169
812.054347
812.546431
812.958269
813.288899
813.537549
813.703639
813.786781
813.786781
813.703639
813.537549
813.288899
812.958269
812.546431
812.054347
811.483169
810.834232
810.109057
810.068232
810.792436
811.440504
812.010917
812.502342
812.913628
813.243815
813.492133
813.658000
813.741031
813.741031
813.658000
813.492133
813.243815
812.913628
812.502342
812.010917
811.440504
810.792436
810.068232
810.027462
810.750696
811.397896
811.967546
812.458312
812.869047
813.198793
813.446777
813.612423
813.695342
813.695342
813.612423
813.446777
813.198793
812.869047
812.458312
811.967546
811.397896
810.750696
810.027462
809.986746
810.709012
811.355345
811.924232
812.414341
812.824527
813.153830
813.401483
813.566907
813.649715
813.649715
813.566907
813.401483
813.153830
812.824527
812.414341
811.924232
811.355345
810.709012
809.986746
809.946085
810.667384
811.312852
811.880977
812.370430
812.780066
813.108929
813.356250
813.521452
813.604150
813.604150
813.521452
813.356250
813.108929
812.780066
812.370430
811.880977
811.312852
810.667384
809.946085
809.905479
810.625812
811.270416
811.837780
812.326577
812.735665
813.064088
813.311078
813.476059
813.558645
813.558645
813.476059
813.311078
813.064088
812.735665
812.326577
811.837780
811.270416
810.625812
809.905479
809.864927
810.584296
811.228036
811.794641
812.282784
812.691324
813.019307
813.265966
813.430726
813.513203
813.513203
813.430726
813.265966
813.019307
812.691324
812.282784
811.794641
811.228036
810.584296
809.864927
809.824430
810.542835
811.185714
811.751560
812.239050
812.647043
812.974587
813.220916
813.385455
813.467821
813.467821
813.385455
813.220916
812.974587
812.647043
812.239050
811.751560
811.185714
810.542835
809.824430
809.783986
810.501430
811.143448
811.708537
812.195374
812.602821
812.929926
813.175926
813.340245
813.422501
813.422501
813.340245
813.175926
812.929926
812.602821
812.195374
811.708537
811.143448
810.501430
809.783986
809.743597
810.460081
811.101240
811.665572
812.151757
812.558659
812.885326
813.130996
813.295096
813.377241
813.377241
813.295096
813.130996
812.885326
812.558659
812.151757
811.665572
811.101240
810.460081
809.743597
809.703263
810.418787
811.059088
811.622664
812.108199
812.514556
812.840786
813.086128
813.250007
813.332043
813.332043
813.250007
813.086128
812.840786
812.514556
812.108199
811.622664
811.059088
810.418787
809.703263
809.662982
810.377549
811.016992
811.579815
812.064699
812.470513
812.796306
813.041319
813.204979
813.286905
813.286905
813.204979
813.041319
812.796306
812.470513
812.064699
811.579815
811.016992
810.377549
809.662982
809.622755
810.336366
810.974953
811.537023
812.021258
812.426528
812.751886
812.996571
813.160012
813.241828
813.241828
813.160012
812.996571
812.751886
812.426528
812.021258
811.537023
810.974953
810.336366
809.622755
809.582583
810.295238
810.932971
811.494288
811.977876
812.382603
812.707525
812.951883
813.115106
813.196812
813.196812
813.115106
812.951883
812.707525
812.382603
811.977876
811.494288
810.932971
810.295238
809.582583
809.542464
810.254165
810.891045
811.451611
811.934551
812.338737
812.663225
812.907255
813.070259
813.151857
813.151857
813.070259
812.907255
812.663225
812.338737
811.934551
811.451611
810.891045
810.254165
809.542464
809.502399
810.213148
810.849175
811.408991
811.891285
812.294930
812.618984
812.862688
813.025474
813.106962
813.106962
813.025474
812.862688
812.618984
812.294930
811.891285
811.408991
810.849175
810.213148
809.502399
809.462387
810.172185
810.807362
811.366428
811.848077
812.251182
812.574802
812.818180
812.980748
813.062127
813.062127
812.980748
812.818180
812.574802
812.251182
811.848077
811.366428
810.807362
810.172185
809.462387
809.422430
810.131278
810.765604
811.323923
811.804927
812.207493
812.530680
812.773732
812.936083
813.017353
813.017353
812.936083
812.773732
812.530680
812.207493
811.804927
811.323923
810.765604
810.131278
809.422430
809.382525
810.090425
810.723903
811.281474
811.761835
812.163863
812.486617
812.729344
812.891478
812.972639
812.972639
812.891478
812.729344
812.486617
812.163863
811.761835
811.281474
810.723903
810.090425
809.382525
809.342675
810.049628
810.682258
811.239083
811.718802
812.120291
812.442613
812.685016
812.846932
812.927985
812.927985
812.846932
812.685016
812.442613
812.120291
811.718802
811.239083
810.682258
810.049628
809.342675
809.302877
810.008884
810.640668
811.196749
811.675825
812.076778
812.398669
812.640747
812.802447
812.883392
812.883392
812.802447
812.640747
812.398669
812.076778
811.675825
811.196749
810.640668
810.008884
809.302877
809.263133
809.968196
810.599135
811.154471
811.632907
812.033323
812.354784
812.596538
812.758022
812.838858
812.838858
812.758022
812.596538
812.354784
812.033323
811.632907
811.154471
810.599135
809.968196
809.263133
809.223443
809.927562
810.557657
811.112251
811.590047
811.989927
812.310958
812.552389
812.713656
812.794384
812.794384
812.713656
812.552389
812.310958
811.989927
811.590047
811.112251
810.557657
809.927562
809.223443
809.183805
809.886983
810.516235
811.070087
811.547243
811.946589
812.267190
812.508298
812.669350
812.749970
812.749970
812.669350
812.508298
812.267190
811.946589
811.547243
811.070087
810.516235
809.886983
809.183805
809.144221
809.846458
810.474868
811.027979
811.504498
811.903309
812.223482
812.464268
812.625104
812.705616
812.705616
812.625104
812.464268
812.223482
811.903309
811.504498
811.027979
810.474868
809.846458
809.144221
809.104689
809.805987
810.433557
810.985929
811.461810
811.860088
812.179832
812.420296
812.580917
812.661322
812.661322
812.580917
812.420296
812.179832
811.860088
811.461810
810.985929
810.433557
809.805987
809.104689
809.065211
809.765571
810.392301
810.943934
811.419179
811.816925
812.136241
812.376383
812.536790
812.617087
812.617087
812.536790
812.376383
812.136241
811.816925
811.419179
810.943934
810.392301
809.765571
809.065211
809.025785
809.725209
810.351101
810.901996
811.376606
811.773819
812.092709
812.332530
812.492722
812.572912
812.572912
812.492722
812.332530
812.092709
811.773819
811.376606
810.901996
810.351101
809.725209
809.025785
808.986413
809.684901
810.309956
810.860115
811.334089
811.730772
812.049235
812.288735
812.448714
812.528796
812.528796
812.448714
812.288735
812.049235
811.730772
811.334089
810.860115
810.309956
809.684901
808.986413
808.947093
809.644647
810.268866
810.818289
811.291630
811.687782
812.005820
812.245000
812.404764
812.484739
812.484739
812.404764
812.245000
812.005820
811.687782
811.291630
810.818289
810.268866
809.644647
808.947093
808.907826
809.604447
810.227832
810.776520
811.249228
811.644851
811.962463
812.201323
812.360874
812.440742
812.440742
812.360874
812.201323
811.962463
811.644851
811.249228
810.776520
810.227832
809.604447
808.907826
808.868611
809.564301
810.186852
810.734807
811.206883
811.601977
811.919164
812.157705
812.317042
812.396804
812.396804
812.317042
812.157705
811.919164
811.601977
811.206883
810.734807
810.186852
809.564301
808.868611
808.829449
809.524209
810.145928
810.693150
811.164595
811.559160
811.875924
812.114146
812.273270
812.352925
812.352925
812.273270
812.114146
811.875924
811.559160
811.164595
810.693150
810.145928
809.524209
808.829449
808.790339
809.484170
810.105058
810.651549
811.122363
811.516401
811.832741
812.070645
812.229557
812.309105
812.309105
812.229557
812.070645
811.832741
811.516401
811.122363
810.651549
810.105058
809.484170
808.790339
808.751282
809.444185
810.064243
810.610003
811.080189
811.473700
811.789617
812.027203
812.185902
812.265344
812.265344
812.185902
812.027203
811.789617
811.473700
811.080189
810.610003
810.064243
809.444185
808.751282
808.712277
809.404254
810.023483
810.568514
811.038071
811.431056
811.746551
811.983819
812.142306
812.221642
812.221642
812.142306
811.983819
811.746551
811.431056
811.038071
810.568514
810.023483
809.404254
808.712277
808.673324
809.364376
809.982778
810.527080
810.996009
811.388469
811.703542
811.940493
812.098768
812.177998
812.177998
812.098768
811.940493
811.703542
811.388469
810.996009
810.527080
809.982778
809.364376
808.673324
808.634423
809.324552
809.942127
810.485701
810.954004
811.345939
811.660592
811.897226
812.055289
812.134414
812.134414
812.055289
811.897226
811.660592
811.345939
810.954004
810.485701
809.942127
809.324552
808.634423
808.595574
809.284781
809.901530
810.444379
810.912055
811.303467
811.617699
811.854017
812.011869
812.090887
812.090887
812.011869
811.854017
811.617699
811.303467
810.912055
810.444379
809.901530
809.284781
808.595574
808.556778
809.245063
809.860988
810.403111
810.870163
811.261051
811.574863
811.810865
811.968507
812.047420
812.047420
811.968507
811.810865
811.574863
811.261051
810.870163
810.403111
809.860988
809.245063
808.556778
808.518033
809.205399
809.820501
810.361899
810.828327
811.218693
811.532085
811.767772
811.925203
812.004010
812.004010
811.925203
811.767772
811.532085
811.218693
810.828327
810.361899
809.820501
809.205399
808.518033
808.479340
809.165787
809.780068
810.320742
810.786547
811.176391
811.489365
811.724737
811.881958
811.960660
811.960660
811.881958
811.724737
811.489365
811.176391
810.786547
810.320742
809.780068
809.165787
808.479340
808.440699
809.126229
809.739689
810.279641
810.744823
811.134147
811.446702
811.681760
811.838770
811.917367
811.917367
811.838770
811.681760
811.446702
811.134147
810.744823
810.279641
809.739689
809.126229
808.440699
808.402110
809.086724
809.699364
810.238595
810.703155
811.091959
811.404097
811.638840
811.795641
811.874133
811.874133
811.795641
811.638840
811.404097
811.091959
810.703155
810.238595
809.699364
809.086724
808.402110
808.363573
809.047272
809.659093
810.197603
810.661543
811.049827
811.361548
811.595978
811.752569
811.830956
811.830956
811.752569
811.595978
811.361548
811.049827
810.661543
810.197603
809.659093
809.047272
808.363573
808.325087
809.007872
809.618876
810.156667
810.619987
811.007752
811.319057
811.553174
811.709556
811.787838
811.787838
811.709556
811.553174
811.319057
811.007752
810.619987
810.156667
809.618876
809.007872
808.325087
808.286652
808.968525
809.578713
810.115786
810.578487
810.965734
811.276623
811.510427
811.666600
811.744777
811.744777
811.666600
811.510427
811.276623
810.965734
810.578487
810.115786
809.578713
808.968525
808.286652
808.248269
808.929231
809.538604
810.074959
810.537042
810.923772
811.234246
811.467737
811.623702
811.701775
811.701775
811.623702
811.467737
811.234246
810.923772
810.537042
810.074959
809.538604
808.929231
808.248269
808.209937
808.889990
809.498549
810.034187
810.495653
810.881867
811.191925
811.425105
811.580861
811.658830
811.658830
811.580861
811.425105
811.191925
810.881867
810.495653
810.034187
809.498549
808.889990
808.209937
808.171657
808.850801
809.458547
809.993470
810.454320
810.840017
811.149662
811.382530
811.538078
811.615943
811.615943
811.538078
811.382530
811.149662
810.840017
810.454320
809.993470
809.458547
808.850801
808.171657
808.133427
808.811665
809.418599
809.952808
810.413042
810.798224
811.107455
811.340012
811.495353
811.573114
811.573114
811.495353
811.340012
811.107455
810.798224
810.413042
809.952808
809.418599
808.811665
808.133427
808.095249
808.772581
809.378704
809.912200
810.371819
810.756487
811.065305
811.297552
811.452685
811.530342
811.530342
811.452685
811.297552
811.065305
810.756487
810.371819
809.912200
809.378704
808.772581
808.095249
808.057122
808.733549
809.338863
809.871646
810.330652
810.714806
811.023212
811.255148
811.410074
811.487627
811.487627
811.410074
811.255148
811.023212
810.714806
810.330652
809.871646
809.338863
808.733549
808.057122
808.019046
808.694570
809.299076
809.831147
810.289539
810.673181
810.981175
811.212802
811.367521
811.444970
811.444970
811.367521
811.212802
810.981175
810.673181
810.289539
809.831147
809.299076
808.694570
808.019046
807.981021
808.655643
809.259341
809.790702
810.248483
810.631612
810.939194
811.170512
811.325024
811.402371
811.402371
811.325024
811.170512
810.939194
810.631612
810.248483
809.790702
809.259341
808.655643
807.981021
807.943047
808.616768
809.219660
809.750312
810.207481
810.590098
810.897270
811.128279
811.282585
811.359828
811.359828
811.282585
811.128279
810.897270
810.590098
810.207481
809.750312
809.219660
808.616768
807.943047
807.905124
808.577945
809.180032
809.709975
810.166534
810.548641
810.855402
811.086103
811.240203
811.317343
811.317343
811.240203
811.086103
810.855402
810.548641
810.166534
809.709975
809.180032
808.577945
807.905124
807.867251
808.539174
809.140457
809.669693
810.125642
810.507238
810.813591
811.043983
811.197877
811.274914
811.274914
811.197877
811.043983
810.813591
810.507238
810.125642
809.669693
809.140457
808.539174
807.867251
807.829429
808.500455
809.100935
809.629464
810.084805
810.465892
810.771835
811.001920
811.155609
811.232543
811.232543
811.155609
811.001920
810.771835
810.465892
810.084805
809.629464
809.100935
808.500455
807.829429
807.791657
808.461787
809.061466
809.589290
810.044022
810.424601
810.730136
810.959913
811.113397
811.190228
811.190228
811.113397
810.959913
810.730136
810.424601
810.044022
809.589290
809.061466
808.461787
807.791657
807.753937
808.423172
809.022050
809.549169
810.003295
810.383365
810.688492
810.917963
811.071242
811.147971
811.147971
811.071242
810.917963
810.688492
810.383365
810.003295
809.549169
809.022050
808.423172
807.753937
807.716266
808.384608
808.982687
809.509102
809.962621
810.342185
810.646904
810.876069
811.029143
811.105770
811.105770
811.029143
810.876069
810.646904
810.342185
809.962621
809.509102
808.982687
808.384608
807.716266
807.678646
808.346096
808.943376
809.469089
809.922003
810.301059
810.605372
810.834231
810.987101
811.063625
811.063625
810.987101
810.834231
810.605372
810.301059
809.922003
809.469089
808.943376
808.346096
807.678646
807.641076
808.307635
808.904119
809.429129
809.881439
810.259989
810.563896
810.792450
810.945115
811.021538
811.021538
810.945115
810.792450
810.563896
810.259989
809.881439
809.429129
808.904119
808.307635
807.641076
807.603556
808.269226
808.864913
809.389223
809.840929
810.218975
810.522476
810.750724
810.903186
810.979506
810.979506
810.903186
810.750724
810.522476
810.218975
809.840929
809.389223
808.864913
808.269226
807.603556
807.566087
808.230868
808.825760
809.349371
809.800474
810.178015
810.481111
810.709055
810.861313
810.937532
810.937532
810.861313
810.709055
810.481111
810.178015
809.800474
809.349371
808.825760
808.230868
807.566087
807.528668
808.192561
808.786660
809.309571
809.760073
810.137110
810.439801
810.667441
810.819496
810.895613
810.895613
810.819496
810.667441
810.439801
810.137110
809.760073
809.309571
808.786660
808.192561
807.528668
807.491298
808.154306
808.747612
809.269826
809.719726
810.096260
810.398547
810.625883
810.777736
810.853751
810.853751
810.777736
810.625883
810.398547
810.096260
809.719726
809.269826
808.747612
808.154306
807.491298
807.453979
808.116102
808.708616
809.230133
809.679433
810.055464
810.357349
810.584381
810.736031
810.811945
810.811945
810.736031
810.584381
810.357349
810.055464
809.679433
809.230133
808.708616
808.116102
807.453979
807.416709
808.077949
808.669672
809.190494
809.639194
810.014724
810.316205
810.542935
810.694382
810.770195
810.770195
810.694382
810.542935
810.316205
810.014724
809.639194
809.190494
808.669672
808.077949
807.416709
807.379490
808.039847
808.630781
809.150907
809.599009
809.974037
810.275117
810.501544
810.652790
810.728501
810.728501
810.652790
810.501544
810.275117
809.974037
809.599009
809.150907
808.630781
808.039847
807.379490
807.342320
808.001796
808.591942
809.111374
809.558878
809.933406
810.234084
810.460209
810.611253
810.686863
810.686863
810.611253
810.460209
810.234084
809.933406
809.558878
809.111374
808.591942
808.001796
807.342320
807.305199
807.963796
808.553154
809.071893
809.518800
809.892829
810.193106
810.418929
810.569771
810.645281
810.645281
810.569771
810.418929
810.193106
809.892829
809.518800
809.071893
808.553154
807.963796
807.305199
807.268129
807.925847
808.514419
809.032466
809.478776
809.852306
810.152183
810.377705
810.528346
810.603754
810.603754
810.528346
810.377705
810.152183
809.852306
809.478776
809.032466
808.514419
807.925847
807.268129
807.231108
807.887948
808.475735
808.993091
809.438806
809.811838
810.111314
810.336535
810.486976
810.562284
810.562284
810.486976
810.336535
810.111314
809.811838
809.438806
808.993091
808.475735
807.887948
807.231108
807.194136
807.850100
808.437103
808.953769
809.398890
809.771424
810.070501
810.295422
810.445661
810.520869
810.520869
810.445661
810.295422
810.070501
809.771424
809.398890
808.953769
808.437103
807.850100
807.194136
807.157214
807.812303
808.398523
808.914500
809.359027
809.731064
810.029742
810.254363
810.404402
810.479509
810.479509
810.404402
810.254363
810.029742
809.731064
809.359027
808.914500
808.398523
807.812303
807.157214
807.120341
807.774556
808.359994
808.875283
809.319217
809.690758
809.989038
810.213359
810.363198
810.438205
810.438205
810.363198
810.213359
809.989038
809.690758
809.319217
808.875283
808.359994
807.774556
807.120341
807.083517
807.736860
808.321517
808.836119
809.279461
809.650506
809.948388
810.172410
810.322050
810.396957
810.396957
810.322050
810.172410
809.948388
809.650506
809.279461
808.836119
808.321517
807.736860
807.083517
807.046742
807.699214
808.283092
808.797007
809.239758
809.610309
809.907793
810.131517
810.280956
810.355763
810.355763
810.280956
810.131517
809.907793
809.610309
809.239758
808.797007
808.283092
807.699214
807.046742
807.010017
807.661619
808.244718
808.757948
809.200108
809.570165
809.867252
810.090678
810.239918
810.314625
810.314625
810.239918
810.090678
809.867252
809.570165
809.200108
808.757948
808.244718
807.661619
807.010017
806.973341
807.624074
808.206395
808.718941
809.160511
809.530074
809.826766
810.049893
810.198935
810.273543
810.273543
810.198935
810.049893
809.826766
809.530074
809.160511
808.718941
808.206395
807.624074
806.973341
806.936713
807.586578
808.168123
808.679986
809.120968
809.490038
809.786334
810.009164
810.158006
810.232515
810.232515
810.158006
810.009164
809.786334
809.490038
809.120968
808.679986
808.168123
807.586578
806.936713
806.900135
807.549134
808.129903
808.641083
809.081477
809.450055
809.745956
809.968489
810.117133
810.191542
810.191542
810.117133
809.968489
809.745956
809.450055
809.081477
808.641083
808.129903
807.549134
806.900135
806.863605
807.511739
808.091734
808.602232
809.042039
809.410126
809.705632
809.927868
810.076314
810.150624
810.150624
810.076314
809.927868
809.705632
809.410126
809.042039
808.602232
808.091734
807.511739
806.863605
806.827125
807.474394
808.053616
808.563433
809.002654
809.370250
809.665363
809.887302
810.035550
810.109761
810.109761
810.035550
809.887302
809.665363
809.370250
809.002654
808.563433
808.053616
807.474394
806.827125
806.790693
807.437099
808.015548
808.524686
808.963321
809.330428
809.625147
809.846791
809.994841
810.068953
810.068953
809.994841
809.846791
809.625147
809.330428
808.963321
808.524686
808.015548
807.437099
806.790693
806.754309
807.399854
807.977532
808.485991
808.924042
809.290659
809.584985
809.806333
809.954187
810.028200
810.028200
809.954187
809.806333
809.584985
809.290659
808.924042
808.485991
807.977532
807.399854
806.754309
806.717974
807.362658
807.939567
808.447348
808.884815
809.250943
809.544877
809.765930
809.913586
809.987501
809.987501
809.913586
809.765930
809.544877
809.250943
808.884815
808.447348
807.939567
807.362658
806.717974
806.681688
807.325513
807.901652
808.408757
808.845640
809.211280
809.504823
809.725581
809.873041
809.946856
809.946856
809.873041
809.725581
809.504823
809.211280
808.845640
808.408757
807.901652
807.325513
806.681688
806.645450
807.288417
807.863788
808.370217
808.806518
809.171671
809.464822
809.685286
809.832549
809.906267
809.906267
809.832549
809.685286
809.464822
809.171671
808.806518
808.370217
807.863788
807.288417
806.645450
806.609261
807.251370
807.825975
808.331729
808.767448
809.132114
809.424875
809.645045
809.792112
809.865731
809.865731
809.792112
809.645045
809.424875
809.132114
808.767448
808.331729
807.825975
807.251370
806.609261
806.573119
807.214373
807.788212
808.293292
808.728431
809.092611
809.384981
809.604858
809.751729
809.825250
809.825250
809.751729
809.604858
809.384981
809.092611
808.728431
808.293292
807.788212
807.214373
806.573119
806.537026
807.177426
807.750500
808.254907
808.689465
809.053160
809.345141
809.564725
809.711400
809.784823
809.784823
809.711400
809.564725
809.345141
809.053160
808.689465
808.254907
807.750500
807.177426
806.537026
806.500982
807.140527
807.712838
808.216572
808.650552
809.013763
809.305354
809.524646
809.671125
809.744450
809.744450
809.671125
809.524646
809.305354
809.013763
808.650552
808.216572
807.712838
807.140527
806.500982
806.464985
807.103679
807.675226
808.178290
808.611691
808.974418
809.265621
809.484620
809.630904
809.704132
809.704132
809.630904
809.484620
809.265621
808.974418
808.611691
808.178290
807.675226
807.103679
806.464985
806.429036
807.066879
807.637665
808.140058
808.572882
808.935125
809.225940
809.444648
809.590737
809.663867
809.663867
809.590737
809.444648
809.225940
808.935125
808.572882
808.140058
807.637665
807.066879
806.429036
806.393136
807.030128
807.600154
808.101878
808.534125
808.895886
809.186313
809.404729
809.550624
809.623657
809.623657
809.550624
809.404729
809.186313
808.895886
808.534125
808.101878
807.600154
807.030128
806.393136
806.357283
806.993427
807.562693
808.063748
808.495420
808.856698
809.146739
809.364864
809.510564
809.583500
809.583500
809.510564
809.364864
809.146739
808.856698
808.495420
808.063748
807.562693
806.993427
806.357283
806.321478
806.956775
807.525282
808.025670
808.456767
808.817564
809.107218
809.325052
809.470559
809.543397
809.543397
809.470559
809.325052
809.107218
808.817564
808.456767
808.025670
807.525282
806.956775
806.321478
806.285721
806.920171
807.487922
807.987643
808.418165
808.778481
809.067750
809.285294
809.430606
809.503348
809.503348
809.430606
809.285294
809.067750
808.778481
808.418165
807.987643
807.487922
806.920171
806.285721
806.250012
806.883617
807.450611
807.949666
808.379615
808.739451
809.028334
809.245589
809.390708
809.463352
809.463352
809.390708
809.245589
809.028334
808.739451
808.379615
807.949666
807.450611
806.883617
806.250012
806.214350
806.847111
807.413350
807.911740
808.341116
808.700473
808.988972
809.205937
809.350862
809.423410
809.423410
809.350862
809.205937
808.988972
808.700473
808.341116
807.911740
807.413350
806.847111
806.214350
806.178736
806.810654
807.376138
807.873865
808.302669
808.661548
808.949662
809.166338
809.311070
809.383521
809.383521
809.311070
809.166338
808.949662
808.661548
808.302669
807.873865
807.376138
806.810654
806.178736
806.143169
806.774246
807.338977
807.836041
808.264274
808.622674
808.910404
809.126792
809.271332
809.343686
809.343686
809.271332
809.126792
808.910404
808.622674
808.264274
807.836041
807.338977
806.774246
806.143169
806.107650
806.737886
807.301865
807.798267
808.225929
808.583853
808.871200
809.087299
809.231646
809.303904
809.303904
809.231646
809.087299
808.871200
808.583853
808.225929
807.798267
807.301865
806.737886
806.107650
806.072178
806.701575
807.264803
807.760543
808.187636
808.545083
808.832047
809.047859
809.192014
809.264176
809.264176
809.192014
809.047859
808.832047
808.545083
808.187636
807.760543
807.264803
806.701575
806.072178
806.036754
806.665312
807.227790
807.722870
808.149395
808.506365
808.792947
809.008472
809.152435
809.224501
809.224501
809.152435
809.008472
808.792947
808.506365
808.149395
807.722870
807.227790
806.665312
806.036754
806.001377
806.629098
807.190827
807.685248
808.111204
808.467699
808.753900
808.969137
809.112909
809.184878
809.184878
809.112909
808.969137
808.753900
808.467699
808.111204
807.685248
807.190827
806.629098
806.001377
805.966047
806.592932
807.153913
807.647676
808.073065
808.429085
808.714905
808.929855
809.073435
809.145309
809.145309
809.073435
808.929855
808.714905
808.429085
808.073065
807.647676
807.153913
806.592932
805.966047
805.930764
806.556814
807.117048
807.610153
808.034976
808.390522
808.675961
808.890626
809.034015
809.105793
809.105793
809.034015
808.890626
808.675961
808.390522
808.034976
807.610153
807.117048
806.556814
805.930764
805.895528
806.520745
807.080233
807.572681
807.996939
808.352012
808.637070
808.851449
808.994647
809.066330
809.066330
808.994647
808.851449
808.637070
808.352012
807.996939
807.572681
807.080233
806.520745
805.895528
805.860339
806.484723
807.043466
807.535260
807.958952
808.313552
808.598231
808.812325
808.955332
809.026919
809.026919
808.955332
808.812325
808.598231
808.313552
807.958952
807.535260
807.043466
806.484723
805.860339
805.825197
806.448750
807.006749
807.497888
807.921016
808.275144
808.559444
808.773253
808.916070
808.987562
808.987562
808.916070
808.773253
808.559444
808.275144
807.921016
807.497888
807.006749
806.448750
805.825197
805.790102
806.412825
806.970081
807.460566
807.883131
808.236787
808.520709
808.734233
808.876860
808.948257
808.948257
808.876860
808.734233
808.520709
808.236787
807.883131
807.460566
806.970081
806.412825
805.790102
805.755054
806.376948
806.933462
807.423294
807.845296
808.198482
808.482026
808.695266
808.837702
808.909004
808.909004
808.837702
808.695266
808.482026
808.198482
807.845296
807.423294
806.933462
806.376948
805.755054
805.720052
806.341118
806.896892
807.386071
807.807512
808.160228
808.443394
808.656350
808.798597
808.869804
808.869804
808.798597
808.656350
808.443394
808.160228
807.807512
807.386071
806.896892
806.341118
805.720052
805.685097
806.305336
806.860370
807.348899
807.769779
808.122025
808.404815
808.617487
808.759545
808.830657
808.830657
808.759545
808.617487
808.404815
808.122025
807.769779
807.348899
806.860370
806.305336
805.685097
805.650189
806.269603
806.823898
807.311776
807.732095
808.083873
808.366286
808.578675
808.720544
808.791562
808.791562
808.720544
808.578675
808.366286
808.083873
807.732095
807.311776
806.823898
806.269603
805.650189
805.615327
806.233916
806.787474
807.274703
807.694463
808.045772
808.327810
808.539916
808.681596
808.752519
808.752519
808.681596
808.539916
808.327810
808.045772
807.694463
807.274703
806.787474
806.233916
805.615327
805.580512
806.198278
806.751099
807.237679
807.656880
808.007722
808.289384
808.501208
808.642700
808.713528
808.713528
808.642700
808.501208
808.289384
808.007722
807.656880
807.237679
806.751099
806.198278
805.580512
805.545743
806.162687
806.714772
807.200705
807.619348
807.969723
808.251010
808.462553
808.603856
808.674590
808.674590
808.603856
808.462553
808.251010
807.969723
807.619348
807.200705
806.714772
806.162687
805.545743
805.511020
806.127143
806.678494
807.163780
807.581866
807.931775
808.212688
808.423949
808.565064
808.635704
808.635704
808.565064
808.423949
808.212688
807.931775
807.581866
807.163780
806.678494
806.127143
805.511020
805.476344
806.091647
806.642264
807.126904
807.544434
807.893877
808.174416
808.385396
808.526324
808.596870
808.596870
808.526324
808.385396
808.174416
807.893877
807.544434
807.126904
806.642264
806.091647
805.476344
805.441714
806.056198
806.606082
807.090078
807.507052
807.856030
808.136196
808.346895
808.487635
808.558087
808.558087
808.487635
808.346895
808.136196
807.856030
807.507052
807.090078
806.606082
806.056198
805.441714
805.407130
806.020797
806.569949
807.053301
807.469720
807.818234
808.098027
808.308446
808.448999
808.519357
808.519357
808.448999
808.308446
808.098027
807.818234
807.469720
807.053301
806.569949
806.020797
805.407130
805.372592
805.985443
806.533864
807.016573
807.432438
807.780488
808.059909
808.270048
808.410414
808.480678
808.480678
808.410414
808.270048
808.059909
807.780488
807.432438
807.016573
806.533864
805.985443
805.372592
805.338101
805.950135
806.497827
806.979894
807.395206
807.742793
808.021842
808.231701
808.371880
808.442052
808.442052
808.371880
808.231701
808.021842
807.742793
807.395206
806.979894
806.497827
805.950135
805.338101
805.303655
805.914875
806.461839
806.943264
807.358023
807.705148
807.983826
808.193406
808.333398
808.403476
808.403476
808.333398
808.193406
807.983826
807.705148
807.358023
806.943264
806.461839
805.914875
805.303655
805.269255
805.879662
806.425898
806.906682
807.320890
807.667553
807.945861
808.155162
808.294968
808.364953
808.364953
808.294968
808.155162
807.945861
807.667553
807.320890
806.906682
806.425898
805.879662
805.269255
805.234901
805.844496
806.390005
806.870150
807.283807
807.630009
807.907946
808.116969
808.256589
808.326481
808.326481
808.256589
808.116969
807.907946
807.630009
807.283807
806.870150
806.390005
805.844496
805.234901
805.200593
805.809377
806.354160
806.833667
807.246773
807.592515
807.870082
808.078827
808.218261
808.288060
808.288060
808.218261
808.078827
807.870082
807.592515
807.246773
806.833667
806.354160
805.809377
805.200593
805.166330
805.774305
806.318363
806.797232
807.209789
807.555071
807.832269
808.040736
808.179985
808.249691
808.249691
808.179985
808.040736
807.832269
807.555071
807.209789
806.797232
806.318363
805.774305
805.166330
805.132113
805.739279
806.282614
806.760846
807.172854
807.517676
807.794506
808.002696
808.141760
808.211373
808.211373
808.141760
808.002696
807.794506
807.517676
807.172854
806.760846
806.282614
805.739279
805.132113
805.097942
805.704300
806.246913
806.724508
807.135969
807.480332
807.756794
807.964707
808.103585
808.173106
808.173106
808.103585
807.964707
807.756794
807.480332
807.135969
806.724508
806.246913
805.704300
805.097942
805.063816
805.669368
806.211259
806.688219
807.099132
807.443038
807.719132
807.926768
808.065462
808.134891
808.134891
808.065462
807.926768
807.719132
807.443038
807.099132
806.688219
806.211259
805.669368
805.063816
805.029736
805.634482
806.175652
806.651978
807.062345
807.405794
807.681520
807.888880
808.027390
808.096726
808.096726
808.027390
807.888880
807.681520
807.405794
807.062345
806.651978
806.175652
805.634482
805.029736
804.995701
805.599643
806.140093
806.615786
807.025607
807.368599
807.643959
807.851043
807.989369
808.058613
808.058613
807.989369
807.851043
807.643959
807.368599
807.025607
806.615786
806.140093
805.599643
804.995701
804.961711
805.564850
806.104582
806.579642
806.988918
807.331454
807.606447
807.813257
807.951399
808.020550
808.020550
807.951399
807.813257
807.606447
807.331454
806.988918
806.579642
806.104582
805.564850
804.961711
804.927767
805.530104
806.069118
806.543546
806.952278
807.294358
807.568986
807.775521
807.913479
807.982538
807.982538
807.913479
807.775521
807.568986
807.294358
806.952278
806.543546
806.069118
805.530104
804.927767
804.893867
805.495404
806.033701
806.507499
806.915687
807.257313
807.531575
807.737835
807.875610
807.944578
807.944578
807.875610
807.737835
807.531575
807.257313
806.915687
806.507499
806.033701
805.495404
804.893867
804.860013
805.460750
805.998332
806.471499
806.879145
807.220316
807.494214
807.700200
807.837791
807.906668
807.906668
807.837791
807.700200
807.494214
807.220316
806.879145
806.471499
805.998332
805.460750
804.860013
804.826204
805.426142
805.963009
806.435548
806.842652
807.183369
807.456903
807.662615
807.800023
807.868808
807.868808
807.800023
807.662615
807.456903
807.183369
806.842652
806.435548
805.963009
805.426142
804.826204
804.792440
805.391581
805.927734
806.399644
806.806207
807.146471
807.419642
807.625080
807.762306
807.830999
807.830999
807.762306
807.625080
807.419642
807.146471
806.806207
806.399644
805.927734
805.391581
804.792440
804.758721
805.357065
805.892506
806.363789
806.769811
807.109623
807.382430
807.587596
807.724639
807.793241
807.793241
807.724639
807.587596
807.382430
807.109623
806.769811
806.363789
805.892506
805.357065
804.758721
804.725047
805.322596
805.857324
806.327981
806.733464
807.072824
807.345269
807.550161
807.687022
807.755533
807.755533
807.687022
807.550161
807.345269
807.072824
806.733464
806.327981
805.857324
805.322596
804.725047
804.691418
805.288172
805.822190
806.292221
806.697165
807.036074
807.308157
807.512777
807.649456
807.717876
807.717876
807.649456
807.512777
807.308157
807.036074
806.697165
806.292221
805.822190
805.288172
804.691418
804.657834
805.253794
805.787102
806.256509
806.660914
806.999373
807.271094
807.475442
807.611940
807.680268
807.680268
807.611940
807.475442
807.271094
806.999373
806.660914
806.256509
805.787102
805.253794
804.657834
804.624294
805.219463
805.752062
806.220844
806.624712
806.962721
807.234081
807.438157
807.574474
807.642711
807.642711
807.574474
807.438157
807.234081
806.962721
806.624712
806.220844
805.752062
805.219463
804.624294
804.590799
805.185176
805.717068
806.185227
806.588558
806.926118
807.197117
807.400922
807.537058
807.605205
807.605205
807.537058
807.400922
807.197117
806.926118
806.588558
806.185227
805.717068
805.185176
804.590799
804.557348
805.150936
805.682120
806.149657
806.552452
806.889564
807.160203
807.363737
807.499691
807.567748
807.567748
807.499691
807.363737
807.160203
806.889564
806.552452
806.149657
805.682120
805.150936
804.557348
804.523942
805.116741
805.647220
806.114135
806.516395
806.853058
807.123338
807.326602
807.462375
807.530341
807.530341
807.462375
807.326602
807.123338
806.853058
806.516395
806.114135
805.647220
805.116741
804.523942
804.490581
805.082592
805.612365
806.078660
806.480386
806.816602
807.086522
807.289516
807.425109
807.492985
807.492985
807.425109
807.289516
807.086522
806.816602
806.480386
806.078660
805.612365
805.082592
804.490581
804.457264
805.048488
805.577557
806.043233
806.444425
806.780194
807.049755
807.252479
807.387892
807.455678
807.455678
807.387892
807.252479
807.049755
806.780194
806.444425
806.043233
805.577557
805.048488
804.457264
804.423991
805.014429
805.542796
806.007853
806.408511
806.743834
807.013038
807.215492
807.350725
807.418421
807.418421
807.350725
807.215492
807.013038
806.743834
806.408511
806.007853
805.542796
805.014429
804.423991
804.390762
804.980416
805.508081
805.972520
806.372646
806.707523
806.976369
807.178555
807.313608
807.381214
807.381214
807.313608
807.178555
806.976369
806.707523
806.372646
805.972520
805.508081
804.980416
804.390762
804.357578
804.946449
805.473412
805.937234
806.336828
806.671261
806.939749
807.141667
807.276541
807.344056
807.344056
807.276541
807.141667
806.939749
806.671261
806.336828
805.937234
805.473412
804.946449
804.357578
804.324438
804.912526
805.438789
805.901995
806.301059
806.635047
806.903179
807.104828
807.239522
807.306949
807.306949
807.239522
807.104828
806.903179
806.635047
806.301059
805.901995
805.438789
804.912526
804.324438
804.291342
804.878649
805.404213
805.866803
806.265337
806.598881
806.866657
807.068038
807.202554
807.269890
807.269890
807.202554
807.068038
806.866657
806.598881
806.265337
805.866803
805.404213
804.878649
804.291342
804.258290
804.844816
805.369682
805.831658
806.229662
806.562764
806.830183
807.031297
807.165634
807.232881
807.232881
807.165634
807.031297
806.830183
806.562764
806.229662
805.831658
805.369682
804.844816
804.258290
804.225282
804.811029
805.335198
805.796560
806.194035
806.526694
806.793759
806.994605
807.128764
807.195922
807.195922
807.128764
806.994605
806.793759
806.526694
806.194035
805.796560
805.335198
804.811029
804.225282
804.192318
804.777287
805.300759
805.761509
806.158456
806.490673
806.757383
806.957963
807.091943
807.159012
807.159012
807.091943
806.957963
806.757383
806.490673
806.158456
805.761509
805.300759
804.777287
804.192318
804.159397
804.743590
805.266367
805.726504
806.122924
806.454700
806.721056
806.921369
807.055171
807.122151
807.122151
807.055171
806.921369
806.721056
806.454700
806.122924
805.726504
805.266367
804.743590
804.159397
804.126521
804.709937
805.232020
805.691546
806.087440
806.418775
806.684777
806.884824
807.018449
807.085339
807.085339
807.018449
806.884824
806.684777
806.418775
806.087440
805.691546
805.232020
804.709937
804.126521
804.093688
804.676330
805.197719
805.656635
806.052002
806.382898
806.648546
806.848328
806.981775
807.048577
807.048577
806.981775
806.848328
806.648546
806.382898
806.052002
805.656635
805.197719
804.676330
804.093688
804.060899
804.642767
805.163464
805.621770
806.016613
806.347068
806.612364
806.811880
806.945151
807.011864
807.011864
806.945151
806.811880
806.612364
806.347068
806.016613
805.621770
805.163464
804.642767
804.060899
804.028154
804.609249
805.129254
805.586951
805.981270
806.311287
806.576230
806.775481
806.908575
806.975199
806.975199
806.908575
806.775481
806.576230
806.311287
805.981270
805.586951
805.129254
804.609249
804.028154
803.995452
804.575775
805.095090
805.552179
805.945974
806.275553
806.540145
806.739131
806.872048
806.938584
806.938584
806.872048
806.739131
806.540145
806.275553
805.945974
805.552179
805.095090
804.575775
803.995452
803.962793
804.542346
805.060971
805.517454
805.910726
806.239867
806.504107
806.702829
806.835570
806.902017
806.902017
806.835570
806.702829
806.504107
806.239867
805.910726
805.517454
805.060971
804.542346
803.962793
803.930178
804.508961
805.026898
805.482774
805.875524
806.204228
806.468118
806.666576
806.799140
806.865499
806.865499
806.799140
806.666576
806.468118
806.204228
805.875524
805.482774
805.026898
804.508961
803.930178
803.897607
804.475621
804.992870
805.448141
805.840369
806.168637
806.432176
806.630371
806.762759
806.829030
806.829030
806.762759
806.630371
806.432176
806.168637
805.840369
805.448141
804.992870
804.475621
803.897607
803.865078
804.442326
804.958888
805.413554
805.805262
806.133093
806.396283
806.594215
806.726427
806.792610
806.792610
806.726427
806.594215
806.396283
806.133093
805.805262
805.413554
804.958888
804.442326
803.865078
803.832593
804.409074
804.924950
805.379013
805.770201
806.097597
806.360437
806.558106
806.690143
806.756238
806.756238
806.690143
806.558106
806.360437
806.097597
805.770201
805.379013
804.924950
804.409074
803.832593
803.800152
804.375867
804.891058
805.344518
805.735186
806.062148
806.324639
806.522046
806.653907
806.719915
806.719915
806.653907
806.522046
806.324639
806.062148
805.735186
805.344518
804.891058
804.375867
803.800152
803.767753
804.342704
804.857211
805.310070
805.700219
806.026747
806.288889
806.486034
806.617720
806.683640
806.683640
806.617720
806.486034
806.288889
806.026747
805.700219
805.310070
804.857211
804.342704
803.767753
803.735397
804.309585
804.823409
805.275666
805.665298
805.991392
806.253187
806.450070
806.581581
806.647414
806.647414
806.581581
806.450070
806.253187
805.991392
805.665298
805.275666
804.823409
804.309585
803.735397
803.703085
804.276510
804.789652
805.241309
805.630423
805.956085
806.217532
806.414154
806.545490
806.611236
806.611236
806.545490
806.414154
806.217532
805.956085
805.630423
805.241309
804.789652
804.276510
803.703085
803.670815
804.243479
804.755940
805.206998
805.595595
805.920825
806.181925
806.378285
806.509448
806.575106
806.575106
806.509448
806.378285
806.181925
805.920825
805.595595
805.206998
804.755940
804.243479
803.670815
803.638588
804.210492
804.722273
805.172732
805.560814
805.885611
806.146365
806.342465
806.473453
806.539024
806.539024
806.473453
806.342465
806.146365
805.885611
805.560814
805.172732
804.722273
804.210492
803.638588
803.606404
804.177549
804.688651
805.138512
805.526079
805.850445
806.110852
806.306692
806.437507
806.502991
806.502991
806.437507
806.306692
806.110852
805.850445
805.526079
805.138512
804.688651
804.177549
803.606404
803.574263
804.144650
804.655074
805.104337
805.491390
805.815326
806.075387
806.270967
806.401608
806.467005
806.467005
806.401608
806.270967
806.075387
805.815326
805.491390
805.104337
804.655074
804.144650
803.574263
803.542165
804.111795
804.621541
805.070208
805.456747
805.780253
806.039970
806.235290
806.365758
806.431068
806.431068
806.365758
806.235290
806.039970
805.780253
805.456747
805.070208
804.621541
804.111795
803.542165
803.510109
804.078983
804.588052
805.036125
805.422150
805.745227
806.004599
806.199660
806.329955
806.395178
806.395178
806.329955
806.199660
806.004599
805.745227
805.422150
805.036125
804.588052
804.078983
803.510109
803.478096
804.046215
804.554609
805.002086
805.387600
805.710248
805.969276
806.164078
806.294200
806.359336
806.359336
806.294200
806.164078
805.969276
805.710248
805.387600
805.002086
804.554609
804.046215
803.478096
803.446125
804.013491
804.521210
804.968093
805.353096
805.675315
805.934000
806.128543
806.258492
806.323543
806.323543
806.258492
806.128543
805.934000
805.675315
805.353096
804.968093
804.521210
804.013491
803.446125
803.414197
803.980810
804.487855
804.934146
805.318637
805.640429
805.898770
806.093056
806.222832
806.287796
806.287796
806.222832
806.093056
805.898770
805.640429
805.318637
804.934146
804.487855
803.980810
803.414197
803.382312
803.948172
804.454545
804.900243
805.284224
805.605590
805.863588
806.057616
806.187220
806.252098
806.252098
806.187220
806.057616
805.863588
805.605590
805.284224
804.900243
804.454545
803.948172
803.382312
803.350468
803.915578
804.421279
804.866386
805.249858
805.570797
805.828452
806.022223
806.151655
806.216447
806.216447
806.151655
806.022223
805.828452
805.570797
805.249858
804.866386
804.421279
803.915578
803.350468
803.318667
803.883027
804.388057
804.832574
805.215537
805.536050
805.793364
805.986877
806.116138
806.180844
806.180844
806.116138
805.986877
805.793364
805.536050
805.215537
804.832574
804.388057
803.883027
803.318667
803.286909
803.850520
804.354880
804.798807
805.181261
805.501349
805.758322
805.951579
806.080668
806.145288
806.145288
806.080668
805.951579
805.758322
805.501349
805.181261
804.798807
804.354880
803.850520
803.286909
803.255192
803.818056
804.321746
804.765084
805.147032
805.466695
805.723327
805.916327
806.045245
806.109779
806.109779
806.045245
805.916327
805.723327
805.466695
805.147032
804.765084
804.321746
803.818056
803.255192
803.223518
803.785634
804.288657
804.731407
805.112848
805.432087
805.688378
805.881123
806.009870
806.074318
806.074318
806.009870
805.881123
805.688378
805.432087
805.112848
804.731407
804.288657
803.785634
803.223518
803.191885
803.753256
804.255612
804.697774
805.078709
805.397525
805.653476
805.845965
805.974541
806.038904
806.038904
805.974541
805.845965
805.653476
805.397525
805.078709
804.697774
804.255612
803.753256
803.191885
803.160295
803.720921
804.222610
804.664186
805.044616
805.363009
805.618621
805.810854
805.939260
806.003538
806.003538
805.939260
805.810854
805.618621
805.363009
805.044616
804.664186
804.222610
803.720921
803.160295
803.128747
803.688630
804.189653
804.630643
805.010568
805.328539
805.583812
805.775790
805.904026
805.968218
805.968218
805.904026
805.775790
805.583812
805.328539
805.010568
804.630643
804.189653
803.688630
803.128747
803.097240
803.656380
804.156739
804.597145
804.976566
805.294115
805.549049
805.740773
805.868838
805.932946
805.932946
805.868838
805.740773
805.549049
805.294115
804.976566
804.597145
804.156739
803.656380
803.097240
803.065776
803.624174
804.123870
804.563691
804.942609
805.259737
805.514333
805.705802
805.833698
805.897720
805.897720
805.833698
805.705802
805.514333
805.259737
804.942609
804.563691
804.123870
803.624174
803.065776
803.034353
803.592011
804.091044
804.530282
804.908697
805.225404
805.479663
805.670878
805.798604
805.862542
805.862542
805.798604
805.670878
805.479663
805.225404
804.908697
804.530282
804.091044
803.592011
803.034353
803.002972
803.559890
804.058261
804.496917
804.874830
805.191118
805.445039
805.636001
805.763557
805.827410
805.827410
805.763557
805.636001
805.445039
805.191118
804.874830
804.496917
804.058261
803.559890
803.002972
802.971632
803.527812
804.025522
804.463596
804.841009
805.156876
805.410461
805.601170
805.728557
805.792325
805.792325
805.728557
805.601170
805.410461
805.156876
804.841009
804.463596
804.025522
803.527812
802.971632
802.940335
803.495777
803.992827
804.430320
804.807232
805.122681
805.375929
805.566385
805.693604
805.757287
805.757287
805.693604
805.566385
805.375929
805.122681
804.807232
804.430320
803.992827
803.495777
802.940335
802.909078
803.463784
803.960175
804.397088
804.773500
805.088531
805.341444
805.531647
805.658697
805.722296
805.722296
805.658697
805.531647
805.341444
805.088531
804.773500
804.397088
803.960175
803.463784
802.909078
802.877864
803.431834
803.927567
804.363900
804.739813
805.054427
805.307004
805.496955
805.623836
805.687351
805.687351
805.623836
805.496955
805.307004
805.054427
804.739813
804.363900
803.927567
803.431834
802.877864
802.846690
803.399926
803.895002
804.330757
804.706172
805.020367
805.272610
805.462309
805.589022
805.652453
805.652453
805.589022
805.462309
805.272610
805.020367
804.706172
804.330757
803.895002
803.399926
802.846690
802.815559
803.368061
803.862480
804.297657
804.672574
804.986354
805.238262
805.427710
805.554255
805.617601
805.617601
805.554255
805.427710
805.238262
804.986354
804.672574
804.297657
803.862480
803.368061
802.815559
802.784468
803.336238
803.830002
804.264602
804.639022
804.952385
805.203959
805.393156
805.519533
805.582796
805.582796
805.519533
805.393156
805.203959
804.952385
804.639022
804.264602
803.830002
803.336238
802.784468
802.753419
803.304457
803.797566
804.231590
804.605514
804.918462
805.169703
805.358649
805.484858
805.548037
805.548037
805.484858
805.358649
805.169703
804.918462
804.605514
804.231590
803.797566
803.304457
802.753419
802.722411
803.272719
803.765174
804.198623
804.572051
804.884584
805.135492
805.324187
805.450230
805.513324
805.513324
805.450230
805.324187
805.135492
804.884584
804.572051
804.198623
803.765174
803.272719
802.722411
802.691444
803.241022
803.732825
804.165699
804.538632
804.850751
805.101326
805.289771
805.415647
805.478658
805.478658
805.415647
805.289771
805.101326
804.850751
804.538632
804.165699
803.732825
803.241022
802.691444
802.660518
803.209368
803.700519
804.132819
804.505258
804.816963
805.067206
805.255402
805.381110
805.444038
805.444038
805.381110
805.255402
805.067206
804.816963
804.505258
804.132819
803.700519
803.209368
802.660518
802.629634
803.177756
803.668256
804.099983
804.471928
804.783220
805.033131
805.221077
805.346619
805.409464
805.409464
805.346619
805.221077
805.033131
804.783220
804.471928
804.099983
803.668256
803.177756
802.629634
802.598790
803.146186
803.636035
804.067191
804.438642
804.749522
804.999102
805.186799
805.312175
805.374936
805.374936
805.312175
805.186799
804.999102
804.749522
804.438642
804.067191
803.636035
803.146186
802.598790
802.567987
803.114658
803.603858
804.034442
804.405401
804.715869
804.965118
805.152566
805.277776
805.340454
805.340454
805.277776
805.152566
804.965118
804.715869
804.405401
804.034442
803.603858
803.114658
802.567987
802.537225
803.083171
803.571723
804.001736
804.372204
804.682260
804.931179
805.118379
805.243423
805.306017
805.306017
805.243423
805.118379
804.931179
804.682260
804.372204
804.001736
803.571723
803.083171
802.537225
802.506504
803.051727
803.539631
803.969074
804.339051
804.648697
804.897286
805.084237
805.209115
805.271627
805.271627
805.209115
805.084237
804.897286
804.648697
804.339051
803.969074
803.539631
803.051727
802.506504
802.475824
803.020324
803.507582
803.936456
804.305943
804.615177
804.863437
805.050141
805.174853
805.237282
805.237282
805.174853
805.050141
804.863437
804.615177
804.305943
803.936456
803.507582
803.020324
802.475824
802.445184
802.988963
803.475575
803.903881
804.272878
804.581703
804.829634
805.016090
805.140637
805.202984
805.202984
805.140637
805.016090
804.829634
804.581703
804.272878
803.903881
803.475575
802.988963
802.445184
802.414586
802.957643
803.443611
803.871349
804.239857
804.548273
804.795875
804.982085
805.106467
805.168731
805.168731
805.106467
804.982085
804.795875
804.548273
804.239857
803.871349
803.443611
802.957643
802.414586
802.384027
802.926365
803.411689
803.838860
804.206880
804.514888
804.762162
804.948125
805.072342
805.134523
805.134523
805.072342
804.948125
804.762162
804.514888
804.206880
803.838860
803.411689
802.926365
802.384027
802.353510
802.895129
803.379809
803.806415
804.173947
804.481547
804.728493
804.914210
805.038262
805.100361
805.100361
805.038262
804.914210
804.728493
804.481547
804.173947
803.806415
803.379809
802.895129
802.353510
802.323032
802.863934
803.347972
803.774013
804.141058
804.448250
804.694869
804.880340
805.004228
805.066244
805.066244
805.004228
804.880340
804.694869
804.448250
804.141058
803.774013
803.347972
802.863934
802.323032
802.292596
802.832781
803.316178
803.741654
804.108213
804.414997
804.661290
804.846515
804.970239
805.032173
805.032173
804.970239
804.846515
804.661290
804.414997
804.108213
803.741654
803.316178
802.832781
802.292596
802.262199
802.801669
803.284425
803.709338
804.075411
804.381789
804.627756
804.812735
804.936295
804.998148
804.998148
804.936295
804.812735
804.627756
804.381789
804.075411
803.709338
803.284425
802.801669
802.262199
802.231843
802.770598
803.252715
803.677064
804.042653
804.348625
804.594266
804.779000
804.902397
804.964167
804.964167
804.902397
804.779000
804.594266
804.348625
804.042653
803.677064
803.252715
802.770598
802.231843
802.201527
802.739568
803.221047
803.644834
804.009938
804.315505
804.560820
804.745310
804.868543
804.930232
804.930232
804.868543
804.745310
804.560820
804.315505
804.009938
803.644834
803.221047
802.739568
802.201527
802.171252
802.708580
803.189421
803.612647
803.977267
804.282429
804.527420
804.711665
804.834735
804.896342
804.896342
804.834735
804.711665
804.527420
804.282429
803.977267
803.612647
803.189421
802.708580
802.171252
802.141016
802.677633
803.157836
803.580502
803.944640
804.249398
804.494063
804.678065
804.800971
804.862497
804.862497
804.800971
804.678065
804.494063
804.249398
803.944640
803.580502
803.157836
802.677633
802.141016
802.110821
802.646727
803.126294
803.548400
803.912055
804.216410
804.460751
804.644509
804.767253
804.828697
804.828697
804.767253
804.644509
804.460751
804.216410
803.912055
803.548400
803.126294
802.646727
802.110821
802.080666
802.615862
803.094794
803.516340
803.879514
804.183466
804.427484
804.610998
804.733579
804.794942
804.794942
804.733579
804.610998
804.427484
804.183466
803.879514
803.516340
803.094794
802.615862
802.080666
802.050550
802.585038
803.063336
803.484324
803.847017
804.150565
804.394260
804.577531
804.699951
804.761232
804.761232
804.699951
804.577531
804.394260
804.150565
803.847017
803.484324
803.063336
802.585038
802.050550
802.020475
802.554254
803.031919
803.452350
803.814562
804.117709
804.361081
804.544109
804.666366
804.727567
804.727567
804.666366
804.544109
804.361081
804.117709
803.814562
803.452350
803.031919
802.554254
802.020475
801.990439
802.523512
803.000544
803.420418
803.782151
804.084896
804.327946
804.510732
804.632827
804.693946
804.693946
804.632827
804.510732
804.327946
804.084896
803.782151
803.420418
803.000544
802.523512
801.990439
801.960444
802.492810
802.969211
803.388529
803.749782
804.052127
804.294855
804.477399
804.599332
804.660370
804.660370
804.599332
804.477399
804.294855
804.052127
803.749782
803.388529
802.969211
802.492810
801.960444
801.930488
802.462150
802.937919
803.356682
803.717457
804.019401
804.261808
804.444110
804.565882
804.626839
804.626839
804.565882
804.444110
804.261808
804.019401
803.717457
803.356682
802.937919
802.462150
801.930488
801.900572
802.431529
802.906669
803.324877
803.685175
803.986719
804.228805
804.410866
804.532476
804.593353
804.593353
804.532476
804.410866
804.228805
803.986719
803.685175
803.324877
802.906669
802.431529
801.900572
801.870695
802.400950
802.875460
803.293115
803.652935
803.954080
804.195845
804.377665
804.499115
804.559911
804.559911
804.499115
804.377665
804.195845
803.954080
803.652935
803.293115
802.875460
802.400950
801.870695
801.840859
802.370411
802.844293
803.261394
803.620739
803.921485
804.162930
804.344509
804.465798
804.526514
804.526514
804.465798
804.344509
804.162930
803.921485
803.620739
803.261394
802.844293
802.370411
801.840859
801.811061
802.339913
802.813167
803.229716
803.588585
803.888933
804.130058
804.311397
804.432526
804.493161
804.493161
804.432526
804.311397
804.130058
803.888933
803.588585
803.229716
802.813167
802.339913
801.811061
801.781303
802.309455
802.782083
803.198080
803.556474
803.856424
804.097230
804.278329
804.399297
804.459852
804.459852
804.399297
804.278329
804.097230
803.856424
803.556474
803.198080
802.782083
802.309455
801.781303
801.751585
802.279037
802.751039
803.166486
803.524405
803.823959
804.064446
804.245305
804.366113
804.426588
804.426588
804.366113
804.245305
804.064446
803.823959
803.524405
803.166486
802.751039
802.279037
801.751585
801.721906
802.248660
802.720037
803.134934
803.492380
803.791536
804.031705
804.212325
804.332973
804.393368
804.393368
804.332973
804.212325
804.031705
803.791536
803.492380
803.134934
802.720037
802.248660
801.721906
801.692267
802.218323
802.689076
803.103424
803.460396
803.759157
803.999008
804.179389
804.299877
804.360192
804.360192
804.299877
804.179389
803.999008
803.759157
803.460396
803.103424
802.689076
802.218323
801.692267
801.662666
802.188026
802.658157
803.071956
803.428455
803.726821
803.966355
804.146496
804.266825
804.327060
804.327060
804.266825
804.146496
803.966355
803.726821
803.428455
803.071956
802.658157
802.188026
801.662666
801.633105
802.157770
802.627278
803.040530
803.396557
803.694528
803.933744
804.113648
804.233817
804.293972
804.293972
804.233817
804.113648
803.933744
803.694528
803.396557
803.040530
802.627278
802.157770
801.633105
801.603583
802.127554
802.596440
803.009145
803.364701
803.662277
803.901177
804.080842
804.200853
804.260928
804.260928
804.200853
804.080842
803.901177
803.662277
803.364701
803.009145
802.596440
802.127554
801.603583
801.574101
802.097377
802.565643
802.977802
803.332887
803.630070
803.868654
804.048081
804.167933
804.227929
804.227929
804.167933
804.048081
803.868654
803.630070
803.332887
802.977802
802.565643
802.097377
801.574101
801.544657
802.067241
802.534887
802.946500
803.301116
803.597905
803.836173
804.015363
804.135056
804.194973
804.194973
804.135056
804.015363
803.836173
803.597905
803.301116
802.946500
802.534887
802.067241
801.544657
801.515252
802.037145
802.504172
802.915240
803.269387
803.565783
803.803736
803.982689
804.102223
804.162061
804.162061
804.102223
803.982689
803.803736
803.565783
803.269387
802.915240
802.504172
802.037145
801.515252
801.485887
802.007088
802.473498
802.884022
803.237700
803.533704
803.771342
803.950058
804.069434
804.129192
804.129192
804.069434
803.950058
803.771342
803.533704
803.237700
802.884022
802.473498
802.007088
801.485887
801.456560
801.977072
802.442864
802.852845
803.206055
803.501667
803.738990
803.917470
804.036689
804.096368
804.096368
804.036689
803.917470
803.738990
803.501667
803.206055
802.852845
802.442864
801.977072
801.456560
801.427272
801.947095
802.412271
802.821709
803.174452
803.469673
803.706682
803.884926
804.003987
804.063587
804.063587
804.003987
803.884926
803.706682
803.469673
803.174452
802.821709
802.412271
801.947095
801.427272
801.398023
801.917158
802.381719
802.790615
803.142891
803.437721
803.674417
803.852425
803.971328
804.030849
804.030849
803.971328
803.852425
803.674417
803.437721
803.142891
802.790615
802.381719
801.917158
801.398023
801.368813
801.887261
802.351207
802.759562
803.111372
803.405812
803.642195
803.819967
803.938713
803.998155
803.998155
803.938713
803.819967
803.642195
803.405812
803.111372
802.759562
802.351207
801.887261
801.368813
801.339641
801.857404
802.320735
802.728550
803.079895
803.373945
803.610015
803.787552
803.906141
803.965505
803.965505
803.906141
803.787552
803.610015
803.373945
803.079895
802.728550
802.320735
801.857404
801.339641
801.310508
801.827586
802.290304
802.697580
803.048459
803.342121
803.577878
803.755180
803.873612
803.932898
803.932898
803.873612
803.755180
803.577878
803.342121
803.048459
802.697580
802.290304
801.827586
801.310508
801.281414
801.797807
802.259913
802.666650
803.017065
803.310339
803.545784
803.722852
803.841127
803.900334
803.900334
803.841127
803.722852
803.545784
803.310339
803.017065
802.666650
802.259913
801.797807
801.281414
801.252358
801.768068
802.229563
802.635762
802.985713
803.278599
803.513733
803.690566
803.808685
803.867813
803.867813
803.808685
803.690566
803.513733
803.278599
802.985713
802.635762
802.229563
801.768068
801.252358
801.223341
801.738368
802.199253
802.604914
802.954403
803.246901
803.481724
803.658323
803.776286
803.835336
803.835336
803.776286
803.658323
803.481724
803.246901
802.954403
802.604914
802.199253
801.738368
801.223341
801.194362
801.708708
802.168983
802.574108
802.923134
803.215245
803.449758
803.626123
803.743930
803.802902
803.802902
803.743930
803.626123
803.449758
803.215245
802.923134
802.574108
802.168983
801.708708
801.194362
801.165421
801.679087
802.138753
802.543342
802.891907
803.183631
803.417834
803.593966
803.711617
803.770511
803.770511
803.711617
803.593966
803.417834
803.183631
802.891907
802.543342
802.138753
801.679087
801.165421
801.136519
801.649506
802.108564
802.512617
802.860721
803.152060
803.385952
803.561851
803.679347
803.738163
803.738163
803.679347
803.561851
803.385952
803.152060
802.860721
802.512617
802.108564
801.649506
801.136519
801.107655
801.619963
802.078414
802.481933
802.829576
803.120530
803.354113
803.529780
803.647119
803.705858
803.705858
803.647119
803.529780
803.354113
803.120530
802.829576
802.481933
802.078414
801.619963
801.107655
801.078830
801.590460
802.048304
802.451290
802.798473
803.089042
803.322316
803.497750
803.614935
803.673596
803.673596
803.614935
803.497750
803.322316
803.089042
802.798473
802.451290
802.048304
801.590460
801.078830
801.050042
801.560996
802.018235
802.420687
802.767411
803.057596
803.290561
803.465764
803.582793
803.641377
803.641377
803.582793
803.465764
803.290561
803.057596
802.767411
802.420687
802.018235
801.560996
801.050042
801.021293
801.531571
801.988205
802.390125
802.736391
803.026191
803.258849
803.433820
803.550694
803.609200
803.609200
803.550694
803.433820
803.258849
803.026191
802.736391
802.390125
801.988205
801.531571
801.021293
800.992581
801.502185
801.958215
802.359604
802.705411
802.994829
803.227178
803.401918
803.518638
803.577066
803.577066
803.518638
803.401918
803.227178
802.994829
802.705411
802.359604
801.958215
801.502185
800.992581
800.963908
801.472837
801.928265
802.329123
802.674473
802.963507
803.195550
803.370058
803.486624
803.544975
803.544975
803.486624
803.370058
803.195550
802.963507
802.674473
802.329123
801.928265
801.472837
800.963908
800.935273
801.443529
801.898354
802.298682
802.643576
802.932228
803.163964
803.338241
803.454653
803.512927
803.512927
803.454653
803.338241
803.163964
802.932228
802.643576
802.298682
801.898354
801.443529
800.935273
800.906676
801.414260
801.868483
802.268282
802.612719
802.900990
803.132419
803.306466
803.422724
803.480921
803.480921
803.422724
803.306466
803.132419
802.900990
802.612719
802.268282
801.868483
801.414260
800.906676
800.878116
801.385029
801.838652
802.237922
802.581904
802.869793
803.100917
803.274734
803.390838
803.448958
803.448958
803.390838
803.274734
803.100917
802.869793
802.581904
802.237922
801.838652
801.385029
800.878116
800.849594
801.355837
801.808860
802.207602
802.551129
802.838638
803.069456
803.243043
803.358994
803.417037
803.417037
803.358994
803.243043
803.069456
802.838638
802.551129
802.207602
801.808860
801.355837
800.849594
800.821110
801.326684
801.779108
802.177323
802.520396
802.807525
803.038037
803.211395
803.327192
803.385159
803.385159
803.327192
803.211395
803.038037
802.807525
802.520396
802.177323
801.779108
801.326684
800.821110
800.792664
801.297569
801.749395
802.147083
802.489703
802.776452
803.006660
803.179788
803.295433
803.353322
803.353322
803.295433
803.179788
803.006660
802.776452
802.489703
802.147083
801.749395
801.297569
800.792664
800.764256
801.268493
801.719722
802.116884
802.459051
802.745421
802.975324
803.148224
803.263715
803.321529
803.321529
803.263715
803.148224
802.975324
802.745421
802.459051
802.116884
801.719722
801.268493
800.764256
800.735885
801.239455
801.690087
802.086725
802.428439
802.714431
802.944030
803.116701
803.232040
803.289777
803.289777
803.232040
803.116701
802.944030
802.714431
802.428439
802.086725
801.690087
801.239455
800.735885
800.707551
801.210456
801.660493
802.056606
802.397868
802.683482
802.912778
803.085221
803.200407
803.258067
803.258067
803.200407
803.085221
802.912778
802.683482
802.397868
802.056606
801.660493
801.210456
800.707551
800.679255
801.181496
801.630937
802.026527
802.367338
802.652574
802.881567
803.053782
803.168816
803.226400
803.226400
803.168816
803.053782
802.881567
802.652574
802.367338
802.026527
801.630937
801.181496
800.679255
800.650997
801.152573
801.601421
801.996487
802.336848
802.621707
802.850397
803.022385
803.137267
803.194775
803.194775
803.137267
803.022385
802.850397
802.621707
802.336848
801.996487
801.601421
801.152573
800.650997
800.622776
801.123689
801.571943
801.966488
802.306399
802.590881
802.819269
802.991029
803.105759
803.163191
803.163191
803.105759
802.991029
802.819269
802.590881
802.306399
801.966488
801.571943
801.123689
800.622776
800.594592
801.094844
801.542505
801.936528
802.275990
802.560096
802.788182
802.959715
803.074294
803.131650
803.131650
803.074294
802.959715
802.788182
802.560096
802.275990
801.936528
801.542505
801.094844
800.594592
800.566446
801.066036
801.513106
801.906608
802.245621
802.529352
802.757137
802.928443
803.042870
803.100150
803.100150
803.042870
802.928443
802.757137
802.529352
802.245621
801.906608
801.513106
801.066036
800.566446
800.538337
801.037267
801.483746
801.876728
802.215293
802.498649
802.726132
802.897212
803.011488
803.068693
803.068693
803.011488
802.897212
802.726132
802.498649
802.215293
801.876728
801.483746
801.037267
800.538337
800.510265
801.008535
801.454424
801.846887
802.185005
802.467986
802.695169
802.866023
802.980147
803.037277
803.037277
802.980147
802.866023
802.695169
802.467986
802.185005
801.846887
801.454424
801.008535
800.510265
800.482230
800.979842
801.425142
801.817086
802.154757
802.437364
802.664247
802.834875
802.948849
803.005902
803.005902
802.948849
802.834875
802.664247
802.437364
802.154757
801.817086
801.425142
800.979842
800.482230
800.454233
800.951187
801.395898
801.787324
802.124549
802.406783
802.633366
802.803768
802.917591
802.974570
802.974570
802.917591
802.803768
802.633366
802.406783
802.124549
801.787324
801.395898
800.951187
800.454233
800.426272
800.922569
801.366693
801.757602
802.094381
802.376242
802.602525
802.772703
802.886376
802.943279
802.943279
802.886376
802.772703
802.602525
802.376242
802.094381
801.757602
801.366693
800.922569
800.426272
800.398348
800.893990
801.337527
801.727919
802.064253
802.345742
802.571726
802.741679
802.855201
802.912029
802.912029
802.855201
802.741679
802.571726
802.345742
802.064253
801.727919
801.337527
800.893990
800.398348
800.370462
800.865448
801.308399
801.698275
802.034165
802.315282
802.540968
802.710696
802.824068
802.880821
802.880821
802.824068
802.710696
802.540968
802.315282
802.034165
801.698275
801.308399
800.865448
800.370462
800.342612
800.836945
801.279310
801.668671
802.004117
802.284862
802.510250
802.679754
802.792977
802.849654
802.849654
802.792977
802.679754
802.510250
802.284862
802.004117
801.668671
801.279310
800.836945
800.342612
800.314799
800.808479
801.250259
801.639106
801.974109
802.254483
802.479573
802.648853
802.761926
802.818529
802.818529
802.761926
802.648853
802.479573
802.254483
801.974109
801.639106
801.250259
800.808479
800.314799
800.287023
800.780050
801.221247
801.609580
801.944140
802.224144
802.448937
802.617993
802.730917
802.787445
802.787445
802.730917
802.617993
802.448937
802.224144
801.944140
801.609580
801.221247
800.780050
800.287023
800.259284
800.751659
801.192274
801.580094
801.914212
802.193846
802.418341
802.587174
802.699949
802.756402
802.756402
802.699949
802.587174
802.418341
802.193846
801.914212
801.580094
801.192274
800.751659
800.259284
800.231581
800.723306
801.163338
801.550646
801.884323
802.163587
802.387786
802.556396
802.669022
802.725401
802.725401
802.669022
802.556396
802.387786
802.163587
801.884323
801.550646
801.163338
800.723306
800.231581
800.203915
800.694991
801.134441
801.521238
801.854473
802.133369
802.357272
802.525659
802.638136
802.694440
802.694440
802.638136
802.525659
802.357272
802.133369
801.854473
801.521238
801.134441
800.694991
800.203915
800.176285
800.666712
801.105583
801.491868
801.824664
802.103191
802.326798
802.494962
802.607291
802.663521
802.663521
802.607291
802.494962
802.326798
802.103191
801.824664
801.491868
801.105583
800.666712
800.176285
800.148693
800.638472
801.076762
801.462537
801.794893
802.073053
802.296364
802.464307
802.576487
802.632643
802.632643
802.576487
802.464307
802.296364
802.073053
801.794893
801.462537
801.076762
800.638472
800.148693
800.121136
800.610268
801.047980
801.433245
801.765162
802.042954
802.265971
802.433692
802.545724
802.601805
802.601805
802.545724
802.433692
802.265971
802.042954
801.765162
801.433245
801.047980
800.610268
800.121136
800.093616
800.582102
801.019236
801.403992
801.735471
802.012896
802.235618
802.403117
802.515001
802.571009
802.571009
802.515001
802.403117
802.235618
802.012896
801.735471
801.403992
801.019236
800.582102
800.093616
800.066133
800.553974
800.990530
801.374778
801.705819
801.982877
802.205306
802.372583
802.484320
802.540253
802.540253
802.484320
802.372583
802.205306
801.982877
801.705819
801.374778
800.990530
800.553974
800.066133
800.038686
800.525882
800.961862
801.345602
801.676206
801.952899
802.175033
802.342090
802.453679
802.509538
802.509538
802.453679
802.342090
802.175033
801.952899
801.676206
801.345602
800.961862
800.525882
800.038686
800.011275
800.497828
800.933231
801.316465
801.646632
801.922960
802.144801
802.311637
802.423078
802.478864
802.478864
802.423078
802.311637
802.144801
801.922960
801.646632
801.316465
800.933231
800.497828
800.011275
799.983900
800.469811
800.904639
801.287367
801.617098
801.893060
802.114609
802.281224
802.392519
802.448231
802.448231
802.392519
802.281224
802.114609
801.893060
801.617098
801.287367
800.904639
800.469811
799.983900
799.956562
800.441830
800.876085
801.258307
801.587603
801.863201
802.084456
802.250852
802.361999
802.417638
802.417638
802.361999
802.250852
802.084456
801.863201
801.587603
801.258307
800.876085
800.441830
799.956562
799.929259
800.413887
800.847568
801.229286
801.558147
801.833381
802.054344
802.220520
802.331521
802.387086
802.387086
802.331521
802.220520
802.054344
801.833381
801.558147
801.229286
800.847568
800.413887
799.929259
799.901993
800.385981
800.819089
801.200303
801.528729
801.803600
802.024272
802.190228
802.301082
802.356574
802.356574
802.301082
802.190228
802.024272
801.803600
801.528729
801.200303
800.819089
800.385981
799.901993
799.874763
800.358112
800.790648
801.171358
801.499351
801.773859
801.994239
802.159977
802.270684
802.326103
802.326103
802.270684
802.159977
801.994239
801.773859
801.499351
801.171358
800.790648
800.358112
799.874763
799.847569
800.330279
800.762245
801.142452
801.470012
801.744157
801.964247
802.129765
802.240327
802.295672
802.295672
802.240327
802.129765
801.964247
801.744157
801.470012
801.142452
800.762245
800.330279
799.847569
799.820411
800.302484
800.733879
801.113584
801.440712
801.714495
801.934294
802.099594
802.210009
802.265281
802.265281
802.210009
802.099594
801.934294
801.714495
801.440712
801.113584
800.733879
800.302484
799.820411
799.793288
800.274725
800.705550
801.084755
801.411450
801.684872
801.904380
802.069462
802.179732
802.234931
802.234931
802.179732
802.069462
801.904380
801.684872
801.411450
801.084755
800.705550
800.274725
799.793288
799.766202
800.247003
800.677260
801.055963
801.382227
801.655288
801.874507
802.039371
802.149495
802.204621
802.204621
802.149495
802.039371
801.874507
801.655288
801.382227
801.055963
800.677260
800.247003
799.766202
799.739151
800.219318
800.649006
801.027210
801.353043
801.625743
801.844673
802.009319
802.119298
802.174351
802.174351
802.119298
802.009319
801.844673
801.625743
801.353043
801.027210
800.649006
800.219318
799.739151
799.712136
800.191669
800.620790
800.998495
801.323898
801.596238
801.814878
801.979307
802.089141
802.144122
802.144122
802.089141
801.979307
801.814878
801.596238
801.323898
800.998495
800.620790
800.191669
799.712136
799.685157
800.164057
800.592611
800.969817
801.294791
801.566772
801.785123
801.949335
802.059024
802.113932
802.113932
802.059024
801.949335
801.785123
801.566772
801.294791
800.969817
800.592611
800.164057
799.685157
799.658214
800.136481
800.564470
800.941178
801.265723
801.537344
801.755408
801.919403
802.028947
802.083783
802.083783
802.028947
801.919403
801.755408
801.537344
801.265723
800.941178
800.564470
800.136481
799.658214
799.631306
800.108942
800.536366
800.912577
801.236693
801.507956
801.725732
801.889510
801.998910
802.053673
802.053673
801.998910
801.889510
801.725732
801.507956
801.236693
800.912577
800.536366
800.108942
799.631306
799.604434
800.081439
800.508299
800.884013
801.207701
801.478607
801.696095
801.859657
801.968912
802.023603
802.023603
801.968912
801.859657
801.696095
801.478607
801.207701
800.884013
800.508299
800.081439
799.604434
799.577597
800.053973
800.480269
800.855487
801.178748
801.449296
801.666497
801.829844
801.938954
801.993573
801.993573
801.938954
801.829844
801.666497
801.449296
801.178748
800.855487
800.480269
800.053973
799.577597
799.550795
800.026543
800.452276
800.826999
801.149834
801.420024
801.636939
801.800070
801.909037
801.963583
801.963583
801.909037
801.800070
801.636939
801.420024
801.149834
800.826999
800.452276
800.026543
799.550795
799.524030
799.999149
800.424321
800.798549
801.120957
801.390791
801.607420
801.770336
801.879158
801.933633
801.933633
801.879158
801.770336
801.607420
801.390791
801.120957
800.798549
800.424321
799.999149
799.524030
799.497299
799.971791
800.396402
800.770136
801.092119
801.361597
801.577940
801.740640
801.849320
801.903723
801.903723
801.849320
801.740640
801.577940
801.361597
801.092119
800.770136
800.396402
799.971791
799.497299
799.470604
799.944470
800.368520
800.741761
801.063319
801.332442
801.548499
801.710985
801.819520
801.873852
801.873852
801.819520
801.710985
801.548499
801.332442
801.063319
800.741761
800.368520
799.944470
799.470604
799.443944
799.917185
800.340675
800.713424
801.034558
801.303325
801.519097
801.681368
801.789761
801.844020
801.844020
801.789761
801.681368
801.519097
801.303325
801.034558
800.713424
800.340675
799.917185
799.443944
799.417319
799.889935
800.312867
800.685124
801.005834
801.274246
801.489733
801.651791
801.760040
801.814228
801.814228
801.760040
801.651791
801.489733
801.274246
801.005834
800.685124
800.312867
799.889935
799.417319
799.390730
799.862722
800.285096
800.656861
800.977148
801.245207
801.460409
801.622253
801.730360
801.784476
801.784476
801.730360
801.622253
801.460409
801.245207
800.977148
800.656861
800.285096
799.862722
799.390730
799.364175
799.835545
800.257361
800.628636
800.948501
801.216205
801.431124
801.592754
801.700718
801.754763
801.754763
801.700718
801.592754
801.431124
801.216205
800.948501
800.628636
800.257361
799.835545
799.364175
799.337656
799.808404
800.229664
800.600449
800.919891
801.187242
801.401877
801.563294
801.671116
801.725090
801.725090
801.671116
801.563294
801.401877
801.187242
800.919891
800.600449
800.229664
799.808404
799.337656
799.311172
799.781298
800.202002
800.572298
800.891319
801.158317
801.372669
801.533873
801.641553
801.695455
801.695455
801.641553
801.533873
801.372669
801.158317
800.891319
800.572298
800.202002
799.781298
799.311172
799.284722
799.754229
800.174378
800.544185
800.862785
801.129431
801.343500
801.504492
801.612029
801.665860
801.665860
801.612029
801.504492
801.343500
801.129431
800.862785
800.544185
800.174378
799.754229
799.284722
799.258308
799.727195
800.146790
800.516109
800.834288
801.100583
801.314370
801.475149
801.582544
801.636304
801.636304
801.582544
801.475149
801.314370
801.100583
800.834288
800.516109
800.146790
799.727195
799.258308
799.231929
799.700197
800.119238
800.488070
800.805830
801.071773
801.285278
801.445845
801.553098
801.606788
801.606788
801.553098
801.445845
801.285278
801.071773
800.805830
800.488070
800.119238
799.700197
799.231929
799.205584
799.673234
800.091723
800.460068
800.777409
801.043001
801.256224
801.416579
801.523692
801.577310
801.577310
801.523692
801.416579
801.256224
801.043001
800.777409
800.460068
800.091723
799.673234
799.205584
799.179274
799.646308
800.064244
800.432104
800.749025
801.014268
801.227209
801.387353
801.494324
801.547872
801.547872
801.494324
801.387353
801.227209
801.014268
800.749025
800.432104
800.064244
799.646308
799.179274
799.152999
799.619417
800.036801
800.404176
800.720680
800.985572
801.198233
801.358165
801.464995
801.518472
801.518472
801.464995
801.358165
801.198233
800.985572
800.720680
800.404176
800.036801
799.619417
799.152999
799.126759
799.592561
800.009395
800.376285
800.692371
800.956914
801.169295
801.329016
801.435705
801.489112
801.489112
801.435705
801.329016
801.169295
800.956914
800.692371
800.376285
800.009395
799.592561
799.126759
799.100553
799.565741
799.982025
800.348431
800.664101
800.928295
801.140395
801.299905
801.406454
801.459790
801.459790
801.406454
801.299905
801.140395
800.928295
800.664101
800.348431
799.982025
799.565741
799.100553
799.074382
799.538956
799.954692
800.320614
800.635867
800.899713
801.111533
801.270834
801.377241
801.430507
801.430507
801.377241
801.270834
801.111533
800.899713
800.635867
800.320614
799.954692
799.538956
799.074382
799.048246
799.512207
799.927394
800.292834
800.607671
800.871169
801.082710
801.241800
801.348067
801.401263
801.401263
801.348067
801.241800
801.082710
800.871169
800.607671
800.292834
799.927394
799.512207
799.048246
799.022144
799.485493
799.900132
800.265091
800.579512
800.842662
801.053925
801.212805
801.318932
801.372058
801.372058
801.318932
801.212805
801.053925
800.842662
800.579512
800.265091
799.900132
799.485493
799.022144
798.996076
799.458814
799.872907
800.237384
800.551391
800.814194
801.025177
801.183848
801.289835
801.342891
801.342891
801.289835
801.183848
801.025177
800.814194
800.551391
800.237384
799.872907
799.458814
798.996076
798.970043
799.432171
799.845718
800.209714
800.523307
800.785763
800.996468
801.154930
801.260777
801.313763
801.313763
801.260777
801.154930
800.996468
800.785763
800.523307
800.209714
799.845718
799.432171
798.970043
798.944044
799.405563
799.818564
800.182080
800.495260
800.757370
800.967797
801.126050
801.231758
801.284673
801.284673
801.231758
801.126050
800.967797
800.757370
800.495260
800.182080
799.818564
799.405563
798.944044
798.918080
799.378990
799.791446
800.154483
800.467250
800.729014
800.939164
801.097208
801.202776
801.255622
801.255622
801.202776
801.097208
800.939164
800.729014
800.467250
800.154483
799.791446
799.378990
798.918080
798.892150
799.352452
799.764364
800.126922
800.439277
800.700696
800.910569
801.068404
801.173834
801.226610
801.226610
801.173834
801.068404
800.910569
800.700696
800.439277
800.126922
799.764364
799.352452
798.892150
798.866254
799.325949
799.737318
800.099398
800.411341
800.672415
800.882012
801.039639
801.144929
801.197636
801.197636
801.144929
801.039639
800.882012
800.672415
800.411341
800.099398
799.737318
799.325949
798.866254
798.840392
799.299481
799.710308
800.071911
800.383442
800.644172
800.853492
801.010912
801.116063
801.168700
801.168700
801.116063
801.010912
800.853492
800.644172
800.383442
800.071911
799.710308
799.299481
798.840392
798.814565
799.273048
799.683334
800.044459
800.355580
800.615966
800.825010
800.982222
801.087235
801.139803
801.139803
801.087235
800.982222
800.825010
800.615966
800.355580
800.044459
799.683334
799.273048
798.814565
798.788771
799.246650
799.656395
800.017044
800.327754
800.587798
800.796566
800.953571
801.058445
801.110943
801.110943
801.058445
800.953571
800.796566
800.587798
800.327754
800.017044
799.656395
799.246650
798.788771
798.763012
799.220287
799.629491
799.989665
800.299966
800.559666
800.768159
800.924957
801.029693
801.082122
801.082122
801.029693
800.924957
800.768159
800.559666
800.299966
799.989665
799.629491
799.220287
798.763012
798.737286
799.193959
799.602624
799.962323
800.272214
800.531572
800.739790
800.896382
801.000979
801.053340
801.053340
801.000979
800.896382
800.739790
800.531572
800.272214
799.962323
799.602624
799.193959
798.737286
798.711595
799.167666
799.575791
799.935016
800.244499
800.503515
800.711459
800.867844
800.972304
801.024595
801.024595
800.972304
800.867844
800.711459
800.503515
800.244499
799.935016
799.575791
799.167666
798.711595
798.685937
799.141407
799.548995
799.907746
800.216821
800.475496
800.683165
800.839344
800.943666
800.995888
800.995888
800.943666
800.839344
800.683165
800.475496
800.216821
799.907746
799.548995
799.141407
798.685937
798.660314
799.115183
799.522233
799.880512
800.189179
800.447513
800.654909
800.810881
800.915066
800.967220
800.967220
800.915066
800.810881
800.654909
800.447513
800.189179
799.880512
799.522233
799.115183
798.660314
798.448891
799.046633
799.485850
799.851111
800.161072
800.419453
800.626664
800.782451
800.886503
800.938588
800.938588
800.886503
800.782451
800.626664
800.419453
800.161072
799.851111
799.485850
799.046633
798.448891
798.319441
798.958563
799.436329
799.816757
800.131410
800.390963
800.598326
800.754023
800.857968
800.909992
800.909992
800.857968
800.754023
800.598326
800.390963
800.131410
799.816757
799.436329
798.958563
798.319441
798.218506
798.874136
799.379142
799.776946
800.099272
800.361557
800.569700
800.725528
800.829438
800.881422
800.881422
800.829438
800.725528
800.569700
800.361557
800.099272
799.776946
799.379142
798.874136
798.218506
798.131351
798.795446
799.319221
799.732932
800.064401
800.330838
800.540550
800.696860
800.800871
800.852857
800.852857
800.800871
800.696860
800.540550
800.330838
800.064401
799.732932
799.319221
798.795446
798.131351
798.052520
798.721680
799.258889
799.686191
800.027062
800.298623
800.510672
800.667894
800.772202
800.824264
800.824264
800.772202
800.667894
800.510672
800.298623
800.027062
799.686191
799.258889
798.721680
798.052520
797.979417
798.651883
799.199118
799.637835
799.987721
800.264921
800.479939
800.638513
800.743357
800.795592
800.795592
800.743357
800.638513
800.479939
800.264921
799.987721
799.637835
799.199118
798.651883
797.979417
797.910571
798.585305
799.140289
799.588606
799.946846
800.229860
800.448299
800.608627
800.714260
800.766781
800.766781
800.714260
800.608627
800.448299
800.229860
799.946846
799.588606
799.140289
798.585305
797.910571
797.845056
798.521387
799.082527
799.538976
799.904837
800.193614
800.415761
800.578176
800.684840
800.737768
800.737768
800.684840
800.578176
800.415761
800.193614
799.904837
799.538976
799.082527
798.521387
797.845056
797.782239
798.459708
799.025845
799.489246
799.862013
800.156368
800.382373
800.547130
800.655039
800.708487
800.708487
800.655039
800.547130
800.382373
800.156368
799.862013
799.489246
799.025845
798.459708
797.782239
797.721667
798.399943
798.970206
799.439604
799.818616
800.118294
800.348204
800.515481
800.624811
800.678882
800.678882
800.624811
800.515481
800.348204
800.118294
799.818616
799.439604
798.970206
798.399943
797.721667
797.663003
798.341839
798.915556
799.390171
799.774831
800.079542
800.313328
800.483237
800.594125
800.648903
800.648903
800.594125
800.483237
800.313328
800.079542
799.774831
799.390171
798.915556
798.341839
797.663003
797.605986
798.285194
798.861833
799.341020
799.730797
800.040240
800.277821
800.450419
800.562960
800.618510
800.618510
800.562960
800.450419
800.277821
800.040240
799.730797
799.341020
798.861833
798.285194
797.605986
797.550410
798.229843
798.808975
799.292195
799.686619
800.000494
800.241755
800.417051
800.531306
800.587675
800.587675
800.531306
800.417051
800.241755
800.000494
799.686619
799.292195
798.808975
798.229843
797.550410
797.496110
798.175650
798.756925
799.243723
799.642374
799.960393
800.205194
800.383164
800.499162
800.556379
800.556379
800.499162
800.383164
800.205194
799.960393
799.642374
799.243723
798.756925
798.175650
797.496110
797.442950
798.122501
798.705627
799.195615
799.598121
799.920008
800.168197
800.348787
800.466530
800.524611
800.524611
800.466530
800.348787
800.168197
799.920008
799.598121
799.195615
798.705627
798.122501
797.442950
797.390815
798.070299
798.655032
799.147875
799.553904
799.879398
800.130812
800.313950
800.433422
800.492369
800.492369
800.433422
800.313950
800.130812
799.879398
799.553904
799.147875
798.655032
798.070299
797.390815
797.339612
798.018963
798.605092
799.100499
799.509754
799.838610
800.093086
800.278684
800.399850
800.459654
800.459654
800.399850
800.278684
800.093086
799.838610
799.509754
799.100499
798.605092
798.018963
797.339612
797.289257
797.968419
798.555766
799.053483
799.465695
799.797683
800.055055
800.243017
800.365830
800.426474
800.426474
800.365830
800.243017
800.055055
799.797683
799.465695
799.053483
798.555766
797.968419
797.289257
797.239680
797.918607
798.507014
799.006817
799.421743
799.756648
800.016754
800.206975
800.331380
800.392842
800.392842
800.331380
800.206975
800.016754
799.756648
799.421743
799.006817
798.507014
797.918607
797.239680
797.190819
797.869470
798.458802
798.960489
799.377910
799.715530
799.978213
800.170585
800.296518
800.358771
800.358771
800.296518
800.170585
799.978213
799.715530
799.377910
798.960489
798.458802
797.869470
797.190819
797.142621
797.820960
798.411096
798.914489
799.334204
799.674350
799.939455
800.133869
800.261265
800.324278
800.324278
800.261265
800.133869
799.939455
799.674350
799.334204
798.914489
798.411096
797.820960
797.142621
797.095037
797.773034
798.363866
798.868804
799.290629
799.633124
799.900504
800.096851
800.225640
800.289380
800.289380
800.225640
800.096851
799.900504
799.633124
799.290629
798.868804
798.363866
797.773034
797.095037
797.048024
797.725652
798.317084
798.823422
799.247188
799.591867
799.861378
800.059551
800.189663
800.254096
800.254096
800.189663
800.059551
799.861378
799.591867
799.247188
798.823422
798.317084
797.725652
797.048024
797.001544
797.678779
798.270724
798.778329
799.203880
799.550589
799.822097
800.021989
800.153354
800.218444
800.218444
800.153354
800.021989
799.822097
799.550589
799.203880
798.778329
798.270724
797.678779
797.001544
796.955562
797.632382
798.224762
798.733513
799.160707
799.509300
799.782674
799.984183
800.116731
800.182445
800.182445
800.116731
799.984183
799.782674
799.509300
799.160707
798.733513
798.224762
797.632382
796.955562
796.910046
797.586432
798.179176
798.688962
799.117666
799.468006
799.743124
799.946151
800.079814
800.146117
800.146117
800.079814
799.946151
799.743124
799.468006
799.117666
798.688962
798.179176
797.586432
796.910046
796.864968
797.540903
798.133945
798.644664
799.074755
799.426715
799.703459
799.907909
800.042621
800.109479
800.109479
800.042621
799.907909
799.703459
799.426715
799.074755
798.644664
798.133945
797.540903
796.864968
796.820301
797.495769
798.089050
798.600608
799.031970
799.385431
799.663691
799.869473
800.005169
800.072548
800.072548
800.005169
799.869473
799.663691
799.385431
799.031970
798.600608
798.089050
797.495769
796.820301
796.776021
797.451007
798.044473
798.556783
798.989310
799.344159
799.623829
799.830855
799.967474
800.035344
800.035344
799.967474
799.830855
799.623829
799.344159
798.989310
798.556783
798.044473
797.451007
796.776021
796.732105
797.406597
798.000197
798.513178
798.946771
799.302902
799.583883
799.792071
799.929553
799.997882
799.997882
799.929553
799.792071
799.583883
799.302902
798.946771
798.513178
798.000197
797.406597
796.732105
796.688534
797.362519
797.956205
798.469783
798.904349
799.261663
799.543861
799.753131
799.891421
799.960179
799.960179
799.891421
799.753131
799.543861
799.261663
798.904349
798.469783
797.956205
797.362519
796.688534
796.645287
797.318755
797.912484
798.426589
798.862040
799.220445
799.503771
799.714049
799.853091
799.922252
799.922252
799.853091
799.714049
799.503771
799.220445
798.862040
798.426589
797.912484
797.318755
796.645287
796.602347
797.275287
797.869020
798.383586
798.819842
799.179249
799.463620
799.674834
799.814578
799.884114
799.884114
799.814578
799.674834
799.463620
799.179249
798.819842
798.383586
797.869020
797.275287
796.602347
796.559697
797.232100
797.825799
798.340767
798.777751
799.138079
799.423414
799.635498
799.775895
799.845780
799.845780
799.775895
799.635498
799.423414
799.138079
798.777751
798.340767
797.825799
797.232100
796.559697
796.517322
797.189180
797.782809
798.298121
798.735763
799.096934
799.383161
799.596050
799.737054
799.807264
799.807264
799.737054
799.596050
799.383161
799.096934
798.735763
798.298121
797.782809
797.189180
796.517322
796.475207
797.146511
797.740039
798.255643
798.693876
799.055817
799.342865
799.556500
799.698067
799.768578
799.768578
799.698067
799.556500
799.342865
799.055817
798.693876
798.255643
797.740039
797.146511
796.475207
796.433340
797.104083
797.697478
798.213325
798.652085
799.014729
799.302531
799.516855
799.658943
799.729735
799.729735
799.658943
799.516855
799.302531
799.014729
798.652085
798.213325
797.697478
797.104083
796.433340
796.391706
797.061882
797.655116
798.171159
798.610389
798.973671
799.262165
799.477124
799.619695
799.690747
799.690747
799.619695
799.477124
799.262165
798.973671
798.610389
798.171159
797.655116
797.061882
796.391706
796.350296
797.019897
797.612944
798.129139
798.568784
798.932644
799.221772
799.437315
799.580331
799.651623
799.651623
799.580331
799.437315
799.221772
798.932644
798.568784
798.129139
797.612944
797.019897
796.350296
796.309096
796.978117
797.570953
798.087260
798.527267
798.891648
799.181354
799.397435
799.540862
799.612375
799.612375
799.540862
799.397435
799.181354
798.891648
798.527267
798.087260
797.570953
796.978117
796.309096
796.268098
796.936533
797.529134
798.045514
798.485836
798.850684
799.140917
799.357490
799.501294
799.573012
799.573012
799.501294
799.357490
799.140917
798.850684
798.485836
798.045514
797.529134
796.936533
796.268098
796.227291
796.895136
797.487479
798.003898
798.444487
798.809754
799.100464
799.317487
799.461638
799.533543
799.533543
799.461638
799.317487
799.100464
798.809754
798.444487
798.003898
797.487479
796.895136
796.227291
796.186666
796.853915
797.445982
797.962404
798.403220
798.768857
799.059999
799.277432
799.421900
799.493978
799.493978
799.421900
799.277432
799.059999
798.768857
798.403220
797.962404
797.445982
796.853915
796.186666
796.146215
796.812864
797.404635
797.921030
798.362031
798.727995
799.019524
799.237329
799.382087
799.454323
799.454323
799.382087
799.237329
799.019524
798.727995
798.362031
797.921030
797.404635
796.812864
796.146215
796.105930
796.771975
797.363431
797.879769
798.320918
798.687166
798.979043
799.197186
799.342207
799.414587
799.414587
799.342207
799.197186
798.979043
798.687166
798.320918
797.879769
797.363431
796.771975
796.105930
796.065802
796.731240
797.322364
797.838618
798.279880
798.646373
798.938559
799.157005
799.302266
799.374778
799.374778
799.302266
799.157005
798.938559
798.646373
798.279880
797.838618
797.322364
796.731240
796.065802
796.025825
796.690652
797.281430
797.797573
798.238913
798.605616
798.898075
799.116793
799.262271
799.334901
799.334901
799.262271
799.116793
798.898075
798.605616
798.238913
797.797573
797.281430
796.690652
796.025825
795.985993
796.650205
797.240621
797.756630
798.198017
798.564894
798.857592
799.076554
799.222226
799.294964
799.294964
799.222226
799.076554
798.857592
798.564894
798.198017
797.756630
797.240621
796.650205
795.985993
795.946298
796.609893
797.199934
797.715784
798.157190
798.524208
798.817113
799.036290
799.182137
799.254971
799.254971
799.182137
799.036290
798.817113
798.524208
798.157190
797.715784
797.199934
796.609893
795.946298
795.906736
796.569710
797.159363
797.675033
798.116430
798.483559
798.776641
798.996007
799.142009
799.214930
799.214930
799.142009
798.996007
798.776641
798.483559
798.116430
797.675033
797.159363
796.569710
795.906736
795.867300
796.529651
797.118903
797.634374
798.075735
798.442947
798.736177
798.955709
799.101847
799.174846
799.174846
799.101847
798.955709
798.736177
798.442947
798.075735
797.634374
797.118903
796.529651
795.867300
795.827985
796.489711
797.078551
797.593803
798.035104
798.402371
798.695724
798.915397
799.061656
799.134722
799.134722
799.061656
798.915397
798.695724
798.402371
798.035104
797.593803
797.078551
796.489711
795.827985
795.788786
796.449885
797.038303
797.553318
797.994536
798.361833
798.655283
798.875076
799.021439
799.094565
799.094565
799.021439
798.875076
798.655283
798.361833
797.994536
797.553318
797.038303
796.449885
795.788786
795.749699
796.410168
796.998154
797.512916
797.954029
798.321333
798.614856
798.834749
798.981201
799.054378
799.054378
798.981201
798.834749
798.614856
798.321333
797.954029
797.512916
796.998154
796.410168
795.749699
795.710719
796.370557
796.958101
797.472594
797.913583
798.280869
798.574445
798.794418
798.940945
799.014167
799.014167
798.940945
798.794418
798.574445
798.280869
797.913583
797.472594
796.958101
796.370557
795.710719
795.671843
796.331047
796.918141
797.432350
797.873195
798.240444
798.534051
798.754087
798.900675
798.973934
798.973934
798.900675
798.754087
798.534051
798.240444
797.873195
797.432350
796.918141
796.331047
795.671843
795.633065
796.291636
796.878270
797.392181
797.832865
798.200057
798.493675
798.713756
798.860394
798.933683
798.933683
798.860394
798.713756
798.493675
798.200057
797.832865
797.392181
796.878270
796.291636
795.633065
795.594384
796.252318
796.838486
797.352087
797.792592
798.159708
798.453320
798.673430
798.820105
798.893419
798.893419
798.820105
798.673430
798.453320
798.159708
797.792592
797.352087
796.838486
796.252318
795.594384
795.555794
796.213091
796.798786
797.312063
797.752375
798.119398
798.412985
798.633110
798.779811
798.853143
798.853143
798.779811
798.633110
798.412985
798.119398
797.752375
797.312063
796.798786
796.213091
795.555794
795.517294
796.173952
796.759167
797.272110
797.712213
798.079125
798.372673
798.592798
798.739515
798.812860
798.812860
798.739515
798.592798
798.372673
798.079125
797.712213
797.272110
796.759167
796.173952
795.517294
795.478880
796.134898
796.719626
797.232224
797.672104
798.038892
798.332384
798.552496
798.699220
798.772572
798.772572
798.699220
798.552496
798.332384
798.038892
797.672104
797.232224
796.719626
796.134898
795.478880
795.440548
796.095927
796.680162
797.192405
797.632049
797.998697
798.292119
798.512207
798.658927
798.732282
798.732282
798.658927
798.512207
798.292119
797.998697
797.632049
797.192405
796.680162
796.095927
795.440548
795.402298
796.057034
796.640772
797.152650
797.592047
797.958541
798.251880
798.471930
798.618639
798.691993
798.691993
798.618639
798.471930
798.251880
797.958541
797.592047
797.152650
796.640772
796.057034
795.402298
795.364125
796.018219
796.601454
797.112959
797.552096
797.918424
798.211667
798.431670
798.578359
798.651706
798.651706
798.578359
798.431670
798.211667
797.918424
797.552096
797.112959
796.601454
796.018219
795.364125
795.326027
795.979479
796.562205
797.073329
797.512196
797.878346
798.171481
798.391426
798.538087
798.611425
798.611425
798.538087
798.391426
798.171481
797.878346
797.512196
797.073329
796.562205
795.979479
795.326027
795.288003
795.940812
796.523026
797.033760
797.472346
797.838307
798.131323
798.351200
798.497827
798.571151
798.571151
798.497827
798.351200
798.131323
797.838307
797.472346
797.033760
796.523026
795.940812
795.288003
795.250050
795.902215
796.483912
796.994250
797.432546
797.798307
798.091194
798.310994
798.457580
798.530886
798.530886
798.457580
798.310994
798.091194
797.798307
797.432546
796.994250
796.483912
795.902215
795.250050
795.212167
795.863687
796.444864
796.954798
797.392796
797.758346
798.051095
798.270808
798.417347
798.490632
798.490632
798.417347
798.270808
798.051095
797.758346
797.392796
796.954798
796.444864
795.863687
795.212167
795.174350
795.825225
796.405878
796.915403
797.353093
797.718425
798.011025
798.230645
798.377130
798.450392
798.450392
798.377130
798.230645
798.011025
797.718425
797.353093
796.915403
796.405878
795.825225
795.174350
795.136599
795.786829
796.366955
796.876064
797.313439
797.678543
797.970986
798.190505
798.336931
798.410165
798.410165
798.336931
798.190505
797.970986
797.678543
797.313439
796.876064
796.366955
795.786829
795.136599
795.098912
795.748497
796.328092
796.836779
797.273833
797.638700
797.930978
798.150389
798.296750
798.369955
798.369955
798.296750
798.150389
797.930978
797.638700
797.273833
796.836779
796.328092
795.748497
795.098912
795.061287
795.710226
796.289288
796.797549
797.234274
797.598897
797.891002
798.110298
798.256590
798.329763
798.329763
798.256590
798.110298
797.891002
797.598897
797.234274
796.797549
796.289288
795.710226
795.061287
795.023723
795.672017
796.250543
796.758372
797.194761
797.559133
797.851059
798.070233
798.216451
798.289589
798.289589
798.216451
798.070233
797.851059
797.559133
797.194761
796.758372
796.250543
795.672017
795.023723
794.986218
795.633866
796.211854
796.719247
797.155294
797.519408
797.811148
798.030195
798.176335
798.249436
798.249436
798.176335
798.030195
797.811148
797.519408
797.155294
796.719247
796.211854
795.633866
794.986218
794.948772
795.595774
796.173220
796.680174
797.115874
797.479724
797.771270
797.990185
798.136243
798.209304
798.209304
798.136243
797.990185
797.771270
797.479724
797.115874
796.680174
796.173220
795.595774
794.948772
794.911382
795.557739
796.134642
796.641151
797.076499
797.440078
797.731426
797.950203
798.096175
798.169195
798.169195
798.096175
797.950203
797.731426
797.440078
797.076499
796.641151
796.134642
795.557739
794.911382
794.874048
795.519759
796.096117
796.602178
797.037169
797.400472
797.691616
797.910250
798.056132
798.129110
798.129110
798.056132
797.910250
797.691616
797.400472
797.037169
796.602178
796.096117
795.519759
794.874048
794.836769
795.481834
796.057645
796.563255
796.997883
797.360906
797.651840
797.870327
798.016116
798.089049
798.089049
798.016116
797.870327
797.651840
797.360906
796.997883
796.563255
796.057645
795.481834
794.836769
794.799543
795.443962
796.019225
796.524381
796.958643
797.321379
797.612099
797.830435
797.976128
798.049014
798.049014
797.976128
797.830435
797.612099
797.321379
796.958643
796.524381
796.019225
795.443962
794.799543
794.762369
795.406143
795.980856
796.485554
796.919446
797.281892
797.572393
797.790574
797.936167
798.009005
798.009005
797.936167
797.790574
797.572393
797.281892
796.919446
796.485554
795.980856
795.406143
794.762369
794.725248
795.368376
795.942538
796.446776
796.880293
797.242445
797.532723
797.750744
797.896235
797.969024
797.969024
797.896235
797.750744
797.532723
797.242445
796.880293
796.446776
795.942538
795.368376
794.725248
794.688177
795.330660
795.904269
796.408044
796.841184
797.203037
797.493087
797.710946
797.856333
797.929070
797.929070
797.856333
797.710946
797.493087
797.203037
796.841184
796.408044
795.904269
795.330660
794.688177
794.651156
795.292995
795.866049
796.369359
796.802118
797.163668
797.453488
797.671181
797.816461
797.889146
797.889146
797.816461
797.671181
797.453488
797.163668
796.802118
796.369359
795.866049
795.292995
794.651156
794.614184
795.255378
795.827878
796.330720
796.763095
797.124339
797.413925
797.631448
797.776619
797.849251
797.849251
797.776619
797.631448
797.413925
797.124339
796.763095
796.330720
795.827878
795.255378
794.614184
794.577260
795.217811
795.789754
796.292127
796.724115
797.085050
797.374398
797.591750
797.736809
797.809386
797.809386
797.736809
797.591750
797.374398
797.085050
796.724115
796.292127
795.789754
795.217811
794.577260
794.540385
795.180291
795.751678
796.253579
796.685178
797.045801
797.334908
797.552085
797.697031
797.769552
797.769552
797.697031
797.552085
797.334908
797.045801
796.685178
796.253579
795.751678
795.180291
794.540385
794.503556
795.142819
795.713648
796.215076
796.646283
797.006590
797.295454
797.512454
797.657285
797.729749
797.729749
797.657285
797.512454
797.295454
797.006590
796.646283
796.215076
795.713648
795.142819
794.503556
794.466774
795.105393
795.675665
796.176618
796.607430
796.967420
797.256037
797.472857
797.617571
797.689978
797.689978
797.617571
797.472857
797.256037
796.967420
796.607430
796.176618
795.675665
795.105393
794.466774
794.430038
795.068014
795.637727
796.138204
796.568620
796.928289
797.216657
797.433296
797.577891
797.650239
797.650239
797.577891
797.433296
797.216657
796.928289
796.568620
796.138204
795.637727
795.068014
794.430038
794.393347
795.030681
795.599834
796.099833
796.529851
796.889197
797.177315
797.393769
797.538244
797.610533
797.610533
797.538244
797.393769
797.177315
796.889197
796.529851
796.099833
795.599834
795.030681
794.393347
794.356701
794.993393
795.561986
796.061506
796.491124
796.850145
797.138009
797.354278
797.498632
797.570860
797.570860
797.498632
797.354278
797.138009
796.850145
796.491124
796.061506
795.561986
794.993393
794.356701
794.320099
794.956149
795.524182
796.023222
796.452438
796.811133
797.098741
797.314823
797.459053
797.531221
797.531221
797.459053
797.314823
797.098741
796.811133
796.452438
796.023222
795.524182
794.956149
794.320099
794.283541
794.918950
795.486422
795.984981
796.413793
796.772160
797.059511
797.275403
797.419510
797.491616
797.491616
797.419510
797.275403
797.059511
796.772160
796.413793
795.984981
795.486422
794.918950
794.283541
794.247026
794.881795
795.448706
795.946783
796.375190
796.733226
797.020318
797.236020
797.380001
797.452045
797.452045
797.380001
797.236020
797.020318
796.733226
796.375190
795.946783
795.448706
794.881795
794.247026
794.210555
794.844683
795.411032
795.908627
796.336628
796.694332
796.981163
797.196673
797.340527
797.412508
797.412508
797.340527
797.196673
796.981163
796.694332
796.336628
795.908627
795.411032
794.844683
794.210555
794.174126
794.807615
795.373402
795.870513
796.298106
796.655477
796.942046
797.157362
797.301089
797.373007
797.373007
797.301089
797.157362
796.942046
796.655477
796.298106
795.870513
795.373402
794.807615
794.174126
794.137739
794.770589
795.335815
795.832441
796.259626
796.616661
796.902967
797.118088
797.261687
797.333541
797.333541
797.261687
797.118088
796.902967
796.616661
796.259626
795.832441
795.335815
794.770589
794.137739
794.101394
794.733605
795.298269
795.794410
796.221186
796.577885
796.863926
797.078851
797.222320
797.294110
797.294110
797.222320
797.078851
796.863926
796.577885
796.221186
795.794410
795.298269
794.733605
794.101394
794.065090
794.696663
795.260766
795.756421
796.182786
796.539148
796.824923
797.039651
797.182990
797.254715
797.254715
797.182990
797.039651
796.824923
796.539148
796.182786
795.756421
795.260766
794.696663
794.065090
794.028828
794.659764
795.223304
795.718474
796.144427
796.500451
796.785959
797.000488
797.143696
797.215356
797.215356
797.143696
797.000488
796.785959
796.500451
796.144427
795.718474
795.223304
794.659764
794.028828
793.992607
794.622905
795.185884
795.680567
796.106108
796.461792
796.747032
796.961362
797.104439
797.176033
797.176033
797.104439
796.961362
796.747032
796.461792
796.106108
795.680567
795.185884
794.622905
793.992607
793.956426
794.586088
795.148505
795.642701
796.067829
796.423173
796.708144
796.922274
797.065218
797.136747
797.136747
797.065218
796.922274
796.708144
796.423173
796.067829
795.642701
795.148505
794.586088
793.956426
793.920286
794.549312
795.111167
795.604876
796.029590
796.384593
796.669294
796.883223
797.026034
797.097497
797.097497
797.026034
796.883223
796.669294
796.384593
796.029590
795.604876
795.111167
794.549312
793.920286
793.884186
794.512576
795.073870
795.567091
795.991391
796.346053
796.630482
796.844210
796.986888
797.058284
797.058284
796.986888
796.844210
796.630482
796.346053
795.991391
795.567091
795.073870
794.512576
793.884186
793.848126
794.475881
795.036614
795.529347
795.953232
796.307551
796.591709
796.805235
796.947778
797.019108
797.019108
796.947778
796.805235
796.591709
796.307551
795.953232
795.529347
795.036614
794.475881
793.848126
793.812105
794.439226
794.999397
795.491642
795.915113
796.269089
796.552974
796.766297
796.908706
796.979969
796.979969
796.908706
796.766297
796.552974
796.269089
795.915113
795.491642
794.999397
794.439226
793.812105
793.776124
794.402611
794.962221
795.453978
795.877033
796.230665
796.514277
796.727397
796.869671
796.940867
796.940867
796.869671
796.727397
796.514277
796.230665
795.877033
795.453978
794.962221
794.402611
793.776124
793.740182
794.366036
794.925085
795.416354
795.838993
796.192281
796.475619
796.688535
796.830674
796.901802
796.901802
796.830674
796.688535
796.475619
796.192281
795.838993
795.416354
794.925085
794.366036
793.740182
793.704278
794.329500
794.887989
795.378769
795.800992
796.153935
796.437000
796.649711
796.791714
796.862774
796.862774
796.791714
796.649711
796.437000
796.153935
795.800992
795.378769
794.887989
794.329500
793.704278
793.668414
794.293004
794.850933
795.341224
795.763031
796.115629
796.398419
796.610925
796.752792
796.823785
796.823785
796.752792
796.610925
796.398419
796.115629
795.763031
795.341224
794.850933
794.293004
793.668414
793.632588
794.256547
794.813916
795.303719
795.725109
796.077361
796.359876
796.572177
796.713908
796.784832
796.784832
796.713908
796.572177
796.359876
796.077361
795.725109
795.303719
794.813916
794.256547
793.632588
793.596801
794.220129
794.776938
795.266253
795.687226
796.039133
796.321372
796.533468
796.675062
796.745918
796.745918
796.675062
796.533468
796.321372
796.039133
795.687226
795.266253
794.776938
794.220129
793.596801
793.561052
794.183750
794.739999
795.228826
795.649382
796.000943
796.282907
796.494796
796.636253
796.707041
796.707041
796.636253
796.494796
796.282907
796.000943
795.649382
795.228826
794.739999
794.183750
793.561052
793.525341
794.147410
794.703100
795.191439
795.611578
795.962792
796.244480
796.456163
796.597483
796.668202
796.668202
796.597483
796.456163
796.244480
795.962792
795.611578
795.191439
794.703100
794.147410
793.525341
793.489668
794.111108
794.666239
795.154090
795.573812
795.924680
796.206091
796.417568
796.558750
796.629401
796.629401
796.558750
796.417568
796.206091
795.924680
795.573812
795.154090
794.666239
794.111108
793.489668
793.454033
794.074845
794.629418
795.116781
795.536085
795.886606
796.167741
796.379011
796.520056
796.590638
796.590638
796.520056
796.379011
796.167741
795.886606
795.536085
795.116781
794.629418
794.074845
793.454033
793.418436
794.038620
794.592635
795.079510
795.498398
795.848572
796.129430
796.340492
796.481400
796.551913
796.551913
796.481400
796.340492
796.129430
795.848572
795.498398
795.079510
794.592635
794.038620
793.418436
793.382876
794.002433
794.555890
795.042278
795.460748
795.810576
796.091157
796.302012
796.442782
796.513226
796.513226
796.442782
796.302012
796.091157
795.810576
795.460748
795.042278
794.555890
794.002433
793.382876
793.347354
793.966284
794.519185
795.005085
795.423138
795.772618
796.052923
796.263570
796.404202
796.474577
796.474577
796.404202
796.263570
796.052923
795.772618
795.423138
795.005085
794.519185
793.966284
793.347354
793.311868
793.930173
794.482517
794.967930
795.385566
795.734699
796.014727
796.225167
796.365660
796.435967
796.435967
796.365660
796.225167
796.014727
795.734699
795.385566
794.967930
794.482517
793.930173
793.311868
793.276421
793.894100
794.445888
794.930814
795.348033
795.696819
795.976569
796.186802
796.327157
796.397394
796.397394
796.327157
796.186802
795.976569
795.696819
795.348033
794.930814
794.445888
793.894100
793.276421
793.241010
793.858065
794.409297
794.893737
795.310538
795.658977
795.938450
796.148475
796.288692
796.358860
796.358860
796.288692
796.148475
795.938450
795.658977
795.310538
794.893737
794.409297
793.858065
793.241010
793.205636
793.822067
794.372743
794.856697
795.273082
795.621174
795.900369
796.110187
796.250265
796.320364
796.320364
796.250265
796.110187
795.900369
795.621174
795.273082
794.856697
794.372743
793.822067
793.205636
793.170299
793.786107
794.336228
794.819696
795.235664
795.583409
795.862327
796.071936
796.211876
796.281906
796.281906
796.211876
796.071936
795.862327
795.583409
795.235664
794.819696
794.336228
793.786107
793.170299
793.134999
793.750184
794.299751
794.782733
795.198285
795.545683
795.824323
796.033725
796.173526
796.243487
796.243487
796.173526
796.033725
795.824323
795.545683
795.198285
794.782733
794.299751
793.750184
793.134999
793.099735
793.714299
794.263312
794.745808
795.160944
795.507995
795.786358
795.995551
796.135214
796.205105
796.205105
796.135214
795.995551
795.786358
795.507995
795.160944
794.745808
794.263312
793.714299
793.099735
793.064508
793.678451
794.226910
794.708921
795.123641
795.470345
795.748431
795.957416
796.096940
796.166763
796.166763
796.096940
795.957416
795.748431
795.470345
795.123641
794.708921
794.226910
793.678451
793.064508
793.029318
793.642640
794.190546
794.672072
795.086376
795.432734
795.710542
795.919320
796.058705
796.128458
796.128458
796.058705
795.919320
795.710542
795.432734
795.086376
794.672072
794.190546
793.642640
793.029318
792.994163
793.606865
794.154219
794.635261
795.049150
795.395160
795.672692
795.881261
796.020508
796.090192
796.090192
796.020508
795.881261
795.672692
795.395160
795.049150
794.635261
794.154219
793.606865
792.994163
792.959046
793.571128
794.117930
794.598488
795.011961
795.357625
795.634879
795.843241
795.982349
796.051964
796.051964
795.982349
795.843241
795.634879
795.357625
795.011961
794.598488
794.117930
793.571128
792.959046
792.923964
793.535428
794.081678
794.561753
794.974810
795.320129
795.597105
795.805259
795.944229
796.013774
796.013774
795.944229
795.805259
795.597105
795.320129
794.974810
794.561753
794.081678
793.535428
792.923964
792.888919
793.499765
794.045464
794.525055
794.937698
795.282670
795.559370
795.767316
795.906147
795.975623
795.975623
795.906147
795.767316
795.559370
795.282670
794.937698
794.525055
794.045464
793.499765
792.888919
792.853909
793.464138
794.009286
794.488395
794.900623
795.245249
795.521672
795.729410
795.868103
795.937510
795.937510
795.868103
795.729410
795.521672
795.245249
794.900623
794.488395
794.009286
793.464138
792.853909
792.818936
793.428548
793.973146
794.451772
794.863586
795.207867
795.484013
795.691543
795.830098
795.899435
795.899435
795.830098
795.691543
795.484013
795.207867
794.863586
794.451772
793.973146
793.428548
792.818936
792.783999
793.392995
793.937043
794.415187
794.826587
795.170522
795.446392
795.653715
795.792130
795.861398
795.861398
795.792130
795.653715
795.446392
795.170522
794.826587
794.415187
793.937043
793.392995
792.783999
792.749097
793.357478
793.900978
794.378640
794.789626
795.133216
795.408809
795.615924
795.754201
795.823400
795.823400
795.754201
795.615924
795.408809
795.133216
794.789626
794.378640
793.900978
793.357478
792.749097
792.714232
793.321997
793.864949
794.342130
794.752702
795.095947
795.371264
795.578172
795.716311
795.785440
795.785440
795.716311
795.578172
795.371264
795.095947
794.752702
794.342130
793.864949
793.321997
792.714232
792.679402
793.286553
793.828957
794.305657
794.715816
795.058716
795.333757
795.540457
795.678458
795.747519
795.747519
795.678458
795.540457
795.333757
795.058716
794.715816
794.305657
793.828957
793.286553
792.679402
792.644608
793.251146
793.793002
794.269221
794.678968
795.021523
795.296288
795.502781
795.640644
795.709635
795.709635
795.640644
795.502781
795.296288
795.021523
794.678968
794.269221
793.793002
793.251146
792.644608
792.609849
793.215774
793.757083
794.232823
794.642157
794.984368
795.258857
795.465143
795.602868
795.671790
795.671790
795.602868
795.465143
795.258857
794.984368
794.642157
794.232823
793.757083
793.215774
792.609849
792.575126
793.180439
793.721202
794.196462
794.605384
794.947251
795.221464
795.427543
795.565130
795.633983
795.633983
795.565130
795.427543
795.221464
794.947251
794.605384
794.196462
793.721202
793.180439
792.575126
792.540438
793.145140
793.685357
794.160138
794.568648
794.910171
795.184109
795.389981
795.527430
795.596214
795.596214
795.527430
795.389981
795.184109
794.910171
794.568648
794.160138
793.685357
793.145140
792.540438
792.505786
793.109877
793.649549
794.123851
794.531950
794.873129
795.146792
795.352457
795.489768
795.558483
795.558483
795.489768
795.352457
795.146792
794.873129
794.531950
794.123851
793.649549
793.109877
792.505786
792.471169
793.074650
793.613777
794.087601
794.495289
794.836125
795.109512
795.314972
795.452144
795.520790
795.520790
795.452144
795.314972
795.109512
794.836125
794.495289
794.087601
793.613777
793.074650
792.471169
792.436588
793.039459
793.578042
794.051388
794.458665
794.799159
795.072271
795.277524
795.414558
795.483136
795.483136
795.414558
795.277524
795.072271
794.799159
794.458665
794.051388
793.578042
793.039459
792.436588
792.402041
793.004304
793.542343
794.015212
794.422079
794.762229
795.035067
795.240114
795.377011
795.445519
795.445519
795.377011
795.240114
795.035067
794.762229
794.422079
794.015212
793.542343
793.004304
792.402041
792.367530
792.969184
793.506681
793.979073
794.385530
794.725338
794.997901
795.202741
795.339501
795.407941
795.407941
795.339501
795.202741
794.997901
794.725338
794.385530
793.979073
793.506681
792.969184
792.367530
792.333055
792.934101
793.471055
793.942971
794.349018
794.688484
794.960773
795.165407
795.302029
795.370400
795.370400
795.302029
795.165407
794.960773
794.688484
794.349018
793.942971
793.471055
792.934101
792.333055
792.298614
792.899053
793.435465
793.906905
794.312543
794.651667
794.923682
795.128111
795.264596
795.332898
795.332898
795.264596
795.128111
794.923682
794.651667
794.312543
793.906905
793.435465
792.899053
792.298614
792.264208
792.864041
793.399912
793.870876
794.276105
794.614888
794.886629
795.090852
795.227200
795.295433
795.295433
795.227200
795.090852
794.886629
794.614888
794.276105
793.870876
793.399912
792.864041
792.264208
792.229837
792.829065
793.364395
793.834884
794.239705
794.578146
794.849613
795.053631
795.189842
795.258007
795.258007
795.189842
795.053631
794.849613
794.578146
794.239705
793.834884
793.364395
792.829065
792.229837
792.195502
792.794124
793.328914
793.798928
794.203341
794.541442
794.812636
795.016448
795.152522
795.220618
795.220618
795.152522
795.016448
794.812636
794.541442
794.203341
793.798928
793.328914
792.794124
792.195502
792.161201
792.759219
793.293469
793.763009
794.167015
794.504774
794.775695
794.979303
795.115239
795.183267
795.183267
795.115239
794.979303
794.775695
794.504774
794.167015
793.763009
793.293469
792.759219
792.161201
792.126935
792.724349
793.258060
793.727127
794.130725
794.468144
794.738793
794.942195
795.077995
795.145954
795.145954
795.077995
794.942195
794.738793
794.468144
794.130725
793.727127
793.258060
792.724349
792.126935
792.092704
792.689515
793.222687
793.691281
794.094472
794.431551
794.701927
794.905125
795.040788
795.108679
795.108679
795.040788
794.905125
794.701927
794.431551
794.094472
793.691281
793.222687
792.689515
792.092704
792.058507
792.654716
793.187350
793.655472
794.058256
794.394996
794.665099
794.868092
795.003619
795.071441
795.071441
795.003619
794.868092
794.665099
794.394996
794.058256
793.655472
793.187350
792.654716
792.058507
792.024345
792.619952
793.152049
793.619698
794.022077
794.358477
794.628309
794.831097
794.966487
795.034242
795.034242
794.966487
794.831097
794.628309
794.358477
794.022077
793.619698
793.152049
792.619952
792.024345
791.990218
792.585224
793.116784
793.583962
793.985935
794.321996
794.591555
794.794140
794.929393
794.997080
794.997080
794.929393
794.794140
794.591555
794.321996
793.985935
793.583962
793.116784
792.585224
791.990218
791.956126
792.550531
793.081555
793.548261
793.949829
794.285552
794.554839
794.757220
794.892337
794.959955
794.959955
794.892337
794.757220
794.554839
794.285552
793.949829
793.548261
793.081555
792.550531
791.956126
791.922068
792.515874
793.046362
793.512597
793.913760
794.249144
794.518161
794.720337
794.855319
794.922869
794.922869
794.855319
794.720337
794.518161
794.249144
793.913760
793.512597
793.046362
792.515874
791.922068
791.888045
792.481251
793.011204
793.476969
793.877728
794.212774
794.481519
794.683492
794.818338
794.885820
794.885820
794.818338
794.683492
794.481519
794.212774
793.877728
793.476969
793.011204
792.481251
791.888045
791.854056
792.446664
792.976082
793.441378
793.841732
794.176440
794.444915
794.646684
794.781394
794.848808
794.848808
794.781394
794.646684
794.444915
794.176440
793.841732
793.441378
792.976082
792.446664
791.854056
791.820102
792.412111
792.940996
793.405822
793.805773
794.140144
794.408348
794.609914
794.744488
794.811834
794.811834
794.744488
794.609914
794.408348
794.140144
793.805773
793.405822
792.940996
792.412111
791.820102
791.786182
792.377594
792.905945
793.370303
793.769850
794.103884
794.371818
794.573181
794.707619
794.774898
794.774898
794.707619
794.573181
794.371818
794.103884
793.769850
793.370303
792.905945
792.377594
791.786182
791.752296
792.343112
792.870930
793.334819
793.733964
794.067661
794.335325
794.536485
794.670788
794.737999
794.737999
794.670788
794.536485
794.335325
794.067661
793.733964
793.334819
792.870930
792.343112
791.752296
791.718445
792.308665
792.835950
793.299372
793.698114
794.031475
794.298869
794.499826
794.633994
794.701137
794.701137
794.633994
794.499826
794.298869
794.031475
793.698114
793.299372
792.835950
792.308665
791.718445
791.684628
792.274252
792.801006
793.263960
793.662300
793.995325
794.262450
794.463205
794.597238
794.664313
794.664313
794.597238
794.463205
794.262450
793.995325
793.662300
793.263960
792.801006
792.274252
791.684628
791.650845
792.239875
792.766097
793.228585
793.626523
793.959213
794.226068
794.426621
794.560518
794.627526
794.627526
794.560518
794.426621
794.226068
793.959213
793.626523
793.228585
792.766097
792.239875
791.650845
791.617097
792.205532
792.731224
793.193245
793.590782
793.923136
794.189723
794.390073
794.523836
794.590776
794.590776
794.523836
794.390073
794.189723
793.923136
793.590782
793.193245
792.731224
792.205532
791.617097
791.583382
792.171225
792.696386
793.157941
793.555078
793.887097
794.153415
794.353563
794.487191
794.554064
794.554064
794.487191
794.353563
794.153415
793.887097
793.555078
793.157941
792.696386
792.171225
791.583382
791.549702
792.136952
792.661583
793.122673
793.519410
793.851094
794.117143
794.317090
794.450584
794.517389
794.517389
794.450584
794.317090
794.117143
793.851094
793.519410
793.122673
792.661583
792.136952
791.549702
791.516056
792.102713
792.626816
793.087441
793.483777
793.815128
794.080909
794.280654
794.414013
794.480751
794.480751
794.414013
794.280654
794.080909
793.815128
793.483777
793.087441
792.626816
792.102713
791.516056
791.482444
792.068510
792.592084
793.052245
793.448181
793.779198
794.044711
794.244255
794.377480
794.444151
794.444151
794.377480
794.244255
794.044711
793.779198
793.448181
793.052245
792.592084
792.068510
791.482444
791.448866
792.034341
792.557387
793.017084
793.412622
793.743304
794.008550
794.207893
794.340983
794.407587
794.407587
794.340983
794.207893
794.008550
793.743304
793.412622
793.017084
792.557387
792.034341
791.448866
791.415322
792.000206
792.522725
792.981959
793.377098
793.707447
793.972426
794.171568
794.304524
794.371061
794.371061
794.304524
794.171568
793.972426
793.707447
793.377098
792.981959
792.522725
792.000206
791.415322
791.381811
791.966106
792.488099
792.946869
793.341610
793.671626
793.936338
794.135279
794.268102
794.334571
794.334571
794.268102
794.135279
793.936338
793.671626
793.341610
792.946869
792.488099
791.966106
791.381811
791.348335
791.932041
792.453507
792.911815
793.306158
793.635842
793.900287
794.099028
794.231716
794.298119
794.298119
794.231716
794.099028
793.900287
793.635842
793.306158
792.911815
792.453507
791.932041
791.348335
791.314892
791.898010
792.418951
792.876797
793.270742
793.600094
793.864272
794.062813
794.195368
794.261703
794.261703
794.195368
794.062813
793.864272
793.600094
793.270742
792.876797
792.418951
791.898010
791.314892
791.281484
791.864013
792.384429
792.841814
793.235362
793.564382
793.828294
794.026635
794.159056
794.225325
794.225325
794.159056
794.026635
793.828294
793.564382
793.235362
792.841814
792.384429
791.864013
791.281484
791.248109
791.830051
792.349943
792.806866
793.200018
793.528706
793.792352
793.990494
794.122781
794.188983
794.188983
794.122781
793.990494
793.792352
793.528706
793.200018
792.806866
792.349943
791.830051
791.248109
791.214767
791.796124
792.315491
792.771954
793.164710
793.493067
793.756447
793.954389
794.086543
794.152678
794.152678
794.086543
793.954389
793.756447
793.493067
793.164710
792.771954
792.315491
791.796124
791.214767
791.181460
791.762230
792.281074
792.737078
793.129438
793.457463
793.720579
793.918321
794.050342
794.116411
794.116411
794.050342
793.918321
793.720579
793.457463
793.129438
792.737078
792.281074
791.762230
791.181460
791.148186
791.728371
792.246692
792.702236
793.094201
793.421896
793.684746
793.882289
794.014177
794.080179
794.080179
794.014177
793.882289
793.684746
793.421896
793.094201
792.702236
792.246692
791.728371
791.148186
791.114945
791.694546
792.212345
792.667430
793.059000
793.386365
793.648950
793.846294
793.978049
794.043985
794.043985
793.978049
793.846294
793.648950
793.386365
793.059000
792.667430
792.212345
791.694546
791.114945
791.081739
791.660756
792.178033
792.632659
793.023834
793.350870
793.613191
793.810336
793.941958
794.007827
794.007827
793.941958
793.810336
793.613191
793.350870
793.023834
792.632659
792.178033
791.660756
791.081739
791.048566
791.626999
792.143755
792.597924
792.988705
793.315411
793.577467
793.774413
793.905904
793.971706
793.971706
793.905904
793.774413
793.577467
793.315411
792.988705
792.597924
792.143755
791.626999
791.048566
791.015426
791.593277
792.109512
792.563223
792.953610
793.279987
793.541780
793.738528
793.869885
793.935622
793.935622
793.869885
793.738528
793.541780
793.279987
792.953610
792.563223
792.109512
791.593277
791.015426
790.982320
791.559588
792.075304
792.528558
792.918552
793.244600
793.506129
793.702679
793.833904
793.899574
793.899574
793.833904
793.702679
793.506129
793.244600
792.918552
792.528558
792.075304
791.559588
790.982320
790.949247
791.525934
792.041130
792.493927
792.883529
793.209248
793.470514
793.666866
793.797959
793.863563
793.863563
793.797959
793.666866
793.470514
793.209248
792.883529
792.493927
792.041130
791.525934
790.949247
790.916207
791.492314
792.006991
792.459332
792.848541
793.173933
793.434935
793.631089
793.762050
793.827588
793.827588
793.762050
793.631089
793.434935
793.173933
792.848541
792.459332
792.006991
791.492314
790.916207
790.883201
791.458728
791.972886
792.424772
792.813589
793.138653
793.399392
793.595349
793.726178
793.791650
793.791650
793.726178
793.595349
793.399392
793.138653
792.813589
792.424772
791.972886
791.458728
790.883201
790.850228
791.425175
791.938816
792.390247
792.778672
793.103409
793.363885
793.559645
793.690342
793.755748
793.755748
793.690342
793.559645
793.363885
793.103409
792.778672
792.390247
791.938816
791.425175
790.850228
790.817289
791.391657
791.904781
792.355757
792.743791
793.068200
793.328415
793.523977
793.654542
793.719883
793.719883
793.654542
793.523977
793.328415
793.068200
792.743791
792.355757
791.904781
791.391657
790.817289
790.784383
791.358172
791.870779
792.321301
792.708944
793.033027
793.292980
793.488345
793.618779
793.684054
793.684054
793.618779
793.488345
793.292980
793.033027
792.708944
792.321301
791.870779
791.358172
790.784383
790.751509
791.324721
791.836812
792.286881
792.674134
792.997890
793.257581
793.452749
793.583052
793.648261
793.648261
793.583052
793.452749
793.257581
792.997890
792.674134
792.286881
791.836812
791.324721
790.751509
790.718670
791.291304
791.802880
792.252495
792.639358
792.962789
793.222218
793.417189
793.547361
793.612504
793.612504
793.547361
793.417189
793.222218
792.962789
792.639358
792.252495
791.802880
791.291304
790.718670
790.685863
791.257921
791.768982
792.218144
792.604618
792.927722
793.186890
793.381666
793.511707
793.576784
793.576784
793.511707
793.381666
793.186890
792.927722
792.604618
792.218144
791.768982
791.257921
790.685863
790.653089
791.224572
791.735118
792.183828
792.569912
792.892692
793.151599
793.346178
793.476088
793.541100
793.541100
793.476088
793.346178
793.151599
792.892692
792.569912
792.183828
791.735118
791.224572
790.653089
790.620348
791.191256
791.701288
792.149546
792.535242
792.857697
793.116343
793.310727
793.440506
793.505452
793.505452
793.440506
793.310727
793.116343
792.857697
792.535242
792.149546
791.701288
791.191256
790.620348
790.587641
791.157974
791.667492
792.115300
792.500607
792.822737
793.081123
793.275311
793.404959
793.469841
793.469841
793.404959
793.275311
793.081123
792.822737
792.500607
792.115300
791.667492
791.157974
790.587641
790.554966
791.124725
791.633731
792.081087
792.466007
792.787813
793.045939
793.239931
793.369449
793.434265
793.434265
793.369449
793.239931
793.045939
792.787813
792.466007
792.081087
791.633731
791.124725
790.554966
790.522324
791.091510
791.600004
792.046910
792.431442
792.752924
793.010790
793.204587
793.333975
793.398725
793.398725
793.333975
793.204587
793.010790
792.752924
792.431442
792.046910
791.600004
791.091510
790.522324
790.489716
791.058328
791.566310
792.012767
792.396912
792.718070
792.975677
793.169279
793.298536
793.363222
793.363222
793.298536
793.169279
792.975677
792.718070
792.396912
792.012767
791.566310
791.058328
790.489716
790.457140
791.025180
791.532651
791.978658
792.362417
792.683252
792.940599
793.134007
793.263134
793.327754
793.327754
793.263134
793.134007
792.940599
792.683252
792.362417
791.978658
791.532651
791.025180
790.457140
790.424597
790.992066
791.499026
791.944584
792.327957
792.648469
792.905557
793.098770
793.227767
793.292322
793.292322
793.227767
793.098770
792.905557
792.648469
792.327957
791.944584
791.499026
790.992066
790.424597
790.392086
790.958985
791.465435
791.910545
792.293532
792.613721
792.870551
793.063569
793.192436
793.256927
793.256927
793.192436
793.063569
792.870551
792.613721
792.293532
791.910545
791.465435
790.958985
790.392086
790.359609
790.925937
791.431877
791.876540
792.259141
792.579009
792.835580
793.028403
793.157141
793.221567
793.221567
793.157141
793.028403
792.835580
792.579009
792.259141
791.876540
791.431877
790.925937
790.359609
790.327164
790.892922
791.398354
791.842569
792.224785
792.544331
792.800644
792.993274
793.121882
793.186243
793.186243
793.121882
792.993274
792.800644
792.544331
792.224785
791.842569
791.398354
790.892922
790.327164
790.294752
790.859941
791.364864
791.808632
792.190464
792.509688
792.765744
792.958180
793.086658
793.150954
793.150954
793.086658
792.958180
792.765744
792.509688
792.190464
791.808632
791.364864
790.859941
790.294752
790.262372
790.826993
791.331409
791.774730
792.156178
792.475081
792.730878
792.923121
793.051470
793.115702
793.115702
793.051470
792.923121
792.730878
792.475081
792.156178
791.774730
791.331409
790.826993
790.262372
790.230026
790.794079
791.297987
791.740862
792.121926
792.440509
792.696049
792.888098
793.016318
793.080485
793.080485
793.016318
792.888098
792.696049
792.440509
792.121926
791.740862
791.297987
790.794079
790.230026
790.197711
790.761197
791.264598
791.707029
792.087709
792.405971
792.661254
792.853110
792.981201
793.045303
793.045303
792.981201
792.853110
792.661254
792.405971
792.087709
791.707029
791.264598
790.761197
790.197711
790.165430
790.728349
791.231244
791.673229
792.053527
792.371469
792.626495
792.818158
792.946120
793.010158
793.010158
792.946120
792.818158
792.626495
792.371469
792.053527
791.673229
791.231244
790.728349
790.165430
790.133181
790.695534
791.197923
791.639464
792.019379
792.337001
792.591771
792.783241
792.911075
792.975048
792.975048
792.911075
792.783241
792.591771
792.337001
792.019379
791.639464
791.197923
790.695534
790.133181
790.100964
790.662752
791.164636
791.605732
791.985266
792.302568
792.557082
792.748359
792.876064
792.939973
792.939973
792.876064
792.748359
792.557082
792.302568
791.985266
791.605732
791.164636
790.662752
790.100964
790.068780
790.630003
791.131382
791.572035
791.951187
792.268170
792.522428
792.713513
792.841090
792.904934
792.904934
792.841090
792.713513
792.522428
792.268170
791.951187
791.572035
791.131382
790.630003
790.068780
790.036628
790.597287
791.098162
791.538372
791.917143
792.233807
792.487809
792.678702
792.806150
792.869931
792.869931
792.806150
792.678702
792.487809
792.233807
791.917143
791.538372
791.098162
790.597287
790.036628
790.004509
790.564604
791.064975
791.504743
791.883133
792.199479
792.453225
792.643926
792.771246
792.834963
792.834963
792.771246
792.643926
792.453225
792.199479
791.883133
791.504743
791.064975
790.564604
790.004509
789.972421
790.531954
791.031822
791.471148
791.849157
792.165185
792.418676
792.609186
792.736378
792.800030
792.800030
792.736378
792.609186
792.418676
792.165185
791.849157
791.471148
791.031822
790.531954
789.972421
789.940367
790.499336
790.998703
791.437587
791.815216
792.130926
792.384162
792.574480
792.701544
792.765133
792.765133
792.701544
792.574480
792.384162
792.130926
791.815216
791.437587
790.998703
790.499336
789.940367
789.908344
790.466752
790.965617
791.404059
791.781309
792.096702
792.349683
792.539810
792.666746
792.730271
792.730271
792.666746
792.539810
792.349683
792.096702
791.781309
791.404059
790.965617
790.466752
789.908344
789.876354
790.434201
790.932564
791.370566
791.747436
792.062512
792.315239
792.505174
792.631984
792.695444
792.695444
792.631984
792.505174
792.315239
792.062512
791.747436
791.370566
790.932564
790.434201
789.876354
789.844396
790.401682
790.899544
791.337106
791.713597
792.028357
792.280830
792.470574
792.597256
792.660652
792.660652
792.597256
792.470574
792.280830
792.028357
791.713597
791.337106
790.899544
790.401682
789.844396
789.812470
790.369196
790.866558
791.303680
791.679793
791.994236
792.246456
792.436009
792.562563
792.625896
792.625896
792.562563
792.436009
792.246456
791.994236
791.679793
791.303680
790.866558
790.369196
789.812470
789.780576
790.336743
790.833605
791.270288
791.646023
791.960150
792.212116
792.401479
792.527906
792.591175
792.591175
792.527906
792.401479
792.212116
791.960150
791.646023
791.270288
790.833605
790.336743
789.780576
789.748715
790.304323
790.800685
791.236929
791.612287
791.926098
792.177811
792.366983
792.493283
792.556489
792.556489
792.493283
792.366983
792.177811
791.926098
791.612287
791.236929
790.800685
790.304323
789.748715
789.716885
790.271935
790.767799
791.203604
791.578585
791.892080
792.143540
792.332523
792.458696
792.521838
792.521838
792.458696
792.332523
792.143540
791.892080
791.578585
791.203604
790.767799
790.271935
789.716885
789.685087
790.239580
790.734946
791.170313
791.544917
791.858097
792.109305
792.298097
792.424143
792.487222
792.487222
792.424143
792.298097
792.109305
791.858097
791.544917
791.170313
790.734946
790.239580
789.685087
789.653322
790.207257
790.702125
791.137056
791.511283
791.824149
792.075104
792.263706
792.389626
792.452641
792.452641
792.389626
792.263706
792.075104
791.824149
791.511283
791.137056
790.702125
790.207257
789.653322
789.621588
790.174967
790.669338
791.103832
791.477683
791.790234
792.040937
792.229350
792.355143
792.418095
792.418095
792.355143
792.229350
792.040937
791.790234
791.477683
791.103832
790.669338
790.174967
789.621588
789.589887
790.142710
790.636584
791.070641
791.444117
791.756354
792.006805
792.195029
792.320696
792.383584
792.383584
792.320696
792.195029
792.006805
791.756354
791.444117
791.070641
790.636584
790.142710
789.589887
789.558217
790.110485
790.603863
791.037484
791.410584
791.722508
791.972708
792.160742
792.286283
792.349108
792.349108
792.286283
792.160742
791.972708
791.722508
791.410584
791.037484
790.603863
790.110485
789.558217
789.526579
790.078292
790.571175
791.004360
791.377086
791.688697
791.938644
792.126490
792.251905
792.314667
792.314667
792.251905
792.126490
791.938644
791.688697
791.377086
791.004360
790.571175
790.078292
789.526579
789.494973
790.046132
790.538520
790.971270
791.343622
791.654919
791.904616
792.092273
792.217561
792.280261
792.280261
792.217561
792.092273
791.904616
791.654919
791.343622
790.971270
790.538520
790.046132
789.494973
789.463398
790.014004
790.505898
790.938214
791.310191
791.621176
791.870622
792.058090
792.183253
792.245889
792.245889
792.183253
792.058090
791.870622
791.621176
791.310191
790.938214
790.505898
790.014004
789.463398
789.431856
789.981909
790.473309
790.905190
791.276794
791.587466
791.836662
792.023942
792.148979
792.211552
792.211552
792.148979
792.023942
791.836662
791.587466
791.276794
790.905190
790.473309
789.981909
789.431856
789.400345
789.949846
790.440752
790.872200
791.243430
791.553791
791.802736
791.989828
792.114740
792.177250
792.177250
792.114740
791.989828
791.802736
791.553791
791.243430
790.872200
790.440752
789.949846
789.400345
789.368866
789.917815
790.408228
790.839243
791.210101
791.520150
791.768845
791.955749
792.080535
792.142982
792.142982
792.080535
791.955749
791.768845
791.520150
791.210101
790.839243
790.408228
789.917815
789.368866
789.337418
789.885816
790.375738
790.806319
791.176805
791.486542
791.734988
791.921704
792.046365
792.108750
792.108750
792.046365
791.921704
791.734988
791.486542
791.176805
790.806319
790.375738
789.885816
789.337418
789.306002
789.853850
790.343279
790.773429
791.143542
791.452969
791.701165
791.887694
792.012229
792.074551
792.074551
792.012229
791.887694
791.701165
791.452969
791.143542
790.773429
790.343279
789.853850
789.306002
789.274618
789.821916
790.310854
790.740572
791.110313
791.419429
791.667376
791.853718
791.978128
792.040388
792.040388
791.978128
791.853718
791.667376
791.419429
791.110313
790.740572
790.310854
789.821916
789.274618
789.243265
789.790014
790.278461
790.707748
791.077118
791.385924
791.633621
791.819776
791.944061
792.006259
792.006259
791.944061
791.819776
791.633621
791.385924
791.077118
790.707748
790.278461
789.790014
789.243265
789.211944
789.758144
790.246101
790.674956
791.043956
791.352452
791.599901
791.785869
791.910029
791.972164
791.972164
791.910029
791.785869
791.599901
791.352452
791.043956
790.674956
790.246101
789.758144
789.211944
789.180654
789.726306
790.213773
790.642198
791.010828
791.319014
791.566214
791.751996
791.876031
791.938104
791.938104
791.876031
791.751996
791.566214
791.319014
791.010828
790.642198
790.213773
789.726306
789.180654
789.149396
789.694500
790.181478
790.609473
790.977733
791.285609
791.532562
791.718157
791.842068
791.904078
791.904078
791.842068
791.718157
791.532562
791.285609
790.977733
790.609473
790.181478
789.694500
789.149396
789.118169
789.662727
790.149216
790.576781
790.944671
791.252239
791.498943
791.684352
791.808139
791.870086
791.870086
791.808139
791.684352
791.498943
791.252239
790.944671
790.576781
790.149216
789.662727
789.118169
789.086974
789.630985
790.116986
790.544122
790.911643
791.218902
791.465359
791.650581
791.774244
791.836129
791.836129
791.774244
791.650581
791.465359
791.218902
790.911643
790.544122
790.116986
789.630985
789.086974
789.055810
789.599275
790.084788
790.511496
790.878648
791.185598
791.431808
791.616845
791.740383
791.802206
791.802206
791.740383
791.616845
791.431808
791.185598
790.878648
790.511496
790.084788
789.599275
789.055810
789.024677
789.567597
790.052623
790.478903
790.845686
791.152329
791.398291
791.583142
791.706557
791.768318
791.768318
791.706557
791.583142
791.398291
791.152329
790.845686
790.478903
790.052623
789.567597
789.024677
788.993575
789.535951
790.020490
790.446343
790.812758
791.119093
791.364808
791.549474
791.672764
791.734464
791.734464
791.672764
791.549474
791.364808
791.119093
790.812758
790.446343
790.020490
789.535951
788.993575
788.962505
789.504336
789.988390
790.413815
790.779863
791.085890
791.331359
791.515839
791.639006
791.700644
791.700644
791.639006
791.515839
791.331359
791.085890
790.779863
790.413815
789.988390
789.504336
788.962505
788.931466
789.472754
789.956322
790.381320
790.747001
791.052721
791.297944
791.482239
791.605282
791.666858
791.666858
791.605282
791.482239
791.297944
791.052721
790.747001
790.381320
789.956322
789.472754
788.931466
788.900458
789.441203
789.924286
790.348858
790.714172
791.019585
791.264562
791.448672
791.571592
791.633106
791.633106
791.571592
791.448672
791.264562
791.019585
790.714172
790.348858
789.924286
789.441203
788.900458
788.869481
789.409684
789.892283
790.316428
790.681376
790.986483
791.231214
791.415139
791.537936
791.599388
791.599388
791.537936
791.415139
791.231214
790.986483
790.681376
790.316428
789.892283
789.409684
788.869481
788.838536
789.378197
789.860311
790.284032
790.648613
790.953414
791.197900
791.381640
791.504314
791.565704
791.565704
791.504314
791.381640
791.197900
790.953414
790.648613
790.284032
789.860311
789.378197
788.838536
788.807621
789.346741
789.828372
790.251668
790.615883
790.920378
791.164619
791.348175
791.470725
791.532054
791.532054
791.470725
791.348175
791.164619
790.920378
790.615883
790.251668
789.828372
789.346741
788.807621
788.776737
789.315317
789.796465
790.219336
790.583186
790.887376
791.131372
791.314744
791.437171
791.498439
791.498439
791.437171
791.314744
791.131372
790.887376
790.583186
790.219336
789.796465
789.315317
788.776737
788.745885
789.283924
789.764590
790.187037
790.550522
790.854407
791.098158
791.281346
791.403651
791.464857
791.464857
791.403651
791.281346
791.098158
790.854407
790.550522
790.187037
789.764590
789.283924
788.745885
788.715063
789.252563
789.732747
790.154771
790.517891
790.821472
791.064978
791.247982
791.370164
791.431309
791.431309
791.370164
791.247982
791.064978
790.821472
790.517891
790.154771
789.732747
789.252563
788.715063
788.684273
789.221234
789.700936
790.122537
790.485293
790.788569
791.031831
791.214652
791.336712
791.397795
791.397795
791.336712
791.214652
791.031831
790.788569
790.485293
790.122537
789.700936
789.221234
788.684273
788.653513
789.189936
789.669158
790.090335
790.452728
790.755700
790.998718
791.181356
791.303293
791.364315
791.364315
791.303293
791.181356
790.998718
790.755700
790.452728
790.090335
789.669158
789.189936
788.653513
788.622784
789.158670
789.637411
790.058166
790.420196
790.722864
790.965638
791.148093
791.269907
791.330868
791.330868
791.269907
791.148093
790.965638
790.722864
790.420196
790.058166
789.637411
789.158670
788.622784
788.592087
789.127435
789.605696
790.026029
790.387696
790.690060
790.932591
791.114863
791.236556
791.297455
791.297455
791.236556
791.114863
790.932591
790.690060
790.387696
790.026029
789.605696
789.127435
788.592087
788.561419
789.096231
789.574013
789.993925
790.355229
790.657290
790.899578
791.081667
791.203238
791.264076
791.264076
791.203238
791.081667
790.899578
790.657290
790.355229
789.993925
789.574013
789.096231
788.561419
788.530783
789.065059
789.542362
789.961853
790.322795
790.624553
790.866598
791.048505
791.169953
791.230731
791.230731
791.169953
791.048505
790.866598
790.624553
790.322795
789.961853
789.542362
789.065059
788.530783
788.500177
789.033918
789.510742
789.929813
790.290393
790.591849
790.833652
791.015376
791.136703
791.197419
791.197419
791.136703
791.015376
790.833652
790.591849
790.290393
789.929813
789.510742
789.033918
788.500177
788.469603
789.002808
789.479155
789.897806
790.258025
790.559178
790.800738
790.982280
791.103485
791.164141
791.164141
791.103485
790.982280
790.800738
790.559178
790.258025
789.897806
789.479155
789.002808
788.469603
788.439058
788.971730
789.447599
789.865831
790.225688
790.526540
790.767858
790.949218
791.070302
791.130897
791.130897
791.070302
790.949218
790.767858
790.526540
790.225688
789.865831
789.447599
788.971730
788.439058
788.408545
788.940682
789.416075
789.833887
790.193384
790.493935
790.735011
790.916189
791.037151
791.097686
791.097686
791.037151
790.916189
790.735011
790.493935
790.193384
789.833887
789.416075
788.940682
788.408545
788.378062
788.909666
789.384583
789.801976
790.161113
790.461362
790.702197
790.883193
791.004034
791.064508
791.064508
791.004034
790.883193
790.702197
790.461362
790.161113
789.801976
789.384583
788.909666
788.378062
788.347610
788.878681
789.353122
789.770098
790.128875
790.428823
790.669416
790.850231
790.970951
791.031364
791.031364
790.970951
790.850231
790.669416
790.428823
790.128875
789.770098
789.353122
788.878681
788.347610
788.317188
788.847728
789.321693
789.738251
790.096668
790.396316
790.636668
790.817302
790.937901
790.998253
790.998253
790.937901
790.817302
790.636668
790.396316
790.096668
789.738251
789.321693
788.847728
788.317188
788.286797
788.816805
789.290296
789.706436
790.064494
790.363842
790.603953
790.784406
790.904884
790.965176
790.965176
790.904884
790.784406
790.603953
790.363842
790.064494
789.706436
789.290296
788.816805
788.286797
788.256436
788.785914
789.258930
789.674653
790.032353
790.331401
790.571271
790.751543
790.871901
790.932132
790.932132
790.871901
790.751543
790.571271
790.331401
790.032353
789.674653
789.258930
788.785914
788.256436
788.226106
788.755053
789.227596
789.642902
790.000244
790.298992
790.538622
790.718714
790.838950
790.899122
790.899122
790.838950
790.718714
790.538622
790.298992
790.000244
789.642902
789.227596
788.755053
788.226106
788.195806
788.724223
789.196293
789.611184
789.968167
790.266616
790.506006
790.685917
790.806033
790.866144
790.866144
790.806033
790.685917
790.506006
790.266616
789.968167
789.611184
789.196293
788.724223
788.195806
788.165536
788.693425
789.165021
789.579497
789.936123
790.234272
790.473423
790.653153
790.773150
790.833200
790.833200
790.773150
790.653153
790.473423
790.234272
789.936123
789.579497
789.165021
788.693425
788.165536
788.135297
788.662657
789.133781
789.547842
789.904110
790.201961
790.440872
790.620423
790.740299
790.800289
790.800289
790.740299
790.620423
790.440872
790.201961
789.904110
789.547842
789.133781
788.662657
788.135297
788.105088
788.631920
789.102573
789.516218
789.872130
790.169683
790.408354
790.587725
790.707481
790.767412
790.767412
790.707481
790.587725
790.408354
790.169683
789.872130
789.516218
789.102573
788.631920
788.105088
788.074910
788.601214
789.071395
789.484627
789.840182
790.137437
790.375870
790.555061
790.674697
790.734567
790.734567
790.674697
790.555061
790.375870
790.137437
789.840182
789.484627
789.071395
788.601214
788.074910
788.044762
788.570539
789.040250
789.453067
789.808267
790.105224
790.343417
790.522429
790.641945
790.701756
790.701756
790.641945
790.522429
790.343417
790.105224
789.808267
789.453067
789.040250
788.570539
788.044762
788.014644
788.539895
789.009135
789.421539
789.776383
790.073043
790.310998
790.489830
790.609227
790.668977
790.668977
790.609227
790.489830
790.310998
790.073043
789.776383
789.421539
789.009135
788.539895
788.014644
787.984556
788.509281
788.978052
789.390043
789.744531
790.040894
790.278611
790.457264
790.576541
790.636232
790.636232
790.576541
790.457264
790.278611
790.040894
789.744531
789.390043
788.978052
788.509281
787.984556
787.954498
788.478698
788.946999
789.358578
789.712712
790.008778
790.246257
790.424731
790.543889
790.603520
790.603520
790.543889
790.424731
790.246257
790.008778
789.712712
789.358578
788.946999
788.478698
787.954498
787.924470
788.448146
788.915979
789.327146
789.680924
789.976694
790.213935
790.392231
790.511269
790.570840
790.570840
790.511269
790.392231
790.213935
789.976694
789.680924
789.327146
788.915979
788.448146
787.924470
787.894473
788.417624
788.884989
789.295744
789.649169
789.944642
790.181646
790.359763
790.478682
790.538194
790.538194
790.478682
790.359763
790.181646
789.944642
789.649169
789.295744
788.884989
788.417624
787.894473
787.864506
788.387134
788.854030
789.264374
789.617445
789.912623
790.149389
790.327328
790.446128
790.505580
790.505580
790.446128
790.327328
790.149389
789.912623
789.617445
789.264374
788.854030
788.387134
787.864506
787.834568
788.356673
788.823103
789.233036
789.585754
789.880636
790.117165
790.294926
790.413607
790.472999
790.472999
790.413607
790.294926
790.117165
789.880636
789.585754
789.233036
788.823103
788.356673
787.834568
787.804661
788.326244
788.792206
789.201729
789.554094
789.848681
790.084973
790.262556
790.381118
790.440451
790.440451
790.381118
790.262556
790.084973
789.848681
789.554094
789.201729
788.792206
788.326244
787.804661
787.774784
788.295844
788.761341
789.170454
789.522466
789.816758
790.052814
790.230219
790.348663
790.407936
790.407936
790.348663
790.230219
790.052814
789.816758
789.522466
789.170454
788.761341
788.295844
787.774784
787.744936
788.265476
788.730506
789.139210
789.490870
789.784867
790.020687
790.197915
790.316239
790.375454
790.375454
790.316239
790.197915
790.020687
789.784867
789.490870
789.139210
788.730506
788.265476
787.744936
787.715119
788.235137
788.699702
789.107998
789.459305
789.753009
789.988592
790.165643
790.283849
790.343004
790.343004
790.283849
790.165643
789.988592
789.753009
789.459305
789.107998
788.699702
788.235137
787.715119
787.685331
788.204829
788.668930
789.076816
789.427773
789.721182
789.956530
790.133403
790.251491
790.310587
790.310587
790.251491
790.133403
789.956530
789.721182
789.427773
789.076816
788.668930
788.204829
787.685331
787.655573
788.174552
788.638188
789.045667
789.396272
789.689388
789.924500
790.101196
790.219166
790.278203
790.278203
790.219166
790.101196
789.924500
789.689388
789.396272
789.045667
788.638188
788.174552
787.655573
787.625845
788.144305
788.607477
789.014548
789.364802
789.657625
789.892502
790.069021
790.186873
790.245851
790.245851
790.186873
790.069021
789.892502
789.657625
789.364802
789.014548
788.607477
788.144305
787.625845
787.596147
788.114088
788.576797
788.983461
789.333365
789.625894
789.860536
790.036879
790.154613
790.213532
790.213532
790.154613
790.036879
789.860536
789.625894
789.333365
788.983461
788.576797
788.114088
787.596147
787.566479
788.083902
788.546148
788.952405
789.301959
789.594196
789.828603
790.004769
790.122385
790.181245
790.181245
790.122385
790.004769
789.828603
789.594196
789.301959
788.952405
788.546148
788.083902
787.566479
787.536840
788.053746
788.515529
788.921380
789.270584
789.562529
789.796702
789.972692
790.090190
790.148991
790.148991
790.090190
789.972692
789.796702
789.562529
789.270584
788.921380
788.515529
788.053746
787.536840
787.507231
788.023620
788.484942
788.890386
789.239241
789.530894
789.764832
789.940646
790.058027
790.116769
790.116769
790.058027
789.940646
789.764832
789.530894
789.239241
788.890386
788.484942
788.023620
787.507231
787.477652
787.993524
788.454385
788.859424
789.207930
789.499291
789.732995
789.908633
790.025897
790.084580
790.084580
790.025897
789.908633
789.732995
789.499291
789.207930
788.859424
788.454385
787.993524
787.477652
787.448102
787.963458
788.423858
788.828492
789.176650
789.467719
789.701190
789.876652
789.993798
790.052423
790.052423
789.993798
789.876652
789.701190
789.467719
789.176650
788.828492
788.423858
787.963458
787.448102
787.418582
787.933423
788.393362
788.797592
789.145401
789.436179
789.669417
789.844704
789.961732
790.020298
790.020298
789.961732
789.844704
789.669417
789.436179
789.145401
788.797592
788.393362
787.933423
787.418582
787.389091
787.903418
788.362897
788.766722
789.114184
789.404671
789.637675
789.812787
789.929699
789.988206
789.988206
789.929699
789.812787
789.637675
789.404671
789.114184
788.766722
788.362897
787.903418
787.389091
787.359630
787.873442
788.332463
788.735884
789.082998
789.373195
789.605966
789.780902
789.897697
789.956146
789.956146
789.897697
789.780902
789.605966
789.373195
789.082998
788.735884
788.332463
787.873442
787.359630
787.330198
787.843497
788.302058
788.705077
789.051843
789.341750
789.574289
789.749050
789.865728
789.924119
789.924119
789.865728
789.749050
789.574289
789.341750
789.051843
788.705077
788.302058
787.843497
787.330198
787.300796
787.813582
788.271685
788.674300
789.020720
789.310337
789.542643
789.717230
789.833791
789.892123
789.892123
789.833791
789.717230
789.542643
789.310337
789.020720
788.674300
788.271685
787.813582
787.300796
787.271424
787.783697
788.241342
788.643554
788.989628
789.278956
789.511029
789.685441
789.801886
789.860160
789.860160
789.801886
789.685441
789.511029
789.278956
788.989628
788.643554
788.241342
787.783697
787.271424
787.242080
787.753841
788.211029
788.612840
788.958568
789.247606
789.479447
789.653685
789.770013
789.828229
789.828229
789.770013
789.653685
789.479447
789.247606
788.958568
788.612840
788.211029
787.753841
787.242080
787.212766
787.724016
788.180747
788.582156
788.927538
789.216287
789.447897
789.621960
789.738173
789.796330
789.796330
789.738173
789.621960
789.447897
789.216287
788.927538
788.582156
788.180747
787.724016
787.212766
787.183482
787.694221
788.150495
788.551503
788.896540
789.185000
789.416378
789.590268
789.706364
789.764463
789.764463
789.706364
789.590268
789.416378
789.185000
788.896540
788.551503
788.150495
787.694221
787.183482
787.154227
787.664455
788.120273
788.520880
788.865572
789.153745
789.384891
789.558607
789.674587
789.732628
789.732628
789.674587
789.558607
789.384891
789.153745
788.865572
788.520880
788.120273
787.664455
787.154227
787.125001
787.634719
788.090082
788.490288
788.834636
789.122520
789.353436
789.526978
789.642842
789.700825
789.700825
789.642842
789.526978
789.353436
789.122520
788.834636
788.490288
788.090082
787.634719
787.125001
787.095804
787.605013
788.059921
788.459728
788.803731
789.091328
789.322013
789.495381
789.611129
789.669054
789.669054
789.611129
789.495381
789.322013
789.091328
788.803731
788.459728
788.059921
787.605013
787.095804
787.066636
787.575337
788.029790
788.429197
788.772857
789.060166
789.290620
789.463816
789.579448
789.637315
789.637315
789.579448
789.463816
789.290620
789.060166
788.772857
788.429197
788.029790
787.575337
787.066636
787.037498
787.545690
787.999689
788.398698
788.742014
789.029036
789.259260
789.432282
789.547799
789.605608
789.605608
789.547799
789.432282
789.259260
789.029036
788.742014
788.398698
787.999689
787.545690
787.037498
787.008389
787.516074
787.969619
788.368228
788.711202
788.997937
789.227931
789.400780
789.516182
789.573933
789.573933
789.516182
789.400780
789.227931
788.997937
788.711202
788.368228
787.969619
787.516074
787.008389
786.979309
787.486486
787.939579
788.337790
788.680421
788.966869
789.196633
789.369310
789.484596
789.542290
789.542290
789.484596
789.369310
789.196633
788.966869
788.680421
788.337790
787.939579
787.486486
786.979309
786.950258
787.456929
787.909569
788.307382
788.649670
788.935833
789.165367
789.337871
789.453042
789.510678
789.510678
789.453042
789.337871
789.165367
788.935833
788.649670
788.307382
787.909569
787.456929
786.950258
786.921236
787.427401
787.879589
788.277004
788.618951
788.904827
789.134133
789.306464
789.421520
789.479099
789.479099
789.421520
789.306464
789.134133
788.904827
788.618951
788.277004
787.879589
787.427401
786.921236
786.892243
787.397902
787.849638
788.246657
788.588262
788.873853
789.102929
789.275089
789.390030
789.447551
789.447551
789.390030
789.275089
789.102929
788.873853
788.588262
788.246657
787.849638
787.397902
786.892243
786.863279
787.368434
787.819718
788.216341
788.557604
788.842910
789.071757
789.243745
789.358571
789.416034
789.416034
789.358571
789.243745
789.071757
788.842910
788.557604
788.216341
787.819718
787.368434
786.863279
786.834344
787.338994
787.789828
788.186055
788.526977
788.811998
789.040617
789.212432
789.327144
789.384550
789.384550
789.327144
789.212432
789.040617
788.811998
788.526977
788.186055
787.789828
787.338994
786.834344
786.805438
787.309584
787.759968
788.155799
788.496381
788.781117
789.009507
789.181151
789.295748
789.353097
789.353097
789.295748
789.181151
789.009507
788.781117
788.496381
788.155799
787.759968
787.309584
786.805438
786.776561
787.280204
787.730138
788.125573
788.465815
788.750267
788.978429
789.149902
789.264384
789.321676
789.321676
789.264384
789.149902
788.978429
788.750267
788.465815
788.125573
787.730138
787.280204
786.776561
786.747713
787.250853
787.700338
788.095378
788.435280
788.719448
788.947382
789.118684
789.233052
789.290286
789.290286
789.233052
789.118684
788.947382
788.719448
788.435280
788.095378
787.700338
787.250853
786.747713
786.718894
787.221531
787.670567
788.065213
788.404776
788.688660
788.916367
789.087497
789.201751
789.258928
789.258928
789.201751
789.087497
788.916367
788.688660
788.404776
788.065213
787.670567
787.221531
786.718894
786.690103
787.192239
787.640827
788.035079
788.374302
788.657903
788.885382
789.056341
789.170481
789.227601
789.227601
789.170481
789.056341
788.885382
788.657903
788.374302
788.035079
787.640827
787.192239
786.690103
786.661341
787.162976
787.611116
788.004974
788.343859
788.627176
788.854428
789.025217
789.139243
789.196306
789.196306
789.139243
789.025217
788.854428
788.627176
788.343859
788.004974
787.611116
787.162976
786.661341
786.632608
787.133742
787.581435
787.974900
788.313447
788.596481
788.823506
788.994124
789.108036
789.165042
789.165042
789.108036
788.994124
788.823506
788.596481
788.313447
787.974900
787.581435
787.133742
786.632608
786.603904
787.104538
787.551783
787.944856
788.283064
788.565816
788.792615
788.963062
789.076860
789.133809
789.133809
789.076860
788.963062
788.792615
788.565816
788.283064
787.944856
787.551783
787.104538
786.603904
786.575228
787.075362
787.522162
787.914842
788.252713
788.535182
788.761754
788.932032
789.045716
789.102608
789.102608
789.045716
788.932032
788.761754
788.535182
788.252713
787.914842
787.522162
787.075362
786.575228
786.546582
787.046216
787.492570
787.884858
788.222392
788.504579
788.730925
788.901032
789.014603
789.071439
789.071439
789.014603
788.901032
788.730925
788.504579
788.222392
787.884858
787.492570
787.046216
786.546582
786.517963
787.017100
787.463008
787.854904
788.192101
788.474006
788.700126
788.870064
788.983522
789.040300
789.040300
788.983522
788.870064
788.700126
788.474006
788.192101
787.854904
787.463008
787.017100
786.517963
786.489374
786.988012
787.433475
787.824980
788.161840
788.443465
788.669359
788.839127
788.952471
789.009193
789.009193
788.952471
788.839127
788.669359
788.443465
788.161840
787.824980
787.433475
786.988012
786.489374
786.460812
786.958953
787.403972
787.795086
788.131610
788.412953
788.638622
788.808221
788.921452
788.978117
788.978117
788.921452
788.808221
788.638622
788.412953
788.131610
787.795086
787.403972
786.958953
786.460812
786.432280
786.929924
787.374498
787.765222
788.101410
788.382473
788.607916
788.777346
788.890464
788.947072
788.947072
788.890464
788.777346
788.607916
788.382473
788.101410
787.765222
787.374498
786.929924
786.432280
786.403776
786.900923
787.345054
787.735388
788.071241
788.352023
788.577241
788.746501
788.859507
788.916059
788.916059
788.859507
788.746501
788.577241
788.352023
788.071241
787.735388
787.345054
786.900923
786.403776
786.375300
786.871951
787.315639
787.705584
788.041102
788.321603
788.546597
788.715688
788.828581
788.885076
788.885076
788.828581
788.715688
788.546597
788.321603
788.041102
787.705584
787.315639
786.871951
786.375300
786.346853
786.843009
787.286254
787.675810
788.010992
788.291214
788.515983
788.684906
788.797686
788.854125
788.854125
788.797686
788.684906
788.515983
788.291214
788.010992
787.675810
787.286254
786.843009
786.346853
786.318434
786.814095
787.256898
787.646065
787.980914
788.260856
788.485401
788.654155
788.766822
788.823205
788.823205
788.766822
788.654155
788.485401
788.260856
787.980914
787.646065
787.256898
786.814095
786.318434
786.290044
786.785211
787.227572
787.616351
787.950865
788.230528
788.454849
788.623434
788.735989
788.792316
788.792316
788.735989
788.623434
788.454849
788.230528
787.950865
787.616351
787.227572
786.785211
786.290044
786.261682
786.756355
787.198275
787.586666
787.920846
788.200230
788.424327
788.592744
788.705187
788.761457
788.761457
788.705187
788.592744
788.424327
788.200230
787.920846
787.586666
787.198275
786.756355
786.261682
786.233349
786.727528
787.169007
787.557010
787.890858
788.169963
788.393836
788.562086
788.674416
788.730630
788.730630
788.674416
788.562086
788.393836
788.169963
787.890858
787.557010
787.169007
786.727528
786.233349
786.205043
786.698730
787.139768
787.527385
787.860899
788.139726
788.363376
788.531457
788.643676
788.699834
788.699834
788.643676
788.531457
788.363376
788.139726
787.860899
787.527385
787.139768
786.698730
786.205043
786.176766
786.669960
787.110559
787.497789
787.830971
788.109519
788.332946
788.500860
788.612966
788.669069
788.669069
788.612966
788.500860
788.332946
788.109519
787.830971
787.497789
787.110559
786.669960
786.176766
786.148517
786.641220
787.081379
787.468223
787.801072
788.079343
788.302547
788.470293
788.582288
788.638334
788.638334
788.582288
788.470293
788.302547
788.079343
787.801072
787.468223
787.081379
786.641220
786.148517
786.120297
786.612508
787.052228
787.438686
787.771204
788.049197
788.272178
788.439757
788.551640
788.607630
788.607630
788.551640
788.439757
788.272178
788.049197
787.771204
787.438686
787.052228
786.612508
786.120297
786.092104
786.583825
787.023107
787.409179
787.741365
788.019081
788.241840
788.409252
788.521023
788.576957
788.576957
788.521023
788.409252
788.241840
788.019081
787.741365
787.409179
787.023107
786.583825
786.092104
786.063940
786.555170
786.994014
787.379702
787.711556
787.988995
788.211532
788.378777
788.490437
788.546315
788.546315
788.490437
788.378777
788.211532
787.988995
787.711556
787.379702
786.994014
786.555170
786.063940
786.035804
786.526544
786.964951
787.350254
787.681777
787.958939
788.181254
788.348333
788.459881
788.515704
788.515704
788.459881
788.348333
788.181254
787.958939
787.681777
787.350254
786.964951
786.526544
786.035804
786.007696
786.497947
786.935916
787.320835
787.652028
787.928914
788.151007
788.317919
788.429356
788.485123
788.485123
788.429356
788.317919
788.151007
787.928914
787.652028
787.320835
786.935916
786.497947
786.007696
785.979616
786.469378
786.906911
787.291446
787.622309
787.898919
788.120791
788.287536
788.398861
788.454573
788.454573
788.398861
788.287536
788.120791
787.898919
787.622309
787.291446
786.906911
786.469378
785.979616
785.951564
786.440838
786.877935
787.262087
787.592619
787.868953
788.090604
788.257183
788.368398
788.424054
788.424054
788.368398
788.257183
788.090604
787.868953
787.592619
787.262087
786.877935
786.440838
785.951564
785.923540
786.412326
786.848987
787.232756
787.562960
787.839018
788.060448
788.226860
788.337964
788.393565
788.393565
788.337964
788.226860
788.060448
787.839018
787.562960
787.232756
786.848987
786.412326
785.923540
785.895544
786.383843
786.820069
787.203455
787.533330
787.809113
788.030322
788.196568
788.307562
788.363107
788.363107
788.307562
788.196568
788.030322
787.809113
787.533330
787.203455
786.820069
786.383843
785.895544
785.867576
786.355389
786.791180
787.174184
787.503729
787.779237
788.000226
788.166307
788.277189
788.332679
788.332679
788.277189
788.166307
788.000226
787.779237
787.503729
787.174184
786.791180
786.355389
785.867576
785.839636
786.326962
786.762319
787.144942
787.474158
787.749392
787.970160
788.136076
788.246848
788.302282
788.302282
788.246848
788.136076
787.970160
787.749392
787.474158
787.144942
786.762319
786.326962
785.839636
785.811723
786.298564
786.733487
787.115728
787.444617
787.719577
787.940125
788.105875
788.216536
788.271915
788.271915
788.216536
788.105875
787.940125
787.719577
787.444617
787.115728
786.733487
786.298564
785.811723
785.783839
786.270195
786.704684
787.086545
787.415106
787.689791
787.910119
788.075704
788.186255
788.241579
788.241579
788.186255
788.075704
787.910119
787.689791
787.415106
787.086545
786.704684
786.270195
785.783839
785.755982
786.241854
786.675910
787.057390
787.385623
787.660035
787.880144
788.045563
788.156004
788.211273
788.211273
788.156004
788.045563
787.880144
787.660035
787.385623
787.057390
786.675910
786.241854
785.755982
785.728154
786.213541
786.647165
787.028265
787.356171
787.630309
787.850198
788.015453
788.125784
788.180998
788.180998
788.125784
788.015453
787.850198
787.630309
787.356171
787.028265
786.647165
786.213541
785.728154
785.700353
786.185256
786.618448
786.999168
787.326748
787.600613
787.820283
787.985373
788.095594
788.150753
788.150753
788.095594
787.985373
787.820283
787.600613
787.326748
786.999168
786.618448
786.185256
785.700353
785.672579
786.157000
786.589760
786.970101
787.297354
787.570946
787.790397
787.955323
788.065434
788.120538
788.120538
788.065434
787.955323
787.790397
787.570946
787.297354
786.970101
786.589760
786.157000
785.672579
785.644834
786.128772
786.561101
786.941063
787.267990
787.541309
787.760542
787.925303
788.035305
788.090354
788.090354
788.035305
787.925303
787.760542
787.541309
787.267990
786.941063
786.561101
786.128772
785.644834
785.617116
786.100572
786.532471
786.912054
787.238655
787.511702
787.730716
787.895313
788.005205
788.060199
788.060199
788.005205
787.895313
787.730716
787.511702
787.238655
786.912054
786.532471
786.100572
785.617116
785.589426
786.072400
786.503869
786.883074
787.209350
787.482125
787.700921
787.865354
787.975136
788.030075
788.030075
787.975136
787.865354
787.700921
787.482125
787.209350
786.883074
786.503869
786.072400
785.589426
785.561763
786.044257
786.475295
786.854122
787.180074
787.452577
787.671155
787.835424
787.945097
787.999982
787.999982
787.945097
787.835424
787.671155
787.452577
787.180074
786.854122
786.475295
786.044257
785.561763
785.534128
786.016141
786.446750
786.825200
787.150827
787.423058
787.641419
787.805524
787.915088
787.969918
787.969918
787.915088
787.805524
787.641419
787.423058
787.150827
786.825200
786.446750
786.016141
785.534128
785.506520
785.988054
786.418234
786.796307
787.121609
787.393570
787.611712
787.775655
787.885109
787.939884
787.939884
787.885109
787.775655
787.611712
787.393570
787.121609
786.796307
786.418234
785.988054
785.506520
785.478940
785.959994
786.389746
786.767443
787.092421
787.364110
787.582036
787.745815
787.855160
787.909881
787.909881
787.855160
787.745815
787.582036
787.364110
787.092421
786.767443
786.389746
785.959994
785.478940
785.451388
785.931963
786.361287
786.738607
787.063262
787.334681
787.552389
787.716005
787.825241
787.879908
787.879908
787.825241
787.716005
787.552389
787.334681
787.063262
786.738607
786.361287
785.931963
785.451388
785.423863
785.903959
786.332856
786.709800
787.034131
787.305280
787.522772
787.686225
787.795352
787.849964
787.849964
787.795352
787.686225
787.522772
787.305280
787.034131
786.709800
786.332856
785.903959
785.423863
785.396366
785.875984
786.304453
786.681023
787.005031
787.275909
787.493184
787.656474
787.765493
787.820051
787.820051
787.765493
787.656474
787.493184
787.275909
787.005031
786.681023
786.304453
785.875984
785.396366
785.368895
785.848036
786.276079
786.652273
786.975959
787.246568
787.463626
787.626754
787.735664
787.790167
787.790167
787.735664
787.626754
787.463626
787.246568
786.975959
786.652273
786.276079
785.848036
785.368895
785.341453
785.820116
786.247733
786.623553
786.946916
787.217256
787.434098
787.597063
787.705865
787.760314
787.760314
787.705865
787.597063
787.434098
787.217256
786.946916
786.623553
786.247733
785.820116
785.341453
785.314037
785.792225
786.219416
786.594861
786.917902
787.187973
787.404599
787.567402
787.676096
787.730490
787.730490
787.676096
787.567402
787.404599
787.187973
786.917902
786.594861
786.219416
785.792225
785.314037
785.286649
785.764361
786.191127
786.566198
786.888918
787.158719
787.375130
787.537771
787.646356
787.700696
787.700696
787.646356
787.537771
787.375130
787.158719
786.888918
786.566198
786.191127
785.764361
785.286649
785.259289
785.736524
786.162866
786.537564
786.859962
787.129495
787.345690
787.508169
787.616646
787.670933
787.670933
787.616646
787.508169
787.345690
787.129495
786.859962
786.537564
786.162866
785.736524
785.259289
785.231955
785.708716
786.134633
786.508958
786.831035
787.100300
787.316280
787.478597
787.586966
787.641198
787.641198
787.586966
787.478597
787.316280
787.100300
786.831035
786.508958
786.134633
785.708716
785.231955
785.204649
785.680935
786.106428
786.480381
786.802138
787.071134
787.286899
787.449054
787.557316
787.611494
787.611494
787.557316
787.449054
787.286899
787.071134
786.802138
786.480381
786.106428
785.680935
785.204649
785.177370
785.653182
786.078252
786.451832
786.773269
787.041998
787.257548
787.419541
787.527695
787.581820
787.581820
787.527695
787.419541
787.257548
787.041998
786.773269
786.451832
786.078252
785.653182
785.177370
785.150118
785.625457
786.050103
786.423312
786.744429
787.012890
787.228226
787.390058
787.498104
787.552175
787.552175
787.498104
787.390058
787.228226
787.012890
786.744429
786.423312
786.050103
785.625457
785.150118
785.122893
785.597759
786.021983
786.394821
786.715618
786.983812
787.198933
787.360604
787.468543
787.522559
787.522559
787.468543
787.360604
787.198933
786.983812
786.715618
786.394821
786.021983
785.597759
785.122893
785.095696
785.570089
785.993891
786.366357
786.686835
786.954762
787.169669
787.331180
787.439011
787.492974
787.492974
787.439011
787.331180
787.169669
786.954762
786.686835
786.366357
785.993891
785.570089
785.095696
785.068525
785.542447
785.965827
786.337923
786.658081
786.925742
787.140435
787.301785
787.409509
787.463418
787.463418
787.409509
787.301785
787.140435
786.925742
786.658081
786.337923
785.965827
785.542447
785.068525
785.041382
785.514832
785.937791
786.309516
786.629357
786.896751
787.111230
787.272419
787.380036
787.433891
787.433891
787.380036
787.272419
787.111230
786.896751
786.629357
786.309516
785.937791
785.514832
785.041382
785.014266
785.487245
785.909783
786.281138
786.600660
786.867788
787.082055
787.243083
787.350593
787.404395
787.404395
787.350593
787.243083
787.082055
786.867788
786.600660
786.281138
785.909783
785.487245
785.014266
784.987176
785.459685
785.881803
786.252789
786.571993
786.838855
787.052908
787.213777
787.321179
787.374927
787.374927
787.321179
787.213777
787.052908
786.838855
786.571993
786.252789
785.881803
785.459685
784.987176
784.960114
785.432153
785.853850
786.224468
786.543354
786.809951
787.023791
787.184499
787.291795
787.345490
787.345490
787.291795
787.184499
787.023791
786.809951
786.543354
786.224468
785.853850
785.432153
784.960114
784.933079
785.404648
785.825926
786.196174
786.514744
786.781075
786.994702
787.155251
787.262440
787.316081
787.316081
787.262440
787.155251
786.994702
786.781075
786.514744
786.196174
785.825926
785.404648
784.933079
784.906070
785.377170
785.798030
786.167910
786.486162
786.752229
786.965643
787.126032
787.233114
787.286702
787.286702
787.233114
787.126032
786.965643
786.752229
786.486162
786.167910
785.798030
785.377170
784.906070
784.879089
785.349720
785.770161
786.139673
786.457609
786.723411
786.936613
787.096842
787.203818
787.257353
787.257353
787.203818
787.096842
786.936613
786.723411
786.457609
786.139673
785.770161
785.349720
784.879089
784.852134
785.322298
785.742320
786.111465
786.429084
786.694622
786.907612
787.067682
787.174551
787.228032
787.228032
787.174551
787.067682
786.907612
786.694622
786.429084
786.111465
785.742320
785.322298
784.852134
784.825206
785.294902
785.714507
786.083285
786.400588
786.665861
786.878640
787.038550
787.145313
787.198742
787.198742
787.145313
787.038550
786.878640
786.665861
786.400588
786.083285
785.714507
785.294902
784.825206
784.798305
785.267534
785.686722
786.055133
786.372120
786.637130
786.849697
787.009448
787.116105
787.169480
787.169480
787.116105
787.009448
786.849697
786.637130
786.372120
786.055133
785.686722
785.267534
784.798305
784.771431
785.240193
785.658964
786.027009
786.343681
786.608427
786.820782
786.980375
787.086926
787.140248
787.140248
787.086926
786.980375
786.820782
786.608427
786.343681
786.027009
785.658964
785.240193
784.771431
784.744584
785.212880
785.631234
785.998913
786.315270
786.579753
786.791897
786.951331
787.057776
787.111045
787.111045
787.057776
786.951331
786.791897
786.579753
786.315270
785.998913
785.631234
785.212880
784.744584
784.717763
785.185594
785.603532
785.970845
786.286888
786.551108
786.763041
786.922316
787.028655
787.081871
787.081871
787.028655
786.922316
786.763041
786.551108
786.286888
785.970845
785.603532
785.185594
784.717763
784.690969
785.158335
785.575857
785.942805
786.258534
786.522491
786.734213
786.893330
786.999563
787.052726
787.052726
786.999563
786.893330
786.734213
786.522491
786.258534
785.942805
785.575857
785.158335
784.690969
784.664201
785.131103
785.548210
785.914793
786.230208
786.493902
786.705414
786.864373
786.970500
787.023611
787.023611
786.970500
786.864373
786.705414
786.493902
786.230208
785.914793
785.548210
785.131103
784.664201
784.637461
785.103898
785.520591
785.886809
786.201911
786.465343
786.676644
786.835445
786.941467
786.994524
786.994524
786.941467
786.835445
786.676644
786.465343
786.201911
785.886809
785.520591
785.103898
784.637461
784.610747
785.076720
785.492999
785.858853
786.173641
786.436812
786.647903
786.806546
786.912462
786.965467
786.965467
786.912462
786.806546
786.647903
786.436812
786.173641
785.858853
785.492999
785.076720
784.610747
784.584059
785.049569
785.465435
785.830925
786.145400
786.408309
786.619190
786.777676
786.883487
786.936439
786.936439
786.883487
786.777676
786.619190
786.408309
786.145400
785.830925
785.465435
785.049569
784.584059
784.557398
785.022446
785.437898
785.803025
786.117187
786.379835
786.590507
786.748834
786.854540
786.907439
786.907439
786.854540
786.748834
786.590507
786.379835
786.117187
785.803025
785.437898
785.022446
784.557398
784.530764
784.995349
785.410388
785.775153
786.089003
786.351389
786.561851
786.720021
786.825622
786.878469
786.878469
786.825622
786.720021
786.561851
786.351389
786.089003
785.775153
785.410388
784.995349
784.530764
784.504156
784.968280
785.382906
785.747308
786.060846
786.322972
786.533225
786.691238
786.796734
786.849528
786.849528
786.796734
786.691238
786.533225
786.322972
786.060846
785.747308
785.382906
784.968280
784.504156
784.477575
784.941237
785.355451
785.719491
786.032718
786.294583
786.504627
786.662483
786.767874
786.820615
786.820615
786.767874
786.662483
786.504627
786.294583
786.032718
785.719491
785.355451
784.941237
784.477575
784.451020
784.914221
785.328024
785.691702
786.004617
786.266222
786.476057
786.633756
786.739043
786.791732
786.791732
786.739043
786.633756
786.476057
786.266222
786.004617
785.691702
785.328024
784.914221
784.451020
784.424491
784.887233
785.300624
785.663941
785.976545
786.237890
786.447517
786.605059
786.710240
786.762877
786.762877
786.710240
786.605059
786.447517
786.237890
785.976545
785.663941
785.300624
784.887233
784.424491
784.397989
784.860271
785.273252
785.636207
785.948501
786.209586
786.419004
786.576390
786.681467
786.734051
786.734051
786.681467
786.576390
786.419004
786.209586
785.948501
785.636207
785.273252
784.860271
784.397989
784.371513
784.833336
785.245906
785.608501
785.920484
786.181310
786.390520
786.547749
786.652722
786.705254
786.705254
786.652722
786.547749
786.390520
786.181310
785.920484
785.608501
785.245906
784.833336
784.371513
784.345064
784.806428
785.218588
785.580823
785.892496
786.153062
786.362065
786.519138
786.624006
786.676486
786.676486
786.624006
786.519138
786.362065
786.153062
785.892496
785.580823
785.218588
784.806428
784.345064
784.318641
784.779546
785.191297
785.553172
785.864536
786.124843
786.333638
786.490555
786.595319
786.647747
786.647747
786.595319
786.490555
786.333638
786.124843
785.864536
785.553172
785.191297
784.779546
784.318641
784.292244
784.752691
785.164034
785.525549
785.836603
786.096652
786.305239
786.462000
786.566660
786.619036
786.619036
786.566660
786.462000
786.305239
786.096652
785.836603
785.525549
785.164034
784.752691
784.292244
784.265873
784.725864
785.136797
785.497953
785.808698
786.068489
786.276869
786.433474
786.538030
786.590354
786.590354
786.538030
786.433474
786.276869
786.068489
785.808698
785.497953
785.136797
784.725864
784.265873
784.239529
784.699062
785.109588
785.470385
785.780822
786.040354
786.248527
786.404977
786.509429
786.561700
786.561700
786.509429
786.404977
786.248527
786.040354
785.780822
785.470385
785.109588
784.699062
784.239529
784.213211
784.672288
785.082405
785.442844
785.752973
786.012247
786.220213
786.376507
786.480856
786.533076
786.533076
786.480856
786.376507
786.220213
786.012247
785.752973
785.442844
785.082405
784.672288
784.213211
784.186919
784.645540
785.055250
785.415331
785.725151
785.984168
786.191928
786.348067
786.452311
786.504479
786.504479
786.452311
786.348067
786.191928
785.984168
785.725151
785.415331
785.055250
784.645540
784.186919
784.160653
784.618819
785.028122
785.387845
785.697358
785.956117
786.163671
786.319655
786.423796
786.475912
786.475912
786.423796
786.319655
786.163671
785.956117
785.697358
785.387845
785.028122
784.618819
784.160653
784.134413
784.592124
785.001021
785.360387
785.669592
785.928095
786.135442
786.291271
786.395308
786.447373
786.447373
786.395308
786.291271
786.135442
785.928095
785.669592
785.360387
785.001021
784.592124
784.134413
784.108199
784.565456
784.973947
785.332956
785.641854
785.900100
786.107241
786.262915
786.366849
786.418862
786.418862
786.366849
786.262915
786.107241
785.900100
785.641854
785.332956
784.973947
784.565456
784.108199
784.082012
784.538814
784.946900
785.305552
785.614144
785.872133
786.079068
786.234588
786.338419
786.390380
786.390380
786.338419
786.234588
786.079068
785.872133
785.614144
785.305552
784.946900
784.538814
784.082012
784.055850
784.512199
784.919879
785.278176
785.586461
785.844194
786.050924
786.206289
786.310017
786.361926
786.361926
786.310017
786.206289
786.050924
785.844194
785.586461
785.278176
784.919879
784.512199
784.055850
784.029715
784.485611
784.892886
785.250827
785.558806
785.816283
786.022807
786.178018
786.281643
786.333501
786.333501
786.281643
786.178018
786.022807
785.816283
785.558806
785.250827
784.892886
784.485611
784.029715
784.003605
784.459049
784.865920
785.223505
785.531178
785.788399
785.994719
786.149776
786.253298
786.305104
786.305104
786.253298
786.149776
785.994719
785.788399
785.531178
785.223505
784.865920
784.459049
784.003605
783.977522
784.432513
784.838980
785.196210
785.503578
785.760544
785.966659
786.121561
786.224981
786.276735
786.276735
786.224981
786.121561
785.966659
785.760544
785.503578
785.196210
784.838980
784.432513
783.977522
783.951464
784.406004
784.812067
785.168943
785.476005
785.732716
785.938626
786.093375
786.196692
786.248395
786.248395
786.196692
786.093375
785.938626
785.732716
785.476005
785.168943
784.812067
784.406004
783.951464
783.925432
784.379521
784.785181
785.141703
785.448460
785.704916
785.910622
786.065217
786.168431
786.220083
786.220083
786.168431
786.065217
785.910622
785.704916
785.448460
785.141703
784.785181
784.379521
783.925432
783.899426
784.353064
784.758322
785.114490
785.420943
785.677144
785.882646
786.037087
786.140199
786.191800
786.191800
786.140199
786.037087
785.882646
785.677144
785.420943
785.114490
784.758322
784.353064
783.899426
783.873446
784.326634
784.731490
785.087304
785.393452
785.649400
785.854697
786.008985
786.111995
786.163544
786.163544
786.111995
786.008985
785.854697
785.649400
785.393452
785.087304
784.731490
784.326634
783.873446
783.847492
784.300230
784.704684
785.060145
785.365990
785.621683
785.826776
785.980912
786.083818
786.135317
786.135317
786.083818
785.980912
785.826776
785.621683
785.365990
785.060145
784.704684
784.300230
783.847492
783.821564
784.273852
784.677905
785.033013
785.338554
785.593994
785.798884
785.952866
786.055670
786.107118
786.107118
786.055670
785.952866
785.798884
785.593994
785.338554
785.033013
784.677905
784.273852
783.821564
783.795661
784.247501
784.651153
785.005908
785.311146
785.566332
785.771019
785.924848
786.027551
786.078947
786.078947
786.027551
785.924848
785.771019
785.566332
785.311146
785.005908
784.651153
784.247501
783.795661
783.769784
784.221176
784.624427
784.978830
785.283765
785.538698
785.743182
785.896858
785.999459
786.050804
786.050804
785.999459
785.896858
785.743182
785.538698
785.283765
784.978830
784.624427
784.221176
783.769784
783.743933
784.194877
784.597728
784.951780
785.256412
785.511092
785.715372
785.868896
785.971395
786.022689
786.022689
785.971395
785.868896
785.715372
785.511092
785.256412
784.951780
784.597728
784.194877
783.743933
783.718107
784.168604
784.571055
784.924756
785.229086
785.483513
785.687590
785.840962
785.943359
785.994603
785.994603
785.943359
785.840962
785.687590
785.483513
785.229086
784.924756
784.571055
784.168604
783.718107
783.692308
784.142357
784.544409
784.897759
785.201787
785.455961
785.659836
785.813056
785.915351
785.966544
785.966544
785.915351
785.813056
785.659836
785.455961
785.201787
784.897759
784.544409
784.142357
783.692308
783.666533
784.116136
784.517789
784.870788
785.174515
785.428437
785.632110
785.785178
785.887372
785.938513
785.938513
785.887372
785.785178
785.632110
785.428437
785.174515
784.870788
784.517789
784.116136
783.666533
783.640785
784.089942
784.491196
784.843845
785.147270
785.400941
785.604411
785.757327
785.859420
785.910511
785.910511
785.859420
785.757327
785.604411
785.400941
785.147270
784.843845
784.491196
784.089942
783.640785
783.615062
784.063773
784.464630
784.816929
785.120053
785.373471
785.576740
785.729504
785.831496
785.882536
785.882536
785.831496
785.729504
785.576740
785.373471
785.120053
784.816929
784.464630
784.063773
783.615062
783.589364
784.037631
784.438090
784.790039
785.092863
785.346030
785.549097
785.701709
785.803599
785.854589
785.854589
785.803599
785.701709
785.549097
785.346030
785.092863
784.790039
784.438090
784.037631
783.589364
783.563692
784.011514
784.411576
784.763176
785.065699
785.318615
785.521481
785.673942
785.775731
785.826670
785.826670
785.775731
785.673942
785.521481
785.318615
785.065699
784.763176
784.411576
784.011514
783.563692
783.538046
783.985423
784.385088
784.736340
785.038563
785.291228
785.493893
785.646202
785.747890
785.798779
785.798779
785.747890
785.646202
785.493893
785.291228
785.038563
784.736340
784.385088
783.985423
783.538046
783.512425
783.959359
784.358627
784.709531
785.011454
785.263868
785.466332
785.618490
785.720077
785.770916
785.770916
785.720077
785.618490
785.466332
785.263868
785.011454
784.709531
784.358627
783.959359
783.512425
783.486829
783.933320
784.332193
784.682748
784.984372
785.236536
785.438798
785.590806
785.692292
785.743080
785.743080
785.692292
785.590806
785.438798
785.236536
784.984372
784.682748
784.332193
783.933320
783.486829
783.461259
783.907307
784.305784
784.655992
784.957316
785.209230
785.411292
785.563149
785.664535
785.715272
785.715272
785.664535
785.563149
785.411292
785.209230
784.957316
784.655992
784.305784
783.907307
783.461259
783.435714
783.881320
784.279402
784.629262
784.930288
785.181952
785.383814
785.535520
785.636805
785.687492
785.687492
785.636805
785.535520
785.383814
785.181952
784.930288
784.629262
784.279402
783.881320
783.435714
783.410195
783.855359
784.253046
784.602560
784.903287
785.154701
785.356363
785.507918
785.609103
785.659740
785.659740
785.609103
785.507918
785.356363
785.154701
784.903287
784.602560
784.253046
783.855359
783.410195
783.384701
783.829424
784.226716
784.575883
784.876312
785.127477
785.328939
785.480344
785.581429
785.632015
785.632015
785.581429
785.480344
785.328939
785.127477
784.876312
784.575883
784.226716
783.829424
783.384701
783.359232
783.803514
784.200413
784.549234
784.849365
785.100281
785.301543
785.452798
785.553782
785.604318
785.604318
785.553782
785.452798
785.301543
785.100281
784.849365
784.549234
784.200413
783.803514
783.359232
783.333789
783.777630
784.174136
784.522610
784.822444
785.073111
785.274173
785.425279
785.526163
785.576649
785.576649
785.526163
785.425279
785.274173
785.073111
784.822444
784.522610
784.174136
783.777630
783.333789
783.308370
783.751772
784.147884
784.496014
784.795550
785.045969
785.246831
785.397787
785.498571
785.549007
785.549007
785.498571
785.397787
785.246831
785.045969
784.795550
784.496014
784.147884
783.751772
783.308370
783.282977
783.725939
784.121659
784.469443
784.768683
785.018853
785.219517
785.370322
785.471006
785.521392
785.521392
785.471006
785.370322
785.219517
785.018853
784.768683
784.469443
784.121659
783.725939
783.282977
783.257610
783.700132
784.095460
784.442899
784.741842
784.991765
785.192229
785.342885
785.443470
785.493806
785.493806
785.443470
785.342885
785.192229
784.991765
784.741842
784.442899
784.095460
783.700132
783.257610
783.232267
783.674351
784.069287
784.416382
784.715028
784.964703
785.164969
785.315476
785.415960
785.466246
785.466246
785.415960
785.315476
785.164969
784.964703
784.715028
784.416382
784.069287
783.674351
783.232267
783.206949
783.648596
784.043140
784.389891
784.688241
784.937668
785.137736
785.288094
785.388478
785.438715
785.438715
785.388478
785.288094
785.137736
784.937668
784.688241
784.389891
784.043140
783.648596
783.206949
783.181657
783.622866
784.017019
784.363426
784.661481
784.910661
785.110530
785.260738
785.361024
785.411210
785.411210
785.361024
785.260738
785.110530
784.910661
784.661481
784.363426
784.017019
783.622866
783.181657
783.156390
783.597161
783.990924
784.336988
784.634747
784.883680
785.083351
785.233411
785.333597
785.383733
785.383733
785.333597
785.233411
785.083351
784.883680
784.634747
784.336988
783.990924
783.597161
783.156390
783.131148
783.571482
783.964855
784.310576
784.608040
784.856726
785.056199
785.206110
785.306197
785.356284
785.356284
785.306197
785.206110
785.056199
784.856726
784.608040
784.310576
783.964855
783.571482
783.131148
783.105931
783.545829
783.938812
784.284190
784.581359
784.829799
785.029074
785.178837
785.278824
785.328861
785.328861
785.278824
785.178837
785.029074
784.829799
784.581359
784.284190
783.938812
783.545829
783.105931
783.080739
783.520201
783.912794
784.257830
784.554705
784.802899
785.001977
785.151590
785.251479
785.301467
785.301467
785.251479
785.151590
785.001977
784.802899
784.554705
784.257830
783.912794
783.520201
783.080739
783.055571
783.494599
783.886803
784.231497
784.528078
784.776025
784.974906
785.124371
785.224161
785.274099
785.274099
785.224161
785.124371
784.974906
784.776025
784.528078
784.231497
783.886803
783.494599
783.055571
783.030429
783.469021
783.860837
784.205190
784.501477
784.749178
784.947862
785.097179
785.196870
785.246759
785.246759
785.196870
785.097179
784.947862
784.749178
784.501477
784.205190
783.860837
783.469021
783.030429
783.005312
783.443470
783.834897
784.178909
784.474902
784.722358
784.920845
785.070015
785.169606
785.219445
785.219445
785.169606
785.070015
784.920845
784.722358
784.474902
784.178909
783.834897
783.443470
783.005312
782.980220
783.417944
783.808983
784.152654
784.448354
784.695565
784.893855
785.042877
785.142370
785.192160
785.192160
785.142370
785.042877
784.893855
784.695565
784.448354
784.152654
783.808983
783.417944
782.980220
782.955152
783.392443
783.783095
784.126425
784.421832
784.668798
784.866892
785.015766
785.115160
785.164901
785.164901
785.115160
785.015766
784.866892
784.668798
784.421832
784.126425
783.783095
783.392443
782.955152
782.930110
783.366967
783.757232
784.100223
784.395337
784.642058
784.839955
784.988682
785.087978
785.137669
785.137669
785.087978
784.988682
784.839955
784.642058
784.395337
784.100223
783.757232
783.366967
782.930110
782.905092
783.341517
783.731395
784.074046
784.368868
784.615345
784.813046
784.961625
785.060823
785.110465
785.110465
785.060823
784.961625
784.813046
784.615345
784.368868
784.074046
783.731395
783.341517
782.905092
782.880099
783.316091
783.705584
784.047895
784.342425
784.588658
784.786163
784.934595
785.033694
785.083287
785.083287
785.033694
784.934595
784.786163
784.588658
784.342425
784.047895
783.705584
783.316091
782.880099
782.855131
783.290692
783.679799
784.021771
784.316009
784.561998
784.759307
784.907592
785.006593
785.056137
785.056137
785.006593
784.907592
784.759307
784.561998
784.316009
784.021771
783.679799
783.290692
782.855131
782.830188
783.265317
783.654039
783.995672
784.289618
784.535364
784.732478
784.880616
784.979519
785.029014
785.029014
784.979519
784.880616
784.732478
784.535364
784.289618
783.995672
783.654039
783.265317
782.830188
782.805269
783.239968
783.628304
783.969599
784.263255
784.508757
784.705676
784.853667
784.952472
785.001918
785.001918
784.952472
784.853667
784.705676
784.508757
784.263255
783.969599
783.628304
783.239968
782.805269
782.780376
783.214643
783.602595
783.943552
784.236917
784.482176
784.678900
784.826744
784.925452
784.974848
784.974848
784.925452
784.826744
784.678900
784.482176
784.236917
783.943552
783.602595
783.214643
782.780376
782.755506
783.189344
783.576912
783.917531
784.210605
784.455621
784.652150
784.799849
784.898458
784.947806
784.947806
784.898458
784.799849
784.652150
784.455621
784.210605
783.917531
783.576912
783.189344
782.755506
782.730662
783.164070
783.551254
783.891536
784.184320
784.429093
784.625428
784.772980
784.871492
784.920790
784.920790
784.871492
784.772980
784.625428
784.429093
784.184320
783.891536
783.551254
783.164070
782.730662
782.705842
783.138821
783.525622
783.865567
784.158061
784.402592
784.598732
784.746138
784.844552
784.893802
784.893802
784.844552
784.746138
784.598732
784.402592
784.158061
783.865567
783.525622
783.138821
782.705842
782.681047
783.113597
783.500015
783.839623
784.131828
784.376117
784.572062
784.719322
784.817639
784.866840
784.866840
784.817639
784.719322
784.572062
784.376117
784.131828
783.839623
783.500015
783.113597
782.681047
782.656276
783.088398
783.474434
783.813706
784.105621
784.349668
784.545419
784.692534
784.790753
784.839905
784.839905
784.790753
784.692534
784.545419
784.349668
784.105621
783.813706
783.474434
783.088398
782.656276
782.631530
783.063224
783.448877
783.787814
784.079440
784.323245
784.518803
784.665772
784.763894
784.812997
784.812997
784.763894
784.665772
784.518803
784.323245
784.079440
783.787814
783.448877
783.063224
782.631530
782.606808
783.038075
783.423347
783.761948
784.053285
784.296849
784.492213
784.639036
784.737061
784.786116
784.786116
784.737061
784.639036
784.492213
784.296849
784.053285
783.761948
783.423347
783.038075
782.606808
782.582111
783.012951
783.397841
783.736107
784.027156
784.270479
784.465650
784.612327
784.710255
784.759262
784.759262
784.710255
784.612327
784.465650
784.270479
784.027156
783.736107
783.397841
783.012951
782.582111
782.557438
782.987852
783.372361
783.710292
784.001053
784.244135
784.439113
784.585645
784.683476
784.732434
784.732434
784.683476
784.585645
784.439113
784.244135
784.001053
783.710292
783.372361
782.987852
782.557438
782.532790
782.962778
783.346907
783.684503
783.974976
784.217817
784.412602
784.558989
784.656723
784.705633
784.705633
784.656723
784.558989
784.412602
784.217817
783.974976
783.684503
783.346907
782.962778
782.532790
782.508166
782.937729
783.321477
783.658739
783.948925
784.191526
784.386118
784.532360
784.629997
784.678858
784.678858
784.629997
784.532360
784.386118
784.191526
783.948925
783.658739
783.321477
782.937729
782.508166
782.483567
782.912704
783.296073
783.633001
783.922900
784.165260
784.359660
784.505757
784.603298
784.652111
784.652111
784.603298
784.505757
784.359660
784.165260
783.922900
783.633001
783.296073
782.912704
782.483567
782.458992
782.887705
783.270694
783.607289
783.896900
784.139021
784.333228
784.479181
784.576625
784.625390
784.625390
784.576625
784.479181
784.333228
784.139021
783.896900
783.607289
783.270694
782.887705
782.458992
782.434441
782.862730
783.245340
783.581602
783.870927
784.112808
784.306823
784.452631
784.549979
784.598695
784.598695
784.549979
784.452631
784.306823
784.112808
783.870927
783.581602
783.245340
782.862730
782.434441
782.409915
782.837780
783.220011
783.555941
783.844979
784.086621
784.280443
784.426108
784.523359
784.572027
784.572027
784.523359
784.426108
784.280443
784.086621
783.844979
783.555941
783.220011
782.837780
782.409915
782.385413
782.812854
783.194708
783.530305
783.819057
784.060460
784.254091
784.399611
784.496766
784.545386
784.545386
784.496766
784.399611
784.254091
784.060460
783.819057
783.530305
783.194708
782.812854
782.385413
782.360935
782.787954
783.169429
783.504694
783.793161
784.034325
784.227764
784.373140
784.470199
784.518771
784.518771
784.470199
784.373140
784.227764
784.034325
783.793161
783.504694
783.169429
782.787954
782.360935
782.336481
782.763078
783.144176
783.479109
783.767290
784.008216
784.201463
784.346696
784.443658
784.492182
784.492182
784.443658
784.346696
784.201463
784.008216
783.767290
783.479109
783.144176
782.763078
782.336481
782.312052
782.738226
783.118948
783.453549
783.741446
783.982132
784.175189
784.320277
784.417144
784.465620
784.465620
784.417144
784.320277
784.175189
783.982132
783.741446
783.453549
783.118948
782.738226
782.312052
782.287647
782.713400
783.093745
783.428015
783.715626
783.956075
784.148941
784.293886
784.390657
784.439084
784.439084
784.390657
784.293886
784.148941
783.956075
783.715626
783.428015
783.093745
782.713400
782.287647
782.263266
782.688598
783.068566
783.402506
783.689833
783.930044
784.122718
784.267520
784.364195
784.412575
784.412575
784.364195
784.267520
784.122718
783.930044
783.689833
783.402506
783.068566
782.688598
782.263266
782.238909
782.663820
783.043413
783.377023
783.664065
783.904038
784.096522
784.241181
784.337760
784.386092
784.386092
784.337760
784.241181
784.096522
783.904038
783.664065
783.377023
783.043413
782.663820
782.238909
782.214577
782.639067
783.018285
783.351564
783.638323
783.878059
784.070352
784.214867
784.311351
784.359636
784.359636
784.311351
784.214867
784.070352
783.878059
783.638323
783.351564
783.018285
782.639067
782.214577
782.190268
782.614339
782.993181
783.326131
783.612606
783.852105
784.044208
784.188580
784.284969
784.333205
784.333205
784.284969
784.188580
784.044208
783.852105
783.612606
783.326131
782.993181
782.614339
782.190268
782.165984
782.589635
782.968103
783.300723
783.586915
783.826177
784.018090
784.162319
784.258613
784.306801
784.306801
784.258613
784.162319
784.018090
783.826177
783.586915
783.300723
782.968103
782.589635
782.165984
782.141723
782.564956
782.943049
783.275341
783.561249
783.800274
783.991998
784.136085
784.232283
784.280424
784.280424
784.232283
784.136085
783.991998
783.800274
783.561249
783.275341
782.943049
782.564956
782.141723
782.117487
782.540301
782.918020
783.249983
783.535609
783.774398
783.965932
784.109876
784.205979
784.254072
784.254072
784.205979
784.109876
783.965932
783.774398
783.535609
783.249983
782.918020
782.540301
782.117487
782.093274
782.515670
782.893016
783.224651
783.509994
783.748547
783.939891
784.083693
784.179701
784.227747
784.227747
784.179701
784.083693
783.939891
783.748547
783.509994
783.224651
782.893016
782.515670
782.093274
782.069086
782.491064
782.868037
783.199344
783.484405
783.722722
783.913877
784.057537
784.153449
784.201448
784.201448
784.153449
784.057537
783.913877
783.722722
783.484405
783.199344
782.868037
782.491064
782.069086
782.044921
782.466483
782.843083
783.174062
783.458841
783.696922
783.887888
784.031406
784.127224
784.175175
784.175175
784.127224
784.031406
783.887888
783.696922
783.458841
783.174062
782.843083
782.466483
782.044921
782.020781
782.441925
782.818153
783.148805
783.433303
783.671148
783.861926
784.005301
784.101024
784.148928
784.148928
784.101024
784.005301
783.861926
783.671148
783.433303
783.148805
782.818153
782.441925
782.020781
781.996664
782.417392
782.793248
783.123573
783.407790
783.645400
783.835989
783.979222
784.074851
784.122707
784.122707
784.074851
783.979222
783.835989
783.645400
783.407790
783.123573
782.793248
782.417392
781.996664
781.972571
782.392884
782.768368
783.098366
783.382302
783.619677
783.810077
783.953170
784.048704
784.096512
784.096512
784.048704
783.953170
783.810077
783.619677
783.382302
783.098366
782.768368
782.392884
781.972571
781.948502
782.368399
782.743512
783.073185
783.356839
783.593980
783.784192
783.927143
784.022582
784.070344
784.070344
784.022582
783.927143
783.784192
783.593980
783.356839
783.073185
782.743512
782.368399
781.948502
781.924457
782.343939
782.718681
783.048028
783.331402
783.568308
783.758332
783.901141
783.996487
784.044201
784.044201
783.996487
783.901141
783.758332
783.568308
783.331402
783.048028
782.718681
782.343939
781.924457
781.900436
782.319503
782.693875
783.022896
783.305990
783.542662
783.732498
783.875166
783.970417
784.018084
784.018084
783.970417
783.875166
783.732498
783.542662
783.305990
783.022896
782.693875
782.319503
781.900436
781.876438
782.295091
782.669093
782.997789
783.280603
783.517041
783.706690
783.849217
783.944373
783.991993
783.991993
783.944373
783.849217
783.706690
783.517041
783.280603
782.997789
782.669093
782.295091
781.876438
781.852464
782.270704
782.644336
782.972707
783.255241
783.491446
783.680907
783.823293
783.918356
783.965929
783.965929
783.918356
783.823293
783.680907
783.491446
783.255241
782.972707
782.644336
782.270704
781.852464
781.828514
782.246340
782.619603
782.947649
783.229905
783.465876
783.655150
783.797395
783.892364
783.939890
783.939890
783.892364
783.797395
783.655150
783.465876
783.229905
782.947649
782.619603
782.246340
781.828514
781.804588
782.222001
782.594895
782.922617
783.204594
783.440331
783.629418
783.771523
783.866398
783.913876
783.913876
783.866398
783.771523
783.629418
783.440331
783.204594
782.922617
782.594895
782.222001
781.804588
781.780685
782.197686
782.570211
782.897610
783.179307
783.414812
783.603712
783.745676
783.840457
783.887889
783.887889
783.840457
783.745676
783.603712
783.414812
783.179307
782.897610
782.570211
782.197686
781.780685
781.756806
782.173395
782.545552
782.872627
783.154046
783.389318
783.578031
783.719855
783.814543
783.861928
783.861928
783.814543
783.719855
783.578031
783.389318
783.154046
782.872627
782.545552
782.173395
781.756806
781.732950
782.149128
782.520917
782.847669
783.128810
783.363850
783.552376
783.694060
783.788654
783.835992
783.835992
783.788654
783.694060
783.552376
783.363850
783.128810
782.847669
782.520917
782.149128
781.732950
781.709118
782.124885
782.496307
782.822736
783.103599
783.338406
783.526747
783.668290
783.762791
783.810082
783.810082
783.762791
783.668290
783.526747
783.338406
783.103599
782.822736
782.496307
782.124885
781.709118
781.685310
782.100666
782.471721
782.797827
783.078413
783.312988
783.501142
783.642546
783.736953
783.784198
783.784198
783.736953
783.642546
783.501142
783.312988
783.078413
782.797827
782.471721
782.100666
781.685310
781.661525
782.076470
782.447159
782.772943
783.053252
783.287595
783.475564
783.616828
783.711142
783.758340
783.758340
783.711142
783.616828
783.475564
783.287595
783.053252
782.772943
782.447159
782.076470
781.661525
781.637764
782.052299
782.422622
782.748084
783.028116
783.262228
783.450010
783.591135
783.685355
783.732507
783.732507
783.685355
783.591135
783.450010
783.262228
783.028116
782.748084
782.422622
782.052299
781.637764
781.614026
782.028152
782.398109
782.723250
783.003005
783.236885
783.424482
783.565468
783.659595
783.706700
783.706700
783.659595
783.565468
783.424482
783.236885
783.003005
782.723250
782.398109
782.028152
781.614026
781.590312
782.004029
782.373620
782.698440
782.977919
783.211568
783.398980
783.539826
783.633860
783.680918
783.680918
783.633860
783.539826
783.398980
783.211568
782.977919
782.698440
782.373620
782.004029
781.590312
781.566621
781.979930
782.349156
782.673654
782.952857
783.186276
783.373502
783.514209
783.608150
783.655162
783.655162
783.608150
783.514209
783.373502
783.186276
782.952857
782.673654
782.349156
781.979930
781.566621
781.542954
781.955854
782.324716
782.648894
782.927821
783.161009
783.348050
783.488618
783.582467
783.629432
783.629432
783.582467
783.488618
783.348050
783.161009
782.927821
782.648894
782.324716
781.955854
781.542954
781.519310
781.931802
782.300300
782.624158
782.902809
783.135767
783.322623
783.463052
783.556808
783.603727
783.603727
783.556808
783.463052
783.322623
783.135767
782.902809
782.624158
782.300300
781.931802
781.519310
781.495690
781.907774
782.275908
782.599446
782.877822
783.110550
783.297222
783.437512
783.531175
783.578048
783.578048
783.531175
783.437512
783.297222
783.110550
782.877822
782.599446
782.275908
781.907774
781.495690
781.472092
781.883770
782.251540
782.574759
782.852860
783.085358
783.271845
783.411997
783.505568
783.552394
783.552394
783.505568
783.411997
783.271845
783.085358
782.852860
782.574759
782.251540
781.883770
781.472092
781.448518
781.859790
782.227197
782.550096
782.827923
783.060191
783.246494
783.386507
783.479986
783.526766
783.526766
783.479986
783.386507
783.246494
783.060191
782.827923
782.550096
782.227197
781.859790
781.448518
781.424968
781.835833
782.202877
782.525458
782.803010
783.035049
783.221168
783.361043
783.454429
783.501163
783.501163
783.454429
783.361043
783.221168
783.035049
782.803010
782.525458
782.202877
781.835833
781.424968
781.401441
781.811900
782.178582
782.500844
782.778122
783.009931
783.195867
783.335604
783.428898
783.475585
783.475585
783.428898
783.335604
783.195867
783.009931
782.778122
782.500844
782.178582
781.811900
781.401441
781.377937
781.787991
782.154311
782.476254
782.753259
782.984839
783.170591
783.310190
783.403392
783.450033
783.450033
783.403392
783.310190
783.170591
782.984839
782.753259
782.476254
782.154311
781.787991
781.377937
781.354456
781.764105
782.130063
782.451689
782.728420
782.959772
783.145341
783.284801
783.377911
783.424507
783.424507
783.377911
783.284801
783.145341
782.959772
782.728420
782.451689
782.130063
781.764105
781.354456
781.330998
781.740243
782.105840
782.427148
782.703606
782.934729
783.120115
783.259438
783.352456
783.399005
783.399005
783.352456
783.259438
783.120115
782.934729
782.703606
782.427148
782.105840
781.740243
781.330998
781.307564
781.716405
782.081641
782.402632
782.678816
782.909712
783.094914
783.234100
783.327026
783.373529
783.373529
783.327026
783.234100
783.094914
782.909712
782.678816
782.402632
782.081641
781.716405
781.307564
781.284153
781.692590
782.057465
782.378140
782.654051
782.884719
783.069738
783.208787
783.301621
783.348078
783.348078
783.301621
783.208787
783.069738
782.884719
782.654051
782.378140
782.057465
781.692590
781.284153
781.260764
781.668799
782.033314
782.353672
782.629311
782.859751
783.044588
783.183499
783.276241
783.322653
783.322653
783.276241
783.183499
783.044588
782.859751
782.629311
782.353672
782.033314
781.668799
781.260764
781.237399
781.645031
782.009187
782.329228
782.604595
782.834807
783.019462
783.158236
783.250886
783.297252
783.297252
783.250886
783.158236
783.019462
782.834807
782.604595
782.329228
782.009187
781.645031
781.237399
781.214058
781.621287
781.985083
782.304808
782.579904
782.809889
782.994361
783.132998
783.225557
783.271877
783.271877
783.225557
783.132998
782.994361
782.809889
782.579904
782.304808
781.985083
781.621287
781.214058
781.190739
781.597566
781.961003
782.280413
782.555237
782.784995
782.969285
783.107785
783.200253
783.246527
783.246527
783.200253
783.107785
782.969285
782.784995
782.555237
782.280413
781.961003
781.597566
781.190739
781.167443
781.573869
781.936947
782.256042
782.530595
782.760126
782.944234
783.082597
783.174974
783.221202
783.221202
783.174974
783.082597
782.944234
782.760126
782.530595
782.256042
781.936947
781.573869
781.167443
781.144170
781.550195
781.912915
782.231695
782.505977
782.735281
782.919207
783.057434
783.149720
783.195903
783.195903
783.149720
783.057434
782.919207
782.735281
782.505977
782.231695
781.912915
781.550195
781.144170
781.120920
781.526545
781.888907
782.207372
782.481383
782.710461
782.894206
783.032296
783.124491
783.170628
783.170628
783.124491
783.032296
782.894206
782.710461
782.481383
782.207372
781.888907
781.526545
781.120920
781.097694
781.502918
781.864922
782.183073
782.456814
782.685666
782.869229
783.007183
783.099287
783.145379
783.145379
783.099287
783.007183
782.869229
782.685666
782.456814
782.183073
781.864922
781.502918
781.097694
781.074490
781.479314
781.840961
782.158798
782.432269
782.660895
782.844277
782.982095
783.074108
783.120154
783.120154
783.074108
782.982095
782.844277
782.660895
782.432269
782.158798
781.840961
781.479314
781.074490
781.051309
781.455734
781.817024
782.134547
782.407748
782.636149
782.819350
782.957032
783.048954
783.094955
783.094955
783.048954
782.957032
782.819350
782.636149
782.407748
782.134547
781.817024
781.455734
781.051309
781.028151
781.432177
781.793111
782.110321
782.383252
782.611427
782.794448
782.931993
783.023824
783.069780
783.069780
783.023824
782.931993
782.794448
782.611427
782.383252
782.110321
781.793111
781.432177
781.028151
781.005016
781.408643
781.769221
782.086118
782.358780
782.586730
782.769570
782.906980
782.998720
783.044631
783.044631
782.998720
782.906980
782.769570
782.586730
782.358780
782.086118
781.769221
781.408643
781.005016
780.981903
781.385133
781.745355
782.061939
782.334332
782.562057
782.744717
782.881991
782.973641
783.019506
783.019506
782.973641
782.881991
782.744717
782.562057
782.334332
782.061939
781.745355
781.385133
780.981903
780.958814
781.361645
781.721512
782.037784
782.309908
782.537409
782.719888
782.857027
782.948587
782.994406
782.994406
782.948587
782.857027
782.719888
782.537409
782.309908
782.037784
781.721512
781.361645
780.958814
780.935747
781.338181
781.697693
782.013653
782.285509
782.512785
782.695084
782.832088
782.923557
782.969331
782.969331
782.923557
782.832088
782.695084
782.512785
782.285509
782.013653
781.697693
781.338181
780.935747
780.912703
781.314741
781.673898
781.989546
782.261133
782.488185
782.670305
782.807173
782.898552
782.944282
782.944282
782.898552
782.807173
782.670305
782.488185
782.261133
781.989546
781.673898
781.314741
780.912703
780.889682
781.291323
781.650126
781.965463
782.236782
782.463610
782.645550
782.782284
782.873572
782.919256
782.919256
782.873572
782.782284
782.645550
782.463610
782.236782
781.965463
781.650126
781.291323
780.889682
780.866684
781.267928
781.626377
781.941403
782.212455
782.439059
782.620820
782.757418
782.848617
782.894256
782.894256
782.848617
782.757418
782.620820
782.439059
782.212455
781.941403
781.626377
781.267928
780.866684
780.843708
781.244557
781.602652
781.917368
782.188152
782.414533
782.596114
782.732578
782.823686
782.869281
782.869281
782.823686
782.732578
782.596114
782.414533
782.188152
781.917368
781.602652
781.244557
780.843708
780.820755
781.221209
781.578951
781.893356
782.163873
782.390031
782.571433
782.707762
782.798781
782.844330
782.844330
782.798781
782.707762
782.571433
782.390031
782.163873
781.893356
781.578951
781.221209
780.820755
780.797825
781.197883
781.555273
781.869368
782.139618
782.365553
782.546776
782.682971
782.773900
782.819404
782.819404
782.773900
782.682971
782.546776
782.365553
782.139618
781.869368
781.555273
781.197883
780.797825
780.774917
781.174581
781.531618
781.845403
782.115388
782.341099
782.522143
782.658204
782.749043
782.794502
782.794502
782.749043
782.658204
782.522143
782.341099
782.115388
781.845403
781.531618
781.174581
780.774917
780.752032
781.151302
781.507987
781.821463
782.091181
782.316670
782.497535
782.633462
782.724211
782.769626
782.769626
782.724211
782.633462
782.497535
782.316670
782.091181
781.821463
781.507987
781.151302
780.752032
780.729169
781.128046
781.484379
781.797546
782.066998
782.292264
782.472952
782.608744
782.699404
782.744774
782.744774
782.699404
782.608744
782.472952
782.292264
782.066998
781.797546
781.484379
781.128046
780.729169
780.706329
781.104813
781.460795
781.773653
782.042839
782.267883
782.448392
782.584051
782.674621
782.719946
782.719946
782.674621
782.584051
782.448392
782.267883
782.042839
781.773653
781.460795
781.104813
780.706329
780.683512
781.081603
781.437234
781.749783
782.018704
782.243526
782.423857
782.559382
782.649863
782.695144
782.695144
782.649863
782.559382
782.423857
782.243526
782.018704
781.749783
781.437234
781.081603
780.683512
780.660717
781.058415
781.413696
781.725937
781.994593
782.219193
782.399347
782.534738
782.625130
782.670365
782.670365
782.625130
782.534738
782.399347
782.219193
781.994593
781.725937
781.413696
781.058415
780.660717
780.637945
781.035251
781.390181
781.702114
781.970505
782.194885
782.374860
782.510118
782.600421
782.645612
782.645612
782.600421
782.510118
782.374860
782.194885
781.970505
781.702114
781.390181
781.035251
780.637945
780.615195
781.012109
781.366690
781.678315
781.946442
782.170600
782.350398
782.485522
782.575736
782.620883
782.620883
782.575736
782.485522
782.350398
782.170600
781.946442
781.678315
781.366690
781.012109
780.615195
780.592467
780.988991
781.343222
781.654540
781.922402
782.146339
782.325960
782.460951
782.551076
782.596178
782.596178
782.551076
782.460951
782.325960
782.146339
781.922402
781.654540
781.343222
780.988991
780.592467
780.569762
780.965895
781.319777
781.630788
781.898386
782.122102
782.301546
782.436404
782.526440
782.571498
782.571498
782.526440
782.436404
782.301546
782.122102
781.898386
781.630788
781.319777
780.965895
780.569762
780.547080
780.942822
781.296355
781.607060
781.874394
782.097890
782.277157
782.411882
782.501829
782.546842
782.546842
782.501829
782.411882
782.277157
782.097890
781.874394
781.607060
781.296355
780.942822
780.547080
780.524419
780.919772
781.272956
781.583355
781.850426
782.073701
782.252791
782.387383
782.477242
782.522211
782.522211
782.477242
782.387383
782.252791
782.073701
781.850426
781.583355
781.272956
780.919772
780.524419
780.501782
780.896744
781.249581
781.559674
781.826481
782.049536
782.228450
782.362909
782.452680
782.497604
782.497604
782.452680
782.362909
782.228450
782.049536
781.826481
781.559674
781.249581
780.896744
780.501782
780.479166
780.873740
781.226228
781.536016
781.802560
782.025395
782.204133
782.338460
782.428141
782.473021
782.473021
782.428141
782.338460
782.204133
782.025395
781.802560
781.536016
781.226228
780.873740
780.479166
780.456573
780.850758
781.202899
781.512381
781.778663
782.001278
782.179840
782.314034
782.403627
782.448463
782.448463
782.403627
782.314034
782.179840
782.001278
781.778663
781.512381
781.202899
780.850758
780.456573
780.434002
780.827798
781.179592
781.488770
781.754789
781.977185
782.155571
782.289633
782.379138
782.423929
782.423929
782.379138
782.289633
782.155571
781.977185
781.754789
781.488770
781.179592
780.827798
780.434002
780.411453
780.804862
781.156309
781.465182
781.730939
781.953116
782.131325
782.265255
782.354672
782.399420
782.399420
782.354672
782.265255
782.131325
781.953116
781.730939
781.465182
781.156309
780.804862
780.411453
780.388927
780.781948
781.133049
781.441617
781.707112
781.929071
782.107104
782.240902
782.330231
782.374935
782.374935
782.330231
782.240902
782.107104
781.929071
781.707112
781.441617
781.133049
780.781948
780.388927
780.366423
780.759056
781.109812
781.418076
781.683309
781.905049
782.082907
782.216573
782.305814
782.350473
782.350473
782.305814
782.216573
782.082907
781.905049
781.683309
781.418076
781.109812
780.759056
780.366423
780.343941
780.736187
781.086597
781.394558
781.659530
781.881051
782.058734
782.192269
782.281421
782.326037
782.326037
782.281421
782.192269
782.058734
781.881051
781.659530
781.394558
781.086597
780.736187
780.343941
780.321481
780.713341
781.063406
781.371063
781.635774
781.857077
782.034585
782.167988
782.257053
782.301624
782.301624
782.257053
782.167988
782.034585
781.857077
781.635774
781.371063
781.063406
780.713341
780.321481
780.299043
780.690518
781.040237
781.347591
781.612042
781.833126
782.010459
782.143731
782.232708
782.277236
782.277236
782.232708
782.143731
782.010459
781.833126
781.612042
781.347591
781.040237
780.690518
780.299043
780.276628
780.667716
781.017092
781.324143
781.588333
781.809200
781.986358
782.119498
782.208388
782.252871
782.252871
782.208388
782.119498
781.986358
781.809200
781.588333
781.324143
781.017092
780.667716
780.276628
780.254234
780.644938
780.993969
781.300718
781.564647
781.785297
781.962280
782.095289
782.184091
782.228531
782.228531
782.184091
782.095289
781.962280
781.785297
781.564647
781.300718
780.993969
780.644938
780.254234
780.231863
780.622182
780.970869
781.277315
781.540985
781.761417
781.938227
782.071105
782.159819
782.204215
782.204215
782.159819
782.071105
781.938227
781.761417
781.540985
781.277315
780.970869
780.622182
780.231863
780.209514
780.599448
780.947792
781.253936
781.517346
781.737561
781.914197
782.046944
782.135571
782.179923
782.179923
782.135571
782.046944
781.914197
781.737561
781.517346
781.253936
780.947792
780.599448
780.209514
780.187186
780.576737
780.924738
781.230581
781.493731
781.713729
781.890190
782.022807
782.111346
782.155655
782.155655
782.111346
782.022807
781.890190
781.713729
781.493731
781.230581
780.924738
780.576737
780.187186
780.164881
780.554048
780.901706
781.207248
781.470139
781.689920
781.866208
781.998693
782.087146
782.131411
782.131411
782.087146
781.998693
781.866208
781.689920
781.470139
781.207248
780.901706
780.554048
780.164881
780.142598
780.531381
780.878697
781.183938
781.446570
781.666135
781.842249
781.974604
782.062970
782.107191
782.107191
782.062970
781.974604
781.842249
781.666135
781.446570
781.183938
780.878697
780.531381
780.142598
780.120337
780.508737
780.855711
781.160651
781.423025
781.642374
781.818314
781.950539
782.038817
782.082995
782.082995
782.038817
781.950539
781.818314
781.642374
781.423025
781.160651
780.855711
780.508737
780.120337
780.098097
780.486116
780.832748
781.137388
781.399503
781.618636
781.794403
781.926497
782.014689
782.058823
782.058823
782.014689
781.926497
781.794403
781.618636
781.399503
781.137388
780.832748
780.486116
780.098097
780.075880
780.463516
780.809807
781.114147
781.376004
781.594921
781.770515
781.902479
781.990584
782.034675
782.034675
781.990584
781.902479
781.770515
781.594921
781.376004
781.114147
780.809807
780.463516
780.075880
780.053685
780.440939
780.786889
781.090929
781.352529
781.571230
781.746651
781.878485
781.966503
782.010550
782.010550
781.966503
781.878485
781.746651
781.571230
781.352529
781.090929
780.786889
780.440939
780.053685
780.031511
780.418384
780.763993
781.067734
781.329076
781.547562
781.722810
781.854515
781.942446
781.986450
781.986450
781.942446
781.854515
781.722810
781.547562
781.329076
781.067734
780.763993
780.418384
780.031511
780.009359
780.395852
780.741121
781.044562
781.305647
781.523918
781.698993
781.830568
781.918413
781.962373
781.962373
781.918413
781.830568
781.698993
781.523918
781.305647
781.044562
780.741121
780.395852
780.009359
779.987229
780.373341
780.718270
781.021413
781.282241
781.500297
781.675200
781.806645
781.894403
781.938321
781.938321
781.894403
781.806645
781.675200
781.500297
781.282241
781.021413
780.718270
780.373341
779.987229
779.965121
780.350853
780.695443
780.998287
781.258858
781.476699
781.651430
781.782746
781.870418
781.914292
781.914292
781.870418
781.782746
781.651430
781.476699
781.258858
780.998287
780.695443
780.350853
779.965121
779.943035
780.328387
780.672637
780.975184
781.235498
781.453125
781.627684
781.758870
781.846456
781.890286
781.890286
781.846456
781.758870
781.627684
781.453125
781.235498
780.975184
780.672637
780.328387
779.943035
779.920970
780.305943
780.649855
780.952103
781.212161
781.429574
781.603961
781.735018
781.822517
781.866305
781.866305
781.822517
781.735018
781.603961
781.429574
781.212161
780.952103
780.649855
780.305943
779.920970
779.898927
780.283521
780.627094
780.929046
781.188847
781.406046
781.580261
781.711190
781.798603
781.842347
781.842347
781.798603
781.711190
781.580261
781.406046
781.188847
780.929046
780.627094
780.283521
779.898927
779.876906
780.261122
780.604357
780.906011
781.165557
781.382541
781.556585
781.687385
781.774712
781.818413
781.818413
781.774712
781.687385
781.556585
781.382541
781.165557
780.906011
780.604357
780.261122
779.876906
779.854907
780.238744
780.581641
780.882999
781.142289
781.359060
781.532933
781.663604
781.750844
781.794503
781.794503
781.750844
781.663604
781.532933
781.359060
781.142289
780.882999
780.581641
780.238744
779.854907
779.832929
780.216389
780.558948
780.860009
781.119044
781.335602
781.509303
781.639846
781.727001
781.770616
781.770616
781.727001
781.639846
781.509303
781.335602
781.119044
780.860009
780.558948
780.216389
779.832929
779.810973
780.194055
780.536278
780.837042
781.095823
781.312167
781.485698
781.616111
781.703180
781.746753
781.746753
781.703180
781.616111
781.485698
781.312167
781.095823
780.837042
780.536278
780.194055
779.810973
779.789039
780.171744
780.513630
780.814098
781.072624
781.288755
781.462115
781.592400
781.679384
781.722914
781.722914
781.679384
781.592400
781.462115
781.288755
781.072624
780.814098
780.513630
780.171744
779.789039
779.767126
780.149455
780.491004
780.791177
781.049448
781.265367
781.438556
781.568713
781.655611
781.699098
781.699098
781.655611
781.568713
781.438556
781.265367
781.049448
780.791177
780.491004
780.149455
779.767126
779.745235
780.127187
780.468401
780.768278
781.026295
781.242001
781.415020
781.545049
781.631861
781.675305
781.675305
781.631861
781.545049
781.415020
781.242001
781.026295
780.768278
780.468401
780.127187
779.745235
779.723365
780.104942
780.445819
780.745401
781.003165
781.218659
781.391507
781.521408
781.608135
781.651536
781.651536
781.608135
781.521408
781.391507
781.218659
781.003165
780.745401
780.445819
780.104942
779.723365
779.701517
780.082718
780.423260
780.722548
780.980057
781.195339
781.368018
781.497791
781.584432
781.627791
781.627791
781.584432
781.497791
781.368018
781.195339
780.980057
780.722548
780.423260
780.082718
779.701517
779.679690
780.060517
780.400724
780.699717
780.956973
781.172043
781.344551
781.474197
781.560753
781.604069
781.604069
781.560753
781.474197
781.344551
781.172043
780.956973
780.699717
780.400724
780.060517
779.679690
779.657885
780.038337
780.378209
780.676908
780.933911
781.148770
781.321108
781.450626
781.537097
781.580371
781.580371
781.537097
781.450626
781.321108
781.148770
780.933911
780.676908
780.378209
780.038337
779.657885
779.636102
780.016179
780.355717
780.654122
780.910872
781.125519
781.297689
781.427079
781.513465
781.556696
781.556696
781.513465
781.427079
781.297689
781.125519
780.910872
780.654122
780.355717
780.016179
779.636102
779.614339
779.994043
780.333247
780.631358
780.887856
781.102292
781.274292
781.403555
781.489856
781.533044
781.533044
781.489856
781.403555
781.274292
781.102292
780.887856
780.631358
780.333247
779.994043
779.614339
779.592599
779.971929
780.310799
780.608617
780.864863
781.079088
781.250918
781.380054
781.466270
781.509416
781.509416
781.466270
781.380054
781.250918
781.079088
780.864863
780.608617
780.310799
779.971929
779.592599
779.570879
779.949836
780.288374
780.585899
780.841892
781.055906
781.227568
781.356577
781.442708
781.485811
781.485811
781.442708
781.356577
781.227568
781.055906
780.841892
780.585899
780.288374
779.949836
779.570879
779.549181
779.927766
780.265970
780.563202
780.818944
781.032748
781.204240
781.333122
781.419169
781.462230
781.462230
781.419169
781.333122
781.204240
781.032748
780.818944
780.563202
780.265970
779.927766
779.549181
779.527505
779.905717
780.243588
780.540529
780.796018
781.009612
781.180936
781.309691
781.395653
781.438671
781.438671
781.395653
781.309691
781.180936
781.009612
780.796018
780.540529
780.243588
779.905717
779.527505
779.505850
779.883690
780.221229
780.517877
780.773116
780.986499
781.157654
781.286283
781.372160
781.415136
781.415136
781.372160
781.286283
781.157654
780.986499
780.773116
780.517877
780.221229
779.883690
779.505850
779.484216
779.861684
780.198892
780.495248
780.750235
780.963409
781.134396
781.262898
781.348691
781.391625
781.391625
781.348691
781.262898
781.134396
780.963409
780.750235
780.495248
780.198892
779.861684
779.484216
779.462603
779.839701
780.176576
780.472641
780.727378
780.940342
781.111160
781.239536
781.325244
781.368136
781.368136
781.325244
781.239536
781.111160
780.940342
780.727378
780.472641
780.176576
779.839701
779.462603
779.441012
779.817738
780.154283
780.450056
780.704543
780.917297
781.087948
781.216197
781.301821
781.344671
781.344671
781.301821
781.216197
781.087948
780.917297
780.704543
780.450056
780.154283
779.817738
779.441012
779.419442
779.795798
780.132011
780.427494
780.681730
780.894275
781.064758
781.192882
781.278421
781.321229
781.321229
781.278421
781.192882
781.064758
780.894275
780.681730
780.427494
780.132011
779.795798
779.419442
779.397893
779.773879
780.109762
780.404954
780.658940
780.871276
781.041592
781.169589
781.255045
781.297810
781.297810
781.255045
781.169589
781.041592
780.871276
780.658940
780.404954
780.109762
779.773879
779.397893
779.376365
779.751982
780.087534
780.382436
780.636173
780.848300
781.018448
781.146319
781.231691
781.274414
781.274414
781.231691
781.146319
781.018448
780.848300
780.636173
780.382436
780.087534
779.751982
779.376365
779.354859
779.730106
780.065329
780.359941
780.613428
780.825346
780.995327
781.123072
781.208360
781.251041
781.251041
781.208360
781.123072
780.995327
780.825346
780.613428
780.359941
780.065329
779.730106
779.354859
779.333373
779.708252
780.043145
780.337467
780.590705
780.802415
780.972229
781.099849
781.185053
781.227692
781.227692
781.185053
781.099849
780.972229
780.802415
780.590705
780.337467
780.043145
779.708252
779.333373
779.311909
779.686419
780.020983
780.315016
780.568005
780.779507
780.949153
781.076648
781.161768
781.204365
781.204365
781.161768
781.076648
780.949153
780.779507
780.568005
780.315016
780.020983
779.686419
779.311909
779.290466
779.664608
779.998843
780.292587
780.545327
780.756621
780.926101
781.053470
781.138506
781.181062
781.181062
781.138506
781.053470
780.926101
780.756621
780.545327
780.292587
779.998843
779.664608
779.290466
779.269044
779.642818
779.976725
780.270180
780.522672
780.733758
780.903071
781.030315
781.115268
781.157781
781.157781
781.115268
781.030315
780.903071
780.733758
780.522672
780.270180
779.976725
779.642818
779.269044
779.247644
779.621050
779.954629
780.247795
780.500038
780.710917
780.880064
781.007183
781.092052
781.134524
781.134524
781.092052
781.007183
780.880064
780.710917
780.500038
780.247795
779.954629
779.621050
779.247644
779.226264
779.599304
779.932554
780.225433
780.477428
780.688099
780.857080
780.984073
781.068859
781.111289
781.111289
781.068859
780.984073
780.857080
780.688099
780.477428
780.225433
779.932554
779.599304
779.226264
779.204905
779.577578
779.910501
780.203092
780.454839
780.665304
780.834118
780.960987
781.045690
781.088078
781.088078
781.045690
780.960987
780.834118
780.665304
780.454839
780.203092
779.910501
779.577578
779.204905
779.183567
779.555874
779.888470
780.180773
780.432273
780.642531
780.811179
780.937923
781.022543
781.064889
781.064889
781.022543
780.937923
780.811179
780.642531
780.432273
780.180773
779.888470
779.555874
779.183567
779.162251
779.534192
779.866460
780.158476
780.409729
780.619780
780.788263
780.914882
780.999418
781.041723
781.041723
780.999418
780.914882
780.788263
780.619780
780.409729
780.158476
779.866460
779.534192
779.162251
779.140955
779.512530
779.844473
780.136202
780.387207
780.597052
780.765369
780.891864
780.976317
781.018581
781.018581
780.976317
780.891864
780.765369
780.597052
780.387207
780.136202
779.844473
779.512530
779.140955
779.119680
779.490891
779.822507
780.113949
780.364708
780.574346
780.742498
780.868869
780.953239
780.995460
780.995460
780.953239
780.868869
780.742498
780.574346
780.364708
780.113949
779.822507
779.490891
779.119680
779.098426
779.469272
779.800562
780.091718
780.342231
780.551663
780.719649
780.845896
780.930183
780.972363
780.972363
780.930183
780.845896
780.719649
780.551663
780.342231
780.091718
779.800562
779.469272
779.098426
779.077193
779.447675
779.778639
780.069509
780.319776
780.529002
780.696823
780.822946
780.907150
780.949289
780.949289
780.907150
780.822946
780.696823
780.529002
780.319776
780.069509
779.778639
779.447675
779.077193
779.055981
779.426099
779.756738
780.047322
780.297343
780.506363
780.674020
780.800018
780.884140
780.926237
780.926237
780.884140
780.800018
780.674020
780.506363
780.297343
780.047322
779.756738
779.426099
779.055981
779.034790
779.404544
779.734858
780.025157
780.274932
780.483747
780.651239
780.777113
780.861152
780.903208
780.903208
780.861152
780.777113
780.651239
780.483747
780.274932
780.025157
779.734858
779.404544
779.034790
779.013620
779.383010
779.713000
780.003013
780.252543
780.461153
780.628480
780.754231
780.838187
780.880202
780.880202
780.838187
780.754231
780.628480
780.461153
780.252543
780.003013
779.713000
779.383010
779.013620
778.992470
779.361498
779.691164
779.980892
780.230176
780.438582
780.605744
780.731372
780.815245
780.857219
780.857219
780.815245
780.731372
780.605744
780.438582
780.230176
779.980892
779.691164
779.361498
778.992470
778.971341
779.340007
779.669349
779.958792
780.207832
780.416032
780.583030
780.708535
780.792326
780.834258
780.834258
780.792326
780.708535
780.583030
780.416032
780.207832
779.958792
779.669349
779.340007
778.971341
778.950233
779.318536
779.647555
779.936714
780.185509
780.393505
780.560339
780.685720
780.769429
780.811320
780.811320
780.769429
780.685720
780.560339
780.393505
780.185509
779.936714
779.647555
779.318536
778.950233
778.929146
779.297088
779.625783
779.914658
780.163208
780.371000
780.537670
780.662928
780.746555
780.788405
780.788405
780.746555
780.662928
780.537670
780.371000
780.163208
779.914658
779.625783
779.297088
778.929146
778.908080
779.275660
779.604032
779.892624
780.140930
780.348517
780.515024
780.640158
780.723703
780.765512
780.765512
780.723703
780.640158
780.515024
780.348517
780.140930
779.892624
779.604032
779.275660
778.908080
778.887034
779.254253
779.582303
779.870611
780.118673
780.326057
780.492400
780.617411
780.700874
780.742641
780.742641
780.700874
780.617411
780.492400
780.326057
780.118673
779.870611
779.582303
779.254253
778.887034
778.866009
779.232867
779.560595
779.848620
780.096438
780.303618
780.469798
780.594687
780.678067
780.719794
780.719794
780.678067
780.594687
780.469798
780.303618
780.096438
779.848620
779.560595
779.232867
778.866009
778.845005
779.211503
779.538909
779.826650
780.074226
780.281202
780.447218
780.571984
780.655283
780.696969
780.696969
780.655283
780.571984
780.447218
780.281202
780.074226
779.826650
779.538909
779.211503
778.845005
778.824021
779.190159
779.517243
779.804703
780.052035
780.258808
780.424661
780.549305
780.632521
780.674166
780.674166
780.632521
780.549305
780.424661
780.258808
780.052035
779.804703
779.517243
779.190159
778.824021
778.803058
779.168836
779.495600
779.782777
780.029866
780.236436
780.402126
780.526647
780.609782
780.651386
780.651386
780.609782
780.526647
780.402126
780.236436
780.029866
779.782777
779.495600
779.168836
778.803058
778.782115
779.147535
779.473977
779.760872
780.007718
780.214086
780.379613
780.504012
780.587065
780.628628
780.628628
780.587065
780.504012
780.379613
780.214086
780.007718
779.760872
779.473977
779.147535
778.782115
778.761193
779.126254
779.452376
779.738989
779.985593
780.191757
780.357122
780.481399
780.564371
780.605893
780.605893
780.564371
780.481399
780.357122
780.191757
779.985593
779.738989
779.452376
779.126254
778.761193
778.740292
779.104994
779.430796
779.717128
779.963490
780.169451
780.334654
780.458809
780.541699
780.583180
780.583180
780.541699
780.458809
780.334654
780.169451
779.963490
779.717128
779.430796
779.104994
778.740292
778.719411
779.083755
779.409237
779.695288
779.941408
780.147167
780.312208
780.436240
780.519049
780.560490
780.560490
780.519049
780.436240
780.312208
780.147167
779.941408
779.695288
779.409237
779.083755
778.719411
778.698551
779.062537
779.387700
779.673469
779.919348
780.124905
780.289783
780.413694
780.496422
780.537822
780.537822
780.496422
780.413694
780.289783
780.124905
779.919348
779.673469
779.387700
779.062537
778.698551
778.677711
779.041340
779.366183
779.651672
779.897309
780.102665
780.267381
780.391171
780.473817
780.515176
780.515176
780.473817
780.391171
780.267381
780.102665
779.897309
779.651672
779.366183
779.041340
778.677711
778.656892
779.020164
779.344688
779.629897
779.875293
780.080447
780.245001
780.368669
780.451234
780.492553
780.492553
780.451234
780.368669
780.245001
780.080447
779.875293
779.629897
779.344688
779.020164
778.656892
778.636093
778.999009
779.323214
779.608143
779.853298
780.058251
780.222644
780.346190
780.428674
780.469952
780.469952
780.428674
780.346190
780.222644
780.058251
779.853298
779.608143
779.323214
778.999009
778.636093
778.615315
778.977874
779.301761
779.586410
779.831325
780.036076
780.200308
780.323733
780.406136
780.447373
780.447373
780.406136
780.323733
780.200308
780.036076
779.831325
779.586410
779.301761
778.977874
778.615315
778.594557
778.956760
779.280330
779.564699
779.809373
780.013924
780.177994
780.301298
780.383620
780.424817
780.424817
780.383620
780.301298
780.177994
780.013924
779.809373
779.564699
779.280330
778.956760
778.594557
778.573819
778.935667
779.258919
779.543010
779.787443
779.991793
780.155702
780.278885
780.361126
780.402283
780.402283
780.361126
780.278885
780.155702
779.991793
779.787443
779.543010
779.258919
778.935667
778.573819
778.553102
778.914595
779.237529
779.521341
779.765535
779.969684
780.133432
780.256494
780.338655
780.379771
780.379771
780.338655
780.256494
780.133432
779.969684
779.765535
779.521341
779.237529
778.914595
778.553102
778.532405
778.893543
779.216161
779.499694
779.743648
779.947597
780.111184
780.234125
780.316205
780.357281
780.357281
780.316205
780.234125
780.111184
779.947597
779.743648
779.499694
779.216161
778.893543
778.532405
778.511729
778.872513
779.194813
779.478068
779.721783
779.925531
780.088958
780.211778
780.293778
780.334813
780.334813
780.293778
780.211778
780.088958
779.925531
779.721783
779.478068
779.194813
778.872513
778.511729
778.491073
778.851502
779.173487
779.456464
779.699939
779.903487
780.066754
780.189454
780.271373
780.312368
780.312368
780.271373
780.189454
780.066754
779.903487
779.699939
779.456464
779.173487
778.851502
778.491073
778.470437
778.830513
779.152181
779.434880
779.678117
779.881465
780.044572
780.167151
780.248990
780.289945
780.289945
780.248990
780.167151
780.044572
779.881465
779.678117
779.434880
779.152181
778.830513
778.470437
778.449821
778.809544
779.130897
779.413318
779.656316
779.859465
780.022411
780.144870
780.226629
780.267543
780.267543
780.226629
780.144870
780.022411
779.859465
779.656316
779.413318
779.130897
778.809544
778.449821
778.429226
778.788596
779.109633
779.391778
779.634537
779.837487
780.000273
780.122612
780.204290
780.245164
780.245164
780.204290
780.122612
780.000273
779.837487
779.634537
779.391778
779.109633
778.788596
778.429226
778.408651
778.767668
779.088390
779.370258
779.612779
779.815530
779.978156
780.100375
780.181973
780.222807
780.222807
780.181973
780.100375
779.978156
779.815530
779.612779
779.370258
779.088390
778.767668
778.408651
778.388096
778.746761
779.067168
779.348760
779.591043
779.793594
779.956061
780.078160
780.159678
780.200472
780.200472
780.159678
780.078160
779.956061
779.793594
779.591043
779.348760
779.067168
778.746761
778.388096
778.367561
778.725874
779.045968
779.327282
779.569328
779.771680
779.933988
780.055967
780.137405
780.178159
780.178159
780.137405
780.055967
779.933988
779.771680
779.569328
779.327282
779.045968
778.725874
778.367561
778.347047
778.705008
779.024787
779.305826
779.547634
779.749788
779.911937
780.033796
780.115154
780.155868
780.155868
780.115154
780.033796
779.911937
779.749788
779.547634
779.305826
779.024787
778.705008
778.347047
778.326552
778.684162
779.003628
779.284391
779.525962
779.727918
779.889907
780.011647
780.092925
780.133599
780.133599
780.092925
780.011647
779.889907
779.727918
779.525962
779.284391
779.003628
778.684162
778.326552
778.306078
778.663337
778.982490
779.262977
779.504311
779.706069
779.867899
779.989519
780.070717
780.111352
780.111352
780.070717
779.989519
779.867899
779.706069
779.504311
779.262977
778.982490
778.663337
778.306078
778.285624
778.642533
778.961372
779.241585
779.482681
779.684241
779.845913
779.967414
780.048532
780.089127
780.089127
780.048532
779.967414
779.845913
779.684241
779.482681
779.241585
778.961372
778.642533
778.285624
778.265190
778.621749
778.940275
779.220213
779.461073
779.662435
779.823948
779.945330
780.026369
780.066924
780.066924
780.026369
779.945330
779.823948
779.662435
779.461073
779.220213
778.940275
778.621749
778.265190
778.244776
778.600985
778.919199
779.198862
779.439486
779.640650
779.802005
779.923268
780.004227
780.044742
780.044742
780.004227
779.923268
779.802005
779.640650
779.439486
779.198862
778.919199
778.600985
778.244776
778.224382
778.580242
778.898144
779.177532
779.417920
779.618887
779.780083
779.901227
779.982107
780.022583
780.022583
779.982107
779.901227
779.780083
779.618887
779.417920
779.177532
778.898144
778.580242
778.224382
778.204008
778.559519
778.877109
779.156223
779.396375
779.597146
779.758184
779.879208
779.960009
780.000445
780.000445
779.960009
779.879208
779.758184
779.597146
779.396375
779.156223
778.877109
778.559519
778.204008
778.183654
778.538816
778.856095
779.134936
779.374852
779.575425
779.736305
779.857211
779.937933
779.978329
779.978329
779.937933
779.857211
779.736305
779.575425
779.374852
779.134936
778.856095
778.538816
778.183654
778.163320
778.518134
778.835101
779.113669
779.353350
779.553726
779.714449
779.835236
779.915878
779.956235
779.956235
779.915878
779.835236
779.714449
779.553726
779.353350
779.113669
778.835101
778.518134
778.163320
778.143006
778.497472
778.814129
779.092423
779.331869
779.532049
779.692613
779.813282
779.893846
779.934162
779.934162
779.893846
779.813282
779.692613
779.532049
779.331869
779.092423
778.814129
778.497472
778.143006
778.122712
778.476830
778.793176
779.071198
779.310409
779.510393
779.670800
779.791350
779.871835
779.912112
779.912112
779.871835
779.791350
779.670800
779.510393
779.310409
779.071198
778.793176
778.476830
778.122712
778.102438
778.456209
778.772245
779.049994
779.288970
779.488758
779.649007
779.769440
779.849845
779.890083
779.890083
779.849845
779.769440
779.649007
779.488758
779.288970
779.049994
778.772245
778.456209
778.102438
778.082184
778.435608
778.751334
779.028810
779.267553
779.467144
779.627237
779.747551
779.827877
779.868076
779.868076
779.827877
779.747551
779.627237
779.467144
779.267553
779.028810
778.751334
778.435608
778.082184
778.061949
778.415027
778.730444
779.007648
779.246156
779.445552
779.605487
779.725684
779.805931
779.846090
779.846090
779.805931
779.725684
779.605487
779.445552
779.246156
779.007648
778.730444
778.415027
778.061949
778.041735
778.394466
778.709574
778.986506
779.224780
779.423981
779.583759
779.703838
779.784007
779.824126
779.824126
779.784007
779.703838
779.583759
779.423981
779.224780
778.986506
778.709574
778.394466
778.041735
778.021540
778.373926
778.688724
778.965385
779.203426
779.402431
779.562053
779.682014
779.762104
779.802184
779.802184
779.762104
779.682014
779.562053
779.402431
779.203426
778.965385
778.688724
778.373926
778.021540
778.001365
778.353406
778.667895
778.944285
779.182092
779.380902
779.540368
779.660211
779.740223
779.780263
779.780263
779.740223
779.660211
779.540368
779.380902
779.182092
778.944285
778.667895
778.353406
778.001365
777.981210
778.332906
778.647087
778.923206
779.160780
779.359395
779.518704
779.638430
779.718363
779.758364
779.758364
779.718363
779.638430
779.518704
779.359395
779.160780
778.923206
778.647087
778.332906
777.981210
777.961075
778.312426
778.626299
778.902147
779.139488
779.337908
779.497061
779.616670
779.696524
779.736487
779.736487
779.696524
779.616670
779.497061
779.337908
779.139488
778.902147
778.626299
778.312426
777.961075
777.940960
778.291966
778.605531
778.881109
779.118218
779.316443
779.475440
779.594931
779.674708
779.714631
779.714631
779.674708
779.594931
779.475440
779.316443
779.118218
778.881109
778.605531
778.291966
777.940960
777.920864
778.271526
778.584784
778.860092
779.096968
779.294999
779.453840
779.573214
779.652912
779.692796
779.692796
779.652912
779.573214
779.453840
779.294999
779.096968
778.860092
778.584784
778.271526
777.920864
777.900788
778.251106
778.564058
778.839095
779.075739
779.273576
779.432262
779.551518
779.631139
779.670983
779.670983
779.631139
779.551518
779.432262
779.273576
779.075739
778.839095
778.564058
778.251106
777.900788
777.880732
778.230707
778.543351
778.818119
779.054531
779.252174
779.410704
779.529844
779.609386
779.649192
779.649192
779.609386
779.529844
779.410704
779.252174
779.054531
778.818119
778.543351
778.230707
777.880732
777.860695
778.210327
778.522665
778.797164
779.033344
779.230794
779.389168
779.508191
779.587655
779.627422
779.627422
779.587655
779.508191
779.389168
779.230794
779.033344
778.797164
778.522665
778.210327
777.860695
777.840678
778.189967
778.501999
778.776229
779.012178
779.209434
779.367653
779.486559
779.565946
779.605673
779.605673
779.565946
779.486559
779.367653
779.209434
779.012178
778.776229
778.501999
778.189967
777.840678
777.820681
778.169628
778.481354
778.755315
778.991032
779.188095
779.346159
779.464949
779.544257
779.583946
779.583946
779.544257
779.464949
779.346159
779.188095
778.991032
778.755315
778.481354
778.169628
777.820681
777.800703
778.149308
778.460729
778.734421
778.969908
779.166777
779.324686
779.443360
779.522590
779.562240
779.562240
779.522590
779.443360
779.324686
779.166777
778.969908
778.734421
778.460729
778.149308
777.800703
777.780745
778.129008
778.440124
778.713548
778.948804
779.145480
779.303235
779.421792
779.500945
779.540556
779.540556
779.500945
779.421792
779.303235
779.145480
778.948804
778.713548
778.440124
778.129008
777.780745
777.760806
778.108729
778.419539
778.692696
778.927721
779.124204
779.281804
779.400245
779.479321
779.518893
779.518893
779.479321
779.400245
779.281804
779.124204
778.927721
778.692696
778.419539
778.108729
777.760806
777.740887
778.088469
778.398975
778.671864
778.906658
779.102950
779.260395
779.378720
779.457718
779.497251
779.497251
779.457718
779.378720
779.260395
779.102950
778.906658
778.671864
778.398975
778.088469
777.740887
777.720988
778.068229
778.378431
778.651052
778.885617
779.081715
779.239007
779.357215
779.436136
779.475631
779.475631
779.436136
779.357215
779.239007
779.081715
778.885617
778.651052
778.378431
778.068229
777.720988
777.701108
778.048009
778.357907
778.630261
778.864596
779.060502
779.217639
779.335732
779.414576
779.454032
779.454032
779.414576
779.335732
779.217639
779.060502
778.864596
778.630261
778.357907
778.048009
777.701108
777.681247
778.027808
778.337403
778.609490
778.843595
779.039310
779.196293
779.314270
779.393036
779.432454
779.432454
779.393036
779.314270
779.196293
779.039310
778.843595
778.609490
778.337403
778.027808
777.681247
777.661406
778.007628
778.316919
778.588740
778.822616
779.018139
779.174968
779.292829
779.371518
779.410897
779.410897
779.371518
779.292829
779.174968
779.018139
778.822616
778.588740
778.316919
778.007628
777.661406
777.641585
777.987467
778.296455
778.568010
778.801656
778.996988
779.153663
779.271410
779.350021
779.389361
779.389361
779.350021
779.271410
779.153663
778.996988
778.801656
778.568010
778.296455
777.987467
777.641585
777.621783
777.967326
778.276012
778.547300
778.780718
778.975858
779.132380
779.250011
779.328546
779.367847
779.367847
779.328546
779.250011
779.132380
778.975858
778.780718
778.547300
778.276012
777.967326
777.621783
777.602000
777.947205
778.255588
778.526611
778.759800
778.954749
779.111118
779.228633
779.307091
779.346354
779.346354
779.307091
779.228633
779.111118
778.954749
778.759800
778.526611
778.255588
777.947205
777.602000
777.582237
777.927104
778.235185
778.505942
778.738903
778.933661
779.089876
779.207277
779.285657
779.324882
779.324882
779.285657
779.207277
779.089876
778.933661
778.738903
778.505942
778.235185
777.927104
777.582237
777.562493
777.907022
778.214802
778.485293
778.718026
778.912593
779.068655
779.185941
779.264245
779.303431
779.303431
779.264245
779.185941
779.068655
778.912593
778.718026
778.485293
778.214802
777.907022
777.562493
777.542769
777.886960
778.194438
778.464665
778.697170
778.891546
779.047456
779.164626
779.242854
779.282001
779.282001
779.242854
779.164626
779.047456
778.891546
778.697170
778.464665
778.194438
777.886960
777.542769
777.523064
777.866918
778.174095
778.444057
778.676334
778.870520
779.026277
779.143333
779.221483
779.260593
779.260593
779.221483
779.143333
779.026277
778.870520
778.676334
778.444057
778.174095
777.866918
777.523064
777.503378
777.846896
778.153771
778.423469
778.655519
778.849514
779.005119
779.122060
779.200134
779.239205
779.239205
779.200134
779.122060
779.005119
778.849514
778.655519
778.423469
778.153771
777.846896
777.503378
777.483711
777.826893
778.133468
778.402902
778.634724
778.828530
778.983981
779.100808
779.178806
779.217839
779.217839
779.178806
779.100808
778.983981
778.828530
778.634724
778.402902
778.133468
777.826893
777.483711
777.464064
777.806909
778.113184
778.382354
778.613949
778.807565
778.962865
779.079577
779.157498
779.196493
779.196493
779.157498
779.079577
778.962865
778.807565
778.613949
778.382354
778.113184
777.806909
777.464064
777.444436
777.786946
778.092921
778.361827
778.593195
778.786622
778.941769
779.058367
779.136212
779.175168
779.175168
779.136212
779.058367
778.941769
778.786622
778.593195
778.361827
778.092921
777.786946
777.444436
777.424827
777.767002
778.072677
778.341320
778.572462
778.765699
778.920694
779.037178
779.114946
779.153865
779.153865
779.114946
779.037178
778.920694
778.765699
778.572462
778.341320
778.072677
777.767002
777.424827
777.405238
777.747077
778.052453
778.320833
778.551748
778.744796
778.899640
779.016009
779.093702
779.132582
779.132582
779.093702
779.016009
778.899640
778.744796
778.551748
778.320833
778.052453
777.747077
777.405238
777.385667
777.727172
778.032249
778.300366
778.531055
778.723914
778.878606
778.994862
779.072478
779.111320
779.111320
779.072478
778.994862
778.878606
778.723914
778.531055
778.300366
778.032249
777.727172
777.385667
777.366116
777.707287
778.012065
778.279920
778.510383
778.703053
778.857593
778.973735
779.051276
779.090080
779.090080
779.051276
778.973735
778.857593
778.703053
778.510383
778.279920
778.012065
777.707287
777.366116
777.346584
777.687421
777.991901
778.259493
778.489731
778.682212
778.836601
778.952629
779.030094
779.068860
779.068860
779.030094
778.952629
778.836601
778.682212
778.489731
778.259493
777.991901
777.687421
777.346584
777.327071
777.667574
777.971756
778.239086
778.469099
778.661391
778.815629
778.931544
779.008933
779.047661
779.047661
779.008933
778.931544
778.815629
778.661391
778.469099
778.239086
777.971756
777.667574
777.327071
777.307578
777.647747
777.951631
778.218700
778.448487
778.640591
778.794678
778.910479
778.987792
779.026482
779.026482
778.987792
778.910479
778.794678
778.640591
778.448487
778.218700
777.951631
777.647747
777.307578
777.288103
777.627939
777.931526
778.198333
778.427895
778.619812
778.773748
778.889435
778.966673
779.005325
779.005325
778.966673
778.889435
778.773748
778.619812
778.427895
778.198333
777.931526
777.627939
777.288103
777.268647
777.608151
777.911441
778.177987
778.407324
778.599053
778.752838
778.868412
778.945574
778.984188
778.984188
778.945574
778.868412
778.752838
778.599053
778.407324
778.177987
777.911441
777.608151
777.268647
777.249211
777.588382
777.891375
778.157660
778.386773
778.578314
778.731949
778.847410
778.924496
778.963073
778.963073
778.924496
778.847410
778.731949
778.578314
778.386773
778.157660
777.891375
777.588382
777.249211
777.229794
777.568633
777.871329
778.137354
778.366242
778.557595
778.711080
778.826428
778.903439
778.941978
778.941978
778.903439
778.826428
778.711080
778.557595
778.366242
778.137354
777.871329
777.568633
777.229794
777.210395
777.548903
777.851303
778.117067
778.345731
778.536897
778.690232
778.805467
778.882402
778.920903
778.920903
778.882402
778.805467
778.690232
778.536897
778.345731
778.117067
777.851303
777.548903
777.210395
777.191016
777.529192
777.831296
778.096800
778.325241
778.516220
778.669404
778.784526
778.861386
778.899850
778.899850
778.861386
778.784526
778.669404
778.516220
778.325241
778.096800
777.831296
777.529192
777.191016
777.171655
777.509501
777.811309
778.076553
778.304770
778.495562
778.648597
778.763606
778.840391
778.878817
778.878817
778.840391
778.763606
778.648597
778.495562
778.304770
778.076553
777.811309
777.509501
777.171655
777.152314
777.489829
777.791342
778.056326
778.284320
778.474925
778.627810
778.742707
778.819416
778.857804
778.857804
778.819416
778.742707
778.627810
778.474925
778.284320
778.056326
777.791342
777.489829
777.152314
777.132991
777.470176
777.771394
778.036119
778.263890
778.454308
778.607043
778.721828
778.798462
778.836813
778.836813
778.798462
778.721828
778.607043
778.454308
778.263890
778.036119
777.771394
777.470176
777.132991
777.113688
777.450543
777.751466
778.015932
778.243479
778.433712
778.586297
778.700969
778.777529
778.815842
778.815842
778.777529
778.700969
778.586297
778.433712
778.243479
778.015932
777.751466
777.450543
777.113688
777.094403
777.430928
777.731557
777.995764
778.223089
778.413135
778.565571
778.680131
778.756616
778.794891
778.794891
778.756616
778.680131
778.565571
778.413135
778.223089
777.995764
777.731557
777.430928
777.094403
777.075137
777.411333
777.711668
777.975617
778.202719
778.392579
778.544866
778.659314
778.735724
778.773962
778.773962
778.735724
778.659314
778.544866
778.392579
778.202719
777.975617
777.711668
777.411333
777.075137
777.055891
777.391758
777.691798
777.955489
778.182369
778.372043
778.524181
778.638517
778.714852
778.753053
778.753053
778.714852
778.638517
778.524181
778.372043
778.182369
777.955489
777.691798
777.391758
777.055891
777.036662
777.372201
777.671948
777.935380
778.162039
778.351527
778.503516
778.617740
778.694001
778.732164
778.732164
778.694001
778.617740
778.503516
778.351527
778.162039
777.935380
777.671948
777.372201
777.036662
777.017453
777.352664
777.652117
777.915292
778.141728
778.331032
778.482872
778.596984
778.673170
778.711296
778.711296
778.673170
778.596984
778.482872
778.331032
778.141728
777.915292
777.652117
777.352664
777.017453
776.998263
777.333145
777.632306
777.895223
778.121438
778.310556
778.462248
778.576248
778.652359
778.690448
778.690448
778.652359
778.576248
778.462248
778.310556
778.121438
777.895223
777.632306
777.333145
776.998263
776.979091
777.313646
777.612514
777.875174
778.101168
778.290101
778.441644
778.555533
778.631570
778.669621
778.669621
778.631570
778.555533
778.441644
778.290101
778.101168
777.875174
777.612514
777.313646
776.979091
776.959938
777.294166
777.592742
777.855145
778.080917
778.269665
778.421060
778.534838
778.610800
778.648814
778.648814
778.610800
778.534838
778.421060
778.269665
778.080917
777.855145
777.592742
777.294166
776.959938
776.940804
777.274705
777.572989
777.835135
778.060687
778.249250
778.400497
778.514163
778.590051
778.628028
778.628028
778.590051
778.514163
778.400497
778.249250
778.060687
777.835135
777.572989
777.274705
776.940804
776.921689
777.255263
777.553255
777.815145
778.040476
778.228855
778.379954
778.493509
778.569322
778.607262
778.607262
778.569322
778.493509
778.379954
778.228855
778.040476
777.815145
777.553255
777.255263
776.921689
776.902592
777.235840
777.533541
777.795174
778.020285
778.208480
778.359431
778.472875
778.548614
778.586517
778.586517
778.548614
778.472875
778.359431
778.208480
778.020285
777.795174
777.533541
777.235840
776.902592
776.883514
777.216436
777.513846
777.775223
778.000114
778.188124
778.338928
778.452261
778.527926
778.565792
778.565792
778.527926
778.452261
778.338928
778.188124
778.000114
777.775223
777.513846
777.216436
776.883514
776.864455
777.197051
777.494170
777.755292
777.979962
778.167789
778.318445
778.431667
778.507258
778.545087
778.545087
778.507258
778.431667
778.318445
778.167789
777.979962
777.755292
777.494170
777.197051
776.864455
776.845415
777.177686
777.474513
777.735380
777.959831
778.147474
778.297982
778.411094
778.486611
778.524403
778.524403
778.486611
778.411094
778.297982
778.147474
777.959831
777.735380
777.474513
777.177686
776.845415
