873.000000
873.000000
873.000000
873.000000
873.000000
873.000000
873.000000
873.000000
873.000000
873.000000
873.000000
873.000000
873.000000
873.000000
873.000000
873.000000
873.000000
873.000000
873.000000
873.000000
873.000000
873.000000
873.000000
873.000000
873.000000
873.000000
873.000000
873.000000
873.000000
873.000000
873.000000
873.000000
873.000000
873.000000
873.000000
873.000000
873.000000
873.000000
873.000000
873.000000
873.000000
873.000000
873.000000
873.000000
873.000000
873.000000
873.000000
873.000000
873.000000
873.000000
873.000000
873.000000
873.000000
873.000000
873.000000
873.000000
873.000000
873.000000
873.000000
873.000000
873.000000
873.000000
873.000000
873.000000
873.000000
873.000000
873.000000
873.000000
873.000000
873.000000
873.000000
873.000000
873.000000
873.000000
873.000000
873.000000
873.000000
873.000000
873.000000
873.000000
873.000000
873.000000
873.000000
873.000000
873.000000
873.000000
873.000000
873.000000
873.000000
873.000000
873.000000
873.000000
873.000000
873.000000
873.000000
873.000000
873.000000
873.000000
873.000000
873.000000
873.000000
873.000000
873.000000
873.000000
873.000000
873.000000
873.000000
873.000000
873.000000
873.000000
873.000000
873.000000
873.000000
873.000000
873.000000
873.000000
873.000000
873.000000
873.000000
873.000000
873.000000
873.000000
873.000000
873.000000
873.000000
873.000000
873.000000
873.000000
873.000000
873.000000
873.000000
873.000000
873.000000
873.000000
873.000000
873.000000
873.000000
873.000000
873.000000
873.000000
873.000000
873.000000
873.000000
873.000000
873.000000
873.000000
873.000000
873.000000
873.000000
873.000000
873.000000
873.000000
873.000000
873.000000
873.000000
873.000000
873.000000
873.000000
873.000000
873.000000
873.000000
873.000000
873.000000
873.000000
873.000000
873.000000
873.000000
873.000000
873.000000
873.000000
873.000000
873.000000
873.000000
873.000000
873.000000
873.000000
873.000000
873.000000
873.000000
873.000000
873.000000
873.000000
873.000000
873.000000
873.000000
873.000000
873.000000
873.000000
873.000000
873.000000
873.000000
873.000000
873.000000
873.000000
873.000000
873.000000
873.000000
873.000000
873.000000
873.000000
873.000000
873.000000
873.000000
873.000000
873.000000
873.000000
873.000000
873.000000
873.000000
873.000000
873.000000
873.000000
873.000000
873.000000
873.000000
873.000000
873.000000
873.000000
873.000000
873.000000
873.000000
873.000000
873.000000
873.000000
873.000000
873.000000
873.000000
873.000000
873.000000
873.000000
873.000000
873.000000
873.000000
873.000000
873.000000
873.000000
873.000000
873.000000
873.000000
873.000000
873.000000
873.000000
873.000000
873.000000
873.000000
873.000000
873.000000
873.000000
873.000000
873.000000
873.000000
873.000000
873.000000
873.000000
873.000000
873.000000
873.000000
873.000000
873.000000
873.000000
873.000000
873.000000
873.000000
873.000000
873.000000
873.000000
873.000000
873.000000
873.000000
873.000000
873.000000
873.000000
873.000000
873.000000
873.000000
873.000000
873.000000
873.000000
873.000000
873.000000
873.000000
873.000000
873.000000
873.000000
873.000000
873.000000
873.000000
873.000000
873.000000
873.000000
873.000000
873.000000
873.000000
873.000000
873.000000
873.000000
873.000000
873.000000
873.000000
873.000000
873.000000
873.000000
873.000000
873.000000
873.000000
873.000000
873.000000
873.000000
873.000000
873.000000
873.000000
873.000000
873.000000
873.000000
873.000000
873.000000
873.000000
873.000000
873.000000
873.000000
873.000000
873.000000
873.000000
873.000000
873.000000
873.000000
873.000000
873.000000
873.000000
873.000000
873.000000
873.000000
873.000000
873.000000
873.000000
873.000000
873.000000
873.000000
873.000000
873.000000
873.000000
873.000000
873.000000
873.000000
873.000000
873.000000
873.000000
873.000000
873.000000
873.000000
873.000000
873.000000
873.000000
873.000000
873.000000
873.000000
873.000000
873.000000
873.000000
873.000000
873.000000
873.000000
873.000000
873.000000
873.000000
873.000000
873.000000
873.000000
873.000000
873.000000
873.000000
873.000000
873.000000
873.000000
873.000000
873.000000
873.000000
873.000000
873.000000
873.000000
873.000000
873.000000
873.000000
873.000000
873.000000
873.000000
873.000000
873.000000
873.000000
873.000000
873.000000
873.000000
873.000000
873.000000
873.000000
873.000000
873.000000
873.000000
873.000000
873.000000
873.000000
873.000000
873.000000
873.000000
873.000000
873.000000
873.000000
873.000000
873.000000
873.000000
873.000000
873.000000
873.000000
873.000000
873.000000
873.000000
873.000000
873.000000
873.000000
873.000000
873.000000
873.000000
873.000000
873.000000
873.000000
873.000000
873.000000
873.000000
873.000000
873.000000
873.000000
873.000000
873.000000
873.000000
873.000000
873.000000
873.000000
873.000000
873.000000
873.000000
873.000000
873.000000
873.000000
873.000000
873.000000
873.000000
873.000000
873.000000
873.000000
873.000000
873.000000
873.000000
873.000000
873.000000
873.000000
873.000000
873.000000
873.000000
873.000000
873.000000
873.000000
873.000000
873.000000
873.000000
873.000000
873.000000
873.000000
873.000000
873.000000
873.000000
873.000000
873.000000
873.000000
873.000000
873.000000
873.000000
873.000000
873.000000
873.000000
873.000000
873.000000
873.000000
873.000000
873.000000
873.000000
873.000000
873.000000
873.000000
873.000000
873.000000
873.000000
873.000000
873.000000
873.000000
873.000000
873.000000
873.000000
873.000000
873.000000
873.000000
873.000000
873.000000
873.000000
873.000000
873.000000
873.000000
873.000000
873.000000
873.000000
873.000000
873.000000
873.000000
873.000000
873.000000
873.000000
873.000000
873.000000
873.000000
873.000000
873.000000
873.000000
873.000000
873.000000
873.000000
873.000000
873.000000
873.000000
873.000000
873.000000
873.000000
873.000000
873.000000
873.000000
873.000000
873.000000
873.000000
873.000000
873.000000
873.000000
873.000000
873.000000
873.000000
873.000000
873.000000
873.000000
873.000000
873.000000
873.000000
873.000000
873.000000
873.000000
873.000000
873.000000
873.000000
873.000000
873.000000
873.000000
873.000000
873.000000
873.000000
873.000000
873.000000
873.000000
873.000000
873.000000
873.000000
873.000000
873.000000
873.000000
873.000000
873.000000
873.000000
873.000000
873.000000
873.000000
873.000000
873.000000
873.000000
873.000000
873.000000
873.000000
873.000000
873.000000
873.000000
873.000000
873.000000
873.000000
873.000000
873.000000
873.000000
873.000000
873.000000
873.000000
873.000000
873.000000
873.000000
873.000000
873.000000
873.000000
873.000000
873.000000
873.000000
873.000000
873.000000
873.000000
873.000000
873.000000
873.000000
873.000000
873.000000
873.000000
873.000000
873.000000
873.000000
873.000000
873.000000
873.000000
873.000000
873.000000
873.000000
873.000000
873.000000
873.000000
873.000000
873.000000
873.000000
873.000000
873.000000
873.000000
873.000000
873.000000
873.000000
873.000000
873.000000
873.000000
873.000000
873.000000
873.000000
873.000000
873.000000
873.000000
873.000000
873.000000
873.000000
873.000000
873.000000
873.000000
873.000000
873.000000
873.000000
873.000000
873.000000
873.000000
873.000000
873.000000
873.000000
873.000000
873.000000
873.000000
873.000000
873.000000
873.000000
873.000000
873.000000
873.000000
873.000000
873.000000
873.000000
873.000000
873.000000
873.000000
873.000000
873.000000
873.000000
873.000000
873.000000
873.000000
873.000000
873.000000
873.000000
873.000000
873.000000
873.000000
873.000000
873.000000
873.000000
873.000000
873.000000
873.000000
873.000000
873.000000
873.000000
873.000000
873.000000
873.000000
873.000000
873.000000
873.000000
873.000000
873.000000
873.000000
873.000000
873.000000
873.000000
873.000000
873.000000
873.000000
873.000000
873.000000
873.000000
873.000000
873.000000
873.000000
873.000000
873.000000
873.000000
873.000000
873.000000
873.000000
873.000000
873.000000
873.000000
873.000000
873.000000
873.000000
873.000000
873.000000
873.000000
873.000000
873.000000
873.000000
873.000000
873.000000
873.000000
873.000000
873.000000
873.000000
873.000000
873.000000
873.000000
873.000000
873.000000
873.000000
873.000000
873.000000
873.000000
873.000000
873.000000
873.000000
873.000000
873.000000
873.000000
873.000000
873.000000
873.000000
873.000000
873.000000
873.000000
873.000000
873.000000
873.000000
873.000000
873.000000
873.000000
873.000000
873.000000
873.000000
873.000000
873.000000
873.000000
873.000000
873.000000
873.000000
873.000000
873.000000
873.000000
873.000000
873.000000
873.000000
873.000000
873.000000
873.000000
873.000000
873.000000
873.000000
873.000000
873.000000
873.000000
873.000000
873.000000
873.000000
873.000000
873.000000
873.000000
873.000000
873.000000
873.000000
873.000000
873.000000
873.000000
873.000000
873.000000
873.000000
873.000000
873.000000
873.000000
873.000000
873.000000
873.000000
873.000000
873.000000
873.000000
873.000000
873.000000
873.000000
873.000000
873.000000
873.000000
873.000000
873.000000
873.000000
873.000000
873.000000
873.000000
873.000000
873.000000
873.000000
873.000000
873.000000
873.000000
873.000000
873.000000
873.000000
873.000000
873.000000
873.000000
873.000000
873.000000
873.000000
873.000000
873.000000
873.000000
873.000000
873.000000
873.000000
873.000000
873.000000
873.000000
873.000000
873.000000
873.000000
873.000000
873.000000
873.000000
873.000000
873.000000
873.000000
873.000000
873.000000
873.000000
873.000000
873.000000
873.000000
873.000000
873.000000
873.000000
873.000000
873.000000
873.000000
873.000000
873.000000
873.000000
873.000000
873.000000
873.000000
873.000000
873.000000
873.000000
873.000000
873.000000
873.000000
873.000000
873.000000
873.000000
873.000000
873.000000
873.000000
873.000000
873.000000
873.000000
873.000000
873.000000
873.000000
873.000000
873.000000
873.000000
873.000000
873.000000
873.000000
873.000000
873.000000
873.000000
873.000000
873.000000
873.000000
873.000000
873.000000
873.000000
873.000000
873.000000
873.000000
873.000000
873.000000
873.000000
873.000000
873.000000
873.000000
873.000000
873.000000
873.000000
873.000000
873.000000
873.000000
873.000000
873.000000
873.000000
873.000000
873.000000
873.000000
873.000000
873.000000
873.000000
873.000000
873.000000
873.000000
873.000000
873.000000
873.000000
873.000000
873.000000
873.000000
873.000000
873.000000
873.000000
873.000000
873.000000
873.000000
873.000000
873.000000
873.000000
873.000000
873.000000
873.000000
873.000000
873.000000
873.000000
873.000000
873.000000
873.000000
873.000000
873.000000
873.000000
873.000000
873.000000
873.000000
873.000000
873.000000
873.000000
873.000000
873.000000
873.000000
873.000000
873.000000
873.000000
873.000000
873.000000
873.000000
873.000000
873.000000
873.000000
873.000000
873.000000
873.000000
873.000000
873.000000
873.000000
873.000000
873.000000
873.000000
873.000000
873.000000
873.000000
873.000000
873.000000
873.000000
873.000000
873.000000
873.000000
873.000000
873.000000
873.000000
873.000000
873.000000
873.000000
873.000000
873.000000
873.000000
873.000000
873.000000
873.000000
873.000000
873.000000
873.000000
873.000000
873.000000
873.000000
873.000000
873.000000
873.000000
873.000000
873.000000
873.000000
873.000000
873.000000
873.000000
873.000000
873.000000
873.000000
873.000000
873.000000
873.000000
873.000000
873.000000
873.000000
873.000000
873.000000
873.000000
873.000000
873.000000
873.000000
873.000000
873.000000
873.000000
873.000000
873.000000
873.000000
873.000000
873.000000
873.000000
873.000000
873.000000
873.000000
873.000000
873.000000
873.000000
873.000000
873.000000
873.000000
873.000000
873.000000
873.000000
873.000000
873.000000
873.000000
873.000000
873.000000
873.000000
873.000000
873.000000
873.000000
873.000000
873.000000
873.000000
873.000000
873.000000
873.000000
873.000000
873.000000
873.000000
873.000000
873.000000
873.000000
873.000000
873.000000
873.000000
873.000000
873.000000
873.000000
873.000000
873.000000
873.000000
873.000000
873.000000
873.000000
873.000000
873.000000
873.000000
873.000000
873.000000
873.000000
873.000000
873.000000
873.000000
873.000000
873.000000
873.000000
873.000000
873.000000
873.000000
873.000000
873.000000
873.000000
873.000000
873.000000
873.000000
873.000000
873.000000
873.000000
873.000000
873.000000
873.000000
873.000000
873.000000
873.000000
873.000000
873.000000
873.000000
873.000000
873.000000
873.000000
873.000000
873.000000
873.000000
873.000000
873.000000
873.000000
873.000000
873.000000
873.000000
873.000000
873.000000
873.000000
873.000000
873.000000
873.000000
873.000000
873.000000
873.000000
873.000000
873.000000
873.000000
873.000000
873.000000
873.000000
873.000000
873.000000
873.000000
873.000000
873.000000
873.000000
873.000000
873.000000
873.000000
873.000000
873.000000
873.000000
873.000000
873.000000
873.000000
873.000000
873.000000
873.000000
873.000000
873.000000
873.000000
873.000000
873.000000
873.000000
873.000000
873.000000
873.000000
873.000000
873.000000
873.000000
873.000000
873.000000
873.000000
873.000000
873.000000
873.000000
873.000000
873.000000
873.000000
873.000000
873.000000
873.000000
873.000000
873.000000
873.000000
873.000000
873.000000
873.000000
873.000000
873.000000
873.000000
873.000000
873.000000
873.000000
873.000000
873.000000
873.000000
873.000000
873.000000
873.000000
873.000000
873.000000
873.000000
873.000000
873.000000
873.000000
873.000000
873.000000
873.000000
873.000000
873.000000
873.000000
873.000000
873.000000
873.000000
873.000000
873.000000
873.000000
873.000000
873.000000
873.000000
873.000000
873.000000
873.000000
873.000000
873.000000
873.000000
873.000000
873.000000
873.000000
873.000000
873.000000
873.000000
873.000000
873.000000
873.000000
873.000000
873.000000
873.000000
873.000000
873.000000
873.000000
873.000000
873.000000
873.000000
873.000000
873.000000
873.000000
873.000000
873.000000
873.000000
873.000000
873.000000
873.000000
873.000000
873.000000
873.000000
873.000000
873.000000
873.000000
873.000000
873.000000
873.000000
873.000000
873.000000
873.000000
873.000000
873.000000
873.000000
873.000000
873.000000
873.000000
873.000000
873.000000
873.000000
873.000000
873.000000
873.000000
873.000000
873.000000
873.000000
873.000000
873.000000
873.000000
873.000000
873.000000
873.000000
873.000000
873.000000
873.000000
873.000000
873.000000
873.000000
873.000000
873.000000
873.000000
873.000000
873.000000
873.000000
873.000000
873.000000
873.000000
873.000000
873.000000
873.000000
873.000000
873.000000
873.000000
873.000000
873.000000
873.000000
873.000000
873.000000
873.000000
873.000000
873.000000
873.000000
873.000000
873.000000
873.000000
873.000000
873.000000
873.000000
873.000000
873.000000
873.000000
873.000000
873.000000
873.000000
873.000000
873.000000
873.000000
873.000000
873.000000
873.000000
873.000000
873.000000
873.000000
873.000000
873.000000
873.000000
873.000000
873.000000
873.000000
873.000000
873.000000
873.000000
873.000000
873.000000
873.000000
873.000000
873.000000
873.000000
873.000000
873.000000
873.000000
873.000000
873.000000
873.000000
873.000000
873.000000
873.000000
873.000000
873.000000
873.000000
873.000000
873.000000
873.000000
873.000000
873.000000
873.000000
873.000000
873.000000
873.000000
873.000000
873.000000
873.000000
873.000000
873.000000
873.000000
873.000000
873.000000
873.000000
873.000000
873.000000
873.000000
873.000000
873.000000
873.000000
873.000000
873.000000
873.000000
873.000000
873.000000
873.000000
873.000000
873.000000
873.000000
873.000000
873.000000
873.000000
873.000000
873.000000
873.000000
873.000000
873.000000
873.000000
873.000000
873.000000
873.000000
873.000000
873.000000
873.000000
873.000000
873.000000
873.000000
873.000000
873.000000
873.000000
873.000000
873.000000
873.000000
873.000000
873.000000
873.000000
873.000000
873.000000
873.000000
873.000000
873.000000
873.000000
873.000000
873.000000
873.000000
873.000000
873.000000
873.000000
873.000000
873.000000
873.000000
873.000000
873.000000
873.000000
873.000000
873.000000
873.000000
873.000000
873.000000
873.000000
873.000000
873.000000
873.000000
873.000000
873.000000
873.000000
873.000000
873.000000
873.000000
873.000000
873.000000
873.000000
873.000000
873.000000
873.000000
873.000000
873.000000
873.000000
873.000000
873.000000
873.000000
873.000000
873.000000
873.000000
873.000000
873.000000
873.000000
873.000000
873.000000
873.000000
873.000000
873.000000
873.000000
873.000000
873.000000
873.000000
873.000000
873.000000
873.000000
873.000000
873.000000
873.000000
873.000000
873.000000
873.000000
873.000000
873.000000
873.000000
873.000000
873.000000
873.000000
873.000000
873.000000
873.000000
873.000000
873.000000
873.000000
873.000000
873.000000
873.000000
873.000000
873.000000
873.000000
873.000000
873.000000
873.000000
873.000000
873.000000
873.000000
873.000000
873.000000
873.000000
873.000000
873.000000
873.000000
873.000000
873.000000
873.000000
873.000000
873.000000
873.000000
873.000000
873.000000
873.000000
873.000000
873.000000
873.000000
873.000000
873.000000
873.000000
873.000000
873.000000
873.000000
873.000000
873.000000
873.000000
873.000000
873.000000
873.000000
873.000000
873.000000
873.000000
873.000000
873.000000
873.000000
873.000000
873.000000
873.000000
873.000000
873.000000
873.000000
873.000000
873.000000
873.000000
873.000000
873.000000
873.000000
873.000000
873.000000
873.000000
873.000000
873.000000
873.000000
873.000000
873.000000
873.000000
873.000000
873.000000
873.000000
873.000000
873.000000
873.000000
873.000000
873.000000
873.000000
873.000000
873.000000
873.000000
873.000000
873.000000
873.000000
873.000000
873.000000
873.000000
873.000000
873.000000
873.000000
873.000000
873.000000
873.000000
873.000000
873.000000
873.000000
873.000000
873.000000
873.000000
873.000000
873.000000
873.000000
873.000000
873.000000
873.000000
873.000000
873.000000
873.000000
873.000000
873.000000
873.000000
873.000000
873.000000
873.000000
873.000000
873.000000
873.000000
873.000000
873.000000
873.000000
873.000000
873.000000
873.000000
873.000000
873.000000
873.000000
873.000000
873.000000
873.000000
873.000000
873.000000
873.000000
873.000000
873.000000
873.000000
873.000000
873.000000
873.000000
873.000000
873.000000
873.000000
873.000000
873.000000
873.000000
873.000000
873.000000
873.000000
873.000000
873.000000
873.000000
873.000000
873.000000
873.000000
873.000000
873.000000
873.000000
873.000000
873.000000
873.000000
873.000000
873.000000
873.000000
873.000000
873.000000
873.000000
873.000000
873.000000
873.000000
873.000000
873.000000
873.000000
873.000000
873.000000
873.000000
873.000000
873.000000
873.000000
873.000000
873.000000
873.000000
873.000000
873.000000
873.000000
873.000000
873.000000
873.000000
873.000000
873.000000
873.000000
873.000000
873.000000
873.000000
873.000000
873.000000
873.000000
873.000000
873.000000
873.000000
873.000000
873.000000
873.000000
873.000000
873.000000
873.000000
873.000000
873.000000
873.000000
873.000000
873.000000
873.000000
873.000000
873.000000
873.000000
873.000000
873.000000
873.000000
873.000000
873.000000
873.000000
873.000000
873.000000
873.000000
873.000000
873.000000
873.000000
873.000000
873.000000
873.000000
873.000000
873.000000
873.000000
873.000000
873.000000
873.000000
873.000000
873.000000
873.000000
873.000000
873.000000
873.000000
873.000000
873.000000
873.000000
873.000000
873.000000
873.000000
873.000000
873.000000
873.000000
873.000000
873.000000
873.000000
873.000000
873.000000
873.000000
873.000000
873.000000
873.000000
873.000000
873.000000
873.000000
873.000000
873.000000
873.000000
873.000000
873.000000
873.000000
873.000000
873.000000
873.000000
873.000000
873.000000
873.000000
873.000000
873.000000
873.000000
873.000000
873.000000
873.000000
873.000000
873.000000
873.000000
873.000000
873.000000
873.000000
873.000000
873.000000
873.000000
873.000000
873.000000
873.000000
873.000000
873.000000
873.000000
873.000000
873.000000
873.000000
873.000000
873.000000
873.000000
873.000000
873.000000
873.000000
873.000000
873.000000
873.000000
873.000000
873.000000
873.000000
873.000000
873.000000
873.000000
873.000000
873.000000
873.000000
873.000000
873.000000
873.000000
873.000000
873.000000
873.000000
873.000000
873.000000
873.000000
873.000000
873.000000
873.000000
873.000000
873.000000
873.000000
873.000000
873.000000
873.000000
873.000000
873.000000
873.000000
873.000000
873.000000
873.000000
873.000000
873.000000
873.000000
873.000000
873.000000
873.000000
873.000000
873.000000
873.000000
873.000000
873.000000
873.000000
873.000000
873.000000
873.000000
873.000000
873.000000
873.000000
873.000000
873.000000
873.000000
873.000000
873.000000
873.000000
873.000000
873.000000
873.000000
873.000000
873.000000
873.000000
873.000000
873.000000
873.000000
873.000000
873.000000
873.000000
873.000000
873.000000
873.000000
873.000000
873.000000
873.000000
873.000000
873.000000
873.000000
873.000000
873.000000
873.000000
873.000000
873.000000
873.000000
873.000000
873.000000
873.000000
873.000000
873.000000
873.000000
873.000000
873.000000
873.000000
873.000000
873.000000
873.000000
873.000000
873.000000
873.000000
873.000000
873.000000
873.000000
873.000000
873.000000
873.000000
873.000000
873.000000
873.000000
873.000000
873.000000
873.000000
873.000000
873.000000
873.000000
873.000000
873.000000
873.000000
873.000000
873.000000
873.000000
873.000000
873.000000
873.000000
873.000000
873.000000
873.000000
873.000000
873.000000
873.000000
873.000000
873.000000
873.000000
873.000000
873.000000
873.000000
873.000000
873.000000
873.000000
873.000000
873.000000
873.000000
873.000000
873.000000
873.000000
873.000000
873.000000
873.000000
873.000000
873.000000
873.000000
873.000000
873.000000
873.000000
873.000000
873.000000
873.000000
873.000000
873.000000
873.000000
873.000000
873.000000
873.000000
873.000000
873.000000
873.000000
873.000000
873.000000
873.000000
873.000000
873.000000
873.000000
873.000000
873.000000
873.000000
873.000000
873.000000
873.000000
873.000000
873.000000
873.000000
873.000000
873.000000
873.000000
873.000000
873.000000
873.000000
873.000000
873.000000
873.000000
873.000000
873.000000
873.000000
873.000000
873.000000
873.000000
873.000000
873.000000
873.000000
873.000000
873.000000
873.000000
873.000000
873.000000
873.000000
873.000000
873.000000
873.000000
873.000000
873.000000
873.000000
873.000000
873.000000
873.000000
873.000000
873.000000
873.000000
873.000000
873.000000
873.000000
873.000000
873.000000
873.000000
873.000000
873.000000
873.000000
873.000000
873.000000
873.000000
873.000000
873.000000
873.000000
873.000000
873.000000
873.000000
873.000000
873.000000
873.000000
873.000000
873.000000
873.000000
873.000000
873.000000
873.000000
873.000000
873.000000
873.000000
873.000000
873.000000
873.000000
873.000000
873.000000
873.000000
873.000000
873.000000
873.000000
873.000000
873.000000
873.000000
873.000000
873.000000
873.000000
873.000000
873.000000
873.000000
873.000000
873.000000
873.000000
873.000000
873.000000
873.000000
873.000000
873.000000
873.000000
873.000000
873.000000
873.000000
873.000000
873.000000
873.000000
873.000000
873.000000
873.000000
873.000000
873.000000
873.000000
873.000000
873.000000
873.000000
873.000000
873.000000
873.000000
873.000000
873.000000
873.000000
873.000000
873.000000
873.000000
873.000000
873.000000
873.000000
873.000000
873.000000
873.000000
873.000000
873.000000
873.000000
873.000000
873.000000
873.000000
873.000000
873.000000
873.000000
873.000000
873.000000
873.000000
873.000000
873.000000
873.000000
873.000000
873.000000
873.000000
873.000000
873.000000
873.000000
873.000000
873.000000
873.000000
873.000000
873.000000
873.000000
873.000000
873.000000
873.000000
873.000000
873.000000
873.000000
873.000000
873.000000
873.000000
873.000000
873.000000
873.000000
873.000000
873.000000
873.000000
873.000000
873.000000
873.000000
873.000000
873.000000
873.000000
873.000000
873.000000
873.000000
873.000000
873.000000
873.000000
873.000000
873.000000
873.000000
873.000000
873.000000
873.000000
873.000000
873.000000
873.000000
873.000000
873.000000
873.000000
873.000000
873.000000
873.000000
873.000000
873.000000
873.000000
873.000000
873.000000
873.000000
873.000000
873.000000
873.000000
873.000000
873.000000
873.000000
873.000000
873.000000
873.000000
873.000000
873.000000
873.000000
873.000000
873.000000
873.000000
873.000000
873.000000
873.000000
873.000000
873.000000
873.000000
873.000000
873.000000
873.000000
873.000000
873.000000
873.000000
873.000000
873.000000
873.000000
873.000000
873.000000
873.000000
873.000000
873.000000
873.000000
873.000000
873.000000
873.000000
873.000000
873.000000
873.000000
873.000000
873.000000
873.000000
873.000000
873.000000
873.000000
873.000000
873.000000
873.000000
873.000000
873.000000
873.000000
873.000000
873.000000
873.000000
873.000000
873.000000
873.000000
873.000000
873.000000
873.000000
873.000000
873.000000
873.000000
873.000000
873.000000
873.000000
873.000000
873.000000
873.000000
873.000000
873.000000
873.000000
873.000000
873.000000
873.000000
873.000000
873.000000
873.000000
873.000000
873.000000
873.000000
873.000000
873.000000
873.000000
873.000000
873.000000
873.000000
873.000000
873.000000
873.000000
873.000000
873.000000
873.000000
873.000000
873.000000
873.000000
873.000000
873.000000
873.000000
873.000000
873.000000
873.000000
873.000000
873.000000
873.000000
873.000000
873.000000
873.000000
873.000000
873.000000
873.000000
873.000000
873.000000
873.000000
873.000000
873.000000
873.000000
873.000000
873.000000
873.000000
873.000000
873.000000
873.000000
873.000000
873.000000
873.000000
873.000000
873.000000
873.000000
873.000000
873.000000
873.000000
873.000000
873.000000
873.000000
873.000000
873.000000
873.000000
873.000000
873.000000
873.000000
873.000000
873.000000
873.000000
873.000000
873.000000
873.000000
873.000000
873.000000
873.000000
873.000000
873.000000
873.000000
873.000000
873.000000
873.000000
873.000000
873.000000
873.000000
873.000000
873.000000
873.000000
873.000000
873.000000
873.000000
873.000000
873.000000
873.000000
873.000000
873.000000
873.000000
873.000000
873.000000
873.000000
873.000000
873.000000
873.000000
873.000000
873.000000
873.000000
873.000000
873.000000
873.000000
873.000000
873.000000
873.000000
873.000000
873.000000
873.000000
873.000000
873.000000
873.000000
873.000000
873.000000
873.000000
873.000000
873.000000
873.000000
873.000000
873.000000
873.000000
873.000000
873.000000
873.000000
873.000000
873.000000
873.000000
873.000000
873.000000
873.000000
873.000000
873.000000
873.000000
873.000000
873.000000
873.000000
873.000000
873.000000
873.000000
873.000000
873.000000
873.000000
873.000000
873.000000
873.000000
873.000000
873.000000
873.000000
873.000000
873.000000
873.000000
873.000000
873.000000
873.000000
873.000000
873.000000
873.000000
873.000000
873.000000
873.000000
873.000000
873.000000
873.000000
873.000000
873.000000
873.000000
873.000000
873.000000
873.000000
873.000000
873.000000
873.000000
873.000000
873.000000
873.000000
873.000000
873.000000
873.000000
873.000000
873.000000
873.000000
873.000000
873.000000
873.000000
873.000000
873.000000
873.000000
873.000000
873.000000
873.000000
873.000000
873.000000
873.000000
873.000000
873.000000
873.000000
873.000000
873.000000
873.000000
873.000000
873.000000
873.000000
873.000000
873.000000
873.000000
873.000000
873.000000
873.000000
873.000000
873.000000
873.000000
873.000000
873.000000
873.000000
873.000000
873.000000
873.000000
873.000000
873.000000
873.000000
873.000000
873.000000
873.000000
873.000000
873.000000
873.000000
873.000000
873.000000
873.000000
873.000000
873.000000
873.000000
873.000000
873.000000
873.000000
873.000000
873.000000
873.000000
873.000000
873.000000
873.000000
873.000000
873.000000
873.000000
873.000000
873.000000
873.000000
873.000000
873.000000
873.000000
873.000000
873.000000
873.000000
873.000000
873.000000
873.000000
873.000000
873.000000
873.000000
873.000000
873.000000
873.000000
873.000000
873.000000
873.000000
873.000000
873.000000
873.000000
873.000000
873.000000
873.000000
873.000000
873.000000
873.000000
873.000000
873.000000
873.000000
873.000000
873.000000
873.000000
873.000000
873.000000
873.000000
873.000000
873.000000
873.000000
873.000000
873.000000
873.000000
873.000000
873.000000
873.000000
873.000000
873.000000
873.000000
873.000000
873.000000
873.000000
873.000000
873.000000
873.000000
873.000000
873.000000
873.000000
873.000000
873.000000
873.000000
873.000000
873.000000
873.000000
873.000000
873.000000
873.000000
873.000000
873.000000
873.000000
873.000000
873.000000
873.000000
873.000000
873.000000
873.000000
873.000000
873.000000
873.000000
873.000000
873.000000
873.000000
873.000000
873.000000
873.000000
873.000000
873.000000
873.000000
873.000000
873.000000
873.000000
873.000000
873.000000
873.000000
873.000000
873.000000
873.000000
873.000000
873.000000
873.000000
873.000000
873.000000
873.000000
873.000000
873.000000
873.000000
873.000000
873.000000
873.000000
873.000000
873.000000
873.000000
873.000000
873.000000
873.000000
873.000000
873.000000
873.000000
873.000000
873.000000
873.000000
873.000000
873.000000
873.000000
873.000000
873.000000
873.000000
873.000000
873.000000
873.000000
873.000000
873.000000
873.000000
873.000000
873.000000
873.000000
873.000000
873.000000
873.000000
873.000000
873.000000
873.000000
873.000000
873.000000
873.000000
873.000000
873.000000
873.000000
873.000000
873.000000
873.000000
873.000000
873.000000
873.000000
873.000000
873.000000
873.000000
873.000000
873.000000
873.000000
873.000000
873.000000
873.000000
873.000000
873.000000
873.000000
873.000000
873.000000
873.000000
873.000000
873.000000
873.000000
873.000000
873.000000
873.000000
873.000000
873.000000
873.000000
873.000000
873.000000
873.000000
873.000000
873.000000
873.000000
873.000000
873.000000
873.000000
873.000000
873.000000
873.000000
873.000000
873.000000
873.000000
873.000000
873.000000
873.000000
873.000000
873.000000
873.000000
873.000000
873.000000
873.000000
873.000000
873.000000
873.000000
873.000000
873.000000
873.000000
873.000000
873.000000
873.000000
873.000000
873.000000
873.000000
873.000000
873.000000
873.000000
873.000000
873.000000
873.000000
873.000000
873.000000
873.000000
873.000000
873.000000
873.000000
873.000000
873.000000
873.000000
873.000000
873.000000
873.000000
873.000000
873.000000
873.000000
873.000000
873.000000
873.000000
873.000000
873.000000
873.000000
873.000000
873.000000
873.000000
873.000000
873.000000
873.000000
873.000000
873.000000
873.000000
873.000000
873.000000
873.000000
873.000000
873.000000
873.000000
873.000000
873.000000
873.000000
873.000000
873.000000
873.000000
873.000000
873.000000
873.000000
873.000000
873.000000
873.000000
873.000000
873.000000
873.000000
873.000000
873.000000
873.000000
873.000000
873.000000
873.000000
873.000000
873.000000
873.000000
873.000000
873.000000
873.000000
873.000000
873.000000
873.000000
873.000000
873.000000
873.000000
873.000000
873.000000
873.000000
873.000000
873.000000
873.000000
873.000000
873.000000
873.000000
873.000000
873.000000
873.000000
873.000000
873.000000
873.000000
873.000000
873.000000
873.000000
873.000000
873.000000
873.000000
873.000000
873.000000
873.000000
873.000000
873.000000
873.000000
873.000000
873.000000
873.000000
873.000000
873.000000
873.000000
873.000000
873.000000
873.000000
873.000000
873.000000
873.000000
873.000000
873.000000
873.000000
873.000000
873.000000
873.000000
873.000000
873.000000
873.000000
873.000000
873.000000
873.000000
873.000000
873.000000
873.000000
873.000000
873.000000
873.000000
873.000000
873.000000
873.000000
873.000000
873.000000
873.000000
873.000000
873.000000
873.000000
873.000000
873.000000
873.000000
873.000000
873.000000
873.000000
873.000000
873.000000
873.000000
873.000000
873.000000
873.000000
873.000000
873.000000
873.000000
873.000000
873.000000
873.000000
873.000000
873.000000
873.000000
873.000000
873.000000
873.000000
873.000000
873.000000
873.000000
873.000000
873.000000
873.000000
873.000000
873.000000
873.000000
873.000000
873.000000
873.000000
873.000000
873.000000
873.000000
873.000000
873.000000
873.000000
873.000000
873.000000
873.000000
873.000000
873.000000
873.000000
873.000000
873.000000
873.000000
873.000000
873.000000
873.000000
873.000000
873.000000
873.000000
873.000000
873.000000
873.000000
873.000000
873.000000
873.000000
873.000000
873.000000
873.000000
873.000000
873.000000
873.000000
873.000000
873.000000
873.000000
873.000000
873.000000
873.000000
873.000000
873.000000
873.000000
873.000000
873.000000
873.000000
873.000000
873.000000
873.000000
873.000000
873.000000
873.000000
873.000000
873.000000
873.000000
873.000000
873.000000
873.000000
873.000000
873.000000
873.000000
873.000000
873.000000
873.000000
873.000000
873.000000
873.000000
873.000000
873.000000
873.000000
873.000000
873.000000
873.000000
873.000000
873.000000
873.000000
873.000000
873.000000
873.000000
873.000000
873.000000
873.000000
873.000000
873.000000
873.000000
873.000000
873.000000
873.000000
873.000000
873.000000
873.000000
873.000000
873.000000
873.000000
873.000000
873.000000
873.000000
873.000000
873.000000
873.000000
873.000000
873.000000
873.000000
873.000000
873.000000
873.000000
873.000000
873.000000
873.000000
873.000000
873.000000
873.000000
873.000000
873.000000
873.000000
873.000000
873.000000
873.000000
873.000000
873.000000
873.000000
873.000000
873.000000
873.000000
873.000000
873.000000
873.000000
873.000000
873.000000
873.000000
873.000000
873.000000
873.000000
873.000000
873.000000
873.000000
873.000000
873.000000
873.000000
873.000000
873.000000
873.000000
873.000000
873.000000
873.000000
873.000000
873.000000
873.000000
873.000000
873.000000
873.000000
873.000000
873.000000
873.000000
873.000000
873.000000
873.000000
873.000000
873.000000
873.000000
873.000000
873.000000
873.000000
873.000000
873.000000
873.000000
873.000000
873.000000
873.000000
873.000000
873.000000
873.000000
873.000000
873.000000
873.000000
873.000000
873.000000
873.000000
873.000000
873.000000
873.000000
873.000000
873.000000
873.000000
873.000000
873.000000
873.000000
873.000000
873.000000
873.000000
873.000000
873.000000
873.000000
873.000000
873.000000
873.000000
873.000000
873.000000
873.000000
873.000000
873.000000
873.000000
873.000000
873.000000
873.000000
873.000000
873.000000
873.000000
873.000000
873.000000
873.000000
873.000000
873.000000
873.000000
873.000000
873.000000
873.000000
873.000000
873.000000
873.000000
873.000000
873.000000
873.000000
873.000000
873.000000
873.000000
873.000000
873.000000
873.000000
873.000000
873.000000
873.000000
873.000000
873.000000
873.000000
873.000000
873.000000
873.000000
873.000000
873.000000
873.000000
873.000000
873.000000
873.000000
873.000000
873.000000
873.000000
873.000000
873.000000
873.000000
873.000000
873.000000
873.000000
873.000000
873.000000
873.000000
873.000000
873.000000
873.000000
873.000000
873.000000
873.000000
873.000000
873.000000
873.000000
873.000000
873.000000
873.000000
873.000000
873.000000
873.000000
873.000000
873.000000
873.000000
873.000000
873.000000
873.000000
873.000000
873.000000
873.000000
873.000000
873.000000
873.000000
873.000000
873.000000
873.000000
873.000000
873.000000
873.000000
873.000000
873.000000
873.000000
873.000000
873.000000
873.000000
873.000000
873.000000
873.000000
873.000000
873.000000
873.000000
873.000000
873.000000
873.000000
873.000000
873.000000
873.000000
873.000000
873.000000
873.000000
873.000000
873.000000
873.000000
873.000000
873.000000
873.000000
873.000000
873.000000
873.000000
873.000000
873.000000
873.000000
873.000000
873.000000
873.000000
873.000000
873.000000
873.000000
873.000000
873.000000
873.000000
873.000000
873.000000
873.000000
873.000000
873.000000
873.000000
873.000000
873.000000
873.000000
873.000000
873.000000
873.000000
873.000000
873.000000
873.000000
873.000000
873.000000
873.000000
873.000000
873.000000
873.000000
873.000000
873.000000
873.000000
873.000000
873.000000
873.000000
873.000000
873.000000
873.000000
873.000000
873.000000
873.000000
873.000000
873.000000
873.000000
873.000000
873.000000
873.000000
873.000000
873.000000
873.000000
873.000000
873.000000
873.000000
873.000000
873.000000
873.000000
873.000000
873.000000
873.000000
873.000000
873.000000
873.000000
873.000000
873.000000
873.000000
873.000000
873.000000
873.000000
873.000000
873.000000
873.000000
873.000000
873.000000
873.000000
873.000000
873.000000
873.000000
873.000000
873.000000
873.000000
873.000000
873.000000
873.000000
873.000000
873.000000
873.000000
873.000000
873.000000
873.000000
873.000000
873.000000
873.000000
873.000000
873.000000
873.000000
873.000000
873.000000
873.000000
873.000000
873.000000
873.000000
873.000000
873.000000
873.000000
873.000000
873.000000
873.000000
873.000000
873.000000
873.000000
873.000000
873.000000
873.000000
873.000000
873.000000
873.000000
873.000000
873.000000
873.000000
873.000000
873.000000
873.000000
873.000000
873.000000
873.000000
873.000000
873.000000
873.000000
873.000000
873.000000
873.000000
873.000000
873.000000
873.000000
873.000000
873.000000
873.000000
873.000000
873.000000
873.000000
873.000000
873.000000
873.000000
873.000000
873.000000
873.000000
873.000000
873.000000
873.000000
873.000000
873.000000
873.000000
873.000000
873.000000
873.000000
873.000000
873.000000
873.000000
873.000000
873.000000
873.000000
873.000000
873.000000
873.000000
873.000000
873.000000
873.000000
873.000000
873.000000
873.000000
873.000000
873.000000
873.000000
873.000000
873.000000
873.000000
873.000000
873.000000
873.000000
873.000000
873.000000
873.000000
873.000000
873.000000
873.000000
873.000000
873.000000
873.000000
873.000000
873.000000
873.000000
873.000000
873.000000
873.000000
873.000000
873.000000
873.000000
873.000000
873.000000
873.000000
873.000000
873.000000
873.000000
873.000000
873.000000
873.000000
873.000000
873.000000
873.000000
873.000000
873.000000
873.000000
873.000000
873.000000
873.000000
873.000000
873.000000
873.000000
873.000000
873.000000
873.000000
873.000000
873.000000
873.000000
873.000000
873.000000
873.000000
873.000000
873.000000
873.000000
873.000000
873.000000
873.000000
873.000000
873.000000
873.000000
873.000000
873.000000
873.000000
873.000000
873.000000
873.000000
873.000000
873.000000
873.000000
873.000000
873.000000
873.000000
873.000000
873.000000
873.000000
873.000000
873.000000
873.000000
873.000000
873.000000
873.000000
873.000000
873.000000
873.000000
873.000000
873.000000
873.000000
873.000000
873.000000
873.000000
873.000000
873.000000
873.000000
873.000000
873.000000
873.000000
873.000000
873.000000
873.000000
873.000000
873.000000
873.000000
873.000000
873.000000
873.000000
873.000000
873.000000
873.000000
873.000000
873.000000
873.000000
873.000000
873.000000
873.000000
873.000000
873.000000
873.000000
873.000000
873.000000
873.000000
873.000000
873.000000
873.000000
873.000000
873.000000
873.000000
873.000000
873.000000
873.000000
873.000000
873.000000
873.000000
873.000000
873.000000
873.000000
873.000000
873.000000
873.000000
873.000000
873.000000
873.000000
873.000000
873.000000
873.000000
873.000000
873.000000
873.000000
873.000000
873.000000
873.000000
873.000000
873.000000
873.000000
873.000000
873.000000
873.000000
873.000000
873.000000
873.000000
873.000000
873.000000
873.000000
873.000000
873.000000
873.000000
873.000000
873.000000
873.000000
873.000000
873.000000
873.000000
873.000000
873.000000
873.000000
873.000000
873.000000
873.000000
873.000000
873.000000
873.000000
873.000000
873.000000
873.000000
873.000000
873.000000
873.000000
873.000000
873.000000
873.000000
873.000000
873.000000
873.000000
873.000000
873.000000
873.000000
873.000000
873.000000
873.000000
873.000000
873.000000
873.000000
873.000000
873.000000
873.000000
873.000000
873.000000
873.000000
873.000000
873.000000
873.000000
873.000000
873.000000
873.000000
873.000000
873.000000
873.000000
873.000000
873.000000
873.000000
873.000000
873.000000
873.000000
873.000000
873.000000
873.000000
873.000000
873.000000
873.000000
873.000000
873.000000
873.000000
873.000000
873.000000
873.000000
873.000000
873.000000
873.000000
873.000000
873.000000
873.000000
873.000000
873.000000
873.000000
873.000000
873.000000
873.000000
873.000000
873.000000
873.000000
873.000000
873.000000
873.000000
873.000000
873.000000
873.000000
873.000000
873.000000
873.000000
873.000000
873.000000
873.000000
873.000000
873.000000
873.000000
873.000000
873.000000
873.000000
873.000000
873.000000
873.000000
873.000000
873.000000
873.000000
873.000000
873.000000
873.000000
873.000000
873.000000
873.000000
873.000000
873.000000
873.000000
873.000000
873.000000
873.000000
873.000000
873.000000
873.000000
873.000000
873.000000
873.000000
873.000000
873.000000
873.000000
873.000000
873.000000
873.000000
873.000000
873.000000
873.000000
873.000000
873.000000
873.000000
873.000000
873.000000
873.000000
873.000000
873.000000
873.000000
873.000000
873.000000
873.000000
873.000000
873.000000
873.000000
873.000000
873.000000
873.000000
873.000000
873.000000
873.000000
873.000000
873.000000
873.000000
873.000000
873.000000
873.000000
873.000000
873.000000
873.000000
873.000000
873.000000
873.000000
873.000000
873.000000
873.000000
873.000000
873.000000
873.000000
873.000000
873.000000
873.000000
873.000000
873.000000
873.000000
873.000000
873.000000
873.000000
873.000000
873.000000
873.000000
873.000000
873.000000
873.000000
873.000000
873.000000
873.000000
873.000000
873.000000
873.000000
873.000000
873.000000
873.000000
873.000000
873.000000
873.000000
873.000000
873.000000
873.000000
873.000000
873.000000
873.000000
873.000000
873.000000
873.000000
873.000000
873.000000
873.000000
873.000000
873.000000
873.000000
873.000000
873.000000
873.000000
873.000000
873.000000
873.000000
873.000000
873.000000
873.000000
873.000000
873.000000
873.000000
873.000000
873.000000
873.000000
873.000000
873.000000
873.000000
873.000000
873.000000
873.000000
873.000000
873.000000
873.000000
873.000000
873.000000
873.000000
873.000000
873.000000
873.000000
873.000000
873.000000
873.000000
873.000000
873.000000
873.000000
873.000000
873.000000
873.000000
873.000000
873.000000
873.000000
873.000000
873.000000
873.000000
873.000000
873.000000
873.000000
873.000000
873.000000
873.000000
873.000000
873.000000
873.000000
873.000000
873.000000
873.000000
873.000000
873.000000
873.000000
873.000000
873.000000
873.000000
873.000000
873.000000
873.000000
873.000000
873.000000
873.000000
873.000000
873.000000
873.000000
873.000000
873.000000
873.000000
873.000000
873.000000
873.000000
873.000000
873.000000
873.000000
873.000000
873.000000
873.000000
873.000000
873.000000
873.000000
873.000000
873.000000
873.000000
873.000000
873.000000
873.000000
873.000000
873.000000
873.000000
873.000000
873.000000
873.000000
873.000000
873.000000
873.000000
873.000000
873.000000
873.000000
873.000000
873.000000
873.000000
873.000000
873.000000
873.000000
873.000000
873.000000
873.000000
873.000000
873.000000
873.000000
873.000000
873.000000
873.000000
873.000000
873.000000
873.000000
873.000000
873.000000
873.000000
873.000000
873.000000
873.000000
873.000000
873.000000
873.000000
873.000000
873.000000
873.000000
873.000000
873.000000
873.000000
873.000000
873.000000
873.000000
873.000000
873.000000
873.000000
873.000000
873.000000
873.000000
873.000000
873.000000
873.000000
873.000000
873.000000
873.000000
873.000000
873.000000
873.000000
873.000000
873.000000
873.000000
873.000000
873.000000
873.000000
873.000000
873.000000
873.000000
873.000000
873.000000
873.000000
873.000000
873.000000
873.000000
873.000000
873.000000
873.000000
873.000000
873.000000
873.000000
873.000000
873.000000
873.000000
873.000000
873.000000
873.000000
873.000000
873.000000
873.000000
873.000000
873.000000
873.000000
873.000000
873.000000
873.000000
873.000000
873.000000
873.000000
873.000000
873.000000
873.000000
873.000000
873.000000
873.000000
873.000000
873.000000
873.000000
873.000000
873.000000
873.000000
873.000000
873.000000
873.000000
873.000000
873.000000
873.000000
873.000000
873.000000
873.000000
873.000000
873.000000
873.000000
873.000000
873.000000
873.000000
873.000000
873.000000
873.000000
873.000000
873.000000
873.000000
873.000000
873.000000
873.000000
873.000000
873.000000
873.000000
873.000000
873.000000
873.000000
873.000000
873.000000
873.000000
873.000000
873.000000
873.000000
873.000000
873.000000
873.000000
873.000000
873.000000
873.000000
873.000000
873.000000
873.000000
873.000000
873.000000
873.000000
873.000000
873.000000
873.000000
873.000000
873.000000
873.000000
873.000000
873.000000
873.000000
873.000000
873.000000
873.000000
873.000000
873.000000
873.000000
873.000000
873.000000
873.000000
873.000000
873.000000
873.000000
873.000000
873.000000
873.000000
873.000000
873.000000
873.000000
873.000000
873.000000
873.000000
873.000000
873.000000
873.000000
873.000000
873.000000
873.000000
873.000000
873.000000
873.000000
873.000000
873.000000
873.000000
873.000000
873.000000
873.000000
873.000000
873.000000
873.000000
873.000000
873.000000
873.000000
873.000000
873.000000
873.000000
873.000000
873.000000
873.000000
873.000000
873.000000
873.000000
873.000000
873.000000
873.000000
873.000000
873.000000
873.000000
873.000000
873.000000
873.000000
873.000000
873.000000
873.000000
873.000000
873.000000
873.000000
873.000000
873.000000
873.000000
873.000000
873.000000
873.000000
873.000000
873.000000
873.000000
873.000000
873.000000
873.000000
873.000000
873.000000
873.000000
873.000000
873.000000
873.000000
873.000000
873.000000
873.000000
873.000000
873.000000
873.000000
873.000000
873.000000
873.000000
873.000000
873.000000
873.000000
873.000000
873.000000
873.000000
873.000000
873.000000
873.000000
873.000000
873.000000
873.000000
873.000000
873.000000
873.000000
873.000000
873.000000
873.000000
873.000000
873.000000
873.000000
873.000000
873.000000
873.000000
873.000000
873.000000
873.000000
873.000000
873.000000
873.000000
873.000000
873.000000
873.000000
873.000000
873.000000
873.000000
873.000000
873.000000
873.000000
873.000000
873.000000
873.000000
873.000000
873.000000
873.000000
873.000000
873.000000
873.000000
873.000000
873.000000
873.000000
873.000000
873.000000
873.000000
873.000000
873.000000
873.000000
873.000000
873.000000
873.000000
873.000000
873.000000
873.000000
873.000000
873.000000
873.000000
873.000000
873.000000
873.000000
873.000000
873.000000
873.000000
873.000000
873.000000
873.000000
873.000000
873.000000
873.000000
873.000000
873.000000
873.000000
873.000000
873.000000
873.000000
873.000000
873.000000
873.000000
873.000000
873.000000
873.000000
873.000000
873.000000
873.000000
873.000000
873.000000
873.000000
873.000000
873.000000
873.000000
873.000000
873.000000
873.000000
873.000000
873.000000
873.000000
873.000000
873.000000
873.000000
873.000000
873.000000
873.000000
873.000000
873.000000
873.000000
873.000000
873.000000
873.000000
873.000000
873.000000
873.000000
873.000000
873.000000
873.000000
873.000000
873.000000
873.000000
873.000000
873.000000
873.000000
873.000000
873.000000
873.000000
873.000000
873.000000
873.000000
873.000000
873.000000
873.000000
873.000000
873.000000
873.000000
873.000000
873.000000
873.000000
873.000000
873.000000
873.000000
873.000000
873.000000
873.000000
873.000000
873.000000
873.000000
873.000000
873.000000
873.000000
873.000000
873.000000
873.000000
873.000000
873.000000
873.000000
873.000000
873.000000
873.000000
873.000000
873.000000
873.000000
873.000000
873.000000
873.000000
873.000000
873.000000
873.000000
873.000000
873.000000
873.000000
873.000000
873.000000
873.000000
873.000000
873.000000
873.000000
873.000000
873.000000
873.000000
873.000000
873.000000
873.000000
873.000000
873.000000
873.000000
873.000000
873.000000
873.000000
873.000000
873.000000
873.000000
873.000000
873.000000
873.000000
873.000000
873.000000
873.000000
873.000000
873.000000
873.000000
873.000000
873.000000
873.000000
873.000000
873.000000
873.000000
873.000000
873.000000
873.000000
873.000000
873.000000
873.000000
873.000000
873.000000
873.000000
873.000000
873.000000
873.000000
873.000000
873.000000
873.000000
873.000000
873.000000
873.000000
873.000000
873.000000
873.000000
873.000000
873.000000
873.000000
873.000000
873.000000
873.000000
873.000000
873.000000
873.000000
873.000000
873.000000
873.000000
873.000000
873.000000
873.000000
873.000000
873.000000
873.000000
873.000000
873.000000
873.000000
873.000000
873.000000
873.000000
873.000000
873.000000
873.000000
873.000000
873.000000
873.000000
873.000000
873.000000
873.000000
873.000000
873.000000
873.000000
873.000000
873.000000
873.000000
873.000000
873.000000
873.000000
873.000000
873.000000
873.000000
873.000000
873.000000
873.000000
873.000000
873.000000
873.000000
873.000000
873.000000
873.000000
873.000000
873.000000
873.000000
873.000000
873.000000
873.000000
873.000000
873.000000
873.000000
873.000000
873.000000
873.000000
873.000000
873.000000
873.000000
873.000000
873.000000
873.000000
873.000000
873.000000
873.000000
873.000000
873.000000
873.000000
873.000000
873.000000
873.000000
873.000000
873.000000
873.000000
873.000000
873.000000
873.000000
873.000000
873.000000
873.000000
873.000000
873.000000
873.000000
873.000000
873.000000
873.000000
873.000000
873.000000
873.000000
873.000000
873.000000
873.000000
873.000000
873.000000
873.000000
873.000000
873.000000
873.000000
873.000000
873.000000
873.000000
873.000000
873.000000
873.000000
873.000000
873.000000
873.000000
873.000000
873.000000
873.000000
873.000000
873.000000
873.000000
873.000000
873.000000
873.000000
873.000000
873.000000
873.000000
873.000000
873.000000
873.000000
873.000000
873.000000
873.000000
873.000000
873.000000
873.000000
873.000000
873.000000
873.000000
873.000000
873.000000
873.000000
873.000000
873.000000
873.000000
873.000000
873.000000
873.000000
873.000000
873.000000
873.000000
873.000000
873.000000
873.000000
873.000000
873.000000
873.000000
873.000000
873.000000
873.000000
873.000000
873.000000
873.000000
873.000000
873.000000
873.000000
873.000000
873.000000
873.000000
873.000000
873.000000
873.000000
873.000000
873.000000
873.000000
873.000000
873.000000
873.000000
873.000000
873.000000
873.000000
873.000000
873.000000
873.000000
873.000000
873.000000
873.000000
873.000000
873.000000
873.000000
873.000000
873.000000
873.000000
873.000000
873.000000
873.000000
873.000000
873.000000
873.000000
873.000000
873.000000
873.000000
873.000000
873.000000
873.000000
873.000000
873.000000
873.000000
873.000000
873.000000
873.000000
873.000000
873.000000
873.000000
873.000000
873.000000
873.000000
873.000000
873.000000
873.000000
873.000000
873.000000
873.000000
873.000000
873.000000
873.000000
873.000000
873.000000
873.000000
873.000000
873.000000
873.000000
873.000000
873.000000
873.000000
873.000000
873.000000
873.000000
873.000000
873.000000
873.000000
873.000000
873.000000
873.000000
873.000000
873.000000
873.000000
873.000000
873.000000
873.000000
873.000000
873.000000
873.000000
873.000000
873.000000
873.000000
873.000000
873.000000
873.000000
873.000000
873.000000
873.000000
873.000000
873.000000
873.000000
873.000000
873.000000
873.000000
873.000000
873.000000
873.000000
873.000000
873.000000
873.000000
873.000000
873.000000
873.000000
873.000000
873.000000
873.000000
873.000000
873.000000
873.000000
873.000000
873.000000
873.000000
873.000000
873.000000
873.000000
873.000000
873.000000
873.000000
873.000000
873.000000
873.000000
873.000000
873.000000
873.000000
873.000000
873.000000
873.000000
873.000000
873.000000
873.000000
873.000000
873.000000
873.000000
873.000000
873.000000
873.000000
873.000000
873.000000
873.000000
873.000000
873.000000
873.000000
873.000000
873.000000
873.000000
873.000000
873.000000
873.000000
873.000000
873.000000
873.000000
873.000000
873.000000
873.000000
873.000000
873.000000
873.000000
873.000000
873.000000
873.000000
873.000000
873.000000
873.000000
873.000000
873.000000
873.000000
873.000000
873.000000
873.000000
873.000000
873.000000
873.000000
873.000000
873.000000
873.000000
873.000000
873.000000
873.000000
873.000000
873.000000
873.000000
873.000000
873.000000
873.000000
873.000000
873.000000
873.000000
873.000000
873.000000
873.000000
873.000000
873.000000
873.000000
873.000000
873.000000
873.000000
873.000000
873.000000
873.000000
873.000000
873.000000
873.000000
873.000000
873.000000
873.000000
873.000000
873.000000
873.000000
873.000000
873.000000
873.000000
873.000000
873.000000
873.000000
873.000000
873.000000
873.000000
873.000000
873.000000
873.000000
873.000000
873.000000
873.000000
873.000000
873.000000
873.000000
873.000000
873.000000
873.000000
873.000000
873.000000
873.000000
873.000000
873.000000
873.000000
873.000000
873.000000
873.000000
873.000000
873.000000
873.000000
873.000000
873.000000
873.000000
873.000000
873.000000
873.000000
873.000000
873.000000
873.000000
873.000000
873.000000
873.000000
873.000000
873.000000
873.000000
873.000000
873.000000
873.000000
873.000000
873.000000
873.000000
873.000000
873.000000
873.000000
873.000000
873.000000
873.000000
873.000000
873.000000
873.000000
873.000000
873.000000
873.000000
873.000000
873.000000
873.000000
873.000000
873.000000
873.000000
873.000000
873.000000
873.000000
873.000000
873.000000
873.000000
873.000000
873.000000
873.000000
873.000000
873.000000
873.000000
873.000000
873.000000
873.000000
873.000000
873.000000
873.000000
873.000000
873.000000
873.000000
873.000000
873.000000
873.000000
873.000000
873.000000
873.000000
873.000000
873.000000
873.000000
873.000000
873.000000
873.000000
873.000000
873.000000
873.000000
873.000000
873.000000
873.000000
873.000000
873.000000
873.000000
873.000000
873.000000
873.000000
873.000000
873.000000
873.000000
873.000000
873.000000
873.000000
873.000000
873.000000
873.000000
873.000000
873.000000
873.000000
873.000000
873.000000
873.000000
873.000000
873.000000
873.000000
873.000000
873.000000
873.000000
873.000000
873.000000
873.000000
873.000000
873.000000
873.000000
873.000000
873.000000
873.000000
873.000000
873.000000
873.000000
873.000000
873.000000
873.000000
873.000000
873.000000
873.000000
873.000000
873.000000
873.000000
873.000000
873.000000
873.000000
873.000000
873.000000
873.000000
873.000000
873.000000
873.000000
873.000000
873.000000
873.000000
873.000000
873.000000
873.000000
873.000000
873.000000
873.000000
873.000000
873.000000
873.000000
873.000000
873.000000
873.000000
873.000000
873.000000
873.000000
873.000000
873.000000
873.000000
873.000000
873.000000
873.000000
873.000000
873.000000
873.000000
873.000000
873.000000
873.000000
873.000000
873.000000
873.000000
873.000000
873.000000
873.000000
873.000000
873.000000
873.000000
873.000000
873.000000
873.000000
873.000000
873.000000
873.000000
873.000000
873.000000
873.000000
873.000000
873.000000
873.000000
873.000000
873.000000
873.000000
873.000000
873.000000
873.000000
873.000000
873.000000
873.000000
873.000000
873.000000
873.000000
873.000000
873.000000
873.000000
873.000000
873.000000
873.000000
873.000000
873.000000
873.000000
873.000000
873.000000
873.000000
873.000000
873.000000
873.000000
873.000000
873.000000
873.000000
873.000000
873.000000
873.000000
873.000000
873.000000
873.000000
873.000000
873.000000
873.000000
873.000000
873.000000
873.000000
873.000000
873.000000
873.000000
873.000000
873.000000
873.000000
873.000000
873.000000
873.000000
873.000000
873.000000
873.000000
873.000000
873.000000
873.000000
873.000000
873.000000
873.000000
873.000000
873.000000
873.000000
873.000000
873.000000
873.000000
873.000000
873.000000
873.000000
873.000000
873.000000
873.000000
873.000000
873.000000
873.000000
873.000000
873.000000
873.000000
873.000000
873.000000
873.000000
873.000000
873.000000
873.000000
873.000000
873.000000
873.000000
873.000000
873.000000
873.000000
873.000000
873.000000
873.000000
873.000000
873.000000
873.000000
873.000000
873.000000
873.000000
873.000000
873.000000
873.000000
873.000000
873.000000
873.000000
873.000000
873.000000
873.000000
873.000000
873.000000
873.000000
873.000000
873.000000
873.000000
873.000000
873.000000
873.000000
873.000000
873.000000
873.000000
873.000000
873.000000
873.000000
873.000000
873.000000
873.000000
873.000000
873.000000
873.000000
873.000000
873.000000
873.000000
873.000000
873.000000
873.000000
873.000000
873.000000
873.000000
873.000000
873.000000
873.000000
873.000000
873.000000
873.000000
873.000000
873.000000
873.000000
873.000000
873.000000
873.000000
873.000000
873.000000
873.000000
873.000000
873.000000
873.000000
873.000000
873.000000
873.000000
873.000000
873.000000
873.000000
873.000000
873.000000
873.000000
873.000000
873.000000
873.000000
873.000000
873.000000
873.000000
873.000000
873.000000
873.000000
873.000000
873.000000
873.000000
873.000000
873.000000
873.000000
873.000000
873.000000
873.000000
873.000000
873.000000
873.000000
873.000000
873.000000
873.000000
873.000000
873.000000
873.000000
873.000000
873.000000
873.000000
873.000000
873.000000
873.000000
873.000000
873.000000
873.000000
873.000000
873.000000
873.000000
873.000000
873.000000
873.000000
873.000000
873.000000
873.000000
873.000000
873.000000
873.000000
873.000000
873.000000
873.000000
873.000000
873.000000
873.000000
873.000000
873.000000
873.000000
873.000000
873.000000
873.000000
873.000000
873.000000
873.000000
873.000000
873.000000
873.000000
873.000000
873.000000
873.000000
873.000000
873.000000
873.000000
873.000000
873.000000
873.000000
873.000000
873.000000
873.000000
873.000000
873.000000
873.000000
873.000000
873.000000
873.000000
873.000000
873.000000
873.000000
873.000000
873.000000
873.000000
873.000000
873.000000
873.000000
873.000000
873.000000
873.000000
873.000000
873.000000
873.000000
873.000000
873.000000
873.000000
873.000000
873.000000
873.000000
873.000000
873.000000
873.000000
873.000000
873.000000
873.000000
873.000000
873.000000
873.000000
873.000000
873.000000
873.000000
873.000000
873.000000
873.000000
873.000000
873.000000
873.000000
873.000000
873.000000
873.000000
873.000000
873.000000
873.000000
873.000000
873.000000
873.000000
873.000000
873.000000
873.000000
873.000000
873.000000
873.000000
873.000000
873.000000
873.000000
873.000000
873.000000
873.000000
873.000000
873.000000
873.000000
873.000000
873.000000
873.000000
873.000000
873.000000
873.000000
873.000000
873.000000
873.000000
873.000000
873.000000
873.000000
873.000000
873.000000
873.000000
873.000000
873.000000
873.000000
873.000000
873.000000
873.000000
873.000000
873.000000
873.000000
873.000000
873.000000
873.000000
873.000000
873.000000
873.000000
873.000000
873.000000
873.000000
873.000000
873.000000
873.000000
873.000000
873.000000
873.000000
873.000000
873.000000
873.000000
873.000000
873.000000
873.000000
873.000000
873.000000
873.000000
873.000000
873.000000
873.000000
873.000000
873.000000
873.000000
873.000000
873.000000
873.000000
873.000000
873.000000
873.000000
873.000000
873.000000
873.000000
873.000000
873.000000
873.000000
873.000000
873.000000
873.000000
873.000000
873.000000
873.000000
873.000000
873.000000
873.000000
873.000000
873.000000
873.000000
873.000000
873.000000
873.000000
873.000000
873.000000
873.000000
873.000000
873.000000
873.000000
873.000000
873.000000
873.000000
873.000000
873.000000
873.000000
873.000000
873.000000
873.000000
873.000000
873.000000
873.000000
873.000000
873.000000
873.000000
873.000000
873.000000
873.000000
873.000000
873.000000
873.000000
873.000000
873.000000
873.000000
873.000000
873.000000
873.000000
873.000000
873.000000
873.000000
873.000000
873.000000
873.000000
873.000000
873.000000
873.000000
873.000000
873.000000
873.000000
873.000000
873.000000
873.000000
873.000000
873.000000
873.000000
873.000000
873.000000
873.000000
873.000000
873.000000
873.000000
873.000000
873.000000
873.000000
873.000000
873.000000
873.000000
873.000000
873.000000
873.000000
873.000000
873.000000
873.000000
873.000000
873.000000
873.000000
873.000000
873.000000
873.000000
873.000000
873.000000
873.000000
873.000000
873.000000
873.000000
873.000000
873.000000
873.000000
873.000000
873.000000
873.000000
873.000000
873.000000
873.000000
873.000000
873.000000
873.000000
873.000000
873.000000
873.000000
873.000000
873.000000
873.000000
873.000000
873.000000
873.000000
873.000000
873.000000
873.000000
873.000000
873.000000
873.000000
873.000000
873.000000
873.000000
873.000000
873.000000
873.000000
873.000000
873.000000
873.000000
873.000000
873.000000
873.000000
873.000000
873.000000
873.000000
873.000000
873.000000
873.000000
873.000000
873.000000
873.000000
873.000000
873.000000
873.000000
873.000000
873.000000
873.000000
873.000000
873.000000
873.000000
873.000000
873.000000
873.000000
873.000000
873.000000
873.000000
873.000000
873.000000
873.000000
873.000000
873.000000
873.000000
873.000000
873.000000
873.000000
873.000000
873.000000
873.000000
873.000000
873.000000
873.000000
873.000000
873.000000
873.000000
873.000000
873.000000
873.000000
873.000000
873.000000
873.000000
873.000000
873.000000
873.000000
873.000000
873.000000
873.000000
873.000000
873.000000
873.000000
873.000000
873.000000
873.000000
873.000000
873.000000
873.000000
873.000000
873.000000
873.000000
873.000000
873.000000
873.000000
873.000000
873.000000
873.000000
873.000000
873.000000
873.000000
873.000000
873.000000
873.000000
873.000000
873.000000
873.000000
873.000000
873.000000
873.000000
873.000000
873.000000
873.000000
873.000000
873.000000
873.000000
873.000000
873.000000
873.000000
873.000000
873.000000
873.000000
873.000000
873.000000
873.000000
873.000000
873.000000
873.000000
873.000000
873.000000
873.000000
873.000000
873.000000
873.000000
873.000000
873.000000
873.000000
873.000000
873.000000
873.000000
873.000000
873.000000
873.000000
873.000000
873.000000
873.000000
873.000000
873.000000
873.000000
873.000000
873.000000
873.000000
873.000000
873.000000
873.000000
873.000000
873.000000
873.000000
873.000000
873.000000
873.000000
873.000000
873.000000
873.000000
873.000000
873.000000
873.000000
873.000000
873.000000
873.000000
873.000000
873.000000
873.000000
873.000000
873.000000
873.000000
873.000000
873.000000
873.000000
873.000000
873.000000
873.000000
873.000000
873.000000
873.000000
873.000000
873.000000
873.000000
873.000000
873.000000
873.000000
873.000000
873.000000
873.000000
873.000000
873.000000
873.000000
873.000000
873.000000
873.000000
873.000000
873.000000
873.000000
873.000000
873.000000
873.000000
873.000000
873.000000
873.000000
873.000000
873.000000
873.000000
873.000000
873.000000
873.000000
873.000000
873.000000
873.000000
873.000000
873.000000
873.000000
873.000000
873.000000
873.000000
873.000000
873.000000
873.000000
873.000000
873.000000
873.000000
873.000000
873.000000
873.000000
873.000000
873.000000
873.000000
873.000000
873.000000
873.000000
873.000000
873.000000
873.000000
873.000000
873.000000
873.000000
873.000000
873.000000
873.000000
873.000000
873.000000
873.000000
873.000000
873.000000
873.000000
873.000000
873.000000
873.000000
873.000000
873.000000
873.000000
873.000000
873.000000
873.000000
873.000000
873.000000
873.000000
873.000000
873.000000
873.000000
873.000000
873.000000
873.000000
873.000000
873.000000
873.000000
873.000000
873.000000
873.000000
873.000000
873.000000
873.000000
873.000000
873.000000
873.000000
873.000000
873.000000
873.000000
873.000000
873.000000
873.000000
873.000000
873.000000
873.000000
873.000000
873.000000
873.000000
873.000000
873.000000
873.000000
873.000000
873.000000
873.000000
873.000000
873.000000
873.000000
873.000000
873.000000
873.000000
873.000000
873.000000
873.000000
873.000000
873.000000
873.000000
873.000000
873.000000
873.000000
873.000000
873.000000
873.000000
873.000000
873.000000
873.000000
873.000000
873.000000
873.000000
873.000000
873.000000
873.000000
873.000000
873.000000
873.000000
873.000000
873.000000
873.000000
873.000000
873.000000
873.000000
873.000000
873.000000
873.000000
873.000000
873.000000
873.000000
873.000000
873.000000
873.000000
873.000000
873.000000
873.000000
873.000000
873.000000
873.000000
873.000000
873.000000
873.000000
873.000000
873.000000
873.000000
873.000000
873.000000
873.000000
873.000000
873.000000
873.000000
873.000000
873.000000
873.000000
873.000000
873.000000
873.000000
873.000000
873.000000
873.000000
873.000000
873.000000
873.000000
873.000000
873.000000
873.000000
873.000000
873.000000
873.000000
873.000000
873.000000
873.000000
873.000000
873.000000
873.000000
873.000000
873.000000
873.000000
873.000000
873.000000
873.000000
873.000000
873.000000
873.000000
873.000000
873.000000
873.000000
873.000000
873.000000
873.000000
873.000000
873.000000
873.000000
873.000000
873.000000
873.000000
873.000000
873.000000
873.000000
873.000000
873.000000
873.000000
873.000000
873.000000
873.000000
873.000000
873.000000
873.000000
873.000000
873.000000
873.000000
873.000000
873.000000
873.000000
873.000000
873.000000
873.000000
873.000000
873.000000
873.000000
873.000000
873.000000
873.000000
873.000000
873.000000
873.000000
873.000000
873.000000
873.000000
873.000000
873.000000
873.000000
873.000000
873.000000
873.000000
873.000000
873.000000
873.000000
873.000000
873.000000
873.000000
873.000000
873.000000
873.000000
873.000000
873.000000
873.000000
873.000000
873.000000
873.000000
873.000000
873.000000
873.000000
873.000000
873.000000
873.000000
873.000000
873.000000
873.000000
873.000000
873.000000
873.000000
873.000000
873.000000
873.000000
873.000000
873.000000
873.000000
873.000000
873.000000
873.000000
873.000000
873.000000
873.000000
873.000000
873.000000
873.000000
873.000000
873.000000
873.000000
873.000000
873.000000
873.000000
873.000000
873.000000
873.000000
873.000000
873.000000
873.000000
873.000000
873.000000
873.000000
873.000000
873.000000
873.000000
873.000000
873.000000
873.000000
873.000000
873.000000
873.000000
873.000000
873.000000
873.000000
873.000000
873.000000
873.000000
873.000000
873.000000
873.000000
873.000000
873.000000
873.000000
873.000000
873.000000
873.000000
873.000000
873.000000
873.000000
873.000000
873.000000
873.000000
873.000000
873.000000
873.000000
873.000000
873.000000
873.000000
873.000000
873.000000
873.000000
873.000000
873.000000
873.000000
873.000000
873.000000
873.000000
873.000000
873.000000
873.000000
873.000000
873.000000
873.000000
873.000000
873.000000
873.000000
873.000000
873.000000
873.000000
873.000000
873.000000
873.000000
873.000000
873.000000
873.000000
873.000000
873.000000
873.000000
873.000000
873.000000
873.000000
873.000000
873.000000
873.000000
873.000000
873.000000
873.000000
873.000000
873.000000
873.000000
873.000000
873.000000
873.000000
873.000000
873.000000
873.000000
873.000000
873.000000
873.000000
873.000000
873.000000
873.000000
873.000000
873.000000
873.000000
873.000000
873.000000
873.000000
873.000000
873.000000
873.000000
873.000000
873.000000
873.000000
873.000000
873.000000
873.000000
873.000000
873.000000
873.000000
873.000000
873.000000
873.000000
873.000000
873.000000
873.000000
873.000000
873.000000
873.000000
873.000000
873.000000
873.000000
873.000000
873.000000
873.000000
873.000000
873.000000
873.000000
873.000000
873.000000
873.000000
873.000000
873.000000
873.000000
873.000000
873.000000
873.000000
873.000000
873.000000
873.000000
873.000000
873.000000
873.000000
873.000000
873.000000
873.000000
873.000000
873.000000
873.000000
873.000000
873.000000
873.000000
873.000000
873.000000
873.000000
873.000000
873.000000
873.000000
873.000000
873.000000
873.000000
873.000000
873.000000
873.000000
873.000000
873.000000
873.000000
873.000000
873.000000
873.000000
873.000000
873.000000
873.000000
873.000000
873.000000
873.000000
873.000000
873.000000
873.000000
873.000000
873.000000
873.000000
873.000000
873.000000
873.000000
873.000000
873.000000
873.000000
873.000000
873.000000
873.000000
873.000000
873.000000
873.000000
873.000000
873.000000
873.000000
873.000000
873.000000
873.000000
873.000000
873.000000
873.000000
873.000000
873.000000
873.000000
873.000000
873.000000
873.000000
873.000000
873.000000
873.000000
873.000000
873.000000
873.000000
873.000000
873.000000
873.000000
873.000000
873.000000
873.000000
873.000000
873.000000
873.000000
873.000000
873.000000
873.000000
873.000000
873.000000
873.000000
873.000000
873.000000
873.000000
873.000000
873.000000
873.000000
873.000000
873.000000
873.000000
873.000000
873.000000
873.000000
873.000000
873.000000
873.000000
873.000000
873.000000
873.000000
873.000000
873.000000
873.000000
873.000000
873.000000
873.000000
873.000000
873.000000
873.000000
873.000000
873.000000
873.000000
873.000000
873.000000
873.000000
873.000000
873.000000
873.000000
873.000000
873.000000
873.000000
873.000000
873.000000
873.000000
873.000000
873.000000
873.000000
873.000000
873.000000
873.000000
873.000000
873.000000
873.000000
873.000000
873.000000
873.000000
873.000000
873.000000
873.000000
873.000000
873.000000
873.000000
873.000000
873.000000
873.000000
873.000000
873.000000
873.000000
873.000000
873.000000
873.000000
873.000000
873.000000
873.000000
873.000000
873.000000
873.000000
873.000000
873.000000
873.000000
873.000000
873.000000
873.000000
873.000000
873.000000
873.000000
873.000000
873.000000
873.000000
873.000000
873.000000
873.000000
873.000000
873.000000
873.000000
873.000000
873.000000
873.000000
873.000000
873.000000
873.000000
873.000000
873.000000
873.000000
873.000000
873.000000
873.000000
873.000000
873.000000
873.000000
873.000000
873.000000
873.000000
873.000000
873.000000
873.000000
873.000000
873.000000
873.000000
873.000000
873.000000
873.000000
873.000000
873.000000
873.000000
873.000000
873.000000
873.000000
873.000000
873.000000
873.000000
873.000000
873.000000
873.000000
873.000000
873.000000
873.000000
873.000000
873.000000
873.000000
873.000000
873.000000
873.000000
873.000000
873.000000
873.000000
873.000000
873.000000
873.000000
873.000000
873.000000
873.000000
873.000000
873.000000
873.000000
873.000000
873.000000
873.000000
873.000000
873.000000
873.000000
873.000000
873.000000
873.000000
873.000000
873.000000
873.000000
873.000000
873.000000
873.000000
873.000000
873.000000
873.000000
873.000000
873.000000
873.000000
873.000000
873.000000
873.000000
873.000000
873.000000
873.000000
873.000000
873.000000
873.000000
873.000000
873.000000
873.000000
873.000000
873.000000
873.000000
873.000000
873.000000
873.000000
873.000000
873.000000
873.000000
873.000000
873.000000
873.000000
873.000000
873.000000
873.000000
873.000000
873.000000
873.000000
873.000000
873.000000
873.000000
873.000000
873.000000
873.000000
873.000000
873.000000
873.000000
873.000000
873.000000
873.000000
873.000000
873.000000
873.000000
873.000000
873.000000
873.000000
873.000000
873.000000
873.000000
873.000000
873.000000
873.000000
873.000000
873.000000
873.000000
873.000000
873.000000
873.000000
873.000000
873.000000
873.000000
873.000000
873.000000
873.000000
873.000000
873.000000
873.000000
873.000000
873.000000
873.000000
873.000000
873.000000
873.000000
873.000000
873.000000
873.000000
873.000000
873.000000
873.000000
873.000000
873.000000
873.000000
873.000000
873.000000
873.000000
873.000000
873.000000
873.000000
873.000000
873.000000
873.000000
873.000000
873.000000
873.000000
873.000000
873.000000
873.000000
873.000000
873.000000
873.000000
873.000000
873.000000
873.000000
873.000000
873.000000
873.000000
873.000000
873.000000
873.000000
873.000000
873.000000
873.000000
873.000000
873.000000
873.000000
873.000000
873.000000
873.000000
873.000000
873.000000
873.000000
873.000000
873.000000
873.000000
873.000000
873.000000
873.000000
873.000000
873.000000
873.000000
873.000000
873.000000
873.000000
873.000000
873.000000
873.000000
873.000000
873.000000
873.000000
873.000000
873.000000
873.000000
873.000000
873.000000
873.000000
873.000000
873.000000
873.000000
873.000000
873.000000
873.000000
873.000000
873.000000
873.000000
873.000000
873.000000
873.000000
873.000000
873.000000
873.000000
873.000000
873.000000
873.000000
873.000000
873.000000
873.000000
873.000000
873.000000
873.000000
873.000000
873.000000
873.000000
873.000000
873.000000
873.000000
873.000000
873.000000
873.000000
873.000000
873.000000
873.000000
873.000000
873.000000
873.000000
873.000000
873.000000
873.000000
873.000000
873.000000
873.000000
873.000000
873.000000
873.000000
873.000000
873.000000
873.000000
873.000000
873.000000
873.000000
873.000000
873.000000
873.000000
873.000000
873.000000
873.000000
873.000000
873.000000
873.000000
873.000000
873.000000
873.000000
873.000000
873.000000
873.000000
873.000000
873.000000
873.000000
873.000000
873.000000
873.000000
873.000000
873.000000
873.000000
873.000000
873.000000
873.000000
873.000000
873.000000
873.000000
873.000000
873.000000
873.000000
873.000000
873.000000
873.000000
873.000000
873.000000
873.000000
873.000000
873.000000
873.000000
873.000000
873.000000
873.000000
873.000000
873.000000
873.000000
873.000000
873.000000
873.000000
873.000000
873.000000
873.000000
873.000000
873.000000
873.000000
873.000000
873.000000
873.000000
873.000000
873.000000
873.000000
873.000000
873.000000
873.000000
873.000000
873.000000
873.000000
873.000000
873.000000
873.000000
873.000000
873.000000
873.000000
873.000000
873.000000
873.000000
873.000000
873.000000
873.000000
873.000000
873.000000
873.000000
873.000000
873.000000
873.000000
873.000000
873.000000
873.000000
873.000000
873.000000
873.000000
873.000000
873.000000
873.000000
873.000000
873.000000
873.000000
873.000000
873.000000
873.000000
873.000000
873.000000
873.000000
873.000000
873.000000
873.000000
873.000000
873.000000
873.000000
873.000000
873.000000
873.000000
873.000000
873.000000
873.000000
873.000000
873.000000
873.000000
873.000000
873.000000
873.000000
873.000000
873.000000
873.000000
873.000000
873.000000
873.000000
873.000000
873.000000
873.000000
873.000000
873.000000
873.000000
873.000000
873.000000
873.000000
873.000000
873.000000
873.000000
873.000000
873.000000
873.000000
873.000000
873.000000
873.000000
873.000000
873.000000
873.000000
873.000000
873.000000
873.000000
873.000000
873.000000
873.000000
873.000000
873.000000
873.000000
873.000000
873.000000
873.000000
873.000000
873.000000
873.000000
873.000000
873.000000
873.000000
873.000000
873.000000
873.000000
873.000000
873.000000
873.000000
873.000000
873.000000
873.000000
873.000000
873.000000
873.000000
873.000000
873.000000
873.000000
873.000000
873.000000
873.000000
873.000000
873.000000
873.000000
873.000000
873.000000
873.000000
873.000000
873.000000
873.000000
873.000000
873.000000
873.000000
873.000000
873.000000
873.000000
873.000000
873.000000
873.000000
873.000000
873.000000
873.000000
873.000000
873.000000
873.000000
873.000000
873.000000
873.000000
873.000000
873.000000
873.000000
873.000000
873.000000
873.000000
873.000000
873.000000
873.000000
873.000000
873.000000
873.000000
873.000000
873.000000
873.000000
873.000000
873.000000
873.000000
873.000000
873.000000
873.000000
873.000000
873.000000
873.000000
873.000000
873.000000
873.000000
873.000000
873.000000
873.000000
873.000000
873.000000
873.000000
873.000000
873.000000
873.000000
873.000000
873.000000
873.000000
873.000000
873.000000
873.000000
873.000000
873.000000
873.000000
873.000000
873.000000
873.000000
873.000000
873.000000
873.000000
873.000000
873.000000
873.000000
873.000000
873.000000
873.000000
873.000000
873.000000
873.000000
873.000000
873.000000
873.000000
873.000000
873.000000
873.000000
873.000000
873.000000
873.000000
873.000000
873.000000
873.000000
873.000000
873.000000
873.000000
873.000000
873.000000
873.000000
873.000000
873.000000
873.000000
873.000000
873.000000
873.000000
873.000000
873.000000
873.000000
873.000000
873.000000
873.000000
873.000000
873.000000
873.000000
873.000000
873.000000
873.000000
873.000000
873.000000
873.000000
873.000000
873.000000
873.000000
873.000000
873.000000
873.000000
873.000000
873.000000
873.000000
873.000000
873.000000
873.000000
873.000000
873.000000
873.000000
873.000000
873.000000
873.000000
873.000000
873.000000
873.000000
873.000000
873.000000
873.000000
873.000000
873.000000
873.000000
873.000000
873.000000
873.000000
873.000000
873.000000
873.000000
873.000000
873.000000
873.000000
873.000000
873.000000
873.000000
873.000000
873.000000
873.000000
873.000000
873.000000
873.000000
873.000000
873.000000
873.000000
873.000000
873.000000
873.000000
873.000000
873.000000
873.000000
873.000000
873.000000
873.000000
873.000000
873.000000
873.000000
873.000000
873.000000
873.000000
873.000000
873.000000
873.000000
873.000000
873.000000
873.000000
873.000000
873.000000
873.000000
873.000000
873.000000
873.000000
873.000000
873.000000
873.000000
873.000000
873.000000
873.000000
873.000000
873.000000
873.000000
873.000000
873.000000
873.000000
873.000000
873.000000
873.000000
873.000000
873.000000
873.000000
873.000000
873.000000
873.000000
873.000000
873.000000
873.000000
873.000000
873.000000
873.000000
873.000000
873.000000
873.000000
873.000000
873.000000
873.000000
873.000000
873.000000
873.000000
873.000000
873.000000
873.000000
873.000000
873.000000
873.000000
873.000000
873.000000
873.000000
873.000000
873.000000
873.000000
873.000000
873.000000
873.000000
873.000000
873.000000
873.000000
873.000000
873.000000
873.000000
873.000000
873.000000
873.000000
873.000000
873.000000
873.000000
873.000000
873.000000
873.000000
873.000000
873.000000
873.000000
873.000000
873.000000
873.000000
873.000000
873.000000
873.000000
873.000000
873.000000
873.000000
873.000000
873.000000
873.000000
873.000000
873.000000
873.000000
873.000000
873.000000
873.000000
873.000000
873.000000
873.000000
873.000000
873.000000
873.000000
873.000000
873.000000
873.000000
873.000000
873.000000
873.000000
873.000000
873.000000
873.000000
873.000000
873.000000
873.000000
873.000000
873.000000
873.000000
873.000000
873.000000
873.000000
873.000000
873.000000
873.000000
873.000000
873.000000
873.000000
873.000000
873.000000
873.000000
873.000000
873.000000
873.000000
873.000000
873.000000
873.000000
873.000000
873.000000
873.000000
873.000000
873.000000
873.000000
873.000000
873.000000
873.000000
873.000000
873.000000
873.000000
873.000000
873.000000
873.000000
873.000000
873.000000
873.000000
873.000000
873.000000
873.000000
873.000000
873.000000
873.000000
873.000000
873.000000
873.000000
873.000000
873.000000
873.000000
873.000000
873.000000
873.000000
873.000000
873.000000
873.000000
873.000000
873.000000
873.000000
873.000000
873.000000
873.000000
873.000000
873.000000
873.000000
873.000000
873.000000
873.000000
873.000000
873.000000
873.000000
873.000000
873.000000
873.000000
873.000000
873.000000
873.000000
873.000000
873.000000
873.000000
873.000000
873.000000
873.000000
873.000000
873.000000
873.000000
873.000000
873.000000
873.000000
873.000000
873.000000
873.000000
873.000000
873.000000
873.000000
873.000000
873.000000
873.000000
873.000000
873.000000
873.000000
873.000000
873.000000
873.000000
873.000000
873.000000
873.000000
873.000000
873.000000
873.000000
873.000000
873.000000
873.000000
873.000000
873.000000
873.000000
873.000000
873.000000
873.000000
873.000000
873.000000
873.000000
873.000000
873.000000
873.000000
873.000000
873.000000
873.000000
873.000000
873.000000
873.000000
873.000000
873.000000
873.000000
873.000000
873.000000
873.000000
873.000000
873.000000
873.000000
873.000000
873.000000
873.000000
873.000000
873.000000
873.000000
873.000000
873.000000
873.000000
873.000000
873.000000
873.000000
873.000000
873.000000
873.000000
873.000000
873.000000
873.000000
873.000000
873.000000
873.000000
873.000000
873.000000
873.000000
873.000000
873.000000
873.000000
873.000000
873.000000
873.000000
873.000000
873.000000
873.000000
873.000000
873.000000
873.000000
873.000000
873.000000
873.000000
873.000000
873.000000
873.000000
873.000000
873.000000
873.000000
873.000000
873.000000
873.000000
873.000000
873.000000
873.000000
873.000000
873.000000
873.000000
873.000000
873.000000
873.000000
873.000000
873.000000
873.000000
873.000000
873.000000
873.000000
873.000000
873.000000
873.000000
873.000000
873.000000
873.000000
873.000000
873.000000
873.000000
873.000000
873.000000
873.000000
873.000000
873.000000
873.000000
873.000000
873.000000
873.000000
873.000000
873.000000
873.000000
873.000000
873.000000
873.000000
873.000000
873.000000
873.000000
873.000000
873.000000
873.000000
873.000000
873.000000
873.000000
873.000000
873.000000
873.000000
873.000000
873.000000
873.000000
873.000000
873.000000
873.000000
873.000000
873.000000
873.000000
873.000000
873.000000
873.000000
873.000000
873.000000
873.000000
873.000000
873.000000
873.000000
873.000000
873.000000
873.000000
873.000000
873.000000
873.000000
873.000000
873.000000
873.000000
873.000000
873.000000
873.000000
873.000000
873.000000
873.000000
873.000000
873.000000
873.000000
873.000000
873.000000
873.000000
873.000000
873.000000
873.000000
873.000000
873.000000
873.000000
873.000000
873.000000
873.000000
873.000000
873.000000
873.000000
873.000000
873.000000
873.000000
873.000000
873.000000
873.000000
873.000000
873.000000
873.000000
873.000000
873.000000
873.000000
873.000000
873.000000
873.000000
873.000000
873.000000
873.000000
873.000000
873.000000
873.000000
873.000000
873.000000
873.000000
873.000000
873.000000
873.000000
873.000000
873.000000
873.000000
873.000000
873.000000
873.000000
873.000000
873.000000
873.000000
873.000000
873.000000
873.000000
873.000000
873.000000
873.000000
873.000000
873.000000
873.000000
873.000000
873.000000
873.000000
873.000000
873.000000
873.000000
873.000000
873.000000
873.000000
873.000000
873.000000
873.000000
873.000000
873.000000
873.000000
873.000000
873.000000
873.000000
873.000000
873.000000
873.000000
873.000000
873.000000
873.000000
873.000000
873.000000
873.000000
873.000000
873.000000
873.000000
873.000000
873.000000
873.000000
873.000000
873.000000
873.000000
873.000000
873.000000
873.000000
873.000000
873.000000
873.000000
873.000000
873.000000
873.000000
873.000000
873.000000
873.000000
873.000000
873.000000
873.000000
873.000000
873.000000
873.000000
873.000000
873.000000
873.000000
873.000000
873.000000
873.000000
873.000000
873.000000
873.000000
873.000000
873.000000
873.000000
873.000000
873.000000
873.000000
873.000000
873.000000
873.000000
873.000000
873.000000
873.000000
873.000000
873.000000
873.000000
873.000000
873.000000
873.000000
873.000000
873.000000
873.000000
873.000000
873.000000
873.000000
873.000000
873.000000
873.000000
873.000000
873.000000
873.000000
873.000000
873.000000
873.000000
873.000000
873.000000
873.000000
873.000000
873.000000
873.000000
873.000000
873.000000
873.000000
873.000000
873.000000
873.000000
873.000000
873.000000
873.000000
873.000000
873.000000
873.000000
873.000000
873.000000
873.000000
873.000000
873.000000
873.000000
873.000000
873.000000
873.000000
873.000000
873.000000
873.000000
873.000000
873.000000
873.000000
873.000000
873.000000
873.000000
873.000000
873.000000
873.000000
873.000000
873.000000
873.000000
873.000000
873.000000
873.000000
873.000000
873.000000
873.000000
873.000000
873.000000
873.000000
873.000000
873.000000
873.000000
873.000000
873.000000
873.000000
873.000000
873.000000
873.000000
873.000000
873.000000
873.000000
873.000000
873.000000
873.000000
873.000000
873.000000
873.000000
873.000000
873.000000
873.000000
873.000000
873.000000
873.000000
873.000000
873.000000
873.000000
873.000000
873.000000
873.000000
873.000000
873.000000
873.000000
873.000000
873.000000
873.000000
873.000000
873.000000
873.000000
873.000000
873.000000
873.000000
873.000000
873.000000
873.000000
873.000000
873.000000
873.000000
873.000000
873.000000
873.000000
873.000000
873.000000
873.000000
873.000000
873.000000
873.000000
873.000000
873.000000
873.000000
873.000000
873.000000
873.000000
873.000000
873.000000
873.000000
873.000000
873.000000
873.000000
873.000000
873.000000
873.000000
873.000000
873.000000
873.000000
873.000000
873.000000
873.000000
873.000000
873.000000
873.000000
873.000000
873.000000
873.000000
873.000000
873.000000
873.000000
873.000000
873.000000
873.000000
873.000000
873.000000
873.000000
873.000000
873.000000
873.000000
873.000000
873.000000
873.000000
873.000000
873.000000
873.000000
873.000000
873.000000
873.000000
873.000000
873.000000
873.000000
873.000000
873.000000
873.000000
873.000000
873.000000
873.000000
873.000000
873.000000
873.000000
873.000000
873.000000
873.000000
873.000000
873.000000
873.000000
873.000000
873.000000
873.000000
873.000000
873.000000
873.000000
873.000000
873.000000
873.000000
873.000000
873.000000
873.000000
873.000000
873.000000
873.000000
873.000000
873.000000
873.000000
873.000000
873.000000
873.000000
873.000000
873.000000
873.000000
873.000000
873.000000
873.000000
873.000000
873.000000
873.000000
873.000000
873.000000
873.000000
873.000000
873.000000
873.000000
873.000000
873.000000
873.000000
873.000000
873.000000
873.000000
873.000000
873.000000
873.000000
873.000000
873.000000
873.000000
873.000000
873.000000
873.000000
873.000000
873.000000
873.000000
873.000000
873.000000
873.000000
873.000000
873.000000
873.000000
873.000000
873.000000
873.000000
873.000000
873.000000
873.000000
873.000000
873.000000
873.000000
873.000000
873.000000
873.000000
873.000000
873.000000
873.000000
873.000000
873.000000
873.000000
873.000000
873.000000
873.000000
873.000000
873.000000
873.000000
873.000000
873.000000
873.000000
873.000000
873.000000
873.000000
873.000000
873.000000
873.000000
873.000000
873.000000
873.000000
873.000000
873.000000
873.000000
873.000000
873.000000
873.000000
873.000000
873.000000
873.000000
873.000000
873.000000
873.000000
873.000000
873.000000
873.000000
873.000000
873.000000
873.000000
873.000000
873.000000
873.000000
873.000000
873.000000
873.000000
873.000000
873.000000
873.000000
873.000000
873.000000
873.000000
873.000000
873.000000
873.000000
873.000000
873.000000
873.000000
873.000000
873.000000
873.000000
873.000000
873.000000
873.000000
873.000000
873.000000
873.000000
873.000000
873.000000
873.000000
873.000000
873.000000
873.000000
873.000000
873.000000
873.000000
873.000000
873.000000
873.000000
873.000000
873.000000
873.000000
873.000000
873.000000
873.000000
873.000000
873.000000
873.000000
873.000000
873.000000
873.000000
873.000000
873.000000
873.000000
873.000000
873.000000
873.000000
873.000000
873.000000
873.000000
873.000000
873.000000
873.000000
873.000000
873.000000
873.000000
873.000000
873.000000
873.000000
873.000000
873.000000
873.000000
873.000000
873.000000
873.000000
873.000000
873.000000
873.000000
873.000000
873.000000
873.000000
873.000000
873.000000
873.000000
873.000000
873.000000
873.000000
873.000000
873.000000
873.000000
873.000000
873.000000
873.000000
873.000000
873.000000
873.000000
873.000000
873.000000
873.000000
873.000000
873.000000
873.000000
873.000000
873.000000
873.000000
873.000000
873.000000
873.000000
873.000000
873.000000
873.000000
873.000000
873.000000
873.000000
873.000000
873.000000
873.000000
873.000000
873.000000
873.000000
873.000000
873.000000
873.000000
873.000000
873.000000
873.000000
873.000000
873.000000
873.000000
873.000000
873.000000
873.000000
873.000000
873.000000
873.000000
873.000000
873.000000
873.000000
873.000000
873.000000
873.000000
873.000000
873.000000
873.000000
873.000000
873.000000
873.000000
873.000000
873.000000
873.000000
873.000000
873.000000
873.000000
873.000000
873.000000
873.000000
873.000000
873.000000
873.000000
873.000000
873.000000
873.000000
873.000000
873.000000
873.000000
873.000000
873.000000
873.000000
873.000000
873.000000
873.000000
873.000000
873.000000
873.000000
873.000000
873.000000
873.000000
873.000000
873.000000
873.000000
873.000000
873.000000
873.000000
873.000000
873.000000
873.000000
873.000000
873.000000
873.000000
873.000000
873.000000
873.000000
873.000000
873.000000
873.000000
873.000000
873.000000
873.000000
873.000000
873.000000
873.000000
873.000000
873.000000
873.000000
873.000000
873.000000
873.000000
873.000000
873.000000
873.000000
873.000000
873.000000
873.000000
873.000000
873.000000
873.000000
873.000000
873.000000
873.000000
873.000000
873.000000
873.000000
873.000000
873.000000
873.000000
873.000000
873.000000
873.000000
873.000000
873.000000
873.000000
873.000000
873.000000
873.000000
873.000000
873.000000
873.000000
873.000000
873.000000
873.000000
873.000000
873.000000
873.000000
873.000000
873.000000
873.000000
873.000000
873.000000
873.000000
873.000000
873.000000
873.000000
873.000000
873.000000
873.000000
873.000000
873.000000
873.000000
873.000000
873.000000
873.000000
873.000000
873.000000
873.000000
873.000000
873.000000
873.000000
873.000000
873.000000
873.000000
873.000000
873.000000
873.000000
873.000000
873.000000
873.000000
873.000000
873.000000
873.000000
873.000000
873.000000
873.000000
873.000000
873.000000
873.000000
873.000000
873.000000
873.000000
873.000000
873.000000
873.000000
873.000000
873.000000
873.000000
873.000000
873.000000
873.000000
873.000000
873.000000
873.000000
873.000000
873.000000
873.000000
873.000000
873.000000
873.000000
873.000000
873.000000
873.000000
873.000000
873.000000
873.000000
873.000000
873.000000
873.000000
873.000000
873.000000
873.000000
873.000000
873.000000
873.000000
873.000000
873.000000
873.000000
873.000000
873.000000
873.000000
873.000000
873.000000
873.000000
873.000000
873.000000
873.000000
873.000000
873.000000
873.000000
873.000000
873.000000
873.000000
873.000000
873.000000
873.000000
873.000000
873.000000
873.000000
873.000000
873.000000
873.000000
873.000000
873.000000
873.000000
873.000000
873.000000
873.000000
873.000000
873.000000
873.000000
873.000000
873.000000
873.000000
873.000000
873.000000
873.000000
873.000000
873.000000
873.000000
873.000000
873.000000
873.000000
873.000000
873.000000
873.000000
873.000000
873.000000
873.000000
873.000000
873.000000
873.000000
873.000000
873.000000
873.000000
873.000000
873.000000
873.000000
873.000000
873.000000
873.000000
873.000000
873.000000
873.000000
873.000000
873.000000
873.000000
873.000000
873.000000
873.000000
873.000000
873.000000
873.000000
873.000000
873.000000
873.000000
873.000000
873.000000
873.000000
873.000000
873.000000
873.000000
873.000000
873.000000
873.000000
873.000000
873.000000
873.000000
873.000000
873.000000
873.000000
873.000000
873.000000
873.000000
873.000000
873.000000
873.000000
873.000000
873.000000
873.000000
873.000000
873.000000
873.000000
873.000000
873.000000
873.000000
873.000000
873.000000
873.000000
873.000000
873.000000
873.000000
873.000000
873.000000
873.000000
873.000000
873.000000
873.000000
873.000000
873.000000
873.000000
873.000000
873.000000
873.000000
873.000000
873.000000
873.000000
873.000000
873.000000
873.000000
873.000000
873.000000
873.000000
873.000000
873.000000
873.000000
873.000000
873.000000
873.000000
873.000000
873.000000
873.000000
873.000000
873.000000
873.000000
873.000000
873.000000
873.000000
873.000000
873.000000
873.000000
873.000000
873.000000
873.000000
873.000000
873.000000
873.000000
873.000000
873.000000
873.000000
873.000000
873.000000
873.000000
873.000000
873.000000
873.000000
873.000000
873.000000
873.000000
873.000000
873.000000
873.000000
873.000000
873.000000
873.000000
873.000000
873.000000
873.000000
873.000000
873.000000
873.000000
873.000000
873.000000
873.000000
873.000000
873.000000
873.000000
873.000000
873.000000
873.000000
873.000000
873.000000
873.000000
873.000000
873.000000
873.000000
873.000000
873.000000
873.000000
873.000000
873.000000
873.000000
873.000000
873.000000
873.000000
873.000000
873.000000
873.000000
873.000000
873.000000
873.000000
873.000000
873.000000
873.000000
873.000000
873.000000
873.000000
873.000000
873.000000
873.000000
873.000000
873.000000
873.000000
873.000000
873.000000
873.000000
873.000000
873.000000
873.000000
873.000000
873.000000
873.000000
873.000000
873.000000
873.000000
873.000000
873.000000
873.000000
873.000000
873.000000
873.000000
873.000000
873.000000
873.000000
873.000000
873.000000
873.000000
873.000000
873.000000
873.000000
873.000000
873.000000
873.000000
873.000000
873.000000
873.000000
873.000000
873.000000
873.000000
873.000000
873.000000
873.000000
873.000000
873.000000
873.000000
873.000000
873.000000
873.000000
873.000000
873.000000
873.000000
873.000000
873.000000
873.000000
873.000000
873.000000
873.000000
873.000000
873.000000
873.000000
873.000000
873.000000
873.000000
873.000000
873.000000
873.000000
873.000000
873.000000
873.000000
873.000000
873.000000
873.000000
873.000000
873.000000
873.000000
873.000000
873.000000
873.000000
873.000000
873.000000
873.000000
873.000000
873.000000
873.000000
873.000000
873.000000
873.000000
873.000000
873.000000
873.000000
873.000000
873.000000
873.000000
873.000000
873.000000
873.000000
873.000000
873.000000
873.000000
873.000000
873.000000
873.000000
873.000000
873.000000
873.000000
873.000000
873.000000
873.000000
873.000000
873.000000
873.000000
873.000000
873.000000
873.000000
873.000000
873.000000
873.000000
873.000000
873.000000
873.000000
873.000000
873.000000
873.000000
873.000000
873.000000
873.000000
873.000000
873.000000
873.000000
873.000000
873.000000
873.000000
873.000000
873.000000
873.000000
873.000000
873.000000
873.000000
873.000000
873.000000
873.000000
873.000000
873.000000
873.000000
873.000000
873.000000
873.000000
873.000000
873.000000
873.000000
873.000000
873.000000
873.000000
873.000000
873.000000
873.000000
873.000000
873.000000
873.000000
873.000000
873.000000
873.000000
873.000000
873.000000
873.000000
873.000000
873.000000
873.000000
873.000000
873.000000
873.000000
873.000000
873.000000
873.000000
873.000000
873.000000
873.000000
873.000000
873.000000
873.000000
873.000000
873.000000
873.000000
873.000000
873.000000
873.000000
873.000000
873.000000
873.000000
873.000000
873.000000
873.000000
873.000000
873.000000
873.000000
873.000000
873.000000
873.000000
873.000000
873.000000
873.000000
873.000000
873.000000
873.000000
873.000000
873.000000
873.000000
873.000000
873.000000
873.000000
873.000000
873.000000
873.000000
873.000000
873.000000
873.000000
873.000000
873.000000
873.000000
873.000000
873.000000
873.000000
873.000000
873.000000
873.000000
873.000000
873.000000
873.000000
873.000000
873.000000
873.000000
873.000000
873.000000
873.000000
873.000000
873.000000
873.000000
873.000000
873.000000
873.000000
873.000000
873.000000
873.000000
873.000000
873.000000
873.000000
873.000000
873.000000
873.000000
873.000000
873.000000
873.000000
873.000000
873.000000
873.000000
873.000000
873.000000
873.000000
873.000000
873.000000
873.000000
873.000000
873.000000
873.000000
873.000000
873.000000
873.000000
873.000000
873.000000
873.000000
873.000000
873.000000
873.000000
873.000000
873.000000
873.000000
873.000000
873.000000
873.000000
873.000000
873.000000
873.000000
873.000000
873.000000
873.000000
873.000000
873.000000
873.000000
873.000000
873.000000
873.000000
873.000000
873.000000
873.000000
873.000000
873.000000
873.000000
873.000000
873.000000
873.000000
873.000000
873.000000
873.000000
873.000000
873.000000
873.000000
873.000000
873.000000
873.000000
873.000000
873.000000
873.000000
873.000000
873.000000
873.000000
873.000000
873.000000
873.000000
873.000000
873.000000
873.000000
873.000000
873.000000
873.000000
873.000000
873.000000
873.000000
873.000000
873.000000
873.000000
873.000000
873.000000
873.000000
873.000000
873.000000
873.000000
873.000000
873.000000
873.000000
873.000000
873.000000
873.000000
873.000000
873.000000
873.000000
873.000000
873.000000
873.000000
873.000000
873.000000
873.000000
873.000000
873.000000
873.000000
873.000000
873.000000
873.000000
873.000000
873.000000
873.000000
873.000000
873.000000
873.000000
873.000000
873.000000
873.000000
873.000000
873.000000
873.000000
873.000000
873.000000
873.000000
873.000000
873.000000
873.000000
873.000000
873.000000
873.000000
873.000000
873.000000
873.000000
873.000000
873.000000
873.000000
873.000000
873.000000
873.000000
873.000000
873.000000
873.000000
873.000000
873.000000
873.000000
873.000000
873.000000
873.000000
873.000000
873.000000
873.000000
873.000000
873.000000
873.000000
873.000000
873.000000
873.000000
873.000000
873.000000
873.000000
873.000000
873.000000
873.000000
873.000000
873.000000
873.000000
873.000000
873.000000
873.000000
873.000000
873.000000
873.000000
873.000000
873.000000
873.000000
873.000000
873.000000
873.000000
873.000000
873.000000
873.000000
873.000000
873.000000
873.000000
873.000000
873.000000
873.000000
873.000000
873.000000
873.000000
873.000000
873.000000
873.000000
873.000000
873.000000
873.000000
873.000000
873.000000
873.000000
873.000000
873.000000
873.000000
873.000000
873.000000
873.000000
873.000000
873.000000
873.000000
873.000000
873.000000
873.000000
873.000000
873.000000
873.000000
873.000000
873.000000
873.000000
873.000000
873.000000
873.000000
873.000000
873.000000
873.000000
873.000000
873.000000
873.000000
873.000000
873.000000
873.000000
873.000000
873.000000
873.000000
873.000000
873.000000
873.000000
873.000000
873.000000
873.000000
873.000000
873.000000
873.000000
873.000000
873.000000
873.000000
873.000000
873.000000
873.000000
873.000000
873.000000
873.000000
873.000000
873.000000
873.000000
873.000000
873.000000
873.000000
873.000000
873.000000
873.000000
873.000000
873.000000
873.000000
873.000000
873.000000
873.000000
873.000000
873.000000
873.000000
873.000000
873.000000
873.000000
873.000000
873.000000
873.000000
873.000000
873.000000
873.000000
873.000000
873.000000
873.000000
873.000000
873.000000
873.000000
873.000000
873.000000
873.000000
873.000000
873.000000
873.000000
873.000000
873.000000
873.000000
873.000000
873.000000
873.000000
873.000000
873.000000
873.000000
873.000000
873.000000
873.000000
873.000000
873.000000
873.000000
873.000000
873.000000
873.000000
873.000000
873.000000
873.000000
873.000000
873.000000
873.000000
873.000000
873.000000
873.000000
873.000000
873.000000
873.000000
873.000000
873.000000
873.000000
873.000000
873.000000
873.000000
873.000000
873.000000
873.000000
873.000000
873.000000
873.000000
873.000000
873.000000
873.000000
873.000000
873.000000
873.000000
873.000000
873.000000
873.000000
873.000000
873.000000
873.000000
873.000000
873.000000
873.000000
873.000000
873.000000
873.000000
873.000000
873.000000
873.000000
873.000000
873.000000
873.000000
873.000000
873.000000
873.000000
873.000000
873.000000
873.000000
873.000000
873.000000
873.000000
873.000000
873.000000
873.000000
873.000000
873.000000
873.000000
873.000000
873.000000
873.000000
873.000000
873.000000
873.000000
873.000000
873.000000
873.000000
873.000000
873.000000
873.000000
873.000000
873.000000
873.000000
873.000000
873.000000
873.000000
873.000000
873.000000
873.000000
873.000000
873.000000
873.000000
873.000000
873.000000
873.000000
873.000000
873.000000
873.000000
873.000000
873.000000
873.000000
873.000000
873.000000
873.000000
873.000000
873.000000
873.000000
873.000000
873.000000
873.000000
873.000000
873.000000
873.000000
873.000000
873.000000
873.000000
873.000000
873.000000
873.000000
873.000000
873.000000
873.000000
873.000000
873.000000
873.000000
873.000000
873.000000
873.000000
873.000000
873.000000
873.000000
873.000000
873.000000
873.000000
873.000000
873.000000
873.000000
873.000000
873.000000
873.000000
873.000000
873.000000
873.000000
873.000000
873.000000
873.000000
873.000000
873.000000
873.000000
873.000000
873.000000
873.000000
873.000000
873.000000
873.000000
873.000000
873.000000
873.000000
873.000000
873.000000
873.000000
873.000000
873.000000
873.000000
873.000000
873.000000
873.000000
873.000000
873.000000
873.000000
873.000000
873.000000
873.000000
873.000000
873.000000
873.000000
873.000000
873.000000
873.000000
873.000000
873.000000
873.000000
873.000000
873.000000
873.000000
873.000000
873.000000
873.000000
873.000000
873.000000
873.000000
873.000000
873.000000
873.000000
873.000000
873.000000
873.000000
873.000000
873.000000
873.000000
873.000000
873.000000
873.000000
873.000000
873.000000
873.000000
873.000000
873.000000
873.000000
873.000000
873.000000
873.000000
873.000000
873.000000
873.000000
873.000000
873.000000
873.000000
873.000000
873.000000
873.000000
873.000000
873.000000
873.000000
873.000000
873.000000
873.000000
873.000000
873.000000
873.000000
873.000000
873.000000
873.000000
873.000000
873.000000
873.000000
873.000000
873.000000
873.000000
873.000000
873.000000
873.000000
873.000000
873.000000
873.000000
873.000000
873.000000
873.000000
873.000000
873.000000
873.000000
873.000000
873.000000
873.000000
873.000000
873.000000
873.000000
873.000000
873.000000
873.000000
873.000000
873.000000
873.000000
873.000000
873.000000
873.000000
873.000000
873.000000
873.000000
873.000000
873.000000
873.000000
873.000000
873.000000
873.000000
873.000000
873.000000
873.000000
873.000000
873.000000
873.000000
873.000000
873.000000
873.000000
873.000000
873.000000
873.000000
873.000000
873.000000
873.000000
873.000000
873.000000
873.000000
873.000000
873.000000
873.000000
873.000000
873.000000
873.000000
873.000000
873.000000
873.000000
873.000000
873.000000
873.000000
873.000000
873.000000
873.000000
873.000000
873.000000
873.000000
873.000000
873.000000
873.000000
873.000000
873.000000
873.000000
873.000000
873.000000
873.000000
873.000000
873.000000
873.000000
873.000000
873.000000
873.000000
873.000000
873.000000
873.000000
873.000000
873.000000
873.000000
873.000000
873.000000
873.000000
873.000000
873.000000
873.000000
873.000000
873.000000
873.000000
873.000000
873.000000
873.000000
873.000000
873.000000
873.000000
873.000000
873.000000
873.000000
873.000000
873.000000
873.000000
873.000000
873.000000
873.000000
873.000000
873.000000
873.000000
873.000000
873.000000
873.000000
873.000000
873.000000
873.000000
873.000000
873.000000
873.000000
873.000000
873.000000
873.000000
873.000000
873.000000
873.000000
873.000000
873.000000
873.000000
873.000000
873.000000
873.000000
873.000000
873.000000
873.000000
873.000000
873.000000
873.000000
873.000000
873.000000
873.000000
873.000000
873.000000
873.000000
873.000000
873.000000
873.000000
873.000000
873.000000
873.000000
873.000000
873.000000
873.000000
873.000000
873.000000
873.000000
873.000000
873.000000
873.000000
873.000000
873.000000
873.000000
873.000000
873.000000
873.000000
873.000000
873.000000
873.000000
873.000000
873.000000
873.000000
873.000000
873.000000
873.000000
873.000000
873.000000
873.000000
873.000000
873.000000
873.000000
873.000000
873.000000
873.000000
873.000000
873.000000
873.000000
873.000000
873.000000
873.000000
873.000000
873.000000
873.000000
873.000000
873.000000
873.000000
873.000000
873.000000
873.000000
873.000000
873.000000
873.000000
873.000000
873.000000
873.000000
873.000000
873.000000
873.000000
873.000000
873.000000
873.000000
873.000000
873.000000
873.000000
873.000000
873.000000
873.000000
873.000000
873.000000
873.000000
873.000000
873.000000
873.000000
873.000000
873.000000
873.000000
873.000000
873.000000
873.000000
873.000000
873.000000
873.000000
873.000000
873.000000
873.000000
873.000000
873.000000
873.000000
873.000000
873.000000
873.000000
873.000000
873.000000
873.000000
873.000000
873.000000
873.000000
873.000000
873.000000
873.000000
873.000000
873.000000
873.000000
873.000000
873.000000
873.000000
873.000000
873.000000
873.000000
873.000000
873.000000
873.000000
873.000000
873.000000
873.000000
873.000000
873.000000
873.000000
873.000000
873.000000
873.000000
873.000000
873.000000
873.000000
873.000000
873.000000
873.000000
873.000000
873.000000
873.000000
873.000000
873.000000
873.000000
873.000000
873.000000
873.000000
873.000000
873.000000
873.000000
873.000000
873.000000
873.000000
873.000000
873.000000
873.000000
873.000000
873.000000
873.000000
873.000000
873.000000
873.000000
873.000000
873.000000
873.000000
873.000000
873.000000
873.000000
873.000000
873.000000
873.000000
873.000000
873.000000
873.000000
873.000000
873.000000
873.000000
873.000000
873.000000
873.000000
873.000000
873.000000
873.000000
873.000000
873.000000
873.000000
873.000000
873.000000
873.000000
873.000000
873.000000
873.000000
873.000000
873.000000
873.000000
873.000000
873.000000
873.000000
873.000000
873.000000
873.000000
873.000000
873.000000
873.000000
873.000000
873.000000
873.000000
873.000000
873.000000
873.000000
873.000000
873.000000
873.000000
873.000000
873.000000
873.000000
873.000000
873.000000
873.000000
873.000000
873.000000
873.000000
873.000000
873.000000
873.000000
873.000000
873.000000
873.000000
873.000000
873.000000
873.000000
873.000000
873.000000
873.000000
873.000000
873.000000
873.000000
873.000000
873.000000
873.000000
873.000000
873.000000
873.000000
873.000000
873.000000
873.000000
873.000000
873.000000
873.000000
873.000000
873.000000
873.000000
873.000000
873.000000
873.000000
873.000000
873.000000
873.000000
873.000000
873.000000
873.000000
873.000000
873.000000
873.000000
873.000000
873.000000
873.000000
873.000000
873.000000
873.000000
873.000000
873.000000
873.000000
873.000000
873.000000
873.000000
873.000000
873.000000
873.000000
873.000000
873.000000
873.000000
873.000000
873.000000
873.000000
873.000000
873.000000
873.000000
873.000000
873.000000
873.000000
873.000000
873.000000
873.000000
873.000000
873.000000
873.000000
873.000000
873.000000
873.000000
873.000000
873.000000
873.000000
873.000000
873.000000
873.000000
873.000000
873.000000
873.000000
873.000000
873.000000
873.000000
873.000000
873.000000
873.000000
873.000000
873.000000
873.000000
873.000000
873.000000
873.000000
873.000000
873.000000
873.000000
873.000000
873.000000
873.000000
873.000000
873.000000
873.000000
873.000000
873.000000
873.000000
873.000000
873.000000
873.000000
873.000000
873.000000
873.000000
873.000000
873.000000
873.000000
873.000000
873.000000
873.000000
873.000000
873.000000
873.000000
873.000000
873.000000
873.000000
873.000000
873.000000
873.000000
873.000000
873.000000
873.000000
873.000000
873.000000
873.000000
873.000000
873.000000
873.000000
873.000000
873.000000
873.000000
873.000000
873.000000
873.000000
873.000000
873.000000
873.000000
873.000000
873.000000
873.000000
873.000000
873.000000
873.000000
873.000000
873.000000
873.000000
873.000000
873.000000
873.000000
873.000000
873.000000
873.000000
873.000000
873.000000
873.000000
873.000000
873.000000
873.000000
873.000000
873.000000
873.000000
873.000000
873.000000
873.000000
873.000000
873.000000
873.000000
873.000000
873.000000
873.000000
873.000000
873.000000
873.000000
873.000000
873.000000
873.000000
873.000000
873.000000
873.000000
873.000000
873.000000
873.000000
873.000000
873.000000
873.000000
873.000000
873.000000
873.000000
873.000000
873.000000
873.000000
873.000000
873.000000
873.000000
873.000000
873.000000
873.000000
873.000000
873.000000
873.000000
873.000000
873.000000
873.000000
873.000000
873.000000
873.000000
873.000000
873.000000
873.000000
873.000000
873.000000
873.000000
873.000000
873.000000
873.000000
873.000000
873.000000
873.000000
873.000000
873.000000
873.000000
873.000000
873.000000
873.000000
873.000000
873.000000
873.000000
873.000000
873.000000
873.000000
873.000000
873.000000
873.000000
873.000000
873.000000
873.000000
873.000000
873.000000
873.000000
873.000000
873.000000
873.000000
873.000000
873.000000
873.000000
873.000000
873.000000
873.000000
873.000000
873.000000
873.000000
873.000000
873.000000
873.000000
873.000000
873.000000
873.000000
873.000000
873.000000
873.000000
873.000000
873.000000
873.000000
873.000000
873.000000
873.000000
873.000000
873.000000
873.000000
873.000000
873.000000
873.000000
873.000000
873.000000
873.000000
873.000000
873.000000
873.000000
873.000000
873.000000
873.000000
873.000000
873.000000
873.000000
873.000000
873.000000
873.000000
873.000000
873.000000
873.000000
873.000000
873.000000
873.000000
873.000000
873.000000
873.000000
873.000000
873.000000
873.000000
873.000000
873.000000
873.000000
873.000000
873.000000
873.000000
873.000000
873.000000
873.000000
873.000000
873.000000
873.000000
873.000000
873.000000
873.000000
873.000000
873.000000
873.000000
873.000000
873.000000
873.000000
873.000000
873.000000
873.000000
873.000000
873.000000
873.000000
873.000000
873.000000
873.000000
873.000000
873.000000
873.000000
873.000000
873.000000
873.000000
873.000000
873.000000
873.000000
873.000000
873.000000
873.000000
873.000000
873.000000
873.000000
873.000000
873.000000
873.000000
873.000000
873.000000
873.000000
873.000000
873.000000
873.000000
873.000000
873.000000
873.000000
873.000000
873.000000
873.000000
873.000000
873.000000
873.000000
873.000000
873.000000
873.000000
873.000000
873.000000
873.000000
873.000000
873.000000
873.000000
873.000000
873.000000
873.000000
873.000000
873.000000
873.000000
873.000000
873.000000
873.000000
873.000000
873.000000
873.000000
873.000000
873.000000
873.000000
873.000000
873.000000
873.000000
873.000000
873.000000
873.000000
873.000000
873.000000
873.000000
873.000000
873.000000
873.000000
873.000000
873.000000
873.000000
873.000000
873.000000
873.000000
873.000000
873.000000
873.000000
873.000000
873.000000
873.000000
873.000000
873.000000
873.000000
873.000000
873.000000
873.000000
873.000000
873.000000
873.000000
873.000000
873.000000
873.000000
873.000000
873.000000
873.000000
873.000000
873.000000
873.000000
873.000000
873.000000
873.000000
873.000000
873.000000
873.000000
873.000000
873.000000
873.000000
873.000000
873.000000
873.000000
873.000000
873.000000
873.000000
873.000000
873.000000
873.000000
873.000000
873.000000
873.000000
873.000000
873.000000
873.000000
873.000000
873.000000
873.000000
873.000000
873.000000
873.000000
873.000000
873.000000
873.000000
873.000000
873.000000
873.000000
873.000000
873.000000
873.000000
873.000000
873.000000
873.000000
873.000000
873.000000
873.000000
873.000000
873.000000
873.000000
873.000000
873.000000
873.000000
873.000000
873.000000
873.000000
873.000000
873.000000
873.000000
873.000000
873.000000
873.000000
873.000000
873.000000
873.000000
873.000000
873.000000
873.000000
873.000000
873.000000
873.000000
873.000000
873.000000
873.000000
873.000000
873.000000
873.000000
873.000000
873.000000
873.000000
873.000000
873.000000
873.000000
873.000000
873.000000
873.000000
873.000000
873.000000
873.000000
873.000000
873.000000
873.000000
873.000000
873.000000
873.000000
873.000000
873.000000
873.000000
873.000000
873.000000
873.000000
873.000000
873.000000
873.000000
873.000000
873.000000
873.000000
873.000000
873.000000
873.000000
873.000000
873.000000
873.000000
873.000000
873.000000
873.000000
873.000000
873.000000
873.000000
873.000000
873.000000
873.000000
873.000000
873.000000
873.000000
873.000000
873.000000
873.000000
873.000000
873.000000
873.000000
873.000000
873.000000
873.000000
873.000000
873.000000
873.000000
873.000000
873.000000
873.000000
873.000000
873.000000
873.000000
873.000000
873.000000
873.000000
873.000000
873.000000
873.000000
873.000000
873.000000
873.000000
873.000000
873.000000
873.000000
873.000000
873.000000
873.000000
873.000000
873.000000
873.000000
873.000000
873.000000
873.000000
873.000000
873.000000
873.000000
873.000000
873.000000
873.000000
873.000000
873.000000
873.000000
873.000000
873.000000
873.000000
873.000000
873.000000
873.000000
873.000000
873.000000
873.000000
873.000000
873.000000
873.000000
873.000000
873.000000
873.000000
873.000000
873.000000
873.000000
873.000000
873.000000
873.000000
873.000000
873.000000
873.000000
873.000000
873.000000
873.000000
873.000000
873.000000
873.000000
873.000000
873.000000
873.000000
873.000000
873.000000
873.000000
873.000000
873.000000
873.000000
873.000000
873.000000
873.000000
873.000000
873.000000
873.000000
873.000000
873.000000
873.000000
873.000000
873.000000
873.000000
873.000000
873.000000
873.000000
873.000000
873.000000
873.000000
873.000000
873.000000
873.000000
873.000000
873.000000
873.000000
873.000000
873.000000
873.000000
873.000000
873.000000
873.000000
873.000000
873.000000
873.000000
873.000000
873.000000
873.000000
873.000000
873.000000
873.000000
873.000000
873.000000
873.000000
873.000000
873.000000
873.000000
873.000000
873.000000
873.000000
873.000000
873.000000
873.000000
873.000000
873.000000
873.000000
873.000000
873.000000
873.000000
873.000000
873.000000
873.000000
873.000000
873.000000
873.000000
873.000000
873.000000
873.000000
873.000000
873.000000
873.000000
873.000000
873.000000
873.000000
873.000000
873.000000
873.000000
873.000000
873.000000
873.000000
873.000000
873.000000
873.000000
873.000000
873.000000
873.000000
873.000000
873.000000
873.000000
873.000000
873.000000
873.000000
873.000000
873.000000
873.000000
873.000000
873.000000
873.000000
873.000000
873.000000
873.000000
873.000000
873.000000
873.000000
873.000000
873.000000
873.000000
873.000000
873.000000
873.000000
873.000000
873.000000
873.000000
873.000000
873.000000
873.000000
873.000000
873.000000
873.000000
873.000000
873.000000
873.000000
873.000000
873.000000
873.000000
873.000000
873.000000
873.000000
873.000000
873.000000
873.000000
873.000000
873.000000
873.000000
873.000000
873.000000
873.000000
873.000000
873.000000
873.000000
873.000000
873.000000
873.000000
873.000000
873.000000
873.000000
873.000000
873.000000
873.000000
873.000000
873.000000
873.000000
873.000000
873.000000
873.000000
873.000000
873.000000
873.000000
873.000000
873.000000
873.000000
873.000000
873.000000
873.000000
873.000000
873.000000
873.000000
873.000000
873.000000
873.000000
873.000000
873.000000
873.000000
873.000000
873.000000
873.000000
873.000000
873.000000
873.000000
873.000000
873.000000
873.000000
873.000000
873.000000
873.000000
873.000000
873.000000
873.000000
873.000000
873.000000
873.000000
873.000000
873.000000
873.000000
873.000000
873.000000
873.000000
873.000000
873.000000
873.000000
873.000000
873.000000
873.000000
873.000000
873.000000
873.000000
873.000000
873.000000
873.000000
873.000000
873.000000
873.000000
873.000000
873.000000
873.000000
873.000000
873.000000
873.000000
873.000000
873.000000
873.000000
873.000000
873.000000
873.000000
873.000000
873.000000
873.000000
873.000000
873.000000
873.000000
873.000000
873.000000
873.000000
873.000000
873.000000
873.000000
873.000000
873.000000
873.000000
873.000000
873.000000
873.000000
873.000000
873.000000
873.000000
873.000000
873.000000
873.000000
873.000000
873.000000
873.000000
873.000000
873.000000
873.000000
873.000000
873.000000
873.000000
873.000000
873.000000
873.000000
873.000000
873.000000
873.000000
873.000000
873.000000
873.000000
873.000000
873.000000
873.000000
873.000000
873.000000
873.000000
873.000000
873.000000
873.000000
873.000000
873.000000
873.000000
873.000000
873.000000
873.000000
873.000000
873.000000
873.000000
873.000000
873.000000
873.000000
873.000000
873.000000
873.000000
873.000000
873.000000
873.000000
873.000000
873.000000
873.000000
873.000000
873.000000
873.000000
873.000000
873.000000
873.000000
873.000000
873.000000
873.000000
873.000000
873.000000
873.000000
873.000000
873.000000
873.000000
873.000000
873.000000
873.000000
873.000000
873.000000
873.000000
873.000000
873.000000
873.000000
873.000000
873.000000
873.000000
873.000000
873.000000
873.000000
873.000000
873.000000
873.000000
873.000000
873.000000
873.000000
873.000000
873.000000
873.000000
873.000000
873.000000
873.000000
873.000000
873.000000
873.000000
873.000000
873.000000
873.000000
873.000000
873.000000
873.000000
873.000000
873.000000
873.000000
873.000000
873.000000
873.000000
873.000000
873.000000
873.000000
873.000000
873.000000
873.000000
873.000000
873.000000
873.000000
873.000000
873.000000
873.000000
873.000000
873.000000
873.000000
873.000000
873.000000
873.000000
873.000000
873.000000
873.000000
873.000000
873.000000
873.000000
873.000000
873.000000
873.000000
873.000000
873.000000
873.000000
873.000000
873.000000
873.000000
873.000000
873.000000
873.000000
873.000000
873.000000
873.000000
873.000000
873.000000
873.000000
873.000000
873.000000
873.000000
873.000000
873.000000
873.000000
873.000000
873.000000
873.000000
873.000000
873.000000
873.000000
873.000000
873.000000
873.000000
873.000000
873.000000
873.000000
873.000000
873.000000
873.000000
873.000000
873.000000
873.000000
873.000000
873.000000
873.000000
873.000000
873.000000
873.000000
873.000000
873.000000
873.000000
873.000000
873.000000
873.000000
873.000000
873.000000
873.000000
873.000000
873.000000
873.000000
873.000000
873.000000
873.000000
873.000000
873.000000
873.000000
873.000000
873.000000
873.000000
873.000000
873.000000
873.000000
873.000000
873.000000
873.000000
873.000000
873.000000
873.000000
873.000000
873.000000
873.000000
873.000000
873.000000
873.000000
873.000000
873.000000
873.000000
873.000000
873.000000
873.000000
873.000000
873.000000
873.000000
873.000000
873.000000
873.000000
873.000000
873.000000
873.000000
873.000000
873.000000
873.000000
873.000000
873.000000
873.000000
873.000000
873.000000
873.000000
873.000000
873.000000
873.000000
873.000000
873.000000
873.000000
873.000000
873.000000
873.000000
873.000000
873.000000
873.000000
873.000000
873.000000
873.000000
873.000000
873.000000
873.000000
873.000000
873.000000
873.000000
873.000000
873.000000
873.000000
873.000000
873.000000
873.000000
873.000000
873.000000
873.000000
873.000000
873.000000
873.000000
873.000000
873.000000
873.000000
873.000000
873.000000
873.000000
873.000000
873.000000
873.000000
873.000000
873.000000
873.000000
873.000000
873.000000
873.000000
873.000000
873.000000
873.000000
873.000000
873.000000
873.000000
873.000000
873.000000
873.000000
873.000000
873.000000
873.000000
873.000000
873.000000
873.000000
873.000000
873.000000
873.000000
873.000000
873.000000
873.000000
873.000000
873.000000
873.000000
873.000000
873.000000
873.000000
873.000000
873.000000
873.000000
873.000000
873.000000
873.000000
873.000000
873.000000
873.000000
873.000000
873.000000
873.000000
873.000000
873.000000
873.000000
873.000000
873.000000
873.000000
873.000000
873.000000
873.000000
873.000000
873.000000
873.000000
873.000000
873.000000
873.000000
873.000000
873.000000
873.000000
873.000000
873.000000
873.000000
873.000000
873.000000
873.000000
873.000000
873.000000
873.000000
873.000000
873.000000
873.000000
873.000000
873.000000
873.000000
873.000000
873.000000
873.000000
873.000000
873.000000
873.000000
873.000000
873.000000
873.000000
873.000000
873.000000
873.000000
873.000000
873.000000
873.000000
873.000000
873.000000
873.000000
873.000000
873.000000
873.000000
873.000000
873.000000
873.000000
873.000000
873.000000
873.000000
873.000000
873.000000
873.000000
873.000000
873.000000
873.000000
873.000000
873.000000
873.000000
873.000000
873.000000
873.000000
873.000000
873.000000
873.000000
873.000000
873.000000
873.000000
873.000000
873.000000
873.000000
873.000000
873.000000
873.000000
873.000000
873.000000
873.000000
873.000000
873.000000
873.000000
873.000000
873.000000
873.000000
873.000000
873.000000
873.000000
873.000000
873.000000
873.000000
873.000000
873.000000
873.000000
873.000000
873.000000
873.000000
873.000000
873.000000
873.000000
873.000000
873.000000
873.000000
873.000000
873.000000
873.000000
873.000000
873.000000
873.000000
873.000000
873.000000
873.000000
873.000000
873.000000
873.000000
873.000000
873.000000
873.000000
873.000000
873.000000
873.000000
873.000000
873.000000
873.000000
873.000000
873.000000
873.000000
873.000000
873.000000
873.000000
873.000000
873.000000
873.000000
873.000000
873.000000
873.000000
873.000000
873.000000
873.000000
873.000000
873.000000
873.000000
873.000000
873.000000
873.000000
873.000000
873.000000
873.000000
873.000000
873.000000
873.000000
873.000000
873.000000
873.000000
873.000000
873.000000
873.000000
873.000000
873.000000
873.000000
873.000000
873.000000
873.000000
873.000000
873.000000
873.000000
873.000000
873.000000
873.000000
873.000000
873.000000
873.000000
873.000000
873.000000
873.000000
873.000000
873.000000
873.000000
873.000000
873.000000
873.000000
873.000000
872.566436
872.899950
872.976911
872.994672
872.998770
872.999716
872.999935
872.999985
872.999996
872.999999
872.999999
872.999996
872.999985
872.999935
872.999716
872.998770
872.994672
872.976911
872.899950
872.566436
872.326836
872.755413
872.922960
872.977468
872.993703
872.998294
872.999548
872.999882
872.999969
872.999990
872.999990
872.999969
872.999882
872.999548
872.998294
872.993703
872.977468
872.922960
872.755413
872.326836
872.154328
872.620331
872.851429
872.947406
872.982659
872.994571
872.998366
872.999522
872.999861
872.999952
872.999952
872.999861
872.999522
872.998366
872.994571
872.982659
872.947406
872.851429
872.620331
872.154328
872.014177
872.499203
872.773915
872.907589
872.965115
872.987632
872.995828
872.998646
872.999565
872.999832
872.999832
872.999565
872.998646
872.995828
872.987632
872.965115
872.907589
872.773915
872.499203
872.014177
871.893548
872.389910
872.695781
872.861541
872.941766
872.977081
872.991464
872.996956
872.998928
872.999547
872.999547
872.998928
872.996956
872.991464
872.977081
872.941766
872.861541
872.695781
872.389910
871.893548
871.786333
872.290104
872.619227
872.811883
872.913751
872.962977
872.984986
872.994183
872.997772
872.998975
872.998975
872.997772
872.994183
872.984986
872.962977
872.913751
872.811883
872.619227
872.290104
871.786333
871.689075
872.197964
872.545081
872.760336
872.882198
872.945647
872.976291
872.990117
872.995915
872.997972
872.997972
872.995915
872.990117
872.976291
872.945647
872.882198
872.760336
872.545081
872.197964
871.689075
871.599590
872.112136
872.473584
872.707988
872.848053
872.925525
872.965420
872.984628
872.993195
872.996385
872.996385
872.993195
872.984628
872.965420
872.925525
872.848053
872.707988
872.473584
872.112136
871.599590
871.516393
872.031604
872.404730
872.655520
872.812061
872.903057
872.952500
872.977655
872.989477
872.994064
872.994064
872.989477
872.977655
872.952500
872.903057
872.812061
872.655520
872.404730
872.031604
871.516393
871.438416
871.955590
872.338406
872.603355
872.774790
872.878654
872.937702
872.969187
872.984660
872.990875
872.990875
872.984660
872.969187
872.937702
872.878654
872.774790
872.603355
872.338406
871.955590
871.438416
871.364863
871.883484
872.274461
872.551755
872.736663
872.852673
872.921214
872.959256
872.978675
872.986707
872.986707
872.978675
872.959256
872.921214
872.852673
872.736663
872.551755
872.274461
871.883484
871.364863
871.295122
871.814799
872.212734
872.500878
872.698001
872.825416
872.903219
872.947913
872.971482
872.981472
872.981472
872.971482
872.947913
872.903219
872.825416
872.698001
872.500878
872.212734
871.814799
871.295122
871.228707
871.749141
872.153066
872.450814
872.659039
872.797130
872.883888
872.935226
872.963061
872.975108
872.975108
872.963061
872.935226
872.883888
872.797130
872.659039
872.450814
872.153066
871.749141
871.228707
871.165229
871.686182
872.095309
872.401611
872.619953
872.768020
872.863375
872.921268
872.953415
872.967577
872.967577
872.953415
872.921268
872.863375
872.768020
872.619953
872.401611
872.095309
871.686182
871.165229
871.104366
871.625650
872.039326
872.353287
872.580872
872.738252
872.841818
872.906115
872.942560
872.958859
872.958859
872.942560
872.906115
872.841818
872.738252
872.580872
872.353287
872.039326
871.625650
871.104366
871.045852
871.567312
871.984990
872.305842
872.541891
872.707959
872.819335
872.889842
872.930524
872.948954
872.948954
872.930524
872.889842
872.819335
872.707959
872.541891
872.305842
871.984990
871.567312
871.045852
870.989460
871.510972
871.932185
872.259263
872.503079
872.677249
872.796031
872.872521
872.917342
872.937875
872.937875
872.917342
872.872521
872.796031
872.677249
872.503079
872.259263
871.932185
871.510972
870.989460
870.934999
871.456457
871.880807
872.213527
872.464485
872.646209
872.771996
872.854222
872.903057
872.925643
872.925643
872.903057
872.854222
872.771996
872.646209
872.464485
872.213527
871.880807
871.456457
870.934999
870.882301
871.403618
871.830759
872.168607
872.426142
872.614909
872.747307
872.835009
872.887713
872.912293
872.912293
872.887713
872.835009
872.747307
872.614909
872.426142
872.168607
871.830759
871.403618
870.882301
870.831221
871.352323
871.781953
872.124473
872.388073
872.583407
872.722033
872.814944
872.871359
872.897860
872.897860
872.871359
872.814944
872.722033
872.583407
872.388073
872.124473
871.781953
871.352323
870.831221
870.781631
871.302455
871.734308
872.081093
872.350292
872.551747
872.696231
872.794084
872.854044
872.882388
872.882388
872.854044
872.794084
872.696231
872.551747
872.350292
872.081093
871.734308
871.302455
870.781631
870.733418
871.253908
871.687749
872.038433
872.312806
872.519965
872.669954
872.772484
872.835816
872.865922
872.865922
872.835816
872.772484
872.669954
872.519965
872.312806
872.038433
871.687749
871.253908
870.733418
870.686480
871.206591
871.642209
871.996461
872.275618
872.488093
872.643248
872.750192
872.816726
872.848509
872.848509
872.816726
872.750192
872.643248
872.488093
872.275618
871.996461
871.642209
871.206591
870.686480
870.640728
871.160417
871.597623
871.955143
872.238725
872.456153
872.616151
872.727257
872.796821
872.830195
872.830195
872.796821
872.727257
872.616151
872.456153
872.238725
871.955143
871.597623
871.160417
870.640728
870.596080
871.115309
871.553933
871.914447
872.202123
872.424165
872.588699
872.703723
872.776148
872.811029
872.811029
872.776148
872.703723
872.588699
872.424165
872.202123
871.914447
871.553933
871.115309
870.596080
870.552459
871.071198
871.511084
871.874343
872.165807
872.392145
872.560924
872.679629
872.754752
872.791057
872.791057
872.754752
872.679629
872.560924
872.392145
872.165807
871.874343
871.511084
871.071198
870.552459
870.509800
871.028020
871.469026
871.834800
872.129769
872.360106
872.532855
872.655014
872.732677
872.770323
872.770323
872.732677
872.655014
872.532855
872.360106
872.129769
871.834800
871.469026
871.028020
870.509800
870.468040
870.985714
871.427712
871.795789
872.094000
872.328058
872.504517
872.629915
872.709964
872.748874
872.748874
872.709964
872.629915
872.504517
872.328058
872.094000
871.795789
871.427712
870.985714
870.468040
870.427122
870.944227
871.387099
871.757283
872.058492
872.296011
872.475933
872.604365
872.686654
872.726751
872.726751
872.686654
872.604365
872.475933
872.296011
872.058492
871.757283
871.387099
870.944227
870.427122
870.386993
870.903509
871.347145
871.719255
872.023236
872.263970
872.447125
872.578395
872.662784
872.703996
872.703996
872.662784
872.578395
872.447125
872.263970
872.023236
871.719255
871.347145
870.903509
870.386993
870.347605
870.863512
871.307812
871.681681
871.988221
872.231943
872.418111
872.552034
872.638390
872.680647
872.680647
872.638390
872.552034
872.418111
872.231943
871.988221
871.681681
871.307812
870.863512
870.347605
870.308913
870.824194
871.269064
871.644536
871.953438
872.199934
872.388909
872.525311
872.613507
872.656743
872.656743
872.613507
872.525311
872.388909
872.199934
871.953438
871.644536
871.269064
870.824194
870.308913
870.270875
870.785515
871.230869
871.607799
871.918879
872.167947
872.359535
872.498250
872.588167
872.632318
872.632318
872.588167
872.498250
872.359535
872.167947
871.918879
871.607799
871.230869
870.785515
870.270875
870.233453
870.747436
871.193195
871.571449
871.884534
872.135985
872.330005
872.470876
872.562400
872.607407
872.607407
872.562400
872.470876
872.330005
872.135985
871.884534
871.571449
871.193195
870.747436
870.233453
870.196611
870.709925
871.156013
871.535465
871.850394
872.104053
872.300332
872.443212
872.536235
872.582042
872.582042
872.536235
872.443212
872.300332
872.104053
871.850394
871.535465
871.156013
870.709925
870.196611
870.160314
870.672947
871.119296
871.499828
871.816450
872.072151
872.270528
872.415279
872.509700
872.556253
872.556253
872.509700
872.415279
872.270528
872.072151
871.816450
871.499828
871.119296
870.672947
870.160314
870.124533
870.636473
871.083018
871.464520
871.782696
872.040283
872.240606
872.387097
872.482819
872.530068
872.530068
872.482819
872.387097
872.240606
872.040283
871.782696
871.464520
871.083018
870.636473
870.124533
870.089237
870.600474
871.047155
871.429526
871.749122
872.008449
872.210577
872.358684
872.455618
872.503515
872.503515
872.455618
872.358684
872.210577
872.008449
871.749122
871.429526
871.047155
870.600474
870.089237
870.054400
870.564924
871.011684
871.394828
871.715721
871.976653
872.180451
872.330058
872.428119
872.476619
872.476619
872.428119
872.330058
872.180451
871.976653
871.715721
871.394828
871.011684
870.564924
870.054400
870.019995
870.529798
870.976585
871.360412
871.682487
871.944895
872.150237
872.301236
872.400343
872.449403
872.449403
872.400343
872.301236
872.150237
871.944895
871.682487
871.360412
870.976585
870.529798
870.019995
869.985999
870.495072
870.941838
871.326264
871.649412
871.913176
872.119944
872.272232
872.372311
872.421892
872.421892
872.372311
872.272232
872.119944
871.913176
871.649412
871.326264
870.941838
870.495072
869.985999
869.952389
870.460726
870.907424
871.292372
871.616491
871.881497
872.089581
872.243062
872.344041
872.394105
872.394105
872.344041
872.243062
872.089581
871.881497
871.616491
871.292372
870.907424
870.460726
869.952389
869.919145
870.426738
870.873326
871.258721
871.583717
871.849860
872.059156
872.213739
872.315552
872.366063
872.366063
872.315552
872.213739
872.059156
871.849860
871.583717
871.258721
870.873326
870.426738
869.919145
869.886246
870.393089
870.839527
871.225302
871.551085
871.818265
872.028674
872.184275
872.286859
872.337785
872.337785
872.286859
872.184275
872.028674
871.818265
871.551085
871.225302
870.839527
870.393089
869.886246
869.853675
870.359762
870.806013
871.192102
871.518588
871.786713
871.998144
872.154682
872.257978
872.309289
872.309289
872.257978
872.154682
871.998144
871.786713
871.518588
871.192102
870.806013
870.359762
869.853675
869.821414
870.326740
870.772768
871.159112
871.486223
871.755205
871.967572
872.124972
872.228926
872.280590
872.280590
872.228926
872.124972
871.967572
871.755205
871.486223
871.159112
870.772768
870.326740
869.821414
869.789447
870.294007
870.739780
871.126321
871.453984
871.723742
871.936963
872.095155
872.199714
872.251705
872.251705
872.199714
872.095155
871.936963
871.723742
871.453984
871.126321
870.739780
870.294007
869.789447
869.757759
870.261548
870.707035
871.093722
871.421867
871.692323
871.906323
872.065241
872.170356
872.222649
872.222649
872.170356
872.065241
871.906323
871.692323
871.421867
871.093722
870.707035
870.261548
869.757759
869.726335
870.229349
870.674522
871.061304
871.389867
871.660950
871.875658
872.035240
872.140865
872.193434
872.193434
872.140865
872.035240
871.875658
871.660950
871.389867
871.061304
870.674522
870.229349
869.726335
869.695162
870.197398
870.642230
871.029061
871.357981
871.629622
871.844972
872.005159
872.111252
872.164075
872.164075
872.111252
872.005159
871.844972
871.629622
871.357981
871.029061
870.642230
870.197398
869.695162
869.664227
870.165681
870.610147
870.996984
871.326205
871.598341
871.814269
871.975007
872.081527
872.134583
872.134583
872.081527
871.975007
871.814269
871.598341
871.326205
870.996984
870.610147
870.165681
869.664227
869.633520
870.134188
870.578265
870.965067
871.294534
871.567107
871.783554
871.944792
872.051701
872.104969
872.104969
872.051701
871.944792
871.783554
871.567107
871.294534
870.965067
870.578265
870.134188
869.633520
869.603027
870.102908
870.546574
870.933302
871.262967
871.535920
871.752831
871.914520
872.021784
872.075245
872.075245
872.021784
871.914520
871.752831
871.535920
871.262967
870.933302
870.546574
870.102908
869.603027
869.572741
870.071831
870.515064
870.901684
871.231499
871.504780
871.722104
871.884199
871.991783
872.045420
872.045420
871.991783
871.884199
871.722104
871.504780
871.231499
870.901684
870.515064
870.071831
869.572741
869.542649
870.040947
870.483729
870.870206
871.200129
871.473687
871.691375
871.853835
871.961708
872.015504
872.015504
871.961708
871.853835
871.691375
871.473687
871.200129
870.870206
870.483729
870.040947
869.542649
869.512744
870.010247
870.452561
870.838864
871.168852
871.442643
871.660649
871.823433
871.931566
871.985505
871.985505
871.931566
871.823433
871.660649
871.442643
871.168852
870.838864
870.452561
870.010247
869.512744
869.483017
869.979722
870.421551
870.807651
871.137666
871.411647
871.629929
871.792999
871.901364
871.955433
871.955433
871.901364
871.792999
871.629929
871.411647
871.137666
870.807651
870.421551
869.979722
869.483017
869.453459
869.949366
870.390694
870.776563
871.106569
871.380699
871.599217
871.762539
871.871110
871.925294
871.925294
871.871110
871.762539
871.599217
871.380699
871.106569
870.776563
870.390694
869.949366
869.453459
869.424064
869.919171
870.359983
870.745596
871.075559
871.349800
871.568516
871.732057
871.840810
871.895096
871.895096
871.840810
871.732057
871.568516
871.349800
871.075559
870.745596
870.359983
869.919171
869.424064
869.394824
869.889129
870.329412
870.714744
871.044633
871.318949
871.537828
871.701557
871.810470
871.864846
871.864846
871.810470
871.701557
871.537828
871.318949
871.044633
870.714744
870.329412
869.889129
869.394824
869.365731
869.859234
870.298976
870.684005
871.013789
871.288148
871.507156
871.671045
871.780095
871.834551
871.834551
871.780095
871.671045
871.507156
871.288148
871.013789
870.684005
870.298976
869.859234
869.365731
869.336781
869.829480
870.268668
870.653373
870.983026
871.257395
871.476503
871.640524
871.749692
871.804216
871.804216
871.749692
871.640524
871.476503
871.257395
870.983026
870.653373
870.268668
869.829480
869.336781
869.307967
869.799861
870.238485
870.622846
870.952341
871.226692
871.445869
871.609997
871.719264
871.773847
871.773847
871.719264
871.609997
871.445869
871.226692
870.952341
870.622846
870.238485
869.799861
869.307967
869.279283
869.770373
870.208422
870.592421
870.921733
871.196038
871.415258
871.579469
871.688818
871.743449
871.743449
871.688818
871.579469
871.415258
871.196038
870.921733
870.592421
870.208422
869.770373
869.279283
869.250725
869.741008
870.178474
870.562093
870.891200
871.165434
871.384671
871.548942
871.658356
871.713027
871.713027
871.658356
871.548942
871.384671
871.165434
870.891200
870.562093
870.178474
869.741008
869.250725
869.222287
869.711764
870.148637
870.531860
870.860740
871.134879
871.354109
871.518420
871.627883
871.682587
871.682587
871.627883
871.518420
871.354109
871.134879
870.860740
870.531860
870.148637
869.711764
869.222287
869.193965
869.682636
870.118907
870.501720
870.830353
871.104373
871.323574
871.487906
871.597404
871.652132
871.652132
871.597404
871.487906
871.323574
871.104373
870.830353
870.501720
870.118907
869.682636
869.193965
869.165755
869.653618
870.089280
870.471668
870.800036
871.073917
871.293068
871.457401
871.566921
871.621666
871.621666
871.566921
871.457401
871.293068
871.073917
870.800036
870.471668
870.089280
869.653618
869.165755
869.137651
869.624708
870.059754
870.441704
870.769789
871.043511
871.262592
871.426910
871.536439
871.591194
871.591194
871.536439
871.426910
871.262592
871.043511
870.769789
870.441704
870.059754
869.624708
869.137651
869.109652
869.595902
870.030325
870.411825
870.739610
871.013155
871.232148
871.396434
871.505959
871.560718
871.560718
871.505959
871.396434
871.232148
871.013155
870.739610
870.411825
870.030325
869.595902
869.109652
869.081752
869.567196
870.000990
870.382028
870.709499
870.982849
871.201736
871.365975
871.475486
871.530243
871.530243
871.475486
871.365975
871.201736
870.982849
870.709499
870.382028
870.000990
869.567196
869.081752
869.053950
869.538586
869.971746
870.352312
870.679453
870.952592
871.171357
871.335536
871.445022
871.499771
871.499771
871.445022
871.335536
871.171357
870.952592
870.679453
870.352312
869.971746
869.538586
869.053950
869.026240
869.510070
869.942590
870.322674
870.649473
870.922385
871.141014
871.305118
871.414569
871.469306
871.469306
871.414569
871.305118
871.141014
870.922385
870.649473
870.322674
869.942590
869.510070
869.026240
868.998621
869.481645
869.913520
870.293112
870.619556
870.892228
871.110706
871.274724
871.384131
871.438850
871.438850
871.384131
871.274724
871.110706
870.892228
870.619556
870.293112
869.913520
869.481645
868.998621
868.971090
869.453308
869.884534
870.263626
870.589703
870.862122
871.080435
871.244355
871.353709
871.408405
871.408405
871.353709
871.244355
871.080435
870.862122
870.589703
870.263626
869.884534
869.453308
868.971090
868.943644
869.425056
869.855629
870.234213
870.559912
870.832065
871.050201
871.214012
871.323305
871.377975
871.377975
871.323305
871.214012
871.050201
870.832065
870.559912
870.234213
869.855629
869.425056
868.943644
868.916280
869.396887
869.826803
870.204871
870.530183
870.802057
871.020006
871.183697
871.292922
871.347562
871.347562
871.292922
871.183697
871.020006
870.802057
870.530183
870.204871
869.826803
869.396887
868.916280
868.888996
869.368799
869.798055
870.175600
870.500515
870.772100
870.989849
871.153412
871.262562
871.317167
871.317167
871.262562
871.153412
870.989849
870.772100
870.500515
870.175600
869.798055
869.368799
868.888996
868.861791
869.340790
869.769381
870.146398
870.470906
870.742193
870.959733
871.123158
871.232225
871.286793
871.286793
871.232225
871.123158
870.959733
870.742193
870.470906
870.146398
869.769381
869.340790
868.861791
868.834661
869.312857
869.740782
870.117263
870.441357
870.712336
870.929657
871.092935
871.201915
871.256441
871.256441
871.201915
871.092935
870.929657
870.712336
870.441357
870.117263
869.740782
869.312857
868.834661
868.807606
869.284999
869.712255
870.088195
870.411867
870.682528
870.899621
871.062746
871.171632
871.226114
871.226114
871.171632
871.062746
870.899621
870.682528
870.411867
870.088195
869.712255
869.284999
868.807606
868.780622
869.257213
869.683798
870.059192
870.382435
870.652771
870.869628
871.032591
871.141377
871.195812
871.195812
871.141377
871.032591
870.869628
870.652771
870.382435
870.059192
869.683798
869.257213
868.780622
868.753709
869.229499
869.655410
870.030253
870.353060
870.623063
870.839676
871.002472
871.111153
871.165538
871.165538
871.111153
871.002472
870.839676
870.623063
870.353060
870.030253
869.655410
869.229499
868.753709
868.726865
869.201855
869.627089
870.001377
870.323742
870.593405
870.809767
870.972388
871.080961
871.135293
871.135293
871.080961
870.972388
870.809767
870.593405
870.323742
870.001377
869.627089
869.201855
868.726865
868.700088
869.174278
869.598835
869.972564
870.294481
870.563797
870.779901
870.942342
871.050800
871.105078
871.105078
871.050800
870.942342
870.779901
870.563797
870.294481
869.972564
869.598835
869.174278
868.700088
868.673377
869.146769
869.570646
869.943812
870.265275
870.534238
870.750079
870.912333
871.020674
871.074895
871.074895
871.020674
870.912333
870.750079
870.534238
870.265275
869.943812
869.570646
869.146769
868.673377
868.646731
869.119324
869.542521
869.915121
870.236126
870.504729
870.720300
870.882363
870.990582
871.044744
871.044744
870.990582
870.882363
870.720300
870.504729
870.236126
869.915121
869.542521
869.119324
868.646731
868.620147
869.091944
869.514459
869.886489
870.207031
870.475270
870.690565
870.852433
870.960526
871.014627
871.014627
870.960526
870.852433
870.690565
870.475270
870.207031
869.886489
869.514459
869.091944
868.620147
868.593626
869.064627
869.486458
869.857916
870.177991
870.445861
870.660875
870.822542
870.930507
870.984545
870.984545
870.930507
870.822542
870.660875
870.445861
870.177991
869.857916
869.486458
869.064627
868.593626
868.567166
869.037372
869.458519
869.829401
870.149005
870.416501
870.631230
870.792692
870.900525
870.954498
870.954498
870.900525
870.792692
870.631230
870.416501
870.149005
869.829401
869.458519
869.037372
868.567166
868.540765
869.010177
869.430639
869.800944
870.120073
870.387190
870.601630
870.762883
870.870581
870.924489
870.924489
870.870581
870.762883
870.601630
870.387190
870.120073
869.800944
869.430639
869.010177
868.540765
868.514423
868.983043
869.402819
869.772543
870.091194
870.357929
870.572075
870.733115
870.840676
870.894516
870.894516
870.840676
870.733115
870.572075
870.357929
870.091194
869.772543
869.402819
868.983043
868.514423
868.488139
868.955967
869.375057
869.744199
870.062368
870.328717
870.542566
870.703390
870.810811
870.864582
870.864582
870.810811
870.703390
870.542566
870.328717
870.062368
869.744199
869.375057
868.955967
868.488139
868.461912
868.928949
869.347352
869.715911
870.033596
870.299555
870.513102
870.673708
870.780986
870.834687
870.834687
870.780986
870.673708
870.513102
870.299555
870.033596
869.715911
869.347352
868.928949
868.461912
868.435741
868.901989
869.319704
869.687677
870.004875
870.270442
870.483685
870.644068
870.751202
870.804832
870.804832
870.751202
870.644068
870.483685
870.270442
870.004875
869.687677
869.319704
868.901989
868.435741
868.409626
868.875084
869.292113
869.659498
869.976207
870.241378
870.454313
870.614472
870.721459
870.775016
870.775016
870.721459
870.614472
870.454313
870.241378
869.976207
869.659498
869.292113
868.875084
868.409626
868.383565
868.848236
869.264576
869.631374
869.947591
870.212363
870.424988
870.584920
870.691758
870.745242
870.745242
870.691758
870.584920
870.424988
870.212363
869.947591
869.631374
869.264576
868.848236
868.383565
868.357557
868.821442
869.237095
869.603303
869.919027
870.183398
870.395710
870.555412
870.662100
870.715509
870.715509
870.662100
870.555412
870.395710
870.183398
869.919027
869.603303
869.237095
868.821442
868.357557
868.331603
868.794703
869.209668
869.575285
869.890513
870.154481
870.366478
870.525948
870.632484
870.685818
870.685818
870.632484
870.525948
870.366478
870.154481
869.890513
869.575285
869.209668
868.794703
868.331603
868.305702
868.768017
869.182294
869.547320
869.862051
870.125614
870.337292
870.496529
870.602911
870.656169
870.656169
870.602911
870.496529
870.337292
870.125614
869.862051
869.547320
869.182294
868.768017
868.305702
868.279852
868.741384
869.154974
869.519407
869.833640
870.096795
870.308154
870.467155
870.573382
870.626563
870.626563
870.573382
870.467155
870.308154
870.096795
869.833640
869.519407
869.154974
868.741384
868.279852
868.254053
868.714804
869.127706
869.491546
869.805279
870.068025
870.279062
870.437826
870.543897
870.597000
870.597000
870.543897
870.437826
870.279062
870.068025
869.805279
869.491546
869.127706
868.714804
868.254053
868.228306
868.688276
869.100491
869.463737
869.776969
870.039304
870.250018
870.408542
870.514456
870.567481
870.567481
870.514456
870.408542
870.250018
870.039304
869.776969
869.463737
869.100491
868.688276
868.228306
868.202609
868.661800
869.073327
869.435979
869.748709
870.010632
870.221021
870.379304
870.485059
870.538006
870.538006
870.485059
870.379304
870.221021
870.010632
869.748709
869.435979
869.073327
868.661800
868.202609
868.176961
868.635374
869.046215
869.408272
869.720499
869.982008
870.192070
870.350112
870.455707
870.508575
870.508575
870.455707
870.350112
870.192070
869.982008
869.720499
869.408272
869.046215
868.635374
868.176961
868.151363
868.608999
869.019153
869.380616
869.692339
869.953433
870.163167
870.320966
870.426400
870.479188
870.479188
870.426400
870.320966
870.163167
869.953433
869.692339
869.380616
869.019153
868.608999
868.151363
868.125814
868.582674
868.992142
869.353010
869.664228
869.924906
870.134312
870.291866
870.397139
870.449846
870.449846
870.397139
870.291866
870.134312
869.924906
869.664228
869.353010
868.992142
868.582674
868.125814
868.100313
868.556398
868.965182
869.325454
869.636166
869.896428
870.105503
870.262812
870.367923
870.420549
870.420549
870.367923
870.262812
870.105503
869.896428
869.636166
869.325454
868.965182
868.556398
868.100313
868.074860
868.530172
868.938271
869.297948
869.608154
869.867998
870.076742
870.233805
870.338753
870.391298
870.391298
870.338753
870.233805
870.076742
869.867998
869.608154
869.297948
868.938271
868.530172
868.074860
868.049455
868.503995
868.911410
869.270492
869.580191
869.839616
870.048028
870.204844
870.309628
870.362092
870.362092
870.309628
870.204844
870.048028
869.839616
869.580191
869.270492
868.911410
868.503995
868.049455
868.024098
868.477867
868.884598
869.243084
869.552277
869.811282
870.019362
870.175930
870.280549
870.332931
870.332931
870.280549
870.175930
870.019362
869.811282
869.552277
869.243084
868.884598
868.477867
868.024098
867.998787
868.451787
868.857835
869.215726
869.524411
869.782997
869.990743
870.147062
870.251517
870.303817
870.303817
870.251517
870.147062
869.990743
869.782997
869.524411
869.215726
868.857835
868.451787
867.998787
867.973523
868.425754
868.831120
869.188416
869.496594
869.754760
869.962172
870.118242
870.222531
870.274748
870.274748
870.222531
870.118242
869.962172
869.754760
869.496594
869.188416
868.831120
868.425754
867.973523
867.948306
868.399770
868.804454
869.161156
869.468826
869.726570
869.933647
870.089468
870.193591
870.245725
870.245725
870.193591
870.089468
869.933647
869.726570
869.468826
869.161156
868.804454
868.399770
867.948306
867.923134
868.373833
868.777836
869.133943
869.441106
869.698429
869.905171
870.060741
870.164698
870.216749
870.216749
870.164698
870.060741
869.905171
869.698429
869.441106
869.133943
868.777836
868.373833
867.923134
867.898009
868.347942
868.751266
869.106779
869.413433
869.670335
869.876741
870.032060
870.135851
870.187819
870.187819
870.135851
870.032060
869.876741
869.670335
869.413433
869.106779
868.751266
868.347942
867.898009
867.872929
868.322099
868.724743
869.079662
869.385809
869.642289
869.848359
870.003427
870.107051
870.158936
870.158936
870.107051
870.003427
869.848359
869.642289
869.385809
869.079662
868.724743
868.322099
867.872929
867.847894
868.296302
868.698268
869.052593
869.358233
869.614291
869.820025
869.974841
870.078297
870.130099
870.130099
870.078297
869.974841
869.820025
869.614291
869.358233
869.052593
868.698268
868.296302
867.847894
867.822904
868.270552
868.671840
869.025572
869.330704
869.586340
869.791737
869.946302
870.049591
870.101309
870.101309
870.049591
869.946302
869.791737
869.586340
869.330704
869.025572
868.671840
868.270552
867.822904
867.797959
868.244847
868.645458
868.998599
869.303223
869.558437
869.763497
869.917810
870.020931
870.072565
870.072565
870.020931
869.917810
869.763497
869.558437
869.303223
868.998599
868.645458
868.244847
867.797959
867.773059
868.219189
868.619124
868.971672
869.275789
869.530582
869.735305
869.889365
869.992318
870.043868
870.043868
869.992318
869.889365
869.735305
869.530582
869.275789
868.971672
868.619124
868.219189
867.773059
867.748203
868.193576
868.592836
868.944793
869.248403
869.502773
869.707159
869.860967
869.963752
870.015219
870.015219
869.963752
869.860967
869.707159
869.502773
869.248403
868.944793
868.592836
868.193576
867.748203
867.723392
868.168008
868.566594
868.917960
869.221064
869.475012
869.679061
869.832616
869.935233
869.986615
869.986615
869.935233
869.832616
869.679061
869.475012
869.221064
868.917960
868.566594
868.168008
867.723392
867.698624
868.142486
868.540399
868.891175
869.193772
869.447298
869.651010
869.804312
869.906761
869.958059
869.958059
869.906761
869.804312
869.651010
869.447298
869.193772
868.891175
868.540399
868.142486
867.698624
867.673900
868.117009
868.514250
868.864436
869.166527
869.419631
869.623006
869.776056
869.878336
869.929550
869.929550
869.878336
869.776056
869.623006
869.419631
869.166527
868.864436
868.514250
868.117009
867.673900
867.649220
868.091577
868.488146
868.837743
869.139329
869.392012
869.595049
869.747846
869.849958
869.901088
869.901088
869.849958
869.747846
869.595049
869.392012
869.139329
868.837743
868.488146
868.091577
867.649220
867.624583
868.066189
868.462088
868.811097
869.112177
869.364439
869.567139
869.719683
869.821627
869.872673
869.872673
869.821627
869.719683
869.567139
869.364439
869.112177
868.811097
868.462088
868.066189
867.624583
867.599990
868.040846
868.436076
868.784497
869.085073
869.336913
869.539276
869.691568
869.793343
869.844305
869.844305
869.793343
869.691568
869.539276
869.336913
869.085073
868.784497
868.436076
868.040846
867.599990
867.575439
868.015548
868.410109
868.757943
869.058014
869.309434
869.511460
869.663499
869.765106
869.815983
869.815983
869.765106
869.663499
869.511460
869.309434
869.058014
868.757943
868.410109
868.015548
867.575439
867.550932
867.990293
868.384187
868.731435
869.031003
869.282002
869.483691
869.635478
869.736916
869.787709
869.787709
869.736916
869.635478
869.483691
869.282002
869.031003
868.731435
868.384187
867.990293
867.550932
867.526467
867.965083
868.358310
868.704973
869.004037
869.254616
869.455969
869.607503
869.708773
869.759482
869.759482
869.708773
869.607503
869.455969
869.254616
869.004037
868.704973
868.358310
867.965083
867.526467
867.502045
867.939917
868.332478
868.678556
868.977118
869.227277
869.428294
869.579575
869.680677
869.731302
869.731302
869.680677
869.579575
869.428294
869.227277
868.977118
868.678556
868.332478
867.939917
867.502045
867.477666
867.914794
868.306691
868.652185
868.950245
869.199984
869.400665
869.551694
869.652628
869.703168
869.703168
869.652628
869.551694
869.400665
869.199984
868.950245
868.652185
868.306691
867.914794
867.477666
867.453329
867.889715
868.280949
868.625859
868.923417
869.172738
869.373083
869.523860
869.624625
869.675082
869.675082
869.624625
869.523860
869.373083
869.172738
868.923417
868.625859
868.280949
867.889715
867.453329
867.429034
867.864680
868.255251
868.599579
868.896636
869.145538
869.345548
869.496073
869.596670
869.647042
869.647042
869.596670
869.496073
869.345548
869.145538
868.896636
868.599579
868.255251
867.864680
867.429034
867.404781
867.839687
868.229598
868.573344
868.869901
869.118385
869.318059
869.468332
869.568761
869.619050
869.619050
869.568761
869.468332
869.318059
869.118385
868.869901
868.573344
868.229598
867.839687
867.404781
867.380571
867.814739
868.203988
868.547154
868.843211
869.091277
869.290617
869.440639
869.540900
869.591104
869.591104
869.540900
869.440639
869.290617
869.091277
868.843211
868.547154
868.203988
867.814739
867.380571
867.356402
867.789833
868.178423
868.521009
868.816567
869.064216
869.263221
869.412991
869.513085
869.563205
869.563205
869.513085
869.412991
869.263221
869.064216
868.816567
868.521009
868.178423
867.789833
867.356402
867.332275
867.764970
868.152903
868.494909
868.789969
869.037201
869.235871
869.385391
869.485317
869.535353
869.535353
869.485317
869.385391
869.235871
869.037201
868.789969
868.494909
868.152903
867.764970
867.332275
867.308189
867.740150
868.127426
868.468854
868.763415
869.010232
869.208568
869.357837
869.457595
869.507548
869.507548
869.457595
869.357837
869.208568
869.010232
868.763415
868.468854
868.127426
867.740150
867.308189
867.284145
867.715373
868.101992
868.442844
868.736908
868.983308
869.181311
869.330329
869.429920
869.479789
869.479789
869.429920
869.330329
869.181311
868.983308
868.736908
868.442844
868.101992
867.715373
867.284145
867.260143
867.690639
868.076603
868.416878
868.710445
868.956430
869.154100
869.302868
869.402292
869.452078
869.452078
869.402292
869.302868
869.154100
868.956430
868.710445
868.416878
868.076603
867.690639
867.260143
867.236182
867.665947
868.051257
868.390956
868.684028
868.929598
869.126936
869.275453
869.374710
869.424412
869.424412
869.374710
869.275453
869.126936
868.929598
868.684028
868.390956
868.051257
867.665947
867.236182
867.212262
867.641298
868.025955
868.365079
868.657656
868.902812
869.099817
869.248085
869.347175
869.396794
869.396794
869.347175
869.248085
869.099817
868.902812
868.657656
868.365079
868.025955
867.641298
867.212262
867.188383
867.616691
868.000696
868.339246
868.631329
868.876071
869.072744
869.220763
869.319686
869.369221
869.369221
869.319686
869.220763
869.072744
868.876071
868.631329
868.339246
868.000696
867.616691
867.188383
867.164545
867.592126
867.975480
868.313458
868.605047
868.849376
869.045718
869.193487
869.292244
869.341696
869.341696
869.292244
869.193487
869.045718
868.849376
868.605047
868.313458
867.975480
867.592126
867.164545
867.140748
867.567604
867.950308
868.287713
868.578809
868.822726
869.018737
869.166257
869.264848
869.314217
869.314217
869.264848
869.166257
869.018737
868.822726
868.578809
868.287713
867.950308
867.567604
867.140748
867.116991
867.543123
867.925179
868.262013
868.552616
868.796122
868.991801
869.139073
869.237498
869.286784
869.286784
869.237498
869.139073
868.991801
868.796122
868.552616
868.262013
867.925179
867.543123
867.116991
867.093276
867.518684
867.900092
868.236356
868.526468
868.769562
868.964912
869.111935
869.210194
869.259397
869.259397
869.210194
869.111935
868.964912
868.769562
868.526468
868.236356
867.900092
867.518684
867.093276
867.069601
867.494288
867.875049
868.210743
868.500365
868.743048
868.938068
869.084843
869.182937
869.232057
869.232057
869.182937
869.084843
868.938068
868.743048
868.500365
868.210743
867.875049
867.494288
867.069601
867.045966
867.469932
867.850049
868.185174
868.474306
868.716579
868.911270
869.057797
869.155726
869.204763
869.204763
869.155726
869.057797
868.911270
868.716579
868.474306
868.185174
867.850049
867.469932
867.045966
867.022372
867.445619
867.825091
868.159649
868.448291
868.690155
868.884517
869.030797
869.128560
869.177515
869.177515
869.128560
869.030797
868.884517
868.690155
868.448291
868.159649
867.825091
867.445619
867.022372
866.998819
867.421347
867.800176
868.134167
868.422321
868.663776
868.857809
869.003843
869.101441
869.150313
869.150313
869.101441
869.003843
868.857809
868.663776
868.422321
868.134167
867.800176
867.421347
866.998819
866.975305
867.397117
867.775303
868.108729
868.396395
868.637441
868.831147
868.976934
869.074368
869.123157
869.123157
869.074368
868.976934
868.831147
868.637441
868.396395
868.108729
867.775303
867.397117
866.975305
866.951832
867.372928
867.750473
868.083334
868.370513
868.611152
868.804530
868.950071
869.047340
869.096047
869.096047
869.047340
868.950071
868.804530
868.611152
868.370513
868.083334
867.750473
867.372928
866.951832
866.928399
867.348780
867.725685
868.057982
868.344676
868.584907
868.777959
868.923254
869.020358
869.068983
869.068983
869.020358
868.923254
868.777959
868.584907
868.344676
868.057982
867.725685
867.348780
866.928399
866.905006
867.324674
867.700940
868.032674
868.318882
868.558707
868.751432
868.896481
868.993422
869.041965
869.041965
868.993422
868.896481
868.751432
868.558707
868.318882
868.032674
867.700940
867.324674
866.905006
866.881652
867.300609
867.676237
868.007409
868.293132
868.532551
868.724950
868.869755
868.966532
869.014992
869.014992
868.966532
868.869755
868.724950
868.532551
868.293132
868.007409
867.676237
867.300609
866.881652
866.858339
867.276585
867.651576
867.982186
868.267426
868.506440
868.698514
868.843073
868.939687
868.988066
868.988066
868.939687
868.843073
868.698514
868.506440
868.267426
867.982186
867.651576
867.276585
866.858339
866.835065
867.252601
867.626957
867.957007
868.241764
868.480373
868.672122
868.816437
868.912887
868.961184
868.961184
868.912887
868.816437
868.672122
868.480373
868.241764
867.957007
867.626957
867.252601
866.835065
866.811831
867.228659
867.602379
867.931871
868.216145
868.454351
868.645775
868.789846
868.886133
868.934349
868.934349
868.886133
868.789846
868.645775
868.454351
868.216145
867.931871
867.602379
867.228659
866.811831
866.788636
867.204758
867.577844
867.906777
868.190570
868.428372
868.619473
868.763301
868.859425
868.907559
868.907559
868.859425
868.763301
868.619473
868.428372
868.190570
867.906777
867.577844
867.204758
866.788636
866.765481
867.180897
867.553351
867.881726
868.165038
868.402438
868.593216
868.736800
868.832762
868.880814
868.880814
868.832762
868.736800
868.593216
868.402438
868.165038
867.881726
867.553351
867.180897
866.765481
866.742366
867.157077
867.528899
867.856718
868.139550
868.376548
868.567003
868.710344
868.806143
868.854115
868.854115
868.806143
868.710344
868.567003
868.376548
868.139550
867.856718
867.528899
867.157077
866.742366
866.719290
867.133297
867.504489
867.831753
868.114106
868.350702
868.540834
868.683933
868.779570
868.827461
868.827461
868.779570
868.683933
868.540834
868.350702
868.114106
867.831753
867.504489
867.133297
866.719290
866.696253
867.109558
867.480121
867.806830
868.088704
868.324900
868.514711
868.657567
868.753043
868.800852
868.800852
868.753043
868.657567
868.514711
868.324900
868.088704
867.806830
867.480121
867.109558
866.696253
866.673255
867.085859
867.455794
867.781949
868.063346
868.299142
868.488631
868.631246
868.726560
868.774288
868.774288
868.726560
868.631246
868.488631
868.299142
868.063346
867.781949
867.455794
867.085859
866.673255
866.650296
867.062201
867.431508
867.757110
868.038031
868.273428
868.462596
868.604969
868.700122
868.747770
868.747770
868.700122
868.604969
868.462596
868.273428
868.038031
867.757110
867.431508
867.062201
866.650296
866.627377
867.038583
867.407264
867.732314
868.012759
868.247757
868.436605
868.578737
868.673729
868.721296
868.721296
868.673729
868.578737
868.436605
868.247757
868.012759
867.732314
867.407264
867.038583
866.627377
866.604496
867.015005
867.383061
867.707560
867.987530
868.222130
868.410658
868.552550
868.647381
868.694867
868.694867
868.647381
868.552550
868.410658
868.222130
867.987530
867.707560
867.383061
867.015005
866.604496
866.581655
866.991467
867.358899
867.682849
867.962344
868.196546
868.384755
868.526407
868.621077
868.668483
868.668483
868.621077
868.526407
868.384755
868.196546
867.962344
867.682849
867.358899
866.991467
866.581655
866.558852
866.967969
867.334778
867.658179
867.937200
868.171006
868.358896
868.500308
868.594818
868.642144
868.642144
868.594818
868.500308
868.358896
868.171006
867.937200
867.658179
867.334778
866.967969
866.558852
866.536088
866.944511
867.310699
867.633551
867.912100
868.145510
868.333081
868.474254
868.568604
868.615850
868.615850
868.568604
868.474254
868.333081
868.145510
867.912100
867.633551
867.310699
866.944511
866.536088
866.513362
866.921093
867.286660
867.608965
867.887042
868.120056
868.307310
868.448244
868.542434
868.589600
868.589600
868.542434
868.448244
868.307310
868.120056
867.887042
867.608965
867.286660
866.921093
866.513362
866.490675
866.897715
867.262662
867.584421
867.862026
868.094646
868.281583
868.422278
868.516309
868.563395
868.563395
868.516309
868.422278
868.281583
868.094646
867.862026
867.584421
867.262662
866.897715
866.490675
866.468027
866.874377
867.238705
867.559918
867.837054
868.069279
868.255900
868.396356
868.490228
868.537234
868.537234
868.490228
868.396356
868.255900
868.069279
867.837054
867.559918
867.238705
866.874377
866.468027
866.445417
866.851078
867.214789
867.535458
867.812123
868.043955
868.230260
868.370478
868.464191
868.511118
868.511118
868.464191
868.370478
868.230260
868.043955
867.812123
867.535458
867.214789
866.851078
866.445417
866.422846
866.827819
867.190913
867.511038
867.787235
868.018675
868.204663
868.344644
868.438199
868.485046
868.485046
868.438199
868.344644
868.204663
868.018675
867.787235
867.511038
867.190913
866.827819
866.422846
866.400313
866.804599
867.167078
867.486661
867.762389
867.993437
868.179111
868.318854
868.412250
868.459018
868.459018
868.412250
868.318854
868.179111
867.993437
867.762389
867.486661
867.167078
866.804599
866.400313
866.377818
866.781419
867.143283
867.462324
867.737586
867.968242
868.153601
868.293108
868.386346
868.433035
868.433035
868.386346
868.293108
868.153601
867.968242
867.737586
867.462324
867.143283
866.781419
866.377818
866.355361
866.758278
867.119529
867.438029
867.712824
867.943090
868.128135
868.267406
868.360486
868.407095
868.407095
868.360486
868.267406
868.128135
867.943090
867.712824
867.438029
867.119529
866.758278
866.355361
866.332943
866.735176
867.095815
867.413776
867.688105
867.917980
868.102712
868.241747
868.334669
868.381200
868.381200
868.334669
868.241747
868.102712
867.917980
867.688105
867.413776
867.095815
866.735176
866.332943
866.310562
866.712114
867.072141
867.389563
867.663428
867.892913
868.077332
868.216132
868.308897
868.355348
868.355348
868.308897
868.216132
868.077332
867.892913
867.663428
867.389563
867.072141
866.712114
866.310562
866.288220
866.689091
867.048508
867.365392
867.638792
867.867889
868.051996
868.190560
868.283168
868.329541
868.329541
868.283168
868.190560
868.051996
867.867889
867.638792
867.365392
867.048508
866.689091
866.288220
866.265915
866.666107
867.024915
867.341262
867.614199
867.842908
868.026702
868.165032
868.257483
868.303777
868.303777
868.257483
868.165032
868.026702
867.842908
867.614199
867.341262
867.024915
866.666107
866.265915
866.243648
866.643162
867.001361
867.317172
867.589647
867.817968
868.001452
868.139547
868.231841
868.278057
868.278057
868.231841
868.139547
868.001452
867.817968
867.589647
867.317172
867.001361
866.643162
866.243648
866.221419
866.620255
866.977848
867.293124
867.565137
867.793072
867.976244
868.114105
868.206243
868.252381
868.252381
868.206243
868.114105
867.976244
867.793072
867.565137
867.293124
866.977848
866.620255
866.221419
866.199228
866.597388
866.954375
867.269117
867.540669
867.768217
867.951079
868.088707
868.180689
868.226749
868.226749
868.180689
868.088707
867.951079
867.768217
867.540669
867.269117
866.954375
866.597388
866.199228
866.177074
866.574560
866.930942
867.245150
867.516242
867.743405
867.925957
868.063352
868.155178
868.201159
868.201159
868.155178
868.063352
867.925957
867.743405
867.516242
867.245150
866.930942
866.574560
866.177074
866.154958
866.551770
866.907548
867.221224
867.491856
867.718634
867.900877
868.038040
868.129710
868.175614
868.175614
868.129710
868.038040
867.900877
867.718634
867.491856
867.221224
866.907548
866.551770
866.154958
866.132880
866.529019
866.884194
867.197338
867.467513
867.693906
867.875840
868.012770
868.104285
868.150112
868.150112
868.104285
868.012770
867.875840
867.693906
867.467513
867.197338
866.884194
866.529019
866.132880
866.110839
866.506307
866.860880
867.173493
867.443210
867.669220
867.850846
867.987544
868.078904
868.124653
868.124653
868.078904
867.987544
867.850846
867.669220
867.443210
867.173493
866.860880
866.506307
866.110839
866.088835
866.483633
866.837605
867.149689
867.418949
867.644576
867.825894
867.962361
868.053566
868.099237
868.099237
868.053566
867.962361
867.825894
867.644576
867.418949
867.149689
866.837605
866.483633
866.088835
866.066869
866.460997
866.814370
867.125925
867.394728
867.619973
867.800985
867.937220
868.028271
868.073864
868.073864
868.028271
867.937220
867.800985
867.619973
867.394728
867.125925
866.814370
866.460997
866.066869
866.044940
866.438400
866.791174
867.102201
867.370549
867.595413
867.776117
867.912122
868.003018
868.048535
868.048535
868.003018
867.912122
867.776117
867.595413
867.370549
867.102201
866.791174
866.438400
866.044940
866.023048
866.415842
866.768018
867.078518
867.346411
867.570894
867.751292
867.887066
867.977809
868.023248
868.023248
867.977809
867.887066
867.751292
867.570894
867.346411
867.078518
866.768018
866.415842
866.023048
866.001193
866.393321
866.744900
867.054875
867.322314
867.546416
867.726509
867.862054
867.952643
867.998005
867.998005
867.952643
867.862054
867.726509
867.546416
867.322314
867.054875
866.744900
866.393321
866.001193
865.979375
866.370839
866.721823
867.031272
867.298258
867.521981
867.701769
867.837083
867.927519
867.972804
867.972804
867.927519
867.837083
867.701769
867.521981
867.298258
867.031272
866.721823
866.370839
865.979375
865.957594
866.348395
866.698784
867.007709
867.274243
867.497586
867.677070
867.812155
867.902438
867.947646
867.947646
867.902438
867.812155
867.677070
867.497586
867.274243
867.007709
866.698784
866.348395
865.957594
865.935850
866.325989
866.675784
866.984186
867.250268
867.473234
867.652413
867.787270
867.877399
867.922531
867.922531
867.877399
867.787270
867.652413
867.473234
867.250268
866.984186
866.675784
866.325989
865.935850
865.914143
866.303621
866.652824
866.960703
867.226335
867.448922
867.627798
867.762426
867.852403
867.897459
867.897459
867.852403
867.762426
867.627798
867.448922
867.226335
866.960703
866.652824
866.303621
865.914143
865.892473
866.281291
866.629902
866.937260
867.202441
867.424652
867.603225
867.737625
867.827449
867.872429
867.872429
867.827449
867.737625
867.603225
867.424652
867.202441
866.937260
866.629902
866.281291
865.892473
865.870839
866.258999
866.607019
866.913856
867.178589
867.400423
867.578693
867.712866
867.802538
867.847442
867.847442
867.802538
867.712866
867.578693
867.400423
867.178589
866.913856
866.607019
866.258999
865.870839
865.849242
866.236744
866.584175
866.890492
867.154777
867.376235
867.554204
867.688149
867.777669
867.822497
867.822497
867.777669
867.688149
867.554204
867.376235
867.154777
866.890492
866.584175
866.236744
865.849242
865.827682
866.214527
866.561370
866.867168
867.131005
867.352088
867.529755
867.663474
867.752842
867.797594
867.797594
867.752842
867.663474
867.529755
867.352088
867.131005
866.867168
866.561370
866.214527
865.827682
865.806158
866.192348
866.538603
866.843884
867.107274
867.327982
867.505349
867.638841
867.728058
867.772734
867.772734
867.728058
867.638841
867.505349
867.327982
867.107274
866.843884
866.538603
866.192348
865.806158
865.784671
866.170207
866.515876
866.820639
867.083582
867.303918
867.480983
867.614249
867.703315
867.747915
867.747915
867.703315
867.614249
867.480983
867.303918
867.083582
866.820639
866.515876
866.170207
865.784671
865.763220
866.148103
866.493186
866.797433
867.059932
867.279893
867.456659
867.589700
867.678615
867.723139
867.723139
867.678615
867.589700
867.456659
867.279893
867.059932
866.797433
866.493186
866.148103
865.763220
865.741806
866.126037
866.470535
866.774267
867.036321
867.255910
867.432377
867.565192
867.653956
867.698406
867.698406
867.653956
867.565192
867.432377
867.255910
867.036321
866.774267
866.470535
866.126037
865.741806
865.720428
866.104008
866.447923
866.751140
867.012750
867.231968
867.408135
867.540725
867.629340
867.673714
867.673714
867.629340
867.540725
867.408135
867.231968
867.012750
866.751140
866.447923
866.104008
865.720428
865.699086
866.082016
866.425349
866.728053
866.989219
867.208066
867.383935
867.516300
867.604765
867.649064
867.649064
867.604765
867.516300
867.383935
867.208066
866.989219
866.728053
866.425349
866.082016
865.699086
865.677780
866.060062
866.402813
866.705004
866.965729
867.184204
867.359776
867.491917
867.580232
867.624455
867.624455
867.580232
867.491917
867.359776
867.184204
866.965729
866.705004
866.402813
866.060062
865.677780
865.656510
866.038144
866.380315
866.681995
866.942278
867.160383
867.335658
867.467575
867.555740
867.599889
867.599889
867.555740
867.467575
867.335658
867.160383
866.942278
866.681995
866.380315
866.038144
865.656510
865.635276
866.016264
866.357856
866.659024
866.918866
867.136603
867.311580
867.443274
867.531290
867.575364
867.575364
867.531290
867.443274
867.311580
867.136603
866.918866
866.659024
866.357856
866.016264
865.635276
865.614078
865.994421
866.335434
866.636093
866.895495
867.112863
867.287544
867.419015
867.506882
867.550881
867.550881
867.506882
867.419015
867.287544
867.112863
866.895495
866.636093
866.335434
865.994421
865.614078
865.592916
865.972615
866.313051
866.613200
866.872163
867.089163
867.263548
867.394797
867.482515
867.526440
867.526440
867.482515
867.394797
867.263548
867.089163
866.872163
866.613200
866.313051
865.972615
865.592916
865.571790
865.950846
866.290705
866.590347
866.848871
867.065503
867.239593
867.370620
867.458189
867.502040
867.502040
867.458189
867.370620
867.239593
867.065503
866.848871
866.590347
866.290705
865.950846
865.571790
865.550700
865.929114
866.268398
866.567532
866.825618
867.041884
867.215679
867.346484
867.433905
867.477681
867.477681
867.433905
867.346484
867.215679
867.041884
866.825618
866.567532
866.268398
865.929114
865.550700
865.529646
865.907419
866.246128
866.544755
866.802405
867.018304
867.191806
867.322388
867.409662
867.453364
867.453364
867.409662
867.322388
867.191806
867.018304
866.802405
866.544755
866.246128
865.907419
865.529646
865.508627
865.885760
866.223896
866.522018
866.779231
866.994765
867.167972
867.298334
867.385460
867.429088
867.429088
867.385460
867.298334
867.167972
866.994765
866.779231
866.522018
866.223896
865.885760
865.508627
865.487643
865.864139
866.201702
866.499319
866.756097
866.971265
867.144180
867.274321
867.361299
867.404853
867.404853
867.361299
867.274321
867.144180
866.971265
866.756097
866.499319
866.201702
865.864139
865.487643
865.466696
865.842553
866.179545
866.476658
866.733001
866.947806
867.120427
867.250348
867.337179
867.380659
867.380659
867.337179
867.250348
867.120427
866.947806
866.733001
866.476658
866.179545
865.842553
865.466696
865.445783
865.821005
866.157426
866.454036
866.709945
866.924386
867.096715
867.226416
867.313100
867.356507
867.356507
867.313100
867.226416
867.096715
866.924386
866.709945
866.454036
866.157426
865.821005
865.445783
865.424906
865.799493
866.135344
866.431452
866.686928
866.901006
867.073043
867.202525
867.289062
867.332395
867.332395
867.289062
867.202525
867.073043
866.901006
866.686928
866.431452
866.135344
865.799493
865.424906
865.404065
865.778017
866.113300
866.408907
866.663950
866.877666
867.049412
867.178674
867.265065
867.308325
867.308325
867.265065
867.178674
867.049412
866.877666
866.663950
866.408907
866.113300
865.778017
865.404065
865.383259
865.756578
866.091293
866.386399
866.641011
866.854365
867.025820
867.154864
867.241108
867.284295
867.284295
867.241108
867.154864
867.025820
866.854365
866.641011
866.386399
866.091293
865.756578
865.383259
865.362488
865.735175
866.069323
866.363930
866.618111
866.831103
867.002269
867.131094
867.217192
867.260306
867.260306
867.217192
867.131094
867.002269
866.831103
866.618111
866.363930
866.069323
865.735175
865.362488
865.341752
865.713808
866.047391
866.341499
866.595250
866.807882
866.978757
867.107364
867.193317
867.236357
867.236357
867.193317
867.107364
866.978757
866.807882
866.595250
866.341499
866.047391
865.713808
865.341752
865.321051
865.692477
866.025496
866.319106
866.572427
866.784699
866.955285
867.083675
867.169482
867.212450
867.212450
867.169482
867.083675
866.955285
866.784699
866.572427
866.319106
866.025496
865.692477
865.321051
865.300385
865.671183
866.003638
866.296751
866.549643
866.761556
866.931854
867.060025
867.145687
867.188583
867.188583
867.145687
867.060025
866.931854
866.761556
866.549643
866.296751
866.003638
865.671183
865.300385
865.279754
865.649925
865.981817
866.274434
866.526898
866.738452
866.908461
867.036416
867.121933
867.164756
867.164756
867.121933
867.036416
866.908461
866.738452
866.526898
866.274434
865.981817
865.649925
865.279754
865.259159
865.628702
865.960032
866.252154
866.504191
866.715387
866.885109
867.012847
867.098219
867.140970
867.140970
867.098219
867.012847
866.885109
866.715387
866.504191
866.252154
865.960032
865.628702
865.259159
865.238598
865.607516
865.938285
866.229913
866.481523
866.692362
866.861796
866.989318
867.074546
867.117224
867.117224
867.074546
866.989318
866.861796
866.692362
866.481523
866.229913
865.938285
865.607516
865.238598
865.218072
865.586365
865.916575
866.207709
866.458894
866.669375
866.838523
866.965829
867.050913
867.093518
867.093518
867.050913
866.965829
866.838523
866.669375
866.458894
866.207709
865.916575
865.586365
865.218072
865.197580
865.565251
865.894901
866.185543
866.436302
866.646428
866.815289
866.942380
867.027319
867.069853
867.069853
867.027319
866.942380
866.815289
866.646428
866.436302
866.185543
865.894901
865.565251
865.197580
865.177123
865.544172
865.873265
866.163414
866.413749
866.623519
866.792095
866.918970
867.003766
867.046228
867.046228
867.003766
866.918970
866.792095
866.623519
866.413749
866.163414
865.873265
865.544172
865.177123
865.156701
865.523128
865.851664
866.141323
866.391234
866.600649
866.768939
866.895601
866.980253
867.022642
867.022642
866.980253
866.895601
866.768939
866.600649
866.391234
866.141323
865.851664
865.523128
865.156701
865.136314
865.502121
865.830101
866.119269
866.368758
866.577818
866.745824
866.872270
866.956779
866.999097
866.999097
866.956779
866.872270
866.745824
866.577818
866.368758
866.119269
865.830101
865.502121
865.136314
865.115961
865.481149
865.808574
866.097253
866.346319
866.555026
866.722747
866.848980
866.933346
866.975592
866.975592
866.933346
866.848980
866.722747
866.555026
866.346319
866.097253
865.808574
865.481149
865.115961
865.095642
865.460212
865.787083
866.075274
866.323918
866.532272
866.699710
866.825729
866.909952
866.952127
866.952127
866.909952
866.825729
866.699710
866.532272
866.323918
866.075274
865.787083
865.460212
865.095642
865.075358
865.439311
865.765629
866.053332
866.301556
866.509557
866.676711
866.802517
866.886598
866.928701
866.928701
866.886598
866.802517
866.676711
866.509557
866.301556
866.053332
865.765629
865.439311
865.075358
865.055108
865.418445
865.744211
866.031427
866.279231
866.486880
866.653752
866.779345
866.863283
866.905315
866.905315
866.863283
866.779345
866.653752
866.486880
866.279231
866.031427
865.744211
865.418445
865.055108
865.034892
865.397615
865.722830
866.009559
866.256944
866.464242
866.630831
866.756212
866.840008
866.881969
866.881969
866.840008
866.756212
866.630831
866.464242
866.256944
866.009559
865.722830
865.397615
865.034892
865.014711
865.376820
865.701484
865.987729
866.234695
866.441642
866.607950
866.733118
866.816773
866.858663
866.858663
866.816773
866.733118
866.607950
866.441642
866.234695
865.987729
865.701484
865.376820
865.014711
864.994564
865.356060
865.680175
865.965935
866.212484
866.419081
866.585107
866.710063
866.793577
866.835396
866.835396
866.793577
866.710063
866.585107
866.419081
866.212484
865.965935
865.680175
865.356060
864.994564
864.974450
865.335335
865.658902
865.944179
866.190310
866.396558
866.562303
866.687048
866.770420
866.812168
866.812168
866.770420
866.687048
866.562303
866.396558
866.190310
865.944179
865.658902
865.335335
864.974450
864.954371
865.314645
865.637665
865.922459
866.168174
866.374073
866.539537
866.664071
866.747302
866.788980
866.788980
866.747302
866.664071
866.539537
866.374073
866.168174
865.922459
865.637665
865.314645
864.954371
864.934326
865.293991
865.616464
865.900776
866.146076
866.351626
866.516810
866.641134
866.724224
866.765831
866.765831
866.724224
866.641134
866.516810
866.351626
866.146076
865.900776
865.616464
865.293991
864.934326
864.914315
865.273371
865.595298
865.879130
866.124014
866.329217
866.494122
866.618235
866.701185
866.742722
866.742722
866.701185
866.618235
866.494122
866.329217
866.124014
865.879130
865.595298
865.273371
864.914315
864.894337
865.252786
865.574169
865.857521
866.101991
866.306846
866.471472
866.595375
866.678185
866.719651
866.719651
866.678185
866.595375
866.471472
866.306846
866.101991
865.857521
865.574169
865.252786
864.894337
864.874394
865.232236
865.553075
865.835948
866.080004
866.284513
866.448861
866.572554
866.655223
866.696620
866.696620
866.655223
866.572554
866.448861
866.284513
866.080004
865.835948
865.553075
865.232236
864.874394
864.854484
865.211721
865.532017
865.814411
866.058055
866.262218
866.426288
866.549772
866.632301
866.673628
866.673628
866.632301
866.549772
866.426288
866.262218
866.058055
865.814411
865.532017
865.211721
864.854484
864.834608
865.191241
865.510995
865.792911
866.036143
866.239960
866.403753
866.527028
866.609418
866.650675
866.650675
866.609418
866.527028
866.403753
866.239960
866.036143
865.792911
865.510995
865.191241
864.834608
864.814765
865.170795
865.490009
865.771448
866.014268
866.217741
866.381256
866.504323
866.586573
866.627760
866.627760
866.586573
866.504323
866.381256
866.217741
866.014268
865.771448
865.490009
865.170795
864.814765
864.794956
865.150384
865.469057
865.750021
865.992430
866.195559
866.358797
866.481656
866.563768
866.604885
866.604885
866.563768
866.481656
866.358797
866.195559
865.992430
865.750021
865.469057
865.150384
864.794956
864.775181
865.130007
865.448142
865.728630
865.970629
866.173414
866.336377
866.459028
866.541000
866.582048
866.582048
866.541000
866.459028
866.336377
866.173414
865.970629
865.728630
865.448142
865.130007
864.775181
864.755438
865.109665
865.427262
865.707275
865.948865
866.151308
866.313994
866.436438
866.518272
866.559250
866.559250
866.518272
866.436438
866.313994
866.151308
865.948865
865.707275
865.427262
865.109665
864.755438
864.735730
865.089357
865.406417
865.685957
865.927138
866.129238
866.291650
866.413887
866.495582
866.536491
866.536491
866.495582
866.413887
866.291650
866.129238
865.927138
865.685957
865.406417
865.089357
864.735730
864.716054
865.069084
865.385607
865.664674
865.905448
866.107206
866.269343
866.391373
866.472930
866.513770
866.513770
866.472930
866.391373
866.269343
866.107206
865.905448
865.664674
865.385607
865.069084
864.716054
864.696412
865.048845
865.364833
865.643428
865.883795
866.085211
866.247074
866.368898
866.450317
866.491088
866.491088
866.450317
866.368898
866.247074
866.085211
865.883795
865.643428
865.364833
865.048845
864.696412
864.676803
865.028640
865.344093
865.622218
865.862178
866.063254
866.224843
866.346461
866.427742
866.468444
866.468444
866.427742
866.346461
866.224843
866.063254
865.862178
865.622218
865.344093
865.028640
864.676803
864.657228
865.008469
865.323389
865.601043
865.840598
866.041334
866.202650
866.324062
866.405206
866.445838
866.445838
866.405206
866.324062
866.202650
866.041334
865.840598
865.601043
865.323389
865.008469
864.657228
864.637685
864.988332
865.302720
865.579905
865.819054
866.019451
866.180494
866.301700
866.382707
866.423271
866.423271
866.382707
866.301700
866.180494
866.019451
865.819054
865.579905
865.302720
864.988332
864.637685
864.618176
864.968230
865.282086
865.558802
865.797547
865.997605
866.158375
866.279377
866.360247
866.400743
866.400743
866.360247
866.279377
866.158375
865.997605
865.797547
865.558802
865.282086
864.968230
864.618176
864.598699
864.948162
865.261487
865.537735
865.776076
865.975796
866.136295
866.257092
866.337825
866.378252
866.378252
866.337825
866.257092
866.136295
865.975796
865.776076
865.537735
865.261487
864.948162
864.598699
864.579255
864.928127
865.240923
865.516704
865.754642
865.954024
866.114251
866.234844
866.315441
866.355799
866.355799
866.315441
866.234844
866.114251
865.954024
865.754642
865.516704
865.240923
864.928127
864.579255
864.559845
864.908126
865.220393
865.495708
865.733244
865.932288
866.092245
866.212634
866.293094
866.333385
866.333385
866.293094
866.212634
866.092245
865.932288
865.733244
865.495708
865.220393
864.908126
864.559845
864.540467
864.888160
865.199899
865.474748
865.711882
865.910590
866.070276
866.190462
866.270786
866.311008
866.311008
866.270786
866.190462
866.070276
865.910590
865.711882
865.474748
865.199899
864.888160
864.540467
864.521122
864.868227
865.179438
865.453823
865.690556
865.888928
866.048345
866.168327
866.248515
866.288670
866.288670
866.248515
866.168327
866.048345
865.888928
865.690556
865.453823
865.179438
864.868227
864.521122
864.501809
864.848327
865.159013
865.432933
865.669267
865.867304
866.026450
866.146230
866.226282
866.266369
866.266369
866.226282
866.146230
866.026450
865.867304
865.669267
865.432933
865.159013
864.848327
864.501809
864.482529
864.828462
865.138622
865.412080
865.648013
865.845715
866.004593
866.124170
866.204087
866.244106
866.244106
866.204087
866.124170
866.004593
865.845715
865.648013
865.412080
865.138622
864.828462
864.482529
864.463282
864.808630
865.118266
865.391261
865.626796
865.824163
865.982773
866.102147
866.181930
866.221881
866.221881
866.181930
866.102147
865.982773
865.824163
865.626796
865.391261
865.118266
864.808630
864.463282
864.444067
864.788831
865.097944
865.370477
865.605614
865.802648
865.960989
866.080162
866.159810
866.199693
866.199693
866.159810
866.080162
865.960989
865.802648
865.605614
865.370477
865.097944
864.788831
864.444067
864.424885
864.769066
865.077656
865.349729
865.584468
865.781169
865.939243
866.058214
866.137727
866.177543
866.177543
866.137727
866.058214
865.939243
865.781169
865.584468
865.349729
865.077656
864.769066
864.424885
864.405735
864.749335
865.057403
865.329016
865.563358
865.759727
865.917533
866.036303
866.115682
866.155431
866.155431
866.115682
866.036303
865.917533
865.759727
865.563358
865.329016
865.057403
864.749335
864.405735
864.386618
864.729636
865.037184
865.308338
865.542284
865.738321
865.895860
866.014430
866.093674
866.133356
866.133356
866.093674
866.014430
865.895860
865.738321
865.542284
865.308338
865.037184
864.729636
864.386618
864.367533
864.709972
865.016999
865.287695
865.521246
865.716951
865.874224
865.992593
866.071704
866.111318
866.111318
866.071704
865.992593
865.874224
865.716951
865.521246
865.287695
865.016999
864.709972
864.367533
864.348480
864.690340
864.996849
865.267087
865.500243
865.695617
865.852625
865.970794
866.049770
866.089318
866.089318
866.049770
865.970794
865.852625
865.695617
865.500243
865.267087
864.996849
864.690340
864.348480
864.329460
864.670742
864.976732
865.246514
865.479275
865.674320
865.831062
865.949031
866.027874
866.067355
866.067355
866.027874
865.949031
865.831062
865.674320
865.479275
865.246514
864.976732
864.670742
864.329460
864.310471
864.651176
864.956650
865.225975
865.458344
865.653058
865.809535
865.927305
866.006015
866.045429
866.045429
866.006015
865.927305
865.809535
865.653058
865.458344
865.225975
864.956650
864.651176
864.310471
864.291515
864.631644
864.936601
865.205472
865.437447
865.631833
865.788045
865.905616
865.984193
866.023541
866.023541
865.984193
865.905616
865.788045
865.631833
865.437447
865.205472
864.936601
864.631644
864.291515
864.272590
864.612145
864.916587
865.185003
865.416586
865.610643
865.766592
865.883964
865.962408
866.001689
866.001689
865.962408
865.883964
865.766592
865.610643
865.416586
865.185003
864.916587
864.612145
864.272590
864.253698
864.592679
864.896606
865.164568
865.395761
865.589490
865.745175
865.862348
865.940660
865.979874
865.979874
865.940660
865.862348
865.745175
865.589490
865.395761
865.164568
864.896606
864.592679
864.253698
864.234838
864.573245
864.876659
865.144168
865.374970
865.568372
865.723794
865.840769
865.918949
865.958097
865.958097
865.918949
865.840769
865.723794
865.568372
865.374970
865.144168
864.876659
864.573245
864.234838
864.216009
864.553845
864.856746
865.123803
865.354215
865.547290
865.702449
865.819227
865.897274
865.936356
865.936356
865.897274
865.819227
865.702449
865.547290
865.354215
865.123803
864.856746
864.553845
864.216009
864.197212
864.534477
864.836867
865.103472
865.333495
865.526243
865.681140
865.797721
865.875636
865.914652
865.914652
865.875636
865.797721
865.681140
865.526243
865.333495
865.103472
864.836867
864.534477
864.197212
864.178447
864.515142
864.817021
865.083176
865.312810
865.505232
865.659868
865.776251
865.854035
865.892985
865.892985
865.854035
865.776251
865.659868
865.505232
865.312810
865.083176
864.817021
864.515142
864.178447
864.159714
864.495840
864.797208
865.062914
865.292159
865.484257
865.638631
865.754818
865.832470
865.871355
865.871355
865.832470
865.754818
865.638631
865.484257
865.292159
865.062914
864.797208
864.495840
864.159714
864.141013
864.476571
864.777430
865.042686
865.271544
865.463318
865.617431
865.733421
865.810942
865.849761
865.849761
865.810942
865.733421
865.617431
865.463318
865.271544
865.042686
864.777430
864.476571
864.141013
864.122343
864.457334
864.757684
865.022493
865.250964
865.442413
865.596266
865.712061
865.789451
865.828204
865.828204
865.789451
865.712061
865.596266
865.442413
865.250964
865.022493
864.757684
864.457334
864.122343
864.103704
864.438129
864.737972
865.002333
865.230419
865.421544
865.575137
865.690736
865.767995
865.806683
865.806683
865.767995
865.690736
865.575137
865.421544
865.230419
865.002333
864.737972
864.438129
864.103704
864.085097
864.418957
864.718294
864.982208
865.209908
865.400711
865.554044
865.669448
865.746577
865.785199
865.785199
865.746577
865.669448
865.554044
865.400711
865.209908
864.982208
864.718294
864.418957
864.085097
864.066522
864.399818
864.698649
864.962117
865.189432
865.379913
865.532987
865.648196
865.725194
865.763751
865.763751
865.725194
865.648196
865.532987
865.379913
865.189432
864.962117
864.698649
864.399818
864.066522
864.047978
864.380711
864.679036
864.942060
865.168991
865.359149
865.511965
865.626979
865.703847
865.742339
865.742339
865.703847
865.626979
865.511965
865.359149
865.168991
864.942060
864.679036
864.380711
864.047978
864.029465
864.361636
864.659457
864.922036
865.148584
865.338421
865.490979
865.605799
865.682537
865.720964
865.720964
865.682537
865.605799
865.490979
865.338421
865.148584
864.922036
864.659457
864.361636
864.029465
864.010983
864.342593
864.639912
864.902047
865.128212
865.317729
865.470028
865.584654
865.661263
865.699625
865.699625
865.661263
865.584654
865.470028
865.317729
865.128212
864.902047
864.639912
864.342593
864.010983
863.992533
864.323582
864.620399
864.882091
865.107874
865.297071
865.449113
865.563545
865.640025
865.678322
865.678322
865.640025
865.563545
865.449113
865.297071
865.107874
864.882091
864.620399
864.323582
863.992533
863.974114
864.304604
864.600919
864.862169
865.087571
865.276448
865.428233
865.542472
865.618822
865.657055
865.657055
865.618822
865.542472
865.428233
865.276448
865.087571
864.862169
864.600919
864.304604
863.974114
863.955726
864.285658
864.581472
864.842281
865.067302
865.255860
865.407389
865.521435
865.597656
865.635824
865.635824
865.597656
865.521435
865.407389
865.255860
865.067302
864.842281
864.581472
864.285658
863.955726
863.937369
864.266743
864.562058
864.822427
865.047067
865.235307
865.386580
865.500433
865.576526
865.614629
865.614629
865.576526
865.500433
865.386580
865.235307
865.047067
864.822427
864.562058
864.266743
863.937369
863.919043
864.247861
864.542677
864.802606
865.026867
865.214788
865.365806
865.479467
865.555431
865.593470
865.593470
865.555431
865.479467
865.365806
865.214788
865.026867
864.802606
864.542677
864.247861
863.919043
863.900748
864.229011
864.523329
864.782818
865.006701
865.194305
865.345067
865.458536
865.534372
865.572346
865.572346
865.534372
865.458536
865.345067
865.194305
865.006701
864.782818
864.523329
864.229011
863.900748
863.882484
864.210192
864.504013
864.763064
864.986569
865.173856
865.324363
865.437641
865.513348
865.551259
865.551259
865.513348
865.437641
865.324363
865.173856
864.986569
864.763064
864.504013
864.210192
863.882484
863.864251
864.191405
864.484730
864.743344
864.966471
865.153441
865.303695
865.416781
865.492361
865.530207
865.530207
865.492361
865.416781
865.303695
865.153441
864.966471
864.743344
864.484730
864.191405
863.864251
863.846048
864.172650
864.465480
864.723657
864.946407
865.133061
865.283061
865.395956
865.471408
865.509191
865.509191
865.471408
865.395956
865.283061
865.133061
864.946407
864.723657
864.465480
864.172650
863.846048
863.827876
864.153927
864.446262
864.704003
864.926376
865.112716
865.262462
865.375167
865.450491
865.488210
865.488210
865.450491
865.375167
865.262462
865.112716
864.926376
864.704003
864.446262
864.153927
863.827876
863.809735
864.135235
864.427076
864.684382
864.906380
865.092405
865.241899
865.354413
865.429610
865.467265
865.467265
865.429610
865.354413
865.241899
865.092405
864.906380
864.684382
864.427076
864.135235
863.809735
863.791625
864.116575
864.407923
864.664794
864.886418
865.072128
865.221370
865.333694
865.408764
865.446355
865.446355
865.408764
865.333694
865.221370
865.072128
864.886418
864.664794
864.407923
864.116575
863.791625
863.773545
864.097947
864.388803
864.645240
864.866489
865.051886
865.200875
865.313010
865.387953
865.425481
865.425481
865.387953
865.313010
865.200875
865.051886
864.866489
864.645240
864.388803
864.097947
863.773545
863.755496
864.079350
864.369715
864.625719
864.846594
865.031678
865.180416
865.292361
865.367178
865.404642
865.404642
865.367178
865.292361
865.180416
865.031678
864.846594
864.625719
864.369715
864.079350
863.755496
863.737477
864.060784
864.350659
864.606230
864.826733
865.011504
865.159991
865.271746
865.346437
865.383838
865.383838
865.346437
865.271746
865.159991
865.011504
864.826733
864.606230
864.350659
864.060784
863.737477
863.719489
864.042250
864.331635
864.586775
864.806905
864.991364
865.139600
865.251167
865.325732
865.363070
865.363070
865.325732
865.251167
865.139600
864.991364
864.806905
864.586775
864.331635
864.042250
863.719489
863.701531
864.023747
864.312643
864.567353
864.787111
864.971259
865.119244
865.230623
865.305061
865.342337
865.342337
865.305061
865.230623
865.119244
864.971259
864.787111
864.567353
864.312643
864.023747
863.701531
863.683603
864.005275
864.293684
864.547963
864.767350
864.951187
865.098923
865.210113
865.284426
865.321638
865.321638
865.284426
865.210113
865.098923
864.951187
864.767350
864.547963
864.293684
864.005275
863.683603
863.665706
863.986835
864.274756
864.528606
864.747623
864.931149
865.078635
865.189638
865.263826
865.300975
865.300975
865.263826
865.189638
865.078635
864.931149
864.747623
864.528606
864.274756
863.986835
863.665706
863.647839
863.968425
864.255861
864.509282
864.727929
864.911146
865.058382
865.169198
865.243260
865.280347
865.280347
865.243260
865.169198
865.058382
864.911146
864.727929
864.509282
864.255861
863.968425
863.647839
863.630002
863.950047
864.236997
864.489990
864.708268
864.891176
865.038164
865.148792
865.222729
865.259754
865.259754
865.222729
865.148792
865.038164
864.891176
864.708268
864.489990
864.236997
863.950047
863.630002
863.612195
863.931700
864.218165
864.470732
864.688641
864.871239
865.017980
865.128421
865.202233
865.239195
865.239195
865.202233
865.128421
865.017980
864.871239
864.688641
864.470732
864.218165
863.931700
863.612195
863.594418
863.913384
864.199365
864.451505
864.669047
864.851337
864.997829
865.108085
865.181772
865.218671
865.218671
865.181772
865.108085
864.997829
864.851337
864.669047
864.451505
864.199365
863.913384
863.594418
863.576671
863.895098
864.180597
864.432312
864.649486
864.831468
864.977713
865.087782
865.161345
865.198182
865.198182
865.161345
865.087782
864.977713
864.831468
864.649486
864.432312
864.180597
863.895098
863.576671
863.558955
863.876844
864.161861
864.413150
864.629958
864.811633
864.957631
865.067514
865.140953
865.177728
865.177728
865.140953
865.067514
864.957631
864.811633
864.629958
864.413150
864.161861
863.876844
863.558955
863.541268
863.858620
864.143156
864.394021
864.610463
864.791831
864.937583
865.047281
865.120596
865.157308
865.157308
865.120596
865.047281
864.937583
864.791831
864.610463
864.394021
864.143156
863.858620
863.541268
863.523611
863.840428
864.124483
864.374925
864.591001
864.772063
864.917569
865.027081
865.100272
865.136923
865.136923
865.100272
865.027081
864.917569
864.772063
864.591001
864.374925
864.124483
863.840428
863.523611
863.505983
863.822265
864.105841
864.355860
864.571572
864.752328
864.897588
865.006916
865.079984
865.116572
865.116572
865.079984
865.006916
864.897588
864.752328
864.571572
864.355860
864.105841
863.822265
863.505983
863.488386
863.804134
864.087231
864.336828
864.552175
864.732627
864.877642
864.986785
865.059729
865.096256
865.096256
865.059729
864.986785
864.877642
864.732627
864.552175
864.336828
864.087231
863.804134
863.488386
863.470818
863.786033
864.068653
864.317828
864.532812
864.712959
864.857729
864.966688
865.039509
865.075974
865.075974
865.039509
864.966688
864.857729
864.712959
864.532812
864.317828
864.068653
863.786033
863.470818
863.453280
863.767963
864.050105
864.298860
864.513481
864.693324
864.837849
864.946624
865.019323
865.055726
865.055726
865.019323
864.946624
864.837849
864.693324
864.513481
864.298860
864.050105
863.767963
863.453280
863.435772
863.749923
864.031590
864.279924
864.494183
864.673722
864.818004
864.926595
864.999171
865.035513
865.035513
864.999171
864.926595
864.818004
864.673722
864.494183
864.279924
864.031590
863.749923
863.435772
863.418293
863.731914
864.013105
864.261021
864.474917
864.654154
864.798192
864.906600
864.979053
865.015334
865.015334
864.979053
864.906600
864.798192
864.654154
864.474917
864.261021
864.013105
863.731914
863.418293
863.400843
863.713935
863.994652
864.242149
864.455685
864.634618
864.778413
864.886638
864.958969
864.995189
864.995189
864.958969
864.886638
864.778413
864.634618
864.455685
864.242149
863.994652
863.713935
863.400843
863.383423
863.695987
863.976229
864.223309
864.436484
864.615116
864.758668
864.866711
864.938919
864.975078
864.975078
864.938919
864.866711
864.758668
864.615116
864.436484
864.223309
863.976229
863.695987
863.383423
863.366033
863.678069
863.957838
864.204501
864.417316
864.595646
864.738957
864.846817
864.918903
864.955001
864.955001
864.918903
864.846817
864.738957
864.595646
864.417316
864.204501
863.957838
863.678069
863.366033
863.348671
863.660181
863.939478
864.185724
864.398181
864.576210
864.719278
864.826956
864.898921
864.934958
864.934958
864.898921
864.826956
864.719278
864.576210
864.398181
864.185724
863.939478
863.660181
863.348671
863.331339
863.642323
863.921149
864.166980
864.379078
864.556806
864.699633
864.807129
864.878973
864.914949
864.914949
864.878973
864.807129
864.699633
864.556806
864.379078
864.166980
863.921149
863.642323
863.331339
863.314037
863.624496
863.902851
864.148267
864.360007
864.537436
864.680021
864.787336
864.859059
864.894974
864.894974
864.859059
864.787336
864.680021
864.537436
864.360007
864.148267
863.902851
863.624496
863.314037
863.296763
863.606698
863.884584
864.129585
864.340968
864.518097
864.660442
864.767576
864.839178
864.875032
864.875032
864.839178
864.767576
864.660442
864.518097
864.340968
864.129585
863.884584
863.606698
863.296763
863.279519
863.588931
863.866348
864.110936
864.321962
864.498792
864.640897
864.747850
864.819330
864.855124
864.855124
864.819330
864.747850
864.640897
864.498792
864.321962
864.110936
863.866348
863.588931
863.279519
863.262304
863.571194
863.848142
864.092317
864.302987
864.479519
864.621384
864.728157
864.799517
864.835250
864.835250
864.799517
864.728157
864.621384
864.479519
864.302987
864.092317
863.848142
863.571194
863.262304
863.245117
863.553486
863.829967
864.073731
864.284045
864.460279
864.601905
864.708497
864.779737
864.815410
864.815410
864.779737
864.708497
864.601905
864.460279
864.284045
864.073731
863.829967
863.553486
863.245117
863.227960
863.535809
863.811823
864.055175
864.265135
864.441071
864.582458
864.688870
864.759990
864.795603
864.795603
864.759990
864.688870
864.582458
864.441071
864.265135
864.055175
863.811823
863.535809
863.227960
863.210832
863.518161
863.793710
864.036651
864.246256
864.421896
864.563044
864.669277
864.740277
864.775829
864.775829
864.740277
864.669277
864.563044
864.421896
864.246256
864.036651
863.793710
863.518161
863.210832
863.193733
863.500543
863.775627
864.018158
864.227410
864.402753
864.543663
864.649717
864.720596
864.756089
864.756089
864.720596
864.649717
864.543663
864.402753
864.227410
864.018158
863.775627
863.500543
863.193733
863.176662
863.482955
863.757575
863.999697
864.208595
864.383643
864.524315
864.630190
864.700950
864.736383
864.736383
864.700950
864.630190
864.524315
864.383643
864.208595
863.999697
863.757575
863.482955
863.176662
863.159621
863.465396
863.739553
863.981266
864.189812
864.364565
864.504999
864.610696
864.681336
864.716710
864.716710
864.681336
864.610696
864.504999
864.364565
864.189812
863.981266
863.739553
863.465396
863.159621
863.142608
863.447868
863.721561
863.962867
864.171061
864.345519
864.485717
864.591234
864.661756
864.697069
864.697069
864.661756
864.591234
864.485717
864.345519
864.171061
863.962867
863.721561
863.447868
863.142608
863.125623
863.430368
863.703600
863.944499
864.152342
864.326505
864.466466
864.571806
864.642209
864.677463
864.677463
864.642209
864.571806
864.466466
864.326505
864.152342
863.944499
863.703600
863.430368
863.125623
863.108668
863.412899
863.685670
863.926162
864.133654
864.307523
864.447249
864.552411
864.622694
864.657889
864.657889
864.622694
864.552411
864.447249
864.307523
864.133654
863.926162
863.685670
863.412899
863.108668
863.091741
863.395458
863.667769
863.907856
864.114998
864.288574
864.428063
864.533048
864.603213
864.638348
864.638348
864.603213
864.533048
864.428063
864.288574
864.114998
863.907856
863.667769
863.395458
863.091741
863.074843
863.378048
863.649899
863.889581
864.096373
864.269656
864.408911
864.513718
864.583765
864.618841
864.618841
864.583765
864.513718
864.408911
864.269656
864.096373
863.889581
863.649899
863.378048
863.074843
863.057973
863.360666
863.632059
863.871336
864.077780
864.250771
864.389790
864.494421
864.564349
864.599366
864.599366
864.564349
864.494421
864.389790
864.250771
864.077780
863.871336
863.632059
863.360666
863.057973
863.041131
863.343314
863.614249
863.853123
864.059218
864.231917
864.370702
864.475156
864.544967
864.579924
864.579924
864.544967
864.475156
864.370702
864.231917
864.059218
863.853123
863.614249
863.343314
863.041131
863.024318
863.325991
863.596469
863.834940
864.040688
864.213096
864.351646
864.455924
864.525617
864.560516
864.560516
864.525617
864.455924
864.351646
864.213096
864.040688
863.834940
863.596469
863.325991
863.024318
863.007534
863.308698
863.578720
863.816788
864.022189
864.194306
864.332622
864.436724
864.506300
864.541140
864.541140
864.506300
864.436724
864.332622
864.194306
864.022189
863.816788
863.578720
863.308698
863.007534
862.990777
863.291434
863.561000
863.798667
864.003721
864.175547
864.313631
864.417557
864.487015
864.521796
864.521796
864.487015
864.417557
864.313631
864.175547
864.003721
863.798667
863.561000
863.291434
862.990777
862.974049
863.274198
863.543310
863.780576
863.985284
864.156821
864.294671
864.398423
864.467763
864.502486
864.502486
864.467763
864.398423
864.294671
864.156821
863.985284
863.780576
863.543310
863.274198
862.974049
862.957349
863.256992
863.525650
863.762516
863.966879
864.138126
864.275744
864.379320
864.448544
864.483208
864.483208
864.448544
864.379320
864.275744
864.138126
863.966879
863.762516
863.525650
863.256992
862.957349
862.940678
863.239815
863.508020
863.744486
863.948504
864.119463
864.256849
864.360250
864.429357
864.463962
864.463962
864.429357
864.360250
864.256849
864.119463
863.948504
863.744486
863.508020
863.239815
862.940678
862.924034
863.222667
863.490419
863.726486
863.930161
864.100831
864.237985
864.341212
864.410203
864.444750
864.444750
864.410203
864.341212
864.237985
864.100831
863.930161
863.726486
863.490419
863.222667
862.924034
862.907419
863.205548
863.472848
863.708518
863.911848
864.082231
864.219153
864.322206
864.391081
864.425569
864.425569
864.391081
864.322206
864.219153
864.082231
863.911848
863.708518
863.472848
863.205548
862.907419
862.890831
863.188458
863.455307
863.690579
863.893567
864.063662
864.200354
864.303233
864.371991
864.406421
864.406421
864.371991
864.303233
864.200354
864.063662
863.893567
863.690579
863.455307
863.188458
862.890831
862.874272
863.171396
863.437796
863.672671
863.875316
864.045124
864.181586
864.284291
864.352933
864.387306
864.387306
864.352933
864.284291
864.181586
864.045124
863.875316
863.672671
863.437796
863.171396
862.874272
862.857740
863.154363
863.420314
863.654793
863.857096
864.026618
864.162849
864.265382
864.333908
864.368222
864.368222
864.333908
864.265382
864.162849
864.026618
863.857096
863.654793
863.420314
863.154363
862.857740
862.841236
863.137360
863.402861
863.636945
863.838907
864.008143
864.144145
864.246504
864.314915
864.349171
864.349171
864.314915
864.246504
864.144145
864.008143
863.838907
863.636945
863.402861
863.137360
862.841236
862.824760
863.120384
863.385438
863.619127
863.820749
863.989699
864.125471
864.227658
864.295954
864.330153
864.330153
864.295954
864.227658
864.125471
863.989699
863.820749
863.619127
863.385438
863.120384
862.824760
862.808312
863.103438
863.368045
863.601339
863.802621
863.971287
864.106830
864.208845
864.277025
864.311166
864.311166
864.277025
864.208845
864.106830
863.971287
863.802621
863.601339
863.368045
863.103438
862.808312
862.791892
863.086520
863.350681
863.583582
863.784524
863.952905
864.088220
864.190062
864.258128
864.292211
864.292211
864.258128
864.190062
864.088220
863.952905
863.784524
863.583582
863.350681
863.086520
862.791892
862.775499
863.069630
863.333346
863.565854
863.766458
863.934555
864.069641
864.171312
864.239262
864.273289
864.273289
864.239262
864.171312
864.069641
863.934555
863.766458
863.565854
863.333346
863.069630
862.775499
862.759134
863.052769
863.316040
863.548156
863.748422
863.916235
864.051094
864.152593
864.220429
864.254398
864.254398
864.220429
864.152593
864.051094
863.916235
863.748422
863.548156
863.316040
863.052769
862.759134
862.742797
863.035937
863.298764
863.530488
863.730416
863.897947
864.032578
864.133906
864.201628
864.235539
864.235539
864.201628
864.133906
864.032578
863.897947
863.730416
863.530488
863.298764
863.035937
862.742797
862.726487
863.019133
863.281516
863.512850
863.712441
863.879689
864.014094
864.115251
864.182858
864.216712
864.216712
864.182858
864.115251
864.014094
863.879689
863.712441
863.512850
863.281516
863.019133
862.726487
862.710205
863.002357
863.264298
863.495242
863.694496
863.861462
863.995640
864.096627
864.164120
864.197917
864.197917
864.164120
864.096627
863.995640
863.861462
863.694496
863.495242
863.264298
863.002357
862.710205
862.693950
862.985609
863.247109
863.477664
863.676582
863.843266
863.977218
864.078034
864.145414
864.179154
864.179154
864.145414
864.078034
863.977218
863.843266
863.676582
863.477664
863.247109
862.985609
862.693950
862.677722
862.968890
863.229949
863.460115
863.658697
863.825101
863.958827
864.059473
864.126739
864.160422
864.160422
864.126739
864.059473
863.958827
863.825101
863.658697
863.460115
863.229949
862.968890
862.677722
862.661522
862.952199
863.212818
863.442596
863.640843
863.806967
863.940467
864.040944
864.108096
864.141723
864.141723
864.108096
864.040944
863.940467
863.806967
863.640843
863.442596
863.212818
862.952199
862.661522
862.645350
862.935536
863.195715
863.425106
863.623020
863.788863
863.922138
864.022445
864.089484
864.123054
864.123054
864.089484
864.022445
863.922138
863.788863
863.623020
863.425106
863.195715
862.935536
862.645350
862.629204
862.918901
863.178642
863.407646
863.605226
863.770789
863.903840
864.003978
864.070904
864.104417
864.104417
864.070904
864.003978
863.903840
863.770789
863.605226
863.407646
863.178642
862.918901
862.629204
862.613086
862.902295
863.161597
863.390215
863.587462
863.752746
863.885572
863.985542
864.052355
864.085812
864.085812
864.052355
863.985542
863.885572
863.752746
863.587462
863.390215
863.161597
862.902295
862.613086
862.596995
862.885716
863.144581
863.372814
863.569728
863.734734
863.867336
863.967137
864.033838
864.067238
864.067238
864.033838
863.967137
863.867336
863.734734
863.569728
863.372814
863.144581
862.885716
862.596995
862.580930
862.869165
863.127594
863.355442
863.552024
863.716752
863.849130
863.948763
864.015351
864.048695
864.048695
864.015351
863.948763
863.849130
863.716752
863.552024
863.355442
863.127594
862.869165
862.580930
862.564894
862.852642
863.110636
863.338099
863.534350
863.698800
863.830956
863.930420
863.996896
864.030184
864.030184
863.996896
863.930420
863.830956
863.698800
863.534350
863.338099
863.110636
862.852642
862.564894
862.548884
862.836148
863.093706
863.320786
863.516706
863.680879
863.812811
863.912109
863.978473
864.011704
864.011704
863.978473
863.912109
863.812811
863.680879
863.516706
863.320786
863.093706
862.836148
862.548884
862.532901
862.819680
863.076805
863.303502
863.499092
863.662988
863.794698
863.893828
863.960080
863.993256
863.993256
863.960080
863.893828
863.794698
863.662988
863.499092
863.303502
863.076805
862.819680
862.532901
862.516945
862.803241
863.059932
863.286247
863.481507
863.645127
863.776615
863.875578
863.941718
863.974838
863.974838
863.941718
863.875578
863.776615
863.645127
863.481507
863.286247
863.059932
862.803241
862.516945
862.501016
862.786829
863.043088
863.269021
863.463952
863.627296
863.758563
863.857359
863.923387
863.956451
863.956451
863.923387
863.857359
863.758563
863.627296
863.463952
863.269021
863.043088
862.786829
862.501016
862.485113
862.770445
863.026272
863.251824
863.446427
863.609495
863.740541
863.839170
863.905088
863.938096
863.938096
863.905088
863.839170
863.740541
863.609495
863.446427
863.251824
863.026272
862.770445
862.485113
862.469238
862.754089
863.009484
863.234657
863.428931
863.591725
863.722549
863.821012
863.886819
863.919772
863.919772
863.886819
863.821012
863.722549
863.591725
863.428931
863.234657
863.009484
862.754089
862.469238
862.453389
862.737760
862.992725
863.217518
863.411465
863.573984
863.704588
863.802885
863.868581
863.901478
863.901478
863.868581
863.802885
863.704588
863.573984
863.411465
863.217518
862.992725
862.737760
862.453389
862.437567
862.721459
862.975994
863.200408
863.394028
863.556274
863.686658
863.784789
863.850374
863.883215
863.883215
863.850374
863.784789
863.686658
863.556274
863.394028
863.200408
862.975994
862.721459
862.437567
862.421772
862.705185
862.959291
863.183327
863.376621
863.538593
863.668757
863.766723
863.832197
863.864984
863.864984
863.832197
863.766723
863.668757
863.538593
863.376621
863.183327
862.959291
862.705185
862.421772
862.406003
862.688939
862.942617
863.166275
863.359243
863.520942
863.650887
863.748688
863.814052
863.846783
863.846783
863.814052
863.748688
863.650887
863.520942
863.359243
863.166275
862.942617
862.688939
862.406003
862.390261
862.672720
862.925970
863.149252
863.341895
863.503321
863.633047
863.730683
863.795937
863.828612
863.828612
863.795937
863.730683
863.633047
863.503321
863.341895
863.149252
862.925970
862.672720
862.390261
862.374546
862.656528
862.909352
863.132257
863.324575
863.485730
863.615237
863.712708
863.777852
863.810473
863.810473
863.777852
863.712708
863.615237
863.485730
863.324575
863.132257
862.909352
862.656528
862.374546
862.358857
862.640364
862.892761
863.115291
863.307285
863.468168
863.597457
863.694764
863.759798
863.792364
863.792364
863.759798
863.694764
863.597457
863.468168
863.307285
863.115291
862.892761
862.640364
862.358857
862.343194
862.624227
862.876199
863.098354
863.290024
863.450636
863.579707
863.676850
863.741775
863.774286
863.774286
863.741775
863.676850
863.579707
863.450636
863.290024
863.098354
862.876199
862.624227
862.343194
862.327558
862.608117
862.859665
863.081445
863.272792
863.433133
863.561987
863.658966
863.723782
863.756238
863.756238
863.723782
863.658966
863.561987
863.433133
863.272792
863.081445
862.859665
862.608117
862.327558
862.311948
862.592035
862.843158
863.064565
863.255590
863.415660
863.544297
863.641113
863.705819
863.738220
863.738220
863.705819
863.641113
863.544297
863.415660
863.255590
863.064565
862.843158
862.592035
862.311948
862.296364
862.575979
862.826679
863.047713
863.238416
863.398217
863.526637
863.623290
863.687886
863.720233
863.720233
863.687886
863.623290
863.526637
863.398217
863.238416
863.047713
862.826679
862.575979
862.296364
862.280807
862.559951
862.810228
863.030889
863.221271
863.380803
863.509006
863.605496
863.669984
863.702277
863.702277
863.669984
863.605496
863.509006
863.380803
863.221271
863.030889
862.810228
862.559951
862.280807
862.265276
862.543949
862.793805
863.014094
863.204155
863.363418
863.491406
863.587733
863.652113
863.684351
863.684351
863.652113
863.587733
863.491406
863.363418
863.204155
863.014094
862.793805
862.543949
862.265276
862.249771
862.527975
862.777410
862.997328
863.187069
863.346063
863.473835
863.570000
863.634271
863.666454
863.666454
863.634271
863.570000
863.473835
863.346063
863.187069
862.997328
862.777410
862.527975
862.249771
862.234292
862.512027
862.761042
862.980589
863.170010
863.328737
863.456293
863.552297
863.616459
863.648589
863.648589
863.616459
863.552297
863.456293
863.328737
863.170010
862.980589
862.761042
862.512027
862.234292
862.218840
862.496106
862.744702
862.963879
863.152981
863.311440
863.438782
863.534623
863.598678
863.630753
863.630753
863.598678
863.534623
863.438782
863.311440
863.152981
862.963879
862.744702
862.496106
862.218840
862.203413
862.480213
862.728389
862.947197
863.135981
863.294173
863.421300
863.516980
863.580926
863.612947
863.612947
863.580926
863.516980
863.421300
863.294173
863.135981
862.947197
862.728389
862.480213
862.203413
862.188012
862.464346
862.712104
862.930543
863.119009
863.276934
863.403847
863.499366
863.563205
863.595172
863.595172
863.563205
863.499366
863.403847
863.276934
863.119009
862.930543
862.712104
862.464346
862.188012
862.172637
862.448505
862.695846
862.913918
863.102065
863.259725
863.386424
863.481782
863.545513
863.577427
863.577427
863.545513
863.481782
863.386424
863.259725
863.102065
862.913918
862.695846
862.448505
862.172637
862.157289
862.432692
862.679616
862.897320
863.085151
863.242545
863.369030
863.464227
863.527851
863.559711
863.559711
863.527851
863.464227
863.369030
863.242545
863.085151
862.897320
862.679616
862.432692
862.157289
862.141966
862.416905
862.663413
862.880750
863.068265
863.225394
863.351666
863.446703
863.510219
863.542025
863.542025
863.510219
863.446703
863.351666
863.225394
863.068265
862.880750
862.663413
862.416905
862.141966
862.126668
862.401144
862.647237
862.864208
863.051407
863.208271
863.334331
863.429207
863.492617
863.524370
863.524370
863.492617
863.429207
863.334331
863.208271
863.051407
862.864208
862.647237
862.401144
862.126668
862.111397
862.385411
862.631089
862.847695
863.034578
863.191178
863.317025
863.411742
863.475045
863.506744
863.506744
863.475045
863.411742
863.317025
863.191178
863.034578
862.847695
862.631089
862.385411
862.111397
862.096151
862.369703
862.614968
862.831209
863.017777
863.174113
863.299748
863.394306
863.457502
863.489147
863.489147
863.457502
863.394306
863.299748
863.174113
863.017777
862.831209
862.614968
862.369703
862.096151
862.080931
862.354023
862.598874
862.814750
863.001004
863.157077
863.282501
863.376899
863.439989
863.471581
863.471581
863.439989
863.376899
863.282501
863.157077
863.001004
862.814750
862.598874
862.354023
862.080931
862.065737
862.338368
862.582807
862.798320
862.984260
863.140070
863.265282
863.359521
863.422505
863.454044
863.454044
863.422505
863.359521
863.265282
863.140070
862.984260
862.798320
862.582807
862.338368
862.065737
862.050568
862.322740
862.566767
862.781917
862.967544
863.123092
863.248093
863.342173
863.405051
863.436537
863.436537
863.405051
863.342173
863.248093
863.123092
862.967544
862.781917
862.566767
862.322740
862.050568
862.035425
862.307138
862.550755
862.765542
862.950856
863.106142
863.230933
863.324855
863.387626
863.419059
863.419059
863.387626
863.324855
863.230933
863.106142
862.950856
862.765542
862.550755
862.307138
862.035425
862.020307
862.291563
862.534769
862.749195
862.934197
863.089221
863.213801
863.307565
863.370231
863.401611
863.401611
863.370231
863.307565
863.213801
863.089221
862.934197
862.749195
862.534769
862.291563
862.020307
862.005215
862.276014
862.518810
862.732875
862.917565
863.072328
863.196699
863.290305
863.352865
863.384192
863.384192
863.352865
863.290305
863.196699
863.072328
862.917565
862.732875
862.518810
862.276014
862.005215
861.990148
862.260491
862.502878
862.716582
862.900962
863.055464
863.179625
863.273073
863.335528
863.366802
863.366802
863.335528
863.273073
863.179625
863.055464
862.900962
862.716582
862.502878
862.260491
861.990148
861.975107
862.244994
862.486973
862.700317
862.884386
863.038628
863.162580
863.255871
863.318221
863.349442
863.349442
863.318221
863.255871
863.162580
863.038628
862.884386
862.700317
862.486973
862.244994
861.975107
861.960091
862.229524
862.471095
862.684080
862.867839
863.021821
863.145564
863.238698
863.300942
863.332111
863.332111
863.300942
863.238698
863.145564
863.021821
862.867839
862.684080
862.471095
862.229524
861.960091
861.945100
862.214079
862.455244
862.667870
862.851319
863.005042
863.128577
863.221554
863.283693
863.314810
863.314810
863.283693
863.221554
863.128577
863.005042
862.851319
862.667870
862.455244
862.214079
861.945100
861.930134
862.198661
862.439419
862.651687
862.834827
862.988291
863.111618
863.204438
863.266473
863.297537
863.297537
863.266473
863.204438
863.111618
862.988291
862.834827
862.651687
862.439419
862.198661
861.930134
861.915194
862.183268
862.423621
862.635531
862.818363
862.971569
863.094688
863.187352
863.249282
863.280294
863.280294
863.249282
863.187352
863.094688
862.971569
862.818363
862.635531
862.423621
862.183268
861.915194
861.900279
862.167901
862.407849
862.619403
862.801927
862.954875
863.077786
863.170294
863.232121
863.263080
863.263080
863.232121
863.170294
863.077786
862.954875
862.801927
862.619403
862.407849
862.167901
861.900279
861.885389
862.152561
862.392105
862.603302
862.785519
862.938208
863.060913
863.153265
863.214988
863.245895
863.245895
863.214988
863.153265
863.060913
862.938208
862.785519
862.603302
862.392105
862.152561
861.885389
861.870524
862.137246
862.376386
862.587228
862.769138
862.921571
863.044069
863.136265
863.197884
863.228739
863.228739
863.197884
863.136265
863.044069
862.921571
862.769138
862.587228
862.376386
862.137246
861.870524
861.855684
862.121956
862.360694
862.571181
862.752785
862.904961
863.027253
863.119294
863.180808
863.211612
863.211612
863.180808
863.119294
863.027253
862.904961
862.752785
862.571181
862.360694
862.121956
861.855684
861.840869
862.106693
862.345029
862.555161
862.736459
862.888379
863.010465
863.102351
863.163762
863.194513
863.194513
863.163762
863.102351
863.010465
862.888379
862.736459
862.555161
862.345029
862.106693
861.840869
861.826079
862.091455
862.329390
862.539168
862.720161
862.871825
862.993705
863.085437
863.146744
863.177444
863.177444
863.146744
863.085437
862.993705
862.871825
862.720161
862.539168
862.329390
862.091455
861.826079
861.811314
862.076244
862.313777
862.523202
862.703890
862.855299
862.976974
863.068551
863.129755
863.160403
863.160403
863.129755
863.068551
862.976974
862.855299
862.703890
862.523202
862.313777
862.076244
861.811314
861.796573
862.061057
862.298191
862.507264
862.687647
862.838801
862.960271
863.051694
863.112795
863.143392
863.143392
863.112795
863.051694
862.960271
862.838801
862.687647
862.507264
862.298191
862.061057
861.796573
861.781858
862.045896
862.282631
862.491351
862.671431
862.822330
862.943596
863.034865
863.095863
863.126408
863.126408
863.095863
863.034865
862.943596
862.822330
862.671431
862.491351
862.282631
862.045896
861.781858
861.767167
862.030761
862.267097
862.475466
862.655243
862.805888
862.926949
863.018065
863.078960
863.109454
863.109454
863.078960
863.018065
862.926949
862.805888
862.655243
862.475466
862.267097
862.030761
861.767167
861.752501
862.015651
862.251590
862.459608
862.639082
862.789473
862.910331
863.001293
863.062086
863.092528
863.092528
863.062086
863.001293
862.910331
862.789473
862.639082
862.459608
862.251590
862.015651
861.752501
861.737860
862.000567
862.236108
862.443776
862.622948
862.773086
862.893740
862.984549
863.045240
863.075630
863.075630
863.045240
862.984549
862.893740
862.773086
862.622948
862.443776
862.236108
862.000567
861.737860
861.723244
861.985508
862.220653
862.427971
862.606841
862.756726
862.877177
862.967833
863.028422
863.058762
863.058762
863.028422
862.967833
862.877177
862.756726
862.606841
862.427971
862.220653
861.985508
861.723244
861.708652
861.970475
862.205223
862.412192
862.590761
862.740394
862.860643
862.951146
863.011632
863.041921
863.041921
863.011632
862.951146
862.860643
862.740394
862.590761
862.412192
862.205223
861.970475
861.708652
861.694084
861.955467
862.189820
862.396441
862.574709
862.724090
862.844136
862.934487
862.994871
863.025109
863.025109
862.994871
862.934487
862.844136
862.724090
862.574709
862.396441
862.189820
861.955467
861.694084
861.679541
861.940484
862.174442
862.380715
862.558683
862.707813
862.827657
862.917856
862.978139
863.008325
863.008325
862.978139
862.917856
862.827657
862.707813
862.558683
862.380715
862.174442
861.940484
861.679541
861.665023
861.925526
862.159091
862.365016
862.542685
862.691564
862.811206
862.901252
862.961434
862.991570
862.991570
862.961434
862.901252
862.811206
862.691564
862.542685
862.365016
862.159091
861.925526
861.665023
861.650529
861.910593
862.143765
862.349344
862.526714
862.675341
862.794782
862.884677
862.944758
862.974843
862.974843
862.944758
862.884677
862.794782
862.675341
862.526714
862.349344
862.143765
861.910593
861.650529
861.636059
861.895686
862.128465
862.333698
862.510769
862.659147
862.778386
862.868130
862.928109
862.958144
862.958144
862.928109
862.868130
862.778386
862.659147
862.510769
862.333698
862.128465
861.895686
861.636059
861.621614
861.880804
862.113191
862.318078
862.494851
862.642979
862.762018
862.851611
862.911489
862.941473
862.941473
862.911489
862.851611
862.762018
862.642979
862.494851
862.318078
862.113191
861.880804
861.621614
861.607193
861.865947
862.097943
862.302485
862.478960
862.626839
862.745678
862.835120
862.894897
862.924831
862.924831
862.894897
862.835120
862.745678
862.626839
862.478960
862.302485
862.097943
861.865947
861.607193
861.592797
861.851115
862.082720
862.286918
862.463096
862.610726
862.729365
862.818656
862.878333
862.908216
862.908216
862.878333
862.818656
862.729365
862.610726
862.463096
862.286918
862.082720
861.851115
861.592797
861.578424
861.836307
862.067523
862.271377
862.447259
862.594640
862.713079
862.802220
862.861796
862.891629
862.891629
862.861796
862.802220
862.713079
862.594640
862.447259
862.271377
862.067523
861.836307
861.578424
861.564076
861.821525
862.052352
862.255863
862.431448
862.578582
862.696821
862.785812
862.845288
862.875071
862.875071
862.845288
862.785812
862.696821
862.578582
862.431448
862.255863
862.052352
861.821525
861.564076
861.549752
861.806768
862.037206
862.240374
862.415665
862.562550
862.680590
862.769432
862.828808
862.858540
862.858540
862.828808
862.769432
862.680590
862.562550
862.415665
862.240374
862.037206
861.806768
861.549752
861.535452
861.792035
862.022085
862.224912
862.399907
862.546545
862.664387
862.753079
862.812355
862.842037
862.842037
862.812355
862.753079
862.664387
862.546545
862.399907
862.224912
862.022085
861.792035
861.535452
861.521177
861.777328
862.006990
862.209476
862.384176
862.530568
862.648211
862.736754
862.795930
862.825562
862.825562
862.795930
862.736754
862.648211
862.530568
862.384176
862.209476
862.006990
861.777328
861.521177
861.506925
861.762645
861.991921
862.194066
862.368472
862.514617
862.632062
862.720456
862.779532
862.809115
862.809115
862.779532
862.720456
862.632062
862.514617
862.368472
862.194066
861.991921
861.762645
861.506925
861.492697
861.747986
861.976877
862.178681
862.352794
862.498693
862.615941
862.704186
862.763163
862.792696
862.792696
862.763163
862.704186
862.615941
862.498693
862.352794
862.178681
861.976877
861.747986
861.492697
861.478493
861.733353
861.961858
862.163323
862.337143
862.482796
862.599847
862.687943
862.746821
862.776304
862.776304
862.746821
862.687943
862.599847
862.482796
862.337143
862.163323
861.961858
861.733353
861.478493
861.464313
861.718744
861.946865
862.147990
862.321518
862.466926
862.583779
862.671727
862.730506
862.759940
862.759940
862.730506
862.671727
862.583779
862.466926
862.321518
862.147990
861.946865
861.718744
861.464313
861.450157
861.704160
861.931896
862.132684
862.305919
862.451083
862.567739
862.655539
862.714219
862.743603
862.743603
862.714219
862.655539
862.567739
862.451083
862.305919
862.132684
861.931896
861.704160
861.450157
861.436025
861.689600
861.916953
862.117403
862.290346
862.435266
862.551726
862.639378
862.697959
862.727294
862.727294
862.697959
862.639378
862.551726
862.435266
862.290346
862.117403
861.916953
861.689600
861.436025
861.421916
861.675065
861.902036
862.102148
862.274800
862.419476
862.535740
862.623245
862.681727
862.711012
862.711012
862.681727
862.623245
862.535740
862.419476
862.274800
862.102148
861.902036
861.675065
861.421916
861.407831
861.660554
861.887143
862.086918
862.259280
862.403712
862.519781
862.607138
862.665522
862.694758
862.694758
862.665522
862.607138
862.519781
862.403712
862.259280
862.086918
861.887143
861.660554
861.407831
861.393770
861.646068
861.872275
862.071714
862.243786
862.387975
862.503849
862.591059
862.649345
862.678532
862.678532
862.649345
862.591059
862.503849
862.387975
862.243786
862.071714
861.872275
861.646068
861.393770
861.379733
861.631606
861.857433
862.056536
862.228319
862.372265
862.487943
862.575007
862.633195
862.662332
862.662332
862.633195
862.575007
862.487943
862.372265
862.228319
862.056536
861.857433
861.631606
861.379733
861.365719
861.617168
861.842615
862.041383
862.212877
862.356581
862.472065
862.558982
862.617072
862.646160
862.646160
862.617072
862.558982
862.472065
862.356581
862.212877
862.041383
861.842615
861.617168
861.365719
861.351729
861.602755
861.827822
862.026256
862.197461
862.340923
862.456213
862.542984
862.600976
862.630015
862.630015
862.600976
862.542984
862.456213
862.340923
862.197461
862.026256
861.827822
861.602755
861.351729
861.337762
861.588366
861.813055
862.011155
862.182071
862.325292
862.440388
862.527013
862.584907
862.613898
862.613898
862.584907
862.527013
862.440388
862.325292
862.182071
862.011155
861.813055
861.588366
861.337762
861.323819
861.574001
861.798312
861.996078
862.166708
862.309687
862.424589
862.511068
862.568866
862.597807
862.597807
862.568866
862.511068
862.424589
862.309687
862.166708
861.996078
861.798312
861.574001
861.323819
861.309900
861.559660
861.783594
861.981028
862.151370
862.294109
862.408817
862.495151
862.552851
862.581744
862.581744
862.552851
862.495151
862.408817
862.294109
862.151370
861.981028
861.783594
861.559660
861.309900
861.296003
861.545344
861.768900
861.966002
862.136058
862.278557
862.393072
862.479261
862.536863
862.565708
862.565708
862.536863
862.479261
862.393072
862.278557
862.136058
861.966002
861.768900
861.545344
861.296003
861.282131
861.531051
861.754232
861.951002
862.120771
862.263031
862.377353
862.463397
862.520903
862.549699
862.549699
862.520903
862.463397
862.377353
862.263031
862.120771
861.951002
861.754232
861.531051
861.282131
861.268281
861.516783
861.739588
861.936027
862.105511
862.247531
862.361661
862.447560
862.504969
862.533717
862.533717
862.504969
862.447560
862.361661
862.247531
862.105511
861.936027
861.739588
861.516783
861.268281
861.254455
861.502539
861.724969
861.921077
862.090276
862.232057
862.345995
862.431749
862.489062
862.517761
862.517761
862.489062
862.431749
862.345995
862.232057
862.090276
861.921077
861.724969
861.502539
861.254455
861.240652
861.488318
861.710374
861.906153
862.075067
862.216609
862.330356
862.415966
862.473182
862.501833
862.501833
862.473182
862.415966
862.330356
862.216609
862.075067
861.906153
861.710374
861.488318
861.240652
861.226872
861.474122
861.695804
861.891253
862.059883
862.201188
862.314743
862.400209
862.457329
862.485931
862.485931
862.457329
862.400209
862.314743
862.201188
862.059883
861.891253
861.695804
861.474122
861.226872
861.213115
861.459950
861.681259
861.876379
862.044725
862.185792
862.299156
862.384478
862.441502
862.470057
862.470057
862.441502
862.384478
862.299156
862.185792
862.044725
861.876379
861.681259
861.459950
861.213115
861.199382
861.445801
861.666738
861.861530
862.029593
862.170422
862.283596
862.368774
862.425702
862.454209
862.454209
862.425702
862.368774
862.283596
862.170422
862.029593
861.861530
861.666738
861.445801
861.199382
861.185672
861.431676
861.652241
861.846706
862.014486
862.155078
862.268061
862.353097
862.409929
862.438387
862.438387
862.409929
862.353097
862.268061
862.155078
862.014486
861.846706
861.652241
861.431676
861.185672
861.171985
861.417575
861.637769
861.831906
861.999404
862.139760
862.252553
862.337445
862.394182
862.422593
862.422593
862.394182
862.337445
862.252553
862.139760
861.999404
861.831906
861.637769
861.417575
861.171985
861.158320
861.403498
861.623321
861.817132
861.984348
862.124468
862.237071
862.321821
862.378462
862.406825
862.406825
862.378462
862.321821
862.237071
862.124468
861.984348
861.817132
861.623321
861.403498
861.158320
861.144679
861.389444
861.608898
861.802383
861.969317
862.109202
862.221616
862.306222
862.362768
862.391083
862.391083
862.362768
862.306222
862.221616
862.109202
861.969317
861.802383
861.608898
861.389444
861.144679
861.131061
861.375414
861.594499
861.787658
861.954312
862.093961
862.206186
862.290650
862.347101
862.375368
862.375368
862.347101
862.290650
862.206186
862.093961
861.954312
861.787658
861.594499
861.375414
861.131061
861.117465
861.361407
861.580124
861.772958
861.939332
862.078746
862.190782
862.275104
862.331460
862.359680
862.359680
862.331460
862.275104
862.190782
862.078746
861.939332
861.772958
861.580124
861.361407
861.117465
861.103893
861.347425
861.565773
861.758283
861.924377
862.063556
862.175404
862.259584
862.315845
862.344018
862.344018
862.315845
862.259584
862.175404
862.063556
861.924377
861.758283
861.565773
861.347425
861.103893
861.090343
861.333465
861.551447
861.743633
861.909447
862.048392
862.160052
862.244091
862.300257
862.328382
862.328382
862.300257
862.244091
862.160052
862.048392
861.909447
861.743633
861.551447
861.333465
861.090343
861.076816
861.319530
861.537144
861.729007
861.894542
862.033254
862.144726
862.228623
862.284695
862.312773
862.312773
862.284695
862.228623
862.144726
862.033254
861.894542
861.729007
861.537144
861.319530
861.076816
861.063312
861.305617
861.522866
861.714406
861.879663
862.018141
862.129425
862.213182
862.269159
862.297190
862.297190
862.269159
862.213182
862.129425
862.018141
861.879663
861.714406
861.522866
861.305617
861.063312
861.049831
861.291728
861.508611
861.699829
861.864808
862.003054
862.114151
862.197766
862.253650
862.281633
862.281633
862.253650
862.197766
862.114151
862.003054
861.864808
861.699829
861.508611
861.291728
861.049831
861.036372
861.277863
861.494381
861.685277
861.849979
861.987992
862.098902
862.182377
862.238166
862.266103
862.266103
862.238166
862.182377
862.098902
861.987992
861.849979
861.685277
861.494381
861.277863
861.036372
861.022936
861.264020
861.480175
861.670750
861.835174
861.972955
862.083679
862.167013
862.222709
862.250598
862.250598
862.222709
862.167013
862.083679
861.972955
861.835174
861.670750
861.480175
861.264020
861.022936
861.009522
861.250201
861.465992
861.656247
861.820395
861.957944
862.068481
862.151676
862.207277
862.235120
862.235120
862.207277
862.151676
862.068481
861.957944
861.820395
861.656247
861.465992
861.250201
861.009522
860.996132
861.236406
861.451833
861.641768
861.805640
861.942958
862.053309
862.136364
862.191872
862.219668
862.219668
862.191872
862.136364
862.053309
861.942958
861.805640
861.641768
861.451833
861.236406
860.996132
860.982763
861.222633
861.437699
861.627314
861.790910
861.927997
862.038163
862.121078
862.176493
862.204242
862.204242
862.176493
862.121078
862.038163
861.927997
861.790910
861.627314
861.437699
861.222633
860.982763
860.969417
861.208884
861.423588
861.612884
861.776205
861.913062
862.023042
862.105817
862.161139
862.188842
862.188842
862.161139
862.105817
862.023042
861.913062
861.776205
861.612884
861.423588
861.208884
860.969417
860.956094
861.195158
861.409500
861.598478
861.761525
861.898151
862.007947
862.090583
862.145812
862.173467
862.173467
862.145812
862.090583
862.007947
861.898151
861.761525
861.598478
861.409500
861.195158
860.956094
860.942793
861.181454
861.395437
861.584097
861.746870
861.883266
861.992877
862.075374
862.130510
862.158119
862.158119
862.130510
862.075374
861.992877
861.883266
861.746870
861.584097
861.395437
861.181454
860.942793
860.929514
861.167774
861.381397
861.569740
861.732239
861.868406
861.977832
862.060191
862.115234
862.142797
862.142797
862.115234
862.060191
861.977832
861.868406
861.732239
861.569740
861.381397
861.167774
860.929514
860.916257
861.154117
861.367381
861.555407
861.717632
861.853570
861.962813
862.045033
862.099983
862.127500
862.127500
862.099983
862.045033
861.962813
861.853570
861.717632
861.555407
861.367381
861.154117
860.916257
860.903023
861.140483
861.353388
861.541098
861.703051
861.838760
861.947819
862.029901
862.084759
862.112229
862.112229
862.084759
862.029901
861.947819
861.838760
861.703051
861.541098
861.353388
861.140483
860.903023
860.889812
861.126872
861.339419
861.526813
861.688494
861.823975
861.932850
862.014794
862.069560
862.096984
862.096984
862.069560
862.014794
861.932850
861.823975
861.688494
861.526813
861.339419
861.126872
860.889812
860.876622
861.113284
861.325473
861.512552
861.673961
861.809214
861.917907
861.999713
862.054386
862.081764
862.081764
862.054386
861.999713
861.917907
861.809214
861.673961
861.512552
861.325473
861.113284
860.876622
860.863454
861.099719
861.311551
861.498316
861.659453
861.794479
861.902988
861.984657
862.039239
862.066571
862.066571
862.039239
861.984657
861.902988
861.794479
861.659453
861.498316
861.311551
861.099719
860.863454
860.850309
861.086176
861.297652
861.484103
861.644969
861.779768
861.888095
861.969626
862.024116
862.051402
862.051402
862.024116
861.969626
861.888095
861.779768
861.644969
861.484103
861.297652
861.086176
860.850309
860.837186
861.072656
861.283777
861.469914
861.630510
861.765082
861.873227
861.954621
862.009019
862.036260
862.036260
862.009019
861.954621
861.873227
861.765082
861.630510
861.469914
861.283777
861.072656
860.837186
860.824085
861.059159
861.269925
861.455749
861.616075
861.750421
861.858384
861.939641
861.993948
862.021142
862.021142
861.993948
861.939641
861.858384
861.750421
861.616075
861.455749
861.269925
861.059159
860.824085
860.811006
861.045685
861.256096
861.441608
861.601664
861.735784
861.843566
861.924686
861.978902
862.006051
862.006051
861.978902
861.924686
861.843566
861.735784
861.601664
861.441608
861.256096
861.045685
860.811006
860.797949
861.032233
861.242291
861.427491
861.587278
861.721172
861.828773
861.909757
861.963881
861.990984
861.990984
861.963881
861.909757
861.828773
861.721172
861.587278
861.427491
861.242291
861.032233
860.797949
860.784913
861.018804
861.228508
861.413397
861.572915
861.706585
861.814004
861.894852
861.948886
861.975943
861.975943
861.948886
861.894852
861.814004
861.706585
861.572915
861.413397
861.228508
861.018804
860.784913
860.771900
861.005398
861.214749
861.399327
861.558577
861.692022
861.799261
861.879973
861.933916
861.960928
861.960928
861.933916
861.879973
861.799261
861.692022
861.558577
861.399327
861.214749
861.005398
860.771900
860.758909
860.992014
861.201013
861.385281
861.544263
861.677484
861.784542
861.865119
861.918971
861.945937
861.945937
861.918971
861.865119
861.784542
861.677484
861.544263
861.385281
861.201013
860.992014
860.758909
860.745939
860.978652
861.187301
861.371258
861.529973
861.662970
861.769849
861.850289
861.904051
861.930972
861.930972
861.904051
861.850289
861.769849
861.662970
861.529973
861.371258
861.187301
860.978652
860.745939
860.732992
860.965313
861.173611
861.357259
861.515708
861.648480
861.755180
861.835485
861.889156
861.916032
861.916032
861.889156
861.835485
861.755180
861.648480
861.515708
861.357259
861.173611
860.965313
860.732992
860.720066
860.951997
861.159944
861.343284
861.501466
861.634015
861.740535
861.820706
861.874287
861.901117
861.901117
861.874287
861.820706
861.740535
861.634015
861.501466
861.343284
861.159944
860.951997
860.720066
860.707161
860.938703
861.146300
861.329332
861.487248
861.619575
861.725915
861.805951
861.859442
861.886228
861.886228
861.859442
861.805951
861.725915
861.619575
861.487248
861.329332
861.146300
860.938703
860.707161
860.694279
860.925431
861.132680
861.315404
861.473054
861.605158
861.711320
861.791222
861.844622
861.871363
861.871363
861.844622
861.791222
861.711320
861.605158
861.473054
861.315404
861.132680
860.925431
860.694279
860.681418
860.912181
861.119082
861.301499
861.458884
861.590766
861.696750
861.776517
861.829828
861.856523
861.856523
861.829828
861.776517
861.696750
861.590766
861.458884
861.301499
861.119082
860.912181
860.681418
860.668579
860.898954
861.105507
861.287617
861.444738
861.576398
861.682204
861.761837
861.815058
861.841709
861.841709
861.815058
861.761837
861.682204
861.576398
861.444738
861.287617
861.105507
860.898954
860.668579
860.655761
860.885749
861.091955
861.273759
861.430616
861.562055
861.667682
861.747181
861.800313
861.826919
861.826919
861.800313
861.747181
861.667682
861.562055
861.430616
861.273759
861.091955
860.885749
860.655761
860.642965
860.872567
861.078425
861.259924
861.416517
861.547735
861.653185
861.732550
861.785593
861.812154
861.812154
861.785593
861.732550
861.653185
861.547735
861.416517
861.259924
861.078425
860.872567
860.642965
860.630190
860.859406
861.064919
861.246112
861.402442
861.533440
861.638712
861.717944
861.770898
861.797415
861.797415
861.770898
861.717944
861.638712
861.533440
861.402442
861.246112
861.064919
860.859406
860.630190
860.617437
860.846268
861.051435
861.232324
861.388391
861.519168
861.624264
861.703363
861.756227
861.782699
861.782699
861.756227
861.703363
861.624264
861.519168
861.388391
861.232324
861.051435
860.846268
860.617437
860.604706
860.833151
861.037974
861.218558
861.374363
861.504921
861.609840
861.688806
861.741582
861.768009
861.768009
861.741582
861.688806
861.609840
861.504921
861.374363
861.218558
861.037974
860.833151
860.604706
860.591995
860.820057
861.024535
861.204816
861.360359
861.490698
861.595440
861.674273
861.726960
861.753344
861.753344
861.726960
861.674273
861.595440
861.490698
861.360359
861.204816
861.024535
860.820057
860.591995
860.579306
860.806985
861.011119
861.191097
861.346379
861.476498
861.581065
861.659765
861.712364
861.738703
861.738703
861.712364
861.659765
861.581065
861.476498
861.346379
861.191097
861.011119
860.806985
860.579306
860.566639
860.793935
860.997726
861.177402
861.332422
861.462323
861.566714
861.645282
861.697792
861.724086
861.724086
861.697792
861.645282
861.566714
861.462323
861.332422
861.177402
860.997726
860.793935
860.566639
860.553992
860.780906
860.984355
861.163729
861.318489
861.448171
861.552386
861.630823
861.683244
861.709495
861.709495
861.683244
861.630823
861.552386
861.448171
861.318489
861.163729
860.984355
860.780906
860.553992
860.541367
860.767900
860.971007
861.150079
861.304579
861.434043
861.538083
861.616388
861.668722
861.694928
861.694928
861.668722
861.616388
861.538083
861.434043
861.304579
861.150079
860.971007
860.767900
860.541367
860.528763
860.754915
860.957681
861.136452
861.290692
861.419939
861.523804
861.601977
861.654223
861.680385
861.680385
861.654223
861.601977
861.523804
861.419939
861.290692
861.136452
860.957681
860.754915
860.528763
860.516181
860.741952
860.944377
861.122848
861.276829
861.405859
861.509550
861.587591
861.639749
861.665867
861.665867
861.639749
861.587591
861.509550
861.405859
861.276829
861.122848
860.944377
860.741952
860.516181
860.503619
860.729012
860.931096
861.109267
861.262989
861.391802
861.495319
861.573229
861.625299
861.651373
861.651373
861.625299
861.573229
861.495319
861.391802
861.262989
861.109267
860.931096
860.729012
860.503619
860.491079
860.716092
860.917837
861.095709
861.249173
861.377769
861.481112
861.558891
861.610874
861.636904
861.636904
861.610874
861.558891
861.481112
861.377769
861.249173
861.095709
860.917837
860.716092
860.491079
860.478560
860.703195
860.904601
861.082173
861.235379
861.363759
861.466928
861.544577
861.596473
861.622459
861.622459
861.596473
861.544577
861.466928
861.363759
861.235379
861.082173
860.904601
860.703195
860.478560
860.466061
860.690319
860.891387
861.068661
861.221609
861.349774
861.452769
861.530287
861.582096
861.608039
861.608039
861.582096
861.530287
861.452769
861.349774
861.221609
861.068661
860.891387
860.690319
860.466061
860.453584
860.677465
860.878195
861.055171
861.207862
861.335811
861.438634
861.516022
861.567743
861.593642
861.593642
861.567743
861.516022
861.438634
861.335811
861.207862
861.055171
860.878195
860.677465
860.453584
860.441128
860.664632
860.865025
861.041704
861.194139
861.321872
861.424522
861.501780
861.553414
861.579270
861.579270
861.553414
861.501780
861.424522
861.321872
861.194139
861.041704
860.865025
860.664632
860.441128
860.428692
860.651821
860.851877
861.028259
861.180438
861.307957
861.410434
861.487562
861.539110
861.564922
861.564922
861.539110
861.487562
861.410434
861.307957
861.180438
861.028259
860.851877
860.651821
860.428692
860.416278
860.639032
860.838752
861.014837
861.166760
861.294065
861.396370
861.473369
861.524829
861.550599
861.550599
861.524829
861.473369
861.396370
861.294065
861.166760
861.014837
860.838752
860.639032
860.416278
860.403884
860.626264
860.825648
861.001438
861.153105
861.280197
861.382330
861.459199
861.510573
861.536299
861.536299
861.510573
861.459199
861.382330
861.280197
861.153105
861.001438
860.825648
860.626264
860.403884
860.391511
860.613518
860.812567
860.988061
861.139474
861.266351
861.368313
861.445053
861.496341
861.522023
861.522023
861.496341
861.445053
861.368313
861.266351
861.139474
860.988061
860.812567
860.613518
860.391511
860.379159
860.600793
860.799507
860.974706
861.125865
861.252529
861.354320
861.430930
861.482132
861.507772
861.507772
861.482132
861.430930
861.354320
861.252529
861.125865
860.974706
860.799507
860.600793
860.379159
860.366828
860.588089
860.786470
860.961374
861.112279
861.238731
861.340350
861.416832
861.467948
861.493544
861.493544
861.467948
861.416832
861.340350
861.238731
861.112279
860.961374
860.786470
860.588089
860.366828
860.354518
860.575407
860.773454
860.948065
861.098716
861.224955
861.326404
861.402757
861.453787
861.479340
861.479340
861.453787
861.402757
861.326404
861.224955
861.098716
860.948065
860.773454
860.575407
860.354518
860.342228
860.562746
860.760460
860.934778
861.085176
861.211203
861.312481
861.388706
861.439650
861.465161
861.465161
861.439650
861.388706
861.312481
861.211203
861.085176
860.934778
860.760460
860.562746
860.342228
860.329959
860.550106
860.747488
860.921513
861.071658
861.197474
861.298581
861.374679
861.425537
861.451005
861.451005
861.425537
861.374679
861.298581
861.197474
861.071658
860.921513
860.747488
860.550106
860.329959
860.317710
860.537488
860.734538
860.908271
861.058164
861.183767
861.284705
861.360675
861.411448
861.436873
861.436873
861.411448
861.360675
861.284705
861.183767
861.058164
860.908271
860.734538
860.537488
860.317710
860.305482
860.524890
860.721610
860.895050
861.044692
861.170084
861.270853
861.346695
861.397382
861.422764
861.422764
861.397382
861.346695
861.270853
861.170084
861.044692
860.895050
860.721610
860.524890
860.305482
860.293274
860.512314
860.708703
860.881852
861.031242
861.156424
861.257023
861.332738
861.383341
861.408680
861.408680
861.383341
861.332738
861.257023
861.156424
861.031242
860.881852
860.708703
860.512314
860.293274
860.281088
860.499759
860.695818
860.868677
861.017815
861.142787
861.243217
861.318805
861.369322
861.394619
861.394619
861.369322
861.318805
861.243217
861.142787
861.017815
860.868677
860.695818
860.499759
860.281088
860.268921
860.487225
860.682955
860.855523
861.004411
861.129173
861.229434
861.304895
861.355328
861.380582
861.380582
861.355328
861.304895
861.229434
861.129173
861.004411
860.855523
860.682955
860.487225
860.268921
860.256775
860.474713
860.670114
860.842392
860.991030
861.115582
861.215675
861.291008
861.341356
861.366568
861.366568
861.341356
861.291008
861.215675
861.115582
860.991030
860.842392
860.670114
860.474713
860.256775
860.244649
860.462221
860.657294
860.829282
860.977671
861.102014
861.201938
861.277145
861.327409
861.352578
861.352578
861.327409
861.277145
861.201938
861.102014
860.977671
860.829282
860.657294
860.462221
860.244649
860.232544
860.449750
860.644495
860.816195
860.964334
861.088468
861.188225
861.263305
861.313485
861.338612
861.338612
861.313485
861.263305
861.188225
861.088468
860.964334
860.816195
860.644495
860.449750
860.232544
860.220459
860.437300
860.631718
860.803129
860.951020
861.074945
861.174535
861.249489
861.299584
861.324669
861.324669
861.299584
861.249489
861.174535
861.074945
860.951020
860.803129
860.631718
860.437300
860.220459
860.208395
860.424871
860.618963
860.790086
860.937728
861.061445
861.160867
861.235696
861.285706
861.310749
861.310749
861.285706
861.235696
861.160867
861.061445
860.937728
860.790086
860.618963
860.424871
860.208395
860.196350
860.412463
860.606229
860.777064
860.924458
861.047968
861.147223
861.221926
861.271852
861.296853
861.296853
861.271852
861.221926
861.147223
861.047968
860.924458
860.777064
860.606229
860.412463
860.196350
859.772117
860.305156
860.571656
860.759030
860.910052
861.034246
861.133540
861.208165
861.258018
861.282980
861.282980
861.258018
861.208165
861.133540
861.034246
860.910052
860.759030
860.571656
860.305156
859.772117
859.531219
860.155243
860.507751
860.729758
860.892037
861.019472
861.119577
861.194344
861.244185
861.269122
861.269122
861.244185
861.194344
861.119577
861.019472
860.892037
860.729758
860.507751
860.155243
859.531219
859.353846
860.013999
860.427022
860.688268
860.868375
861.002545
861.104887
861.180305
861.230300
861.255260
861.255260
861.230300
861.180305
861.104887
861.002545
860.868375
860.688268
860.427022
860.013999
859.353846
859.207137
859.885814
860.340470
860.637468
860.838548
860.982588
861.088937
861.165801
861.216260
861.241345
861.241345
861.216260
861.165801
861.088937
860.982588
860.838548
860.637468
860.340470
859.885814
859.207137
859.078941
859.768749
860.253209
860.580689
860.803198
860.959217
861.071276
861.150551
861.201922
861.227297
861.227297
861.201922
861.150551
861.071276
860.959217
860.803198
860.580689
860.253209
859.768749
859.078941
858.963472
859.660613
860.167353
860.520417
860.763396
860.932479
861.051629
861.134295
861.187116
861.213001
861.213001
861.187116
861.134295
861.051629
860.932479
860.763396
860.520417
860.167353
859.660613
858.963472
858.857457
859.559702
860.083707
860.458291
860.720205
860.902677
861.029892
861.116836
861.171669
861.198322
861.198322
861.171669
861.116836
861.029892
860.902677
860.720205
860.458291
860.083707
859.559702
858.857457
858.758829
859.464746
860.002519
860.395353
860.674523
860.870218
861.006099
861.098045
861.155426
861.183113
861.183113
861.155426
861.098045
861.006099
860.870218
860.674523
860.395353
860.002519
859.464746
858.758829
858.666179
859.374792
859.923793
860.332255
860.627058
860.835521
860.980367
861.077861
861.138258
861.167232
861.167232
861.138258
861.077861
860.980367
860.835521
860.627058
860.332255
859.923793
859.374792
858.666179
858.578497
859.289110
859.847433
860.269405
860.578349
860.798975
860.952857
861.056273
861.120067
861.150549
861.150549
861.120067
861.056273
860.952857
860.798975
860.578349
860.269405
859.847433
859.289110
858.578497
858.495029
859.207126
859.773302
860.207059
860.528803
860.760919
860.923742
861.033306
861.100786
861.132958
861.132958
861.100786
861.033306
860.923742
860.760919
860.528803
860.207059
859.773302
859.207126
858.495029
858.415193
859.128384
859.701255
860.145371
860.478725
860.721638
860.893196
861.009010
861.080374
861.114375
861.114375
861.080374
861.009010
860.893196
860.721638
860.478725
860.145371
859.701255
859.128384
858.415193
858.338532
859.052511
859.631146
860.084433
860.428342
860.681368
860.861380
860.983445
861.058811
861.094738
861.094738
861.058811
860.983445
860.861380
860.681368
860.428342
860.084433
859.631146
859.052511
858.338532
858.264675
858.979201
859.562838
860.024293
860.377823
860.640306
860.828440
860.956680
861.036098
861.074008
861.074008
861.036098
860.956680
860.828440
860.640306
860.377823
860.024293
859.562838
858.979201
858.264675
858.193318
858.908197
859.496204
859.964972
860.327294
860.598607
860.794506
860.928787
861.012249
861.052168
861.052168
861.012249
860.928787
860.794506
860.598607
860.327294
859.964972
859.496204
858.908197
858.193318
858.124209
858.839280
859.431127
859.906473
860.276847
860.556402
860.759691
860.899833
860.987288
861.029212
861.029212
860.987288
860.899833
860.759691
860.556402
860.276847
859.906473
859.431127
858.839280
858.124209
858.057132
858.772266
859.367500
859.848786
860.226549
860.513793
860.724094
860.869889
860.961248
861.005153
861.005153
860.961248
860.869889
860.724094
860.513793
860.226549
859.848786
859.367500
858.772266
858.057132
857.991907
858.706992
859.305226
859.791893
860.176450
860.470864
860.687800
860.839019
860.934168
860.980010
860.980010
860.934168
860.839019
860.687800
860.470864
860.176450
859.791893
859.305226
858.706992
857.991907
857.928374
858.643317
859.244215
859.735769
860.126582
860.427683
860.650884
860.807284
860.906089
860.953813
860.953813
860.906089
860.807284
860.650884
860.427683
860.126582
859.735769
859.244215
858.643317
857.928374
857.866395
858.581118
859.184385
859.680387
860.076969
860.384305
860.613410
860.774742
860.877056
860.926596
860.926596
860.877056
860.774742
860.613410
860.384305
860.076969
859.680387
859.184385
858.581118
857.866395
857.805851
858.520283
859.125660
859.625720
860.027625
860.340773
860.575434
860.741447
860.847115
860.898398
860.898398
860.847115
860.741447
860.575434
860.340773
860.027625
859.625720
859.125660
858.520283
857.805851
857.746632
858.460716
859.067971
859.571736
859.978559
860.297124
860.537007
860.707451
860.816313
860.869263
860.869263
860.816313
860.707451
860.537007
860.297124
859.978559
859.571736
859.067971
858.460716
857.746632
857.688645
858.402326
859.011254
859.518406
859.929773
860.253386
860.498170
860.672800
860.784694
860.839232
860.839232
860.784694
860.672800
860.498170
860.253386
859.929773
859.518406
859.011254
858.402326
857.688645
857.631801
858.345035
858.955449
859.465699
859.881267
860.209583
860.458962
860.637539
860.752305
860.808350
860.808350
860.752305
860.637539
860.458962
860.209583
859.881267
859.465699
858.955449
858.345035
857.631801
857.576024
858.288769
858.900503
859.413586
859.833038
860.165734
860.419418
860.601710
860.719189
860.776662
860.776662
860.719189
860.601710
860.419418
860.165734
859.833038
859.413586
858.900503
858.288769
857.576024
857.521242
858.233463
858.846364
859.362038
859.785082
860.121855
860.379568
860.565351
860.685389
860.744212
860.744212
860.685389
860.565351
860.379568
860.121855
859.785082
859.362038
858.846364
858.233463
857.521242
857.467393
858.179055
858.792984
859.311028
859.737392
860.077958
860.339438
860.528500
860.650946
860.711042
860.711042
860.650946
860.528500
860.339438
860.077958
859.737392
859.311028
858.792984
858.179055
857.467393
857.414415
858.125491
858.740321
859.260528
859.689961
860.034055
860.299055
860.491190
860.615900
860.677194
860.677194
860.615900
860.491190
860.299055
860.034055
859.689961
859.260528
858.740321
858.125491
857.414415
857.362256
858.072718
858.688331
859.210514
859.642781
859.990154
860.258439
860.453452
860.580288
860.642708
860.642708
860.580288
860.453452
860.258439
859.990154
859.642781
859.210514
858.688331
858.072718
857.362256
857.310865
858.020689
858.636978
859.160961
859.595843
859.946262
860.217611
860.415317
860.544146
860.607624
860.607624
860.544146
860.415317
860.217611
859.946262
859.595843
859.160961
858.636978
858.020689
857.310865
857.260197
857.969360
858.586226
859.111846
859.549139
859.902385
860.176591
860.376814
860.507508
860.571978
860.571978
860.507508
860.376814
860.176591
859.902385
859.549139
859.111846
858.586226
857.969360
857.260197
857.210208
857.918690
858.536040
859.063147
859.502661
859.858529
860.135394
860.337967
860.470408
860.535806
860.535806
860.470408
860.337967
860.135394
859.858529
859.502661
859.063147
858.536040
857.918690
857.210208
857.160859
857.868642
858.486390
859.014842
859.456401
859.814697
860.094037
860.298802
860.432875
860.499142
860.499142
860.432875
860.298802
860.094037
859.814697
859.456401
859.014842
858.486390
857.868642
857.160859
857.112112
857.819179
858.437247
858.966913
859.410349
859.770894
860.052533
860.259342
860.394938
860.462018
860.462018
860.394938
860.259342
860.052533
859.770894
859.410349
858.966913
858.437247
857.819179
857.112112
857.063934
857.770269
858.388582
858.919340
859.364499
859.727122
860.010897
860.219609
860.356626
860.424463
860.424463
860.356626
860.219609
860.010897
859.727122
859.364499
858.919340
858.388582
857.770269
857.063934
857.016293
857.721881
858.340370
858.872106
859.318841
859.683384
859.969141
860.179622
860.317963
860.386508
860.386508
860.317963
860.179622
859.969141
859.683384
859.318841
858.872106
858.340370
857.721881
857.016293
856.969158
857.673985
858.292587
858.825194
859.273370
859.639683
859.927275
860.139401
860.278975
860.348179
860.348179
860.278975
860.139401
859.927275
859.639683
859.273370
858.825194
858.292587
857.673985
856.969158
856.922501
857.626557
858.245210
858.778588
859.228077
859.596020
859.885312
860.098965
860.239685
860.309502
860.309502
860.239685
860.098965
859.885312
859.596020
859.228077
858.778588
858.245210
857.626557
856.922501
856.876298
857.579569
858.198219
858.732274
859.182957
859.552398
859.843260
860.058328
860.200113
860.270501
860.270501
860.200113
860.058328
859.843260
859.552398
859.182957
858.732274
858.198219
857.579569
856.876298
856.830522
857.532998
858.151592
858.686237
859.138001
859.508817
859.801128
860.017508
860.160282
860.231199
860.231199
860.160282
860.017508
859.801128
859.508817
859.138001
858.686237
858.151592
857.532998
856.830522
856.785151
857.486822
858.105312
858.640465
859.093205
859.465279
859.758927
859.976520
860.120209
860.191618
860.191618
860.120209
859.976520
859.758927
859.465279
859.093205
858.640465
858.105312
857.486822
856.785151
856.740164
857.441021
858.059360
858.594944
859.048563
859.421786
859.716663
859.935376
860.079914
860.151778
860.151778
860.079914
859.935376
859.716663
859.421786
859.048563
858.594944
858.059360
857.441021
856.740164
856.695540
857.395575
858.013721
858.549664
859.004068
859.378339
859.674344
859.894091
860.039412
860.111699
860.111699
860.039412
859.894091
859.674344
859.378339
859.004068
858.549664
858.013721
857.395575
856.695540
856.651261
857.350466
857.968378
858.504614
858.959715
859.334938
859.631978
859.852676
859.998721
860.071398
860.071398
859.998721
859.852676
859.631978
859.334938
858.959715
858.504614
857.968378
857.350466
856.651261
856.607309
857.305676
857.923317
858.459782
858.915500
859.291584
859.589570
859.811143
859.957855
860.030892
860.030892
859.957855
859.811143
859.589570
859.291584
858.915500
858.459782
857.923317
857.305676
856.607309
856.563667
857.261190
857.878525
858.415159
858.871419
859.248278
859.547127
859.769502
859.916829
859.990197
859.990197
859.916829
859.769502
859.547127
859.248278
858.871419
858.415159
857.878525
857.261190
856.563667
856.520319
857.216993
857.833989
858.370737
858.827465
859.205022
859.504655
859.727764
859.875655
859.949329
859.949329
859.875655
859.727764
859.504655
859.205022
858.827465
858.370737
857.833989
857.216993
856.520319
856.477252
857.173070
857.789696
858.326506
858.783636
859.161815
859.462160
859.685939
859.834347
859.908301
859.908301
859.834347
859.685939
859.462160
859.161815
858.783636
858.326506
857.789696
857.173070
856.477252
856.434451
857.129407
857.745635
858.282459
858.739927
859.118658
859.419645
859.644035
859.792915
859.867127
859.867127
859.792915
859.644035
859.419645
859.118658
858.739927
858.282459
857.745635
857.129407
856.434451
856.391904
857.085994
857.701796
858.238587
858.696334
859.075552
859.377117
859.602061
859.751372
859.825819
859.825819
859.751372
859.602061
859.377117
859.075552
858.696334
858.238587
857.701796
857.085994
856.391904
856.349598
857.042817
857.658168
858.194884
858.652855
859.032498
859.334579
859.560024
859.709727
859.784388
859.784388
859.709727
859.560024
859.334579
859.032498
858.652855
858.194884
857.658168
857.042817
856.349598
856.307521
856.999865
857.614743
858.151343
858.609486
858.989495
859.292035
859.517932
859.667991
859.742847
859.742847
859.667991
859.517932
859.292035
858.989495
858.609486
858.151343
857.614743
856.999865
856.307521
856.265664
856.957129
857.571510
858.107957
858.566222
858.946544
859.249491
859.475792
859.626172
859.701205
859.701205
859.626172
859.475792
859.249491
858.946544
858.566222
858.107957
857.571510
856.957129
856.265664
856.224016
856.914599
857.528463
858.064721
858.523063
858.903646
859.206948
859.433610
859.584279
859.659471
859.659471
859.584279
859.433610
859.206948
858.903646
858.523063
858.064721
857.528463
856.914599
856.224016
856.182568
856.872265
857.485593
858.021629
858.480005
858.860801
859.164411
859.391393
859.542320
859.617656
859.617656
859.542320
859.391393
859.164411
858.860801
858.480005
858.021629
857.485593
856.872265
856.182568
856.141310
856.830119
857.442892
857.978675
858.437045
858.818009
859.121883
859.349146
859.500303
859.575767
859.575767
859.500303
859.349146
859.121883
858.818009
858.437045
857.978675
857.442892
856.830119
856.141310
856.100235
856.788153
857.400355
857.935855
858.394180
858.775271
859.079367
859.306874
859.458235
859.533812
859.533812
859.458235
859.306874
859.079367
858.775271
858.394180
857.935855
857.400355
856.788153
856.100235
856.059334
856.746359
857.357973
857.893164
858.351409
858.732587
859.036866
859.264584
859.416122
859.491800
859.491800
859.416122
859.264584
859.036866
858.732587
858.351409
857.893164
857.357973
856.746359
856.059334
856.018601
856.704730
857.315742
857.850598
858.308730
858.689957
858.994382
859.222279
859.373971
859.449737
859.449737
859.373971
859.222279
858.994382
858.689957
858.308730
857.850598
857.315742
856.704730
856.018601
855.978028
856.663260
857.273655
857.808153
858.266139
858.647381
858.951918
859.179963
859.331787
859.407630
859.407630
859.331787
859.179963
858.951918
858.647381
858.266139
857.808153
857.273655
856.663260
855.978028
855.937609
856.621941
857.231708
857.765823
858.223637
858.604859
858.909477
859.137642
859.289577
859.365485
859.365485
859.289577
859.137642
858.909477
858.604859
858.223637
857.765823
857.231708
856.621941
855.937609
855.897337
856.580769
857.189894
857.723607
858.181219
858.562393
858.867060
859.095318
859.247345
859.323309
859.323309
859.247345
859.095318
858.867060
858.562393
858.181219
857.723607
857.189894
856.580769
855.897337
855.857208
856.539737
857.148210
857.681501
858.138885
858.519982
858.824669
859.052997
859.205097
859.281106
859.281106
859.205097
859.052997
858.824669
858.519982
858.138885
857.681501
857.148210
856.539737
855.857208
855.817214
856.498840
857.106651
857.639501
858.096634
858.477625
858.782307
859.010680
859.162837
859.238881
859.238881
859.162837
859.010680
858.782307
858.477625
858.096634
857.639501
857.106651
856.498840
855.817214
855.777353
856.458073
857.065212
857.597604
858.054463
858.435324
858.739974
858.968372
859.120568
859.196640
859.196640
859.120568
858.968372
858.739974
858.435324
858.054463
857.597604
857.065212
856.458073
855.777353
855.737617
856.417433
857.023889
857.555807
858.012371
858.393079
858.697674
858.926075
859.078296
859.154388
859.154388
859.078296
858.926075
858.697674
858.393079
858.012371
857.555807
857.023889
856.417433
855.737617
855.698004
856.376913
856.982679
857.514108
857.970357
858.350888
858.655408
858.883792
859.036024
859.112127
859.112127
859.036024
858.883792
858.655408
858.350888
857.970357
857.514108
856.982679
856.376913
855.698004
855.658509
856.336511
856.941579
857.472504
857.928420
858.308754
858.613176
858.841526
858.993755
859.069864
859.069864
858.993755
858.841526
858.613176
858.308754
857.928420
857.472504
856.941579
856.336511
855.658509
855.619128
856.296222
856.900585
857.430993
857.886557
858.266675
858.570980
858.799280
858.951493
859.027600
859.027600
858.951493
858.799280
858.570980
858.266675
857.886557
857.430993
856.900585
856.296222
855.619128
855.579857
856.256043
856.859693
857.389573
857.844769
858.224652
858.528823
858.757055
858.909242
858.985340
858.985340
858.909242
858.757055
858.528823
858.224652
857.844769
857.389573
856.859693
856.256043
855.579857
855.540692
856.215970
856.818901
857.348241
857.803054
858.182685
858.486704
858.714855
858.867003
858.943087
858.943087
858.867003
858.714855
858.486704
858.182685
857.803054
857.348241
856.818901
856.215970
855.540692
855.501631
856.176000
856.778207
857.306995
857.761412
858.140774
858.444625
858.672680
858.824780
858.900845
858.900845
858.824780
858.672680
858.444625
858.140774
857.761412
857.306995
856.778207
856.176000
855.501631
855.462669
856.136130
856.737607
857.265833
857.719840
858.098919
858.402587
858.630533
858.782575
858.858615
858.858615
858.782575
858.630533
858.402587
858.098919
857.719840
857.265833
856.737607
856.136130
855.462669
855.423806
856.096357
856.697099
857.224755
857.678338
858.057120
858.360591
858.588416
858.740390
858.816402
858.816402
858.740390
858.588416
858.360591
858.057120
857.678338
857.224755
856.697099
856.096357
855.423806
855.385036
856.056679
856.656681
857.183757
857.636906
858.015377
858.318638
858.546330
858.698229
858.774206
858.774206
858.698229
858.546330
858.318638
858.015377
857.636906
857.183757
856.656681
856.056679
855.385036
855.346359
856.017093
856.616350
857.142839
857.595542
857.973690
858.276729
858.504278
858.656092
858.732032
858.732032
858.656092
858.504278
858.276729
857.973690
857.595542
857.142839
856.616350
856.017093
855.346359
855.307770
855.977596
856.576105
857.101999
857.554246
857.932060
858.234864
858.462259
858.613983
858.689880
858.689880
858.613983
858.462259
858.234864
857.932060
857.554246
857.101999
856.576105
855.977596
855.307770
855.269269
855.938187
856.535944
857.061235
857.513017
857.890485
858.193045
858.420277
858.571902
858.647754
858.647754
858.571902
858.420277
858.193045
857.890485
857.513017
857.061235
856.535944
855.938187
855.269269
855.230853
855.898863
856.495865
857.020547
857.471855
857.848967
858.151272
858.378332
858.529852
858.605655
858.605655
858.529852
858.378332
858.151272
857.848967
857.471855
857.020547
856.495865
855.898863
855.230853
855.192520
855.859622
856.455866
856.979933
857.430758
857.807505
858.109546
858.336425
858.487835
858.563584
858.563584
858.487835
858.336425
858.109546
857.807505
857.430758
856.979933
856.455866
855.859622
855.192520
855.154268
855.820463
856.415945
856.939392
857.389726
857.766099
858.067867
858.294558
858.445851
858.521545
858.521545
858.445851
858.294558
858.067867
857.766099
857.389726
856.939392
856.415945
855.820463
855.154268
855.116095
855.781383
856.376101
856.898922
857.348758
857.724750
858.026236
858.252732
858.403902
858.479538
858.479538
858.403902
858.252732
858.026236
857.724750
857.348758
856.898922
856.376101
855.781383
855.116095
855.077999
855.742381
856.336333
856.858523
857.307855
857.683456
857.984653
858.210947
858.361990
858.437564
858.437564
858.361990
858.210947
857.984653
857.683456
857.307855
856.858523
856.336333
855.742381
855.077999
855.039979
855.703456
856.296640
856.818194
857.267015
857.642219
857.943119
858.169205
858.320116
858.395626
858.395626
858.320116
858.169205
857.943119
857.642219
857.267015
856.818194
856.296640
855.703456
855.039979
855.002034
855.664606
856.257019
856.777933
857.226238
857.601038
857.901635
858.127506
858.278281
858.353725
858.353725
858.278281
858.127506
857.901635
857.601038
857.226238
856.777933
856.257019
855.664606
855.002034
854.964162
855.625829
856.217470
856.737740
857.185523
857.559913
857.860200
858.085851
858.236485
858.311861
858.311861
858.236485
858.085851
857.860200
857.559913
857.185523
856.737740
856.217470
855.625829
854.964162
854.926361
855.587125
856.177992
856.697615
857.144870
857.518844
857.818816
858.044241
858.194731
858.270037
858.270037
858.194731
858.044241
857.818816
857.518844
857.144870
856.697615
856.177992
855.587125
854.926361
854.888630
855.548492
856.138583
856.657555
857.104279
857.477831
857.777482
858.002677
858.153019
858.228252
858.228252
858.153019
858.002677
857.777482
857.477831
857.104279
856.657555
856.138583
855.548492
854.888630
854.850968
855.509928
856.099243
856.617562
857.063749
857.436874
857.736199
857.961160
858.111350
858.186509
858.186509
858.111350
857.961160
857.736199
857.436874
857.063749
856.617562
856.099243
855.509928
854.850968
854.813375
855.471433
856.059970
856.577633
857.023280
857.395974
857.694968
857.919689
858.069725
858.144808
858.144808
858.069725
857.919689
857.694968
857.395974
857.023280
856.577633
856.059970
855.471433
854.813375
854.775848
855.433006
856.020765
856.537768
856.982871
857.355129
857.653788
857.878266
858.028144
858.103150
858.103150
858.028144
857.878266
857.653788
857.355129
856.982871
856.537768
856.020765
855.433006
854.775848
854.738387
855.394646
855.981625
856.497966
856.942522
857.314340
857.612659
857.836891
857.986609
858.061536
858.061536
857.986609
857.836891
857.612659
857.314340
856.942522
856.497966
855.981625
855.394646
854.738387
854.700991
855.356352
855.942550
856.458228
856.902233
857.273607
857.571583
857.795565
857.945120
858.019966
858.019966
857.945120
857.795565
857.571583
857.273607
856.902233
856.458228
855.942550
855.356352
854.700991
854.663660
855.318122
855.903540
856.418552
856.862003
857.232930
857.530559
857.754287
857.903677
857.978442
857.978442
857.903677
857.754287
857.530559
857.232930
856.862003
856.418552
855.903540
855.318122
854.663660
854.626391
855.279957
855.864593
856.378938
856.821832
857.192309
857.489587
857.713059
857.862281
857.936964
857.936964
857.862281
857.713059
857.489587
857.192309
856.821832
856.378938
855.864593
855.279957
854.626391
854.589185
855.241855
855.825709
856.339385
856.781720
857.151743
857.448668
857.671881
857.820933
857.895532
857.895532
857.820933
857.671881
857.448668
857.151743
856.781720
856.339385
855.825709
855.241855
854.589185
854.552040
855.203816
855.786887
856.299893
856.741667
857.111234
857.407802
857.630753
857.779634
857.854148
857.854148
857.779634
857.630753
857.407802
857.111234
856.741667
856.299893
855.786887
855.203816
854.552040
854.514956
855.165838
855.748127
856.260461
856.701672
857.070779
857.366988
857.589676
857.738383
857.812811
857.812811
857.738383
857.589676
857.366988
857.070779
856.701672
856.260461
855.748127
855.165838
854.514956
854.477933
855.127922
855.709428
856.221089
856.661734
857.030381
857.326228
857.548649
857.697182
857.771523
857.771523
857.697182
857.548649
857.326228
857.030381
856.661734
856.221089
855.709428
855.127922
854.477933
854.440969
855.090067
855.670790
856.181777
856.621855
856.990038
857.285521
857.507674
857.656030
857.730284
857.730284
857.656030
857.507674
857.285521
856.990038
856.621855
856.181777
855.670790
855.090067
854.440969
854.404064
855.052271
855.632212
856.142524
856.582033
856.949750
857.244868
857.466750
857.614928
857.689093
857.689093
857.614928
857.466750
857.244868
856.949750
856.582033
856.142524
855.632212
855.052271
854.404064
854.367218
855.014535
855.593693
856.103330
856.542268
856.909518
857.204268
857.425878
857.573876
857.647953
857.647953
857.573876
857.425878
857.204268
856.909518
856.542268
856.103330
855.593693
855.014535
854.367218
854.330430
854.976858
855.555234
856.064194
856.502561
856.869342
857.163721
857.385057
857.532875
857.606862
857.606862
857.532875
857.385057
857.163721
856.869342
856.502561
856.064194
855.555234
854.976858
854.330430
854.293699
854.939239
855.516833
856.025116
856.462910
856.829220
857.123228
857.344289
857.491925
857.565822
857.565822
857.491925
857.344289
857.123228
856.829220
856.462910
856.025116
855.516833
854.939239
854.293699
854.257024
854.901679
855.478490
855.986096
856.423316
856.789154
857.082789
857.303573
857.451027
857.524832
857.524832
857.451027
857.303573
857.082789
856.789154
856.423316
855.986096
855.478490
854.901679
854.257024
854.220407
854.864176
855.440205
855.947133
856.383779
856.749143
857.042403
857.262910
857.410179
857.483893
857.483893
857.410179
857.262910
857.042403
856.749143
856.383779
855.947133
855.440205
854.864176
854.220407
854.183845
854.826730
855.401978
855.908227
856.344297
856.709187
857.002072
857.222299
857.369384
857.443006
857.443006
857.369384
857.222299
857.002072
856.709187
856.344297
855.908227
855.401978
854.826730
854.183845
854.147339
854.789341
855.363807
855.869378
856.304872
856.669286
856.961794
857.181741
857.328640
857.402170
857.402170
857.328640
857.181741
856.961794
856.669286
856.304872
855.869378
855.363807
854.789341
854.147339
854.110888
854.752008
855.325694
855.830586
856.265503
856.629440
856.921570
857.141236
857.287949
857.361386
857.361386
857.287949
857.141236
856.921570
856.629440
856.265503
855.830586
855.325694
854.752008
854.110888
854.074491
854.714731
855.287637
855.791850
856.226189
856.589650
856.881401
857.100784
857.247310
857.320654
857.320654
857.247310
857.100784
856.881401
856.589650
856.226189
855.791850
855.287637
854.714731
854.074491
854.038150
854.677509
855.249636
855.753170
856.186932
856.549914
856.841285
857.060385
857.206723
857.279974
857.279974
857.206723
857.060385
856.841285
856.549914
856.186932
855.753170
855.249636
854.677509
854.038150
854.001862
854.640343
855.211690
855.714546
856.147729
856.510232
856.801223
857.020039
857.166190
857.239346
857.239346
857.166190
857.020039
856.801223
856.510232
856.147729
855.714546
855.211690
854.640343
854.001862
853.965628
854.603232
855.173801
855.675978
856.108582
856.470606
856.761215
856.979747
857.125708
857.198771
857.198771
857.125708
856.979747
856.761215
856.470606
856.108582
855.675978
855.173801
854.603232
853.965628
853.929448
854.566175
855.135966
855.637465
856.069490
856.431034
856.721261
856.939508
857.085280
857.158248
857.158248
857.085280
856.939508
856.721261
856.431034
856.069490
855.637465
855.135966
854.566175
853.929448
853.893321
854.529173
855.098187
855.599007
856.030453
856.391516
856.681361
856.899323
857.044905
857.117778
857.117778
857.044905
856.899323
856.681361
856.391516
856.030453
855.599007
855.098187
854.529173
853.893321
853.857246
854.492225
855.060462
855.560605
855.991471
856.352054
856.641515
856.859191
857.004583
857.077362
857.077362
857.004583
856.859191
856.641515
856.352054
855.991471
855.560605
855.060462
854.492225
853.857246
853.821225
854.455330
855.022792
855.522257
855.952544
856.312645
856.601724
856.819113
856.964314
857.036998
857.036998
856.964314
856.819113
856.601724
856.312645
855.952544
855.522257
855.022792
854.455330
853.821225
853.785255
854.418489
854.985176
855.483963
855.913671
856.273291
856.561986
856.779088
856.924099
856.996687
856.996687
856.924099
856.779088
856.561986
856.273291
855.913671
855.483963
854.985176
854.418489
853.785255
853.749338
854.381702
854.947614
855.445724
855.874853
856.233991
856.522302
856.739117
856.883937
856.956429
856.956429
856.883937
856.739117
856.522302
856.233991
855.874853
855.445724
854.947614
854.381702
853.749338
853.713473
854.344967
854.910106
855.407539
855.836089
856.194746
856.482672
856.699199
856.843828
856.916225
856.916225
856.843828
856.699199
856.482672
856.194746
855.836089
855.407539
854.910106
854.344967
853.713473
853.677659
854.308286
854.872652
855.369409
855.797379
856.155554
856.443096
856.659336
856.803773
856.876074
856.876074
856.803773
856.659336
856.443096
856.155554
855.797379
855.369409
854.872652
854.308286
853.677659
853.641897
854.271657
854.835251
855.331332
855.758724
856.116417
856.403574
856.619526
856.763771
856.835977
856.835977
856.763771
856.619526
856.403574
856.116417
855.758724
855.331332
854.835251
854.271657
853.641897
853.606186
854.235080
854.797903
855.293309
855.720122
856.077334
856.364106
856.579769
856.723823
856.795933
856.795933
856.723823
856.579769
856.364106
856.077334
855.720122
855.293309
854.797903
854.235080
853.606186
853.570526
854.198556
854.760609
855.255340
855.681574
856.038304
856.324692
856.540067
856.683928
856.755942
856.755942
856.683928
856.540067
856.324692
856.038304
855.681574
855.255340
854.760609
854.198556
853.570526
853.534917
854.162084
854.723367
855.217424
855.643080
855.999329
856.285331
856.500418
856.644087
856.716006
856.716006
856.644087
856.500418
856.285331
855.999329
855.643080
855.217424
854.723367
854.162084
853.534917
853.499359
854.125664
854.686178
855.179562
855.604640
855.960407
856.246025
856.460823
856.604300
856.676122
856.676122
856.604300
856.460823
856.246025
855.960407
855.604640
855.179562
854.686178
854.125664
853.499359
853.463851
854.089295
854.649042
855.141752
855.566253
855.921539
856.206772
856.421281
856.564566
856.636292
856.636292
856.564566
856.421281
856.206772
855.921539
855.566253
855.141752
854.649042
854.089295
853.463851
853.428394
854.052978
854.611958
855.103996
855.527920
855.882725
856.167572
856.381794
856.524886
856.596516
856.596516
856.524886
856.381794
856.167572
855.882725
855.527920
855.103996
854.611958
854.052978
853.428394
853.392986
854.016712
854.574926
855.066293
855.489640
855.843964
856.128427
856.342360
856.485260
856.556794
856.556794
856.485260
856.342360
856.128427
855.843964
855.489640
855.066293
854.574926
854.016712
853.392986
853.357629
853.980498
854.537947
855.028642
855.451413
855.805256
856.089335
856.302979
856.445687
856.517125
856.517125
856.445687
856.302979
856.089335
855.805256
855.451413
855.028642
854.537947
853.980498
853.357629
853.322322
853.944334
854.501019
854.991044
855.413240
855.766603
856.050297
856.263652
856.406168
856.477510
856.477510
856.406168
856.263652
856.050297
855.766603
855.413240
854.991044
854.501019
853.944334
853.322322
853.287064
853.908222
854.464144
854.953499
855.375119
855.728002
856.011312
856.224379
856.366703
856.437948
856.437948
856.366703
856.224379
856.011312
855.728002
855.375119
854.953499
854.464144
853.908222
853.287064
853.251856
853.872160
854.427320
854.916006
855.337051
855.689455
855.972380
856.185159
856.327291
856.398440
856.398440
856.327291
856.185159
855.972380
855.689455
855.337051
854.916006
854.427320
853.872160
853.251856
853.216697
853.836149
854.390548
854.878566
855.299037
855.650960
855.933502
856.145993
856.287933
856.358986
856.358986
856.287933
856.145993
855.933502
855.650960
855.299037
854.878566
854.390548
853.836149
853.216697
853.181588
853.800188
854.353827
854.841177
855.261075
855.612519
855.894677
856.106881
856.248628
856.319585
856.319585
856.248628
856.106881
855.894677
855.612519
855.261075
854.841177
854.353827
853.800188
853.181588
853.146527
853.764278
854.317158
854.803841
855.223165
855.574131
855.855906
856.067821
856.209377
856.280238
856.280238
856.209377
856.067821
855.855906
855.574131
855.223165
854.803841
854.317158
853.764278
853.146527
853.111516
853.728418
854.280539
854.766557
855.185308
855.535796
855.817188
856.028816
856.170179
856.240944
856.240944
856.170179
856.028816
855.817188
855.535796
855.185308
854.766557
854.280539
853.728418
853.111516
853.076554
853.692608
854.243972
854.729324
855.147504
855.497514
855.778523
855.989863
856.131035
856.201704
856.201704
856.131035
855.989863
855.778523
855.497514
855.147504
854.729324
854.243972
853.692608
853.076554
853.041641
853.656848
854.207456
854.692144
855.109752
855.459285
855.739911
855.950964
856.091944
856.162518
856.162518
856.091944
855.950964
855.739911
855.459285
855.109752
854.692144
854.207456
853.656848
853.041641
853.006776
853.621138
854.170991
854.655015
855.072052
855.421108
855.701352
855.912118
856.052907
856.123384
856.123384
856.052907
855.912118
855.701352
855.421108
855.072052
854.655015
854.170991
853.621138
853.006776
852.971960
853.585478
854.134576
854.617937
855.034405
855.382984
855.662846
855.873326
856.013923
856.084305
856.084305
856.013923
855.873326
855.662846
855.382984
855.034405
854.617937
854.134576
853.585478
852.971960
852.937192
853.549868
854.098213
854.580911
854.996809
855.344913
855.624394
855.834586
855.974992
856.045278
856.045278
855.974992
855.834586
855.624394
855.344913
854.996809
854.580911
854.098213
853.549868
852.937192
852.902473
853.514307
854.061899
854.543937
854.959266
855.306894
855.585994
855.795900
855.936115
856.006305
856.006305
855.936115
855.795900
855.585994
855.306894
854.959266
854.543937
854.061899
853.514307
852.902473
852.867801
853.478795
854.025637
854.507014
854.921774
855.268928
855.547646
855.757267
855.897291
855.967386
855.967386
855.897291
855.757267
855.547646
855.268928
854.921774
854.507014
854.025637
853.478795
852.867801
852.833178
853.443333
853.989424
854.470142
854.884335
855.231014
855.509352
855.718686
855.858519
855.928519
855.928519
855.858519
855.718686
855.509352
855.231014
854.884335
854.470142
853.989424
853.443333
852.833178
852.798603
853.407920
853.953262
854.433321
854.846947
855.193152
855.471110
855.680159
855.819802
855.889706
855.889706
855.819802
855.680159
855.471110
855.193152
854.846947
854.433321
853.953262
853.407920
852.798603
852.764077
853.372556
853.917150
854.396551
854.809611
855.155343
855.432921
855.641685
855.781137
855.850946
855.850946
855.781137
855.641685
855.432921
855.155343
854.809611
854.396551
853.917150
853.372556
852.764077
852.729597
853.337242
853.881088
854.359832
854.772326
855.117585
855.394784
855.603263
855.742525
855.812239
855.812239
855.742525
855.603263
855.394784
855.117585
854.772326
854.359832
853.881088
853.337242
852.729597
852.695166
853.301976
853.845076
854.323164
854.735093
855.079880
855.356700
855.564894
855.703966
855.773585
855.773585
855.703966
855.564894
855.356700
855.079880
854.735093
854.323164
853.845076
853.301976
852.695166
852.660782
853.266759
853.809114
854.286546
854.697912
855.042227
855.318669
855.526578
855.665460
855.734984
855.734984
855.665460
855.526578
855.318669
855.042227
854.697912
854.286546
853.809114
853.266759
852.660782
852.626446
853.231591
853.773202
854.249979
854.660781
855.004625
855.280689
855.488315
855.627007
855.696436
855.696436
855.627007
855.488315
855.280689
855.004625
854.660781
854.249979
853.773202
853.231591
852.626446
852.592157
853.196471
853.737339
854.213463
854.623702
854.967076
855.242762
855.450104
855.588607
855.657941
855.657941
855.588607
855.450104
855.242762
854.967076
854.623702
854.213463
853.737339
853.196471
852.592157
852.557916
853.161400
853.701526
854.176997
854.586675
854.929578
855.204887
855.411946
855.550259
855.619499
855.619499
855.550259
855.411946
855.204887
854.929578
854.586675
854.176997
853.701526
853.161400
852.557916
852.523722
853.126378
853.665763
854.140582
854.549698
854.892132
855.167065
855.373840
855.511965
855.581109
855.581109
855.511965
855.373840
855.167065
854.892132
854.549698
854.140582
853.665763
853.126378
852.523722
852.489576
853.091404
853.630049
854.104217
854.512772
854.854737
855.129294
855.335786
855.473722
855.542772
855.542772
855.473722
855.335786
855.129294
854.854737
854.512772
854.104217
853.630049
853.091404
852.489576
852.455476
853.056478
853.594384
854.067902
854.475898
854.817394
855.091575
855.297785
855.435533
855.504488
855.504488
855.435533
855.297785
855.091575
854.817394
854.475898
854.067902
853.594384
853.056478
852.455476
852.421423
853.021601
853.558768
854.031637
854.439074
854.780103
855.053908
855.259836
855.397395
855.466257
855.466257
855.397395
855.259836
855.053908
854.780103
854.439074
854.031637
853.558768
853.021601
852.421423
852.387418
852.986771
853.523202
853.995423
854.402301
854.742863
855.016294
855.221940
855.359311
855.428078
855.428078
855.359311
855.221940
855.016294
854.742863
854.402301
853.995423
853.523202
852.986771
852.387418
852.353459
852.951990
853.487685
853.959258
854.365579
854.705674
854.978731
855.184095
855.321278
855.389952
855.389952
855.321278
855.184095
854.978731
854.705674
854.365579
853.959258
853.487685
852.951990
852.353459
852.319547
852.917257
853.452217
853.923143
854.328907
854.668537
854.941219
855.146303
855.283298
855.351877
855.351877
855.283298
855.146303
854.941219
854.668537
854.328907
853.923143
853.452217
852.917257
852.319547
852.285682
852.882571
853.416798
853.887078
854.292286
854.631450
854.903760
855.108563
855.245370
855.313856
855.313856
855.245370
855.108563
854.903760
854.631450
854.292286
853.887078
853.416798
852.882571
852.285682
852.251863
852.847934
853.381427
853.851063
854.255716
854.594415
854.866351
855.070874
855.207494
855.275886
855.275886
855.207494
855.070874
854.866351
854.594415
854.255716
853.851063
853.381427
852.847934
852.251863
852.218091
852.813344
853.346106
853.815098
854.219195
854.557431
854.828995
855.033237
855.169671
855.237969
855.237969
855.169671
855.033237
854.828995
854.557431
854.219195
853.815098
853.346106
852.813344
852.218091
852.184366
852.778802
853.310833
853.779182
854.182726
854.520498
854.791690
854.995653
855.131899
855.200104
855.200104
855.131899
854.995653
854.791690
854.520498
854.182726
853.779182
853.310833
852.778802
852.184366
852.150687
852.744307
853.275609
853.743315
854.146306
854.483615
854.754436
854.958120
855.094180
855.162291
855.162291
855.094180
854.958120
854.754436
854.483615
854.146306
853.743315
853.275609
852.744307
852.150687
852.117054
852.709860
853.240433
853.707498
854.109937
854.446784
854.717233
854.920638
855.056512
855.124530
855.124530
855.056512
854.920638
854.717233
854.446784
854.109937
853.707498
853.240433
852.709860
852.117054
852.083468
852.675461
853.205306
853.671731
854.073618
854.410003
854.680082
854.883208
855.018896
855.086821
855.086821
855.018896
854.883208
854.680082
854.410003
854.073618
853.671731
853.205306
852.675461
852.083468
852.049927
852.641108
853.170227
853.636012
854.037348
854.373273
854.642982
854.845830
854.981332
855.049164
855.049164
854.981332
854.845830
854.642982
854.373273
854.037348
853.636012
853.170227
852.641108
852.049927
852.016433
852.606803
853.135196
853.600343
854.001129
854.336593
854.605933
854.808503
854.943819
855.011559
855.011559
854.943819
854.808503
854.605933
854.336593
854.001129
853.600343
853.135196
852.606803
852.016433
851.982985
852.572546
853.100214
853.564723
853.964960
854.299964
854.568935
854.771228
854.906359
854.974005
854.974005
854.906359
854.771228
854.568935
854.299964
853.964960
853.564723
853.100214
852.572546
851.982985
851.949583
852.538335
853.065280
853.529152
853.928840
854.263386
854.531988
854.734003
854.868949
854.936503
854.936503
854.868949
854.734003
854.531988
854.263386
853.928840
853.529152
853.065280
852.538335
851.949583
851.916227
852.504171
853.030394
853.493630
853.892770
854.226858
854.495092
854.696830
854.831592
854.899053
854.899053
854.831592
854.696830
854.495092
854.226858
853.892770
853.493630
853.030394
852.504171
851.916227
851.882916
852.470055
852.995556
853.458157
853.856750
854.190380
854.458246
854.659709
854.794285
854.861654
854.861654
854.794285
854.659709
854.458246
854.190380
853.856750
853.458157
852.995556
852.470055
851.882916
851.849652
852.435985
852.960765
853.422733
853.820780
854.153952
854.421451
854.622638
854.757030
854.824307
854.824307
854.757030
854.622638
854.421451
854.153952
853.820780
853.422733
852.960765
852.435985
851.849652
851.816433
852.401962
852.926023
853.387357
853.784859
854.117574
854.384707
854.585618
854.719827
854.787011
854.787011
854.719827
854.585618
854.384707
854.117574
853.784859
853.387357
852.926023
852.401962
851.816433
851.783259
852.367986
852.891329
853.352031
853.748987
854.081247
854.348014
854.548650
854.682674
854.749766
854.749766
854.682674
854.548650
854.348014
854.081247
853.748987
853.352031
852.891329
852.367986
851.783259
851.750131
852.334057
852.856682
853.316752
853.713165
854.044969
854.311371
854.511732
854.645573
854.712573
854.712573
854.645573
854.511732
854.311371
854.044969
853.713165
853.316752
852.856682
852.334057
851.750131
851.717049
852.300174
852.822083
853.281523
853.677392
854.008742
854.274778
854.474865
854.608522
854.675431
854.675431
854.608522
854.474865
854.274778
854.008742
853.677392
853.281523
852.822083
852.300174
851.717049
851.684012
852.266338
852.787531
853.246342
853.641668
853.972564
854.238236
854.438049
854.571523
854.638340
854.638340
854.571523
854.438049
854.238236
853.972564
853.641668
853.246342
852.787531
852.266338
851.684012
851.651020
852.232548
852.753027
853.211209
853.605994
853.936436
854.201744
854.401283
854.534575
854.601300
854.601300
854.534575
854.401283
854.201744
853.936436
853.605994
853.211209
852.753027
852.232548
851.651020
851.618074
852.198805
852.718571
853.176124
853.570369
853.900358
854.165303
854.364568
854.497677
854.564311
854.564311
854.497677
854.364568
854.165303
853.900358
853.570369
853.176124
852.718571
852.198805
851.618074
851.585173
852.165108
852.684161
853.141088
853.534792
853.864330
854.128911
854.327904
854.460830
854.527373
854.527373
854.460830
854.327904
854.128911
853.864330
853.534792
853.141088
852.684161
852.165108
851.585173
851.552317
852.131457
852.649799
853.106100
853.499265
853.828351
854.092570
854.291290
854.424034
854.490486
854.490486
854.424034
854.291290
854.092570
853.828351
853.499265
853.106100
852.649799
852.131457
851.552317
851.519506
852.097852
852.615485
853.071160
853.463786
853.792421
854.056278
854.254726
854.387289
854.453649
854.453649
854.387289
854.254726
854.056278
853.792421
853.463786
853.071160
852.615485
852.097852
851.519506
851.486740
852.064294
852.581217
853.036268
853.428356
853.756541
854.020037
854.218213
854.350594
854.416864
854.416864
854.350594
854.218213
854.020037
853.756541
853.428356
853.036268
852.581217
852.064294
851.486740
851.454019
852.030782
852.546996
853.001424
853.392975
853.720711
853.983845
854.181750
854.313949
854.380129
854.380129
854.313949
854.181750
853.983845
853.720711
853.392975
853.001424
852.546996
852.030782
851.454019
851.421343
851.997315
852.512823
852.966628
853.357643
853.684929
853.947704
854.145337
854.277355
854.343444
854.343444
854.277355
854.145337
853.947704
853.684929
853.357643
852.966628
852.512823
851.997315
851.421343
851.388711
851.963895
852.478696
852.931880
853.322359
853.649197
853.911611
854.108974
854.240812
854.306810
854.306810
854.240812
854.108974
853.911611
853.649197
853.322359
852.931880
852.478696
851.963895
851.388711
851.356124
851.930520
852.444617
852.897179
853.287123
853.613514
853.875569
854.072661
854.204319
854.270226
854.270226
854.204319
854.072661
853.875569
853.613514
853.287123
852.897179
852.444617
851.930520
851.356124
851.323582
851.897192
852.410584
852.862527
853.251937
853.577880
853.839576
854.036398
854.167876
854.233693
854.233693
854.167876
854.036398
853.839576
853.577880
853.251937
852.862527
852.410584
851.897192
851.323582
851.291085
851.863909
852.376597
852.827921
853.216798
853.542295
853.803633
854.000186
854.131483
854.197210
854.197210
854.131483
854.000186
853.803633
853.542295
853.216798
852.827921
852.376597
851.863909
851.291085
851.258632
851.830671
852.342658
852.793364
853.181708
853.506759
853.767739
853.964022
854.095140
854.160777
854.160777
854.095140
853.964022
853.767739
853.506759
853.181708
852.793364
852.342658
851.830671
851.258632
851.226224
851.797479
852.308765
852.758854
853.146666
853.471272
853.731894
853.927909
854.058847
854.124394
854.124394
854.058847
853.927909
853.731894
853.471272
853.146666
852.758854
852.308765
851.797479
851.226224
851.193859
851.764333
852.274919
852.724391
853.111672
853.435834
853.696099
853.891845
854.022604
854.088061
854.088061
854.022604
853.891845
853.696099
853.435834
853.111672
852.724391
852.274919
851.764333
851.193859
851.161540
851.731232
852.241119
852.689975
853.076726
853.400444
853.660353
853.855831
853.986411
854.051779
854.051779
853.986411
853.855831
853.660353
853.400444
853.076726
852.689975
852.241119
851.731232
851.161540
851.129264
851.698177
852.207365
852.655607
853.041828
853.365103
853.624656
853.819867
853.950267
854.015546
854.015546
853.950267
853.819867
853.624656
853.365103
853.041828
852.655607
852.207365
851.698177
851.129264
851.097033
851.665167
852.173658
852.621286
853.006979
853.329811
853.589009
853.783952
853.914174
853.979363
853.979363
853.914174
853.783952
853.589009
853.329811
853.006979
852.621286
852.173658
851.665167
851.097033
851.064846
851.632202
852.139997
852.587012
852.972177
853.294567
853.553410
853.748086
853.878130
853.943230
853.943230
853.878130
853.748086
853.553410
853.294567
852.972177
852.587012
852.139997
851.632202
851.064846
851.032703
851.599282
852.106382
852.552786
852.937423
853.259371
853.517860
853.712270
853.842136
853.907146
853.907146
853.842136
853.712270
853.517860
853.259371
852.937423
852.552786
852.106382
851.599282
851.032703
851.000604
851.566408
852.072813
852.518606
852.902716
853.224224
853.482359
853.676503
853.806191
853.871112
853.871112
853.806191
853.676503
853.482359
853.224224
852.902716
852.518606
852.072813
851.566408
851.000604
850.968549
851.533578
852.039291
852.484473
852.868058
853.189125
853.446907
853.640785
853.770295
853.835128
853.835128
853.770295
853.640785
853.446907
853.189125
852.868058
852.484473
852.039291
851.533578
850.968549
850.936537
851.500793
852.005814
852.450387
852.833447
853.154075
853.411503
853.605116
853.734449
853.799193
853.799193
853.734449
853.605116
853.411503
853.154075
852.833447
852.450387
852.005814
851.500793
850.936537
850.904570
851.468054
851.972383
852.416348
852.798883
853.119072
853.376149
853.569496
853.698652
853.763308
853.763308
853.698652
853.569496
853.376149
853.119072
852.798883
852.416348
851.972383
851.468054
850.904570
850.872646
851.435359
851.938998
852.382355
852.764367
853.084118
853.340843
853.533926
853.662905
853.727472
853.727472
853.662905
853.533926
853.340843
853.084118
852.764367
852.382355
851.938998
851.435359
850.872646
850.840766
851.402709
851.905659
852.348409
852.729898
853.049212
853.305585
853.498404
853.627206
853.691685
853.691685
853.627206
853.498404
853.305585
853.049212
852.729898
852.348409
851.905659
851.402709
850.840766
850.808930
851.370104
851.872366
852.314510
852.695477
853.014354
853.270376
853.462931
853.591557
853.655947
853.655947
853.591557
853.462931
853.270376
853.014354
852.695477
852.314510
851.872366
851.370104
850.808930
850.777137
851.337543
851.839118
852.280657
852.661103
852.979543
853.235215
853.427506
853.555957
853.620259
853.620259
853.555957
853.427506
853.235215
852.979543
852.661103
852.280657
851.839118
851.337543
850.777137
850.745388
851.305027
851.805916
852.246851
852.626776
852.944780
853.200102
853.392131
853.520405
853.584620
853.584620
853.520405
853.392131
853.200102
852.944780
852.626776
852.246851
851.805916
851.305027
850.745388
850.713682
851.272556
851.772759
852.213091
852.592496
852.910066
853.165038
853.356804
853.484903
853.549029
853.549029
853.484903
853.356804
853.165038
852.910066
852.592496
852.213091
851.772759
851.272556
850.713682
850.682020
851.240129
851.739648
852.179377
852.558264
852.875398
853.130022
853.321525
853.449449
853.513488
853.513488
853.449449
853.321525
853.130022
852.875398
852.558264
852.179377
851.739648
851.240129
850.682020
850.650401
851.207747
851.706582
852.145710
852.524078
852.840779
853.095054
853.286295
853.414044
853.477995
853.477995
853.414044
853.286295
853.095054
852.840779
852.524078
852.145710
851.706582
851.207747
850.650401
850.618825
851.175408
851.673561
852.112089
852.489939
852.806207
853.060134
853.251114
853.378688
853.442551
853.442551
853.378688
853.251114
853.060134
852.806207
852.489939
852.112089
851.673561
851.175408
850.618825
850.587292
851.143114
851.640586
852.078514
852.455847
852.771682
853.025262
853.215980
853.343380
853.407156
853.407156
853.343380
853.215980
853.025262
852.771682
852.455847
852.078514
851.640586
851.143114
850.587292
850.555802
851.110865
851.607656
852.044985
852.421802
852.737205
852.990438
853.180896
853.308121
853.371810
853.371810
853.308121
853.180896
852.990438
852.737205
852.421802
852.044985
851.607656
851.110865
850.555802
850.524356
851.078659
851.574771
852.011502
852.387803
852.702775
852.955662
853.145859
853.272910
853.336512
853.336512
853.272910
853.145859
852.955662
852.702775
852.387803
852.011502
851.574771
851.078659
850.524356
850.492952
851.046498
851.541931
851.978064
852.353852
852.668392
852.920934
853.110870
853.237748
853.301262
853.301262
853.237748
853.110870
852.920934
852.668392
852.353852
851.978064
851.541931
851.046498
850.492952
850.461592
851.014380
851.509136
851.944673
852.319946
852.634057
852.886253
853.075930
853.202634
853.266061
853.266061
853.202634
853.075930
852.886253
852.634057
852.319946
851.944673
851.509136
851.014380
850.461592
850.430274
850.982307
851.476386
851.911328
852.286088
852.599769
852.851620
853.041037
853.167568
853.230909
853.230909
853.167568
853.041037
852.851620
852.599769
852.286088
851.911328
851.476386
850.982307
850.430274
850.398999
850.950277
851.443681
851.878028
852.252275
852.565528
852.817034
853.006192
853.132550
853.195804
853.195804
853.132550
853.006192
852.817034
852.565528
852.252275
851.878028
851.443681
850.950277
850.398999
850.367767
850.918291
851.411021
851.844774
852.218510
852.531333
852.782496
852.971396
853.097580
853.160748
853.160748
853.097580
852.971396
852.782496
852.531333
852.218510
851.844774
851.411021
850.918291
850.367767
850.336577
850.886349
851.378405
851.811565
852.184790
852.497186
852.748005
852.936647
853.062659
853.125740
853.125740
853.062659
852.936647
852.748005
852.497186
852.184790
851.811565
851.378405
850.886349
850.336577
850.305430
850.854451
851.345834
851.778402
852.151117
852.463086
852.713562
852.901945
853.027785
853.090781
853.090781
853.027785
852.901945
852.713562
852.463086
852.151117
851.778402
851.345834
850.854451
850.305430
850.274326
850.822596
851.313308
851.745284
852.117490
852.429032
852.679166
852.867292
852.992960
853.055869
853.055869
852.992960
852.867292
852.679166
852.429032
852.117490
851.745284
851.313308
850.822596
850.274326
850.243264
850.790785
851.280826
851.712212
852.083909
852.395025
852.644817
852.832686
852.958182
853.021005
853.021005
852.958182
852.832686
852.644817
852.395025
852.083909
851.712212
851.280826
850.790785
850.243264
850.212245
850.759018
851.248389
851.679185
852.050374
852.361065
852.610515
852.798127
852.923452
852.986189
852.986189
852.923452
852.798127
852.610515
852.361065
852.050374
851.679185
851.248389
850.759018
850.212245
850.181268
850.727294
851.215996
851.646204
852.016885
852.327151
852.576260
852.763616
852.888769
852.951421
852.951421
852.888769
852.763616
852.576260
852.327151
852.016885
851.646204
851.215996
850.727294
850.181268
850.150334
850.695613
851.183648
851.613267
851.983442
852.293284
852.542053
852.729152
852.854134
852.916700
852.916700
852.854134
852.729152
852.542053
852.293284
851.983442
851.613267
851.183648
850.695613
850.150334
850.119441
850.663976
851.151343
851.580376
851.950044
852.259463
852.507892
852.694736
852.819547
852.882028
852.882028
852.819547
852.694736
852.507892
852.259463
851.950044
851.580376
851.151343
850.663976
850.119441
850.088591
850.632382
851.119083
851.547530
851.916693
852.225689
852.473778
852.660367
852.785007
852.847402
852.847402
852.785007
852.660367
852.473778
852.225689
851.916693
851.547530
851.119083
850.632382
850.088591
850.057783
850.600831
851.086868
851.514728
851.883387
852.191961
852.439711
852.626045
852.750515
852.812825
852.812825
852.750515
852.626045
852.439711
852.191961
851.883387
851.514728
851.086868
850.600831
850.057783
850.027017
850.569323
851.054696
851.481972
851.850127
852.158279
852.405691
852.591770
852.716070
852.778295
852.778295
852.716070
852.591770
852.405691
852.158279
851.850127
851.481972
851.054696
850.569323
850.027017
849.996293
850.537858
851.022568
851.449260
851.816913
852.124644
852.371717
852.557542
852.681672
852.743812
852.743812
852.681672
852.557542
852.371717
852.124644
851.816913
851.449260
851.022568
850.537858
849.996293
849.965611
850.506437
850.990484
851.416594
851.783744
852.091054
852.337790
852.523361
852.647322
852.709376
852.709376
852.647322
852.523361
852.337790
852.091054
851.783744
851.416594
850.990484
850.506437
849.965611
849.934971
850.475058
850.958445
851.383972
851.750620
852.057511
852.303910
852.489227
852.613018
852.674988
852.674988
852.613018
852.489227
852.303910
852.057511
851.750620
851.383972
850.958445
850.475058
849.934971
849.904373
850.443722
850.926448
851.351395
851.717542
852.024014
852.270076
852.455140
852.578762
852.640647
852.640647
852.578762
852.455140
852.270076
852.024014
851.717542
851.351395
850.926448
850.443722
849.904373
849.873817
850.412429
850.894496
851.318862
851.684509
851.990562
852.236288
852.421099
852.544553
852.606353
852.606353
852.544553
852.421099
852.236288
851.990562
851.684509
851.318862
850.894496
850.412429
849.873817
849.843302
850.381179
850.862588
851.286374
851.651522
851.957157
852.202547
852.387105
852.510390
852.572107
852.572107
852.510390
852.387105
852.202547
851.957157
851.651522
851.286374
850.862588
850.381179
849.843302
849.812829
850.349972
850.830723
851.253930
851.618579
851.923797
852.168852
852.353158
852.476275
852.537907
852.537907
852.476275
852.353158
852.168852
851.923797
851.618579
851.253930
850.830723
850.349972
849.812829
849.782398
850.318807
850.798902
851.221531
851.585682
851.890483
852.135203
852.319258
852.442206
852.503754
852.503754
852.442206
852.319258
852.135203
851.890483
851.585682
851.221531
850.798902
850.318807
849.782398
849.752008
850.287685
850.767124
851.189176
851.552830
851.857214
852.101601
852.285404
852.408184
852.469648
852.469648
852.408184
852.285404
852.101601
851.857214
851.552830
851.189176
850.767124
850.287685
849.752008
849.721659
850.256605
850.735390
851.156865
851.520023
851.823991
852.068044
852.251596
852.374209
852.435589
852.435589
852.374209
852.251596
852.068044
851.823991
851.520023
851.156865
850.735390
850.256605
849.721659
849.691353
850.225568
850.703699
851.124599
851.487260
851.790814
852.034533
852.217835
852.340280
852.401576
852.401576
852.340280
852.217835
852.034533
851.790814
851.487260
851.124599
850.703699
850.225568
849.691353
849.661087
850.194573
850.672051
851.092377
851.454543
851.757682
852.001069
852.184120
852.306398
852.367610
852.367610
852.306398
852.184120
852.001069
851.757682
851.454543
851.092377
850.672051
850.194573
849.661087
849.630863
850.163620
850.640447
851.060199
851.421871
851.724596
851.967650
852.150451
852.272562
852.333691
852.333691
852.272562
852.150451
851.967650
851.724596
851.421871
851.060199
850.640447
850.163620
849.630863
849.600680
850.132710
850.608886
851.028065
851.389243
851.691555
851.934277
852.116829
852.238773
852.299818
852.299818
852.238773
852.116829
851.934277
851.691555
851.389243
851.028065
850.608886
850.132710
849.600680
849.570538
850.101842
850.577368
850.995975
851.356660
851.658559
851.900950
852.083252
852.205030
852.265992
852.265992
852.205030
852.083252
851.900950
851.658559
851.356660
850.995975
850.577368
850.101842
849.570538
849.540437
850.071017
850.545893
850.963929
851.324121
851.625608
851.867668
852.049722
852.171333
852.232212
852.232212
852.171333
852.049722
851.867668
851.625608
851.324121
850.963929
850.545893
850.071017
849.540437
849.510377
850.040233
850.514461
850.931926
851.291627
851.592703
851.834432
852.016237
852.137683
852.198478
852.198478
852.137683
852.016237
851.834432
851.592703
851.291627
850.931926
850.514461
850.040233
849.510377
849.480359
850.009491
850.483073
850.899968
851.259178
851.559842
851.801242
851.982799
852.104079
852.164791
852.164791
852.104079
851.982799
851.801242
851.559842
851.259178
850.899968
850.483073
850.009491
849.480359
849.450381
849.978792
850.451727
850.868053
851.226773
851.527027
851.768097
851.949406
852.070520
852.131150
852.131150
852.070520
851.949406
851.768097
851.527027
851.226773
850.868053
850.451727
849.978792
849.450381
849.420444
849.948134
850.420424
850.836182
851.194412
851.494256
851.734998
851.916059
852.037008
852.097555
852.097555
852.037008
851.916059
851.734998
851.494256
851.194412
850.836182
850.420424
849.948134
849.420444
849.390548
849.917518
850.389163
850.804354
851.162096
851.461531
851.701943
851.882758
852.003542
852.064006
852.064006
852.003542
851.882758
851.701943
851.461531
851.162096
850.804354
850.389163
849.917518
849.390548
849.360693
849.886944
850.357946
850.772570
851.129823
851.428850
851.668934
851.849502
851.970121
852.030503
852.030503
851.970121
851.849502
851.668934
851.428850
851.129823
850.772570
850.357946
849.886944
849.360693
849.330879
849.856412
850.326771
850.740830
851.097595
851.396214
851.635971
851.816292
851.936746
851.997046
851.997046
851.936746
851.816292
851.635971
851.396214
851.097595
850.740830
850.326771
849.856412
849.330879
849.301105
849.825921
850.295639
850.709132
851.065411
851.363623
851.603052
851.783128
851.903417
851.963634
851.963634
851.903417
851.783128
851.603052
851.363623
851.065411
850.709132
850.295639
849.825921
849.301105
849.271372
849.795472
850.264549
850.677479
851.033272
851.331076
851.570179
851.750008
851.870134
851.930269
851.930269
851.870134
851.750008
851.570179
851.331076
851.033272
850.677479
850.264549
849.795472
849.271372
849.241679
849.765065
850.233502
850.645868
851.001176
851.298574
851.537351
851.716935
851.836897
851.896949
851.896949
851.836897
851.716935
851.537351
851.298574
851.001176
850.645868
850.233502
849.765065
849.241679
849.212027
849.734699
850.202497
850.614301
850.969124
851.266116
851.504567
851.683906
851.803704
851.863675
851.863675
851.803704
851.683906
851.504567
851.266116
850.969124
850.614301
850.202497
849.734699
849.212027
849.182416
849.704374
850.171535
850.582777
850.937116
851.233703
851.471829
851.650923
851.770558
851.830447
851.830447
851.770558
851.650923
851.471829
851.233703
850.937116
850.582777
850.171535
849.704374
849.182416
849.152844
849.674091
850.140614
850.551296
850.905151
851.201334
851.439135
851.617985
851.737457
851.797264
851.797264
851.737457
851.617985
851.439135
851.201334
850.905151
850.551296
850.140614
849.674091
849.152844
849.123313
849.643850
850.109736
850.519858
850.873231
851.169009
851.406486
851.585092
851.704401
851.764126
851.764126
851.704401
851.585092
851.406486
851.169009
850.873231
850.519858
850.109736
849.643850
849.123313
849.093822
849.613649
850.078901
850.488463
850.841354
851.136729
851.373882
851.552244
851.671390
851.731034
851.731034
851.671390
851.552244
851.373882
851.136729
850.841354
850.488463
850.078901
849.613649
849.093822
849.064372
849.583490
850.048107
850.457111
850.809520
851.104493
851.341322
851.519441
851.638425
851.697988
851.697988
851.638425
851.519441
851.341322
851.104493
850.809520
850.457111
850.048107
849.583490
849.064372
849.034962
849.553372
850.017356
850.425801
850.777730
851.072301
851.308807
851.486683
851.605504
851.664986
851.664986
851.605504
851.486683
851.308807
851.072301
850.777730
850.425801
850.017356
849.553372
849.034962
849.005591
849.523295
849.986646
850.394535
850.745984
851.040153
851.276336
851.453970
851.572629
851.632030
851.632030
851.572629
851.453970
851.276336
851.040153
850.745984
850.394535
849.986646
849.523295
849.005591
848.976261
849.493259
849.955978
850.363311
850.714281
851.008049
851.243910
851.421302
851.539799
851.599119
851.599119
851.539799
851.421302
851.243910
851.008049
850.714281
850.363311
849.955978
849.493259
848.976261
848.946971
849.463264
849.925353
850.332130
850.682622
850.975989
851.211529
851.388678
851.507014
851.566253
851.566253
851.507014
851.388678
851.211529
850.975989
850.682622
850.332130
849.925353
849.463264
848.946971
848.917720
849.433310
849.894769
850.300992
850.651005
850.943972
851.179191
851.356099
851.474274
851.533432
851.533432
851.474274
851.356099
851.179191
850.943972
850.651005
850.300992
849.894769
849.433310
848.917720
848.888510
849.403396
849.864226
850.269896
850.619432
850.912000
851.146898
851.323565
851.441578
851.500656
851.500656
851.441578
851.323565
851.146898
850.912000
850.619432
850.269896
849.864226
849.403396
848.888510
848.859339
849.373524
849.833726
850.238842
850.587902
850.880071
851.114649
851.291075
851.408928
851.467924
851.467924
851.408928
851.291075
851.114649
850.880071
850.587902
850.238842
849.833726
849.373524
848.859339
848.830208
849.343692
849.803267
850.207831
850.556416
850.848186
851.082444
851.258630
851.376322
851.435238
851.435238
851.376322
851.258630
851.082444
850.848186
850.556416
850.207831
849.803267
849.343692
848.830208
848.801117
849.313901
849.772850
850.176863
850.524972
850.816345
851.050284
851.226229
851.343760
851.402596
851.402596
851.343760
851.226229
851.050284
850.816345
850.524972
850.176863
849.772850
849.313901
848.801117
848.772065
849.284151
849.742474
850.145936
850.493571
850.784547
851.018167
851.193872
851.311243
851.369999
851.369999
851.311243
851.193872
851.018167
850.784547
850.493571
850.145936
849.742474
849.284151
848.772065
848.743053
849.254441
849.712140
850.115052
850.462213
850.752792
850.986094
851.161560
851.278771
851.337447
851.337447
851.278771
851.161560
850.986094
850.752792
850.462213
850.115052
849.712140
849.254441
848.743053
848.714081
849.224772
849.681847
850.084210
850.430898
850.721081
850.954065
851.129292
851.246343
851.304939
851.304939
851.246343
851.129292
850.954065
850.721081
850.430898
850.084210
849.681847
849.224772
848.714081
848.685148
849.195143
849.651596
850.053411
850.399626
850.689414
850.922080
851.097068
851.213960
851.272476
851.272476
851.213960
851.097068
850.922080
850.689414
850.399626
850.053411
849.651596
849.195143
848.685148
848.656254
849.165555
849.621385
850.022653
850.368397
850.657789
850.890139
851.064888
851.181621
851.240057
851.240057
851.181621
851.064888
850.890139
850.657789
850.368397
850.022653
849.621385
849.165555
848.656254
848.627400
849.136007
849.591216
849.991937
850.337210
850.626208
850.858241
851.032752
851.149326
851.207682
851.207682
851.149326
851.032752
850.858241
850.626208
850.337210
849.991937
849.591216
849.136007
848.627400
848.598585
849.106499
849.561088
849.961263
850.306066
850.594670
850.826387
851.000661
851.117075
851.175352
851.175352
851.117075
851.000661
850.826387
850.594670
850.306066
849.961263
849.561088
849.106499
848.598585
848.569809
849.077032
849.531002
849.930631
850.274964
850.563176
850.794576
850.968613
851.084869
851.143066
851.143066
851.084869
850.968613
850.794576
850.563176
850.274964
849.930631
849.531002
849.077032
848.569809
848.541072
849.047604
849.500956
849.900041
850.243905
850.531724
850.762809
850.936608
851.052706
851.110824
851.110824
851.052706
850.936608
850.762809
850.531724
850.243905
849.900041
849.500956
849.047604
848.541072
848.512375
849.018217
849.470951
849.869493
850.212888
850.500315
850.731086
850.904648
851.020587
851.078627
851.078627
851.020587
850.904648
850.731086
850.500315
850.212888
849.869493
849.470951
849.018217
848.512375
848.483716
848.988870
849.440987
849.838987
850.181914
850.468949
850.699405
850.872731
850.988513
851.046473
851.046473
850.988513
850.872731
850.699405
850.468949
850.181914
849.838987
849.440987
848.988870
848.483716
848.455097
848.959563
849.411065
849.808522
850.150982
850.437626
850.667769
850.840859
850.956482
851.014363
851.014363
850.956482
850.840859
850.667769
850.437626
850.150982
849.808522
849.411065
848.959563
848.455097
848.426517
848.930295
849.381182
849.778098
850.120092
850.406346
850.636175
850.809029
850.924495
850.982297
850.982297
850.924495
850.809029
850.636175
850.406346
850.120092
849.778098
849.381182
848.930295
848.426517
848.397975
848.901068
849.351341
849.747716
850.089245
850.375109
850.604624
850.777243
850.892552
850.950276
850.950276
850.892552
850.777243
850.604624
850.375109
850.089245
849.747716
849.351341
848.901068
848.397975
848.369473
848.871880
849.321541
849.717376
850.058439
850.343914
850.573117
850.745501
850.860653
850.918298
850.918298
850.860653
850.745501
850.573117
850.343914
850.058439
849.717376
849.321541
848.871880
848.369473
848.341009
848.842733
849.291781
849.687077
850.027676
850.312762
850.541653
850.713802
850.828797
850.886363
850.886363
850.828797
850.713802
850.541653
850.312762
850.027676
849.687077
849.291781
848.842733
848.341009
848.312584
848.813625
849.262061
849.656819
849.996955
850.281652
850.510232
850.682146
850.796985
850.854472
850.854472
850.796985
850.682146
850.510232
850.281652
849.996955
849.656819
849.262061
848.813625
848.312584
848.284197
848.784556
849.232382
849.626603
849.966275
850.250585
850.478853
850.650534
850.765216
850.822625
850.822625
850.765216
850.650534
850.478853
850.250585
849.966275
849.626603
849.232382
848.784556
848.284197
848.255850
848.755527
849.202744
849.596428
849.935638
850.219561
850.447518
850.618965
850.733490
850.790822
850.790822
850.733490
850.618965
850.447518
850.219561
849.935638
849.596428
849.202744
848.755527
848.255850
848.227540
848.726538
849.173146
849.566294
849.905042
850.188578
850.416225
850.587438
850.701808
850.759062
850.759062
850.701808
850.587438
850.416225
850.188578
849.905042
849.566294
849.173146
848.726538
848.227540
848.199270
848.697588
849.143588
849.536201
849.874488
850.157638
850.384975
850.555956
850.670170
850.727345
850.727345
850.670170
850.555956
850.384975
850.157638
849.874488
849.536201
849.143588
848.697588
848.199270
848.171038
848.668678
849.114071
849.506150
849.843976
850.126741
850.353768
850.524516
850.638574
850.695672
850.695672
850.638574
850.524516
850.353768
850.126741
849.843976
849.506150
849.114071
848.668678
848.171038
848.142844
848.639807
849.084594
849.476139
849.813505
850.095885
850.322604
850.493119
850.607022
850.664042
850.664042
850.607022
850.493119
850.322604
850.095885
849.813505
849.476139
849.084594
848.639807
848.142844
848.114688
848.610975
849.055157
849.446169
849.783076
850.065072
850.291482
850.461765
850.575513
850.632455
850.632455
850.575513
850.461765
850.291482
850.065072
849.783076
849.446169
849.055157
848.610975
848.114688
848.086571
848.582183
849.025760
849.416240
849.752689
850.034301
850.260402
850.430453
850.544047
850.600912
850.600912
850.544047
850.430453
850.260402
850.034301
849.752689
849.416240
849.025760
848.582183
848.086571
848.058492
848.553430
848.996403
849.386352
849.722343
850.003571
850.229365
850.399185
850.512624
850.569411
850.569411
850.512624
850.399185
850.229365
850.003571
849.722343
849.386352
848.996403
848.553430
848.058492
848.030452
848.524716
848.967087
849.356505
849.692038
849.972884
850.198371
850.367959
850.481244
850.537954
850.537954
850.481244
850.367959
850.198371
849.972884
849.692038
849.356505
848.967087
848.524716
848.030452
848.002449
848.496041
848.937810
849.326698
849.661775
849.942239
850.167419
850.336776
850.449907
850.506540
850.506540
850.449907
850.336776
850.167419
849.942239
849.661775
849.326698
848.937810
848.496041
848.002449
847.974485
848.467405
848.908573
849.296932
849.631553
849.911635
850.136509
850.305636
850.418612
850.475168
850.475168
850.418612
850.305636
850.136509
849.911635
849.631553
849.296932
848.908573
848.467405
847.974485
847.946558
848.438808
848.879376
849.267207
849.601372
849.881073
850.105641
850.274538
850.387361
850.443839
850.443839
850.387361
850.274538
850.105641
849.881073
849.601372
849.267207
848.879376
848.438808
847.946558
847.918670
848.410250
848.850219
849.237522
849.571233
849.850553
850.074815
850.243482
850.356152
850.412554
850.412554
850.356152
850.243482
850.074815
849.850553
849.571233
849.237522
848.850219
848.410250
847.918670
847.890820
848.381731
848.821101
849.207877
849.541134
849.820075
850.044032
850.212469
850.324985
850.381311
850.381311
850.324985
850.212469
850.044032
849.820075
849.541134
849.207877
848.821101
848.381731
847.890820
847.863007
848.353251
848.792023
849.178273
849.511077
849.789638
850.013290
850.181499
850.293862
850.350110
850.350110
850.293862
850.181499
850.013290
849.789638
849.511077
849.178273
848.792023
848.353251
847.863007
847.835232
848.324809
848.762985
849.148710
849.481061
849.759243
849.982591
850.150570
850.262780
850.318952
850.318952
850.262780
850.150570
849.982591
849.759243
849.481061
849.148710
848.762985
848.324809
847.835232
847.807495
848.296407
848.733986
849.119186
849.451085
849.728889
849.951933
850.119684
850.231742
850.287837
850.287837
850.231742
850.119684
849.951933
849.728889
849.451085
849.119186
848.733986
848.296407
847.807495
847.779796
848.268042
848.705027
849.089703
849.421151
849.698577
849.921317
850.088840
850.200745
850.256765
850.256765
850.200745
850.088840
849.921317
849.698577
849.421151
849.089703
848.705027
848.268042
847.779796
847.752134
848.239717
848.676107
849.060261
849.391257
849.668306
849.890743
850.058039
850.169791
850.225734
850.225734
850.169791
850.058039
849.890743
849.668306
849.391257
849.060261
848.676107
848.239717
847.752134
847.724510
848.211430
848.647227
849.030858
849.361404
849.638076
849.860211
850.027279
850.138879
850.194746
850.194746
850.138879
850.027279
849.860211
849.638076
849.361404
849.030858
848.647227
848.211430
847.724510
847.696924
848.183181
848.618386
849.001495
849.331592
849.607888
849.829721
849.996561
850.108010
850.163801
850.163801
850.108010
849.996561
849.829721
849.607888
849.331592
849.001495
848.618386
848.183181
847.696924
847.669375
848.154971
848.589584
848.972172
849.301821
849.577740
849.799272
849.965885
850.077182
850.132898
850.132898
850.077182
849.965885
849.799272
849.577740
849.301821
848.972172
848.589584
848.154971
847.669375
847.641863
848.126800
848.560822
848.942890
849.272090
849.547634
849.768864
849.935251
850.046397
850.102037
850.102037
850.046397
849.935251
849.768864
849.547634
849.272090
848.942890
848.560822
848.126800
847.641863
847.614389
848.098666
848.532098
848.913647
849.242399
849.517569
849.738498
849.904659
850.015654
850.071218
850.071218
850.015654
849.904659
849.738498
849.517569
849.242399
848.913647
848.532098
848.098666
847.614389
847.586952
848.070571
848.503414
848.884444
849.212749
849.487545
849.708174
849.874109
849.984953
850.040441
850.040441
849.984953
849.874109
849.708174
849.487545
849.212749
848.884444
848.503414
848.070571
847.586952
847.559553
848.042515
848.474769
848.855281
849.183140
849.457562
849.677891
849.843600
849.954293
850.009706
850.009706
849.954293
849.843600
849.677891
849.457562
849.183140
848.855281
848.474769
848.042515
847.559553
847.532191
848.014496
848.446163
848.826157
849.153571
849.427620
849.647649
849.813133
849.923676
849.979013
849.979013
849.923676
849.813133
849.647649
849.427620
849.153571
848.826157
848.446163
848.014496
847.532191
847.504865
847.986515
848.417595
848.797074
849.124042
849.397718
849.617449
849.782707
849.893100
849.948362
849.948362
849.893100
849.782707
849.617449
849.397718
849.124042
848.797074
848.417595
847.986515
847.504865
847.477578
847.958573
848.389067
848.768029
849.094553
849.367858
849.587289
849.752323
849.862566
849.917753
849.917753
849.862566
849.752323
849.587289
849.367858
849.094553
848.768029
848.389067
847.958573
847.477578
847.450327
847.930668
848.360577
848.739025
849.065105
849.338038
849.557171
849.721981
849.832073
849.887185
849.887185
849.832073
849.721981
849.557171
849.338038
849.065105
848.739025
848.360577
847.930668
847.450327
847.423113
847.902802
848.332127
848.710060
849.035697
849.308259
849.527094
849.691680
849.801623
849.856660
849.856660
849.801623
849.691680
849.527094
849.308259
849.035697
848.710060
848.332127
847.902802
847.423113
847.395936
847.874973
848.303715
848.681134
849.006328
849.278520
849.497058
849.661420
849.771213
849.826176
849.826176
849.771213
849.661420
849.497058
849.278520
849.006328
848.681134
848.303715
847.874973
847.395936
847.368796
847.847182
848.275341
848.652248
848.977000
849.248822
849.467063
849.631202
849.740846
849.795733
849.795733
849.740846
849.631202
849.467063
849.248822
848.977000
848.652248
848.275341
847.847182
847.368796
847.341693
847.819429
848.247007
848.623401
848.947712
849.219164
849.437109
849.601024
849.710519
849.765332
849.765332
849.710519
849.601024
849.437109
849.219164
848.947712
848.623401
848.247007
847.819429
847.341693
847.314627
847.791714
848.218710
848.594593
848.918464
849.189547
849.407195
849.570888
849.680234
849.734973
849.734973
849.680234
849.570888
849.407195
849.189547
848.918464
848.594593
848.218710
847.791714
847.314627
847.287597
847.764036
848.190453
848.565825
848.889255
849.159970
849.377323
849.540793
849.649991
849.704655
849.704655
849.649991
849.540793
849.377323
849.159970
848.889255
848.565825
848.190453
847.764036
847.287597
847.260604
847.736396
848.162233
848.537096
848.860087
849.130434
849.347491
849.510739
849.619789
849.674378
849.674378
849.619789
849.510739
849.347491
849.130434
848.860087
848.537096
848.162233
847.736396
847.260604
847.233648
847.708794
848.134053
848.508406
848.830958
849.100938
849.317700
849.480726
849.589627
849.644143
849.644143
849.589627
849.480726
849.317700
849.100938
848.830958
848.508406
848.134053
847.708794
847.233648
847.206729
847.681229
848.105910
848.479755
848.801869
849.071482
849.287949
849.450754
849.559507
849.613949
849.613949
849.559507
849.450754
849.287949
849.071482
848.801869
848.479755
848.105910
847.681229
847.206729
847.179846
847.653702
848.077806
848.451143
848.772819
849.042066
849.258239
849.420823
849.529429
849.583796
849.583796
849.529429
849.420823
849.258239
849.042066
848.772819
848.451143
848.077806
847.653702
847.179846
847.152999
847.626212
848.049740
848.422569
848.743809
849.012690
849.228570
849.390933
849.499391
849.553684
849.553684
849.499391
849.390933
849.228570
849.012690
848.743809
848.422569
848.049740
847.626212
847.152999
847.126189
847.598759
848.021712
848.394035
848.714838
848.983354
849.198941
849.361083
849.469394
849.523614
849.523614
849.469394
849.361083
849.198941
848.983354
848.714838
848.394035
848.021712
847.598759
847.126189
847.099416
847.571344
847.993722
848.365540
848.685907
848.954058
849.169352
849.331274
849.439438
849.493584
849.493584
849.439438
849.331274
849.169352
848.954058
848.685907
848.365540
847.993722
847.571344
847.099416
847.072678
847.543966
847.965771
848.337083
848.657016
848.924803
849.139804
849.301506
849.409523
849.463595
849.463595
849.409523
849.301506
849.139804
848.924803
848.657016
848.337083
847.965771
847.543966
847.072678
847.045977
847.516625
847.937857
848.308666
848.628163
848.895587
849.110296
849.271778
849.379648
849.433648
849.433648
849.379648
849.271778
849.110296
848.895587
848.628163
848.308666
847.937857
847.516625
847.045977
847.019313
847.489321
847.909981
848.280286
848.599350
848.866410
849.080828
849.242091
849.349815
849.403741
849.403741
849.349815
849.242091
849.080828
848.866410
848.599350
848.280286
847.909981
847.489321
847.019313
846.992684
847.462055
847.882144
848.251946
848.570577
848.837274
849.051400
849.212445
849.320022
849.373874
849.373874
849.320022
849.212445
849.051400
848.837274
848.570577
848.251946
847.882144
847.462055
846.992684
846.966092
847.434825
847.854344
848.223644
848.541842
848.808177
849.022013
849.182838
849.290269
849.344049
849.344049
849.290269
849.182838
849.022013
848.808177
848.541842
848.223644
847.854344
847.434825
846.966092
846.939535
847.407633
847.826582
848.195380
848.513146
848.779120
848.992665
849.153272
849.260557
849.314264
849.314264
849.260557
849.153272
848.992665
848.779120
848.513146
848.195380
847.826582
847.407633
846.939535
846.913015
847.380477
847.798857
848.167155
848.484490
848.750102
848.963358
849.123747
849.230886
849.284520
849.284520
849.230886
849.123747
848.963358
848.750102
848.484490
848.167155
847.798857
847.380477
846.913015
846.886531
847.353358
847.771171
848.138969
848.455872
848.721124
848.934090
849.094261
849.201255
849.254816
849.254816
849.201255
849.094261
848.934090
848.721124
848.455872
848.138969
847.771171
847.353358
846.886531
846.860083
847.326276
847.743522
848.110820
848.427294
848.692186
848.904863
849.064816
849.171665
849.225153
849.225153
849.171665
849.064816
848.904863
848.692186
848.427294
848.110820
847.743522
847.326276
846.860083
846.833670
847.299231
847.715910
848.082710
848.398754
848.663287
848.875675
849.035411
849.142115
849.195530
849.195530
849.142115
849.035411
848.875675
848.663287
848.398754
848.082710
847.715910
847.299231
846.833670
846.807294
847.272223
847.688336
848.054639
848.370254
848.634427
848.846526
849.006046
849.112605
849.165948
849.165948
849.112605
849.006046
848.846526
848.634427
848.370254
848.054639
847.688336
847.272223
846.807294
846.780953
847.245251
847.660800
848.026605
848.341792
848.605606
848.817418
848.976721
849.083135
849.136406
849.136406
849.083135
848.976721
848.817418
848.605606
848.341792
848.026605
847.660800
847.245251
846.780953
846.754648
847.218316
847.633301
847.998610
848.313368
848.576825
848.788349
848.947436
849.053706
849.106904
849.106904
849.053706
848.947436
848.788349
848.576825
848.313368
847.998610
847.633301
847.218316
846.754648
846.728379
847.191418
847.605839
847.970652
848.284984
848.548083
848.759320
848.918191
849.024316
849.077442
849.077442
849.024316
848.918191
848.759320
848.548083
848.284984
847.970652
847.605839
847.191418
846.728379
846.702145
847.164556
847.578415
847.942733
848.256638
848.519380
848.730330
848.888986
848.994967
849.048021
849.048021
848.994967
848.888986
848.730330
848.519380
848.256638
847.942733
847.578415
847.164556
846.702145
846.675947
847.137730
847.551028
847.914852
848.228331
848.490716
848.701380
848.859820
848.965658
849.018640
849.018640
848.965658
848.859820
848.701380
848.490716
848.228331
847.914852
847.551028
847.137730
846.675947
846.649784
847.110941
847.523678
847.887008
848.200062
848.462091
848.672469
848.830694
848.936388
848.989298
848.989298
848.936388
848.830694
848.672469
848.462091
848.200062
847.887008
847.523678
847.110941
846.649784
846.623657
847.084189
847.496366
847.859203
848.171831
848.433505
848.643598
848.801608
848.907159
848.959997
848.959997
848.907159
848.801608
848.643598
848.433505
848.171831
847.859203
847.496366
847.084189
846.623657
846.597566
847.057472
847.469090
847.831435
848.143640
848.404958
848.614766
848.772562
848.877969
848.930735
848.930735
848.877969
848.772562
848.614766
848.404958
848.143640
847.831435
847.469090
847.057472
846.597566
846.571509
847.030792
847.441852
847.803705
848.115486
848.376450
848.585973
848.743555
848.848819
848.901514
848.901514
848.848819
848.743555
848.585973
848.376450
848.115486
847.803705
847.441852
847.030792
846.571509
846.545488
847.004148
847.414650
847.776012
848.087371
848.347980
848.557219
848.714587
848.819708
848.872332
848.872332
848.819708
848.714587
848.557219
848.347980
848.087371
847.776012
847.414650
847.004148
846.545488
846.519503
846.977541
847.387486
847.748358
848.059293
848.319550
848.528505
848.685659
848.790638
848.843190
848.843190
848.790638
848.685659
848.528505
848.319550
848.059293
847.748358
847.387486
846.977541
846.519503
846.493552
846.950969
847.360358
847.720741
848.031255
848.291158
848.499829
848.656771
848.761607
848.814088
848.814088
848.761607
848.656771
848.499829
848.291158
848.031255
847.720741
847.360358
846.950969
846.493552
846.467637
846.924433
847.333267
847.693161
848.003254
848.262805
848.471193
848.627921
848.732615
848.785025
848.785025
848.732615
848.627921
848.471193
848.262805
848.003254
847.693161
847.333267
846.924433
846.467637
846.441757
846.897934
847.306213
847.665619
847.975291
848.234490
848.442596
848.599111
848.703663
848.756002
848.756002
848.703663
848.599111
848.442596
848.234490
847.975291
847.665619
847.306213
846.897934
846.441757
846.415912
846.871470
847.279196
847.638114
847.947367
848.206214
848.414037
848.570340
848.674751
848.727018
848.727018
848.674751
848.570340
848.414037
848.206214
847.947367
847.638114
847.279196
846.871470
846.415912
846.390102
846.845043
847.252216
847.610647
847.919480
848.177976
848.385517
848.541609
848.645877
848.698074
848.698074
848.645877
848.541609
848.385517
848.177976
847.919480
847.610647
847.252216
846.845043
846.390102
846.364327
846.818651
847.225272
847.583217
847.891631
848.149776
848.357037
848.512916
848.617043
848.669169
848.669169
848.617043
848.512916
848.357037
848.149776
847.891631
847.583217
847.225272
846.818651
846.364327
846.338587
846.792295
847.198365
847.555824
847.863820
848.121616
848.328595
848.484263
848.588249
848.640304
848.640304
848.588249
848.484263
848.328595
848.121616
847.863820
847.555824
847.198365
846.792295
846.338587
846.312882
846.765975
847.171494
847.528469
847.836047
848.093493
848.300191
848.455648
848.559493
848.611478
848.611478
848.559493
848.455648
848.300191
848.093493
847.836047
847.528469
847.171494
846.765975
846.312882
846.287212
846.739690
847.144660
847.501151
847.808312
848.065408
848.271826
848.427073
848.530777
848.582691
848.582691
848.530777
848.427073
848.271826
848.065408
847.808312
847.501151
847.144660
846.739690
846.287212
846.261577
846.713442
847.117862
847.473870
847.780614
848.037362
848.243500
848.398536
848.502099
848.553943
848.553943
848.502099
848.398536
848.243500
848.037362
847.780614
847.473870
847.117862
846.713442
846.261577
846.235976
846.687228
847.091100
847.446626
847.752954
848.009354
848.215213
848.370038
848.473461
848.525234
848.525234
848.473461
848.370038
848.215213
848.009354
847.752954
847.446626
847.091100
846.687228
846.235976
846.210410
846.661051
847.064375
847.419418
847.725332
847.981384
848.186964
848.341579
848.444862
848.496565
848.496565
848.444862
848.341579
848.186964
847.981384
847.725332
847.419418
847.064375
846.661051
846.210410
846.184879
846.634909
847.037686
847.392248
847.697747
847.953452
848.158753
848.313159
848.416302
848.467935
848.467935
848.416302
848.313159
848.158753
847.953452
847.697747
847.392248
847.037686
846.634909
846.184879
846.159382
846.608802
847.011034
847.365115
847.670200
847.925558
848.130581
848.284777
848.387780
848.439343
848.439343
848.387780
848.284777
848.130581
847.925558
847.670200
847.365115
847.011034
846.608802
846.159382
846.133920
846.582731
846.984417
847.338019
847.642690
847.897702
848.102447
848.256434
848.359297
848.410790
848.410790
848.359297
848.256434
848.102447
847.897702
847.642690
847.338019
846.984417
846.582731
846.133920
846.108492
846.556695
846.957837
847.310959
847.615217
847.869884
848.074351
848.228130
848.330854
848.382277
848.382277
848.330854
848.228130
848.074351
847.869884
847.615217
847.310959
846.957837
846.556695
846.108492
846.083099
846.530694
846.931293
847.283936
847.587782
847.842104
848.046293
848.199864
848.302448
848.353802
848.353802
848.302448
848.199864
848.046293
847.842104
847.587782
847.283936
846.931293
846.530694
846.083099
846.057740
846.504729
846.904785
847.256950
847.560384
847.814361
848.018274
848.171636
848.274082
848.325366
848.325366
848.274082
848.171636
848.018274
847.814361
847.560384
847.256950
846.904785
846.504729
846.057740
846.032415
846.478799
846.878312
847.230001
847.533023
847.786656
847.990293
848.143447
848.245754
848.296968
848.296968
848.245754
848.143447
847.990293
847.786656
847.533023
847.230001
846.878312
846.478799
846.032415
846.007125
846.452904
846.851876
847.203088
847.505700
847.758989
847.962349
848.115296
848.217464
848.268609
848.268609
848.217464
848.115296
847.962349
847.758989
847.505700
847.203088
846.851876
846.452904
846.007125
845.981869
846.427044
846.825476
847.176212
847.478414
847.731359
847.934444
848.087184
848.189213
848.240289
848.240289
848.189213
848.087184
847.934444
847.731359
847.478414
847.176212
846.825476
846.427044
845.981869
845.956648
846.401219
846.799111
847.149372
847.451164
847.703767
847.906577
848.059110
848.161001
848.212007
848.212007
848.161001
848.059110
847.906577
847.703767
847.451164
847.149372
846.799111
846.401219
845.956648
845.931460
846.375429
846.772782
847.122568
847.423952
847.676212
847.878748
848.031073
848.132827
848.183764
848.183764
848.132827
848.031073
847.878748
847.676212
847.423952
847.122568
846.772782
846.375429
845.931460
845.906307
846.349675
846.746489
847.095801
847.396777
847.648695
847.850956
848.003076
848.104691
848.155559
848.155559
848.104691
848.003076
847.850956
847.648695
847.396777
847.095801
846.746489
846.349675
845.906307
845.881187
846.323955
846.720232
847.069071
847.369638
847.621216
847.823202
847.975116
848.076593
848.127393
848.127393
848.076593
847.975116
847.823202
847.621216
847.369638
847.069071
846.720232
846.323955
845.881187
845.856102
846.298270
846.694010
847.042376
847.342537
847.593773
847.795486
847.947194
848.048534
848.099264
848.099264
848.048534
847.947194
847.795486
847.593773
847.342537
847.042376
846.694010
846.298270
845.856102
845.831051
846.272619
846.667824
847.015718
847.315472
847.566368
847.767808
847.919310
848.020513
848.071174
848.071174
848.020513
847.919310
847.767808
847.566368
847.315472
847.015718
846.667824
846.272619
845.831051
845.806033
846.247004
846.641673
846.989096
847.288444
847.539000
847.740167
847.891464
847.992529
848.043123
848.043123
847.992529
847.891464
847.740167
847.539000
847.288444
846.989096
846.641673
846.247004
845.806033
845.781050
846.221423
846.615558
846.962511
847.261453
847.511670
847.712564
847.863656
847.964584
848.015109
848.015109
847.964584
847.863656
847.712564
847.511670
847.261453
846.962511
846.615558
846.221423
845.781050
845.756100
846.195877
846.589478
846.935961
847.234498
847.484376
847.684998
847.835885
847.936677
847.987133
847.987133
847.936677
847.835885
847.684998
847.484376
847.234498
846.935961
846.589478
846.195877
845.756100
845.731184
846.170366
846.563433
846.909447
847.207580
847.457119
847.657470
847.808153
847.908808
847.959196
847.959196
847.908808
847.808153
847.657470
847.457119
847.207580
846.909447
846.563433
846.170366
845.731184
845.706302
846.144889
846.537424
846.882969
847.180698
847.429900
847.629979
847.780458
847.880977
847.931296
847.931296
847.880977
847.780458
847.629979
847.429900
847.180698
846.882969
846.537424
846.144889
845.706302
845.681453
846.119447
846.511450
846.856528
847.153853
847.402718
847.602526
847.752800
847.853183
847.903435
847.903435
847.853183
847.752800
847.602526
847.402718
847.153853
846.856528
846.511450
846.119447
845.681453
845.656639
846.094039
846.485512
846.830122
847.127045
847.375572
847.575109
847.725181
847.825428
847.875611
847.875611
847.825428
847.725181
847.575109
847.375572
847.127045
846.830122
846.485512
846.094039
845.656639
845.631857
846.068665
846.459608
846.803752
847.100273
847.348463
847.547730
847.697599
847.797710
847.847825
847.847825
847.797710
847.697599
847.547730
847.348463
847.100273
846.803752
846.459608
846.068665
845.631857
845.607110
846.043326
846.433740
846.777417
847.073537
847.321391
847.520389
847.670054
847.770030
847.820077
847.820077
847.770030
847.670054
847.520389
847.321391
847.073537
846.777417
846.433740
846.043326
845.607110
845.582395
846.018021
846.407907
846.751119
847.046837
847.294356
847.493084
847.642547
847.742387
847.792367
847.792367
847.742387
847.642547
847.493084
847.294356
847.046837
846.751119
846.407907
846.018021
845.582395
845.557715
845.992751
846.382108
846.724856
847.020174
847.267358
847.465817
847.615077
847.714782
847.764694
847.764694
847.714782
847.615077
847.465817
847.267358
847.020174
846.724856
846.382108
845.992751
845.557715
845.533067
845.967515
846.356345
846.698628
846.993547
847.240396
847.438586
847.587644
847.687214
847.737059
847.737059
847.687214
847.587644
847.438586
847.240396
846.993547
846.698628
846.356345
845.967515
845.533067
845.508453
845.942313
846.330617
846.672437
846.966956
847.213471
847.411393
847.560249
847.659684
847.709461
847.709461
847.659684
847.560249
847.411393
847.213471
846.966956
846.672437
846.330617
845.942313
845.508453
845.483872
845.917145
846.304923
846.646281
846.940401
847.186582
847.384236
847.532891
847.632191
847.681901
847.681901
847.632191
847.532891
847.384236
847.186582
846.940401
846.646281
846.304923
845.917145
845.483872
845.459325
845.892011
846.279265
846.620160
846.913882
847.159730
847.357116
847.505570
847.604736
847.654378
847.654378
847.604736
847.505570
847.357116
847.159730
846.913882
846.620160
846.279265
845.892011
845.459325
845.434811
845.866911
846.253641
846.594075
846.887399
847.132915
847.330034
847.478286
847.577318
847.626893
847.626893
847.577318
847.478286
847.330034
847.132915
846.887399
846.594075
846.253641
845.866911
845.434811
845.410330
845.841845
846.228052
846.568025
846.860953
847.106135
847.302988
847.451039
847.549937
847.599445
847.599445
847.549937
847.451039
847.302988
847.106135
846.860953
846.568025
846.228052
845.841845
845.410330
845.385882
845.816814
846.202497
846.542010
846.834542
847.079392
847.275978
847.423830
847.522594
847.572035
847.572035
847.522594
847.423830
847.275978
847.079392
846.834542
846.542010
846.202497
845.816814
845.385882
845.361467
845.791816
846.176977
846.516031
846.808166
847.052686
847.249006
847.396657
847.495287
847.544661
847.544661
847.495287
847.396657
847.249006
847.052686
846.808166
846.516031
846.176977
845.791816
845.361467
845.337085
845.766852
846.151492
846.490087
846.781827
847.026016
847.222070
847.369521
847.468018
847.517325
847.517325
847.468018
847.369521
847.222070
847.026016
846.781827
846.490087
846.151492
845.766852
845.337085
845.312736
845.741921
846.126041
846.464178
846.755523
846.999381
847.195170
847.342422
847.440786
847.490026
847.490026
847.440786
847.342422
847.195170
846.999381
846.755523
846.464178
846.126041
845.741921
845.312736
845.288420
845.717025
846.100625
846.438304
846.729255
846.972783
847.168307
847.315360
847.413590
847.462764
847.462764
847.413590
847.315360
847.168307
846.972783
846.729255
846.438304
846.100625
845.717025
845.288420
845.264137
845.692162
846.075243
846.412465
846.703023
846.946222
847.141481
847.288334
847.386432
847.435539
847.435539
847.386432
847.288334
847.141481
846.946222
846.703023
846.412465
846.075243
845.692162
845.264137
845.239887
845.667333
846.049896
846.386662
846.676826
846.919696
847.114691
847.261345
847.359310
847.408351
847.408351
847.359310
847.261345
847.114691
846.919696
846.676826
846.386662
846.049896
845.667333
845.239887
845.215670
845.642537
846.024583
846.360893
846.650665
846.893206
847.087937
847.234393
847.332226
847.381200
847.381200
847.332226
847.234393
847.087937
846.893206
846.650665
846.360893
846.024583
845.642537
845.215670
845.191485
845.617775
845.999304
846.335159
846.624539
846.866752
847.061220
847.207478
847.305178
847.354086
847.354086
847.305178
847.207478
847.061220
846.866752
846.624539
846.335159
845.999304
845.617775
845.191485
845.167333
845.593047
845.974059
846.309461
846.598449
846.840334
847.034538
847.180599
847.278166
847.327009
847.327009
847.278166
847.180599
847.034538
846.840334
846.598449
846.309461
845.974059
845.593047
845.167333
845.143214
845.568352
845.948849
846.283796
846.572394
846.813952
847.007893
847.153756
847.251192
847.299968
847.299968
847.251192
847.153756
847.007893
846.813952
846.572394
846.283796
845.948849
845.568352
845.143214
845.119128
845.543690
845.923673
846.258167
846.546374
846.787605
846.981285
847.126950
847.224254
847.272964
847.272964
847.224254
847.126950
846.981285
846.787605
846.546374
846.258167
845.923673
845.543690
845.119128
845.095074
845.519062
845.898531
846.232573
846.520390
846.761295
846.954712
847.100180
847.197353
847.245997
847.245997
847.197353
847.100180
846.954712
846.761295
846.520390
846.232573
845.898531
845.519062
845.095074
845.071052
845.494467
845.873423
846.207013
846.494441
846.735020
846.928175
847.073447
847.170488
847.219066
847.219066
847.170488
847.073447
846.928175
846.735020
846.494441
846.207013
845.873423
845.494467
845.071052
845.047063
845.469906
845.848349
846.181488
846.468527
846.708780
846.901675
847.046750
847.143659
847.192172
847.192172
847.143659
847.046750
846.901675
846.708780
846.468527
846.181488
845.848349
845.469906
845.047063
845.023106
845.445377
845.823309
846.155997
846.442648
846.682577
846.875210
847.020089
847.116868
847.165315
847.165315
847.116868
847.020089
846.875210
846.682577
846.442648
846.155997
845.823309
845.445377
845.023106
844.999182
845.420882
845.798302
846.130541
846.416804
846.656408
846.848782
846.993464
847.090112
847.138493
847.138493
847.090112
846.993464
846.848782
846.656408
846.416804
846.130541
845.798302
845.420882
844.999182
844.975290
845.396420
845.773330
846.105119
846.390996
846.630276
846.822389
846.966876
847.063393
847.111709
847.111709
847.063393
846.966876
846.822389
846.630276
846.390996
846.105119
845.773330
845.396420
844.975290
844.951431
845.371991
845.748392
846.079732
846.365222
846.604178
846.796032
846.940323
847.036710
847.084960
847.084960
847.036710
846.940323
846.796032
846.604178
846.365222
846.079732
845.748392
845.371991
844.951431
844.927603
845.347595
845.723487
846.054380
846.339483
846.578117
846.769710
846.913807
847.010063
847.058248
847.058248
847.010063
846.913807
846.769710
846.578117
846.339483
846.054380
845.723487
845.347595
844.927603
844.903808
845.323233
845.698616
846.029061
846.313779
846.552090
846.743425
846.887327
846.983452
847.031573
847.031573
846.983452
846.887327
846.743425
846.552090
846.313779
846.029061
845.698616
845.323233
844.903808
844.880045
845.298903
845.673778
846.003777
846.288110
846.526099
846.717175
846.860882
846.956878
847.004933
847.004933
846.956878
846.860882
846.717175
846.526099
846.288110
846.003777
845.673778
845.298903
844.880045
844.856315
845.274606
845.648975
845.978527
846.262476
846.500143
846.690960
846.834473
846.930339
846.978329
846.978329
846.930339
846.834473
846.690960
846.500143
846.262476
845.978527
845.648975
845.274606
844.856315
844.832616
845.250342
845.624205
845.953312
846.236876
846.474222
846.664781
846.808100
846.903837
846.951762
846.951762
846.903837
846.808100
846.664781
846.474222
846.236876
845.953312
845.624205
845.250342
844.832616
844.808949
845.226110
845.599468
845.928130
846.211312
846.448336
846.638638
846.781763
846.877370
846.925231
846.925231
846.877370
846.781763
846.638638
846.448336
846.211312
845.928130
845.599468
845.226110
844.808949
844.785314
845.201912
845.574765
845.902983
846.185781
846.422486
846.612530
846.755462
846.850940
846.898736
846.898736
846.850940
846.755462
846.612530
846.422486
846.185781
845.902983
845.574765
845.201912
844.785314
844.761712
845.177746
845.550095
845.877869
846.160286
846.396670
846.586458
846.729196
846.824545
846.872276
846.872276
846.824545
846.729196
846.586458
846.396670
846.160286
845.877869
845.550095
845.177746
844.761712
844.738141
845.153613
845.525459
845.852790
846.134825
846.370889
846.560421
846.702966
846.798186
846.845853
846.845853
846.798186
846.702966
846.560421
846.370889
846.134825
845.852790
845.525459
845.153613
844.738141
844.714602
845.129512
845.500856
845.827745
846.109398
846.345144
846.534419
846.676772
846.771863
846.819465
846.819465
846.771863
846.676772
846.534419
846.345144
846.109398
845.827745
845.500856
845.129512
844.714602
844.691094
845.105445
845.476286
845.802733
846.084006
846.319433
846.508452
846.650613
846.745575
846.793113
846.793113
846.745575
846.650613
846.508452
846.319433
846.084006
845.802733
845.476286
845.105445
844.691094
844.667619
845.081409
845.451750
845.777756
846.058648
846.293757
846.482521
846.624489
846.719323
846.766797
846.766797
846.719323
846.624489
846.482521
846.293757
846.058648
845.777756
845.451750
845.081409
844.667619
844.644175
845.057406
845.427246
845.752812
846.033325
846.268116
846.456625
846.598401
846.693107
846.740517
846.740517
846.693107
846.598401
846.456625
846.268116
846.033325
845.752812
845.427246
845.057406
844.644175
844.620763
845.033436
845.402776
845.727902
846.008036
846.242510
846.430764
846.572349
846.666927
846.714272
846.714272
846.666927
846.572349
846.430764
846.242510
846.008036
845.727902
845.402776
845.033436
844.620763
844.597383
845.009498
845.378339
845.703026
845.982781
846.216938
846.404938
846.546331
846.640781
846.688063
846.688063
846.640781
846.546331
846.404938
846.216938
845.982781
845.703026
845.378339
845.009498
844.597383
844.574034
844.985592
845.353935
845.678183
845.957561
846.191401
846.379147
846.520349
846.614672
846.661889
846.661889
846.614672
846.520349
846.379147
846.191401
845.957561
845.678183
845.353935
844.985592
844.574034
844.550716
844.961719
845.329565
845.653374
845.932374
846.165899
846.353391
846.494402
846.588597
846.635751
846.635751
846.588597
846.494402
846.353391
846.165899
845.932374
845.653374
845.329565
844.961719
844.550716
844.527431
844.937878
845.305227
845.628599
845.907222
846.140431
846.327669
846.468491
846.562558
846.609648
846.609648
846.562558
846.468491
846.327669
846.140431
845.907222
845.628599
845.305227
844.937878
844.527431
844.504176
844.914069
845.280922
845.603857
845.882104
846.114998
846.301983
846.442614
846.536555
846.583581
846.583581
846.536555
846.442614
846.301983
846.114998
845.882104
845.603857
845.280922
844.914069
844.504176
844.480953
844.890293
845.256649
845.579148
845.857019
846.089599
846.276332
846.416772
846.510586
846.557549
846.557549
846.510586
846.416772
846.276332
846.089599
845.857019
845.579148
845.256649
844.890293
844.480953
844.457762
844.866548
845.232410
845.554473
845.831969
846.064234
846.250715
846.390966
846.484653
846.531552
846.531552
846.484653
846.390966
846.250715
846.064234
845.831969
845.554473
845.232410
844.866548
844.457762
844.434601
844.842836
845.208204
845.529832
845.806953
846.038904
846.225133
846.365194
846.458755
846.505591
846.505591
846.458755
846.365194
846.225133
846.038904
845.806953
845.529832
845.208204
844.842836
844.434601
844.411472
844.819155
845.184030
845.505224
845.781970
846.013608
846.199585
846.339458
846.432892
846.479665
846.479665
846.432892
846.339458
846.199585
846.013608
845.781970
845.505224
845.184030
844.819155
844.411472
844.388374
844.795507
845.159889
845.480649
845.757021
845.988347
846.174073
846.313756
846.407064
846.453774
846.453774
846.407064
846.313756
846.174073
845.988347
845.757021
845.480649
845.159889
844.795507
844.388374
844.365308
844.771891
845.135780
845.456107
845.732107
845.963119
846.148594
846.288089
846.381271
846.427918
846.427918
846.381271
846.288089
846.148594
845.963119
845.732107
845.456107
845.135780
844.771891
844.365308
844.342272
844.748306
845.111704
845.431599
845.707225
845.937926
846.123151
846.262457
846.355513
846.402097
846.402097
846.355513
846.262457
846.123151
845.937926
845.707225
845.431599
845.111704
844.748306
844.342272
844.319268
844.724754
845.087661
845.407124
845.682378
845.912767
846.097742
846.236860
846.329790
846.376311
846.376311
846.329790
846.236860
846.097742
845.912767
845.682378
845.407124
845.087661
844.724754
844.319268
844.296295
844.701233
845.063650
845.382681
845.657564
845.887642
846.072367
846.211297
846.304102
846.350560
846.350560
846.304102
846.211297
846.072367
845.887642
845.657564
845.382681
845.063650
844.701233
844.296295
844.273352
844.677744
845.039672
845.358272
845.632784
845.862551
846.047026
846.185769
846.278448
846.324844
846.324844
846.278448
846.185769
846.047026
845.862551
845.632784
845.358272
845.039672
844.677744
844.273352
844.250441
844.654287
845.015726
845.333896
845.608037
845.837494
846.021720
846.160276
846.252830
846.299162
846.299162
846.252830
846.160276
846.021720
845.837494
845.608037
845.333896
845.015726
844.654287
844.250441
844.227561
844.630861
844.991813
845.309553
845.583324
845.812471
845.996448
846.134817
846.227246
846.273516
846.273516
846.227246
846.134817
845.996448
845.812471
845.583324
845.309553
844.991813
844.630861
844.227561
844.204711
844.607467
844.967931
845.285243
845.558644
845.787482
845.971211
846.109392
846.201697
846.247904
846.247904
846.201697
846.109392
845.971211
845.787482
845.558644
845.285243
844.967931
844.607467
844.204711
844.181892
844.584105
844.944083
845.260966
845.533998
845.762527
845.946007
846.084002
846.176182
846.222327
846.222327
846.176182
846.084002
845.946007
845.762527
845.533998
845.260966
844.944083
844.584105
844.181892
844.159105
844.560774
844.920266
845.236721
845.509385
845.737605
845.920838
846.058647
846.150702
846.196785
846.196785
846.150702
846.058647
845.920838
845.737605
845.509385
845.236721
844.920266
844.560774
844.159105
844.136347
844.537475
844.896481
845.212510
845.484805
845.712717
845.895703
846.033325
846.125256
846.171277
846.171277
846.125256
846.033325
845.895703
845.712717
845.484805
845.212510
844.896481
844.537475
844.136347
844.113621
844.514207
844.872729
845.188331
845.460258
845.687863
845.870602
846.008038
846.099845
846.145804
846.145804
846.099845
846.008038
845.870602
845.687863
845.460258
845.188331
844.872729
844.514207
844.113621
844.090925
844.490971
844.849009
845.164184
845.435745
845.663042
845.845534
845.982786
846.074469
846.120365
846.120365
846.074469
845.982786
845.845534
845.663042
845.435745
845.164184
844.849009
844.490971
844.090925
844.068260
844.467766
844.825321
845.140071
845.411265
845.638256
845.820501
845.957567
846.049126
846.094961
846.094961
846.049126
845.957567
845.820501
845.638256
845.411265
845.140071
844.825321
844.467766
844.068260
844.045626
844.444592
844.801664
845.115990
845.386818
845.613502
845.795502
845.932383
846.023818
846.069591
846.069591
846.023818
845.932383
845.795502
845.613502
845.386818
845.115990
844.801664
844.444592
844.045626
844.023022
844.421450
844.778040
845.091941
845.362404
845.588782
845.770536
845.907232
845.998545
846.044255
846.044255
845.998545
845.907232
845.770536
845.588782
845.362404
845.091941
844.778040
844.421450
844.023022
844.000448
844.398339
844.754448
845.067926
845.338023
845.564096
845.745605
845.882116
845.973305
846.018954
846.018954
845.973305
845.882116
845.745605
845.564096
845.338023
845.067926
844.754448
844.398339
844.000448
843.977905
844.375259
844.730888
845.043942
845.313675
845.539443
845.720707
845.857034
845.948100
845.993687
845.993687
845.948100
845.857034
845.720707
845.539443
845.313675
845.043942
844.730888
844.375259
843.977905
843.955393
844.352210
844.707359
845.019991
845.289360
845.514823
845.695842
845.831986
845.922929
845.968454
845.968454
845.922929
845.831986
845.695842
845.514823
845.289360
845.019991
844.707359
844.352210
843.955393
843.932910
844.329193
844.683862
844.996073
845.265078
845.490237
845.671012
845.806971
845.897792
845.943256
845.943256
845.897792
845.806971
845.671012
845.490237
845.265078
844.996073
844.683862
844.329193
843.932910
843.910458
844.306206
844.660397
844.972186
845.240829
845.465684
845.646215
845.781991
845.872689
845.918092
845.918092
845.872689
845.781991
845.646215
845.465684
845.240829
844.972186
844.660397
844.306206
843.910458
843.888037
844.283250
844.636964
844.948332
845.216612
845.441164
845.621451
845.757044
845.847619
845.892961
845.892961
845.847619
845.757044
845.621451
845.441164
845.216612
844.948332
844.636964
844.283250
843.888037
843.865645
844.260326
844.613562
844.924511
845.192429
845.416677
845.596721
845.732131
845.822584
845.867865
845.867865
845.822584
845.732131
845.596721
845.416677
845.192429
844.924511
844.613562
844.260326
843.865645
843.843284
844.237432
844.590192
844.900721
845.168278
845.392224
845.572025
845.707252
845.797583
845.842803
845.842803
845.797583
845.707252
845.572025
845.392224
845.168278
844.900721
844.590192
844.237432
843.843284
843.820953
844.214570
844.566854
844.876964
845.144159
845.367803
845.547362
845.682407
845.772616
845.817774
845.817774
845.772616
845.682407
845.547362
845.367803
845.144159
844.876964
844.566854
844.214570
843.820953
843.798652
844.191738
844.543547
844.853238
845.120074
845.343416
845.522732
845.657595
845.747682
845.792780
845.792780
845.747682
845.657595
845.522732
845.343416
845.120074
844.853238
844.543547
844.191738
843.798652
843.776382
844.168937
844.520271
844.829545
845.096020
845.319061
845.498136
845.632816
845.722782
845.767819
845.767819
845.722782
845.632816
845.498136
845.319061
845.096020
844.829545
844.520271
844.168937
843.776382
843.754141
844.146167
844.497027
844.805884
845.072000
845.294740
845.473572
845.608071
845.697916
845.742892
845.742892
845.697916
845.608071
845.473572
845.294740
845.072000
844.805884
844.497027
844.146167
843.754141
843.731930
844.123427
844.473814
844.782255
845.048011
845.270451
845.449043
845.583360
845.673084
845.717999
845.717999
845.673084
845.583360
845.449043
845.270451
845.048011
844.782255
844.473814
844.123427
843.731930
843.709749
844.100719
844.450633
844.758657
845.024056
845.246195
845.424546
845.558682
845.648285
845.693139
845.693139
845.648285
845.558682
845.424546
845.246195
845.024056
844.758657
844.450633
844.100719
843.709749
843.687598
844.078040
844.427483
844.735092
845.000132
845.221972
845.400082
845.534038
845.623519
845.668313
845.668313
845.623519
845.534038
845.400082
845.221972
845.000132
844.735092
844.427483
844.078040
843.687598
843.665477
844.055393
844.404364
844.711558
844.976241
845.197782
845.375652
845.509427
845.598788
845.643521
845.643521
845.598788
845.509427
845.375652
845.197782
844.976241
844.711558
844.404364
844.055393
843.665477
843.643386
844.032776
844.381277
844.688056
844.952383
845.173624
845.351254
845.484849
845.574089
845.618763
845.618763
845.574089
845.484849
845.351254
845.173624
844.952383
844.688056
844.381277
844.032776
843.643386
843.621324
844.010189
844.358220
844.664586
844.928556
845.149500
845.326890
845.460304
845.549424
845.594037
845.594037
845.549424
845.460304
845.326890
845.149500
844.928556
844.664586
844.358220
844.010189
843.621324
843.599293
843.987633
844.335195
844.641148
844.904762
845.125407
845.302559
845.435793
845.524793
845.569346
845.569346
845.524793
845.435793
845.302559
845.125407
844.904762
844.641148
844.335195
843.987633
843.599293
843.577291
843.965108
844.312201
844.617741
844.881000
845.101348
845.278260
845.411315
845.500194
845.544687
845.544687
845.500194
845.411315
845.278260
845.101348
844.881000
844.617741
844.312201
843.965108
843.577291
843.555318
843.942613
844.289238
844.594366
844.857270
845.077321
845.253994
845.386870
845.475629
845.520062
845.520062
845.475629
845.386870
845.253994
845.077321
844.857270
844.594366
844.289238
843.942613
843.555318
843.533376
843.920148
844.266306
844.571023
844.833572
845.053326
845.229761
845.362457
845.451098
845.495471
845.495471
845.451098
845.362457
845.229761
845.053326
844.833572
844.571023
844.266306
843.920148
843.533376
843.511462
843.897713
844.243405
844.547711
844.809906
845.029364
845.205561
845.338078
845.426599
845.470912
845.470912
845.426599
845.338078
845.205561
845.029364
844.809906
844.547711
844.243405
843.897713
843.511462
843.489579
843.875309
844.220534
844.524430
844.786272
845.005434
845.181394
845.313732
845.402134
845.446387
845.446387
845.402134
845.313732
845.181394
845.005434
844.786272
844.524430
844.220534
843.875309
843.489579
843.467725
843.852935
844.197695
844.501181
844.762670
844.981536
845.157259
845.289419
845.377701
845.421895
845.421895
845.377701
845.289419
845.157259
844.981536
844.762670
844.501181
844.197695
843.852935
843.467725
843.445900
843.830591
844.174886
844.477964
844.739100
844.957671
845.133157
845.265139
845.353302
845.397436
845.397436
845.353302
845.265139
845.133157
844.957671
844.739100
844.477964
844.174886
843.830591
843.445900
843.424105
843.808277
844.152109
844.454777
844.715561
844.933838
845.109088
845.240892
845.328936
845.373010
845.373010
845.328936
845.240892
845.109088
844.933838
844.715561
844.454777
844.152109
843.808277
843.424105
843.402339
843.785994
844.129362
844.431622
844.692055
844.910038
845.085051
845.216677
845.304602
845.348618
845.348618
845.304602
845.216677
845.085051
844.910038
844.692055
844.431622
844.129362
843.785994
843.402339
843.380602
843.763740
844.106645
844.408499
844.668580
844.886269
845.061046
845.192495
845.280302
845.324258
845.324258
845.280302
845.192495
845.061046
844.886269
844.668580
844.408499
844.106645
843.763740
843.380602
843.358895
843.741517
844.083960
844.385406
844.645137
844.862532
845.037074
845.168346
845.256034
845.299931
845.299931
845.256034
845.168346
845.037074
844.862532
844.645137
844.385406
844.083960
843.741517
843.358895
843.337217
843.719323
844.061304
844.362345
844.621726
844.838828
845.013135
845.144229
845.231800
845.275637
845.275637
845.231800
845.144229
845.013135
844.838828
844.621726
844.362345
844.061304
843.719323
843.337217
843.315568
843.697159
844.038680
844.339315
844.598346
844.815156
844.989227
845.120145
845.207598
845.251376
845.251376
845.207598
845.120145
844.989227
844.815156
844.598346
844.339315
844.038680
843.697159
843.315568
843.293948
843.675026
844.016086
844.316316
844.574998
844.791515
844.965352
845.096094
845.183428
845.227148
845.227148
845.183428
845.096094
844.965352
844.791515
844.574998
844.316316
844.016086
843.675026
843.293948
843.272358
843.652922
843.993522
844.293347
844.551681
844.767907
844.941510
845.072075
845.159292
845.202952
845.202952
845.159292
845.072075
844.941510
844.767907
844.551681
844.293347
843.993522
843.652922
843.272358
843.250796
843.630847
843.970989
844.270410
844.528396
844.744330
844.917699
845.048089
845.135188
845.178789
845.178789
845.135188
845.048089
844.917699
844.744330
844.528396
844.270410
843.970989
843.630847
843.250796
843.229264
843.608803
843.948487
844.247504
844.505142
844.720786
844.893921
845.024135
845.111117
845.154659
845.154659
845.111117
845.024135
844.893921
844.720786
844.505142
844.247504
843.948487
843.608803
843.229264
843.207761
843.586788
843.926014
844.224629
844.481920
844.697273
844.870175
845.000213
845.087078
845.130562
845.130562
845.087078
845.000213
844.870175
844.697273
844.481920
844.224629
843.926014
843.586788
843.207761
843.186286
843.564803
843.903572
844.201785
844.458729
844.673792
844.846461
844.976324
845.063071
845.106497
845.106497
845.063071
844.976324
844.846461
844.673792
844.458729
844.201785
843.903572
843.564803
843.186286
843.164841
843.542848
843.881161
844.178971
844.435569
844.650342
844.822779
844.952467
845.039097
845.082465
845.082465
845.039097
844.952467
844.822779
844.650342
844.435569
844.178971
843.881161
843.542848
843.164841
843.143424
843.520922
843.858779
844.156189
844.412441
844.626925
844.799129
844.928642
845.015156
845.058465
845.058465
845.015156
844.928642
844.799129
844.626925
844.412441
844.156189
843.858779
843.520922
843.143424
843.122036
843.499026
843.836428
844.133437
844.389344
844.603539
844.775510
844.904849
844.991247
845.034497
845.034497
844.991247
844.904849
844.775510
844.603539
844.389344
844.133437
843.836428
843.499026
843.122036
843.100677
843.477159
843.814107
844.110716
844.366278
844.580184
844.751924
844.881089
844.967370
845.010562
845.010562
844.967370
844.881089
844.751924
844.580184
844.366278
844.110716
843.814107
843.477159
843.100677
843.079347
843.455322
843.791816
844.088025
844.343243
844.556861
844.728370
844.857361
844.943525
844.986659
844.986659
844.943525
844.857361
844.728370
844.556861
844.343243
844.088025
843.791816
843.455322
843.079347
843.058046
843.433514
843.769555
844.065365
844.320239
844.533570
844.704847
844.833664
844.919713
844.962789
844.962789
844.919713
844.833664
844.704847
844.533570
844.320239
844.065365
843.769555
843.433514
843.058046
843.036773
843.411736
843.747324
844.042736
844.297267
844.510310
844.681357
844.810000
844.895933
844.938951
844.938951
844.895933
844.810000
844.681357
844.510310
844.297267
844.042736
843.747324
843.411736
843.036773
843.015529
843.389987
843.725123
844.020137
844.274325
844.487081
844.657898
844.786368
844.872185
844.915145
844.915145
844.872185
844.786368
844.657898
844.487081
844.274325
844.020137
843.725123
843.389987
843.015529
842.994313
843.368267
843.702952
843.997568
844.251414
844.463884
844.634470
844.762767
844.848469
844.891371
844.891371
844.848469
844.762767
844.634470
844.463884
844.251414
843.997568
843.702952
843.368267
842.994313
842.973126
843.346577
843.680811
843.975031
844.228535
844.440718
844.611075
844.739199
844.824785
844.867629
844.867629
844.824785
844.739199
844.611075
844.440718
844.228535
843.975031
843.680811
843.346577
842.973126
842.951968
843.324915
843.658699
843.952523
844.205686
844.417583
844.587711
844.715662
844.801133
844.843920
844.843920
844.801133
844.715662
844.587711
844.417583
844.205686
843.952523
843.658699
843.324915
842.951968
842.930838
843.303283
843.636618
843.930046
844.182868
844.394480
844.564378
844.692158
844.777513
844.820242
844.820242
844.777513
844.692158
844.564378
844.394480
844.182868
843.930046
843.636618
843.303283
842.930838
842.909736
843.281680
843.614566
843.907599
844.160080
844.371408
844.541077
844.668684
844.753925
844.796596
844.796596
844.753925
844.668684
844.541077
844.371408
844.160080
843.907599
843.614566
843.281680
842.909736
842.888663
843.260107
843.592544
843.885183
844.137324
844.348367
844.517808
844.645243
844.730369
844.772983
844.772983
844.730369
844.645243
844.517808
844.348367
844.137324
843.885183
843.592544
843.260107
842.888663
842.867619
843.238562
843.570552
843.862796
844.114598
844.325357
844.494570
844.621833
844.706845
844.749401
844.749401
844.706845
844.621833
844.494570
844.325357
844.114598
843.862796
843.570552
843.238562
842.867619
842.846602
843.217046
843.548589
843.840440
844.091903
844.302378
844.471363
844.598455
844.683352
844.725851
844.725851
844.683352
844.598455
844.471363
844.302378
844.091903
843.840440
843.548589
843.217046
842.846602
842.825614
843.195559
843.526656
843.818114
844.069238
844.279430
844.448187
844.575109
844.659891
844.702333
844.702333
844.659891
844.575109
844.448187
844.279430
844.069238
843.818114
843.526656
843.195559
842.825614
842.804654
843.174101
843.504752
843.795818
844.046604
844.256513
844.425043
844.551794
844.636462
844.678847
844.678847
844.636462
844.551794
844.425043
844.256513
844.046604
843.795818
843.504752
843.174101
842.804654
842.783723
843.152672
843.482878
843.773552
844.024001
844.233627
844.401930
844.528510
844.613065
844.655392
844.655392
844.613065
844.528510
844.401930
844.233627
844.024001
843.773552
843.482878
843.152672
842.783723
842.762819
843.131272
843.461034
843.751317
844.001428
844.210772
844.378849
844.505258
844.589699
844.631969
844.631969
844.589699
844.505258
844.378849
844.210772
844.001428
843.751317
843.461034
843.131272
842.762819
842.741944
843.109901
843.439219
843.729111
843.978886
844.187948
844.355798
844.482037
844.566364
844.608578
844.608578
844.566364
844.482037
844.355798
844.187948
843.978886
843.729111
843.439219
843.109901
842.741944
842.721096
843.088559
843.417433
843.706935
843.956374
844.165154
844.332779
844.458848
844.543061
844.585218
844.585218
844.543061
844.458848
844.332779
844.165154
843.956374
843.706935
843.417433
843.088559
842.721096
842.700277
843.067245
843.395677
843.684789
843.933892
844.142391
844.309790
844.435690
844.519790
844.561890
844.561890
844.519790
844.435690
844.309790
844.142391
843.933892
843.684789
843.395677
843.067245
842.700277
842.679486
843.045960
843.373950
843.662673
843.911441
844.119659
844.286833
844.412563
844.496550
844.538593
844.538593
844.496550
844.412563
844.286833
844.119659
843.911441
843.662673
843.373950
843.045960
842.679486
842.658723
843.024704
843.352252
843.640587
843.889019
844.096958
844.263907
844.389468
844.473341
844.515328
844.515328
844.473341
844.389468
844.263907
844.096958
843.889019
843.640587
843.352252
843.024704
842.658723
842.637988
843.003476
843.330584
843.618530
843.866629
844.074287
844.241011
844.366403
844.450164
844.492094
844.492094
844.450164
844.366403
844.241011
844.074287
843.866629
843.618530
843.330584
843.003476
842.637988
842.617280
842.982277
843.308944
843.596503
843.844268
844.051647
844.218147
844.343370
844.427018
844.468892
844.468892
844.427018
844.343370
844.218147
844.051647
843.844268
843.596503
843.308944
842.982277
842.617280
842.596601
842.961106
843.287334
843.574506
843.821937
844.029038
844.195313
844.320368
844.403903
844.445721
844.445721
844.403903
844.320368
844.195313
844.029038
843.821937
843.574506
843.287334
842.961106
842.596601
842.575949
842.939964
843.265753
843.552539
843.799637
844.006459
844.172510
844.297397
844.380820
844.422581
844.422581
844.380820
844.297397
844.172510
844.006459
843.799637
843.552539
843.265753
842.939964
842.575949
842.555325
842.918850
843.244201
843.530601
843.777367
843.983910
844.149738
844.274456
844.357767
844.399473
844.399473
844.357767
844.274456
844.149738
843.983910
843.777367
843.530601
843.244201
842.918850
842.555325
842.534729
842.897765
843.222678
843.508693
843.755126
843.961392
844.126997
844.251547
844.334746
844.376395
844.376395
844.334746
844.251547
844.126997
843.961392
843.755126
843.508693
843.222678
842.897765
842.534729
842.514160
842.876708
843.201184
843.486814
843.732916
843.938904
844.104286
844.228669
844.311756
844.353349
844.353349
844.311756
844.228669
844.104286
843.938904
843.732916
843.486814
843.201184
842.876708
842.514160
842.493620
842.855680
843.179719
843.464965
843.710736
843.916446
844.081606
844.205822
844.288797
844.330334
844.330334
844.288797
844.205822
844.081606
843.916446
843.710736
843.464965
843.179719
842.855680
842.493620
842.473106
842.834680
843.158283
843.443145
843.688585
843.894019
844.058957
844.183005
844.265869
844.307350
844.307350
844.265869
844.183005
844.058957
843.894019
843.688585
843.443145
843.158283
842.834680
842.473106
842.452621
842.813708
843.136876
843.421355
843.666465
843.871622
844.036338
844.160219
844.242971
844.284397
844.284397
844.242971
844.160219
844.036338
843.871622
843.666465
843.421355
843.136876
842.813708
842.452621
842.432163
842.792764
843.115498
843.399594
843.644374
843.849255
844.013750
844.137464
844.220105
844.261475
844.261475
844.220105
844.137464
844.013750
843.849255
843.644374
843.399594
843.115498
842.792764
842.432163
842.411732
842.771849
843.094148
843.377862
843.622313
843.826919
843.991192
844.114740
844.197269
844.238583
844.238583
844.197269
844.114740
843.991192
843.826919
843.622313
843.377862
843.094148
842.771849
842.411732
842.391329
842.750961
843.072827
843.356159
843.600282
843.804612
843.968664
844.092046
844.174465
844.215723
844.215723
844.174465
844.092046
843.968664
843.804612
843.600282
843.356159
843.072827
842.750961
842.391329
842.370954
842.730102
843.051535
843.334486
843.578280
843.782336
843.946167
844.069383
844.151691
844.192894
844.192894
844.151691
844.069383
843.946167
843.782336
843.578280
843.334486
843.051535
842.730102
842.370954
842.350605
842.709271
843.030272
843.312842
843.556308
843.760090
843.923700
844.046751
844.128948
844.170095
844.170095
844.128948
844.046751
843.923700
843.760090
843.556308
843.312842
843.030272
842.709271
842.350605
842.330285
842.688468
843.009037
843.291227
843.534366
843.737873
843.901264
844.024149
844.106235
844.147327
844.147327
844.106235
844.024149
843.901264
843.737873
843.534366
843.291227
843.009037
842.688468
842.330285
842.309991
842.667693
842.987831
843.269642
843.512453
843.715687
843.878858
844.001577
844.083553
844.124590
844.124590
844.083553
844.001577
843.878858
843.715687
843.512453
843.269642
842.987831
842.667693
842.309991
842.289725
842.646945
842.966653
843.248085
843.490570
843.693530
843.856482
843.979036
844.060902
844.101884
844.101884
844.060902
843.979036
843.856482
843.693530
843.490570
843.248085
842.966653
842.646945
842.289725
842.269486
842.626226
842.945504
843.226557
843.468716
843.671404
843.834136
843.956526
844.038281
844.079208
844.079208
844.038281
843.956526
843.834136
843.671404
843.468716
843.226557
842.945504
842.626226
842.269486
842.249274
842.605535
842.924383
843.205059
843.446892
843.649307
843.811820
843.934046
844.015691
844.056563
844.056563
844.015691
843.934046
843.811820
843.649307
843.446892
843.205059
842.924383
842.605535
842.249274
842.229090
842.584871
842.903291
843.183589
843.425097
843.627240
843.789535
843.911596
843.993131
844.033948
844.033948
843.993131
843.911596
843.789535
843.627240
843.425097
843.183589
842.903291
842.584871
842.229090
842.208932
842.564235
842.882227
843.162148
843.403332
843.605203
843.767279
843.889176
843.970602
844.011364
844.011364
843.970602
843.889176
843.767279
843.605203
843.403332
843.162148
842.882227
842.564235
842.208932
842.188802
842.543627
842.861192
843.140736
843.381596
843.583195
843.745054
843.866787
843.948103
843.988810
843.988810
843.948103
843.866787
843.745054
843.583195
843.381596
843.140736
842.861192
842.543627
842.188802
842.168698
842.523047
842.840184
843.119353
843.359889
843.561217
843.722858
843.844427
843.925635
843.966287
843.966287
843.925635
843.844427
843.722858
843.561217
843.359889
843.119353
842.840184
842.523047
842.168698
842.148622
842.502495
842.819205
843.097999
843.338211
843.539269
843.700693
843.822098
843.903196
843.943794
843.943794
843.903196
843.822098
843.700693
843.539269
843.338211
843.097999
842.819205
842.502495
842.148622
842.128573
842.481970
842.798255
843.076674
843.316563
843.517350
843.678557
843.799799
843.880788
843.921331
843.921331
843.880788
843.799799
843.678557
843.517350
843.316563
843.076674
842.798255
842.481970
842.128573
842.108551
842.461472
842.777332
843.055377
843.294944
843.495461
843.656451
843.777530
843.858410
843.898899
843.898899
843.858410
843.777530
843.656451
843.495461
843.294944
843.055377
842.777332
842.461472
842.108551
842.088555
842.441002
842.756438
843.034109
843.273353
843.473601
843.634375
843.755291
843.836063
843.876497
843.876497
843.836063
843.755291
843.634375
843.473601
843.273353
843.034109
842.756438
842.441002
842.088555
842.068586
842.420560
842.735572
843.012869
843.251792
843.451771
843.612328
843.733083
843.813745
843.854125
843.854125
843.813745
843.733083
843.612328
843.451771
843.251792
843.012869
842.735572
842.420560
842.068586
842.048645
842.400145
842.714733
842.991659
843.230260
843.429970
843.590312
843.710904
843.791458
843.831783
843.831783
843.791458
843.710904
843.590312
843.429970
843.230260
842.991659
842.714733
842.400145
842.048645
842.028730
842.379758
842.693923
842.970476
843.208757
843.408199
843.568325
843.688754
843.769201
843.809472
843.809472
843.769201
843.688754
843.568325
843.408199
843.208757
842.970476
842.693923
842.379758
842.028730
842.008842
842.359398
842.673141
842.949323
843.187283
843.386457
843.546368
843.666635
843.746973
843.787190
843.787190
843.746973
843.666635
843.546368
843.386457
843.187283
842.949323
842.673141
842.359398
842.008842
841.988980
842.339066
842.652387
842.928197
843.165838
843.364744
843.524440
843.644546
843.724776
843.764939
843.764939
843.724776
843.644546
843.524440
843.364744
843.165838
842.928197
842.652387
842.339066
841.988980
841.969145
842.318761
842.631661
842.907100
843.144422
843.343060
843.502542
843.622486
843.702608
843.742717
843.742717
843.702608
843.622486
843.502542
843.343060
843.144422
842.907100
842.631661
842.318761
841.969145
841.949337
842.298483
842.610963
842.886032
843.123035
843.321406
843.480673
843.600456
843.680471
843.720526
843.720526
843.680471
843.600456
843.480673
843.321406
843.123035
842.886032
842.610963
842.298483
841.949337
841.929556
842.278232
842.590292
842.864992
843.101676
843.299781
843.458834
843.578456
843.658363
843.698364
843.698364
843.658363
843.578456
843.458834
843.299781
843.101676
842.864992
842.590292
842.278232
841.929556
841.909801
842.258009
842.569649
842.843980
843.080346
843.278185
843.437024
843.556486
843.636285
843.676232
843.676232
843.636285
843.556486
843.437024
843.278185
843.080346
842.843980
842.569649
842.258009
841.909801
841.890073
842.237812
842.549035
842.822996
843.059045
843.256618
843.415243
843.534545
843.614237
843.654131
843.654131
843.614237
843.534545
843.415243
843.256618
843.059045
842.822996
842.549035
842.237812
841.890073
841.870371
842.217643
842.528447
842.802041
843.037773
843.235080
843.393492
843.512633
843.592218
843.632058
843.632058
843.592218
843.512633
843.393492
843.235080
843.037773
842.802041
842.528447
842.217643
841.870371
841.850695
842.197502
842.507888
842.781114
843.016529
843.213571
843.371771
843.490751
843.570230
843.610016
843.610016
843.570230
843.490751
843.371771
843.213571
843.016529
842.781114
842.507888
842.197502
841.850695
841.831046
842.177387
842.487356
842.760215
842.995314
843.192091
843.350078
843.468899
843.548270
843.588003
843.588003
843.548270
843.468899
843.350078
843.192091
842.995314
842.760215
842.487356
842.177387
841.831046
841.811424
842.157299
842.466852
842.739344
842.974127
843.170640
843.328415
843.447076
843.526341
843.566020
843.566020
843.526341
843.447076
843.328415
843.170640
842.974127
842.739344
842.466852
842.157299
841.811424
841.791828
842.137238
842.446375
842.718502
842.952969
843.149218
843.306781
843.425282
843.504441
843.544067
843.544067
843.504441
843.425282
843.306781
843.149218
842.952969
842.718502
842.446375
842.137238
841.791828
841.772258
842.117204
842.425926
842.697687
842.931839
843.127824
843.285176
843.403518
843.482570
843.522143
843.522143
843.482570
843.403518
843.285176
843.127824
842.931839
842.697687
842.425926
842.117204
841.772258
841.752714
842.097197
842.405504
842.676900
842.910738
843.106460
843.263600
843.381783
843.460729
843.500249
843.500249
843.460729
843.381783
843.263600
843.106460
842.910738
842.676900
842.405504
842.097197
841.752714
841.733197
842.077217
842.385110
842.656142
842.889665
843.085124
843.242053
843.360078
843.438918
843.478384
843.478384
843.438918
843.360078
843.242053
843.085124
842.889665
842.656142
842.385110
842.077217
841.733197
841.713705
842.057264
842.364744
842.635411
842.868621
843.063817
843.220535
843.338401
843.417135
843.456549
843.456549
843.417135
843.338401
843.220535
843.063817
842.868621
842.635411
842.364744
842.057264
841.713705
841.694240
842.037338
842.344404
842.614708
842.847605
843.042539
843.199046
843.316754
843.395382
843.434743
843.434743
843.395382
843.316754
843.199046
843.042539
842.847605
842.614708
842.344404
842.037338
841.694240
841.674802
842.017438
842.324092
842.594033
842.826617
843.021289
843.177586
843.295136
843.373659
843.412967
843.412967
843.373659
843.295136
843.177586
843.021289
842.826617
842.594033
842.324092
842.017438
841.674802
841.655389
841.997565
842.303808
842.573386
842.805657
843.000068
843.156156
843.273547
843.351964
843.391220
843.391220
843.351964
843.273547
843.156156
843.000068
842.805657
842.573386
842.303808
841.997565
841.655389
841.636002
841.977719
842.283550
842.552766
842.784726
842.978876
843.134753
843.251988
843.330299
843.369502
843.369502
843.330299
843.251988
843.134753
842.978876
842.784726
842.552766
842.283550
841.977719
841.636002
841.616642
841.957900
842.263320
842.532175
842.763823
842.957712
843.113380
843.230457
843.308663
843.347813
843.347813
843.308663
843.230457
843.113380
842.957712
842.763823
842.532175
842.263320
841.957900
841.616642
841.597307
841.938107
842.243117
842.511611
842.742948
842.936576
843.092036
843.208955
843.287057
843.326154
843.326154
843.287057
843.208955
843.092036
842.936576
842.742948
842.511611
842.243117
841.938107
841.597307
841.577998
841.918340
842.222941
842.491074
842.722101
842.915469
843.070720
843.187482
843.265479
843.304524
843.304524
843.265479
843.187482
843.070720
842.915469
842.722101
842.491074
842.222941
841.918340
841.577998
841.558715
841.898601
842.202793
842.470566
842.701282
842.894391
843.049433
843.166038
843.243930
843.282923
843.282923
843.243930
843.166038
843.049433
842.894391
842.701282
842.470566
842.202793
841.898601
841.558715
841.539459
841.878888
842.182671
842.450085
842.680491
842.873340
843.028174
843.144623
843.222411
843.261351
843.261351
843.222411
843.144623
843.028174
842.873340
842.680491
842.450085
842.182671
841.878888
841.539459
841.520228
841.859201
842.162576
842.429631
842.659728
842.852319
843.006944
843.123237
843.200920
843.239808
843.239808
843.200920
843.123237
843.006944
842.852319
842.659728
842.429631
842.162576
841.859201
841.520228
841.501022
841.839541
842.142509
842.409205
842.638993
842.831325
842.985743
843.101880
843.179458
843.218294
843.218294
843.179458
843.101880
842.985743
842.831325
842.638993
842.409205
842.142509
841.839541
841.501022
841.481843
841.819907
842.122468
842.388806
842.618286
842.810360
842.964571
843.080551
843.158025
843.196809
843.196809
843.158025
843.080551
842.964571
842.810360
842.618286
842.388806
842.122468
841.819907
841.481843
841.462689
841.800299
842.102455
842.368435
842.597606
842.789422
842.943426
843.059251
843.136622
843.175353
843.175353
843.136622
843.059251
842.943426
842.789422
842.597606
842.368435
842.102455
841.800299
841.462689
841.443561
841.780718
842.082468
842.348091
842.576955
842.768513
842.922311
843.037980
843.115246
843.153926
843.153926
843.115246
843.037980
842.922311
842.768513
842.576955
842.348091
842.082468
841.780718
841.443561
841.424459
841.761163
842.062508
842.327775
842.556331
842.747633
842.901223
843.016737
843.093900
843.132527
843.132527
843.093900
843.016737
842.901223
842.747633
842.556331
842.327775
842.062508
841.761163
841.424459
841.405382
841.741635
842.042575
842.307486
842.535735
842.726780
842.880164
842.995523
843.072582
843.111158
843.111158
843.072582
842.995523
842.880164
842.726780
842.535735
842.307486
842.042575
841.741635
841.405382
841.386331
841.722132
842.022669
842.287224
842.515167
842.705955
842.859134
842.974338
843.051294
843.089817
843.089817
843.051294
842.974338
842.859134
842.705955
842.515167
842.287224
842.022669
841.722132
841.386331
841.367306
841.702656
842.002789
842.266989
842.494626
842.685158
842.838131
842.953181
843.030033
843.068505
843.068505
843.030033
842.953181
842.838131
842.685158
842.494626
842.266989
842.002789
841.702656
841.367306
841.348306
841.683206
841.982936
842.246782
842.474113
842.664390
842.817157
842.932053
843.008802
843.047222
843.047222
843.008802
842.932053
842.817157
842.664390
842.474113
842.246782
841.982936
841.683206
841.348306
841.329331
841.663782
841.963110
842.226602
842.453628
842.643649
842.796212
842.910953
842.987599
843.025967
843.025967
842.987599
842.910953
842.796212
842.643649
842.453628
842.226602
841.963110
841.663782
841.329331
841.310382
841.644384
841.943311
842.206448
842.433170
842.622936
842.775294
842.889881
842.966424
843.004741
843.004741
842.966424
842.889881
842.775294
842.622936
842.433170
842.206448
841.943311
841.644384
841.310382
841.291459
841.625013
841.923538
842.186322
842.412740
842.602251
842.754404
842.868838
842.945278
842.983544
842.983544
842.945278
842.868838
842.754404
842.602251
842.412740
842.186322
841.923538
841.625013
841.291459
841.272560
841.605667
841.903792
842.166223
842.392337
842.581594
842.733543
842.847823
842.924161
842.962375
842.962375
842.924161
842.847823
842.733543
842.581594
842.392337
842.166223
841.903792
841.605667
841.272560
841.253688
841.586347
841.884072
842.146151
842.371962
842.560965
842.712710
842.826836
842.903071
842.941235
842.941235
842.903071
842.826836
842.712710
842.560965
842.371962
842.146151
841.884072
841.586347
841.253688
841.234840
841.567053
841.864378
842.126106
842.351614
842.540363
842.691905
842.805878
842.882011
842.920123
842.920123
842.882011
842.805878
842.691905
842.540363
842.351614
842.126106
841.864378
841.567053
841.234840
841.216018
841.547785
841.844712
842.106088
842.331293
842.519789
842.671127
842.784947
842.860978
842.899039
842.899039
842.860978
842.784947
842.671127
842.519789
842.331293
842.106088
841.844712
841.547785
841.216018
841.197221
841.528543
841.825071
842.086097
842.311000
842.499243
842.650378
842.764045
842.839974
842.877984
842.877984
842.839974
842.764045
842.650378
842.499243
842.311000
842.086097
841.825071
841.528543
841.197221
841.178449
841.509327
841.805457
842.066133
842.290734
842.478724
842.629656
842.743171
842.818998
842.856957
842.856957
842.818998
842.743171
842.629656
842.478724
842.290734
842.066133
841.805457
841.509327
841.178449
841.159703
841.490137
841.785869
842.046196
842.270495
842.458233
842.608963
842.722325
842.798051
842.835958
842.835958
842.798051
842.722325
842.608963
842.458233
842.270495
842.046196
841.785869
841.490137
841.159703
841.140981
841.470972
841.766308
842.026285
842.250283
842.437770
842.588297
842.701508
842.777131
842.814988
842.814988
842.777131
842.701508
842.588297
842.437770
842.250283
842.026285
841.766308
841.470972
841.140981
841.122285
841.451833
841.746773
842.006401
842.230099
842.417334
842.567659
842.680718
842.756240
842.794046
842.794046
842.756240
842.680718
842.567659
842.417334
842.230099
842.006401
841.746773
841.451833
841.122285
841.103614
841.432720
841.727264
841.986544
842.209942
842.396925
842.547049
842.659956
842.735377
842.773132
842.773132
842.735377
842.659956
842.547049
842.396925
842.209942
841.986544
841.727264
841.432720
841.103614
841.084967
841.413632
841.707781
841.966713
842.189811
842.376544
842.526467
842.639222
842.714542
842.752246
842.752246
842.714542
842.639222
842.526467
842.376544
842.189811
841.966713
841.707781
841.413632
841.084967
841.066346
841.394570
841.688325
841.946909
842.169708
842.356190
842.505912
842.618516
842.693735
842.731389
842.731389
842.693735
842.618516
842.505912
842.356190
842.169708
841.946909
841.688325
841.394570
841.066346
841.047750
841.375534
841.668894
841.927132
842.149632
842.335864
842.485385
842.597838
842.672955
842.710559
842.710559
842.672955
842.597838
842.485385
842.335864
842.149632
841.927132
841.668894
841.375534
841.047750
841.029179
841.356523
841.649490
841.907381
842.129583
842.315565
842.464885
842.577187
842.652204
842.689757
842.689757
842.652204
842.577187
842.464885
842.315565
842.129583
841.907381
841.649490
841.356523
841.029179
841.010632
841.337537
841.630112
841.887657
842.109561
842.295294
842.444413
842.556565
842.631481
842.668984
842.668984
842.631481
842.556565
842.444413
842.295294
842.109561
841.887657
841.630112
841.337537
841.010632
840.992111
841.318578
841.610759
841.867960
842.089565
842.275049
842.423969
842.535970
842.610786
842.648238
842.648238
842.610786
842.535970
842.423969
842.275049
842.089565
841.867960
841.610759
841.318578
840.992111
840.973614
841.299643
841.591433
841.848288
842.069597
842.254832
842.403552
842.515403
842.590118
842.627520
842.627520
842.590118
842.515403
842.403552
842.254832
842.069597
841.848288
841.591433
841.299643
840.973614
840.955142
841.280734
841.572133
841.828643
842.049655
842.234642
842.383162
842.494863
842.569478
842.606831
842.606831
842.569478
842.494863
842.383162
842.234642
842.049655
841.828643
841.572133
841.280734
840.955142
840.936695
841.261850
841.552858
841.809025
842.029741
842.214479
842.362800
842.474351
842.548866
842.586168
842.586168
842.548866
842.474351
842.362800
842.214479
842.029741
841.809025
841.552858
841.261850
840.936695
840.918273
841.242992
841.533610
841.789433
842.009853
842.194343
842.342466
842.453867
842.528282
842.565534
842.565534
842.528282
842.453867
842.342466
842.194343
842.009853
841.789433
841.533610
841.242992
840.918273
840.899875
841.224159
841.514387
841.769867
841.989991
842.174234
842.322158
842.433410
842.507726
842.544928
842.544928
842.507726
842.433410
842.322158
842.174234
841.989991
841.769867
841.514387
841.224159
840.899875
840.881502
841.205351
841.495190
841.750328
841.970157
842.154153
842.301878
842.412981
842.487197
842.524349
842.524349
842.487197
842.412981
842.301878
842.154153
841.970157
841.750328
841.495190
841.205351
840.881502
840.863154
841.186569
841.476019
841.730815
841.950349
842.134098
842.281625
842.392579
842.466695
842.503798
842.503798
842.466695
842.392579
842.281625
842.134098
841.950349
841.730815
841.476019
841.186569
840.863154
840.844830
841.167811
841.456874
841.711328
841.930567
842.114070
842.261400
842.372205
842.446222
842.483274
842.483274
842.446222
842.372205
842.261400
842.114070
841.930567
841.711328
841.456874
841.167811
840.844830
840.826531
841.149079
841.437754
841.691867
841.910812
842.094069
842.241201
842.351858
842.425775
842.462778
842.462778
842.425775
842.351858
842.241201
842.094069
841.910812
841.691867
841.437754
841.149079
840.826531
840.808256
841.130372
841.418660
841.672432
841.891084
842.074095
842.221030
842.331538
842.405357
842.442310
842.442310
842.405357
842.331538
842.221030
842.074095
841.891084
841.672432
841.418660
841.130372
840.808256
840.790006
841.111690
841.399591
841.653023
841.871382
842.054148
842.200886
842.311246
842.384965
842.421869
842.421869
842.384965
842.311246
842.200886
842.054148
841.871382
841.653023
841.399591
841.111690
840.790006
840.771780
841.093033
841.380548
841.633641
841.851707
842.034228
842.180769
842.290981
842.364601
842.401456
842.401456
842.364601
842.290981
842.180769
842.034228
841.851707
841.633641
841.380548
841.093033
840.771780
840.753579
841.074401
841.361531
841.614284
841.832058
842.014334
842.160679
842.270743
842.344265
842.381070
842.381070
842.344265
842.270743
842.160679
842.014334
841.832058
841.614284
841.361531
841.074401
840.753579
840.735402
841.055794
841.342539
841.594954
841.812436
841.994467
842.140616
842.250532
842.323956
842.360711
842.360711
842.323956
842.250532
842.140616
841.994467
841.812436
841.594954
841.342539
841.055794
840.735402
840.717250
841.037213
841.323573
841.575649
841.792839
841.974627
842.120580
842.230349
842.303674
842.340380
842.340380
842.303674
842.230349
842.120580
841.974627
841.792839
841.575649
841.323573
841.037213
840.717250
840.699121
841.018656
841.304632
841.556370
841.773270
841.954814
842.100570
842.210193
842.283419
842.320076
842.320076
842.283419
842.210193
842.100570
841.954814
841.773270
841.556370
841.304632
841.018656
840.699121
840.681018
841.000123
841.285717
841.537117
841.753726
841.935027
842.080588
842.190063
842.263192
842.299800
842.299800
842.263192
842.190063
842.080588
841.935027
841.753726
841.537117
841.285717
841.000123
840.681018
840.662938
840.981616
841.266827
841.517891
841.734209
841.915267
842.060633
842.169961
842.242992
842.279551
842.279551
842.242992
842.169961
842.060633
841.915267
841.734209
841.517891
841.266827
840.981616
840.662938
840.644882
840.963134
841.247962
841.498689
841.714718
841.895533
842.040704
842.149886
842.222819
842.259328
842.259328
842.222819
842.149886
842.040704
841.895533
841.714718
841.498689
841.247962
840.963134
840.644882
840.626851
840.944676
841.229123
841.479514
841.695253
841.875826
842.020802
842.129838
842.202673
842.239134
842.239134
842.202673
842.129838
842.020802
841.875826
841.695253
841.479514
841.229123
840.944676
840.626851
840.608844
840.926243
841.210309
841.460364
841.675814
841.856145
842.000927
842.109817
842.182554
842.218966
842.218966
842.182554
842.109817
842.000927
841.856145
841.675814
841.460364
841.210309
840.926243
840.608844
840.590861
840.907835
841.191520
841.441240
841.656401
841.836490
841.981079
842.089822
842.162462
842.198825
842.198825
842.162462
842.089822
841.981079
841.836490
841.656401
841.441240
841.191520
840.907835
840.590861
840.572902
840.889451
841.172756
841.422142
841.637015
841.816862
841.961257
842.069855
842.142397
842.178712
842.178712
842.142397
842.069855
841.961257
841.816862
841.637015
841.422142
841.172756
840.889451
840.572902
840.554968
840.871092
841.154018
841.403069
841.617654
841.797261
841.941462
842.049914
842.122359
842.158625
842.158625
842.122359
842.049914
841.941462
841.797261
841.617654
841.403069
841.154018
840.871092
840.554968
840.537057
840.852758
841.135304
841.384022
841.598319
841.777686
841.921693
842.030000
842.102348
842.138566
842.138566
842.102348
842.030000
841.921693
841.777686
841.598319
841.384022
841.135304
840.852758
840.537057
840.519170
840.834448
841.116616
841.365001
841.579011
841.758137
841.901951
842.010113
842.082364
842.118533
842.118533
842.082364
842.010113
841.901951
841.758137
841.579011
841.365001
841.116616
840.834448
840.519170
840.501307
840.816163
841.097953
841.346005
841.559728
841.738614
841.882236
841.990253
842.062407
842.098527
842.098527
842.062407
841.990253
841.882236
841.738614
841.559728
841.346005
841.097953
840.816163
840.501307
840.483468
840.797903
841.079315
841.327034
841.540471
841.719117
841.862547
841.970419
842.042477
842.078549
842.078549
842.042477
841.970419
841.862547
841.719117
841.540471
841.327034
841.079315
840.797903
840.483468
840.465654
840.779666
841.060702
841.308089
841.521240
841.699647
841.842885
841.950612
842.022573
842.058597
842.058597
842.022573
841.950612
841.842885
841.699647
841.521240
841.308089
841.060702
840.779666
840.465654
840.447862
840.761455
841.042113
841.289170
841.502035
841.680203
841.823248
841.930832
842.002696
842.038671
842.038671
842.002696
841.930832
841.823248
841.680203
841.502035
841.289170
841.042113
840.761455
840.447862
840.430095
840.743267
841.023550
841.270275
841.482856
841.660785
841.803639
841.911078
841.982846
842.018773
842.018773
841.982846
841.911078
841.803639
841.660785
841.482856
841.270275
841.023550
840.743267
840.430095
840.412352
840.725104
841.005012
841.251406
841.463702
841.641393
841.784055
841.891350
841.963023
841.998901
841.998901
841.963023
841.891350
841.784055
841.641393
841.463702
841.251406
841.005012
840.725104
840.412352
840.394632
840.706966
840.986498
841.232563
841.444574
841.622027
841.764498
841.871649
841.943226
841.979056
841.979056
841.943226
841.871649
841.764498
841.622027
841.444574
841.232563
840.986498
840.706966
840.394632
840.376936
840.688852
840.968009
841.213745
841.425472
841.602687
841.744967
841.851975
841.923455
841.959238
841.959238
841.923455
841.851975
841.744967
841.602687
841.425472
841.213745
840.968009
840.688852
840.376936
840.359264
840.670762
840.949546
841.194952
841.406395
841.583372
841.725463
841.832327
841.903712
841.939446
841.939446
841.903712
841.832327
841.725463
841.583372
841.406395
841.194952
840.949546
840.670762
840.359264
840.341615
840.652696
840.931106
841.176184
841.387344
841.564084
841.705984
841.812705
841.883994
841.919681
841.919681
841.883994
841.812705
841.705984
841.564084
841.387344
841.176184
840.931106
840.652696
840.341615
840.323990
840.634654
840.912692
841.157441
841.368318
841.544822
841.686532
841.793110
841.864304
841.899943
841.899943
841.864304
841.793110
841.686532
841.544822
841.368318
841.157441
840.912692
840.634654
840.323990
840.306389
840.616637
840.894302
841.138724
841.349319
841.525586
841.667106
841.773541
841.844639
841.880231
841.880231
841.844639
841.773541
841.667106
841.525586
841.349319
841.138724
840.894302
840.616637
840.306389
840.288811
840.598644
840.875937
841.120031
841.330344
841.506375
841.647706
841.753999
841.825002
841.860545
841.860545
841.825002
841.753999
841.647706
841.506375
841.330344
841.120031
840.875937
840.598644
840.288811
840.271257
840.580674
840.857597
841.101364
841.311395
841.487190
841.628331
841.734482
841.805390
841.840886
841.840886
841.805390
841.734482
841.628331
841.487190
841.311395
841.101364
840.857597
840.580674
840.271257
840.253726
840.562729
840.839281
841.082721
841.292471
841.468031
841.608983
841.714992
841.785805
841.821253
841.821253
841.785805
841.714992
841.608983
841.468031
841.292471
841.082721
840.839281
840.562729
840.253726
840.236219
840.544808
840.820989
841.064104
841.273573
841.448898
841.589661
841.695528
841.766246
841.801647
841.801647
841.766246
841.695528
841.589661
841.448898
841.273573
841.064104
840.820989
840.544808
840.236219
840.218735
840.526911
840.802723
841.045512
841.254700
841.429790
841.570365
841.676090
841.746713
841.782067
841.782067
841.746713
841.676090
841.570365
841.429790
841.254700
841.045512
840.802723
840.526911
840.218735
840.201274
840.509038
840.784480
841.026944
841.235853
841.410708
841.551095
841.656678
841.727207
841.762513
841.762513
841.727207
841.656678
841.551095
841.410708
841.235853
841.026944
840.784480
840.509038
840.201274
840.183837
840.491189
840.766262
841.008402
841.217031
841.391652
841.531851
841.637292
841.707727
841.742986
841.742986
841.707727
841.637292
841.531851
841.391652
841.217031
841.008402
840.766262
840.491189
840.183837
840.166424
840.473364
840.748069
840.989884
841.198234
841.372621
841.512632
841.617933
841.688273
841.723484
841.723484
841.688273
841.617933
841.512632
841.372621
841.198234
840.989884
840.748069
840.473364
840.166424
840.149033
840.455563
840.729900
840.971391
841.179462
841.353616
841.493439
841.598599
841.668845
841.704009
841.704009
841.668845
841.598599
841.493439
841.353616
841.179462
840.971391
840.729900
840.455563
840.149033
840.131666
840.437785
840.711755
840.952923
841.160715
841.334636
841.474272
841.579291
841.649443
841.684560
841.684560
841.649443
841.579291
841.474272
841.334636
841.160715
840.952923
840.711755
840.437785
840.131666
840.114322
840.420032
840.693635
840.934480
841.141994
841.315682
841.455131
841.560009
841.630067
841.665138
841.665138
841.630067
841.560009
841.455131
841.315682
841.141994
840.934480
840.693635
840.420032
840.114322
840.097002
840.402302
840.675539
840.916061
841.123297
841.296753
841.436015
841.540753
841.610717
841.645741
841.645741
841.610717
841.540753
841.436015
841.296753
841.123297
840.916061
840.675539
840.402302
840.097002
840.079704
840.384596
840.657467
840.897668
841.104626
841.277849
841.416925
841.521523
841.591393
841.626370
841.626370
841.591393
841.521523
841.416925
841.277849
841.104626
840.897668
840.657467
840.384596
840.079704
840.062430
840.366913
840.639419
840.879298
841.085980
841.258971
841.397861
841.502319
841.572095
841.607025
841.607025
841.572095
841.502319
841.397861
841.258971
841.085980
840.879298
840.639419
840.366913
840.062430
840.045179
840.349254
840.621396
840.860954
841.067359
841.240118
841.378822
841.483140
841.552823
841.587707
841.587707
841.552823
841.483140
841.378822
841.240118
841.067359
840.860954
840.621396
840.349254
840.045179
840.027950
840.331619
840.603396
840.842634
841.048762
841.221291
841.359809
841.463987
841.533577
841.568414
841.568414
841.533577
841.463987
841.359809
841.221291
841.048762
840.842634
840.603396
840.331619
840.027950
840.010745
840.314008
840.585421
840.824338
841.030191
841.202489
841.340821
841.444860
841.514357
841.549147
841.549147
841.514357
841.444860
841.340821
841.202489
841.030191
840.824338
840.585421
840.314008
840.010745
839.993563
840.296420
840.567470
840.806067
841.011645
841.183712
841.321859
841.425759
841.495162
841.529906
841.529906
841.495162
841.425759
841.321859
841.183712
841.011645
840.806067
840.567470
840.296420
839.993563
839.976404
840.278856
840.549543
840.787821
840.993123
841.164960
841.302922
841.406683
841.475994
841.510690
841.510690
841.475994
841.406683
841.302922
841.164960
840.993123
840.787821
840.549543
840.278856
839.976404
839.959268
840.261315
840.531640
840.769599
840.974626
841.146233
841.284011
841.387632
841.456851
841.491501
841.491501
841.456851
841.387632
841.284011
841.146233
840.974626
840.769599
840.531640
840.261315
839.959268
839.942155
840.243798
840.513761
840.751402
840.956154
841.127531
841.265125
841.368608
841.437733
841.472337
841.472337
841.437733
841.368608
841.265125
841.127531
840.956154
840.751402
840.513761
840.243798
839.942155
839.925065
840.226304
840.495906
840.733228
840.937707
841.108855
841.246264
841.349609
841.418642
841.453199
841.453199
841.418642
841.349609
841.246264
841.108855
840.937707
840.733228
840.495906
840.226304
839.925065
839.907998
840.208833
840.478074
840.715080
840.919285
841.090203
841.227429
841.330635
841.399575
841.434087
841.434087
841.399575
841.330635
841.227429
841.090203
840.919285
840.715080
840.478074
840.208833
839.907998
839.890953
840.191386
840.460267
840.696955
840.900887
841.071577
841.208619
841.311687
841.380535
841.415000
841.415000
841.380535
841.311687
841.208619
841.071577
840.900887
840.696955
840.460267
840.191386
839.890953
839.873931
840.173962
840.442484
840.678855
840.882514
841.052975
841.189834
841.292764
841.361520
841.395939
841.395939
841.361520
841.292764
841.189834
841.052975
840.882514
840.678855
840.442484
840.173962
839.873931
839.856932
840.156562
840.424724
840.660779
840.864165
841.034399
841.171074
841.273866
841.342531
841.376904
841.376904
841.342531
841.273866
841.171074
841.034399
840.864165
840.660779
840.424724
840.156562
839.856932
839.839956
840.139185
840.406988
840.642727
840.845842
841.015847
841.152340
841.254994
841.323567
841.357894
841.357894
841.323567
841.254994
841.152340
841.015847
840.845842
840.642727
840.406988
840.139185
839.839956
839.823003
840.121831
840.389276
840.624700
840.827542
840.997320
841.133630
841.236148
841.304628
841.338909
841.338909
841.304628
841.236148
841.133630
840.997320
840.827542
840.624700
840.389276
840.121831
839.823003
839.806072
840.104501
840.371587
840.606696
840.809267
840.978819
841.114946
841.217326
841.285715
841.319950
841.319950
841.285715
841.217326
841.114946
840.978819
840.809267
840.606696
840.371587
840.104501
839.806072
839.789164
840.087193
840.353923
840.588717
840.791017
840.960341
841.096287
841.198530
841.266827
841.301017
841.301017
841.266827
841.198530
841.096287
840.960341
840.791017
840.588717
840.353923
840.087193
839.789164
839.772278
840.069909
840.336282
840.570762
840.772791
840.941889
841.077653
841.179759
841.247965
841.282108
841.282108
841.247965
841.179759
841.077653
840.941889
840.772791
840.570762
840.336282
840.069909
839.772278
839.755415
840.052648
840.318664
840.552831
840.754590
840.923461
841.059043
841.161013
841.229128
841.263226
841.263226
841.229128
841.161013
841.059043
840.923461
840.754590
840.552831
840.318664
840.052648
839.755415
839.738575
840.035410
840.301070
840.534924
840.736413
840.905059
841.040459
841.142292
841.210316
841.244368
841.244368
841.210316
841.142292
841.040459
840.905059
840.736413
840.534924
840.301070
840.035410
839.738575
839.721757
840.018195
840.283500
840.517041
840.718260
840.886680
841.021900
841.123597
841.191529
841.225536
841.225536
841.191529
841.123597
841.021900
840.886680
840.718260
840.517041
840.283500
840.018195
839.721757
839.704961
840.001003
840.265953
840.499182
840.700132
840.868327
841.003365
841.104926
841.172768
841.206729
841.206729
841.172768
841.104926
841.003365
840.868327
840.700132
840.499182
840.265953
840.001003
839.704961
839.688188
839.983834
840.248430
840.481346
840.682028
840.849998
840.984855
841.086280
841.154032
841.187947
841.187947
841.154032
841.086280
840.984855
840.849998
840.682028
840.481346
840.248430
839.983834
839.688188
839.671438
839.966688
840.230930
840.463535
840.663948
840.831693
840.966371
841.067660
841.135320
841.169191
841.169191
841.135320
841.067660
840.966371
840.831693
840.663948
840.463535
840.230930
839.966688
839.671438
839.654710
839.949565
840.213454
840.445748
840.645893
840.813413
840.947911
841.049064
841.116634
841.150459
841.150459
841.116634
841.049064
840.947911
840.813413
840.645893
840.445748
840.213454
839.949565
839.654710
839.638004
839.932465
840.196001
840.427984
840.627861
840.795158
840.929475
841.030494
841.097973
841.131753
841.131753
841.097973
841.030494
840.929475
840.795158
840.627861
840.427984
840.196001
839.932465
839.638004
839.621321
839.915388
840.178571
840.410244
840.609854
840.776927
840.911065
841.011948
841.079337
841.113072
841.113072
841.079337
841.011948
840.911065
840.776927
840.609854
840.410244
840.178571
839.915388
839.621321
839.604659
839.898334
840.161165
840.392528
840.591871
840.758720
840.892679
840.993427
841.060726
841.094416
841.094416
841.060726
840.993427
840.892679
840.758720
840.591871
840.392528
840.161165
839.898334
839.604659
839.588021
839.881302
840.143782
840.374836
840.573912
840.740538
840.874317
840.974931
841.042140
841.075785
841.075785
841.042140
840.974931
840.874317
840.740538
840.573912
840.374836
840.143782
839.881302
839.588021
839.571404
839.864293
840.126422
840.357167
840.555977
840.722381
840.855981
840.956460
841.023579
841.057179
841.057179
841.023579
840.956460
840.855981
840.722381
840.555977
840.357167
840.126422
839.864293
839.571404
839.554810
839.847307
840.109086
840.339522
840.538066
840.704247
840.837669
840.938014
841.005043
841.038598
841.038598
841.005043
840.938014
840.837669
840.704247
840.538066
840.339522
840.109086
839.847307
839.554810
839.538238
839.830344
840.091773
840.321900
840.520180
840.686138
840.819381
840.919592
840.986532
841.020041
841.020041
840.986532
840.919592
840.819381
840.686138
840.520180
840.321900
840.091773
839.830344
839.538238
839.521688
839.813404
840.074483
840.304303
840.502317
840.668053
840.801118
840.901195
840.968045
841.001510
841.001510
840.968045
840.901195
840.801118
840.668053
840.502317
840.304303
840.074483
839.813404
839.521688
839.505160
839.796486
840.057216
840.286728
840.484478
840.649993
840.782880
840.882822
840.949583
840.983003
840.983003
840.949583
840.882822
840.782880
840.649993
840.484478
840.286728
840.057216
839.796486
839.505160
839.488654
839.779591
840.039972
840.269178
840.466662
840.631956
840.764665
840.864475
840.931146
840.964522
840.964522
840.931146
840.864475
840.764665
840.631956
840.466662
840.269178
840.039972
839.779591
839.488654
839.472170
839.762718
840.022751
840.251650
840.448871
840.613944
840.746476
840.846151
840.912734
840.946065
840.946065
840.912734
840.846151
840.746476
840.613944
840.448871
840.251650
840.022751
839.762718
839.472170
839.455709
839.745868
840.005553
840.234147
840.431104
840.595956
840.728310
840.827853
840.894346
840.927633
840.927633
840.894346
840.827853
840.728310
840.595956
840.431104
840.234147
840.005553
839.745868
839.455709
839.439269
839.729040
839.988379
840.216666
840.413360
840.577992
840.710169
840.809579
840.875983
840.909225
840.909225
840.875983
840.809579
840.710169
840.577992
840.413360
840.216666
839.988379
839.729040
839.439269
839.422851
839.712235
839.971227
840.199210
840.395640
840.560052
840.692053
840.791329
840.857645
840.890842
840.890842
840.857645
840.791329
840.692053
840.560052
840.395640
840.199210
839.971227
839.712235
839.422851
839.406455
839.695453
839.954098
840.181776
840.377944
840.542136
840.673960
840.773104
840.839331
840.872484
840.872484
840.839331
840.773104
840.673960
840.542136
840.377944
840.181776
839.954098
839.695453
839.406455
839.390082
839.678693
839.936992
840.164366
840.360272
840.524244
840.655892
840.754903
840.821042
840.854150
840.854150
840.821042
840.754903
840.655892
840.524244
840.360272
840.164366
839.936992
839.678693
839.390082
839.373730
839.661955
839.919909
840.146979
840.342623
840.506376
840.637848
840.736727
840.802777
840.835841
840.835841
840.802777
840.736727
840.637848
840.506376
840.342623
840.146979
839.919909
839.661955
839.373730
839.357399
839.645240
839.902849
840.129615
840.324998
840.488532
840.619828
840.718575
840.784537
840.817557
840.817557
840.784537
840.718575
840.619828
840.488532
840.324998
840.129615
839.902849
839.645240
839.357399
839.341091
839.628547
839.885812
840.112275
840.307396
840.470712
840.601833
840.700447
840.766321
840.799297
840.799297
840.766321
840.700447
840.601833
840.470712
840.307396
840.112275
839.885812
839.628547
839.341091
839.324805
839.611876
839.868797
840.094958
840.289818
840.452915
840.583861
840.682344
840.748130
840.781061
840.781061
840.748130
840.682344
840.583861
840.452915
840.289818
840.094958
839.868797
839.611876
839.324805
839.308540
839.595228
839.851806
840.077664
840.272264
840.435143
840.565914
840.664265
840.729962
840.762850
840.762850
840.729962
840.664265
840.565914
840.435143
840.272264
840.077664
839.851806
839.595228
839.308540
839.292297
839.578601
839.834837
840.060393
840.254733
840.417394
840.547990
840.646210
840.711820
840.744664
840.744664
840.711820
840.646210
840.547990
840.417394
840.254733
840.060393
839.834837
839.578601
839.292297
839.276076
839.561998
839.817890
840.043145
840.237225
840.399669
840.530091
840.628179
840.693701
840.726501
840.726501
840.693701
840.628179
840.530091
840.399669
840.237225
840.043145
839.817890
839.561998
839.276076
839.259876
839.545416
839.800967
840.025920
840.219741
840.381968
840.512215
840.610173
840.675607
840.708363
840.708363
840.675607
840.610173
840.512215
840.381968
840.219741
840.025920
839.800967
839.545416
839.259876
839.243698
839.528856
839.784066
840.008719
840.202281
840.364291
840.494364
840.592190
840.657537
840.690250
840.690250
840.657537
840.592190
840.494364
840.364291
840.202281
840.008719
839.784066
839.528856
839.243698
839.227542
839.512319
839.767187
839.991540
840.184843
840.346637
840.476536
840.574232
840.639492
840.672160
840.672160
840.639492
840.574232
840.476536
840.346637
840.184843
839.991540
839.767187
839.512319
839.227542
839.211407
839.495804
839.750332
839.974385
840.167430
840.329007
840.458733
840.556298
840.621470
840.654095
840.654095
840.621470
840.556298
840.458733
840.329007
840.167430
839.974385
839.750332
839.495804
839.211407
839.195294
839.479311
839.733498
839.957252
840.150039
840.311400
840.440953
840.538387
840.603473
840.636054
840.636054
840.603473
840.538387
840.440953
840.311400
840.150039
839.957252
839.733498
839.479311
839.195294
839.179202
839.462840
839.716688
839.940142
840.132672
840.293818
840.423197
840.520501
840.585500
840.618037
840.618037
840.585500
840.520501
840.423197
840.293818
840.132672
839.940142
839.716688
839.462840
839.179202
839.163132
839.446390
839.699899
839.923055
840.115328
840.276258
840.405464
840.502639
840.567550
840.600045
840.600045
840.567550
840.502639
840.405464
840.276258
840.115328
839.923055
839.699899
839.446390
839.163132
839.147083
839.429963
839.683134
839.905992
840.098007
840.258722
840.387756
840.484800
840.549625
840.582076
840.582076
840.549625
840.484800
840.387756
840.258722
840.098007
839.905992
839.683134
839.429963
839.147083
839.131056
839.413558
839.666390
839.888950
840.080709
840.241210
840.370071
840.466986
840.531724
840.564132
840.564132
840.531724
840.466986
840.370071
840.241210
840.080709
839.888950
839.666390
839.413558
839.131056
839.115050
839.397175
839.649669
839.871932
840.063434
840.223721
840.352410
840.449195
840.513847
840.546211
840.546211
840.513847
840.449195
840.352410
840.223721
840.063434
839.871932
839.649669
839.397175
839.115050
839.099066
839.380814
839.632971
839.854936
840.046183
840.206255
840.334772
840.431428
840.495994
840.528315
840.528315
840.495994
840.431428
840.334772
840.206255
840.046183
839.854936
839.632971
839.380814
839.099066
839.083103
839.364474
839.616294
839.837964
840.028955
840.188813
840.317158
840.413685
840.478164
840.510442
840.510442
840.478164
840.413685
840.317158
840.188813
840.028955
839.837964
839.616294
839.364474
839.083103
839.067161
839.348157
839.599640
839.821013
840.011749
840.171394
840.299568
840.395966
840.460359
840.492594
840.492594
840.460359
840.395966
840.299568
840.171394
840.011749
839.821013
839.599640
839.348157
839.067161
839.051241
839.331861
839.583009
839.804086
839.994567
840.153999
840.282001
840.378270
840.442577
840.474769
840.474769
840.442577
840.378270
840.282001
840.153999
839.994567
839.804086
839.583009
839.331861
839.051241
839.035341
839.315587
839.566399
839.787181
839.977408
840.136626
840.264458
840.360599
840.424820
840.456968
840.456968
840.424820
840.360599
840.264458
840.136626
839.977408
839.787181
839.566399
839.315587
839.035341
839.019463
839.299334
839.549812
839.770299
839.960272
840.119277
840.246938
840.342950
840.407086
840.439191
840.439191
840.407086
840.342950
840.246938
840.119277
839.960272
839.770299
839.549812
839.299334
839.019463
839.003607
839.283104
839.533247
839.753439
839.943158
840.101952
840.229442
840.325326
840.389375
840.421438
840.421438
840.389375
840.325326
840.229442
840.101952
839.943158
839.753439
839.533247
839.283104
839.003607
838.987771
839.266895
839.516704
839.736602
839.926068
840.084649
840.211969
840.307725
840.371689
840.403709
840.403709
840.371689
840.307725
840.211969
840.084649
839.926068
839.736602
839.516704
839.266895
838.987771
838.971956
839.250708
839.500183
839.719788
839.909000
840.067370
840.194520
840.290147
840.354026
840.386003
840.386003
840.354026
840.290147
840.194520
840.067370
839.909000
839.719788
839.500183
839.250708
838.971956
838.956163
839.234542
839.483684
839.702996
839.891955
840.050113
840.177093
840.272594
840.336387
840.368321
840.368321
840.336387
840.272594
840.177093
840.050113
839.891955
839.702996
839.483684
839.234542
838.956163
838.940391
839.218398
839.467207
839.686226
839.874933
840.032880
840.159691
840.255063
840.318771
840.350663
840.350663
840.318771
840.255063
840.159691
840.032880
839.874933
839.686226
839.467207
839.218398
838.940391
838.924640
839.202276
839.450753
839.669479
839.857934
840.015670
840.142311
840.237556
840.301179
840.333029
840.333029
840.301179
840.237556
840.142311
840.015670
839.857934
839.669479
839.450753
839.202276
838.924640
838.908910
839.186175
839.434320
839.652754
839.840958
839.998483
840.124955
840.220073
840.283611
840.315418
840.315418
840.283611
840.220073
840.124955
839.998483
839.840958
839.652754
839.434320
839.186175
838.908910
838.893200
839.170095
839.417909
839.636052
839.824004
839.981319
840.107622
840.202613
840.266066
840.297830
840.297830
840.266066
840.202613
840.107622
839.981319
839.824004
839.636052
839.417909
839.170095
838.893200
838.877512
839.154038
839.401520
839.619372
839.807073
839.964177
840.090312
840.185176
840.248544
840.280266
840.280266
840.248544
840.185176
840.090312
839.964177
839.807073
839.619372
839.401520
839.154038
838.877512
838.130620
838.970210
839.346645
839.593875
839.788136
839.946594
840.072918
840.167738
840.231041
840.262724
840.262724
840.231041
840.167738
840.072918
839.946594
839.788136
839.593875
839.346645
838.970210
838.130620
837.708415
838.710443
839.239829
839.548549
839.762845
839.927151
840.055020
840.150180
840.213522
840.245194
840.245194
840.213522
840.150180
840.055020
839.927151
839.762845
839.548549
839.239829
838.710443
837.708415
837.398853
838.465774
839.103064
839.481588
839.727583
839.903910
840.035831
840.132223
840.195895
840.227637
840.227637
840.195895
840.132223
840.035831
839.903910
839.727583
839.481588
839.103064
838.465774
837.398853
837.143682
838.244123
838.955837
839.398081
839.681407
839.875317
840.014414
840.113437
840.177982
840.209973
840.209973
840.177982
840.113437
840.014414
839.875317
839.681407
839.398081
838.955837
838.244123
837.143682
836.921349
838.042110
838.807239
839.303910
839.625428
839.840681
839.989972
840.093325
840.159531
840.192060
840.192060
840.159531
840.093325
839.989972
839.840681
839.625428
839.303910
838.807239
838.042110
836.921349
836.721592
837.855880
838.661043
839.203476
839.561527
839.800071
839.962009
840.071430
840.140243
840.173698
840.173698
840.140243
840.071430
839.962009
839.800071
839.561527
839.203476
838.661043
837.855880
836.721592
836.538605
837.682425
838.518699
839.099690
839.491578
839.754014
839.930340
840.047398
840.119815
840.154649
840.154649
840.119815
840.047398
839.930340
839.754014
839.491578
839.099690
838.518699
837.682425
836.538605
836.368719
837.519504
838.380657
838.994403
839.417170
839.703224
839.895017
840.021003
840.097971
840.134655
840.134655
840.097971
840.021003
839.895017
839.703224
839.417170
838.994403
838.380657
837.519504
836.368719
836.209437
837.365433
838.246936
838.888780
839.339556
839.648441
839.856244
839.992131
840.074483
840.113464
840.113464
840.074483
839.992131
839.856244
839.648441
839.339556
838.888780
838.246936
837.365433
836.209437
836.058965
837.218917
838.117372
838.783550
839.259694
839.590349
839.814299
839.960762
840.049177
840.090849
840.090849
840.049177
839.960762
839.814299
839.590349
839.259694
838.783550
838.117372
837.218917
836.058965
835.915967
837.078944
837.991729
838.679171
839.178308
839.529548
839.769491
839.926938
840.021931
840.066620
840.066620
840.021931
839.926938
839.769491
839.529548
839.178308
838.679171
837.991729
837.078944
835.915967
835.779410
836.944706
837.869752
838.575922
839.095939
839.466544
839.722123
839.890742
839.992672
840.040625
840.040625
839.992672
839.890742
839.722123
839.466544
839.095939
838.575922
837.869752
836.944706
835.779410
835.648482
836.815544
837.751186
838.473967
839.012995
839.401757
839.672481
839.852282
839.961365
840.012756
840.012756
839.961365
839.852282
839.672481
839.401757
839.012995
838.473967
837.751186
836.815544
835.648482
835.522525
836.690915
837.635791
838.373397
838.929776
839.335533
839.620823
839.811679
839.928008
839.982944
839.982944
839.928008
839.811679
839.620823
839.335533
838.929776
838.373397
837.635791
836.690915
835.522525
835.401000
836.570364
837.523345
838.274251
838.846507
839.268153
839.567378
839.769056
839.892624
839.951152
839.951152
839.892624
839.769056
839.567378
839.268153
838.846507
838.274251
837.523345
836.570364
835.401000
835.283459
836.453506
837.413640
838.176535
838.763355
839.199844
839.512347
839.724537
839.855255
839.917373
839.917373
839.855255
839.724537
839.512347
839.199844
838.763355
838.176535
837.413640
836.453506
835.283459
835.169521
836.340011
837.306489
838.080235
838.680440
839.130794
839.455905
839.678242
839.815959
839.881624
839.881624
839.815959
839.678242
839.455905
839.130794
838.680440
838.080235
837.306489
836.340011
835.169521
835.058863
836.229594
837.201721
837.985319
838.597850
839.061149
839.398204
839.630285
839.774802
839.843941
839.843941
839.774802
839.630285
839.398204
839.061149
838.597850
837.985319
837.201721
836.229594
835.058863
834.951202
836.122003
837.099176
837.891747
838.515646
838.991033
839.339377
839.580775
839.731857
839.804373
839.804373
839.731857
839.580775
839.339377
838.991033
838.515646
837.891747
837.099176
836.122003
834.951202
834.846297
836.017021
836.998710
837.799472
838.433870
838.920542
839.279537
839.529813
839.687204
839.762981
839.762981
839.687204
839.529813
839.279537
838.920542
838.433870
837.799472
836.998710
836.017021
834.846297
834.743930
835.914450
836.900190
837.708444
838.352549
838.849756
839.218786
839.477497
839.640922
839.719834
839.719834
839.640922
839.477497
839.218786
838.849756
838.352549
837.708444
836.900190
835.914450
834.743930
834.643912
835.814118
836.803495
837.618610
838.271699
838.778738
839.157210
839.423915
839.593093
839.675004
839.675004
839.593093
839.423915
839.157210
838.778738
838.271699
837.618610
836.803495
835.814118
834.643912
834.546072
835.715868
836.708510
837.529917
838.191325
838.707541
839.094887
839.369152
839.543797
839.628569
839.628569
839.543797
839.369152
839.094887
838.707541
838.191325
837.529917
836.708510
835.715868
834.546072
834.450258
835.619557
836.615132
837.442314
838.111429
838.636208
839.031885
839.313286
839.493115
839.580606
839.580606
839.493115
839.313286
839.031885
838.636208
838.111429
837.442314
836.615132
835.619557
834.450258
834.356331
835.525058
836.523264
837.355748
838.032006
838.564772
838.968265
839.256391
839.441124
839.531193
839.531193
839.441124
839.256391
838.968265
838.564772
838.032006
837.355748
836.523264
835.525058
834.356331
834.264166
835.432252
836.432815
837.270169
837.953048
838.493263
838.904080
839.198537
839.387899
839.480408
839.480408
839.387899
839.198537
838.904080
838.493263
837.953048
837.270169
836.432815
835.432252
834.264166
834.173649
835.341033
836.343702
837.185528
837.874543
838.421703
838.839380
839.139787
839.333513
839.428325
839.428325
839.333513
839.139787
838.839380
838.421703
837.874543
837.185528
836.343702
835.341033
834.173649
834.084674
835.251301
836.255848
837.101779
837.796480
838.350112
838.774209
839.080202
839.278036
839.375020
839.375020
839.278036
839.080202
838.774209
838.350112
837.796480
837.101779
836.255848
835.251301
834.084674
833.997147
835.162966
836.169179
837.018877
837.718845
838.278505
838.708605
839.019839
839.221534
839.320562
839.320562
839.221534
839.019839
838.708605
838.278505
837.718845
837.018877
836.169179
835.162966
833.997147
833.910977
835.075943
836.083628
836.936779
837.641624
838.206895
838.642606
838.958750
839.164071
839.265022
839.265022
839.164071
838.958750
838.642606
838.206895
837.641624
836.936779
836.083628
835.075943
833.910977
833.826084
834.990154
835.999132
836.855443
837.564802
838.135295
838.576244
838.896986
839.105708
839.208463
839.208463
839.105708
838.896986
838.576244
838.135295
837.564802
836.855443
835.999132
834.990154
833.826084
833.742390
834.905527
835.915631
836.774832
837.488364
838.063712
838.509550
838.834593
839.046502
839.150950
839.150950
839.046502
838.834593
838.509550
838.063712
837.488364
836.774832
835.915631
834.905527
833.742390
833.659826
834.821994
835.833069
836.694908
837.412296
837.992156
838.442552
838.771615
838.986508
839.092542
839.092542
838.986508
838.771615
838.442552
837.992156
837.412296
836.694908
835.833069
834.821994
833.659826
833.578326
834.739492
835.751396
836.615636
837.336583
837.920632
838.375275
838.708093
838.925777
839.033296
839.033296
838.925777
838.708093
838.375275
837.920632
837.336583
836.615636
835.751396
834.739492
833.578326
833.497829
834.657964
835.670561
836.536984
837.261211
837.849146
838.307744
838.644065
838.864357
838.973266
838.973266
838.864357
838.644065
838.307744
837.849146
837.261211
836.536984
835.670561
834.657964
833.497829
833.418278
834.577353
835.590520
836.458921
837.186168
837.777703
838.239980
838.579568
838.802296
838.912503
838.912503
838.802296
838.579568
838.239980
837.777703
837.186168
836.458921
835.590520
834.577353
833.418278
833.339620
834.497609
835.511230
836.381415
837.111439
837.706308
838.172003
838.514636
838.739636
838.851056
838.851056
838.739636
838.514636
838.172003
837.706308
837.111439
836.381415
835.511230
834.497609
833.339620
833.261804
834.418684
835.432650
836.304441
837.037012
837.634965
838.103834
838.449299
838.676418
838.788969
838.788969
838.676418
838.449299
838.103834
837.634965
837.037012
836.304441
835.432650
834.418684
833.261804
833.184785
834.340534
835.354743
836.227972
836.962875
837.563676
838.035490
838.383590
838.612682
838.726288
838.726288
838.612682
838.383590
838.035490
837.563676
836.962875
836.227972
835.354743
834.340534
833.184785
833.108519
834.263115
835.277474
836.151983
836.889017
837.492444
837.966987
838.317535
838.548463
838.663051
838.663051
838.548463
838.317535
837.966987
837.492444
836.889017
836.151983
835.277474
834.263115
833.108519
833.032965
834.186390
835.200809
836.076450
836.815428
837.421273
837.898341
838.251160
838.483796
838.599298
838.599298
838.483796
838.251160
837.898341
837.421273
836.815428
836.076450
835.200809
834.186390
833.032965
832.958084
834.110321
835.124717
836.001352
836.742096
837.350163
837.829565
838.184492
838.418713
838.535065
838.535065
838.418713
838.184492
837.829565
837.350163
836.742096
836.001352
835.124717
834.110321
832.958084
832.883842
834.034873
835.049168
835.926669
836.669011
837.279119
837.760675
838.117552
838.353245
838.470386
838.470386
838.353245
838.117552
837.760675
837.279119
836.669011
835.926669
835.049168
834.034873
832.883842
832.810204
833.960015
834.974136
835.852379
836.596166
837.208140
837.691682
838.050363
838.287420
838.405293
838.405293
838.287420
838.050363
837.691682
837.208140
836.596166
835.852379
834.974136
833.960015
832.810204
832.737138
833.885714
834.899594
835.778467
836.523550
837.137230
837.622598
837.982946
838.221265
838.339817
838.339817
838.221265
837.982946
837.622598
837.137230
836.523550
835.778467
834.899594
833.885714
832.737138
832.664616
833.811944
834.825518
835.704913
836.451156
837.066389
837.553435
837.915319
838.154805
838.273985
838.273985
838.154805
837.915319
837.553435
837.066389
836.451156
835.704913
834.825518
833.811944
832.664616
832.592609
833.738677
834.751885
835.631702
836.378976
836.995619
837.484202
837.847501
838.088064
838.207825
838.207825
838.088064
837.847501
837.484202
836.995619
836.378976
835.631702
834.751885
833.738677
832.592609
832.521091
833.665887
834.678674
835.558818
836.307002
836.924921
837.414909
837.779509
838.021065
838.141362
838.141362
838.021065
837.779509
837.414909
836.924921
836.307002
835.558818
834.678674
833.665887
832.521091
832.450038
833.593552
834.605864
835.486248
836.235227
836.854297
837.345566
837.711359
837.953828
838.074619
838.074619
837.953828
837.711359
837.345566
836.854297
836.235227
835.486248
834.605864
833.593552
832.450038
832.379426
833.521648
834.533437
835.413977
836.163645
836.783747
837.276181
837.643066
837.886374
838.007619
838.007619
837.886374
837.643066
837.276181
836.783747
836.163645
835.413977
834.533437
833.521648
832.379426
832.309234
833.450155
834.461374
835.341993
836.092250
836.713273
837.206763
837.574643
837.818721
837.940383
837.940383
837.818721
837.574643
837.206763
836.713273
836.092250
835.341993
834.461374
833.450155
832.309234
832.239442
833.379054
834.389659
835.270284
836.021036
836.642875
837.137317
837.506105
837.750885
837.872930
837.872930
837.750885
837.506105
837.137317
836.642875
836.021036
835.270284
834.389659
833.379054
832.239442
832.170030
833.308324
834.318277
835.198839
835.949997
836.572554
837.067853
837.437464
837.682885
837.805280
837.805280
837.682885
837.437464
837.067853
836.572554
835.949997
835.198839
834.318277
833.308324
832.170030
832.100981
833.237951
834.247211
835.127646
835.879128
836.502311
836.998375
837.368730
837.614735
837.737448
837.737448
837.614735
837.368730
836.998375
836.502311
835.879128
835.127646
834.247211
833.237951
832.100981
832.032277
833.167916
834.176449
835.056697
835.808424
836.432147
836.928892
837.299917
837.546449
837.669453
837.669453
837.546449
837.299917
836.928892
836.432147
835.808424
835.056697
834.176449
833.167916
832.032277
831.963903
833.098204
834.105977
834.985982
835.737881
836.362062
836.859407
837.231032
837.478042
837.601308
837.601308
837.478042
837.231032
836.859407
836.362062
835.737881
834.985982
834.105977
833.098204
831.963903
831.895843
833.028802
834.035783
834.915491
835.667494
836.292058
836.789927
837.162088
837.409526
837.533029
837.533029
837.409526
837.162088
836.789927
836.292058
835.667494
834.915491
834.035783
833.028802
831.895843
831.828084
832.959695
833.965856
834.845217
835.597259
836.222133
836.720458
837.093091
837.340913
837.464629
837.464629
837.340913
837.093091
836.720458
836.222133
835.597259
834.845217
833.965856
832.959695
831.828084
831.760613
832.890871
833.896183
834.775151
835.527172
836.152290
836.651002
837.024052
837.272214
837.396120
837.396120
837.272214
837.024052
836.651002
836.152290
835.527172
834.775151
833.896183
832.890871
831.760613
831.693416
832.822318
833.826756
834.705287
835.457230
836.082528
836.581567
836.954977
837.203441
837.327516
837.327516
837.203441
836.954977
836.581567
836.082528
835.457230
834.705287
833.826756
832.822318
831.693416
831.626483
832.754024
833.757565
834.635618
835.387430
836.012848
836.512154
836.885875
837.134602
837.258826
837.258826
837.134602
836.885875
836.512154
836.012848
835.387430
834.635618
833.757565
832.754024
831.626483
831.559803
832.685979
833.688599
834.566136
835.317767
835.943251
836.442769
836.816753
837.065707
837.190062
837.190062
837.065707
836.816753
836.442769
835.943251
835.317767
834.566136
833.688599
832.685979
831.559803
831.493364
832.618173
833.619852
834.496837
835.248239
835.873736
836.373415
836.747617
836.996766
837.121234
837.121234
836.996766
836.747617
836.373415
835.873736
835.248239
834.496837
833.619852
832.618173
831.493364
831.427158
832.550596
833.551314
834.427713
835.178844
835.804304
836.304096
836.678473
836.927786
837.052350
837.052350
836.927786
836.678473
836.304096
835.804304
835.178844
834.427713
833.551314
832.550596
831.427158
831.361175
832.483240
833.482979
834.358760
835.109577
835.734956
836.234815
836.609328
836.858775
836.983420
836.983420
836.858775
836.609328
836.234815
835.734956
835.109577
834.358760
833.482979
832.483240
831.361175
831.295406
832.416096
833.414839
834.289972
835.040438
835.665691
836.165575
836.540186
836.789740
836.914451
836.914451
836.789740
836.540186
836.165575
835.665691
835.040438
834.289972
833.414839
832.416096
831.295406
831.229844
832.349156
833.346888
834.221346
834.971423
835.596510
836.096378
836.471053
836.720688
836.845452
836.845452
836.720688
836.471053
836.096378
835.596510
834.971423
834.221346
833.346888
832.349156
831.229844
831.164481
832.282414
833.279119
834.152875
834.902530
835.527413
836.027228
836.401934
836.651626
836.776430
836.776430
836.651626
836.401934
836.027228
835.527413
834.902530
834.152875
833.279119
832.282414
831.164481
831.099310
832.215862
833.211526
834.084556
834.833757
835.458401
835.958128
836.332834
836.582559
836.707391
836.707391
836.582559
836.332834
835.958128
835.458401
834.833757
834.084556
833.211526
832.215862
831.099310
831.034324
832.149493
833.144103
834.016386
834.765102
835.389473
835.889078
836.263756
836.513494
836.638342
836.638342
836.513494
836.263756
835.889078
835.389473
834.765102
834.016386
833.144103
832.149493
831.034324
830.969517
832.083302
833.076847
833.948359
834.696564
835.320630
835.820083
836.194704
836.444435
836.569289
836.569289
836.444435
836.194704
835.820083
835.320630
834.696564
833.948359
833.076847
832.083302
830.969517
830.904882
832.017283
833.009750
833.880473
834.628139
835.251871
835.751143
836.125683
836.375388
836.500238
836.500238
836.375388
836.125683
835.751143
835.251871
834.628139
833.880473
833.009750
832.017283
830.904882
830.840415
831.951430
832.942810
833.812724
834.559827
835.183198
835.682260
836.056696
836.306357
836.431193
836.431193
836.306357
836.056696
835.682260
835.183198
834.559827
833.812724
832.942810
831.951430
830.840415
830.776109
831.885739
832.876021
833.745110
834.491627
835.114610
835.613437
835.987745
836.237346
836.362160
836.362160
836.237346
835.987745
835.613437
835.114610
834.491627
833.745110
832.876021
831.885739
830.776109
830.711961
831.820203
832.809380
833.677626
834.423535
835.046107
835.544676
835.918835
836.168360
836.293143
836.293143
836.168360
835.918835
835.544676
835.046107
834.423535
833.677626
832.809380
831.820203
830.711961
830.647964
831.754820
832.742882
833.610271
834.355552
834.977690
835.475977
835.849968
836.099403
836.224148
836.224148
836.099403
835.849968
835.475977
834.977690
834.355552
833.610271
832.742882
831.754820
830.647964
830.584116
831.689584
832.676524
833.543041
834.287676
834.909357
835.407343
835.781147
836.030477
836.155177
836.155177
836.030477
835.781147
835.407343
834.909357
834.287676
833.543041
832.676524
831.689584
830.584116
830.520411
831.624492
832.610302
833.475934
834.219904
834.841111
835.338774
835.712374
835.961588
836.086235
836.086235
835.961588
835.712374
835.338774
834.841111
834.219904
833.475934
832.610302
831.624492
830.520411
830.456846
831.559540
832.544214
833.408948
834.152238
834.772950
835.270272
835.643651
835.892736
836.017325
836.017325
835.892736
835.643651
835.270272
834.772950
834.152238
833.408948
832.544214
831.559540
830.456846
830.393417
831.494724
832.478256
833.342081
834.084674
834.704874
835.201838
835.574982
835.823927
835.948450
835.948450
835.823927
835.574982
835.201838
834.704874
834.084674
833.342081
832.478256
831.494724
830.393417
830.330121
831.430041
832.412425
833.275330
834.017212
834.636884
835.133474
835.506368
835.755162
835.879615
835.879615
835.755162
835.506368
835.133474
834.636884
834.017212
833.275330
832.412425
831.430041
830.330121
830.266954
831.365488
832.346718
833.208694
833.949851
834.568980
835.065180
835.437811
835.686444
835.810821
835.810821
835.686444
835.437811
835.065180
834.568980
833.949851
833.208694
832.346718
831.365488
830.266954
830.203913
831.301062
832.281134
833.142170
833.882591
834.501162
834.996957
835.369312
835.617776
835.742072
835.742072
835.617776
835.369312
834.996957
834.501162
833.882591
833.142170
832.281134
831.301062
830.203913
830.140996
831.236759
832.215669
833.075758
833.815429
834.433429
834.928807
835.300874
835.549159
835.673371
835.673371
835.549159
835.300874
834.928807
834.433429
833.815429
833.075758
832.215669
831.236759
830.140996
830.078200
831.172578
832.150321
833.009454
833.748365
834.365781
834.860730
835.232498
835.480596
835.604718
835.604718
835.480596
835.232498
834.860730
834.365781
833.748365
833.009454
832.150321
831.172578
830.078200
830.015522
831.108516
832.085089
832.943258
833.681399
834.298220
834.792726
835.164186
835.412090
835.536118
835.536118
835.412090
835.164186
834.792726
834.298220
833.681399
832.943258
832.085089
831.108516
830.015522
829.952959
831.044570
832.019969
832.877169
833.614530
834.230744
834.724798
835.095939
835.343641
835.467572
835.467572
835.343641
835.095939
834.724798
834.230744
833.614530
832.877169
832.019969
831.044570
829.952959
829.890510
830.980739
831.954961
832.811184
833.547756
834.163354
834.656945
835.027758
835.275252
835.399082
835.399082
835.275252
835.027758
834.656945
834.163354
833.547756
832.811184
831.954961
830.980739
829.890510
829.828173
830.917020
831.890063
832.745302
833.481078
834.096049
834.589168
834.959645
835.206924
835.330650
835.330650
835.206924
834.959645
834.589168
834.096049
833.481078
832.745302
831.890063
830.917020
829.828173
829.765944
830.853411
831.825272
832.679523
833.414494
834.028830
834.521467
834.891601
835.138660
835.262278
835.262278
835.138660
834.891601
834.521467
834.028830
833.414494
832.679523
831.825272
830.853411
829.765944
829.703823
830.789910
831.760587
832.613845
833.348004
833.961697
834.453844
834.823626
835.070459
835.193967
835.193967
835.070459
834.823626
834.453844
833.961697
833.348004
832.613845
831.760587
830.789910
829.703823
829.641808
830.726516
831.696007
832.548267
833.281607
833.894649
834.386298
834.755722
835.002324
835.125719
835.125719
835.002324
834.755722
834.386298
833.894649
833.281607
832.548267
831.696007
830.726516
829.641808
829.579896
830.663228
831.631530
832.482787
833.215303
833.827686
834.318831
834.687890
834.934256
835.057535
835.057535
834.934256
834.687890
834.318831
833.827686
833.215303
832.482787
831.631530
830.663228
829.579896
829.518087
830.600042
831.567155
832.417406
833.149091
833.760809
834.251442
834.620131
834.866256
834.989417
834.989417
834.866256
834.620131
834.251442
833.760809
833.149091
832.417406
831.567155
830.600042
829.518087
829.456378
830.536959
831.502881
832.352121
833.082971
833.694017
834.184132
834.552444
834.798325
834.921366
834.921366
834.798325
834.552444
834.184132
833.694017
833.082971
832.352121
831.502881
830.536959
829.456378
829.394769
830.473976
831.438706
832.286933
833.016941
833.627311
834.116901
834.484832
834.730465
834.853383
834.853383
834.730465
834.484832
834.116901
833.627311
833.016941
832.286933
831.438706
830.473976
829.394769
829.333257
830.411092
831.374629
832.221839
832.951003
833.560690
834.049751
834.417295
834.662676
834.785470
834.785470
834.662676
834.417295
834.049751
833.560690
832.951003
832.221839
831.374629
830.411092
829.333257
829.271843
830.348307
831.310649
832.156841
832.885154
833.494154
833.982680
834.349833
834.594958
834.717626
834.717626
834.594958
834.349833
833.982680
833.494154
832.885154
832.156841
831.310649
830.348307
829.271843
829.210523
830.285618
831.246765
832.091935
832.819395
833.427703
833.915689
834.282448
834.527314
834.649854
834.649854
834.527314
834.282448
833.915689
833.427703
832.819395
832.091935
831.246765
830.285618
829.210523
829.149299
830.223025
831.182977
832.027123
832.753726
833.361337
833.848780
834.215139
834.459743
834.582154
834.582154
834.459743
834.215139
833.848780
833.361337
832.753726
832.027123
831.182977
830.223025
829.149299
829.088167
830.160527
831.119283
831.962402
832.688145
833.295056
833.781951
834.147907
834.392247
834.514527
834.514527
834.392247
834.147907
833.781951
833.295056
832.688145
831.962402
831.119283
830.160527
829.088167
829.027127
830.098122
831.055682
831.897774
832.622653
833.228859
833.715203
834.080753
834.324826
834.446974
834.446974
834.324826
834.080753
833.715203
833.228859
832.622653
831.897774
831.055682
830.098122
829.027127
828.966179
830.035810
830.992174
831.833236
832.557249
833.162748
833.648536
834.013677
834.257481
834.379495
834.379495
834.257481
834.013677
833.648536
833.162748
832.557249
831.833236
830.992174
830.035810
828.966179
828.905321
829.973590
830.928757
831.768788
832.491933
833.096721
833.581951
833.946679
834.190212
834.312091
834.312091
834.190212
833.946679
833.581951
833.096721
832.491933
831.768788
830.928757
829.973590
828.905321
828.844553
829.911461
830.865432
831.704431
832.426705
833.030779
833.515447
833.879760
834.123019
834.244763
834.244763
834.123019
833.879760
833.515447
833.030779
832.426705
831.704431
830.865432
829.911461
828.844553
828.783873
829.849422
830.802197
831.640162
832.361564
832.964922
833.449025
833.812921
834.055904
834.177511
834.177511
834.055904
833.812921
833.449025
832.964922
832.361564
831.640162
830.802197
829.849422
828.783873
828.723281
829.787473
830.739051
831.575982
832.296509
832.899149
833.382685
833.746161
833.988867
834.110336
834.110336
833.988867
833.746161
833.382685
832.899149
832.296509
831.575982
830.739051
829.787473
828.723281
828.662777
829.725612
830.675995
831.511891
832.231541
832.833460
833.316427
833.679481
833.921908
834.043238
834.043238
833.921908
833.679481
833.316427
832.833460
832.231541
831.511891
830.675995
829.725612
828.662777
828.602358
829.663839
830.613027
831.447887
832.166659
832.767856
833.250251
833.612881
833.855027
833.976218
833.976218
833.855027
833.612881
833.250251
832.767856
832.166659
831.447887
830.613027
829.663839
828.602358
828.542026
829.602154
830.550147
831.383971
832.101864
832.702335
833.184158
833.546361
833.788226
833.909277
833.909277
833.788226
833.546361
833.184158
832.702335
832.101864
831.383971
830.550147
829.602154
828.542026
828.481779
829.540556
830.487354
831.320141
832.037154
832.636899
833.118146
833.479922
833.721504
833.842414
833.842414
833.721504
833.479922
833.118146
832.636899
832.037154
831.320141
830.487354
829.540556
828.481779
828.421616
829.479043
830.424648
831.256398
831.972529
832.571547
833.052217
833.413564
833.654861
833.775629
833.775629
833.654861
833.413564
833.052217
832.571547
831.972529
831.256398
830.424648
829.479043
828.421616
828.361537
829.417617
830.362029
831.192741
831.907990
832.506278
832.986370
833.347286
833.588298
833.708925
833.708925
833.588298
833.347286
832.986370
832.506278
831.907990
831.192741
830.362029
829.417617
828.361537
828.301542
829.356275
830.299495
831.129170
831.843536
832.441094
832.920606
833.281090
833.521816
833.642299
833.642299
833.521816
833.281090
832.920606
832.441094
831.843536
831.129170
830.299495
829.356275
828.301542
828.241629
829.295018
830.237046
831.065684
831.779166
832.375993
832.854924
833.214975
833.455413
833.575754
833.575754
833.455413
833.214975
832.854924
832.375993
831.779166
831.065684
830.237046
829.295018
828.241629
828.181799
829.233846
830.174683
831.002283
831.714881
832.310975
832.789324
833.148941
833.389092
833.509288
833.509288
833.389092
833.148941
832.789324
832.310975
831.714881
831.002283
830.174683
829.233846
828.181799
828.122051
829.172756
830.112404
830.938967
831.650680
832.246042
832.723807
833.082989
833.322851
833.442903
833.442903
833.322851
833.082989
832.723807
832.246042
831.650680
830.938967
830.112404
829.172756
828.122051
828.062384
829.111751
830.050209
830.875735
831.586564
832.181191
832.658373
833.017119
833.256691
833.376599
833.376599
833.256691
833.017119
832.658373
832.181191
831.586564
830.875735
830.050209
829.111751
828.062384
828.002799
829.050828
829.988098
830.812587
831.522531
832.116424
832.593021
832.951330
833.190612
833.310375
833.310375
833.190612
832.951330
832.593021
832.116424
831.522531
830.812587
829.988098
829.050828
828.002799
827.943294
828.989987
829.926071
830.749524
831.458581
832.051740
832.527751
832.885623
833.124614
833.244233
833.244233
833.124614
832.885623
832.527751
832.051740
831.458581
830.749524
829.926071
828.989987
827.943294
827.883870
828.929228
829.864126
830.686543
831.394716
831.987139
832.462564
832.819998
833.058698
833.178171
833.178171
833.058698
832.819998
832.462564
831.987139
831.394716
830.686543
829.864126
828.929228
827.883870
827.824525
828.868551
829.802265
830.623646
831.330933
831.922621
832.397460
832.754455
832.992863
833.112191
833.112191
832.992863
832.754455
832.397460
831.922621
831.330933
830.623646
829.802265
828.868551
827.824525
827.765260
828.807956
829.740486
830.560832
831.267234
831.858186
832.332437
832.688994
832.927110
833.046292
833.046292
832.927110
832.688994
832.332437
831.858186
831.267234
830.560832
829.740486
828.807956
827.765260
827.706075
828.747441
829.678788
830.498101
831.203617
831.793833
832.267498
832.623614
832.861438
832.980474
832.980474
832.861438
832.623614
832.267498
831.793833
831.203617
830.498101
829.678788
828.747441
827.706075
827.646968
828.687007
829.617173
830.435452
831.140084
831.729563
832.202640
832.558317
832.795848
832.914738
832.914738
832.795848
832.558317
832.202640
831.729563
831.140084
830.435452
829.617173
828.687007
827.646968
827.587940
828.626653
829.555639
830.372886
831.076633
831.665376
832.137865
832.493102
832.730340
832.849083
832.849083
832.730340
832.493102
832.137865
831.665376
831.076633
830.372886
829.555639
828.626653
827.587940
827.528990
828.566380
829.494187
830.310401
831.013264
831.601271
832.073172
832.427969
832.664914
832.783511
832.783511
832.664914
832.427969
832.073172
831.601271
831.013264
830.310401
829.494187
828.566380
827.528990
827.470118
828.506186
829.432816
830.247998
830.949977
831.537248
832.008561
832.362918
832.599569
832.718020
832.718020
832.599569
832.362918
832.008561
831.537248
830.949977
830.247998
829.432816
828.506186
827.470118
827.411324
828.446072
829.371525
830.185677
830.886773
831.473308
831.944033
832.297948
832.534307
832.652610
832.652610
832.534307
832.297948
831.944033
831.473308
830.886773
830.185677
829.371525
828.446072
827.411324
827.352607
828.386037
829.310315
830.123437
830.823650
831.409450
831.879587
832.233061
832.469126
832.587283
832.587283
832.469126
832.233061
831.879587
831.409450
830.823650
830.123437
829.310315
828.386037
827.352607
827.293967
828.326080
829.249185
830.061279
830.760609
831.345674
831.815222
832.168256
832.404027
832.522038
832.522038
832.404027
832.168256
831.815222
831.345674
830.760609
830.061279
829.249185
828.326080
827.293967
827.235405
828.266203
829.188135
829.999201
830.697650
831.281979
831.750940
832.103533
832.339011
832.456874
832.456874
832.339011
832.103533
831.750940
831.281979
830.697650
829.999201
829.188135
828.266203
827.235405
827.176919
828.206404
829.127166
829.937205
830.634772
831.218366
831.686740
832.038892
832.274076
832.391792
832.391792
832.274076
832.038892
831.686740
831.218366
830.634772
829.937205
829.127166
828.206404
827.176919
827.118510
828.146684
829.066275
829.875289
830.571975
831.154835
831.622621
831.974333
832.209223
832.326792
832.326792
832.209223
831.974333
831.622621
831.154835
830.571975
829.875289
829.066275
828.146684
827.118510
827.060177
828.087041
829.005464
829.813453
830.509260
831.091386
831.558584
831.909855
832.144452
832.261875
832.261875
832.144452
831.909855
831.558584
831.091386
830.509260
829.813453
829.005464
828.087041
827.060177
827.001920
828.027476
828.944733
829.751698
830.446625
831.028018
831.494629
831.845460
832.079763
832.197039
832.197039
832.079763
831.845460
831.494629
831.028018
830.446625
829.751698
828.944733
828.027476
827.001920
826.943739
827.967989
828.884080
829.690022
830.384071
830.964731
831.430755
831.781146
832.015155
832.132285
832.132285
832.015155
831.781146
831.430755
830.964731
830.384071
829.690022
828.884080
827.967989
826.943739
826.885633
827.908580
828.823507
829.628427
830.321598
830.901526
831.366964
831.716914
831.950630
832.067612
832.067612
831.950630
831.716914
831.366964
830.901526
830.321598
829.628427
828.823507
827.908580
826.885633
826.827603
827.849247
828.763011
829.566911
830.259206
830.838401
831.303253
831.652764
831.886186
832.003022
832.003022
831.886186
831.652764
831.303253
830.838401
830.259206
829.566911
828.763011
827.849247
826.827603
826.769648
827.789992
828.702595
829.505475
830.196894
830.775358
831.239624
831.588695
831.821824
831.938513
831.938513
831.821824
831.588695
831.239624
830.775358
830.196894
829.505475
828.702595
827.789992
826.769648
826.711769
827.730813
828.642257
829.444118
830.134662
830.712396
831.176076
831.524708
831.757544
831.874086
831.874086
831.757544
831.524708
831.176076
830.712396
830.134662
829.444118
828.642257
827.730813
826.711769
826.653964
827.671711
828.581996
829.382841
830.072510
830.649514
831.112609
831.460802
831.693345
831.809741
831.809741
831.693345
831.460802
831.112609
830.649514
830.072510
829.382841
828.581996
827.671711
826.653964
826.596234
827.612686
828.521814
829.321643
830.010438
830.586713
831.049224
831.396978
831.629228
831.745478
831.745478
831.629228
831.396978
831.049224
830.586713
830.010438
829.321643
828.521814
827.612686
826.596234
826.538578
827.553737
828.461710
829.260523
829.948447
830.523992
830.985919
831.333235
831.565193
831.681296
831.681296
831.565193
831.333235
830.985919
830.523992
829.948447
829.260523
828.461710
827.553737
826.538578
826.480997
827.494864
828.401683
829.199483
829.886535
830.461352
830.922696
831.269573
831.501239
831.617196
831.617196
831.501239
831.269573
830.922696
830.461352
829.886535
829.199483
828.401683
827.494864
826.480997
826.423490
827.436067
828.341734
829.138521
829.824702
830.398792
830.859553
831.205993
831.437366
831.553177
831.553177
831.437366
831.205993
830.859553
830.398792
829.824702
829.138521
828.341734
827.436067
826.423490
826.366057
827.377346
828.281862
829.077638
829.762949
830.336313
830.796491
831.142493
831.373575
831.489240
831.489240
831.373575
831.142493
830.796491
830.336313
829.762949
829.077638
828.281862
827.377346
826.366057
826.308699
827.318701
828.222067
829.016833
829.701276
830.273913
830.733510
831.079075
831.309865
831.425384
831.425384
831.309865
831.079075
830.733510
830.273913
829.701276
829.016833
828.222067
827.318701
826.308699
826.251413
827.260131
828.162349
828.956106
829.639681
830.211594
830.670609
831.015737
831.246236
831.361609
831.361609
831.246236
831.015737
830.670609
830.211594
829.639681
828.956106
828.162349
827.260131
826.251413
826.194202
827.201636
828.102708
828.895458
829.578166
830.149354
830.607789
830.952481
831.182688
831.297916
831.297916
831.182688
830.952481
830.607789
830.149354
829.578166
828.895458
828.102708
827.201636
826.194202
826.137064
827.143217
828.043144
828.834887
829.516730
830.087195
830.545049
830.889305
831.119222
831.234304
831.234304
831.119222
830.889305
830.545049
830.087195
829.516730
828.834887
828.043144
827.143217
826.137064
826.079999
827.084873
827.983656
828.774395
829.455372
830.025114
830.482389
830.826210
831.055836
831.170773
831.170773
831.055836
830.826210
830.482389
830.025114
829.455372
828.774395
827.983656
827.084873
826.079999
826.023008
827.026604
827.924245
828.713980
829.394094
829.963114
830.419810
830.763196
830.992531
831.107323
831.107323
830.992531
830.763196
830.419810
829.963114
829.394094
828.713980
827.924245
827.026604
826.023008
825.966089
826.968409
827.864910
828.653642
829.332894
829.901193
830.357310
830.700262
830.929307
831.043953
831.043953
830.929307
830.700262
830.357310
829.901193
829.332894
828.653642
827.864910
826.968409
825.966089
825.909243
826.910290
827.805652
828.593382
829.271772
829.839351
830.294891
830.637408
830.866164
830.980665
830.980665
830.866164
830.637408
830.294891
829.839351
829.271772
828.593382
827.805652
826.910290
825.909243
825.852471
826.852244
827.746469
828.533200
829.210729
829.777588
830.232551
830.574635
830.803101
830.917458
830.917458
830.803101
830.574635
830.232551
829.777588
829.210729
828.533200
827.746469
826.852244
825.852471
825.795770
826.794274
827.687362
828.473095
829.149764
829.715905
830.170291
830.511942
830.740119
830.854331
830.854331
830.740119
830.511942
830.170291
829.715905
829.149764
828.473095
827.687362
826.794274
825.795770
825.739143
826.736377
827.628332
828.413066
829.088877
829.654300
830.108111
830.449329
830.677217
830.791285
830.791285
830.677217
830.449329
830.108111
829.654300
829.088877
828.413066
827.628332
826.736377
825.739143
825.682587
826.678555
827.569376
828.353115
829.028069
829.592775
830.046010
830.386796
830.614396
830.728319
830.728319
830.614396
830.386796
830.046010
829.592775
829.028069
828.353115
827.569376
826.678555
825.682587
825.626104
826.620806
827.510497
828.293240
828.967338
829.531328
829.983989
830.324343
830.551655
830.665434
830.665434
830.551655
830.324343
829.983989
829.531328
828.967338
828.293240
827.510497
826.620806
825.626104
825.569694
826.563132
827.451692
828.233443
828.906685
829.469960
829.922047
830.261970
830.488994
830.602629
830.602629
830.488994
830.261970
829.922047
829.469960
828.906685
828.233443
827.451692
826.563132
825.569694
825.513355
826.505531
827.392963
828.173721
828.846110
829.408670
829.860185
830.199677
830.426413
830.539904
830.539904
830.426413
830.199677
829.860185
829.408670
828.846110
828.173721
827.392963
826.505531
825.513355
825.457088
826.448004
827.334310
828.114077
828.785612
829.347459
829.798401
830.137464
830.363913
830.477259
830.477259
830.363913
830.137464
829.798401
829.347459
828.785612
828.114077
827.334310
826.448004
825.457088
825.400893
826.390551
827.275731
828.054508
828.725192
829.286326
829.736697
830.075330
830.301492
830.414695
830.414695
830.301492
830.075330
829.736697
829.286326
828.725192
828.054508
827.275731
826.390551
825.400893
825.344769
826.333171
827.217227
827.995016
828.664849
829.225272
829.675072
830.013275
830.239151
830.352210
830.352210
830.239151
830.013275
829.675072
829.225272
828.664849
827.995016
827.217227
826.333171
825.344769
825.288717
826.275864
827.158798
827.935600
828.604583
829.164295
829.613525
829.951300
830.176889
830.289806
830.289806
830.176889
829.951300
829.613525
829.164295
828.604583
827.935600
827.158798
826.275864
825.288717
825.232737
826.218630
827.100444
827.876260
828.544394
829.103397
829.552057
829.889404
830.114707
830.227481
830.227481
830.114707
829.889404
829.552057
829.103397
828.544394
827.876260
827.100444
826.218630
825.232737
825.176828
826.161469
827.042164
827.816996
828.484282
829.042576
829.490668
829.827587
830.052605
830.165236
830.165236
830.052605
829.827587
829.490668
829.042576
828.484282
827.816996
827.042164
826.161469
825.176828
825.120990
826.104382
826.983959
827.757808
828.424248
828.981834
829.429357
829.765849
829.990582
830.103070
830.103070
829.990582
829.765849
829.429357
828.981834
828.424248
827.757808
826.983959
826.104382
825.120990
825.065223
826.047367
826.925828
827.698695
828.364290
828.921168
829.368124
829.704190
829.928638
830.040984
830.040984
829.928638
829.704190
829.368124
828.921168
828.364290
827.698695
826.925828
826.047367
825.065223
825.009527
825.990425
826.867771
827.639658
828.304408
828.860581
829.306970
829.642610
829.866774
829.978977
829.978977
829.866774
829.642610
829.306970
828.860581
828.304408
827.639658
826.867771
825.990425
825.009527
824.953902
825.933555
826.809788
827.580696
828.244604
828.800071
829.245895
829.581109
829.804988
829.917049
829.917049
829.804988
829.581109
829.245895
828.800071
828.244604
827.580696
826.809788
825.933555
824.953902
824.898348
825.876758
826.751880
827.521810
828.184875
828.739638
829.184897
829.519686
829.743282
829.855201
829.855201
829.743282
829.519686
829.184897
828.739638
828.184875
827.521810
826.751880
825.876758
824.898348
824.842864
825.820033
826.694045
827.462998
828.125223
828.679283
829.123977
829.458342
829.681654
829.793432
829.793432
829.681654
829.458342
829.123977
828.679283
828.125223
827.462998
826.694045
825.820033
824.842864
824.787451
825.763381
826.636284
827.404262
828.065647
828.619005
829.063135
829.397076
829.620106
829.731741
829.731741
829.620106
829.397076
829.063135
828.619005
828.065647
827.404262
826.636284
825.763381
824.787451
824.732108
825.706801
826.578597
827.345601
828.006148
828.558804
829.002371
829.335889
829.558636
829.670130
829.670130
829.558636
829.335889
829.002371
828.558804
828.006148
827.345601
826.578597
825.706801
824.732108
824.676836
825.650292
826.520983
827.287015
827.946724
828.498679
828.941684
829.274780
829.497244
829.608597
829.608597
829.497244
829.274780
828.941684
828.498679
827.946724
827.287015
826.520983
825.650292
824.676836
824.621634
825.593856
826.463443
827.228503
827.887376
828.438632
828.881075
829.213749
829.435931
829.547143
829.547143
829.435931
829.213749
828.881075
828.438632
827.887376
827.228503
826.463443
825.593856
824.621634
824.566502
825.537492
826.405976
827.170067
827.828104
828.378661
828.820544
829.152795
829.374697
829.485767
829.485767
829.374697
829.152795
828.820544
828.378661
827.828104
827.170067
826.405976
825.537492
824.566502
824.511440
825.481199
826.348582
827.111704
827.768908
828.318767
828.760090
829.091920
829.313540
829.424470
829.424470
829.313540
829.091920
828.760090
828.318767
827.768908
827.111704
826.348582
825.481199
824.511440
824.456448
825.424978
826.291262
827.053417
827.709787
828.258949
828.699713
829.031123
829.252462
829.363252
829.363252
829.252462
829.031123
828.699713
828.258949
827.709787
827.053417
826.291262
825.424978
824.456448
824.401526
825.368828
826.234014
826.995203
827.650742
828.199208
828.639413
828.970403
829.191462
829.302111
829.302111
829.191462
828.970403
828.639413
828.199208
827.650742
826.995203
826.234014
825.368828
824.401526
824.346673
825.312750
826.176839
826.937064
827.591772
828.139543
828.579190
828.909761
829.130540
829.241049
829.241049
829.130540
828.909761
828.579190
828.139543
827.591772
826.937064
826.176839
825.312750
824.346673
824.291890
825.256743
826.119738
826.878999
827.532877
828.079954
828.519045
828.849196
829.069696
829.180064
829.180064
829.069696
828.849196
828.519045
828.079954
827.532877
826.878999
826.119738
825.256743
824.291890
824.237177
825.200807
826.062709
826.821008
827.474058
828.020442
828.458976
828.788709
829.008929
829.119158
829.119158
829.008929
828.788709
828.458976
828.020442
827.474058
826.821008
826.062709
825.200807
824.237177
824.182533
825.144943
826.005752
826.763090
827.415313
827.961005
828.398983
828.728299
828.948240
829.058329
829.058329
828.948240
828.728299
828.398983
827.961005
827.415313
826.763090
826.005752
825.144943
824.182533
824.127958
825.089149
825.948868
826.705247
827.356643
827.901644
828.339068
828.667966
828.887629
828.997579
828.997579
828.887629
828.667966
828.339068
827.901644
827.356643
826.705247
825.948868
825.089149
824.127958
824.073453
825.033426
825.892056
826.647477
827.298049
827.842359
828.279228
828.607711
828.827095
828.936905
828.936905
828.827095
828.607711
828.279228
827.842359
827.298049
826.647477
825.892056
825.033426
824.073453
824.019017
824.977774
825.835317
826.589781
827.239528
827.783149
828.219466
828.547532
828.766638
828.876310
828.876310
828.766638
828.547532
828.219466
827.783149
827.239528
826.589781
825.835317
824.977774
824.019017
823.964649
824.922193
825.778650
826.532159
827.181083
827.724015
828.159779
828.487430
828.706259
828.815791
828.815791
828.706259
828.487430
828.159779
827.724015
827.181083
826.532159
825.778650
824.922193
823.964649
823.910351
824.866682
825.722055
826.474609
827.122712
827.664957
828.100169
828.427405
828.645956
828.755350
828.755350
828.645956
828.427405
828.100169
827.664957
827.122712
826.474609
825.722055
824.866682
823.910351
823.856121
824.811242
825.665531
826.417133
827.064415
827.605974
828.040635
828.367456
828.585731
828.694986
828.694986
828.585731
828.367456
828.040635
827.605974
827.064415
826.417133
825.665531
824.811242
823.856121
823.801960
824.755872
825.609080
826.359730
827.006193
827.547066
827.981176
828.307584
828.525582
828.634700
828.634700
828.525582
828.307584
827.981176
827.547066
827.006193
826.359730
825.609080
824.755872
823.801960
823.747868
824.700572
825.552701
826.302401
826.948045
827.488233
827.921794
828.247788
828.465511
828.574490
828.574490
828.465511
828.247788
827.921794
827.488233
826.948045
826.302401
825.552701
824.700572
823.747868
823.693844
824.645343
825.496393
826.245144
826.889971
827.429475
827.862487
828.188069
828.405516
828.514357
828.514357
828.405516
828.188069
827.862487
827.429475
826.889971
826.245144
825.496393
824.645343
823.693844
823.639889
824.590184
825.440157
826.187960
826.831971
827.370792
827.803256
828.128426
828.345598
828.454301
828.454301
828.345598
828.128426
827.803256
827.370792
826.831971
826.187960
825.440157
824.590184
823.639889
823.586002
824.535094
825.383992
826.130849
826.774045
827.312184
827.744101
828.068859
828.285756
828.394322
828.394322
828.285756
828.068859
827.744101
827.312184
826.774045
826.130849
825.383992
824.535094
823.586002
823.532183
824.480075
825.327898
826.073811
826.716192
827.253651
827.685021
828.009368
828.225990
828.334419
828.334419
828.225990
828.009368
827.685021
827.253651
826.716192
826.073811
825.327898
824.480075
823.532183
823.478432
824.425125
825.271876
826.016845
826.658414
827.195192
827.626016
827.949953
828.166301
828.274592
828.274592
828.166301
827.949953
827.626016
827.195192
826.658414
826.016845
825.271876
824.425125
823.478432
823.424750
824.370245
825.215925
825.959951
826.600709
827.136808
827.567087
827.890614
828.106688
828.214842
828.214842
828.106688
827.890614
827.567087
827.136808
826.600709
825.959951
825.215925
824.370245
823.424750
823.371135
824.315435
825.160045
825.903130
826.543077
827.078498
827.508233
827.831350
828.047151
828.155168
828.155168
828.047151
827.831350
827.508233
827.078498
826.543077
825.903130
825.160045
824.315435
823.371135
823.317588
824.260694
825.104236
825.846381
826.485519
827.020262
827.449453
827.772162
827.987690
828.095571
828.095571
827.987690
827.772162
827.449453
827.020262
826.485519
825.846381
825.104236
824.260694
823.317588
823.264109
824.206023
825.048498
825.789704
826.428034
826.962101
827.390749
827.713050
827.928305
828.036049
828.036049
827.928305
827.713050
827.390749
826.962101
826.428034
825.789704
825.048498
824.206023
823.264109
823.210697
824.151420
824.992830
825.733100
826.370622
826.904013
827.332119
827.654012
827.868995
827.976603
827.976603
827.868995
827.654012
827.332119
826.904013
826.370622
825.733100
824.992830
824.151420
823.210697
823.157353
824.096887
824.937234
825.676567
826.313283
826.846000
827.273565
827.595050
827.809762
827.917233
827.917233
827.809762
827.595050
827.273565
826.846000
826.313283
825.676567
824.937234
824.096887
823.157353
823.104077
824.042423
824.881708
825.620106
826.256017
826.788061
827.215084
827.536164
827.750603
827.857939
827.857939
827.750603
827.536164
827.215084
826.788061
826.256017
825.620106
824.881708
824.042423
823.104077
823.050868
823.988028
824.826252
825.563717
826.198824
826.730195
827.156679
827.477352
827.691521
827.798721
827.798721
827.691521
827.477352
827.156679
826.730195
826.198824
825.563717
824.826252
823.988028
823.050868
822.997726
823.933702
824.770866
825.507400
826.141703
826.672403
827.098348
827.418615
827.632513
827.739578
827.739578
827.632513
827.418615
827.098348
826.672403
826.141703
825.507400
824.770866
823.933702
822.997726
822.944651
823.879445
824.715551
825.451154
826.084656
826.614684
827.040091
827.359954
827.573581
827.680510
827.680510
827.573581
827.359954
827.040091
826.614684
826.084656
825.451154
824.715551
823.879445
822.944651
822.891644
823.825257
824.660306
825.394979
826.027681
826.557039
826.981908
827.301366
827.514724
827.621518
827.621518
827.514724
827.301366
826.981908
826.557039
826.027681
825.394979
824.660306
823.825257
822.891644
822.838703
823.771137
824.605132
825.338876
825.970778
826.499468
826.923799
827.242854
827.455942
827.562601
827.562601
827.455942
827.242854
826.923799
826.499468
825.970778
825.338876
824.605132
823.771137
822.838703
822.785829
823.717085
824.550027
825.282844
825.913948
826.441969
826.865764
827.184416
827.397234
827.503759
827.503759
827.397234
827.184416
826.865764
826.441969
825.913948
825.282844
824.550027
823.717085
822.785829
822.733022
823.663103
824.494992
825.226883
825.857190
826.384544
826.807804
827.126053
827.338602
827.444992
827.444992
827.338602
827.126053
826.807804
826.384544
825.857190
825.226883
824.494992
823.663103
822.733022
822.680282
823.609188
824.440026
825.170994
825.800504
826.327192
826.749917
827.067764
827.280044
827.386299
827.386299
827.280044
827.067764
826.749917
826.327192
825.800504
825.170994
824.440026
823.609188
822.680282
822.627609
823.555342
824.385131
825.115175
825.743890
826.269912
826.692103
827.009549
827.221561
827.327682
827.327682
827.221561
827.009549
826.692103
826.269912
825.743890
825.115175
824.385131
823.555342
822.627609
822.575002
823.501563
824.330305
825.059427
825.687348
826.212706
826.634364
826.951408
827.163152
827.269139
827.269139
827.163152
826.951408
826.634364
826.212706
825.687348
825.059427
824.330305
823.501563
822.575002
822.522461
823.447853
824.275548
825.003750
825.630878
826.155572
826.576697
826.893341
827.104818
827.210671
827.210671
827.104818
826.893341
826.576697
826.155572
825.630878
825.003750
824.275548
823.447853
822.522461
822.469987
823.394211
824.220861
824.948143
825.574479
826.098511
826.519104
826.835348
827.046558
827.152278
827.152278
827.046558
826.835348
826.519104
826.098511
825.574479
824.948143
824.220861
823.394211
822.469987
822.417579
823.340637
824.166243
824.892607
825.518152
826.041523
826.461585
826.777429
826.988373
827.093958
827.093958
826.988373
826.777429
826.461585
826.041523
825.518152
824.892607
824.166243
823.340637
822.417579
822.365237
823.287130
824.111695
824.837142
825.461897
825.984607
826.404138
826.719584
826.930261
827.035713
827.035713
826.930261
826.719584
826.404138
825.984607
825.461897
824.837142
824.111695
823.287130
822.365237
822.312961
823.233691
824.057215
824.781747
825.405713
825.927763
826.346765
826.661812
826.872223
826.977543
826.977543
826.872223
826.661812
826.346765
825.927763
825.405713
824.781747
824.057215
823.233691
822.312961
822.260752
823.180320
824.002805
824.726422
825.349601
825.870992
826.289465
826.604114
826.814260
826.919446
826.919446
826.814260
826.604114
826.289465
825.870992
825.349601
824.726422
824.002805
823.180320
822.260752
822.208608
823.127016
823.948463
824.671167
825.293560
825.814292
826.232237
826.546490
826.756370
826.861423
826.861423
826.756370
826.546490
826.232237
825.814292
825.293560
824.671167
823.948463
823.127016
822.208608
822.156530
823.073779
823.894190
824.615982
825.237590
825.757665
826.175082
826.488938
826.698553
826.803474
826.803474
826.698553
826.488938
826.175082
825.757665
825.237590
824.615982
823.894190
823.073779
822.156530
822.104517
823.020610
823.839986
824.560868
825.181691
825.701110
826.118000
826.431460
826.640810
826.745599
826.745599
826.640810
826.431460
826.118000
825.701110
825.181691
824.560868
823.839986
823.020610
822.104517
822.052571
822.967508
823.785851
824.505823
825.125863
825.644626
826.060991
826.374055
826.583141
826.687797
826.687797
826.583141
826.374055
826.060991
825.644626
825.125863
824.505823
823.785851
822.967508
822.052571
822.000689
822.914473
823.731784
824.450848
825.070105
825.588215
826.004054
826.316723
826.525545
826.630069
826.630069
826.525545
826.316723
826.004054
825.588215
825.070105
824.450848
823.731784
822.914473
822.000689
821.948874
822.861505
823.677785
824.395942
825.014419
825.531875
825.947189
826.259464
826.468023
826.572415
826.572415
826.468023
826.259464
825.947189
825.531875
825.014419
824.395942
823.677785
822.861505
821.948874
821.897123
822.808604
823.623855
824.341107
824.958803
825.475606
825.890397
826.202277
826.410573
826.514834
826.514834
826.410573
826.202277
825.890397
825.475606
824.958803
824.341107
823.623855
822.808604
821.897123
821.845438
822.755770
823.569993
824.286340
824.903258
825.419409
825.833676
826.145164
826.353197
826.457326
826.457326
826.353197
826.145164
825.833676
825.419409
824.903258
824.286340
823.569993
822.755770
821.845438
821.793818
822.703003
823.516200
824.231643
824.847783
825.363283
825.777028
826.088122
826.295893
826.399891
826.399891
826.295893
826.088122
825.777028
825.363283
824.847783
824.231643
823.516200
822.703003
821.793818
821.742263
822.650302
823.462474
824.177016
824.792378
825.307229
825.720452
826.031154
826.238663
826.342529
826.342529
826.238663
826.031154
825.720452
825.307229
824.792378
824.177016
823.462474
822.650302
821.742263
821.690773
822.597668
823.408816
824.122457
824.737044
825.251245
825.663948
825.974258
826.181505
826.285240
826.285240
826.181505
825.974258
825.663948
825.251245
824.737044
824.122457
823.408816
822.597668
821.690773
821.639348
822.545100
823.355226
824.067968
824.681780
825.195333
825.607515
825.917434
826.124419
826.228024
826.228024
826.124419
825.917434
825.607515
825.195333
824.681780
824.067968
823.355226
822.545100
821.639348
821.587988
822.492599
823.301704
824.013548
824.626586
825.139492
825.551154
825.860682
826.067407
826.170881
826.170881
826.067407
825.860682
825.551154
825.139492
824.626586
824.013548
823.301704
822.492599
821.587988
821.536692
822.440164
823.248250
823.959196
824.571462
825.083721
825.494865
825.804003
826.010467
826.113810
826.113810
826.010467
825.804003
825.494865
825.083721
824.571462
823.959196
823.248250
822.440164
821.536692
821.485461
822.387795
823.194863
823.904914
824.516408
825.028021
825.438647
825.747395
825.953599
826.056812
826.056812
825.953599
825.747395
825.438647
825.028021
824.516408
823.904914
823.194863
822.387795
821.485461
821.434295
822.335492
823.141543
823.850700
824.461424
824.972392
825.382500
825.690859
825.896803
825.999887
825.999887
825.896803
825.690859
825.382500
824.972392
824.461424
823.850700
823.141543
822.335492
821.434295
821.383193
822.283255
823.088291
823.796554
824.406509
824.916834
825.326425
825.634395
825.840080
825.943033
825.943033
825.840080
825.634395
825.326425
824.916834
824.406509
823.796554
823.088291
822.283255
821.383193
821.332155
822.231085
823.035107
823.742478
824.351664
824.861346
825.270421
825.578003
825.783428
825.886252
825.886252
825.783428
825.578003
825.270421
824.861346
824.351664
823.742478
823.035107
822.231085
821.332155
821.281182
822.178980
822.981989
823.688469
824.296888
824.805928
825.214488
825.521683
825.726849
825.829543
825.829543
825.726849
825.521683
825.214488
824.805928
824.296888
823.688469
822.981989
822.178980
821.281182
821.230273
822.126940
822.928939
823.634529
824.242182
824.750581
825.158626
825.465434
825.670342
825.772906
825.772906
825.670342
825.465434
825.158626
824.750581
824.242182
823.634529
822.928939
822.126940
821.230273
821.179428
822.074967
822.875956
823.580658
824.187545
824.695304
825.102834
825.409256
825.613906
825.716341
825.716341
825.613906
825.409256
825.102834
824.695304
824.187545
823.580658
822.875956
822.074967
821.179428
821.128647
822.023059
822.823039
823.526854
824.132977
824.640096
825.047114
825.353150
825.557542
825.659848
825.659848
825.557542
825.353150
825.047114
824.640096
824.132977
823.526854
822.823039
822.023059
821.128647
821.077930
821.971216
822.770190
823.473119
824.078479
824.584959
824.991464
825.297114
825.501249
825.603427
825.603427
825.501249
825.297114
824.991464
824.584959
824.078479
823.473119
822.770190
821.971216
821.077930
821.027277
821.919439
822.717407
823.419451
824.024049
824.529892
824.935885
825.241150
825.445028
825.547077
825.547077
825.445028
825.241150
824.935885
824.529892
824.024049
823.419451
822.717407
821.919439
821.027277
820.976687
821.867727
822.664691
823.365851
823.969688
824.474894
824.880376
825.185257
825.388878
825.490799
825.490799
825.388878
825.185257
824.880376
824.474894
823.969688
823.365851
822.664691
821.867727
820.976687
820.926162
821.816080
822.612042
823.312319
823.915396
824.419966
824.824938
825.129435
825.332800
825.434592
825.434592
825.332800
825.129435
824.824938
824.419966
823.915396
823.312319
822.612042
821.816080
820.926162
820.875699
821.764499
822.559458
823.258855
823.861173
824.365108
824.769570
825.073684
825.276792
825.378456
825.378456
825.276792
825.073684
824.769570
824.365108
823.861173
823.258855
822.559458
821.764499
820.875699
820.825301
821.712982
822.506942
823.205458
823.807018
824.310319
824.714272
825.018003
825.220856
825.322392
825.322392
825.220856
825.018003
824.714272
824.310319
823.807018
823.205458
822.506942
821.712982
820.825301
820.774965
821.661530
822.454491
823.152129
823.752932
824.255600
824.659044
824.962393
825.164991
825.266399
825.266399
825.164991
824.962393
824.659044
824.255600
823.752932
823.152129
822.454491
821.661530
820.774965
820.724693
821.610143
822.402107
823.098868
823.698915
824.200950
824.603887
824.906854
825.109196
825.210477
825.210477
825.109196
824.906854
824.603887
824.200950
823.698915
823.098868
822.402107
821.610143
820.724693
820.674485
821.558821
822.349789
823.045673
823.644966
824.146369
824.548799
824.851385
825.053473
825.154626
825.154626
825.053473
824.851385
824.548799
824.146369
823.644966
823.045673
822.349789
821.558821
820.674485
820.624339
821.507564
822.297537
822.992546
823.591085
824.091857
824.493781
824.795986
824.997820
825.098845
825.098845
824.997820
824.795986
824.493781
824.091857
823.591085
822.992546
822.297537
821.507564
820.624339
820.574256
821.456371
822.245351
822.939486
823.537272
824.037415
824.438832
824.740657
824.942237
825.043136
825.043136
824.942237
824.740657
824.438832
824.037415
823.537272
822.939486
822.245351
821.456371
820.574256
820.524237
821.405243
822.193231
822.886493
823.483527
823.983041
824.383954
824.685399
824.886725
824.987497
824.987497
824.886725
824.685399
824.383954
823.983041
823.483527
822.886493
822.193231
821.405243
820.524237
820.474280
821.354179
822.141176
822.833567
823.429850
823.928736
824.329145
824.630211
824.831284
824.931929
824.931929
824.831284
824.630211
824.329145
823.928736
823.429850
822.833567
822.141176
821.354179
820.474280
820.424386
821.303179
822.089187
822.780707
823.376241
823.874499
824.274405
824.575092
824.775912
824.876431
824.876431
824.775912
824.575092
824.274405
823.874499
823.376241
822.780707
822.089187
821.303179
820.424386
820.374555
821.252244
822.037264
822.727915
823.322700
823.820332
824.219734
824.520044
824.720611
824.821003
824.821003
824.720611
824.520044
824.219734
823.820332
823.322700
822.727915
822.037264
821.252244
820.374555
820.324786
821.201372
821.985406
822.675189
823.269226
823.766233
824.165133
824.465065
824.665380
824.765646
824.765646
824.665380
824.465065
824.165133
823.766233
823.269226
822.675189
821.985406
821.201372
820.324786
820.275080
821.150565
821.933614
822.622530
823.215821
823.712202
824.110601
824.410156
824.610219
824.710359
824.710359
824.610219
824.410156
824.110601
823.712202
823.215821
822.622530
821.933614
821.150565
820.275080
820.225437
821.099822
821.881887
822.569937
823.162482
823.658240
824.056138
824.355316
824.555128
824.655142
824.655142
824.555128
824.355316
824.056138
823.658240
823.162482
822.569937
821.881887
821.099822
820.225437
820.175856
821.049142
821.830225
822.517411
823.109211
823.604346
824.001744
824.300546
824.500107
824.599995
824.599995
824.500107
824.300546
824.001744
823.604346
823.109211
822.517411
821.830225
821.049142
820.175856
820.126337
820.998527
821.778628
822.464951
823.056007
823.550520
823.947418
824.245845
824.445155
824.544918
824.544918
824.445155
824.245845
823.947418
823.550520
823.056007
822.464951
821.778628
820.998527
820.126337
820.076880
820.947975
821.727096
822.412557
823.002871
823.496762
823.893162
824.191213
824.390273
824.489910
824.489910
824.390273
824.191213
823.893162
823.496762
823.002871
822.412557
821.727096
820.947975
820.076880
820.027485
820.897486
821.675630
822.360229
822.949802
823.443072
823.838974
824.136651
824.335460
824.434972
824.434972
824.335460
824.136651
823.838974
823.443072
822.949802
822.360229
821.675630
820.897486
820.027485
819.978153
820.847062
821.624228
822.307967
822.896799
823.389450
823.784855
824.082158
824.280717
824.380104
824.380104
824.280717
824.082158
823.784855
823.389450
822.896799
822.307967
821.624228
820.847062
819.978153
819.928882
820.796700
821.572890
822.255771
822.843864
823.335896
823.730804
824.027733
824.226043
824.325305
824.325305
824.226043
824.027733
823.730804
823.335896
822.843864
822.255771
821.572890
820.796700
819.928882
819.879674
820.746402
821.521618
822.203641
822.790995
823.282410
823.676821
823.973378
824.171439
824.270576
824.270576
824.171439
823.973378
823.676821
823.282410
822.790995
822.203641
821.521618
820.746402
819.879674
819.830527
820.696167
821.470410
822.151577
822.738194
823.228991
823.622907
823.919091
824.116903
824.215916
824.215916
824.116903
823.919091
823.622907
823.228991
822.738194
822.151577
821.470410
820.696167
819.830527
819.781441
820.645996
821.419267
822.099579
822.685459
823.175639
823.569061
823.864873
824.062437
824.161325
824.161325
824.062437
823.864873
823.569061
823.175639
822.685459
822.099579
821.419267
820.645996
819.781441
819.732418
820.595887
821.368188
822.047646
822.632790
823.122355
823.515283
823.810724
824.008039
824.106804
824.106804
824.008039
823.810724
823.515283
823.122355
822.632790
822.047646
821.368188
820.595887
819.732418
819.683456
820.545842
821.317173
821.995778
822.580188
823.069139
823.461573
823.756643
823.953710
824.052351
824.052351
823.953710
823.756643
823.461573
823.069139
822.580188
821.995778
821.317173
820.545842
819.683456
819.634555
820.495859
821.266223
821.943976
822.527653
823.015989
823.407931
823.702630
823.899451
823.997967
823.997967
823.899451
823.702630
823.407931
823.015989
822.527653
821.943976
821.266223
820.495859
819.634555
819.585716
820.445939
821.215336
821.892239
822.475183
822.962907
823.354357
823.648686
823.845259
823.943652
823.943652
823.845259
823.648686
823.354357
822.962907
822.475183
821.892239
821.215336
820.445939
819.585716
819.536938
820.396082
821.164514
821.840568
822.422780
822.909892
823.300850
823.594810
823.791136
823.889406
823.889406
823.791136
823.594810
823.300850
822.909892
822.422780
821.840568
821.164514
820.396082
819.536938
819.488221
820.346288
821.113756
821.788961
822.370443
822.856944
823.247411
823.541002
823.737082
823.835228
823.835228
823.737082
823.541002
823.247411
822.856944
822.370443
821.788961
821.113756
820.346288
819.488221
819.439565
820.296556
821.063061
821.737420
822.318172
822.804062
823.194040
823.487262
823.683096
823.781119
823.781119
823.683096
823.487262
823.194040
822.804062
822.318172
821.737420
821.063061
820.296556
819.439565
819.390971
820.246887
821.012431
821.685943
822.265967
822.751248
823.140736
823.433590
823.629179
823.727078
823.727078
823.629179
823.433590
823.140736
822.751248
822.265967
821.685943
821.012431
820.246887
819.390971
819.342437
820.197280
820.961864
821.634532
822.213828
822.698500
823.087499
823.379986
823.575329
823.673106
823.673106
823.575329
823.379986
823.087499
822.698500
822.213828
821.634532
820.961864
820.197280
819.342437
819.293964
820.147736
820.911361
821.583185
822.161755
822.645818
823.034330
823.326450
823.521548
823.619202
823.619202
823.521548
823.326450
823.034330
822.645818
822.161755
821.583185
820.911361
820.147736
819.293964
819.245552
820.098253
820.860921
821.531903
822.109747
822.593203
822.981228
823.272981
823.467834
823.565366
823.565366
823.467834
823.272981
822.981228
822.593203
822.109747
821.531903
820.860921
820.098253
819.245552
819.197201
820.048833
820.810545
821.480685
822.057805
822.540655
822.928193
823.219580
823.414189
823.511598
823.511598
823.414189
823.219580
822.928193
822.540655
822.057805
821.480685
820.810545
820.048833
819.197201
819.148910
819.999475
820.760232
821.429532
822.005928
822.488173
822.875224
823.166247
823.360611
823.457898
823.457898
823.360611
823.166247
822.875224
822.488173
822.005928
821.429532
820.760232
819.999475
819.148910
819.100680
819.950179
820.709982
821.378444
821.954117
822.435757
822.822323
823.112980
823.307101
823.404266
823.404266
823.307101
823.112980
822.822323
822.435757
821.954117
821.378444
820.709982
819.950179
819.100680
819.052510
819.900945
820.659796
821.327419
821.902371
822.383407
822.769489
823.059781
823.253659
823.350702
823.350702
823.253659
823.059781
822.769489
822.383407
821.902371
821.327419
820.659796
819.900945
819.052510
819.004401
819.851772
820.609672
821.276459
821.850690
822.331123
822.716721
823.006650
823.200284
823.297206
823.297206
823.200284
823.006650
822.716721
822.331123
821.850690
821.276459
820.609672
819.851772
819.004401
818.956351
819.802662
820.559612
821.225563
821.799075
822.278906
822.664020
822.953585
823.146977
823.243777
823.243777
823.146977
822.953585
822.664020
822.278906
821.799075
821.225563
820.559612
819.802662
818.956351
818.908363
819.753613
820.509615
821.174732
821.747524
822.226754
822.611385
822.900587
823.093736
823.190415
823.190415
823.093736
822.900587
822.611385
822.226754
821.747524
821.174732
820.509615
819.753613
818.908363
818.860434
819.704625
820.459680
821.123964
821.696038
822.174667
822.558817
822.847657
823.040564
823.137121
823.137121
823.040564
822.847657
822.558817
822.174667
821.696038
821.123964
820.459680
819.704625
818.860434
818.812565
819.655699
820.409809
821.073260
821.644618
822.122647
822.506315
822.794793
822.987458
823.083895
823.083895
822.987458
822.794793
822.506315
822.122647
821.644618
821.073260
820.409809
819.655699
818.812565
818.764756
819.606835
820.359999
821.022620
821.593262
822.070692
822.453879
822.741996
822.934419
823.030735
823.030735
822.934419
822.741996
822.453879
822.070692
821.593262
821.022620
820.359999
819.606835
818.764756
818.717007
819.558032
820.310253
820.972043
821.541970
822.018803
822.401510
822.689265
822.881448
822.977643
822.977643
822.881448
822.689265
822.401510
822.018803
821.541970
820.972043
820.310253
819.558032
818.717007
818.669318
819.509290
820.260569
820.921530
821.490744
821.966979
822.349206
822.636601
822.828543
822.924617
822.924617
822.828543
822.636601
822.349206
821.966979
821.490744
820.921530
820.260569
819.509290
818.669318
818.621689
819.460609
820.210947
820.871081
821.439582
821.915220
822.296969
822.584003
822.775705
822.871659
822.871659
822.775705
822.584003
822.296969
821.915220
821.439582
820.871081
820.210947
819.460609
818.621689
818.574119
819.411989
820.161388
820.820695
821.388484
821.863526
822.244797
822.531472
822.722934
822.818767
822.818767
822.722934
822.531472
822.244797
821.863526
821.388484
820.820695
820.161388
819.411989
818.574119
818.526609
819.363430
820.111891
820.770373
821.337450
821.811898
822.192691
822.479007
822.670229
822.765943
822.765943
822.670229
822.479007
822.192691
821.811898
821.337450
820.770373
820.111891
819.363430
818.526609
818.479158
819.314932
820.062456
820.720114
821.286481
821.760335
822.140651
822.426609
822.617591
822.713185
822.713185
822.617591
822.426609
822.140651
821.760335
821.286481
820.720114
820.062456
819.314932
818.479158
818.431767
819.266495
820.013084
820.669918
821.235576
821.708837
822.088677
822.374276
822.565019
822.660493
822.660493
822.565019
822.374276
822.088677
821.708837
821.235576
820.669918
820.013084
819.266495
818.431767
818.384435
819.218118
819.963773
820.619785
821.184735
821.657403
822.036768
822.322009
822.512513
822.607868
822.607868
822.512513
822.322009
822.036768
821.657403
821.184735
820.619785
819.963773
819.218118
818.384435
818.337163
819.169803
819.914524
820.569715
821.133958
821.606034
821.984924
822.269809
822.460074
822.555310
822.555310
822.460074
822.269809
821.984924
821.606034
821.133958
820.569715
819.914524
819.169803
818.337163
818.289949
819.121548
819.865337
820.519708
821.083245
821.554731
821.933146
822.217674
822.407701
822.502817
822.502817
822.407701
822.217674
821.933146
821.554731
821.083245
820.519708
819.865337
819.121548
818.289949
818.242794
819.073353
819.816212
820.469764
821.032596
821.503491
821.881433
822.165605
822.355394
822.450391
822.450391
822.355394
822.165605
821.881433
821.503491
821.032596
820.469764
819.816212
819.073353
818.242794
818.195699
819.025219
819.767148
820.419883
820.982010
821.452316
821.829785
822.113601
822.303153
822.398031
822.398031
822.303153
822.113601
821.829785
821.452316
820.982010
820.419883
819.767148
819.025219
818.195699
818.148662
818.977145
819.718146
820.370064
820.931489
821.401206
821.778202
822.061663
822.250978
822.345737
822.345737
822.250978
822.061663
821.778202
821.401206
820.931489
820.370064
819.718146
818.977145
818.148662
818.101685
818.929131
819.669206
820.320308
820.881030
821.350160
821.726684
822.009791
822.198868
822.293509
822.293509
822.198868
822.009791
821.726684
821.350160
820.881030
820.320308
819.669206
818.929131
818.101685
818.054766
818.881177
819.620327
820.270615
820.830635
821.299178
821.675231
821.957984
822.146825
822.241347
822.241347
822.146825
821.957984
821.675231
821.299178
820.830635
820.270615
819.620327
818.881177
818.054766
818.007905
818.833284
819.571509
820.220984
820.780304
821.248261
821.623843
821.906242
822.094847
822.189251
822.189251
822.094847
821.906242
821.623843
821.248261
820.780304
820.220984
819.571509
818.833284
818.007905
817.961104
818.785450
819.522753
820.171415
820.730036
821.197407
821.572520
821.854565
822.042934
822.137220
822.137220
822.042934
821.854565
821.572520
821.197407
820.730036
820.171415
819.522753
818.785450
817.961104
817.914361
818.737677
819.474057
820.121909
820.679831
821.146617
821.521261
821.802954
821.991087
822.085255
822.085255
821.991087
821.802954
821.521261
821.146617
820.679831
820.121909
819.474057
818.737677
817.914361
817.867676
818.689963
819.425423
820.072464
820.629689
821.095892
821.470067
821.751407
821.939305
822.033355
822.033355
821.939305
821.751407
821.470067
821.095892
820.629689
820.072464
819.425423
818.689963
817.867676
817.821049
818.642309
819.376850
820.023082
820.579610
821.045230
821.418937
821.699926
821.887588
821.981521
821.981521
821.887588
821.699926
821.418937
821.045230
820.579610
820.023082
819.376850
818.642309
817.821049
817.774481
818.594715
819.328337
819.973762
820.529594
820.994632
821.367872
821.648509
821.835937
821.929752
821.929752
821.835937
821.648509
821.367872
820.994632
820.529594
819.973762
819.328337
818.594715
817.774481
817.727971
818.547180
819.279886
819.924504
820.479641
820.944097
821.316871
821.597157
821.784351
821.878049
821.878049
821.784351
821.597157
821.316871
820.944097
820.479641
819.924504
819.279886
818.547180
817.727971
817.681520
818.499705
819.231495
819.875307
820.429750
820.893626
821.265934
821.545869
821.732829
821.826410
821.826410
821.732829
821.545869
821.265934
820.893626
820.429750
819.875307
819.231495
818.499705
817.681520
817.635126
818.452289
819.183165
819.826173
820.379923
820.843219
821.215061
821.494647
821.681373
821.774836
821.774836
821.681373
821.494647
821.215061
820.843219
820.379923
819.826173
819.183165
818.452289
817.635126
817.588790
818.404932
819.134895
819.777100
820.330158
820.792875
821.164252
821.443488
821.629981
821.723328
821.723328
821.629981
821.443488
821.164252
820.792875
820.330158
819.777100
819.134895
818.404932
817.588790
817.542512
818.357635
819.086686
819.728088
820.280455
820.742594
821.113507
821.392395
821.578654
821.671884
821.671884
821.578654
821.392395
821.113507
820.742594
820.280455
819.728088
819.086686
818.357635
817.542512
817.496292
818.310397
819.038537
819.679138
820.230815
820.692377
821.062826
821.341365
821.527392
821.620505
821.620505
821.527392
821.341365
821.062826
820.692377
820.230815
819.679138
819.038537
818.310397
817.496292
817.450130
818.263218
818.990449
819.630250
820.181238
820.642222
821.012209
821.290400
821.476194
821.569191
821.569191
821.476194
821.290400
821.012209
820.642222
820.181238
819.630250
818.990449
818.263218
817.450130
817.404026
818.216098
818.942421
819.581423
820.131722
820.592131
820.961655
821.239498
821.425060
821.517942
821.517942
821.425060
821.239498
820.961655
820.592131
820.131722
819.581423
818.942421
818.216098
817.404026
817.357979
818.169037
818.894453
819.532657
820.082269
820.542103
820.911165
821.188661
821.373991
821.466756
821.466756
821.373991
821.188661
820.911165
820.542103
820.082269
819.532657
818.894453
818.169037
817.357979
817.311989
818.122035
818.846545
819.483952
820.032878
820.492137
820.860739
821.137888
821.322987
821.415636
821.415636
821.322987
821.137888
820.860739
820.492137
820.032878
819.483952
818.846545
818.122035
817.311989
817.266057
818.075092
818.798698
819.435308
819.983548
820.442234
820.810376
821.087179
821.272046
821.364580
821.364580
821.272046
821.087179
820.810376
820.442234
819.983548
819.435308
818.798698
818.075092
817.266057
817.220182
818.028208
818.750910
819.386726
819.934281
820.392394
820.760076
821.036533
821.221170
821.313587
821.313587
821.221170
821.036533
820.760076
820.392394
819.934281
819.386726
818.750910
818.028208
817.220182
817.174365
817.981382
818.703182
819.338204
819.885076
820.342617
820.709839
820.985951
821.170357
821.262660
821.262660
821.170357
820.985951
820.709839
820.342617
819.885076
819.338204
818.703182
817.981382
817.174365
817.128604
817.934614
818.655513
819.289743
819.835932
820.292902
820.659666
820.935433
821.119609
821.211796
821.211796
821.119609
820.935433
820.659666
820.292902
819.835932
819.289743
818.655513
817.934614
817.128604
817.082901
817.887905
818.607905
819.241343
819.786850
820.243249
820.609555
820.884978
821.068924
821.160996
821.160996
821.068924
820.884978
820.609555
820.243249
819.786850
819.241343
818.607905
817.887905
817.082901
817.037255
817.841255
818.560356
819.193003
819.737830
820.193659
820.559508
820.834587
821.018303
821.110260
821.110260
821.018303
820.834587
820.559508
820.193659
819.737830
819.193003
818.560356
817.841255
817.037255
816.991666
817.794663
818.512867
819.144724
819.688871
820.144131
820.509523
820.784259
820.967746
821.059588
821.059588
820.967746
820.784259
820.509523
820.144131
819.688871
819.144724
818.512867
817.794663
816.991666
816.946134
817.748129
818.465437
819.096506
819.639973
820.094666
820.459602
820.733994
820.917252
821.008979
821.008979
820.917252
820.733994
820.459602
820.094666
819.639973
819.096506
818.465437
817.748129
816.946134
816.900658
817.701653
818.418066
819.048348
819.591137
820.045262
820.409743
820.683793
820.866822
820.958435
820.958435
820.866822
820.683793
820.409743
820.045262
819.591137
819.048348
818.418066
817.701653
816.900658
816.855239
817.655235
818.370755
819.000250
819.542362
819.995920
820.359946
820.633654
820.816455
820.907953
820.907953
820.816455
820.633654
820.359946
819.995920
819.542362
819.000250
818.370755
817.655235
816.855239
816.809877
817.608876
818.323502
818.952213
819.493649
819.946641
820.310212
820.583579
820.766151
820.857536
820.857536
820.766151
820.583579
820.310212
819.946641
819.493649
818.952213
818.323502
817.608876
816.809877
816.764572
817.562574
818.276309
818.904236
819.444996
819.897423
820.260541
820.533566
820.715911
820.807181
820.807181
820.715911
820.533566
820.260541
819.897423
819.444996
818.904236
818.276309
817.562574
816.764572
816.719323
817.516330
818.229175
818.856318
819.396404
819.848267
820.210932
820.483617
820.665734
820.756890
820.756890
820.665734
820.483617
820.210932
819.848267
819.396404
818.856318
818.229175
817.516330
816.719323
816.674130
817.470144
818.182100
818.808461
819.347874
819.799173
820.161385
820.433730
820.615619
820.706662
820.706662
820.615619
820.433730
820.161385
819.799173
819.347874
818.808461
818.182100
817.470144
816.674130
816.628994
817.424015
818.135084
818.760664
819.299404
819.750140
820.111901
820.383905
820.565568
820.656498
820.656498
820.565568
820.383905
820.111901
819.750140
819.299404
818.760664
818.135084
817.424015
816.628994
816.583914
817.377944
818.088127
818.712927
819.250995
819.701169
820.062478
820.334144
820.515580
820.606396
820.606396
820.515580
820.334144
820.062478
819.701169
819.250995
818.712927
818.088127
817.377944
816.583914
816.538890
817.331931
818.041228
818.665249
819.202646
819.652259
820.013118
820.284445
820.465655
820.556357
820.556357
820.465655
820.284445
820.013118
819.652259
819.202646
818.665249
818.041228
817.331931
816.538890
816.493923
817.285975
817.994388
818.617631
819.154358
819.603410
819.963819
820.234808
820.415792
820.506381
820.506381
820.415792
820.234808
819.963819
819.603410
819.154358
818.617631
817.994388
817.285975
816.493923
816.449011
817.240077
817.947607
818.570073
819.106131
819.554623
819.914583
820.185233
820.365992
820.456468
820.456468
820.365992
820.185233
819.914583
819.554623
819.106131
818.570073
817.947607
817.240077
816.449011
816.404156
817.194235
817.900884
818.522575
819.057964
819.505897
819.865408
820.135721
820.316254
820.406618
820.406618
820.316254
820.135721
819.865408
819.505897
819.057964
818.522575
817.900884
817.194235
816.404156
816.359356
817.148452
817.854220
818.475135
819.009858
819.457232
819.816295
820.086271
820.266579
820.356830
820.356830
820.266579
820.086271
819.816295
819.457232
819.009858
818.475135
817.854220
817.148452
816.359356
816.314612
817.102725
817.807614
818.427755
818.961811
819.408628
819.767243
820.036883
820.216966
820.307105
820.307105
820.216966
820.036883
819.767243
819.408628
818.961811
818.427755
817.807614
817.102725
816.314612
816.269924
817.057055
817.761066
818.380435
818.913825
819.360086
819.718254
819.987557
820.167416
820.257442
820.257442
820.167416
819.987557
819.718254
819.360086
818.913825
818.380435
817.761066
817.057055
816.269924
816.225292
817.011442
817.714576
818.333173
818.865899
819.311603
819.669325
819.938293
820.117927
820.207841
820.207841
820.117927
819.938293
819.669325
819.311603
818.865899
818.333173
817.714576
817.011442
816.225292
816.180715
816.965886
817.668144
818.285971
818.818033
819.263182
819.620458
819.889091
820.068501
820.158303
820.158303
820.068501
819.889091
819.620458
819.263182
818.818033
818.285971
817.668144
816.965886
816.180715
816.136194
816.920387
817.621771
818.238828
818.770227
819.214821
819.571652
819.839950
820.019137
820.108827
820.108827
820.019137
819.839950
819.571652
819.214821
818.770227
818.238828
817.621771
816.920387
816.136194
816.091728
816.874945
817.575455
818.191744
818.722481
819.166521
819.522907
819.790871
819.969835
820.059413
820.059413
819.969835
819.790871
819.522907
819.166521
818.722481
818.191744
817.575455
816.874945
816.091728
816.047318
816.829560
817.529197
818.144718
818.674794
819.118282
819.474224
819.741854
819.920595
820.010061
820.010061
819.920595
819.741854
819.474224
819.118282
818.674794
818.144718
817.529197
816.829560
816.047318
816.002962
816.784231
817.482997
818.097752
818.627168
819.070103
819.425601
819.692898
819.871416
819.960771
819.960771
819.871416
819.692898
819.425601
819.070103
818.627168
818.097752
817.482997
816.784231
816.002962
815.958663
816.738958
817.436855
818.050844
818.579601
819.021984
819.377040
819.644003
819.822299
819.911543
819.911543
819.822299
819.644003
819.377040
819.021984
818.579601
818.050844
817.436855
816.738958
815.958663
815.914418
816.693742
817.390770
818.003995
818.532093
818.973925
819.328539
819.595170
819.773244
819.862377
819.862377
819.773244
819.595170
819.328539
818.973925
818.532093
818.003995
817.390770
816.693742
815.914418
815.870228
816.648583
817.344743
817.957204
818.484645
818.925927
819.280099
819.546398
819.724250
819.813272
819.813272
819.724250
819.546398
819.280099
818.925927
818.484645
817.957204
817.344743
816.648583
815.870228
815.826094
816.603480
817.298773
817.910472
818.437256
818.877989
819.231720
819.497688
819.675318
819.764229
819.764229
819.675318
819.497688
819.231720
818.877989
818.437256
817.910472
817.298773
816.603480
815.826094
815.782014
816.558433
817.252861
817.863798
818.389927
818.830111
819.183402
819.449038
819.626447
819.715247
819.715247
819.626447
819.449038
819.183402
818.830111
818.389927
817.863798
817.252861
816.558433
815.782014
815.737989
816.513442
817.207006
817.817183
818.342657
818.782293
819.135144
819.400449
819.577637
819.666327
819.666327
819.577637
819.400449
819.135144
818.782293
818.342657
817.817183
817.207006
816.513442
815.737989
815.694019
816.468507
817.161208
817.770626
818.295445
818.734534
819.086946
819.351921
819.528889
819.617468
819.617468
819.528889
819.351921
819.086946
818.734534
818.295445
817.770626
817.161208
816.468507
815.694019
815.650104
816.423628
817.115467
817.724127
818.248293
818.686836
819.038809
819.303454
819.480202
819.568671
819.568671
819.480202
819.303454
819.038809
818.686836
818.248293
817.724127
817.115467
816.423628
815.650104
815.606243
816.378805
817.069784
817.677686
818.201200
818.639197
818.990732
819.255048
819.431575
819.519934
819.519934
819.431575
819.255048
818.990732
818.639197
818.201200
817.677686
817.069784
816.378805
815.606243
815.562437
816.334038
817.024157
817.631303
818.154166
818.591618
818.942715
819.206702
819.383010
819.471259
819.471259
819.383010
819.206702
818.942715
818.591618
818.154166
817.631303
817.024157
816.334038
815.562437
815.518685
816.289327
816.978588
817.584979
818.107191
818.544098
818.894759
819.158417
819.334506
819.422645
819.422645
819.334506
819.158417
818.894759
818.544098
818.107191
817.584979
816.978588
816.289327
815.518685
815.474988
816.244672
816.933075
817.538712
818.060274
818.496638
818.846862
819.110193
819.286062
819.374091
819.374091
819.286062
819.110193
818.846862
818.496638
818.060274
817.538712
816.933075
816.244672
815.474988
815.431345
816.200072
816.887619
817.492502
818.013416
818.449237
818.799026
819.062028
819.237679
819.325599
819.325599
819.237679
819.062028
818.799026
818.449237
818.013416
817.492502
816.887619
816.200072
815.431345
815.387757
816.155528
816.842220
817.446351
817.966617
818.401896
818.751249
819.013925
819.189356
819.277167
819.277167
819.189356
819.013925
818.751249
818.401896
817.966617
817.446351
816.842220
816.155528
815.387757
815.344222
816.111039
816.796877
817.400257
817.919876
818.354613
818.703532
818.965881
819.141095
819.228796
819.228796
819.141095
818.965881
818.703532
818.354613
817.919876
817.400257
816.796877
816.111039
815.344222
815.300742
816.066605
816.751591
817.354221
817.873193
818.307390
818.655875
818.917898
819.092893
819.180485
819.180485
819.092893
818.917898
818.655875
818.307390
817.873193
817.354221
816.751591
816.066605
815.300742
815.257316
816.022227
816.706362
817.308242
817.826569
818.260226
818.608278
818.869974
819.044752
819.132235
819.132235
819.044752
818.869974
818.608278
818.260226
817.826569
817.308242
816.706362
816.022227
815.257316
815.213944
815.977905
816.661189
817.262321
817.780003
818.213121
818.560740
818.822111
818.996672
819.084046
819.084046
818.996672
818.822111
818.560740
818.213121
817.780003
817.262321
816.661189
815.977905
815.213944
815.170626
815.933637
816.616072
817.216456
817.733496
818.166075
818.513261
818.774307
818.948651
819.035917
819.035917
818.948651
818.774307
818.513261
818.166075
817.733496
817.216456
816.616072
815.933637
815.170626
815.127361
815.889424
816.571011
817.170650
817.687046
818.119087
818.465842
818.726564
818.900691
818.987848
818.987848
818.900691
818.726564
818.465842
818.119087
817.687046
817.170650
816.571011
815.889424
815.127361
815.084151
815.845267
816.526007
817.124900
817.640655
818.072159
818.418483
818.678880
818.852790
818.939839
818.939839
818.852790
818.678880
818.418483
818.072159
817.640655
817.124900
816.526007
815.845267
815.084151
815.040994
815.801164
816.481058
817.079207
817.594321
818.025289
818.371182
818.631256
818.804950
818.891890
818.891890
818.804950
818.631256
818.371182
818.025289
817.594321
817.079207
816.481058
815.801164
815.040994
814.997890
815.757117
816.436166
817.033572
817.548045
817.978478
818.323941
818.583691
818.757169
818.844002
818.844002
818.757169
818.583691
818.323941
817.978478
817.548045
817.033572
816.436166
815.757117
814.997890
814.954841
815.713124
816.391330
816.987993
817.501827
817.931725
818.276759
818.536186
818.709449
818.796173
818.796173
818.709449
818.536186
818.276759
817.931725
817.501827
816.987993
816.391330
815.713124
814.954841
814.911844
815.669186
816.346549
816.942471
817.455667
817.885030
818.229635
818.488741
818.661788
818.748405
818.748405
818.661788
818.488741
818.229635
817.885030
817.455667
816.942471
816.346549
815.669186
814.911844
814.868902
815.625303
816.301824
816.897006
817.409565
817.838394
818.182571
818.441354
818.614186
818.700696
818.700696
818.614186
818.441354
818.182571
817.838394
817.409565
816.897006
816.301824
815.625303
814.868902
814.826012
815.581474
816.257155
816.851598
817.363520
817.791816
818.135566
818.394027
818.566645
818.653046
818.653046
818.566645
818.394027
818.135566
817.791816
817.363520
816.851598
816.257155
815.581474
814.826012
814.783176
815.537700
816.212542
816.806246
817.317532
817.745297
818.088619
818.346759
818.519162
818.605457
818.605457
818.519162
818.346759
818.088619
817.745297
817.317532
816.806246
816.212542
815.537700
814.783176
814.740393
815.493980
816.167984
816.760951
817.271602
817.698835
818.041731
818.299551
818.471739
818.557926
818.557926
818.471739
818.299551
818.041731
817.698835
817.271602
816.760951
816.167984
815.493980
814.740393
814.697663
815.450315
816.123482
816.715713
817.225729
817.652432
817.994902
818.252401
818.424376
818.510456
818.510456
818.424376
818.252401
817.994902
817.652432
817.225729
816.715713
816.123482
815.450315
814.697663
814.654986
815.406703
816.079035
816.670530
817.179913
817.606086
817.948131
818.205310
818.377071
818.463045
818.463045
818.377071
818.205310
817.948131
817.606086
817.179913
816.670530
816.079035
815.406703
814.654986
814.612362
815.363147
816.034644
816.625405
817.134155
817.559799
817.901418
818.158278
818.329826
818.415693
818.415693
818.329826
818.158278
817.901418
817.559799
817.134155
816.625405
816.034644
815.363147
814.612362
814.569791
815.319644
815.990307
816.580335
817.088454
817.513569
817.854764
818.111305
818.282640
818.368400
818.368400
818.282640
818.111305
817.854764
817.513569
817.088454
816.580335
815.990307
815.319644
814.569791
814.527273
815.276195
815.946026
816.535321
817.042809
817.467397
817.808168
818.064391
818.235513
818.321166
818.321166
818.235513
818.064391
817.808168
817.467397
817.042809
816.535321
815.946026
815.276195
814.527273
814.484808
815.232801
815.901801
816.490364
816.997222
817.421282
817.761631
818.017535
818.188445
818.273992
818.273992
818.188445
818.017535
817.761631
817.421282
816.997222
816.490364
815.901801
815.232801
814.484808
814.442396
815.189460
815.857630
816.445463
816.951692
817.375225
817.715151
817.970738
818.141436
818.226876
818.226876
818.141436
817.970738
817.715151
817.375225
816.951692
816.445463
815.857630
815.189460
814.442396
814.400036
815.146173
815.813514
816.400617
816.906218
817.329226
817.668730
817.924000
818.094485
818.179820
818.179820
818.094485
817.924000
817.668730
817.329226
816.906218
816.400617
815.813514
815.146173
814.400036
814.357728
815.102940
815.769453
816.355828
816.860801
817.283284
817.622367
817.877319
818.047593
818.132822
818.132822
818.047593
817.877319
817.622367
817.283284
816.860801
816.355828
815.769453
815.102940
814.357728
814.315473
815.059761
815.725447
816.311094
816.815441
817.237399
817.576061
817.830697
818.000760
818.085883
818.085883
818.000760
817.830697
817.576061
817.237399
816.815441
816.311094
815.725447
815.059761
814.315473
814.273271
815.016635
815.681495
816.266416
816.770137
817.191572
817.529814
817.784134
817.953985
818.039002
818.039002
817.953985
817.784134
817.529814
817.191572
816.770137
816.266416
815.681495
815.016635
814.273271
814.231121
814.973563
815.637599
816.221794
816.724890
817.145802
817.483624
817.737628
817.907269
817.992180
817.992180
817.907269
817.737628
817.483624
817.145802
816.724890
816.221794
815.637599
814.973563
814.231121
814.189023
814.930545
815.593757
816.177227
816.679699
817.100089
817.437491
817.691181
817.860611
817.945417
817.945417
817.860611
817.691181
817.437491
817.100089
816.679699
816.177227
815.593757
814.930545
814.189023
814.146978
814.887580
815.549969
816.132716
816.634564
817.054433
817.391417
817.644791
817.814011
817.898712
817.898712
817.814011
817.644791
817.391417
817.054433
816.634564
816.132716
815.549969
814.887580
814.146978
814.104984
814.844668
815.506236
816.088260
816.589486
817.008833
817.345400
817.598460
817.767470
817.852066
817.852066
817.767470
817.598460
817.345400
817.008833
816.589486
816.088260
815.506236
814.844668
814.104984
814.063043
814.801810
815.462557
816.043860
816.544464
816.963291
817.299440
817.552186
817.720986
817.805477
817.805477
817.720986
817.552186
817.299440
816.963291
816.544464
816.043860
815.462557
814.801810
814.063043
814.021154
814.759005
815.418933
815.999515
816.499498
816.917806
817.253537
817.505970
817.674561
817.758947
817.758947
817.674561
817.505970
817.253537
816.917806
816.499498
815.999515
815.418933
814.759005
814.021154
813.979316
814.716253
815.375363
815.955225
816.454588
816.872377
817.207692
817.459812
817.628194
817.712475
817.712475
817.628194
817.459812
817.207692
816.872377
816.454588
815.955225
815.375363
814.716253
813.979316
813.937531
814.673554
815.331847
815.910990
816.409734
816.827005
817.161904
817.413711
817.581884
817.666061
817.666061
817.581884
817.413711
817.161904
816.827005
816.409734
815.910990
815.331847
814.673554
813.937531
813.895797
814.630908
815.288385
815.866810
816.364936
816.781689
817.116174
817.367668
817.535633
817.619705
817.619705
817.535633
817.367668
817.116174
816.781689
816.364936
815.866810
815.288385
814.630908
813.895797
813.854115
814.588315
815.244977
815.822685
816.320194
816.736430
817.070500
817.321683
817.489439
817.573407
817.573407
817.489439
817.321683
817.070500
816.736430
816.320194
815.822685
815.244977
814.588315
813.854115
813.812485
814.545775
815.201624
815.778615
816.275507
816.691228
817.024883
817.275755
817.443303
817.527167
817.527167
817.443303
817.275755
817.024883
816.691228
816.275507
815.778615
815.201624
814.545775
813.812485
813.770906
814.503288
815.158324
815.734600
816.230876
816.646082
816.979323
817.229884
817.397224
817.480984
817.480984
817.397224
817.229884
816.979323
816.646082
816.230876
815.734600
815.158324
814.503288
813.770906
813.729379
814.460853
815.115078
815.690640
816.186301
816.600992
816.933820
817.184070
817.351203
817.434859
817.434859
817.351203
817.184070
816.933820
816.600992
816.186301
815.690640
815.115078
814.460853
813.729379
813.687903
814.418472
815.071885
815.646735
816.141781
816.555958
816.888374
817.138314
817.305239
817.388792
817.388792
817.305239
817.138314
816.888374
816.555958
816.141781
815.646735
815.071885
814.418472
813.687903
813.646479
814.376142
815.028746
815.602884
816.097317
816.510980
816.842984
817.092614
817.259333
817.342782
817.342782
817.259333
817.092614
816.842984
816.510980
816.097317
815.602884
815.028746
814.376142
813.646479
813.605106
814.333866
814.985661
815.559087
816.052908
816.466059
816.797651
817.046972
817.213484
817.296830
817.296830
817.213484
817.046972
816.797651
816.466059
816.052908
815.559087
814.985661
814.333866
813.605106
813.563784
814.291641
814.942630
815.515345
816.008554
816.421193
816.752375
817.001386
817.167692
817.250934
817.250934
817.167692
817.001386
816.752375
816.421193
816.008554
815.515345
814.942630
814.291641
813.563784
813.522514
814.249470
814.899652
815.471658
815.964255
816.376383
816.707155
816.955858
817.121957
817.205097
817.205097
817.121957
816.955858
816.707155
816.376383
815.964255
815.471658
814.899652
814.249470
813.522514
813.481294
814.207350
814.856727
815.428025
815.920012
816.331629
816.661991
816.910386
817.076280
817.159316
817.159316
817.076280
816.910386
816.661991
816.331629
815.920012
815.428025
814.856727
814.207350
813.481294
813.440126
814.165283
814.813855
815.384446
815.875824
816.286931
816.616883
816.864971
817.030659
817.113592
817.113592
817.030659
816.864971
816.616883
816.286931
815.875824
815.384446
814.813855
814.165283
813.440126
813.399009
814.123268
814.771037
815.340921
815.831690
816.242289
816.571832
816.819612
816.985095
817.067926
817.067926
816.985095
816.819612
816.571832
816.242289
815.831690
815.340921
814.771037
814.123268
813.399009
813.357942
814.081305
814.728272
815.297450
815.787612
816.197702
816.526837
816.774310
816.939588
817.022316
817.022316
816.939588
816.774310
816.526837
816.197702
815.787612
815.297450
814.728272
814.081305
813.357942
813.316926
814.039394
814.685560
815.254034
815.743588
816.153170
816.481898
816.729064
816.894138
816.976763
816.976763
816.894138
816.729064
816.481898
816.153170
815.743588
815.254034
814.685560
814.039394
813.316926
813.275962
813.997535
814.642902
815.210671
815.699619
816.108694
816.437015
816.683875
816.848744
816.931267
816.931267
816.848744
816.683875
816.437015
816.108694
815.699619
815.210671
814.642902
813.997535
813.275962
813.235048
813.955728
814.600296
815.167362
815.655705
816.064274
816.392188
816.638742
816.803407
816.885828
816.885828
816.803407
816.638742
816.392188
816.064274
815.655705
815.167362
814.600296
813.955728
813.235048
813.194184
813.913972
814.557743
815.124107
815.611846
816.019908
816.347416
816.593666
816.758127
816.840446
816.840446
816.758127
816.593666
816.347416
816.019908
815.611846
815.124107
814.557743
813.913972
813.194184
813.153371
813.872269
814.515242
815.080906
815.568041
815.975598
816.302701
816.548645
816.712903
816.795120
816.795120
816.712903
816.548645
816.302701
815.975598
815.568041
815.080906
814.515242
813.872269
813.153371
813.112609
813.830617
814.472795
815.037758
815.524290
815.931343
816.258041
816.503681
816.667735
816.749850
816.749850
816.667735
816.503681
816.258041
815.931343
815.524290
815.037758
814.472795
813.830617
813.112609
813.071897
813.789017
814.430400
814.994665
815.480594
815.887143
816.213437
816.458773
816.622623
816.704637
816.704637
816.622623
816.458773
816.213437
815.887143
815.480594
814.994665
814.430400
813.789017
813.071897
813.031235
813.747468
814.388058
814.951624
815.436953
815.842999
816.168888
816.413920
816.577568
816.659480
816.659480
816.577568
816.413920
816.168888
815.842999
815.436953
814.951624
814.388058
813.747468
813.031235
812.990624
813.705971
814.345768
814.908637
815.393365
815.798909
816.124395
816.369124
816.532569
816.614380
816.614380
816.532569
816.369124
816.124395
815.798909
815.393365
814.908637
814.345768
813.705971
812.990624
812.950063
813.664525
814.303531
814.865704
815.349832
815.754874
816.079957
816.324383
816.487626
816.569336
816.569336
816.487626
816.324383
816.079957
815.754874
815.349832
814.865704
814.303531
813.664525
812.950063
812.909552
813.623131
814.261346
814.822824
815.306353
815.710893
816.035574
816.279698
816.442739
816.524347
816.524347
816.442739
816.279698
816.035574
815.710893
815.306353
814.822824
814.261346
813.623131
812.909552
812.869092
813.581788
814.219214
814.779997
815.262928
815.666968
815.991247
816.235069
816.397908
816.479415
816.479415
816.397908
816.235069
815.991247
815.666968
815.262928
814.779997
814.219214
813.581788
812.869092
812.828681
813.540496
814.177134
814.737223
815.219557
815.623097
815.946975
816.190495
816.353133
816.434539
816.434539
816.353133
816.190495
815.946975
815.623097
815.219557
814.737223
814.177134
813.540496
812.828681
812.788321
813.499255
814.135106
814.694502
815.176239
815.579280
815.902758
816.145976
816.308413
816.389719
816.389719
816.308413
816.145976
815.902758
815.579280
815.176239
814.694502
814.135106
813.499255
812.788321
812.748010
813.458066
814.093130
814.651835
815.132976
815.535518
815.858596
816.101513
816.263749
816.344954
816.344954
816.263749
816.101513
815.858596
815.535518
815.132976
814.651835
814.093130
813.458066
812.748010
812.707749
813.416927
814.051206
814.609220
815.089766
815.491811
815.814489
816.057106
816.219141
816.300246
816.300246
816.219141
816.057106
815.814489
815.491811
815.089766
814.609220
814.051206
813.416927
812.707749
812.667538
813.375839
814.009334
814.566658
815.046610
815.448158
815.770436
816.012754
816.174588
816.255593
816.255593
816.174588
816.012754
815.770436
815.448158
815.046610
814.566658
814.009334
813.375839
812.667538
812.627376
813.334802
813.967515
814.524149
815.003508
815.404559
815.726439
815.968457
816.130091
816.210995
816.210995
816.130091
815.968457
815.726439
815.404559
815.003508
814.524149
813.967515
813.334802
812.627376
812.587265
813.293816
813.925746
814.481693
814.960459
815.361014
815.682496
815.924215
816.085649
816.166453
816.166453
816.085649
815.924215
815.682496
815.361014
814.960459
814.481693
813.925746
813.293816
812.587265
812.547203
813.252881
813.884030
814.439290
814.917464
815.317524
815.638608
815.880028
816.041263
816.121967
816.121967
816.041263
815.880028
815.638608
815.317524
814.917464
814.439290
813.884030
813.252881
812.547203
812.507190
813.211997
813.842366
814.396939
814.874522
815.274087
815.594775
815.835896
815.996931
816.077536
816.077536
815.996931
815.835896
815.594775
815.274087
814.874522
814.396939
813.842366
813.211997
812.507190
812.467227
813.171163
813.800753
814.354640
814.831633
815.230704
815.550996
815.791819
815.952655
816.033160
816.033160
815.952655
815.791819
815.550996
815.230704
814.831633
814.354640
813.800753
813.171163
812.467227
812.427313
813.130379
813.759191
814.312395
814.788798
815.187376
815.507271
815.747796
815.908434
815.988839
815.988839
815.908434
815.747796
815.507271
815.187376
814.788798
814.312395
813.759191
813.130379
812.427313
812.387449
813.089646
813.717681
814.270201
814.746016
815.144101
815.463601
815.703829
815.864268
815.944574
815.944574
815.864268
815.703829
815.463601
815.144101
814.746016
814.270201
813.717681
813.089646
812.387449
812.347633
813.048964
813.676223
814.228060
814.703287
815.100880
815.419985
815.659916
815.820157
815.900364
815.900364
815.820157
815.659916
815.419985
815.100880
814.703287
814.228060
813.676223
813.048964
812.347633
812.307867
813.008331
813.634816
814.185971
814.660611
815.057713
815.376423
815.616058
815.776101
815.856208
815.856208
815.776101
815.616058
815.376423
815.057713
814.660611
814.185971
813.634816
813.008331
812.307867
812.268151
812.967749
813.593460
814.143935
814.617988
815.014599
815.332916
815.572254
815.732099
815.812108
815.812108
815.732099
815.572254
815.332916
815.014599
814.617988
814.143935
813.593460
812.967749
812.268151
812.228483
812.927218
813.552156
814.101950
814.575417
814.971539
815.289463
815.528505
815.688153
815.768062
815.768062
815.688153
815.528505
815.289463
814.971539
814.575417
814.101950
813.552156
812.927218
812.228483
812.188864
812.886736
813.510902
814.060018
814.532900
814.928532
815.246063
815.484810
815.644260
815.724071
815.724071
815.644260
815.484810
815.246063
814.928532
814.532900
814.060018
813.510902
812.886736
812.188864
812.149294
812.846305
813.469700
814.018137
814.490435
814.885579
815.202717
815.441170
815.600423
815.680135
815.680135
815.600423
815.441170
815.202717
814.885579
814.490435
814.018137
813.469700
812.846305
812.149294
812.109773
812.805923
813.428549
813.976309
814.448024
814.842679
815.159426
815.397583
815.556640
815.636254
815.636254
815.556640
815.397583
815.159426
814.842679
814.448024
813.976309
813.428549
812.805923
812.109773
812.070301
812.765592
813.387448
813.934532
814.405664
814.799832
815.116188
815.354051
815.512911
815.592427
815.592427
815.512911
815.354051
815.116188
814.799832
814.405664
813.934532
813.387448
812.765592
812.070301
812.030878
812.725310
813.346399
813.892807
814.363358
814.757039
815.073004
815.310573
815.469237
815.548654
815.548654
815.469237
815.310573
815.073004
814.757039
814.363358
813.892807
813.346399
812.725310
812.030878
811.991503
812.685078
813.305400
813.851134
814.321103
814.714298
815.029873
815.267149
815.425617
815.504936
815.504936
815.425617
815.267149
815.029873
814.714298
814.321103
813.851134
813.305400
812.685078
811.991503
811.952177
812.644896
813.264453
813.809512
814.278902
814.671611
814.986796
815.223779
815.382052
815.461273
815.461273
815.382052
815.223779
814.986796
814.671611
814.278902
813.809512
813.264453
812.644896
811.952177
811.912899
812.604763
813.223555
813.767942
814.236752
814.628977
814.943773
815.180463
815.338540
815.417663
815.417663
815.338540
815.180463
814.943773
814.628977
814.236752
813.767942
813.223555
812.604763
811.912899
811.873670
812.564681
813.182709
813.726424
814.194655
814.586395
814.900803
815.137201
815.295083
815.374108
815.374108
815.295083
815.137201
814.900803
814.586395
814.194655
813.726424
813.182709
812.564681
811.873670
811.834489
812.524647
813.141913
813.684957
814.152610
814.543867
814.857886
815.093992
815.251679
815.330607
815.330607
815.251679
815.093992
814.857886
814.543867
814.152610
813.684957
813.141913
812.524647
811.834489
811.795357
812.484663
813.101167
813.643541
814.110617
814.501391
814.815022
815.050837
815.208329
815.287160
815.287160
815.208329
815.050837
814.815022
814.501391
814.110617
813.643541
813.101167
812.484663
811.795357
811.756273
812.444729
813.060472
813.602177
814.068676
814.458968
814.772212
815.007736
815.165034
815.243767
815.243767
815.165034
815.007736
814.772212
814.458968
814.068676
813.602177
813.060472
812.444729
811.756273
811.717237
812.404844
813.019828
813.560864
814.026788
814.416597
814.729455
814.964688
815.121792
815.200428
815.200428
815.121792
814.964688
814.729455
814.416597
814.026788
813.560864
813.019828
812.404844
811.717237
811.678250
812.365008
812.979233
813.519602
813.984951
814.374280
814.686751
814.921694
815.078604
815.157143
815.157143
815.078604
814.921694
814.686751
814.374280
813.984951
813.519602
812.979233
812.365008
811.678250
811.639310
812.325222
812.938689
813.478391
813.943166
814.332014
814.644100
814.878753
815.035469
815.113911
815.113911
815.035469
814.878753
814.644100
814.332014
813.943166
813.478391
812.938689
812.325222
811.639310
811.600419
812.285484
812.898195
813.437231
813.901432
814.289801
814.601502
814.835865
814.992388
815.070733
815.070733
814.992388
814.835865
814.601502
814.289801
813.901432
813.437231
812.898195
812.285484
811.600419
811.561575
812.245796
812.857751
813.396122
813.859751
814.247641
814.558957
814.793031
814.949360
815.027609
815.027609
814.949360
814.793031
814.558957
814.247641
813.859751
813.396122
812.857751
812.245796
811.561575
811.522780
812.206157
812.817357
813.355064
813.818121
814.205532
814.516464
814.750250
814.906386
814.984538
814.984538
814.906386
814.750250
814.516464
814.205532
813.818121
813.355064
812.817357
812.206157
811.522780
811.484032
812.166567
812.777013
813.314057
813.776543
814.163476
814.474025
814.707522
814.863466
814.941521
814.941521
814.863466
814.707522
814.474025
814.163476
813.776543
813.314057
812.777013
812.166567
811.484032
811.445332
812.127025
812.736719
813.273101
813.735016
814.121472
814.431638
814.664847
814.820598
814.898557
814.898557
814.820598
814.664847
814.431638
814.121472
813.735016
813.273101
812.736719
812.127025
811.445332
811.406680
812.087533
812.696475
813.232195
813.693541
814.079520
814.389303
814.622225
814.777784
814.855647
814.855647
814.777784
814.622225
814.389303
814.079520
813.693541
813.232195
812.696475
812.087533
811.406680
811.368075
812.048089
812.656280
813.191340
813.652117
814.037620
814.347021
814.579655
814.735023
814.812790
814.812790
814.735023
814.579655
814.347021
814.037620
813.652117
813.191340
812.656280
812.048089
811.368075
811.329518
812.008694
812.616135
813.150535
813.610744
813.995772
814.304792
814.537139
814.692315
814.769986
814.769986
814.692315
814.537139
814.304792
813.995772
813.610744
813.150535
812.616135
812.008694
811.329518
811.291009
811.969347
812.576040
813.109781
813.569423
813.953976
814.262614
814.494675
814.649660
814.727235
814.727235
814.649660
814.494675
814.262614
813.953976
813.569423
813.109781
812.576040
811.969347
811.291009
811.252547
811.930049
812.535994
813.069078
813.528153
813.912232
814.220490
814.452264
814.607057
814.684537
814.684537
814.607057
814.452264
814.220490
813.912232
813.528153
813.069078
812.535994
811.930049
811.252547
811.214132
811.890800
812.495998
813.028425
813.486934
813.870539
814.178417
814.409906
814.564508
814.641892
814.641892
814.564508
814.409906
814.178417
813.870539
813.486934
813.028425
812.495998
811.890800
811.214132
811.175765
811.851599
812.456052
812.987822
813.445765
813.828898
814.136396
814.367600
814.522012
814.599301
814.599301
814.522012
814.367600
814.136396
813.828898
813.445765
812.987822
812.456052
811.851599
811.175765
811.137445
811.812446
812.416154
812.947269
813.404648
813.787309
814.094428
814.325346
814.479568
814.556762
814.556762
814.479568
814.325346
814.094428
813.787309
813.404648
812.947269
812.416154
811.812446
811.137445
811.099173
811.773342
812.376306
812.906766
813.363582
813.745771
814.052512
814.283145
814.437177
814.514275
814.514275
814.437177
814.283145
814.052512
813.745771
813.363582
812.906766
812.376306
811.773342
811.099173
811.060947
811.734286
812.336507
812.866314
813.322567
813.704285
814.010647
814.240997
814.394838
814.471842
814.471842
814.394838
814.240997
814.010647
813.704285
813.322567
812.866314
812.336507
811.734286
811.060947
811.022769
811.695278
812.296758
812.825912
813.281602
813.662850
813.968835
814.198900
814.352552
814.429461
814.429461
814.352552
814.198900
813.968835
813.662850
813.281602
812.825912
812.296758
811.695278
811.022769
810.984637
811.656319
812.257057
812.785559
813.240688
813.621466
813.927074
814.156856
814.310319
814.387132
814.387132
814.310319
814.156856
813.927074
813.621466
813.240688
812.785559
812.257057
811.656319
810.984637
810.946553
811.617407
812.217406
812.745257
813.199825
813.580134
813.885365
814.114864
814.268137
814.344856
814.344856
814.268137
814.114864
813.885365
813.580134
813.199825
812.745257
812.217406
811.617407
810.946553
810.908516
811.578544
812.177803
812.705004
813.159012
813.538852
813.843708
814.072924
814.226008
814.302633
814.302633
814.226008
814.072924
813.843708
813.538852
813.159012
812.705004
812.177803
811.578544
810.908516
810.870525
811.539728
812.138249
812.664801
813.118250
813.497622
813.802102
814.031036
814.183932
814.260462
814.260462
814.183932
814.031036
813.802102
813.497622
813.118250
812.664801
812.138249
811.539728
810.870525
810.832581
811.500960
812.098745
812.624648
813.077538
813.456443
813.760548
813.989200
814.141907
814.218343
814.218343
814.141907
813.989200
813.760548
813.456443
813.077538
812.624648
812.098745
811.500960
810.832581
810.794684
811.462240
812.059289
812.584544
813.036877
813.415315
813.719045
813.947415
814.099935
814.176276
814.176276
814.099935
813.947415
813.719045
813.415315
813.036877
812.584544
812.059289
811.462240
810.794684
810.756834
811.423568
812.019881
812.544490
812.996266
813.374238
813.677594
813.905683
814.058014
814.134262
814.134262
814.058014
813.905683
813.677594
813.374238
812.996266
812.544490
812.019881
811.423568
810.756834
810.719030
811.384944
811.980523
812.504485
812.955705
813.333211
813.636194
813.864002
814.016146
814.092300
814.092300
814.016146
813.864002
813.636194
813.333211
812.955705
812.504485
811.980523
811.384944
810.719030
810.681273
811.346367
811.941213
812.464530
812.915194
813.292236
813.594845
813.822373
813.974329
814.050389
814.050389
813.974329
813.822373
813.594845
813.292236
812.915194
812.464530
811.941213
811.346367
810.681273
810.643562
811.307837
811.901951
812.424625
812.874734
813.251311
813.553548
813.780795
813.932564
814.008531
814.008531
813.932564
813.780795
813.553548
813.251311
812.874734
812.424625
811.901951
811.307837
810.643562
810.605897
811.269356
811.862738
812.384768
812.834323
813.210437
813.512301
813.739269
813.890851
813.966724
813.966724
813.890851
813.739269
813.512301
813.210437
812.834323
812.384768
811.862738
811.269356
810.605897
810.568280
811.230921
811.823573
812.344961
812.793962
813.169613
813.471106
813.697794
813.849190
813.924969
813.924969
813.849190
813.697794
813.471106
813.169613
812.793962
812.344961
811.823573
811.230921
810.568280
810.530708
811.192534
811.784457
812.305203
812.753652
813.128840
813.429962
813.656371
813.807580
813.883266
813.883266
813.807580
813.656371
813.429962
813.128840
812.753652
812.305203
811.784457
811.192534
810.530708
810.493182
811.154194
811.745389
812.265494
812.713391
813.088117
813.388869
813.614998
813.766022
813.841615
813.841615
813.766022
813.614998
813.388869
813.088117
812.713391
812.265494
811.745389
811.154194
810.493182
810.455703
811.115902
811.706369
812.225834
812.673180
813.047445
813.347826
813.573678
813.724515
813.800015
813.800015
813.724515
813.573678
813.347826
813.047445
812.673180
812.225834
811.706369
811.115902
810.455703
810.418270
811.077657
811.667397
812.186223
812.633018
813.006823
813.306834
813.532408
813.683060
813.758467
813.758467
813.683060
813.532408
813.306834
813.006823
812.633018
812.186223
811.667397
811.077657
810.418270
810.380883
811.039459
811.628474
812.146661
812.592907
812.966251
813.265893
813.491189
813.641656
813.716970
813.716970
813.641656
813.491189
813.265893
812.966251
812.592907
812.146661
811.628474
811.039459
810.380883
810.343542
811.001308
811.589598
812.107148
812.552844
812.925730
813.225003
813.450022
813.600303
813.675524
813.675524
813.600303
813.450022
813.225003
812.925730
812.552844
812.107148
811.589598
811.001308
810.343542
810.306247
810.963204
811.550770
812.067684
812.512832
812.885258
813.184163
813.408905
813.559002
813.634130
813.634130
813.559002
813.408905
813.184163
812.885258
812.512832
812.067684
811.550770
810.963204
810.306247
810.268998
810.925146
811.511991
812.028268
812.472868
812.844837
813.143374
813.367839
813.517751
813.592787
813.592787
813.517751
813.367839
813.143374
812.844837
812.472868
812.028268
811.511991
810.925146
810.268998
810.231794
810.887136
811.473259
811.988901
812.432955
812.804465
813.102635
813.326824
813.476552
813.551496
813.551496
813.476552
813.326824
813.102635
812.804465
812.432955
811.988901
811.473259
810.887136
810.231794
810.194637
810.849173
811.434575
811.949583
812.393090
812.764144
813.061947
813.285860
813.435403
813.510255
813.510255
813.435403
813.285860
813.061947
812.764144
812.393090
811.949583
811.434575
810.849173
810.194637
810.157525
810.811256
811.395938
811.910313
812.353275
812.723872
813.021309
813.244947
813.394306
813.469066
813.469066
813.394306
813.244947
813.021309
812.723872
812.353275
811.910313
811.395938
810.811256
810.157525
810.120458
810.773386
811.357349
811.871091
812.313509
812.683650
812.980721
813.204084
813.353259
813.427927
813.427927
813.353259
813.204084
812.980721
812.683650
812.313509
811.871091
811.357349
810.773386
810.120458
810.083438
810.735563
811.318808
811.831918
812.273792
812.643478
812.940184
813.163272
813.312264
813.386839
813.386839
813.312264
813.163272
812.940184
812.643478
812.273792
811.831918
811.318808
810.735563
810.083438
810.046462
810.697786
811.280314
811.792794
812.234124
812.603355
812.899696
813.122510
813.271318
813.345803
813.345803
813.271318
813.122510
812.899696
812.603355
812.234124
811.792794
811.280314
810.697786
810.046462
810.009533
810.660056
811.241868
811.753717
812.194505
812.563282
812.859259
813.081798
813.230424
813.304817
813.304817
813.230424
813.081798
812.859259
812.563282
812.194505
811.753717
811.241868
810.660056
810.009533
809.972648
810.622372
811.203469
811.714689
812.154935
812.523259
812.818871
813.041137
813.189580
813.263881
813.263881
813.189580
813.041137
812.818871
812.523259
812.154935
811.714689
811.203469
810.622372
809.972648
809.935809
810.584735
811.165117
811.675709
812.115413
812.483285
812.778534
813.000527
813.148787
813.222997
813.222997
813.148787
813.000527
812.778534
812.483285
812.115413
811.675709
811.165117
810.584735
809.935809
809.899016
810.547143
811.126813
811.636777
812.075941
812.443360
812.738246
812.959966
813.108044
813.182163
813.182163
813.108044
812.959966
812.738246
812.443360
812.075941
811.636777
811.126813
810.547143
809.899016
809.862267
810.509599
811.088556
811.597894
812.036517
812.403485
812.698008
812.919456
813.067352
813.141379
813.141379
813.067352
812.919456
812.698008
812.403485
812.036517
811.597894
811.088556
810.509599
809.862267
809.825564
810.472100
811.050346
811.559058
811.997142
812.363659
812.657820
812.878995
813.026710
813.100646
813.100646
813.026710
812.878995
812.657820
812.363659
811.997142
811.559058
811.050346
810.472100
809.825564
809.788906
810.434648
811.012183
811.520270
811.957816
812.323882
812.617682
812.838585
812.986118
813.059963
813.059963
812.986118
812.838585
812.617682
812.323882
811.957816
811.520270
811.012183
810.434648
809.788906
809.752293
810.397241
810.974067
811.481529
811.918538
812.284154
812.577593
812.798225
812.945576
813.019331
813.019331
812.945576
812.798225
812.577593
812.284154
811.918538
811.481529
810.974067
810.397241
809.752293
809.715725
810.359881
810.935998
811.442837
811.879309
812.244476
812.537554
812.757914
812.905085
812.978749
812.978749
812.905085
812.757914
812.537554
812.244476
811.879309
811.442837
810.935998
810.359881
809.715725
809.679201
810.322566
810.897976
811.404192
811.840128
812.204846
812.497564
812.717654
812.864643
812.938217
812.938217
812.864643
812.717654
812.497564
812.204846
811.840128
811.404192
810.897976
810.322566
809.679201
809.642723
810.285298
810.860001
811.365595
811.800995
812.165265
812.457624
812.677443
812.824252
812.897735
812.897735
812.824252
812.677443
812.457624
812.165265
811.800995
811.365595
810.860001
810.285298
809.642723
809.606289
810.248075
810.822072
811.327046
811.761911
812.125733
812.417732
812.637282
812.783910
812.857303
812.857303
812.783910
812.637282
812.417732
812.125733
811.761911
811.327046
810.822072
810.248075
809.606289
809.569901
810.210898
810.784190
811.288544
811.722874
812.086250
812.377891
812.597170
812.743618
812.816921
812.816921
812.743618
812.597170
812.377891
812.086250
811.722874
811.288544
810.784190
810.210898
809.569901
809.533557
810.173767
810.746355
811.250089
811.683886
812.046816
812.338098
812.557108
812.703376
812.776589
812.776589
812.703376
812.557108
812.338098
812.046816
811.683886
811.250089
810.746355
810.173767
809.533557
809.497257
810.136682
810.708567
811.211682
811.644947
812.007430
812.298355
812.517096
812.663184
812.736307
812.736307
812.663184
812.517096
812.298355
812.007430
811.644947
811.211682
810.708567
810.136682
809.497257
809.461002
810.099642
810.670825
811.173322
811.606055
811.968093
812.258660
812.477133
812.623042
812.696074
812.696074
812.623042
812.477133
812.258660
811.968093
811.606055
811.173322
810.670825
810.099642
809.461002
809.424792
810.062648
810.633129
811.135010
811.567211
811.928804
812.219015
812.437219
812.582949
812.655892
812.655892
812.582949
812.437219
812.219015
811.928804
811.567211
811.135010
810.633129
810.062648
809.424792
809.388626
810.025699
810.595480
811.096744
811.528415
811.889564
812.179418
812.397354
812.542905
812.615759
812.615759
812.542905
812.397354
812.179418
811.889564
811.528415
811.096744
810.595480
810.025699
809.388626
809.352505
809.988796
810.557877
811.058526
811.489667
811.850373
812.139871
812.357539
812.502911
812.575675
812.575675
812.502911
812.357539
812.139871
811.850373
811.489667
811.058526
810.557877
809.988796
809.352505
809.316427
809.951938
810.520321
811.020355
811.450966
811.811230
812.100372
812.317773
812.462967
812.535642
812.535642
812.462967
812.317773
812.100372
811.811230
811.450966
811.020355
810.520321
809.951938
809.316427
809.280395
809.915125
810.482810
810.982231
811.412313
811.772135
812.060922
812.278056
812.423072
812.495657
812.495657
812.423072
812.278056
812.060922
811.772135
811.412313
810.982231
810.482810
809.915125
809.280395
809.244406
809.878357
810.445346
810.944154
811.373708
811.733088
812.021521
812.238388
812.383226
812.455722
812.455722
812.383226
812.238388
812.021521
811.733088
811.373708
810.944154
810.445346
809.878357
809.244406
809.208462
809.841635
810.407928
810.906124
811.335151
811.694089
811.982168
812.198770
812.343429
812.415836
812.415836
812.343429
812.198770
811.982168
811.694089
811.335151
810.906124
810.407928
809.841635
809.208462
809.172561
809.804958
810.370556
810.868140
811.296641
811.655139
811.942864
812.159200
812.303682
812.376000
812.376000
812.303682
812.159200
811.942864
811.655139
811.296641
810.868140
810.370556
809.804958
809.172561
809.136705
809.768326
810.333230
810.830204
811.258179
811.616236
811.903608
812.119678
812.263983
812.336213
812.336213
812.263983
812.119678
811.903608
811.616236
811.258179
810.830204
810.333230
809.768326
809.136705
809.100893
809.731739
810.295950
810.792314
811.219763
811.577382
811.864401
812.080206
812.224334
812.296475
812.296475
812.224334
812.080206
811.864401
811.577382
811.219763
810.792314
810.295950
809.731739
809.100893
809.065124
809.695197
810.258716
810.754470
811.181396
811.538575
811.825242
812.040782
812.184733
812.256786
812.256786
812.184733
812.040782
811.825242
811.538575
811.181396
810.754470
810.258716
809.695197
809.065124
809.029400
809.658699
810.221527
810.716674
811.143075
811.499817
811.786132
812.001407
812.145181
812.217145
812.217145
812.145181
812.001407
811.786132
811.499817
811.143075
810.716674
810.221527
809.658699
809.029400
808.993719
809.622247
810.184385
810.678924
811.104802
811.461106
811.747070
811.962081
812.105679
812.177554
812.177554
812.105679
811.962081
811.747070
811.461106
811.104802
810.678924
810.184385
809.622247
808.993719
808.958083
809.585840
810.147288
810.641220
811.066576
811.422442
811.708056
811.922803
812.066224
812.138012
812.138012
812.066224
811.922803
811.708056
811.422442
811.066576
810.641220
810.147288
809.585840
808.958083
808.922489
809.549477
810.110236
810.603563
811.028397
811.383827
811.669090
811.883574
812.026819
812.098519
812.098519
812.026819
811.883574
811.669090
811.383827
811.028397
810.603563
810.110236
809.549477
808.922489
808.886940
809.513158
810.073230
810.565952
810.990265
811.345259
811.630172
811.844393
811.987462
812.059074
812.059074
811.987462
811.844393
811.630172
811.345259
810.990265
810.565952
810.073230
809.513158
808.886940
808.851434
809.476885
810.036270
810.528387
810.952180
811.306738
811.591302
811.805260
811.948154
812.019678
812.019678
811.948154
811.805260
811.591302
811.306738
810.952180
810.528387
810.036270
809.476885
808.851434
808.815972
809.440656
809.999355
810.490869
810.914142
811.268265
811.552480
811.766176
811.908894
811.980330
811.980330
811.908894
811.766176
811.552480
811.268265
810.914142
810.490869
809.999355
809.440656
808.815972
808.780553
809.404471
809.962485
810.453397
810.876151
811.229840
811.513706
811.727139
811.869683
811.941031
811.941031
811.869683
811.727139
811.513706
811.229840
810.876151
810.453397
809.962485
809.404471
808.780553
808.745178
809.368331
809.925661
810.415970
810.838206
811.191462
811.474979
811.688151
811.830520
811.901781
811.901781
811.830520
811.688151
811.474979
811.191462
810.838206
810.415970
809.925661
809.368331
808.745178
808.709846
809.332235
809.888882
810.378590
810.800308
811.153131
811.436301
811.649211
811.791406
811.862579
811.862579
811.791406
811.649211
811.436301
811.153131
810.800308
810.378590
809.888882
809.332235
808.709846
808.674557
809.296184
809.852148
810.341256
810.762457
811.114847
811.397670
811.610319
811.752339
811.823425
811.823425
811.752339
811.610319
811.397670
811.114847
810.762457
810.341256
809.852148
809.296184
808.674557
808.639312
809.260177
809.815460
810.303968
810.724653
811.076611
811.359087
811.571475
811.713321
811.784320
811.784320
811.713321
811.571475
811.359087
811.076611
810.724653
810.303968
809.815460
809.260177
808.639312
808.604109
809.224214
809.778816
810.266726
810.686895
811.038421
811.320551
811.532679
811.674351
811.745263
811.745263
811.674351
811.532679
811.320551
811.038421
810.686895
810.266726
809.778816
809.224214
808.604109
808.568950
809.188295
809.742218
810.229529
810.649183
811.000279
811.282063
811.493931
811.635429
811.706254
811.706254
811.635429
811.493931
811.282063
811.000279
810.649183
810.229529
809.742218
809.188295
808.568950
808.533834
809.152420
809.705664
810.192379
810.611518
810.962183
811.243622
811.455230
811.596555
811.667293
811.667293
811.596555
811.455230
811.243622
810.962183
810.611518
810.192379
809.705664
809.152420
808.533834
808.498761
809.116589
809.669156
810.155274
810.573899
810.924135
811.205228
811.416577
811.557729
811.628380
811.628380
811.557729
811.416577
811.205228
810.924135
810.573899
810.155274
809.669156
809.116589
808.498761
808.463732
809.080802
809.632692
810.118214
810.536327
810.886133
811.166882
811.377972
811.518951
811.589516
811.589516
811.518951
811.377972
811.166882
810.886133
810.536327
810.118214
809.632692
809.080802
808.463732
808.428745
809.045059
809.596273
810.081200
810.498801
810.848178
811.128583
811.339415
811.480220
811.550699
811.550699
811.480220
811.339415
811.128583
810.848178
810.498801
810.081200
809.596273
809.045059
808.428745
808.393800
809.009360
809.559898
810.044232
810.461321
810.810270
811.090331
811.300904
811.441538
811.511930
811.511930
811.441538
811.300904
811.090331
810.810270
810.461321
810.044232
809.559898
809.009360
808.393800
808.358899
808.973705
809.523569
810.007309
810.423887
810.772409
811.052127
811.262442
811.402903
811.473208
811.473208
811.402903
811.262442
811.052127
810.772409
810.423887
810.007309
809.523569
808.973705
808.358899
808.324040
808.938094
809.487284
809.970431
810.386499
810.734594
811.013969
811.224026
811.364315
811.434535
811.434535
811.364315
811.224026
811.013969
810.734594
810.386499
809.970431
809.487284
808.938094
808.324040
808.289225
808.902526
809.451043
809.933599
810.349157
810.696825
810.975859
811.185658
811.325775
811.395909
811.395909
811.325775
811.185658
810.975859
810.696825
810.349157
809.933599
809.451043
808.902526
808.289225
808.254451
808.867002
809.414848
809.896812
810.311861
810.659104
810.937795
811.147338
811.287283
811.357331
811.357331
811.287283
811.147338
810.937795
810.659104
810.311861
809.896812
809.414848
808.867002
808.254451
808.219721
808.831521
809.378696
809.860070
810.274611
810.621428
810.899778
811.109064
811.248838
811.318800
811.318800
811.248838
811.109064
810.899778
810.621428
810.274611
809.860070
809.378696
808.831521
808.219721
808.185033
808.796084
809.342589
809.823374
810.237407
810.583799
810.861808
811.070838
811.210440
811.280317
811.280317
811.210440
811.070838
810.861808
810.583799
810.237407
809.823374
809.342589
808.796084
808.185033
808.150387
808.760690
809.306526
809.786722
810.200248
810.546216
810.823885
811.032659
811.172090
811.241881
811.241881
811.172090
811.032659
810.823885
810.546216
810.200248
809.786722
809.306526
808.760690
808.150387
808.115784
808.725340
809.270508
809.750116
810.163135
810.508680
810.786008
810.994526
811.133787
811.203492
811.203492
811.133787
810.994526
810.786008
810.508680
810.163135
809.750116
809.270508
808.725340
808.115784
808.081223
808.690033
809.234533
809.713554
810.126068
810.471189
810.748178
810.956441
811.095531
811.165151
811.165151
811.095531
810.956441
810.748178
810.471189
810.126068
809.713554
809.234533
808.690033
808.081223
808.046705
808.654769
809.198603
809.677038
810.089046
810.433745
810.710395
810.918403
811.057323
811.126857
811.126857
811.057323
810.918403
810.710395
810.433745
810.089046
809.677038
809.198603
808.654769
808.046705
808.012228
808.619549
809.162717
809.640566
810.052070
810.396347
810.672658
810.880411
811.019161
811.088610
811.088610
811.019161
810.880411
810.672658
810.396347
810.052070
809.640566
809.162717
808.619549
808.012228
807.977794
808.584372
809.126875
809.604139
810.015140
810.358995
810.634968
810.842466
810.981046
811.050410
811.050410
810.981046
810.842466
810.634968
810.358995
810.015140
809.604139
809.126875
808.584372
807.977794
807.943402
808.549238
809.091077
809.567757
809.978254
810.321689
810.597324
810.804568
810.942978
811.012258
811.012258
810.942978
810.804568
810.597324
810.321689
809.978254
809.567757
809.091077
808.549238
807.943402
807.909053
808.514147
809.055323
809.531419
809.941414
810.284428
810.559726
810.766717
810.904957
810.974152
810.974152
810.904957
810.766717
810.559726
810.284428
809.941414
809.531419
809.055323
808.514147
807.909053
807.874745
808.479099
809.019613
809.495127
809.904620
810.247214
810.522174
810.728912
810.866983
810.936093
810.936093
810.866983
810.728912
810.522174
810.247214
809.904620
809.495127
809.019613
808.479099
807.874745
807.840479
808.444093
808.983946
809.458878
809.867870
810.210045
810.484669
810.691153
810.829056
810.898081
810.898081
810.829056
810.691153
810.484669
810.210045
809.867870
809.458878
808.983946
808.444093
807.840479
807.806255
808.409131
808.948324
809.422674
809.831166
810.172922
810.447210
810.653442
810.791175
810.860116
810.860116
810.791175
810.653442
810.447210
810.172922
809.831166
809.422674
808.948324
808.409131
807.806255
807.772073
808.374212
808.912745
809.386515
809.794507
810.135845
810.409797
810.615776
810.753341
810.822198
810.822198
810.753341
810.615776
810.409797
810.135845
809.794507
809.386515
808.912745
808.374212
807.772073
807.737933
808.339335
808.877209
809.350400
809.757893
810.098813
810.372430
810.578157
810.715554
810.784326
810.784326
810.715554
810.578157
810.372430
810.098813
809.757893
809.350400
808.877209
808.339335
807.737933
807.703835
808.304501
808.841717
809.314329
809.721323
810.061826
810.335109
810.540584
810.677813
810.746501
810.746501
810.677813
810.540584
810.335109
810.061826
809.721323
809.314329
808.841717
808.304501
807.703835
807.669778
808.269710
808.806269
809.278303
809.684799
810.024886
810.297833
810.503057
810.640118
810.708722
810.708722
810.640118
810.503057
810.297833
810.024886
809.684799
809.278303
808.806269
808.269710
807.669778
807.635763
808.234962
808.770864
809.242321
809.648320
809.987990
810.260604
810.465577
810.602470
810.670990
810.670990
810.602470
810.465577
810.260604
809.987990
809.648320
809.242321
808.770864
808.234962
807.635763
807.601790
808.200256
808.735503
809.206383
809.611885
809.951140
810.223420
810.428143
810.564868
810.633304
810.633304
810.564868
810.428143
810.223420
809.951140
809.611885
809.206383
808.735503
808.200256
807.601790
807.567858
808.165592
808.700185
809.170489
809.575495
809.914335
810.186282
810.390754
810.527313
810.595665
810.595665
810.527313
810.390754
810.186282
809.914335
809.575495
809.170489
808.700185
808.165592
807.567858
807.533968
808.130971
808.664910
809.134639
809.539150
809.877576
810.149190
810.353412
810.489803
810.558072
810.558072
810.489803
810.353412
810.149190
809.877576
809.539150
809.134639
808.664910
808.130971
807.533968
807.500119
808.096392
808.629679
809.098833
809.502850
809.840861
810.112144
810.316115
810.452340
810.520525
810.520525
810.452340
810.316115
810.112144
809.840861
809.502850
809.098833
808.629679
808.096392
807.500119
807.466312
808.061856
808.594490
809.063071
809.466594
809.804192
810.075142
810.278865
810.414923
810.483025
810.483025
810.414923
810.278865
810.075142
809.804192
809.466594
809.063071
808.594490
808.061856
807.466312
807.432546
808.027362
808.559345
809.027353
809.430382
809.767568
810.038187
810.241660
810.377552
810.445570
810.445570
810.377552
810.241660
810.038187
809.767568
809.430382
809.027353
808.559345
808.027362
807.432546
807.398821
807.992910
808.524243
808.991679
809.394215
809.730988
810.001277
810.204501
810.340226
810.408162
810.408162
810.340226
810.204501
810.001277
809.730988
809.394215
808.991679
808.524243
807.992910
807.398821
807.365137
807.958500
808.489184
808.956048
809.358092
809.694454
809.964412
810.167388
810.302947
810.370799
810.370799
810.302947
810.167388
809.964412
809.694454
809.358092
808.956048
808.489184
807.958500
807.365137
807.331495
807.924133
808.454168
808.920462
809.322014
809.657964
809.927592
810.130320
810.265714
810.333483
810.333483
810.265714
810.130320
809.927592
809.657964
809.322014
808.920462
808.454168
807.924133
807.331495
807.297894
807.889807
808.419194
808.884918
809.285980
809.621520
809.890818
810.093298
810.228526
810.296212
810.296212
810.228526
810.093298
809.890818
809.621520
809.285980
808.884918
808.419194
807.889807
807.297894
807.264333
807.855524
808.384264
808.849419
809.249990
809.585120
809.854089
810.056321
810.191384
810.258988
810.258988
810.191384
810.056321
809.854089
809.585120
809.249990
808.849419
808.384264
807.855524
807.264333
807.230814
807.821282
808.349376
808.813963
809.214045
809.548764
809.817405
810.019390
810.154287
810.221809
810.221809
810.154287
810.019390
809.817405
809.548764
809.214045
808.813963
808.349376
807.821282
807.230814
807.197336
807.787083
808.314532
808.778550
809.178143
809.512454
809.780766
809.982504
810.117237
810.184675
810.184675
810.117237
809.982504
809.780766
809.512454
809.178143
808.778550
808.314532
807.787083
807.197336
807.163899
807.752925
808.279729
808.743181
809.142286
809.476188
809.744172
809.945663
810.080232
810.147588
810.147588
810.080232
809.945663
809.744172
809.476188
809.142286
808.743181
808.279729
807.752925
807.163899
807.130502
807.718809
808.244970
808.707855
809.106472
809.439966
809.707623
809.908868
810.043272
810.110546
810.110546
810.043272
809.908868
809.707623
809.439966
809.106472
808.707855
808.244970
807.718809
807.130502
807.097147
807.684735
808.210253
808.672573
809.070703
809.403789
809.671119
809.872118
810.006357
810.073549
810.073549
810.006357
809.872118
809.671119
809.403789
809.070703
808.672573
808.210253
807.684735
807.097147
807.063832
807.650702
808.175578
808.637333
809.034977
809.367657
809.634659
809.835413
809.969488
810.036598
810.036598
809.969488
809.835413
809.634659
809.367657
809.034977
808.637333
808.175578
807.650702
807.063832
807.030558
807.616711
808.140946
808.602137
808.999295
809.331568
809.598245
809.798753
809.932665
809.999692
809.999692
809.932665
809.798753
809.598245
809.331568
808.999295
808.602137
808.140946
807.616711
807.030558
806.997324
807.582762
808.106357
808.566984
808.963657
809.295524
809.561875
809.762139
809.895886
809.962832
809.962832
809.895886
809.762139
809.561875
809.295524
808.963657
808.566984
808.106357
807.582762
806.997324
806.964131
807.548854
808.071810
808.531875
808.928063
809.259524
809.525550
809.725569
809.859153
809.926017
809.926017
809.859153
809.725569
809.525550
809.259524
808.928063
808.531875
808.071810
807.548854
806.964131
806.930979
807.514988
808.037305
808.496808
808.892512
809.223569
809.489269
809.689044
809.822465
809.889247
809.889247
809.822465
809.689044
809.489269
809.223569
808.892512
808.496808
808.037305
807.514988
806.930979
806.897867
807.481163
808.002842
808.461784
808.857005
809.187657
809.453033
809.652564
809.785822
809.852522
809.852522
809.785822
809.652564
809.453033
809.187657
808.857005
808.461784
808.002842
807.481163
806.897867
806.864795
807.447380
807.968421
808.426803
808.821541
809.151790
809.416842
809.616128
809.749224
809.815843
809.815843
809.749224
809.616128
809.416842
809.151790
808.821541
808.426803
807.968421
807.447380
806.864795
806.831764
807.413637
807.934043
808.391865
808.786121
809.115966
809.380694
809.579738
809.712671
809.779208
809.779208
809.712671
809.579738
809.380694
809.115966
808.786121
808.391865
807.934043
807.413637
806.831764
806.798774
807.379936
807.899707
808.356970
808.750744
809.080187
809.344592
809.543392
809.676163
809.742619
809.742619
809.676163
809.543392
809.344592
809.080187
808.750744
808.356970
807.899707
807.379936
806.798774
806.765823
807.346276
807.865412
808.322117
808.715411
809.044451
809.308533
809.507091
809.639699
809.706074
809.706074
809.639699
809.507091
809.308533
809.044451
808.715411
808.322117
807.865412
807.346276
806.765823
806.732913
807.312658
807.831160
808.287307
808.680121
809.008760
809.272519
809.470834
809.603281
809.669575
809.669575
809.603281
809.470834
809.272519
809.008760
808.680121
808.287307
807.831160
807.312658
806.732913
806.700043
807.279080
807.796950
808.252540
808.644874
808.973111
809.236549
809.434622
809.566907
809.633120
809.633120
809.566907
809.434622
809.236549
808.973111
808.644874
808.252540
807.796950
807.279080
806.700043
806.667213
807.245544
807.762781
808.217815
808.609671
808.937507
809.200623
809.398454
809.530577
809.596710
809.596710
809.530577
809.398454
809.200623
808.937507
808.609671
808.217815
807.762781
807.245544
806.667213
806.634423
807.212048
807.728654
808.183133
808.574510
808.901947
809.164741
809.362331
809.494293
809.560344
809.560344
809.494293
809.362331
809.164741
808.901947
808.574510
808.183133
807.728654
807.212048
806.634423
806.601673
807.178594
807.694569
808.148493
808.539393
808.866430
809.128903
809.326252
809.458053
809.524024
809.524024
809.458053
809.326252
809.128903
808.866430
808.539393
808.148493
807.694569
807.178594
806.601673
806.568964
807.145180
807.660526
808.113896
808.504318
808.830956
809.093109
809.290217
809.421857
809.487747
809.487747
809.421857
809.290217
809.093109
808.830956
808.504318
808.113896
807.660526
807.145180
806.568964
806.536294
807.111807
807.626524
808.079341
808.469287
808.795526
809.057359
809.254226
809.385706
809.451516
809.451516
809.385706
809.254226
809.057359
808.795526
808.469287
808.079341
807.626524
807.111807
806.536294
806.503664
807.078475
807.592564
808.044829
808.434299
808.760139
809.021653
809.218280
809.349599
809.415328
809.415328
809.349599
809.218280
809.021653
808.760139
808.434299
808.044829
807.592564
807.078475
806.503664
806.471073
807.045184
807.558646
808.010358
808.399353
808.724796
808.985991
809.182378
809.313536
809.379186
809.379186
809.313536
809.182378
808.985991
808.724796
808.399353
808.010358
807.558646
807.045184
806.471073
806.438523
807.011933
807.524769
807.975930
808.364450
808.689496
808.950372
809.146519
809.277518
809.343087
809.343087
809.277518
809.146519
808.950372
808.689496
808.364450
807.975930
807.524769
807.011933
806.438523
806.406012
806.978723
807.490933
807.941544
808.329590
808.654240
808.914797
809.110705
809.241544
809.307033
809.307033
809.241544
809.110705
808.914797
808.654240
808.329590
807.941544
807.490933
806.978723
806.406012
806.373541
806.945553
807.457139
807.907200
808.294773
808.619026
808.879266
809.074935
809.205614
809.271023
809.271023
809.205614
809.074935
808.879266
808.619026
808.294773
807.907200
807.457139
806.945553
806.373541
806.341110
806.912424
807.423386
807.872898
808.259998
808.583856
808.843778
809.039208
809.169728
809.235057
809.235057
809.169728
809.039208
808.843778
808.583856
808.259998
807.872898
807.423386
806.912424
806.341110
806.308718
806.879336
807.389674
807.838638
808.225266
808.548729
808.808334
809.003526
809.133886
809.199136
809.199136
809.133886
809.003526
808.808334
808.548729
808.225266
807.838638
807.389674
806.879336
806.308718
806.276365
806.846287
807.356003
807.804420
808.190576
808.513645
808.772933
808.967887
809.098088
809.163258
809.163258
809.098088
808.967887
808.772933
808.513645
808.190576
807.804420
807.356003
806.846287
806.276365
806.244053
806.813280
807.322374
807.770244
808.155929
808.478604
808.737576
808.932291
809.062334
809.127425
809.127425
809.062334
808.932291
808.737576
808.478604
808.155929
807.770244
807.322374
806.813280
806.244053
806.211779
806.780312
807.288786
807.736110
808.121325
808.443605
808.702262
808.896740
809.026624
809.091635
809.091635
809.026624
808.896740
808.702262
808.443605
808.121325
807.736110
807.288786
806.780312
806.211779
806.179545
806.747385
807.255239
807.702017
808.086762
808.408650
808.666991
808.861232
808.990957
809.055889
809.055889
808.990957
808.861232
808.666991
808.408650
808.086762
807.702017
807.255239
806.747385
806.179545
806.147350
806.714498
807.221733
807.667966
808.052242
808.373737
808.631763
808.825767
808.955334
809.020187
809.020187
808.955334
808.825767
808.631763
808.373737
808.052242
807.667966
807.221733
806.714498
806.147350
806.115194
806.681651
807.188267
807.633957
808.017764
808.338868
808.596579
808.790346
808.919755
808.984529
808.984529
808.919755
808.790346
808.596579
808.338868
808.017764
807.633957
807.188267
806.681651
806.115194
806.083078
806.648844
807.154843
807.599989
807.983329
808.304041
808.561437
808.754969
808.884220
808.948915
808.948915
808.884220
808.754969
808.561437
808.304041
807.983329
807.599989
807.154843
806.648844
806.083078
806.051001
806.616078
807.121460
807.566063
807.948935
808.269256
808.526339
808.719634
808.848728
808.913344
808.913344
808.848728
808.719634
808.526339
808.269256
807.948935
807.566063
807.121460
806.616078
806.051001
806.018963
806.583351
807.088117
807.532179
807.914584
808.234514
808.491284
808.684343
808.813280
808.877817
808.877817
808.813280
808.684343
808.491284
808.234514
807.914584
807.532179
807.088117
806.583351
806.018963
805.986964
806.550664
807.054815
807.498335
807.880275
808.199815
808.456272
808.649096
808.777875
808.842333
808.842333
808.777875
808.649096
808.456272
808.199815
807.880275
807.498335
807.054815
806.550664
805.986964
805.955004
806.518017
807.021554
807.464534
807.846007
808.165158
808.421302
808.613891
808.742513
808.806893
808.806893
808.742513
808.613891
808.421302
808.165158
807.846007
807.464534
807.021554
806.518017
805.955004
805.923083
806.485410
806.988333
807.430773
807.811782
808.130544
808.386375
808.578730
808.707195
808.771497
808.771497
808.707195
808.578730
808.386375
808.130544
807.811782
807.430773
806.988333
806.485410
805.923083
805.891200
806.452843
806.955153
807.397054
807.777598
808.095972
808.351492
808.543612
808.671920
808.736143
808.736143
808.671920
808.543612
808.351492
808.095972
807.777598
807.397054
806.955153
806.452843
805.891200
805.859357
806.420315
806.922013
807.363376
807.743457
808.061442
808.316650
808.508536
808.636689
808.700833
808.700833
808.636689
808.508536
808.316650
808.061442
807.743457
807.363376
806.922013
806.420315
805.859357
805.827552
806.387827
806.888914
807.329739
807.709357
808.026954
808.281852
808.473504
808.601500
808.665567
808.665567
808.601500
808.473504
808.281852
808.026954
807.709357
807.329739
806.888914
806.387827
805.827552
805.795787
806.355379
806.855856
807.296143
807.675299
807.992509
808.247096
808.438515
808.566355
808.630343
808.630343
808.566355
808.438515
808.247096
807.992509
807.675299
807.296143
806.855856
806.355379
805.795787
805.764060
806.322971
806.822837
807.262589
807.641282
807.958106
808.212383
808.403568
808.531252
808.595163
808.595163
808.531252
808.403568
808.212383
807.958106
807.641282
807.262589
806.822837
806.322971
805.764060
805.732371
806.290601
806.789859
807.229075
807.607307
807.923745
808.177712
808.368664
808.496193
808.560026
808.560026
808.496193
808.368664
808.177712
807.923745
807.607307
807.229075
806.789859
806.290601
805.732371
805.700721
806.258272
806.756922
807.195602
807.573373
807.889426
808.143084
808.333803
808.461177
808.524932
808.524932
808.461177
808.333803
808.143084
807.889426
807.573373
807.195602
806.756922
806.258272
805.700721
805.669110
806.225982
806.724024
807.162171
807.539482
807.855149
808.108498
808.298985
808.426203
808.489880
808.489880
808.426203
808.298985
808.108498
807.855149
807.539482
807.162171
806.724024
806.225982
805.669110
805.637537
806.193731
806.691167
807.128780
807.505631
807.820914
808.073954
808.264209
808.391272
808.454872
808.454872
808.391272
808.264209
808.073954
807.820914
807.505631
807.128780
806.691167
806.193731
805.637537
805.606003
806.161519
806.658350
807.095429
807.471822
807.786721
808.039453
808.229476
808.356384
808.419907
808.419907
808.356384
808.229476
808.039453
807.786721
807.471822
807.095429
806.658350
806.161519
805.606003
805.574507
806.129347
806.625573
807.062120
807.438054
807.752570
808.004993
808.194785
808.321539
808.384984
808.384984
808.321539
808.194785
808.004993
807.752570
807.438054
807.062120
806.625573
806.129347
805.574507
805.543050
806.097214
806.592835
807.028851
807.404328
807.718460
807.970576
808.160137
808.286737
808.350104
808.350104
808.286737
808.160137
807.970576
807.718460
807.404328
807.028851
806.592835
806.097214
805.543050
805.511630
806.065120
806.560138
806.995623
807.370642
807.684392
807.936202
808.125531
808.251977
808.315267
808.315267
808.251977
808.125531
807.936202
807.684392
807.370642
806.995623
806.560138
806.065120
805.511630
805.480250
806.033066
806.527481
806.962436
807.336998
807.650366
807.901869
808.090968
808.217259
808.280473
808.280473
808.217259
808.090968
807.901869
807.650366
807.336998
806.962436
806.527481
806.033066
805.480250
805.448907
806.001050
806.494863
806.929289
807.303395
807.616381
807.867578
808.056447
808.182585
808.245721
808.245721
808.182585
808.056447
807.867578
807.616381
807.303395
806.929289
806.494863
806.001050
805.448907
805.417602
805.969073
806.462286
806.896182
807.269833
807.582438
807.833329
808.021968
808.147952
808.211011
808.211011
808.147952
808.021968
807.833329
807.582438
807.269833
806.896182
806.462286
805.969073
805.417602
805.386336
805.937136
806.429748
806.863116
807.236312
807.548537
807.799122
807.987531
808.113362
808.176345
808.176345
808.113362
807.987531
807.799122
807.548537
807.236312
806.863116
806.429748
805.937136
805.386336
805.355107
805.905237
806.397250
806.830090
807.202832
807.514677
807.764957
807.953137
808.078814
808.141720
808.141720
808.078814
807.953137
807.764957
807.514677
807.202832
806.830090
806.397250
805.905237
805.355107
805.323917
805.873377
806.364791
806.797105
807.169393
807.480858
807.730834
807.918784
808.044309
808.107138
808.107138
808.044309
807.918784
807.730834
807.480858
807.169393
806.797105
806.364791
805.873377
805.323917
805.292765
805.841556
806.332372
806.764160
807.135995
807.447081
807.696752
807.884474
808.009846
808.072598
808.072598
808.009846
807.884474
807.696752
807.447081
807.135995
806.764160
806.332372
805.841556
805.292765
805.261650
805.809774
806.299993
806.731255
807.102637
807.413345
807.662712
807.850206
807.975425
808.038101
808.038101
807.975425
807.850206
807.662712
807.413345
807.102637
806.731255
806.299993
805.809774
805.261650
805.230573
805.778031
806.267653
806.698390
807.069321
807.379650
807.628714
807.815979
807.941046
808.003646
808.003646
807.941046
807.815979
807.628714
807.379650
807.069321
806.698390
806.267653
805.778031
805.230573
805.199535
805.746326
806.235352
806.665566
807.036045
807.345996
807.594757
807.781794
807.906709
807.969233
807.969233
807.906709
807.781794
807.594757
807.345996
807.036045
806.665566
806.235352
805.746326
805.199535
805.168534
805.714660
806.203091
806.632781
807.002809
807.312384
807.560842
807.747652
807.872414
807.934862
807.934862
807.872414
807.747652
807.560842
807.312384
807.002809
806.632781
806.203091
805.714660
805.168534
805.137570
805.683032
806.170869
806.600037
806.969615
807.278812
807.526968
807.713550
807.838161
807.900533
807.900533
807.838161
807.713550
807.526968
807.278812
806.969615
806.600037
806.170869
805.683032
805.137570
805.106645
805.651443
806.138687
806.567332
806.936460
807.245282
807.493136
807.679491
807.803950
807.866246
807.866246
807.803950
807.679491
807.493136
807.245282
806.936460
806.567332
806.138687
805.651443
805.106645
805.075757
805.619892
806.106544
806.534667
806.903347
807.211792
807.459345
807.645473
807.769781
807.832001
807.832001
807.769781
807.645473
807.459345
807.211792
806.903347
806.534667
806.106544
805.619892
805.075757
805.044906
805.588380
806.074439
806.502042
806.870273
807.178344
807.425595
807.611497
807.735653
807.797798
807.797798
807.735653
807.611497
807.425595
807.178344
806.870273
806.502042
806.074439
805.588380
805.044906
805.014093
805.556906
806.042375
806.469457
806.837241
807.144936
807.391886
807.577562
807.701568
807.763636
807.763636
807.701568
807.577562
807.391886
807.144936
806.837241
806.469457
806.042375
805.556906
805.014093
804.983318
805.525471
806.010349
806.436912
806.804248
807.111569
807.358219
807.543669
807.667524
807.729517
807.729517
807.667524
807.543669
807.358219
807.111569
806.804248
806.436912
806.010349
805.525471
804.983318
804.952580
805.494074
805.978362
806.404407
806.771296
807.078243
807.324593
807.509818
807.633521
807.695439
807.695439
807.633521
807.509818
807.324593
807.078243
806.771296
806.404407
805.978362
805.494074
804.952580
804.921879
805.462715
805.946414
806.371941
806.738383
807.044958
807.291008
807.476007
807.599560
807.661403
807.661403
807.599560
807.476007
807.291008
807.044958
806.738383
806.371941
805.946414
805.462715
804.921879
804.891216
805.431394
805.914505
806.339514
806.705512
807.011713
807.257464
807.442238
807.565641
807.627409
807.627409
807.565641
807.442238
807.257464
807.011713
806.705512
806.339514
805.914505
805.431394
804.891216
804.860590
805.400111
805.882635
806.307128
806.672680
806.978509
807.223961
807.408511
807.531763
807.593456
807.593456
807.531763
807.408511
807.223961
806.978509
806.672680
806.307128
805.882635
805.400111
804.860590
804.830001
805.368867
805.850804
806.274780
806.639888
806.945345
807.190499
807.374824
807.497927
807.559544
807.559544
807.497927
807.374824
807.190499
806.945345
806.639888
806.274780
805.850804
805.368867
804.830001
804.799450
805.337660
805.819012
806.242473
806.607136
806.912222
807.157078
807.341179
807.464132
807.525674
807.525674
807.464132
807.341179
807.157078
806.912222
806.607136
806.242473
805.819012
805.337660
804.799450
804.768935
805.306492
805.787258
806.210204
806.574425
806.879140
807.123697
807.307574
807.430378
807.491846
807.491846
807.430378
807.307574
807.123697
806.879140
806.574425
806.210204
805.787258
805.306492
804.768935
804.738458
805.275361
805.755543
806.177975
806.541753
806.846097
807.090358
807.274011
807.396666
807.458058
807.458058
807.396666
807.274011
807.090358
806.846097
806.541753
806.177975
805.755543
805.275361
804.738458
804.708018
805.244268
805.723867
806.145785
806.509121
806.813095
807.057059
807.240489
807.362994
807.424312
807.424312
807.362994
807.240489
807.057059
806.813095
806.509121
806.145785
805.723867
805.244268
804.708018
804.677614
805.213213
805.692229
806.113635
806.476529
806.780134
807.023800
807.207008
807.329364
807.390608
807.390608
807.329364
807.207008
807.023800
806.780134
806.476529
806.113635
805.692229
805.213213
804.677614
804.647248
805.182196
805.660630
806.081524
806.443976
806.747212
806.990583
807.173567
807.295775
807.356944
807.356944
807.295775
807.173567
806.990583
806.747212
806.443976
806.081524
805.660630
805.182196
804.647248
804.616919
805.151217
805.629069
806.049451
806.411464
806.714331
806.957406
807.140168
807.262227
807.323322
807.323322
807.262227
807.140168
806.957406
806.714331
806.411464
806.049451
805.629069
805.151217
804.616919
804.586626
805.120275
805.597547
806.017418
806.378990
806.681490
806.924269
807.106809
807.228720
807.289740
807.289740
807.228720
807.106809
806.924269
806.681490
806.378990
806.017418
805.597547
805.120275
804.586626
804.556370
805.089371
805.566063
805.985424
806.346557
806.648689
806.891173
807.073491
807.195254
807.256200
807.256200
807.195254
807.073491
806.891173
806.648689
806.346557
805.985424
805.566063
805.089371
804.556370
804.526151
805.058505
805.534617
805.953469
806.314163
806.615928
806.858117
807.040214
807.161828
807.222701
807.222701
807.161828
807.040214
806.858117
806.615928
806.314163
805.953469
805.534617
805.058505
804.526151
804.495969
805.027676
805.503210
805.921553
806.281809
806.583207
806.825102
807.006977
807.128444
807.189242
807.189242
807.128444
807.006977
806.825102
806.583207
806.281809
805.921553
805.503210
805.027676
804.495969
804.465824
804.996885
805.471841
805.889676
806.249494
806.550526
806.792127
806.973781
807.095100
807.155825
807.155825
807.095100
806.973781
806.792127
806.550526
806.249494
805.889676
805.471841
804.996885
804.465824
804.435715
804.966131
805.440510
805.857837
806.217218
806.517884
806.759192
806.940626
807.061797
807.122448
807.122448
807.061797
806.940626
806.759192
806.517884
806.217218
805.857837
805.440510
804.966131
804.435715
804.405642
804.935414
805.409218
805.826038
806.184982
806.485283
806.726297
806.907511
807.028535
807.089112
807.089112
807.028535
806.907511
806.726297
806.485283
806.184982
805.826038
805.409218
804.935414
804.405642
804.375607
804.904735
805.377963
805.794277
806.152785
806.452721
806.693443
806.874436
806.995313
807.055817
807.055817
806.995313
806.874436
806.693443
806.452721
806.152785
805.794277
805.377963
804.904735
804.375607
804.345607
804.874093
805.346747
805.762555
806.120628
806.420199
806.660629
806.841402
806.962132
807.022562
807.022562
806.962132
806.841402
806.660629
806.420199
806.120628
805.762555
805.346747
804.874093
804.345607
804.315644
804.843489
805.315568
805.730871
806.088509
806.387717
806.627854
806.808408
806.928992
806.989348
806.989348
806.928992
806.808408
806.627854
806.387717
806.088509
805.730871
805.315568
804.843489
804.315644
804.285718
804.812921
805.284427
805.699226
806.056430
806.355274
806.595120
806.775454
806.895892
806.956175
806.956175
806.895892
806.775454
806.595120
806.355274
806.056430
805.699226
805.284427
804.812921
804.285718
804.255828
804.782391
805.253325
805.667620
806.024390
806.322871
806.562426
806.742541
806.862832
806.923042
806.923042
806.862832
806.742541
806.562426
806.322871
806.024390
805.667620
805.253325
804.782391
804.255828
804.225974
804.751898
805.222260
805.636052
805.992389
806.290508
806.529771
806.709667
806.829812
806.889949
806.889949
806.829812
806.709667
806.529771
806.290508
805.992389
805.636052
805.222260
804.751898
804.225974
804.196156
804.721442
805.191233
805.604523
805.960427
806.258183
806.497156
806.676834
806.796833
806.856897
806.856897
806.796833
806.676834
806.497156
806.258183
805.960427
805.604523
805.191233
804.721442
804.196156
804.166375
804.691023
805.160244
805.573032
805.928503
806.225899
806.464581
806.644041
806.763895
806.823885
806.823885
806.763895
806.644041
806.464581
806.225899
805.928503
805.573032
805.160244
804.691023
804.166375
804.136630
804.660641
805.129292
805.541579
805.896619
806.193653
806.432046
806.611288
806.730996
806.790914
806.790914
806.730996
806.611288
806.432046
806.193653
805.896619
805.541579
805.129292
804.660641
804.136630
804.106921
804.630296
805.098378
805.510164
805.864774
806.161447
806.399551
806.578575
806.698137
806.757983
806.757983
806.698137
806.578575
806.399551
806.161447
805.864774
805.510164
805.098378
804.630296
804.106921
804.077248
804.599988
805.067502
805.478788
805.832967
806.129280
806.367095
806.545902
806.665319
806.725092
806.725092
806.665319
806.545902
806.367095
806.129280
805.832967
805.478788
805.067502
804.599988
804.077248
804.047611
804.569717
805.036663
805.447450
805.801199
806.097153
806.334678
806.513268
806.632541
806.692241
806.692241
806.632541
806.513268
806.334678
806.097153
805.801199
805.447450
805.036663
804.569717
804.047611
804.018010
804.539482
805.005862
805.416150
805.769470
806.065064
806.302302
806.480675
806.599802
806.659430
806.659430
806.599802
806.480675
806.302302
806.065064
805.769470
805.416150
805.005862
804.539482
804.018010
803.988445
804.509284
804.975098
805.384889
805.737779
806.033015
806.269964
806.448121
806.567104
806.626659
806.626659
806.567104
806.448121
806.269964
806.033015
805.737779
805.384889
804.975098
804.509284
803.988445
803.958915
804.479123
804.944372
805.353665
805.706127
806.001005
806.237667
806.415607
806.534445
806.593928
806.593928
806.534445
806.415607
806.237667
806.001005
805.706127
805.353665
804.944372
804.479123
803.958915
803.929422
804.448998
804.913683
805.322479
805.674514
805.969034
806.205408
806.383132
806.501827
806.561237
806.561237
806.501827
806.383132
806.205408
805.969034
805.674514
805.322479
804.913683
804.448998
803.929422
803.899964
804.418911
804.883031
805.291332
805.642939
805.937101
806.173189
806.350697
806.469248
806.528586
806.528586
806.469248
806.350697
806.173189
805.937101
805.642939
805.291332
804.883031
804.418911
803.899964
803.870543
804.388859
804.852417
805.260222
805.611403
805.905208
806.141009
806.318302
806.436708
806.495975
806.495975
806.436708
806.318302
806.141009
805.905208
805.611403
805.260222
804.852417
804.388859
803.870543
803.841156
804.358844
804.821839
805.229150
805.579905
805.873353
806.108868
806.285946
806.404209
806.463403
806.463403
806.404209
806.285946
806.108868
805.873353
805.579905
805.229150
804.821839
804.358844
803.841156
803.811806
804.328866
804.791299
805.198116
805.548445
805.841538
806.076767
806.253630
806.371749
806.430872
806.430872
806.371749
806.253630
806.076767
805.841538
805.548445
805.198116
804.791299
804.328866
803.811806
803.782491
804.298924
804.760796
805.167119
805.517024
805.809761
806.044704
806.221353
806.339329
806.398380
806.398380
806.339329
806.221353
806.044704
805.809761
805.517024
805.167119
804.760796
804.298924
803.782491
803.753212
804.269018
804.730331
805.136161
805.485640
805.778022
806.012681
806.189115
806.306948
806.365927
806.365927
806.306948
806.189115
806.012681
805.778022
805.485640
805.136161
804.730331
804.269018
803.753212
803.723968
804.239149
804.699902
805.105240
805.454296
805.746323
805.980697
806.156917
806.274607
806.333514
806.333514
806.274607
806.156917
805.980697
805.746323
805.454296
805.105240
804.699902
804.239149
803.723968
803.694760
804.209316
804.669510
805.074356
805.422989
805.714662
805.948751
806.124758
806.242305
806.301141
806.301141
806.242305
806.124758
805.948751
805.714662
805.422989
805.074356
804.669510
804.209316
803.694760
803.665587
804.179519
804.639155
805.043511
805.391720
805.683039
805.916845
806.092638
806.210042
806.268807
806.268807
806.210042
806.092638
805.916845
805.683039
805.391720
805.043511
804.639155
804.179519
803.665587
803.636449
804.149759
804.608837
805.012702
805.360489
805.651455
805.884978
806.060557
806.177819
806.236513
806.236513
806.177819
806.060557
805.884978
805.651455
805.360489
805.012702
804.608837
804.149759
803.636449
803.607347
804.120034
804.578556
804.981931
805.329297
805.619910
805.853149
806.028516
806.145635
806.204258
806.204258
806.145635
806.028516
805.853149
805.619910
805.329297
804.981931
804.578556
804.120034
803.607347
803.578280
804.090346
804.548312
804.951198
805.298142
805.588403
805.821359
805.996513
806.113491
806.172042
806.172042
806.113491
805.996513
805.821359
805.588403
805.298142
804.951198
804.548312
804.090346
803.578280
803.549249
804.060693
804.518104
804.920502
805.267025
805.556934
805.789608
805.964549
806.081385
806.139865
806.139865
806.081385
805.964549
805.789608
805.556934
805.267025
804.920502
804.518104
804.060693
803.549249
803.520252
804.031077
804.487933
804.889843
805.235947
805.525504
805.757895
805.932625
806.049319
806.107728
806.107728
806.049319
805.932625
805.757895
805.525504
805.235947
804.889843
804.487933
804.031077
803.520252
803.491291
804.001497
804.457799
804.859222
805.204906
805.494111
805.726221
805.900739
806.017291
806.075630
806.075630
806.017291
805.900739
805.726221
805.494111
805.204906
804.859222
804.457799
804.001497
803.491291
803.462365
803.971952
804.427702
804.828638
805.173902
805.462758
805.694586
805.868892
805.985303
806.043571
806.043571
805.985303
805.868892
805.694586
805.462758
805.173902
804.828638
804.427702
803.971952
803.462365
803.433474
803.942444
804.397641
804.798090
805.142937
805.431442
805.662989
805.837084
805.953354
806.011551
806.011551
805.953354
805.837084
805.662989
805.431442
805.142937
804.798090
804.397641
803.942444
803.433474
803.404618
803.912971
804.367616
804.767581
805.112009
805.400164
805.631431
805.805314
805.921443
805.979570
805.979570
805.921443
805.805314
805.631431
805.400164
805.112009
804.767581
804.367616
803.912971
803.404618
803.375797
803.883534
804.337628
804.737108
805.081118
805.368925
805.599911
805.773583
805.889572
805.947628
805.947628
805.889572
805.773583
805.599911
805.368925
805.081118
804.737108
804.337628
803.883534
803.375797
803.347011
803.854132
804.307676
804.706672
805.050266
805.337723
805.568429
805.741891
805.857739
805.915725
805.915725
805.857739
805.741891
805.568429
805.337723
805.050266
804.706672
804.307676
803.854132
803.347011
803.318259
803.824767
804.277761
804.676273
805.019451
805.306559
805.536986
805.710238
805.825945
805.883861
805.883861
805.825945
805.710238
805.536986
805.306559
805.019451
804.676273
804.277761
803.824767
803.318259
803.289543
803.795437
804.247882
804.645911
804.988673
805.275434
805.505581
805.678623
805.794190
805.852035
805.852035
805.794190
805.678623
805.505581
805.275434
804.988673
804.645911
804.247882
803.795437
803.289543
803.260861
803.766142
804.218040
804.615586
804.957933
805.244346
805.474214
805.647046
805.762473
805.820249
805.820249
805.762473
805.647046
805.474214
805.244346
804.957933
804.615586
804.218040
803.766142
803.260861
803.232215
803.736883
804.188233
804.585298
804.927230
805.213296
805.442886
805.615508
805.730796
805.788501
805.788501
805.730796
805.615508
805.442886
805.213296
804.927230
804.585298
804.188233
803.736883
803.232215
803.203603
803.707660
804.158463
804.555047
804.896564
805.182284
805.411595
805.584009
805.699156
805.756791
805.756791
805.699156
805.584009
805.411595
805.182284
804.896564
804.555047
804.158463
803.707660
803.203603
803.175025
803.678472
804.128729
804.524833
804.865936
805.151309
805.380343
805.552547
805.667555
805.725121
805.725121
805.667555
805.552547
805.380343
805.151309
804.865936
804.524833
804.128729
803.678472
803.175025
803.146482
803.649319
804.099031
804.494655
804.835345
805.120372
805.349128
805.521125
805.635993
805.693489
805.693489
805.635993
805.521125
805.349128
805.120372
804.835345
804.494655
804.099031
803.649319
803.146482
803.117974
803.620202
804.069369
804.464514
804.804791
805.089473
805.317952
805.489740
805.604469
805.661895
805.661895
805.604469
805.489740
805.317952
805.089473
804.804791
804.464514
804.069369
803.620202
803.117974
803.089500
803.591120
804.039743
804.434409
804.774274
805.058611
805.286814
805.458393
805.572984
805.630340
805.630340
805.572984
805.458393
805.286814
805.058611
804.774274
804.434409
804.039743
803.591120
803.089500
803.061061
803.562074
804.010153
804.404341
804.743794
805.027787
805.255713
805.427085
805.541536
805.598823
805.598823
805.541536
805.427085
805.255713
805.027787
804.743794
804.404341
804.010153
803.562074
803.061061
803.032656
803.533062
803.980599
804.374310
804.713352
804.997001
805.224650
805.395815
805.510127
805.567345
805.567345
805.510127
805.395815
805.224650
804.997001
804.713352
804.374310
803.980599
803.533062
803.032656
803.004286
803.504086
803.951081
804.344315
804.682946
804.966252
805.193626
805.364582
805.478757
805.535905
805.535905
805.478757
805.364582
805.193626
804.966252
804.682946
804.344315
803.951081
803.504086
803.004286
802.975950
803.475145
803.921599
804.314356
804.652578
804.935540
805.162638
805.333388
805.447424
805.504503
805.504503
805.447424
805.333388
805.162638
804.935540
804.652578
804.314356
803.921599
803.475145
802.975950
802.947648
803.446239
803.892152
804.284434
804.622246
804.904865
805.131689
805.302232
805.416130
805.473140
805.473140
805.416130
805.302232
805.131689
804.904865
804.622246
804.284434
803.892152
803.446239
802.947648
802.919381
803.417368
803.862741
804.254548
804.591951
804.874228
805.100777
805.271113
805.384873
805.441814
805.441814
805.384873
805.271113
805.100777
804.874228
804.591951
804.254548
803.862741
803.417368
802.919381
802.891148
803.388532
803.833366
804.224699
804.561693
804.843628
805.069903
805.240033
805.353655
805.410527
805.410527
805.353655
805.240033
805.069903
804.843628
804.561693
804.224699
803.833366
803.388532
802.891148
802.862949
803.359731
803.804026
804.194885
804.531471
804.813066
805.039066
805.208990
805.322475
805.379278
805.379278
805.322475
805.208990
805.039066
804.813066
804.531471
804.194885
803.804026
803.359731
802.862949
802.834784
803.330965
803.774723
804.165108
804.501287
804.782540
805.008267
805.177985
805.291332
805.348067
805.348067
805.291332
805.177985
805.008267
804.782540
804.501287
804.165108
803.774723
803.330965
802.834784
802.806653
803.302233
803.745454
804.135367
804.471139
804.752052
804.977505
805.147018
805.260228
805.316893
805.316893
805.260228
805.147018
804.977505
804.752052
804.471139
804.135367
803.745454
803.302233
802.806653
802.778557
803.273537
803.716221
804.105662
804.441028
804.721600
804.946781
805.116088
805.229161
805.285758
805.285758
805.229161
805.116088
804.946781
804.721600
804.441028
804.105662
803.716221
803.273537
802.778557
802.750494
803.244875
803.687024
804.075994
804.410953
804.691186
804.916094
805.085196
805.198132
805.254661
805.254661
805.198132
805.085196
804.916094
804.691186
804.410953
804.075994
803.687024
803.244875
802.750494
802.722465
803.216248
803.657862
804.046361
804.380915
804.660808
804.885444
805.054342
805.167141
805.223601
805.223601
805.167141
805.054342
804.885444
804.660808
804.380915
804.046361
803.657862
803.216248
802.722465
802.694471
803.187656
803.628735
804.016764
804.350913
804.630468
804.854832
805.023525
805.136188
805.192579
805.192579
805.136188
805.023525
804.854832
804.630468
804.350913
804.016764
803.628735
803.187656
802.694471
802.666510
803.159099
803.599644
803.987203
804.320948
804.600164
804.824257
804.992746
805.105272
805.161595
805.161595
805.105272
804.992746
804.824257
804.600164
804.320948
803.987203
803.599644
803.159099
802.666510
802.638583
803.130576
803.570588
803.957678
804.291019
804.569897
804.793718
804.962004
805.074394
805.130649
805.130649
805.074394
804.962004
804.793718
804.569897
804.291019
803.957678
803.570588
803.130576
802.638583
801.730298
802.901300
803.495763
803.917739
804.258742
804.539123
804.763093
804.931271
805.043547
805.099738
805.099738
805.043547
804.931271
804.763093
804.539123
804.258742
803.917739
803.495763
802.901300
801.730298
801.213808
802.580314
803.358740
803.854213
804.218961
804.506175
804.731889
804.900409
805.012692
805.068851
805.068851
805.012692
804.900409
804.731889
804.506175
804.218961
803.854213
803.358740
802.580314
801.213808
800.833413
802.277485
803.185690
803.764826
804.167337
804.468747
804.699177
804.869091
804.981723
805.037945
805.037945
804.981723
804.869091
804.699177
804.468747
804.167337
803.764826
803.185690
802.277485
800.833413
800.518744
802.002461
803.000040
803.655610
804.102705
804.424980
804.663848
804.836810
804.950431
805.006925
805.006925
804.950431
804.836810
804.663848
804.424980
804.102705
803.655610
803.000040
802.002461
800.518744
800.243752
801.751190
802.812761
803.533598
804.026362
804.374031
804.624948
804.802978
804.918518
804.975625
804.975625
804.918518
804.802978
804.624948
804.374031
804.026362
803.533598
802.812761
801.751190
800.243752
799.996038
801.519021
802.628412
803.404078
803.940542
804.315971
804.581878
804.767052
804.885634
804.943812
804.943812
804.885634
804.767052
804.581878
804.315971
803.940542
803.404078
802.628412
801.519021
799.996038
799.768587
801.302321
802.448747
803.270552
803.847489
804.251415
804.534411
804.728606
804.851417
804.911204
804.911204
804.851417
804.728606
804.534411
804.251415
803.847489
803.270552
802.448747
801.302321
799.768587
799.556969
801.098380
802.274312
803.135252
803.749105
804.181214
804.482604
804.687367
804.815541
804.877497
804.877497
804.815541
804.687367
804.482604
804.181214
803.749105
803.135252
802.274312
801.098380
799.556969
799.358166
800.905160
802.105131
802.999581
803.646895
804.106249
804.426694
804.643200
804.777732
804.842393
804.842393
804.777732
804.643200
804.426694
804.106249
803.646895
802.999581
802.105131
800.905160
799.358166
799.170013
800.721098
801.941006
802.864421
803.542012
804.027340
804.367012
804.596074
804.737782
804.805620
804.805620
804.737782
804.596074
804.367012
804.027340
803.542012
802.864421
801.941006
800.721098
799.170013
798.990894
800.544968
801.781651
802.730321
803.435326
803.945205
804.303925
804.546040
804.695546
804.766951
804.766951
804.695546
804.546040
804.303925
803.945205
803.435326
802.730321
801.781651
800.544968
798.990894
798.819566
800.375791
801.626754
802.597619
803.327490
803.860452
804.237796
804.493195
804.650933
804.726206
804.726206
804.650933
804.493195
804.237796
803.860452
803.327490
802.597619
801.626754
800.375791
798.819566
798.655044
800.212770
801.476010
802.466514
803.218993
803.773585
804.168966
804.437668
804.603901
804.683254
804.683254
804.603901
804.437668
804.168966
803.773585
803.218993
802.466514
801.476010
800.212770
798.655044
798.496536
800.055248
801.329126
802.337112
803.110199
803.685021
804.097746
804.379602
804.554448
804.638009
804.638009
804.554448
804.379602
804.097746
803.685021
803.110199
802.337112
801.329126
800.055248
798.496536
798.343391
799.902675
801.185832
802.209463
803.001377
803.595097
804.024411
804.319145
804.502598
804.590427
804.590427
804.502598
804.319145
804.024411
803.595097
803.001377
802.209463
801.185832
799.902675
798.343391
798.195066
799.754585
801.045879
802.083572
802.892729
803.504090
803.949201
804.256444
804.448402
804.540500
804.540500
804.448402
804.256444
803.949201
803.504090
802.892729
802.083572
801.045879
799.754585
798.195066
798.051104
799.610578
800.909038
801.959422
802.784401
803.412220
803.872327
804.191643
804.391928
804.488245
804.488245
804.391928
804.191643
803.872327
803.412220
802.784401
801.959422
800.909038
799.610578
798.051104
797.911111
799.470308
800.775101
801.836973
802.676496
803.319670
803.793972
804.124879
804.333254
804.433703
804.433703
804.333254
804.124879
803.793972
803.319670
802.676496
801.836973
800.775101
799.470308
797.911111
797.774751
799.333474
800.643876
801.716177
802.569091
803.226583
803.714295
804.056281
804.272468
804.376935
804.376935
804.272468
804.056281
803.714295
803.226583
802.569091
801.716177
800.643876
799.333474
797.774751
797.641728
799.199809
800.515189
801.596977
802.462234
803.133079
803.633433
803.985973
804.209663
804.318010
804.318010
804.209663
803.985973
803.633433
803.133079
802.462234
801.596977
800.515189
799.199809
797.641728
797.511782
799.069077
800.388878
801.479311
802.355959
803.039253
803.551507
803.914068
804.144934
804.257011
804.257011
804.144934
803.914068
803.551507
803.039253
802.355959
801.479311
800.388878
799.069077
797.511782
797.384684
798.941068
800.264795
801.363118
802.250283
802.945181
803.468622
803.840675
804.078379
804.194024
804.194024
804.078379
803.840675
803.468622
802.945181
802.250283
801.363118
800.264795
798.941068
797.384684
797.260228
798.815592
800.142803
801.248331
802.145214
802.850926
803.384871
803.765895
804.010095
804.129140
804.129140
804.010095
803.765895
803.384871
802.850926
802.145214
801.248331
800.142803
798.815592
797.260228
797.138231
798.692479
800.022776
801.134888
802.040753
802.756539
803.300336
803.689821
803.940176
804.062452
804.062452
803.940176
803.689821
803.300336
802.756539
802.040753
801.134888
800.022776
798.692479
797.138231
797.018525
798.571572
799.904597
801.022726
801.936894
802.662062
803.215089
803.612541
803.868715
803.994054
803.994054
803.868715
803.612541
803.215089
802.662062
801.936894
801.022726
799.904597
798.571572
797.018525
796.900960
798.452730
799.788157
800.911784
801.833626
802.567528
803.129196
803.534139
803.795803
803.924037
803.924037
803.795803
803.534139
803.129196
802.567528
801.833626
800.911784
799.788157
798.452730
796.900960
796.785398
798.335824
799.673354
800.802003
801.730937
802.472966
803.042713
803.454692
803.721525
803.852491
803.852491
803.721525
803.454692
803.042713
802.472966
801.730937
800.802003
799.673354
798.335824
796.785398
796.671713
798.220733
799.560095
800.693326
801.628811
802.378398
802.955695
803.374271
803.645966
803.779506
803.779506
803.645966
803.374271
802.955695
802.378398
801.628811
800.693326
799.560095
798.220733
796.671713
796.559788
798.107348
799.448291
800.585699
801.527231
802.283842
802.868189
803.292944
803.569206
803.705165
803.705165
803.569206
803.292944
802.868189
802.283842
801.527231
800.585699
799.448291
798.107348
796.559788
796.449518
797.995567
799.337861
800.479069
801.426181
802.189315
802.780237
803.210776
803.491319
803.629552
803.629552
803.491319
803.210776
802.780237
802.189315
801.426181
800.479069
799.337861
797.995567
796.449518
796.340803
797.885296
799.228729
800.373388
801.325641
802.094829
802.691880
803.127826
803.412380
803.552744
803.552744
803.412380
803.127826
802.691880
802.094829
801.325641
800.373388
799.228729
797.885296
796.340803
796.233552
797.776447
799.120821
800.268608
801.225595
802.000396
802.603154
803.044148
803.332456
803.474817
803.474817
803.332456
803.044148
802.603154
802.000396
801.225595
800.268608
799.120821
797.776447
796.233552
796.127681
797.668939
799.014072
800.164684
801.126024
801.906024
802.514092
802.959797
803.251612
803.395842
803.395842
803.251612
802.959797
802.514092
801.906024
801.126024
800.164684
799.014072
797.668939
796.127681
796.023109
797.562697
798.908419
800.061575
801.026910
801.811721
802.424724
802.874820
803.169912
803.315889
803.315889
803.169912
802.874820
802.424724
801.811721
801.026910
800.061575
798.908419
797.562697
796.023109
795.919764
797.457649
798.803802
799.959239
800.928236
801.717495
802.335080
802.789264
803.087412
803.235020
803.235020
803.087412
802.789264
802.335080
801.717495
800.928236
799.959239
798.803802
797.457649
795.919764
795.817578
797.353729
798.700167
799.857640
800.829986
801.623350
802.245185
802.703172
803.004168
803.153298
803.153298
803.004168
802.703172
802.245185
801.623350
800.829986
799.857640
798.700167
797.353729
795.817578
795.716486
797.250877
798.597461
799.756741
800.732144
801.529291
802.155063
802.616585
802.920233
803.070781
803.070781
802.920233
802.616585
802.155063
801.529291
800.732144
799.756741
798.597461
797.250877
795.716486
795.616428
797.149033
798.495637
799.656509
800.634694
801.435323
802.064739
802.529541
802.835655
802.987523
802.987523
802.835655
802.529541
802.064739
801.435323
800.634694
799.656509
798.495637
797.149033
795.616428
795.517348
797.048145
798.394648
799.556912
800.537622
801.341449
801.974231
802.442076
802.750480
802.903575
802.903575
802.750480
802.442076
801.974231
801.341449
800.537622
799.556912
798.394648
797.048145
795.517348
795.419195
796.948162
798.294452
799.457920
800.440914
801.247673
801.883562
802.354223
802.664752
802.818988
802.818988
802.664752
802.354223
801.883562
801.247673
800.440914
799.457920
798.294452
796.948162
795.419195
795.321919
796.849035
798.195009
799.359505
800.344555
801.153997
801.792748
802.266013
802.578513
802.733807
802.733807
802.578513
802.266013
801.792748
801.153997
800.344555
799.359505
798.195009
796.849035
795.321919
795.225473
796.750721
798.096280
799.261639
800.248535
801.060424
801.701806
802.177477
802.491800
802.648075
802.648075
802.491800
802.177477
801.701806
801.060424
800.248535
799.261639
798.096280
796.750721
795.225473
795.129816
796.653178
797.998231
799.164298
800.152840
800.966957
801.610754
802.088642
802.404651
802.561834
802.561834
802.404651
802.088642
801.610754
800.966957
800.152840
799.164298
797.998231
796.653178
795.129816
795.034906
796.556366
797.900828
799.067459
800.057460
800.873596
801.519605
801.999535
802.317099
802.475121
802.475121
802.317099
801.999535
801.519605
800.873596
800.057460
799.067459
797.900828
796.556366
795.034906
794.940705
796.460249
797.804039
798.971098
799.962383
800.780345
801.428375
801.910179
802.229177
802.387974
802.387974
802.229177
801.910179
801.428375
800.780345
799.962383
798.971098
797.804039
796.460249
794.940705
794.847178
796.364793
797.707836
798.875196
799.867599
800.687204
801.337075
801.820599
802.140915
802.300425
802.300425
802.140915
801.820599
801.337075
800.687204
799.867599
798.875196
797.707836
796.364793
794.847178
794.754291
796.269964
797.612191
798.779731
799.773099
800.594176
801.245719
801.730815
802.052342
802.212508
802.212508
802.052342
801.730815
801.245719
800.594176
799.773099
798.779731
797.612191
796.269964
794.754291
794.662013
796.175733
797.517077
798.684686
799.678874
800.501261
801.154318
801.640848
801.963483
802.124252
802.124252
801.963483
801.640848
801.154318
800.501261
799.678874
798.684686
797.517077
796.175733
794.662013
794.570315
796.082070
797.422470
798.590044
799.584914
800.408461
801.062883
801.550717
801.874366
802.035686
802.035686
801.874366
801.550717
801.062883
800.408461
799.584914
798.590044
797.422470
796.082070
794.570315
794.479168
795.988950
797.328348
798.495787
799.491213
800.315776
800.971423
801.460440
801.785012
801.946836
801.946836
801.785012
801.460440
800.971423
800.315776
799.491213
798.495787
797.328348
795.988950
794.479168
794.388546
795.896346
797.234689
798.401900
799.397762
800.223209
800.879949
801.370034
801.695445
801.857729
801.857729
801.695445
801.370034
800.879949
800.223209
799.397762
798.401900
797.234689
795.896346
794.388546
794.298426
795.804235
797.141471
798.308369
799.304554
800.130759
800.788468
801.279514
801.605685
801.768386
801.768386
801.605685
801.279514
800.788468
800.130759
799.304554
798.308369
797.141471
795.804235
794.298426
794.208783
795.712594
797.048677
798.215180
799.211582
800.038428
800.696991
801.188896
801.515752
801.678830
801.678830
801.515752
801.188896
800.696991
800.038428
799.211582
798.215180
797.048677
795.712594
794.208783
794.119597
795.621403
796.956289
798.122320
799.118841
799.946217
800.605524
801.098193
801.425664
801.589083
801.589083
801.425664
801.098193
800.605524
799.946217
799.118841
798.122320
796.956289
795.621403
794.119597
794.030847
795.530642
796.864288
798.029777
799.026323
799.854125
800.514074
801.007419
801.335439
801.499164
801.499164
801.335439
801.007419
800.514074
799.854125
799.026323
798.029777
796.864288
795.530642
794.030847
793.942514
795.440292
796.772660
797.937540
798.934023
799.762154
800.422650
800.916585
801.245093
801.409090
801.409090
801.245093
800.916585
800.422650
799.762154
798.934023
797.937540
796.772660
795.440292
793.942514
793.854579
795.350336
796.681390
797.845597
798.841936
799.670305
800.331256
800.825704
801.154641
801.318880
801.318880
801.154641
800.825704
800.331256
799.670305
798.841936
797.845597
796.681390
795.350336
793.854579
793.767027
795.260757
796.590463
797.753939
798.750057
799.578578
800.239899
800.734786
801.064097
801.228550
801.228550
801.064097
800.734786
800.239899
799.578578
798.750057
797.753939
796.590463
795.260757
793.767027
793.679840
795.171541
796.499867
797.662556
798.658381
799.486973
800.148586
800.643842
800.973476
801.138114
801.138114
800.973476
800.643842
800.148586
799.486973
798.658381
797.662556
796.499867
795.171541
793.679840
793.593005
795.082671
796.409588
797.571439
798.566903
799.395490
800.057320
800.552880
800.882789
801.047588
801.047588
800.882789
800.552880
800.057320
799.395490
798.566903
797.571439
796.409588
795.082671
793.593005
793.506506
794.994135
796.319616
797.480580
798.475620
799.304132
799.966107
800.461910
800.792049
800.956984
800.956984
800.792049
800.461910
799.966107
799.304132
798.475620
797.480580
796.319616
794.994135
793.506506
793.420331
794.905921
796.229938
797.389970
798.384527
799.212896
799.874953
800.370941
800.701267
800.866316
800.866316
800.701267
800.370941
799.874953
799.212896
798.384527
797.389970
796.229938
794.905921
793.420331
793.334468
794.818015
796.140546
797.299603
798.293620
799.121785
799.783860
800.279979
800.610453
800.775595
800.775595
800.610453
800.279979
799.783860
799.121785
798.293620
797.299603
796.140546
794.818015
793.334468
793.248904
794.730406
796.051428
797.209471
798.202896
799.030798
799.692834
800.189034
800.519617
800.684832
800.684832
800.519617
800.189034
799.692834
799.030798
798.202896
797.209471
796.051428
794.730406
793.248904
793.163629
794.643084
795.962577
797.119567
798.112352
798.939936
799.601877
800.098110
800.428769
800.594037
800.594037
800.428769
800.098110
799.601877
798.939936
798.112352
797.119567
795.962577
794.643084
793.163629
793.078632
794.556039
795.873982
797.029886
798.021984
798.849198
799.510995
800.007216
800.337917
800.503222
800.503222
800.337917
800.007216
799.510995
798.849198
798.021984
797.029886
795.873982
794.556039
793.078632
792.993903
794.469261
795.785636
796.940421
797.931789
798.758585
799.420189
799.916357
800.247068
800.412394
800.412394
800.247068
799.916357
799.420189
798.758585
797.931789
796.940421
795.785636
794.469261
792.993903
792.909434
794.382741
795.697532
796.851168
797.841765
798.668098
799.329464
799.825539
800.156232
800.321562
800.321562
800.156232
799.825539
799.329464
798.668098
797.841765
796.851168
795.697532
794.382741
792.909434
792.825215
794.296472
795.609663
796.762120
797.751909
798.577736
799.238822
799.734767
800.065415
800.230735
800.230735
800.065415
799.734767
799.238822
798.577736
797.751909
796.762120
795.609663
794.296472
792.825215
792.741238
794.210444
795.522020
796.673272
797.662218
798.487499
799.148265
799.644046
799.974623
800.139920
800.139920
799.974623
799.644046
799.148265
798.487499
797.662218
796.673272
795.522020
794.210444
792.741238
792.657497
794.124651
795.434599
796.584621
797.572690
798.397388
799.057798
799.553381
799.883863
800.049124
800.049124
799.883863
799.553381
799.057798
798.397388
797.572690
796.584621
795.434599
794.124651
792.657497
792.573983
794.039085
795.347392
796.496162
797.483323
798.307403
798.967421
799.462777
799.793142
799.958354
799.958354
799.793142
799.462777
798.967421
798.307403
797.483323
796.496162
795.347392
794.039085
792.573983
792.490690
793.953740
795.260395
796.407890
797.394115
798.217543
798.877137
799.372238
799.702463
799.867617
799.867617
799.702463
799.372238
798.877137
798.217543
797.394115
796.407890
795.260395
793.953740
792.490690
792.407611
793.868611
795.173602
796.319802
797.305063
798.127810
798.786949
799.281767
799.611834
799.776917
799.776917
799.611834
799.281767
798.786949
798.127810
797.305063
796.319802
795.173602
793.868611
792.407611
792.324741
793.783690
795.087008
796.231894
797.216166
798.038202
798.696858
799.191368
799.521258
799.686261
799.686261
799.521258
799.191368
798.696858
798.038202
797.216166
796.231894
795.087008
793.783690
792.324741
792.242074
793.698972
795.000609
796.144163
797.127421
797.948720
798.606866
799.101044
799.430740
799.595654
799.595654
799.430740
799.101044
798.606866
797.948720
797.127421
796.144163
795.000609
793.698972
792.242074
792.159604
793.614453
794.914399
796.056605
797.038828
797.859365
798.516974
799.010800
799.340284
799.505101
799.505101
799.340284
799.010800
798.516974
797.859365
797.038828
796.056605
794.914399
793.614453
792.159604
792.077326
793.530127
794.828374
795.969217
796.950385
797.770135
798.427186
798.920637
799.249895
799.414607
799.414607
799.249895
798.920637
798.427186
797.770135
796.950385
795.969217
794.828374
793.530127
792.077326
791.995236
793.445990
794.742531
795.881997
796.862089
797.681031
798.337501
798.830559
799.159577
799.324174
799.324174
799.159577
798.830559
798.337501
797.681031
796.862089
795.881997
794.742531
793.445990
791.995236
791.913330
793.362037
794.656867
795.794941
796.773940
797.592054
798.247922
798.740568
799.069332
799.233809
799.233809
799.069332
798.740568
798.247922
797.592054
796.773940
795.794941
794.656867
793.362037
791.913330
791.831602
793.278264
794.571376
795.708048
796.685937
797.503202
798.158449
798.650666
798.979164
799.143513
799.143513
798.979164
798.650666
798.158449
797.503202
796.685937
795.708048
794.571376
793.278264
791.831602
791.750049
793.194668
794.486057
795.621314
796.598077
797.414476
798.069084
798.560857
798.889076
799.053292
799.053292
798.889076
798.560857
798.069084
797.414476
796.598077
795.621314
794.486057
793.194668
791.750049
791.668668
793.111245
794.400905
795.534738
796.510360
797.325876
797.979828
798.471142
798.799071
798.963147
798.963147
798.799071
798.471142
797.979828
797.325876
796.510360
795.534738
794.400905
793.111245
791.668668
791.587454
793.027992
794.315918
795.448316
796.422784
797.237401
797.890682
798.381522
798.709152
798.873083
798.873083
798.709152
798.381522
797.890682
797.237401
796.422784
795.448316
794.315918
793.027992
791.587454
791.506405
792.944904
794.231094
795.362048
796.335349
797.149053
797.801647
798.292001
798.619321
798.783102
798.783102
798.619321
798.292001
797.801647
797.149053
796.335349
795.362048
794.231094
792.944904
791.506405
791.425518
792.861980
794.146429
795.275931
796.248054
797.060830
797.712723
798.202579
798.529580
798.693207
798.693207
798.529580
798.202579
797.712723
797.060830
796.248054
795.275931
794.146429
792.861980
791.425518
791.344788
792.779216
794.061921
795.189964
796.160896
796.972733
797.623913
798.113259
798.439933
798.603400
798.603400
798.439933
798.113259
797.623913
796.972733
796.160896
795.189964
794.061921
792.779216
791.344788
791.264215
792.696609
793.977567
795.104144
796.073876
796.884761
797.535216
798.024041
798.350381
798.513684
798.513684
798.350381
798.024041
797.535216
796.884761
796.073876
795.104144
793.977567
792.696609
791.264215
791.183794
792.614158
793.893366
795.018469
795.986993
796.796915
797.446633
797.934928
798.260925
798.424061
798.424061
798.260925
797.934928
797.446633
796.796915
795.986993
795.018469
793.893366
792.614158
791.183794
791.103524
792.531859
793.809316
794.932940
795.900245
796.709194
797.358165
797.845920
798.171568
798.334533
798.334533
798.171568
797.845920
797.358165
796.709194
795.900245
794.932940
793.809316
792.531859
791.103524
791.023401
792.449710
793.725413
794.847553
795.813632
796.621598
797.269813
797.757020
798.082311
798.245101
798.245101
798.082311
797.757020
797.269813
796.621598
795.813632
794.847553
793.725413
792.449710
791.023401
790.943425
792.367709
793.641658
794.762307
795.727153
796.534127
797.181576
797.668227
797.993157
798.155768
798.155768
797.993157
797.668227
797.181576
796.534127
795.727153
794.762307
793.641658
792.367709
790.943425
790.863593
792.285855
793.558047
794.677202
795.640807
796.446781
797.093456
797.579543
797.904105
798.066536
798.066536
797.904105
797.579543
797.093456
796.446781
795.640807
794.677202
793.558047
792.285855
790.863593
790.783902
792.204144
793.474579
794.592235
795.554593
796.359560
797.005453
797.490969
797.815159
797.977406
797.977406
797.815159
797.490969
797.005453
796.359560
795.554593
794.592235
793.474579
792.204144
790.783902
790.704352
792.122577
793.391252
794.507407
795.468512
796.272464
796.917567
797.402506
797.726318
797.888379
797.888379
797.726318
797.402506
796.917567
796.272464
795.468512
794.507407
793.391252
792.122577
790.704352
790.624939
792.041149
793.308065
794.422715
795.382561
796.185493
796.829800
797.314154
797.637585
797.799457
797.799457
797.637585
797.314154
796.829800
796.185493
795.382561
794.422715
793.308065
792.041149
790.624939
790.545664
791.959861
793.225017
794.338158
795.296741
796.098645
796.742150
797.225915
797.548960
797.710640
797.710640
797.548960
797.225915
796.742150
796.098645
795.296741
794.338158
793.225017
791.959861
790.545664
790.466523
791.878710
793.142106
794.253736
795.211051
796.011923
796.654619
797.137790
797.460444
797.621931
797.621931
797.460444
797.137790
796.654619
796.011923
795.211051
794.253736
793.142106
791.878710
790.466523
790.387516
791.797695
793.059331
794.169447
795.125491
795.925324
796.567207
797.049778
797.372038
797.533331
797.533331
797.372038
797.049778
796.567207
795.925324
795.125491
794.169447
793.059331
791.797695
790.387516
790.308640
791.716815
792.976691
794.085291
795.040059
795.838850
796.479914
796.961881
797.283744
797.444839
797.444839
797.283744
796.961881
796.479914
795.838850
795.040059
794.085291
792.976691
791.716815
790.308640
790.229896
791.636068
792.894184
794.001266
794.954755
795.752499
796.392740
796.874099
797.195562
797.356458
797.356458
797.195562
796.874099
796.392740
795.752499
794.954755
794.001266
792.894184
791.636068
790.229896
790.151281
791.555453
792.811809
793.917373
794.869580
795.666272
796.305685
796.786433
797.107492
797.268188
797.268188
797.107492
796.786433
796.305685
795.666272
794.869580
793.917373
792.811809
791.555453
790.151281
790.072794
791.474969
792.729566
793.833609
794.784531
795.580169
796.218751
796.698883
797.019536
797.180030
797.180030
797.019536
796.698883
796.218751
795.580169
794.784531
793.833609
792.729566
791.474969
790.072794
789.994434
791.394614
792.647453
793.749975
794.699609
795.494189
796.131936
796.611449
796.931694
797.091985
797.091985
796.931694
796.611449
796.131936
795.494189
794.699609
793.749975
792.647453
791.394614
789.994434
789.916201
791.314388
792.565470
793.666469
794.614814
795.408333
796.045241
796.524133
796.843966
797.004053
797.004053
796.843966
796.524133
796.045241
795.408333
794.614814
793.666469
792.565470
791.314388
789.916201
789.838092
791.234290
792.483615
793.583091
794.530144
795.322599
795.958667
796.436934
796.756354
796.916236
796.916236
796.756354
796.436934
795.958667
795.322599
794.530144
793.583091
792.483615
791.234290
789.838092
789.760107
791.154319
792.401888
793.499840
794.445600
795.236989
795.872212
796.349852
796.668857
796.828533
796.828533
796.668857
796.349852
795.872212
795.236989
794.445600
793.499840
792.401888
791.154319
789.760107
789.682246
791.074474
792.320288
793.416716
794.361181
795.151502
795.785878
796.262888
796.581477
796.740945
796.740945
796.581477
796.262888
795.785878
795.151502
794.361181
793.416716
792.320288
791.074474
789.682246
789.604506
790.994753
792.238814
793.333717
794.276887
795.066137
795.699664
796.176043
796.494213
796.653472
796.653472
796.494213
796.176043
795.699664
795.066137
794.276887
793.333717
792.238814
790.994753
789.604506
789.526888
790.915157
792.157465
793.250844
794.192717
794.980894
795.613571
796.089316
796.407066
796.566116
796.566116
796.407066
796.089316
795.613571
794.980894
794.192717
793.250844
792.157465
790.915157
789.526888
789.449391
790.835684
792.076241
793.168096
794.108671
794.895774
795.527598
796.002708
796.320036
796.478877
796.478877
796.320036
796.002708
795.527598
794.895774
794.108671
793.168096
792.076241
790.835684
789.449391
789.372013
790.756333
791.995141
793.085472
794.024748
794.810777
795.441746
795.916219
796.233125
796.391754
796.391754
796.233125
795.916219
795.441746
794.810777
794.024748
793.085472
791.995141
790.756333
789.372013
789.294755
790.677105
791.914165
793.002972
793.940949
794.725901
795.356014
795.829848
796.146331
796.304749
796.304749
796.146331
795.829848
795.356014
794.725901
793.940949
793.002972
791.914165
790.677105
789.294755
789.217615
790.597997
791.833311
792.920595
793.857272
794.641147
795.270403
795.743598
796.059655
796.217861
796.217861
796.059655
795.743598
795.270403
794.641147
793.857272
792.920595
791.833311
790.597997
789.217615
789.140592
790.519010
791.752579
792.838341
793.773718
794.556514
795.184912
795.657466
795.973098
796.131092
796.131092
795.973098
795.657466
795.184912
794.556514
793.773718
792.838341
791.752579
790.519010
789.140592
789.063687
790.440143
791.671969
792.756209
793.690286
794.472003
795.099542
795.571454
795.886659
796.044440
796.044440
795.886659
795.571454
795.099542
794.472003
793.690286
792.756209
791.671969
790.440143
789.063687
788.986898
790.361395
791.591480
792.674199
793.606976
794.387614
795.014292
795.485561
795.800339
795.957907
795.957907
795.800339
795.485561
795.014292
794.387614
793.606976
792.674199
791.591480
790.361395
788.986898
788.910225
790.282766
791.511112
792.592310
793.523787
794.303346
794.929163
795.399788
795.714138
795.871492
795.871492
795.714138
795.399788
794.929163
794.303346
793.523787
792.592310
791.511112
790.282766
788.910225
788.833667
790.204256
791.430864
792.510543
793.440720
794.219198
794.844154
795.314135
795.628056
795.785197
795.785197
795.628056
795.314135
794.844154
794.219198
793.440720
792.510543
791.430864
790.204256
788.833667
788.757224
790.125862
791.350735
792.428896
793.357774
794.135171
794.759265
795.228601
795.542093
795.699020
795.699020
795.542093
795.228601
794.759265
794.135171
793.357774
792.428896
791.350735
790.125862
788.757224
788.680896
790.047586
791.270725
792.347369
793.274948
794.051265
794.674497
795.143187
795.456250
795.612962
795.612962
795.456250
795.143187
794.674497
794.051265
793.274948
792.347369
791.270725
790.047586
788.680896
788.604681
789.969427
791.190834
792.265962
793.192243
793.967480
794.589848
795.057893
795.370526
795.527023
795.527023
795.370526
795.057893
794.589848
793.967480
793.192243
792.265962
791.190834
789.969427
788.604681
788.528580
789.891384
791.111061
792.184675
793.109658
793.883815
794.505320
794.972719
795.284922
795.441204
795.441204
795.284922
794.972719
794.505320
793.883815
793.109658
792.184675
791.111061
789.891384
788.528580
788.452591
789.813457
791.031407
792.103507
793.027193
793.800269
794.420912
794.887665
795.199437
795.355504
795.355504
795.199437
794.887665
794.420912
793.800269
793.027193
792.103507
791.031407
789.813457
788.452591
788.376715
789.735645
790.951869
792.022457
792.944847
793.716844
794.336624
794.802730
795.114072
795.269924
795.269924
795.114072
794.802730
794.336624
793.716844
792.944847
792.022457
790.951869
789.735645
788.376715
788.300951
789.657948
790.872449
791.941527
792.862621
793.633539
794.252455
794.717915
795.028826
795.184463
795.184463
795.028826
794.717915
794.252455
793.633539
792.862621
791.941527
790.872449
789.657948
788.300951
788.225299
789.580365
790.793145
791.860714
792.780514
793.550353
794.168407
794.633219
794.943700
795.099121
795.099121
794.943700
794.633219
794.168407
793.550353
792.780514
791.860714
790.793145
789.580365
788.225299
788.149758
789.502897
790.713958
791.780019
792.698525
793.467286
794.084478
794.548644
794.858693
795.013899
795.013899
794.858693
794.548644
794.084478
793.467286
792.698525
791.780019
790.713958
789.502897
788.149758
788.074328
789.425543
790.634886
791.699442
792.616656
793.384339
794.000668
794.464188
794.773806
794.928797
794.928797
794.773806
794.464188
794.000668
793.384339
792.616656
791.699442
790.634886
789.425543
788.074328
787.999008
789.348301
790.555930
791.618982
792.534904
793.301510
793.916978
794.379851
794.689039
794.843814
794.843814
794.689039
794.379851
793.916978
793.301510
792.534904
791.618982
790.555930
789.348301
787.999008
787.923799
789.271173
790.477090
791.538639
792.453271
793.218801
793.833407
794.295634
794.604391
794.758951
794.758951
794.604391
794.295634
793.833407
793.218801
792.453271
791.538639
790.477090
789.271173
787.923799
787.848700
789.194158
790.398365
791.458413
792.371756
793.136210
793.749955
794.211536
794.519862
794.674207
794.674207
794.519862
794.211536
793.749955
793.136210
792.371756
791.458413
790.398365
789.194158
787.848700
787.773710
789.117255
790.319754
791.378303
792.290358
793.053737
793.666622
794.127558
794.435453
794.589583
794.589583
794.435453
794.127558
793.666622
793.053737
792.290358
791.378303
790.319754
789.117255
787.773710
787.698829
789.040464
790.241257
791.298309
792.209078
792.971383
793.583408
794.043698
794.351164
794.505078
794.505078
794.351164
794.043698
793.583408
792.971383
792.209078
791.298309
790.241257
789.040464
787.698829
787.624057
788.963785
790.162875
791.218431
792.127915
792.889147
793.500313
793.959958
794.266994
794.420693
794.420693
794.266994
793.959958
793.500313
792.889147
792.127915
791.218431
790.162875
788.963785
787.624057
787.549394
788.887218
790.084607
791.138669
792.046869
792.807029
793.417336
793.876337
794.182942
794.336427
794.336427
794.182942
793.876337
793.417336
792.807029
792.046869
791.138669
790.084607
788.887218
787.549394
787.474839
788.810761
790.006452
791.059022
791.965940
792.725029
793.334478
793.792835
794.099011
794.252280
794.252280
794.099011
793.792835
793.334478
792.725029
791.965940
791.059022
790.006452
788.810761
787.474839
787.400392
788.734416
789.928410
790.979491
791.885127
792.643147
793.251738
793.709451
794.015198
794.168252
794.168252
794.015198
793.709451
793.251738
792.643147
791.885127
790.979491
789.928410
788.734416
787.400392
787.326053
788.658181
789.850482
790.900074
791.804431
792.561382
793.169117
793.626186
793.931504
794.084344
794.084344
793.931504
793.626186
793.169117
792.561382
791.804431
790.900074
789.850482
788.658181
787.326053
787.251822
788.582056
789.772666
790.820772
791.723850
792.479734
793.086613
793.543040
793.847929
794.000554
794.000554
793.847929
793.543040
793.086613
792.479734
791.723850
790.820772
789.772666
788.582056
787.251822
787.177697
788.506042
789.694962
790.741584
791.643386
792.398203
793.004227
793.460012
793.764473
793.916884
793.916884
793.764473
793.460012
793.004227
792.398203
791.643386
790.741584
789.694962
788.506042
787.177697
787.103680
788.430137
789.617371
790.662510
791.563037
792.316789
792.921959
793.377103
793.681135
793.833332
793.833332
793.681135
793.377103
792.921959
792.316789
791.563037
790.662510
789.617371
788.430137
787.103680
787.029769
788.354342
789.539892
790.583551
791.482804
792.235491
792.839809
793.294312
793.597916
793.749899
793.749899
793.597916
793.294312
792.839809
792.235491
791.482804
790.583551
789.539892
788.354342
787.029769
786.955965
788.278657
789.462524
790.504705
791.402687
792.154311
792.757776
793.211638
793.514816
793.666585
793.666585
793.514816
793.211638
792.757776
792.154311
791.402687
790.504705
789.462524
788.278657
786.955965
786.882267
788.203080
789.385268
790.425973
791.322684
792.073246
792.675860
793.129083
793.431833
793.583389
793.583389
793.431833
793.129083
792.675860
792.073246
791.322684
790.425973
789.385268
788.203080
786.882267
786.808675
788.127613
789.308124
790.347354
791.242796
791.992298
792.594061
793.046646
793.348969
793.500312
793.500312
793.348969
793.046646
792.594061
791.992298
791.242796
790.347354
789.308124
788.127613
786.808675
786.735189
788.052254
789.231090
790.268848
791.163023
791.911466
792.512380
792.964326
793.266224
793.417353
793.417353
793.266224
792.964326
792.512380
791.911466
791.163023
790.268848
789.231090
788.052254
786.735189
786.661809
787.977003
789.154167
790.190455
791.083365
791.830749
792.430815
792.882123
793.183596
793.334512
793.334512
793.183596
792.882123
792.430815
791.830749
791.083365
790.190455
789.154167
787.977003
786.661809
786.588533
787.901860
789.077355
790.112174
791.003820
791.750149
792.349366
792.800038
793.101085
793.251789
793.251789
793.101085
792.800038
792.349366
791.750149
791.003820
790.112174
789.077355
787.901860
786.588533
786.515363
787.826826
789.000653
790.034006
790.924390
791.669663
792.268035
792.718070
793.018693
793.169184
793.169184
793.018693
792.718070
792.268035
791.669663
790.924390
790.034006
789.000653
787.826826
786.515363
786.442298
787.751899
788.924062
789.955950
790.845074
791.589293
792.186819
792.636219
792.936418
793.086697
793.086697
792.936418
792.636219
792.186819
791.589293
790.845074
789.955950
788.924062
787.751899
786.442298
786.369337
787.677080
788.847580
789.878007
790.765872
791.509038
792.105720
792.554486
792.854260
793.004327
793.004327
792.854260
792.554486
792.105720
791.509038
790.765872
789.878007
788.847580
787.677080
786.369337
786.296481
787.602368
788.771208
789.800175
790.686783
791.428898
792.024737
792.472868
792.772220
792.922075
792.922075
792.772220
792.472868
792.024737
791.428898
790.686783
789.800175
788.771208
787.602368
786.296481
786.223730
787.527763
788.694946
789.722454
790.607808
791.348873
791.943869
792.391368
792.690297
792.839940
792.839940
792.690297
792.391368
791.943869
791.348873
790.607808
789.722454
788.694946
787.527763
786.223730
786.151082
787.453265
788.618793
789.644846
790.528945
791.268962
791.863117
792.309984
792.608490
792.757923
792.757923
792.608490
792.309984
791.863117
791.268962
790.528945
789.644846
788.618793
787.453265
786.151082
786.078538
787.378874
788.542749
789.567348
790.450196
791.189166
791.782481
792.228716
792.526801
792.676022
792.676022
792.526801
792.228716
791.782481
791.189166
790.450196
789.567348
788.542749
787.378874
786.078538
786.006098
787.304589
788.466815
789.489962
790.371559
791.109484
791.701960
792.147564
792.445228
792.594239
792.594239
792.445228
792.147564
791.701960
791.109484
790.371559
789.489962
788.466815
787.304589
786.006098
785.933762
787.230411
788.390989
789.412686
790.293036
791.029916
791.621554
792.066528
792.363772
792.512572
792.512572
792.363772
792.066528
791.621554
791.029916
790.293036
789.412686
788.390989
787.230411
785.933762
785.861529
787.156339
788.315271
789.335521
790.214624
790.950462
791.541263
791.985608
792.282432
792.431022
792.431022
792.282432
791.985608
791.541263
790.950462
790.214624
789.335521
788.315271
787.156339
785.861529
785.789398
787.082372
788.239662
789.258466
790.136325
790.871121
791.461087
791.904804
792.201208
792.349588
792.349588
792.201208
791.904804
791.461087
790.871121
790.136325
789.258466
788.239662
787.082372
785.789398
785.717371
787.008512
788.164161
789.181522
790.058138
790.791894
791.381025
791.824115
792.120100
792.268271
792.268271
792.120100
791.824115
791.381025
790.791894
790.058138
789.181522
788.164161
787.008512
785.717371
785.645447
786.934757
788.088768
789.104688
789.980062
790.712780
791.301078
791.743542
792.039109
792.187069
792.187069
792.039109
791.743542
791.301078
790.712780
789.980062
789.104688
788.088768
786.934757
785.645447
785.573625
786.861107
788.013483
789.027964
789.902099
790.633780
791.221246
791.663084
791.958232
792.105984
792.105984
791.958232
791.663084
791.221246
790.633780
789.902099
789.027964
788.013483
786.861107
785.573625
785.501905
786.787562
787.938306
788.951350
789.824247
790.554892
791.141527
791.582740
791.877472
792.025015
792.025015
791.877472
791.582740
791.141527
790.554892
789.824247
788.951350
787.938306
786.787562
785.501905
785.430288
786.714123
787.863236
788.874845
789.746506
790.476118
791.061923
791.502512
791.796827
791.944161
791.944161
791.796827
791.502512
791.061923
790.476118
789.746506
788.874845
787.863236
786.714123
785.430288
785.358773
786.640788
787.788273
788.798449
789.668877
790.397456
790.982432
791.422398
791.716297
791.863423
791.863423
791.716297
791.422398
790.982432
790.397456
789.668877
788.798449
787.788273
786.640788
785.358773
785.287360
786.567558
787.713417
788.722163
789.591358
790.318906
790.903055
791.342399
791.635882
791.782800
791.782800
791.635882
791.342399
790.903055
790.318906
789.591358
788.722163
787.713417
786.567558
785.287360
785.216048
786.494432
787.638668
788.645986
789.513950
790.240469
790.823791
791.262514
791.555582
791.702292
791.702292
791.555582
791.262514
790.823791
790.240469
789.513950
788.645986
787.638668
786.494432
785.216048
785.144838
786.421411
787.564026
788.569917
789.436653
790.162144
790.744641
791.182743
791.475397
791.621900
791.621900
791.475397
791.182743
790.744641
790.162144
789.436653
788.569917
787.564026
786.421411
785.144838
785.073729
786.348494
787.489491
788.493957
789.359467
790.083931
790.665604
791.103086
791.395326
791.541622
791.541622
791.395326
791.103086
790.665604
790.083931
789.359467
788.493957
787.489491
786.348494
785.073729
785.002721
786.275680
787.415061
788.418106
789.282390
790.005829
790.586679
791.023543
791.315370
791.461459
791.461459
791.315370
791.023543
790.586679
790.005829
789.282390
788.418106
787.415061
786.275680
785.002721
784.931815
786.202971
787.340738
788.342363
789.205424
789.927839
790.507868
790.944114
791.235528
791.381410
791.381410
791.235528
790.944114
790.507868
789.927839
789.205424
788.342363
787.340738
786.202971
784.931815
784.861009
786.130365
787.266521
788.266728
789.128568
789.849961
790.429169
790.864798
791.155800
791.301476
791.301476
791.155800
790.864798
790.429169
789.849961
789.128568
788.266728
787.266521
786.130365
784.861009
784.790304
786.057862
787.192410
788.191201
789.051821
789.772194
790.350583
790.785595
791.076186
791.221656
791.221656
791.076186
790.785595
790.350583
789.772194
789.051821
788.191201
787.192410
786.057862
784.790304
784.719699
785.985463
787.118405
788.115782
788.975184
789.694538
790.272108
790.706506
790.996686
791.141950
791.141950
790.996686
790.706506
790.272108
789.694538
788.975184
788.115782
787.118405
785.985463
784.719699
784.649195
785.913167
787.044505
788.040471
788.898657
789.616993
790.193746
790.627530
790.917299
791.062358
791.062358
790.917299
790.627530
790.193746
789.616993
788.898657
788.040471
787.044505
785.913167
784.649195
784.578791
785.840973
786.970710
787.965267
788.822239
789.539558
790.115496
790.548666
790.838026
790.982880
790.982880
790.838026
790.548666
790.115496
789.539558
788.822239
787.965267
786.970710
785.840973
784.578791
784.508487
785.768883
786.897021
787.890170
788.745929
789.462234
790.037358
790.469915
790.758866
790.903515
790.903515
790.758866
790.469915
790.037358
789.462234
788.745929
787.890170
786.897021
785.768883
784.508487
784.438282
785.696894
786.823436
787.815180
788.669729
789.385021
789.959331
790.391277
790.679819
790.824264
790.824264
790.679819
790.391277
789.959331
789.385021
788.669729
787.815180
786.823436
785.696894
784.438282
784.368178
785.625009
786.749956
787.740297
788.593638
789.307918
789.881416
790.312751
790.600885
790.745126
790.745126
790.600885
790.312751
789.881416
789.307918
788.593638
787.740297
786.749956
785.625009
784.368178
784.298173
785.553225
786.676581
787.665521
788.517655
789.230925
789.803612
790.234337
790.522064
790.666100
790.666100
790.522064
790.234337
789.803612
789.230925
788.517655
787.665521
786.676581
785.553225
784.298173
784.228267
785.481544
786.603311
787.590852
788.441780
789.154041
789.725919
790.156035
790.443355
790.587188
790.587188
790.443355
790.156035
789.725919
789.154041
788.441780
787.590852
786.603311
785.481544
784.228267
784.158461
785.409965
786.530145
787.516289
788.366014
789.077268
789.648337
790.077845
790.364759
790.508389
790.508389
790.364759
790.077845
789.648337
789.077268
788.366014
787.516289
786.530145
785.409965
784.158461
784.088753
785.338487
786.457082
787.441832
788.290355
789.000604
789.570865
789.999767
790.286275
790.429702
790.429702
790.286275
789.999767
789.570865
789.000604
788.290355
787.441832
786.457082
785.338487
784.088753
784.019145
785.267111
786.384124
787.367481
788.214805
788.924049
789.493505
789.921800
790.207903
790.351127
790.351127
790.207903
789.921800
789.493505
788.924049
788.214805
787.367481
786.384124
785.267111
784.019145
783.949635
785.195836
786.311270
787.293237
788.139362
788.847604
789.416254
789.843944
790.129643
790.272665
790.272665
790.129643
789.843944
789.416254
788.847604
788.139362
787.293237
786.311270
785.195836
783.949635
783.880224
785.124663
786.238519
787.219098
788.064027
788.771267
789.339114
789.766199
790.051495
790.194314
790.194314
790.051495
789.766199
789.339114
788.771267
788.064027
787.219098
786.238519
785.124663
783.880224
783.810911
785.053590
786.165872
787.145064
787.988799
788.695040
789.262084
789.688566
789.973458
790.116076
790.116076
789.973458
789.688566
789.262084
788.695040
787.988799
787.145064
786.165872
785.053590
783.810911
783.741696
784.982619
786.093328
787.071136
787.913678
788.618921
789.185164
789.611043
789.895533
790.037949
790.037949
789.895533
789.611043
789.185164
788.618921
787.913678
787.071136
786.093328
784.982619
783.741696
783.672580
784.911748
786.020888
786.997313
787.838665
788.542911
789.108354
789.533631
789.817719
789.959934
789.959934
789.817719
789.533631
789.108354
788.542911
787.838665
786.997313
786.020888
784.911748
783.672580
783.603562
784.840978
785.948550
786.923596
787.763758
788.467009
789.031653
789.456329
789.740016
789.882030
789.882030
789.740016
789.456329
789.031653
788.467009
787.763758
786.923596
785.948550
784.840978
783.603562
783.534641
784.770309
785.876315
786.849983
787.688958
788.391216
788.955062
789.379138
789.662423
789.804237
789.804237
789.662423
789.379138
788.955062
788.391216
787.688958
786.849983
785.876315
784.770309
783.534641
783.465818
784.699739
785.804183
786.776475
787.614265
788.315530
788.878579
789.302057
789.584942
789.726555
789.726555
789.584942
789.302057
788.878579
788.315530
787.614265
786.776475
785.804183
784.699739
783.465818
783.397092
784.629270
785.732154
786.703072
787.539678
788.239952
788.802206
789.225085
789.507571
789.648984
789.648984
789.507571
789.225085
788.802206
788.239952
787.539678
786.703072
785.732154
784.629270
783.397092
783.328464
784.558901
785.660226
786.629773
787.465197
788.164482
788.725942
789.148224
789.430311
789.571524
789.571524
789.430311
789.148224
788.725942
788.164482
787.465197
786.629773
785.660226
784.558901
783.328464
783.259933
784.488632
785.588401
786.556578
787.390822
788.089120
788.649787
789.071472
789.353160
789.494174
789.494174
789.353160
789.071472
788.649787
788.089120
787.390822
786.556578
785.588401
784.488632
783.259933
783.191500
784.418463
785.516678
786.483488
787.316553
788.013865
788.573740
788.994830
789.276120
789.416935
789.416935
789.276120
788.994830
788.573740
788.013865
787.316553
786.483488
785.516678
784.418463
783.191500
783.123163
784.348393
785.445057
786.410501
787.242390
787.938717
788.497801
788.918296
789.199190
789.339806
789.339806
789.199190
788.918296
788.497801
787.938717
787.242390
786.410501
785.445057
784.348393
783.123163
783.054922
784.278422
785.373538
786.337618
787.168333
787.863676
788.421971
788.841872
789.122369
789.262787
789.262787
789.122369
788.841872
788.421971
787.863676
787.168333
786.337618
785.373538
784.278422
783.054922
782.986779
784.208551
785.302120
786.264839
787.094381
787.788742
788.346249
788.765557
789.045658
789.185877
789.185877
789.045658
788.765557
788.346249
787.788742
787.094381
786.264839
785.302120
784.208551
782.986779
782.918732
784.138778
785.230804
786.192163
787.020534
787.713915
788.270634
788.689351
788.969057
789.109078
789.109078
788.969057
788.689351
788.270634
787.713915
787.020534
786.192163
785.230804
784.138778
782.918732
782.850781
784.069105
785.159588
786.119591
786.946792
787.639194
788.195128
788.613254
788.892564
789.032388
789.032388
788.892564
788.613254
788.195128
787.639194
786.946792
786.119591
785.159588
784.069105
782.850781
782.782926
783.999530
785.088474
786.047122
786.873155
787.564580
788.119729
788.537264
788.816181
788.955807
788.955807
788.816181
788.537264
788.119729
787.564580
786.873155
786.047122
785.088474
783.999530
782.782926
782.715167
783.930054
785.017461
785.974755
786.799623
787.490072
788.044437
788.461383
788.739906
788.879335
788.879335
788.739906
788.461383
788.044437
787.490072
786.799623
785.974755
785.017461
783.930054
782.715167
782.647504
783.860677
784.946549
785.902492
786.726195
787.415670
787.969253
788.385611
788.663740
788.802973
788.802973
788.663740
788.385611
787.969253
787.415670
786.726195
785.902492
784.946549
783.860677
782.647504
782.579937
783.791398
784.875737
785.830331
786.652872
787.341374
787.894176
788.309946
788.587683
788.726719
788.726719
788.587683
788.309946
787.894176
787.341374
786.652872
785.830331
784.875737
783.791398
782.579937
782.512466
783.722216
784.805026
785.758273
786.579653
787.267183
787.819205
788.234389
788.511734
788.650574
788.650574
788.511734
788.234389
787.819205
787.267183
786.579653
785.758273
784.805026
783.722216
782.512466
782.445090
783.653133
784.734415
785.686317
786.506538
787.193099
787.744342
788.158940
788.435894
788.574538
788.574538
788.435894
788.158940
787.744342
787.193099
786.506538
785.686317
784.734415
783.653133
782.445090
782.377809
783.584148
784.663904
785.614463
786.433528
787.119119
787.669585
788.083598
788.360161
788.498609
788.498609
788.360161
788.083598
787.669585
787.119119
786.433528
785.614463
784.663904
783.584148
782.377809
782.310623
783.515261
784.593494
785.542712
786.360620
787.045245
787.594934
788.008363
788.284536
788.422789
788.422789
788.284536
788.008363
787.594934
787.045245
786.360620
785.542712
784.593494
783.515261
782.310623
782.243532
783.446471
784.523183
785.471062
786.287817
786.971476
787.520390
787.933236
788.209019
788.347077
788.347077
788.209019
787.933236
787.520390
786.971476
786.287817
785.471062
784.523183
783.446471
782.243532
782.176536
783.377778
784.452972
785.399514
786.215117
786.897812
787.445951
787.858215
788.133610
788.271473
788.271473
788.133610
787.858215
787.445951
786.897812
786.215117
785.399514
784.452972
783.377778
782.176536
782.109635
783.309183
784.382860
785.328068
786.142520
786.824252
787.371619
787.783301
788.058308
788.195977
788.195977
788.058308
787.783301
787.371619
786.824252
786.142520
785.328068
784.382860
783.309183
782.109635
782.042828
783.240684
784.312848
785.256723
786.070027
786.750798
787.297392
787.708494
787.983113
788.120588
788.120588
787.983113
787.708494
787.297392
786.750798
786.070027
785.256723
784.312848
783.240684
782.042828
781.976116
783.172283
784.242935
785.185479
785.997636
786.677447
787.223271
787.633794
787.908025
788.045306
788.045306
787.908025
787.633794
787.223271
786.677447
785.997636
785.185479
784.242935
783.172283
781.976116
781.909498
783.103979
784.173121
785.114336
785.925349
786.604201
787.149256
787.559199
787.833045
787.970132
787.970132
787.833045
787.559199
787.149256
786.604201
785.925349
785.114336
784.173121
783.103979
781.909498
781.842974
783.035771
784.103406
785.043294
785.853164
786.531059
787.075346
787.484711
787.758170
787.895065
787.895065
787.758170
787.484711
787.075346
786.531059
785.853164
785.043294
784.103406
783.035771
781.842974
781.776544
782.967660
784.033790
784.972353
785.781081
786.458021
787.001541
787.410329
787.683403
787.820104
787.820104
787.683403
787.410329
787.001541
786.458021
785.781081
784.972353
784.033790
782.967660
781.776544
781.710207
782.899645
783.964272
784.901513
785.709101
786.385087
786.927840
787.336053
787.608742
787.745250
787.745250
787.608742
787.336053
786.927840
786.385087
785.709101
784.901513
783.964272
782.899645
781.710207
781.643965
782.831726
783.894853
784.830773
785.637223
786.312257
786.854245
787.261882
787.534187
787.670503
787.670503
787.534187
787.261882
786.854245
786.312257
785.637223
784.830773
783.894853
782.831726
781.643965
781.577816
782.763903
783.825533
784.760134
785.565448
786.239530
786.780754
787.187817
787.459738
787.595862
787.595862
787.459738
787.187817
786.780754
786.239530
785.565448
784.760134
783.825533
782.763903
781.577816
781.511760
782.696177
783.756310
784.689594
785.493774
786.166906
786.707368
787.113857
787.385395
787.521328
787.521328
787.385395
787.113857
786.707368
786.166906
785.493774
784.689594
783.756310
782.696177
781.511760
781.445798
782.628546
783.687186
784.619155
785.422201
786.094385
786.634086
787.040003
787.311158
787.446899
787.446899
787.311158
787.040003
786.634086
786.094385
785.422201
784.619155
783.687186
782.628546
781.445798
781.379929
782.561010
783.618159
784.548816
785.350731
786.021968
786.560908
786.966253
787.237027
787.372576
787.372576
787.237027
786.966253
786.560908
786.021968
785.350731
784.548816
783.618159
782.561010
781.379929
781.314152
782.493571
783.549230
784.478576
785.279361
785.949653
786.487835
786.892609
787.163000
787.298359
787.298359
787.163000
786.892609
786.487835
785.949653
785.279361
784.478576
783.549230
782.493571
781.314152
781.248469
782.426226
783.480399
784.408436
785.208094
785.877441
786.414865
786.819069
787.089080
787.224248
787.224248
787.089080
786.819069
786.414865
785.877441
785.208094
784.408436
783.480399
782.426226
781.248469
781.182878
782.358977
783.411665
784.338395
785.136927
785.805332
786.341998
786.745633
787.015264
787.150242
787.150242
787.015264
786.745633
786.341998
785.805332
785.136927
784.338395
783.411665
782.358977
781.182878
781.117380
782.291823
783.343029
784.268454
785.065861
785.733325
786.269236
786.672302
786.941553
787.076341
787.076341
786.941553
786.672302
786.269236
785.733325
785.065861
784.268454
783.343029
782.291823
781.117380
781.051974
782.224763
783.274489
784.198611
784.994896
785.661420
786.196576
786.599075
786.867947
787.002545
787.002545
786.867947
786.599075
786.196576
785.661420
784.994896
784.198611
783.274489
782.224763
781.051974
780.986661
782.157799
783.206047
784.128868
784.924031
785.589617
786.124020
786.525952
786.794446
786.928854
786.928854
786.794446
786.525952
786.124020
785.589617
784.924031
784.128868
783.206047
782.157799
780.986661
780.921439
782.090929
783.137701
784.059223
784.853267
785.517916
786.051567
786.452933
786.721049
786.855268
786.855268
786.721049
786.452933
786.051567
785.517916
784.853267
784.059223
783.137701
782.090929
780.921439
780.856310
782.024153
783.069453
783.989677
784.782604
785.446317
785.979217
786.380018
786.647756
786.781787
786.781787
786.647756
786.380018
785.979217
785.446317
784.782604
783.989677
783.069453
782.024153
780.856310
780.791272
781.957472
783.001300
783.920230
784.712040
785.374820
785.906969
786.307207
786.574568
786.708410
786.708410
786.574568
786.307207
785.906969
785.374820
784.712040
783.920230
783.001300
781.957472
780.791272
780.726327
781.890885
782.933244
783.850881
784.641577
785.303424
785.834824
786.234498
786.501484
786.635137
786.635137
786.501484
786.234498
785.834824
785.303424
784.641577
783.850881
782.933244
781.890885
780.726327
780.661472
781.824392
782.865285
783.781630
784.571214
785.232129
785.762782
786.161893
786.428503
786.561968
786.561968
786.428503
786.161893
785.762782
785.232129
784.571214
783.781630
782.865285
781.824392
780.661472
780.596709
781.757993
782.797421
783.712477
784.500950
785.160935
785.690841
786.089392
786.355626
786.488904
786.488904
786.355626
786.089392
785.690841
785.160935
784.500950
783.712477
782.797421
781.757993
780.596709
780.532038
781.691688
782.729654
783.643422
784.430786
785.089842
785.619003
786.016993
786.282853
786.415943
786.415943
786.282853
786.016993
785.619003
785.089842
784.430786
783.643422
782.729654
781.691688
780.532038
780.467457
781.625476
782.661982
783.574465
784.360721
785.018851
785.547267
785.944697
786.210183
786.343085
786.343085
786.210183
785.944697
785.547267
785.018851
784.360721
783.574465
782.661982
781.625476
780.467457
780.402968
781.559358
782.594406
783.505606
784.290755
784.947959
785.475633
785.872503
786.137616
786.270332
786.270332
786.137616
785.872503
785.475633
784.947959
784.290755
783.505606
782.594406
781.559358
780.402968
780.338570
781.493333
782.526925
783.436844
784.220889
784.877169
785.404100
785.800412
786.065152
786.197681
786.197681
786.065152
785.800412
785.404100
784.877169
784.220889
783.436844
782.526925
781.493333
780.338570
780.274262
781.427402
782.459540
783.368179
784.151122
784.806478
785.332668
785.728424
785.992791
786.125134
786.125134
785.992791
785.728424
785.332668
784.806478
784.151122
783.368179
782.459540
781.427402
780.274262
780.210045
781.361563
782.392250
783.299611
784.081453
784.735888
785.261339
785.656537
785.920533
786.052689
786.052689
785.920533
785.656537
785.261339
784.735888
784.081453
783.299611
782.392250
781.361563
780.210045
780.145918
781.295817
782.325055
783.231141
784.011883
784.665398
785.190110
785.584753
785.848377
785.980348
785.980348
785.848377
785.584753
785.190110
784.665398
784.011883
783.231141
782.325055
781.295817
780.145918
780.081882
781.230165
782.257955
783.162767
783.942412
784.595008
785.118982
785.513070
785.776324
785.908109
785.908109
785.776324
785.513070
785.118982
784.595008
783.942412
783.162767
782.257955
781.230165
780.081882
780.017935
781.164604
782.190950
783.094490
783.873039
784.524718
785.047955
785.441489
785.704373
785.835973
785.835973
785.704373
785.441489
785.047955
784.524718
783.873039
783.094490
782.190950
781.164604
780.017935
779.954079
781.099136
782.124040
783.026309
783.803764
784.454527
784.977029
785.370010
785.632524
785.763939
785.763939
785.632524
785.370010
784.977029
784.454527
783.803764
783.026309
782.124040
781.099136
779.954079
779.890313
781.033761
782.057224
782.958225
783.734587
784.384436
784.906203
785.298632
785.560777
785.692007
785.692007
785.560777
785.298632
784.906203
784.384436
783.734587
782.958225
782.057224
781.033761
779.890313
779.826637
780.968478
781.990502
782.890238
783.665509
784.314444
784.835478
785.227355
785.489132
785.620178
785.620178
785.489132
785.227355
784.835478
784.314444
783.665509
782.890238
781.990502
780.968478
779.826637
779.763050
780.903286
781.923875
782.822346
783.596528
784.244551
784.764853
785.156179
785.417588
785.548450
785.548450
785.417588
785.156179
784.764853
784.244551
783.596528
782.822346
781.923875
780.903286
779.763050
779.699553
780.838187
781.857342
782.754551
783.527644
784.174757
784.694328
785.085105
785.346146
785.476824
785.476824
785.346146
785.085105
784.694328
784.174757
783.527644
782.754551
781.857342
780.838187
779.699553
779.636145
780.773180
781.790903
782.686851
783.458858
784.105062
784.623903
785.014131
785.274805
785.405300
785.405300
785.274805
785.014131
784.623903
784.105062
783.458858
782.686851
781.790903
780.773180
779.636145
779.572826
780.708264
781.724557
782.619247
783.390170
784.035466
784.553578
784.943257
785.203566
785.333877
785.333877
785.203566
784.943257
784.553578
784.035466
783.390170
782.619247
781.724557
780.708264
779.572826
779.509597
780.643440
781.658305
782.551738
783.321578
783.965968
784.483352
784.872484
785.132427
785.262555
785.262555
785.132427
784.872484
784.483352
783.965968
783.321578
782.551738
781.658305
780.643440
779.509597
779.446456
780.578707
781.592147
782.484325
783.253084
783.896568
784.413226
784.801812
785.061390
785.191335
785.191335
785.061390
784.801812
784.413226
783.896568
783.253084
782.484325
781.592147
780.578707
779.446456
779.383404
780.514065
781.526082
782.417007
783.184687
783.827267
784.343199
784.731239
784.990453
785.120215
785.120215
784.990453
784.731239
784.343199
783.827267
783.184687
782.417007
781.526082
780.514065
779.383404
779.320441
780.449514
781.460110
782.349784
783.116386
783.758064
784.273272
784.660767
784.919616
785.049197
785.049197
784.919616
784.660767
784.273272
783.758064
783.116386
782.349784
781.460110
780.449514
779.320441
779.257567
780.385055
781.394232
782.282657
783.048182
783.688959
784.203443
784.590394
784.848880
784.978279
784.978279
784.848880
784.590394
784.203443
783.688959
783.048182
782.282657
781.394232
780.385055
779.257567
779.194781
780.320686
781.328446
782.215624
782.980074
783.619952
784.133713
784.520121
784.778244
784.907461
784.907461
784.778244
784.520121
784.133713
783.619952
782.980074
782.215624
781.328446
780.320686
779.194781
779.132083
780.256408
781.262753
782.148685
782.912062
783.551042
784.064082
784.449948
784.707708
784.836744
784.836744
784.707708
784.449948
784.064082
783.551042
782.912062
782.148685
781.262753
780.256408
779.132083
779.069474
780.192220
781.197153
782.081842
782.844147
783.482230
783.994550
784.379874
784.637273
784.766127
784.766127
784.637273
784.379874
783.994550
783.482230
782.844147
782.081842
781.197153
780.192220
779.069474
779.006952
780.128123
781.131645
782.015092
782.776328
783.413515
783.925116
784.309899
784.566937
784.695610
784.695610
784.566937
784.309899
783.925116
783.413515
782.776328
782.015092
781.131645
780.128123
779.006952
778.944519
780.064116
781.066230
781.948437
782.708605
783.344897
783.855780
784.240023
784.496700
784.625193
784.625193
784.496700
784.240023
783.855780
783.344897
782.708605
781.948437
781.066230
780.064116
778.944519
778.882173
780.000199
781.000907
781.881876
782.640977
783.276377
783.786543
784.170247
784.426563
784.554876
784.554876
784.426563
784.170247
783.786543
783.276377
782.640977
781.881876
781.000907
780.000199
778.882173
778.819915
779.936372
780.935676
781.815409
782.573445
783.207953
783.717403
784.100569
784.356526
784.484658
784.484658
784.356526
784.100569
783.717403
783.207953
782.573445
781.815409
780.935676
779.936372
778.819915
778.757745
779.872635
780.870537
781.749036
782.506008
783.139626
783.648362
784.030989
784.286587
784.414540
784.414540
784.286587
784.030989
783.648362
783.139626
782.506008
781.749036
780.870537
779.872635
778.757745
778.695661
779.808988
780.805490
781.682756
782.438666
783.071396
783.579418
783.961508
784.216748
784.344521
784.344521
784.216748
783.961508
783.579418
783.071396
782.438666
781.682756
780.805490
779.808988
778.695661
778.633665
779.745431
780.740535
781.616570
782.371420
783.003262
783.510571
783.892126
784.147007
784.274601
784.274601
784.147007
783.892126
783.510571
783.003262
782.371420
781.616570
780.740535
779.745431
778.633665
778.571757
779.681962
780.675671
781.550478
782.304269
782.935224
783.441822
783.822842
784.077365
784.204781
784.204781
784.077365
783.822842
783.441822
782.935224
782.304269
781.550478
780.675671
779.681962
778.571757
778.509935
779.618584
780.610899
781.484479
782.237212
782.867283
783.373170
783.753655
784.007822
784.135059
784.135059
784.007822
783.753655
783.373170
782.867283
782.237212
781.484479
780.610899
779.618584
778.509935
778.448200
779.555294
780.546217
781.418572
782.170251
782.799437
783.304615
783.684567
783.938377
784.065436
784.065436
783.938377
783.684567
783.304615
782.799437
782.170251
781.418572
780.546217
779.555294
778.448200
778.386552
779.492093
780.481627
781.352759
782.103383
782.731688
783.236157
783.615576
783.869031
783.995911
783.995911
783.869031
783.615576
783.236157
782.731688
782.103383
781.352759
780.481627
779.492093
778.386552
778.324990
779.428982
780.417128
781.287039
782.036611
782.664034
783.167796
783.546683
783.799783
783.926485
783.926485
783.799783
783.546683
783.167796
782.664034
782.036611
781.287039
780.417128
779.428982
778.324990
778.263515
779.365959
780.352720
781.221411
781.969932
782.596476
783.099532
783.477888
783.730632
783.857157
783.857157
783.730632
783.477888
783.099532
782.596476
781.969932
781.221411
780.352720
779.365959
778.263515
778.202126
779.303025
780.288403
781.155876
781.903348
782.529013
783.031364
783.409190
783.661580
783.787927
783.787927
783.661580
783.409190
783.031364
782.529013
781.903348
781.155876
780.288403
779.303025
778.202126
778.140823
779.240179
780.224176
781.090433
781.836857
782.461646
782.963293
783.340588
783.592625
783.718795
783.718795
783.592625
783.340588
782.963293
782.461646
781.836857
781.090433
780.224176
779.240179
778.140823
778.079607
779.177422
780.160040
781.025083
781.770461
782.394374
782.895317
783.272084
783.523767
783.649760
783.649760
783.523767
783.272084
782.895317
782.394374
781.770461
781.025083
780.160040
779.177422
778.079607
778.018476
779.114753
780.095994
780.959824
781.704158
782.327196
782.827438
783.203677
783.455007
783.580824
783.580824
783.455007
783.203677
782.827438
782.327196
781.704158
780.959824
780.095994
779.114753
778.018476
777.957431
779.052172
780.032038
780.894658
781.637948
782.260114
782.759655
783.135366
783.386344
783.511985
783.511985
783.386344
783.135366
782.759655
782.260114
781.637948
780.894658
780.032038
779.052172
777.957431
777.896472
778.989679
779.968172
780.829584
781.571832
782.193126
782.691967
783.067152
783.317779
783.443243
783.443243
783.317779
783.067152
782.691967
782.193126
781.571832
780.829584
779.968172
778.989679
777.896472
777.835599
778.927274
779.904396
780.764601
781.505810
782.126233
782.624375
782.999035
783.249310
783.374598
783.374598
783.249310
782.999035
782.624375
782.126233
781.505810
780.764601
779.904396
778.927274
777.835599
777.774811
778.864957
779.840710
780.699710
781.439880
782.059434
782.556878
782.931013
783.180938
783.306051
783.306051
783.180938
782.931013
782.556878
782.059434
781.439880
780.699710
779.840710
778.864957
777.774811
777.714108
778.802727
779.777113
780.634910
781.374044
781.992730
782.489477
782.863088
783.112663
783.237600
783.237600
783.112663
782.863088
782.489477
781.992730
781.374044
780.634910
779.777113
778.802727
777.714108
777.653490
778.740585
779.713606
780.570202
781.308300
781.926120
782.422171
782.795259
783.044484
783.169247
783.169247
783.044484
782.795259
782.422171
781.926120
781.308300
780.570202
779.713606
778.740585
777.653490
777.592958
778.678530
779.650189
780.505584
781.242649
781.859604
782.354960
782.727525
782.976401
783.100989
783.100989
782.976401
782.727525
782.354960
781.859604
781.242649
780.505584
779.650189
778.678530
777.592958
777.532510
778.616562
779.586860
780.441058
781.177091
781.793181
782.287844
782.659888
782.908415
783.032829
783.032829
782.908415
782.659888
782.287844
781.793181
781.177091
780.441058
779.586860
778.616562
777.532510
777.472147
778.554681
779.523621
780.376623
781.111625
781.726853
782.220823
782.592345
782.840525
782.964764
782.964764
782.840525
782.592345
782.220823
781.726853
781.111625
780.376623
779.523621
778.554681
777.472147
777.411869
778.492887
779.460471
780.312278
781.046251
781.660618
782.153896
782.524899
782.772731
782.896796
782.896796
782.772731
782.524899
782.153896
781.660618
781.046251
780.312278
779.460471
778.492887
777.411869
777.351676
778.431181
779.397409
780.248024
780.980969
781.594476
782.087064
782.457547
782.705032
782.828924
782.828924
782.705032
782.457547
782.087064
781.594476
780.980969
780.248024
779.397409
778.431181
777.351676
777.291566
778.369560
779.334437
780.183861
780.915780
781.528428
782.020326
782.390291
782.637429
782.761147
782.761147
782.637429
782.390291
782.020326
781.528428
780.915780
780.183861
779.334437
778.369560
777.291566
777.231542
778.308027
779.271552
780.119788
780.850682
781.462473
781.953683
782.323129
782.569922
782.693467
782.693467
782.569922
782.323129
781.953683
781.462473
780.850682
780.119788
779.271552
778.308027
777.231542
777.171601
778.246579
779.208757
780.055805
780.785676
781.396610
781.887133
782.256062
782.502510
782.625882
782.625882
782.502510
782.256062
781.887133
781.396610
780.785676
780.055805
779.208757
778.246579
777.171601
777.111744
778.185218
779.146049
779.991912
780.720762
781.330841
781.820677
782.189090
782.435193
782.558392
782.558392
782.435193
782.189090
781.820677
781.330841
780.720762
779.991912
779.146049
778.185218
777.111744
777.051971
778.123944
779.083430
779.928109
780.655939
781.265165
781.754315
782.122213
782.367971
782.490998
782.490998
782.367971
782.122213
781.754315
781.265165
780.655939
779.928109
779.083430
778.123944
777.051971
776.992282
778.062755
779.020898
779.864396
780.591208
781.199581
781.688047
782.055430
782.300844
782.423699
782.423699
782.300844
782.055430
781.688047
781.199581
780.591208
779.864396
779.020898
778.062755
776.992282
776.932677
778.001652
778.958455
779.800772
780.526567
781.134089
781.621872
781.988741
782.233812
782.356495
782.356495
782.233812
781.988741
781.621872
781.134089
780.526567
779.800772
778.958455
778.001652
776.932677
776.873155
777.940635
778.896100
779.737238
780.462018
781.068690
781.555791
781.922146
782.166874
782.289385
782.289385
782.166874
781.922146
781.555791
781.068690
780.462018
779.737238
778.896100
777.940635
776.873155
776.813717
777.879703
778.833832
779.673794
780.397560
781.003383
781.489802
781.855645
782.100031
782.222371
782.222371
782.100031
781.855645
781.489802
781.003383
780.397560
779.673794
778.833832
777.879703
776.813717
776.754362
777.818857
778.771651
779.610438
780.333192
780.938168
781.423907
781.789238
782.033282
782.155451
782.155451
782.033282
781.789238
781.423907
780.938168
780.333192
779.610438
778.771651
777.818857
776.754362
776.695090
777.758097
778.709558
779.547172
780.268915
780.873045
781.358105
781.722925
781.966627
782.088626
782.088626
781.966627
781.722925
781.358105
780.873045
780.268915
779.547172
778.709558
777.758097
776.695090
776.635901
777.697421
778.647552
779.483995
780.204729
780.808014
781.292395
781.656705
781.900067
782.021894
782.021894
781.900067
781.656705
781.292395
780.808014
780.204729
779.483995
778.647552
777.697421
776.635901
776.576795
777.636831
778.585633
779.420907
780.140633
780.743074
781.226778
781.590579
781.833600
781.955257
781.955257
781.833600
781.590579
781.226778
780.743074
780.140633
779.420907
778.585633
777.636831
776.576795
776.517772
777.576326
778.523802
779.357907
780.076627
780.678226
781.161253
781.524545
781.767227
781.888714
781.888714
781.767227
781.524545
781.161253
780.678226
780.076627
779.357907
778.523802
777.576326
776.517772
776.458832
777.515906
778.462057
779.294996
780.012711
780.613469
781.095821
781.458605
781.700948
781.822265
781.822265
781.700948
781.458605
781.095821
780.613469
780.012711
779.294996
778.462057
777.515906
776.458832
776.399974
777.455570
778.400399
779.232174
779.948885
780.548803
781.030481
781.392758
781.634762
781.755910
781.755910
781.634762
781.392758
781.030481
780.548803
779.948885
779.232174
778.400399
777.455570
776.399974
776.341198
777.395319
778.338827
779.169439
779.885149
780.484229
780.965233
781.327004
781.568669
781.689648
781.689648
781.568669
781.327004
780.965233
780.484229
779.885149
779.169439
778.338827
777.395319
776.341198
776.282505
777.335153
778.277342
779.106793
779.821503
780.419745
780.900077
781.261343
781.502670
781.623479
781.623479
781.502670
781.261343
780.900077
780.419745
779.821503
779.106793
778.277342
777.335153
776.282505
776.223894
777.275071
778.215943
779.044235
779.757946
780.355352
780.835013
781.195773
781.436764
781.557404
781.557404
781.436764
781.195773
780.835013
780.355352
779.757946
779.044235
778.215943
777.275071
776.223894
776.165365
777.215073
778.154630
778.981765
779.694479
780.291050
780.770041
781.130297
781.370950
781.491422
781.491422
781.370950
781.130297
780.770041
780.291050
779.694479
778.981765
778.154630
777.215073
776.165365
776.106918
777.155159
778.093404
778.919383
779.631100
780.226838
780.705160
781.064913
781.305230
781.425533
781.425533
781.305230
781.064913
780.705160
780.226838
779.631100
778.919383
778.093404
777.155159
776.106918
776.048553
777.095329
778.032263
778.857088
779.567811
780.162717
780.640370
780.999620
781.239602
781.359737
781.359737
781.239602
780.999620
780.640370
780.162717
779.567811
778.857088
778.032263
777.095329
776.048553
775.990269
777.035583
777.971209
778.794881
779.504612
780.098686
780.575672
780.934420
781.174066
781.294034
781.294034
781.174066
780.934420
780.575672
780.098686
779.504612
778.794881
777.971209
777.035583
775.990269
775.932067
776.975921
777.910240
778.732762
779.441500
780.034745
780.511065
780.869312
781.108623
781.228423
781.228423
781.108623
780.869312
780.511065
780.034745
779.441500
778.732762
777.910240
776.975921
775.932067
775.873947
776.916343
777.849356
778.670729
779.378478
779.970894
780.446548
780.804295
781.043272
781.162905
781.162905
781.043272
780.804295
780.446548
779.970894
779.378478
778.670729
777.849356
776.916343
775.873947
775.815908
776.856848
777.788558
778.608784
779.315544
779.907133
780.382123
780.739370
780.978013
781.097479
781.097479
780.978013
780.739370
780.382123
779.907133
779.315544
778.608784
777.788558
776.856848
775.815908
775.757950
776.797436
777.727845
778.546926
779.252699
779.843461
780.317788
780.674536
780.912846
781.032145
781.032145
780.912846
780.674536
780.317788
779.843461
779.252699
778.546926
777.727845
776.797436
775.757950
775.700073
776.738108
777.667218
778.485154
779.189942
779.779880
780.253544
780.609794
780.847771
780.966903
780.966903
780.847771
780.609794
780.253544
779.779880
779.189942
778.485154
777.667218
776.738108
775.700073
775.642277
776.678863
777.606675
778.423470
779.127274
779.716387
780.189390
780.545143
780.782788
780.901754
780.901754
780.782788
780.545143
780.189390
779.716387
779.127274
778.423470
777.606675
776.678863
775.642277
775.584562
776.619700
777.546217
778.361872
779.064693
779.652984
780.125327
780.480582
780.717896
780.836695
780.836695
780.717896
780.480582
780.125327
779.652984
779.064693
778.361872
777.546217
776.619700
775.584562
775.526927
776.560621
777.485845
778.300360
779.002200
779.589670
780.061353
780.416113
780.653095
780.771729
780.771729
780.653095
780.416113
780.061353
779.589670
779.002200
778.300360
777.485845
776.560621
775.526927
775.469374
776.501624
777.425556
778.238935
778.939795
779.526445
779.997470
780.351735
780.588386
780.706854
780.706854
780.588386
780.351735
779.997470
779.526445
778.939795
778.238935
777.425556
776.501624
775.469374
775.411900
776.442710
777.365353
778.177596
778.877478
779.463309
779.933676
780.287447
780.523768
780.642070
780.642070
780.523768
780.287447
779.933676
779.463309
778.877478
778.177596
777.365353
776.442710
775.411900
775.354507
776.383879
777.305233
778.116343
778.815249
779.400262
779.869973
780.223249
780.459240
780.577378
780.577378
780.459240
780.223249
779.869973
779.400262
778.815249
778.116343
777.305233
776.383879
775.354507
775.297195
776.325129
777.245199
778.055177
778.753106
779.337303
779.806359
780.159142
780.394804
780.512777
780.512777
780.394804
780.159142
779.806359
779.337303
778.753106
778.055177
777.245199
776.325129
775.297195
775.239962
776.266462
777.185248
777.994095
778.691051
779.274433
779.742834
780.095125
780.330458
780.448266
780.448266
780.330458
780.095125
779.742834
779.274433
778.691051
777.994095
777.185248
776.266462
775.239962
775.182810
776.207878
777.125381
777.933100
778.629084
779.211651
779.679399
780.031198
780.266203
780.383847
780.383847
780.266203
780.031198
779.679399
779.211651
778.629084
777.933100
777.125381
776.207878
775.182810
775.125737
776.149375
777.065598
777.872190
778.567203
779.148958
779.616052
779.967361
780.202038
780.319518
780.319518
780.202038
779.967361
779.616052
779.148958
778.567203
777.872190
777.065598
776.149375
775.125737
775.068744
776.090954
777.005899
777.811366
778.505409
779.086352
779.552795
779.903614
780.137963
780.255279
780.255279
780.137963
779.903614
779.552795
779.086352
778.505409
777.811366
777.005899
776.090954
775.068744
775.011831
776.032615
776.946284
777.750627
778.443702
779.023835
779.489627
779.839957
780.073979
780.191131
780.191131
780.073979
779.839957
779.489627
779.023835
778.443702
777.750627
776.946284
776.032615
775.011831
774.954997
775.974357
776.886752
777.689973
778.382081
778.961405
779.426548
779.776389
780.010085
780.127073
780.127073
780.010085
779.776389
779.426548
778.961405
778.382081
777.689973
776.886752
775.974357
774.954997
774.898243
775.916181
776.827303
777.629405
778.320547
778.899063
779.363557
779.712910
779.946280
780.063106
780.063106
779.946280
779.712910
779.363557
778.899063
778.320547
777.629405
776.827303
775.916181
774.898243
774.841567
775.858087
776.767938
777.568921
778.259100
778.836809
779.300655
779.649521
779.882565
779.999228
779.999228
779.882565
779.649521
779.300655
778.836809
778.259100
777.568921
776.767938
775.858087
774.841567
774.784972
775.800073
776.708656
777.508522
778.197739
778.774642
779.237841
779.586221
779.818940
779.935440
779.935440
779.818940
779.586221
779.237841
778.774642
778.197739
777.508522
776.708656
775.800073
774.784972
774.728455
775.742141
776.649457
777.448208
778.136463
778.712562
779.175116
779.523009
779.755405
779.871742
779.871742
779.755405
779.523009
779.175116
778.712562
778.136463
777.448208
776.649457
775.742141
774.728455
774.672017
775.684290
776.590341
777.387978
778.075274
778.650570
779.112479
779.459887
779.691958
779.808134
779.808134
779.691958
779.459887
779.112479
778.650570
778.075274
777.387978
776.590341
775.684290
774.672017
774.615658
775.626520
776.531308
777.327833
778.014171
778.588665
779.049929
779.396853
779.628601
779.744615
779.744615
779.628601
779.396853
779.049929
778.588665
778.014171
777.327833
776.531308
775.626520
774.615658
774.559378
775.568831
776.472357
777.267772
777.953153
778.526846
778.987468
779.333908
779.565333
779.681185
779.681185
779.565333
779.333908
778.987468
778.526846
777.953153
777.267772
776.472357
775.568831
774.559378
774.503176
775.511222
776.413489
777.207795
777.892221
778.465115
778.925094
779.271052
779.502154
779.617844
779.617844
779.502154
779.271052
778.925094
778.465115
777.892221
777.207795
776.413489
775.511222
774.503176
774.447052
775.453694
776.354703
777.147903
777.831374
778.403469
778.862808
779.208283
779.439063
779.554592
779.554592
779.439063
779.208283
778.862808
778.403469
777.831374
777.147903
776.354703
775.453694
774.447052
774.391008
775.396246
776.296000
777.088094
777.770613
778.341911
778.800610
779.145603
779.376062
779.491430
779.491430
779.376062
779.145603
778.800610
778.341911
777.770613
777.088094
776.296000
775.396246
774.391008
774.335041
775.338878
776.237379
777.028369
777.709937
778.280439
778.738498
779.083011
779.313149
779.428356
779.428356
779.313149
779.083011
778.738498
778.280439
777.709937
777.028369
776.237379
775.338878
774.335041
774.279152
775.281591
776.178840
776.968728
777.649346
778.219053
778.676474
779.020507
779.250324
779.365371
779.365371
779.250324
779.020507
778.676474
778.219053
777.649346
776.968728
776.178840
775.281591
774.279152
774.223342
775.224384
776.120383
776.909170
777.588840
778.157753
778.614537
778.958091
779.187587
779.302474
779.302474
779.187587
778.958091
778.614537
778.157753
777.588840
776.909170
776.120383
775.224384
774.223342
774.167609
775.167257
776.062007
776.849696
777.528419
778.096540
778.552687
778.895762
779.124939
779.239665
779.239665
779.124939
778.895762
778.552687
778.096540
777.528419
776.849696
776.062007
775.167257
774.167609
774.111954
775.110210
776.003713
776.790305
777.468083
778.035412
778.490924
778.833521
779.062379
779.176945
779.176945
779.062379
778.833521
778.490924
778.035412
777.468083
776.790305
776.003713
775.110210
774.111954
774.056377
775.053242
775.945501
776.730997
777.407831
777.974370
778.429247
778.771368
778.999906
779.114313
779.114313
778.999906
778.771368
778.429247
777.974370
777.407831
776.730997
775.945501
775.053242
774.056377
774.000877
774.996354
775.887371
776.671772
777.347664
777.913413
778.367657
778.709301
778.937521
779.051769
779.051769
778.937521
778.709301
778.367657
777.913413
777.347664
776.671772
775.887371
774.996354
774.000877
773.945455
774.939545
775.829321
776.612630
777.287580
777.852542
778.306154
778.647322
778.875224
778.989313
778.989313
778.875224
778.647322
778.306154
777.852542
777.287580
776.612630
775.829321
774.939545
773.945455
773.890110
774.882816
775.771353
776.553571
777.227582
777.791757
778.244737
778.585429
778.813015
778.926944
778.926944
778.813015
778.585429
778.244737
777.791757
777.227582
776.553571
775.771353
774.882816
773.890110
773.834842
774.826166
775.713466
776.494595
777.167667
777.731057
778.183406
778.523624
778.750892
778.864663
778.864663
778.750892
778.523624
778.183406
777.731057
777.167667
776.494595
775.713466
774.826166
773.834842
773.779652
774.769595
775.655660
776.435701
777.107836
777.670441
778.122161
778.461905
778.688857
778.802470
778.802470
778.688857
778.461905
778.122161
777.670441
777.107836
776.435701
775.655660
774.769595
773.779652
773.724538
774.713103
775.597934
776.376890
777.048089
777.609911
778.061002
778.400273
778.626909
778.740364
778.740364
778.626909
778.400273
778.061002
777.609911
777.048089
776.376890
775.597934
774.713103
773.724538
773.669501
774.656691
775.540290
776.318161
776.988426
777.549466
777.999928
778.338728
778.565048
778.678345
778.678345
778.565048
778.338728
777.999928
777.549466
776.988426
776.318161
775.540290
774.656691
773.669501
773.614541
774.600356
775.482726
776.259514
776.928846
777.489105
777.938941
778.277268
778.503274
778.616413
778.616413
778.503274
778.277268
777.938941
777.489105
776.928846
776.259514
775.482726
774.600356
773.614541
773.559657
774.544101
775.425242
776.200950
776.869350
777.428829
777.878038
778.215895
778.441586
778.554568
778.554568
778.441586
778.215895
777.878038
777.428829
776.869350
776.200950
775.425242
774.544101
773.559657
773.504851
774.487924
775.367839
776.142467
776.809937
777.368638
777.817222
778.154609
778.379985
778.492809
778.492809
778.379985
778.154609
777.817222
777.368638
776.809937
776.142467
775.367839
774.487924
773.504851
773.450120
774.431826
775.310516
776.084066
776.750607
777.308530
777.756490
778.093408
778.318471
778.431138
778.431138
778.318471
778.093408
777.756490
777.308530
776.750607
776.084066
775.310516
774.431826
773.450120
773.395466
774.375805
775.253273
776.025747
776.691360
777.248507
777.695844
778.032292
778.257042
778.369553
778.369553
778.257042
778.032292
777.695844
777.248507
776.691360
776.025747
775.253273
774.375805
773.395466
773.340888
774.319863
775.196110
775.967509
776.632197
777.188568
777.635283
777.971263
778.195700
778.308054
778.308054
778.195700
777.971263
777.635283
777.188568
776.632197
775.967509
775.196110
774.319863
773.340888
773.286386
774.263999
775.139027
775.909353
776.573116
777.128714
777.574806
777.910319
778.134444
778.246642
778.246642
778.134444
777.910319
777.574806
777.128714
776.573116
775.909353
775.139027
774.263999
773.286386
773.231960
774.208213
775.082024
775.851278
776.514118
777.068942
777.514415
777.849461
778.073274
778.185316
778.185316
778.073274
777.849461
777.514415
777.068942
776.514118
775.851278
775.082024
774.208213
773.231960
773.177610
774.152505
775.025101
775.793285
776.455202
777.009255
777.454108
777.788688
778.012190
778.124075
778.124075
778.012190
777.788688
777.454108
777.009255
776.455202
775.793285
775.025101
774.152505
773.177610
773.123335
774.096875
774.968256
775.735372
776.396369
776.949651
777.393885
777.728000
777.951191
778.062921
778.062921
777.951191
777.728000
777.393885
776.949651
776.396369
775.735372
774.968256
774.096875
773.123335
773.069136
774.041322
774.911492
775.677541
776.337618
776.890131
777.333747
777.667397
777.890278
778.001853
778.001853
777.890278
777.667397
777.333747
776.890131
776.337618
775.677541
774.911492
774.041322
773.069136
773.015013
773.985847
774.854807
775.619790
776.278950
776.830694
777.273693
777.606879
777.829450
777.940870
777.940870
777.829450
777.606879
777.273693
776.830694
776.278950
775.619790
774.854807
773.985847
773.015013
772.960965
773.930449
774.798200
775.562120
776.220363
776.771341
777.213724
777.546446
777.768708
777.879972
777.879972
777.768708
777.546446
777.213724
776.771341
776.220363
775.562120
774.798200
773.930449
772.960965
772.906992
773.875128
774.741673
775.504531
776.161859
776.712070
777.153838
777.486098
777.708050
777.819160
777.819160
777.708050
777.486098
777.153838
776.712070
776.161859
775.504531
774.741673
773.875128
772.906992
772.853095
773.819885
774.685225
775.447022
776.103436
776.652882
777.094036
777.425834
777.647478
777.758433
777.758433
777.647478
777.425834
777.094036
776.652882
776.103436
775.447022
774.685225
773.819885
772.853095
772.799272
773.764719
774.628856
775.389594
776.045095
776.593778
777.034318
777.365655
777.586991
777.697792
777.697792
777.586991
777.365655
777.034318
776.593778
776.045095
775.389594
774.628856
773.764719
772.799272
772.745525
773.709629
774.572565
775.332246
775.986836
776.534756
776.974684
777.305560
777.526588
777.637235
777.637235
777.526588
777.305560
776.974684
776.534756
775.986836
775.332246
774.572565
773.709629
772.745525
772.691852
773.654616
774.516353
775.274978
775.928658
776.475816
776.915133
777.245549
777.466270
777.576763
777.576763
777.466270
777.245549
776.915133
776.475816
775.928658
775.274978
774.516353
773.654616
772.691852
772.638254
773.599680
774.460219
775.217790
775.870561
776.416959
776.855665
777.185623
777.406036
777.516376
777.516376
777.406036
777.185623
776.855665
776.416959
775.870561
775.217790
774.460219
773.599680
772.638254
772.584731
773.544821
774.404164
775.160682
775.812546
776.358185
776.796281
777.125780
777.345887
777.456074
777.456074
777.345887
777.125780
776.796281
776.358185
775.812546
775.160682
774.404164
773.544821
772.584731
772.531282
773.490038
774.348187
775.103653
775.754612
776.299492
776.736980
777.066021
777.285822
777.395856
777.395856
777.285822
777.066021
776.736980
776.299492
775.754612
775.103653
774.348187
773.490038
772.531282
772.477908
773.435332
774.292288
775.046705
775.696759
776.240882
776.677762
777.006345
777.225842
777.335722
777.335722
777.225842
777.006345
776.677762
776.240882
775.696759
775.046705
774.292288
773.435332
772.477908
772.424608
773.380701
774.236467
774.989836
775.638987
776.182354
776.618627
776.946754
777.165945
777.275673
777.275673
777.165945
776.946754
776.618627
776.182354
775.638987
774.989836
774.236467
773.380701
772.424608
772.371382
773.326147
774.180724
774.933046
775.581295
776.123907
776.559574
776.887245
777.106132
777.215708
777.215708
777.106132
776.887245
776.559574
776.123907
775.581295
774.933046
774.180724
773.326147
772.371382
772.318230
773.271669
774.125059
774.876336
775.523684
776.065543
776.500604
776.827820
777.046403
777.155826
777.155826
777.046403
776.827820
776.500604
776.065543
775.523684
774.876336
774.125059
773.271669
772.318230
772.265152
773.217267
774.069471
774.819704
775.466154
776.007260
776.441717
776.768479
776.986758
777.096029
777.096029
776.986758
776.768479
776.441717
776.007260
775.466154
774.819704
774.069471
773.217267
772.265152
772.212148
773.162940
774.013961
774.763152
775.408704
775.949058
776.382912
776.709220
776.927196
777.036315
777.036315
776.927196
776.709220
776.382912
775.949058
775.408704
774.763152
774.013961
773.162940
772.212148
772.159218
773.108690
773.958529
774.706679
775.351334
775.890938
776.324189
776.650044
776.867717
776.976685
776.976685
776.867717
776.650044
776.324189
775.890938
775.351334
774.706679
773.958529
773.108690
772.159218
772.106361
773.054515
773.903173
774.650285
775.294045
775.832899
776.265549
776.590951
776.808322
776.917138
776.917138
776.808322
776.590951
776.265549
775.832899
775.294045
774.650285
773.903173
773.054515
772.106361
772.053578
773.000415
773.847895
774.593969
775.236835
775.774942
776.206990
776.531941
776.749010
776.857675
776.857675
776.749010
776.531941
776.206990
775.774942
775.236835
774.593969
773.847895
773.000415
772.053578
772.000868
772.946391
773.792694
774.537733
775.179706
775.717065
776.148514
776.473013
776.689781
776.798295
776.798295
776.689781
776.473013
776.148514
775.717065
775.179706
774.537733
773.792694
772.946391
772.000868
771.948232
772.892441
773.737570
774.481574
775.122656
775.659269
776.090119
776.414168
776.630634
776.738998
776.738998
776.630634
776.414168
776.090119
775.659269
775.122656
774.481574
773.737570
772.892441
771.948232
771.895669
772.838568
773.682523
774.425494
775.065686
775.601554
776.031806
776.355405
776.571571
776.679784
776.679784
776.571571
776.355405
776.031806
775.601554
775.065686
774.425494
773.682523
772.838568
771.895669
771.843179
772.784769
773.627552
774.369492
775.008796
775.543920
775.973574
776.296724
776.512590
776.620653
776.620653
776.512590
776.296724
775.973574
775.543920
775.008796
774.369492
773.627552
772.784769
771.843179
771.790762
772.731045
773.572659
774.313569
774.951985
775.486366
775.915424
776.238125
776.453692
776.561605
776.561605
776.453692
776.238125
775.915424
775.486366
774.951985
774.313569
773.572659
772.731045
771.790762
771.738417
772.677395
773.517841
774.257723
774.895253
775.428893
775.857355
776.179608
776.394876
776.502639
776.502639
776.394876
776.179608
775.857355
775.428893
774.895253
774.257723
773.517841
772.677395
771.738417
771.686146
772.623821
773.463100
774.201955
774.838600
775.371500
775.799368
776.121174
776.336142
776.443756
776.443756
776.336142
776.121174
775.799368
775.371500
774.838600
774.201955
773.463100
772.623821
771.686146
771.633947
772.570321
773.408436
774.146265
774.782027
775.314187
775.741461
776.062820
776.277491
776.384955
776.384955
776.277491
776.062820
775.741461
775.314187
774.782027
774.146265
773.408436
772.570321
771.633947
771.581821
772.516895
773.353847
774.090653
774.725533
775.256954
775.683635
776.004549
776.218921
776.326237
776.326237
776.218921
776.004549
775.683635
775.256954
774.725533
774.090653
773.353847
772.516895
771.581821
771.529767
772.463544
773.299335
774.035118
774.669117
775.199801
775.625890
775.946359
776.160434
776.267600
776.267600
776.160434
775.946359
775.625890
775.199801
774.669117
774.035118
773.299335
772.463544
771.529767
771.477786
772.410267
773.244899
773.979661
774.612780
775.142728
775.568226
775.888250
776.102028
776.209046
776.209046
776.102028
775.888250
775.568226
775.142728
774.612780
773.979661
773.244899
772.410267
771.477786
771.425876
772.357064
773.190538
773.924281
774.556522
775.085735
775.510643
775.830222
776.043704
776.150573
776.150573
776.043704
775.830222
775.510643
775.085735
774.556522
773.924281
773.190538
772.357064
771.425876
771.374039
772.303936
773.136253
773.868979
774.500342
775.028821
775.453139
775.772276
775.985461
776.092182
776.092182
775.985461
775.772276
775.453139
775.028821
774.500342
773.868979
773.136253
772.303936
771.374039
771.322274
772.250881
773.082044
773.813753
774.444241
774.971987
775.395717
775.714410
775.927300
776.033873
776.033873
775.927300
775.714410
775.395717
774.971987
774.444241
773.813753
773.082044
772.250881
771.322274
771.270581
772.197900
773.027910
773.758604
774.388218
774.915232
775.338374
775.656626
775.869220
775.975645
775.975645
775.869220
775.656626
775.338374
774.915232
774.388218
773.758604
773.027910
772.197900
771.270581
771.218960
772.144993
772.973852
773.703533
774.332273
774.858556
775.281111
775.598922
775.811221
775.917499
775.917499
775.811221
775.598922
775.281111
774.858556
774.332273
773.703533
772.973852
772.144993
771.218960
771.167410
772.092159
772.919869
773.648538
774.276407
774.801959
775.223929
775.541298
775.753304
775.859434
775.859434
775.753304
775.541298
775.223929
774.801959
774.276407
773.648538
772.919869
772.092159
771.167410
771.115932
772.039399
772.865961
773.593620
774.220618
774.745442
775.166826
775.483756
775.695467
775.801450
775.801450
775.695467
775.483756
775.166826
774.745442
774.220618
773.593620
772.865961
772.039399
771.115932
771.064526
771.986712
772.812128
773.538778
774.164907
774.689003
775.109803
775.426293
775.637711
775.743547
775.743547
775.637711
775.426293
775.109803
774.689003
774.164907
773.538778
772.812128
771.986712
771.064526
771.013191
771.934098
772.758370
773.484013
774.109273
774.632643
775.052860
775.368911
775.580036
775.685725
775.685725
775.580036
775.368911
775.052860
774.632643
774.109273
773.484013
772.758370
771.934098
771.013191
770.961927
771.881558
772.704687
773.429324
774.053717
774.576362
774.995996
775.311609
775.522441
775.627984
775.627984
775.522441
775.311609
774.995996
774.576362
774.053717
773.429324
772.704687
771.881558
770.961927
770.910734
771.829090
772.651079
773.374711
773.998239
774.520159
774.939212
775.254387
775.464927
775.570324
775.570324
775.464927
775.254387
774.939212
774.520159
773.998239
773.374711
772.651079
771.829090
770.910734
770.859613
771.776696
772.597545
773.320174
773.942838
774.464035
774.882507
775.197245
775.407493
775.512744
775.512744
775.407493
775.197245
774.882507
774.464035
773.942838
773.320174
772.597545
771.776696
770.859613
770.808562
771.724374
772.544086
773.265713
773.887515
774.407989
774.825881
775.140183
775.350140
775.455244
775.455244
775.350140
775.140183
774.825881
774.407989
773.887515
773.265713
772.544086
771.724374
770.808562
770.757582
771.672126
772.490701
773.211329
773.832268
774.352021
774.769334
775.083201
775.292866
775.397825
775.397825
775.292866
775.083201
774.769334
774.352021
773.832268
773.211329
772.490701
771.672126
770.757582
770.706673
771.619949
772.437390
773.157019
773.777098
774.296131
774.712865
775.026298
775.235673
775.340486
775.340486
775.235673
775.026298
774.712865
774.296131
773.777098
773.157019
772.437390
771.619949
770.706673
770.655835
771.567846
772.384154
773.102786
773.722006
774.240319
774.656476
774.969474
775.178559
775.283227
775.283227
775.178559
774.969474
774.656476
774.240319
773.722006
773.102786
772.384154
771.567846
770.655835
770.605067
771.515814
772.330992
773.048628
773.666990
774.184585
774.600166
774.912730
775.121525
775.226048
775.226048
775.121525
774.912730
774.600166
774.184585
773.666990
773.048628
772.330992
771.515814
770.605067
770.554370
771.463855
772.277903
772.994545
773.612051
774.128929
774.543934
774.856065
775.064571
775.168949
775.168949
775.064571
774.856065
774.543934
774.128929
773.612051
772.994545
772.277903
771.463855
770.554370
770.503743
771.411969
772.224889
772.940538
773.557188
774.073350
774.487780
774.799479
775.007696
775.111930
775.111930
775.007696
774.799479
774.487780
774.073350
773.557188
772.940538
772.224889
771.411969
770.503743
770.453187
771.360154
772.171948
772.886606
773.502402
774.017849
774.431705
774.742972
774.950901
775.054990
775.054990
774.950901
774.742972
774.431705
774.017849
773.502402
772.886606
772.171948
771.360154
770.453187
770.402700
771.308411
772.119081
772.832749
773.447692
773.962425
774.375708
774.686544
774.894184
774.998130
774.998130
774.894184
774.686544
774.375708
773.962425
773.447692
772.832749
772.119081
771.308411
770.402700
770.352284
771.256740
772.066287
772.778967
773.393058
773.907079
774.319789
774.630194
774.837547
774.941349
774.941349
774.837547
774.630194
774.319789
773.907079
773.393058
772.778967
772.066287
771.256740
770.352284
770.301937
771.205141
772.013567
772.725260
773.338501
773.851809
774.263948
774.573924
774.780989
774.884647
774.884647
774.780989
774.573924
774.263948
773.851809
773.338501
772.725260
772.013567
771.205141
770.301937
770.251660
771.153614
771.960920
772.671628
773.284019
773.796617
774.208185
774.517731
774.724510
774.828025
774.828025
774.724510
774.517731
774.208185
773.796617
773.284019
772.671628
771.960920
771.153614
770.251660
770.201453
771.102158
771.908347
772.618070
773.229614
773.741501
774.152500
774.461617
774.668110
774.771481
774.771481
774.668110
774.461617
774.152500
773.741501
773.229614
772.618070
771.908347
771.102158
770.201453
770.151316
771.050774
771.855846
772.564587
773.175284
773.686463
774.096892
774.405582
774.611789
774.715016
774.715016
774.611789
774.405582
774.096892
773.686463
773.175284
772.564587
771.855846
771.050774
770.151316
770.101248
770.999461
771.803419
772.511178
773.121029
773.631501
774.041362
774.349624
774.555546
774.658631
774.658631
774.555546
774.349624
774.041362
773.631501
773.121029
772.511178
771.803419
770.999461
770.101248
770.051250
770.948219
771.751064
772.457844
773.066851
773.576616
773.985909
774.293745
774.499381
774.602323
774.602323
774.499381
774.293745
773.985909
773.576616
773.066851
772.457844
771.751064
770.948219
770.051250
770.001321
770.897048
771.698782
772.404583
773.012747
773.521807
773.930534
774.237943
774.443295
774.546095
774.546095
774.443295
774.237943
773.930534
773.521807
773.012747
772.404583
771.698782
770.897048
770.001321
769.951461
770.845949
771.646573
772.351397
772.958719
773.467074
773.875235
774.182219
774.387287
774.489944
774.489944
774.387287
774.182219
773.875235
773.467074
772.958719
772.351397
771.646573
770.845949
769.951461
769.901670
770.794920
771.594436
772.298285
772.904767
773.412418
773.820014
774.126573
774.331357
774.433872
774.433872
774.331357
774.126573
773.820014
773.412418
772.904767
772.298285
771.594436
770.794920
769.901670
769.851949
770.743962
771.542372
772.245247
772.850889
773.357838
773.764870
774.071005
774.275505
774.377879
774.377879
774.275505
774.071005
773.764870
773.357838
772.850889
772.245247
771.542372
770.743962
769.851949
769.802296
770.693075
771.490380
772.192282
772.797087
773.303334
773.709802
774.015514
774.219731
774.321963
774.321963
774.219731
774.015514
773.709802
773.303334
772.797087
772.192282
771.490380
770.693075
769.802296
769.752712
770.642259
771.438460
772.139391
772.743359
773.248905
773.654812
773.960100
774.164035
774.266125
774.266125
774.164035
773.960100
773.654812
773.248905
772.743359
772.139391
771.438460
770.642259
769.752712
769.703197
770.591513
771.386613
772.086574
772.689706
773.194553
773.599898
773.904764
774.108416
774.210365
774.210365
774.108416
773.904764
773.599898
773.194553
772.689706
772.086574
771.386613
770.591513
769.703197
769.653750
770.540837
771.334837
772.033830
772.636127
773.140276
773.545060
773.849504
774.052875
774.154683
774.154683
774.052875
773.849504
773.545060
773.140276
772.636127
772.033830
771.334837
770.540837
769.653750
769.604372
770.490232
771.283134
771.981159
772.582624
773.086075
773.490299
773.794322
773.997412
774.099079
774.099079
773.997412
773.794322
773.490299
773.086075
772.582624
771.981159
771.283134
770.490232
769.604372
769.555063
770.439697
771.231502
771.928562
772.529194
773.031949
773.435614
773.739217
773.942025
774.043552
774.043552
773.942025
773.739217
773.435614
773.031949
772.529194
771.928562
771.231502
770.439697
769.555063
769.505821
770.389232
771.179942
771.876038
772.475839
772.977899
773.381005
773.684188
773.886716
773.988102
773.988102
773.886716
773.684188
773.381005
772.977899
772.475839
771.876038
771.179942
770.389232
769.505821
769.456648
770.338837
771.128453
771.823587
772.422558
772.923924
773.326473
773.629236
773.831484
773.932730
773.932730
773.831484
773.629236
773.326473
772.923924
772.422558
771.823587
771.128453
770.338837
769.456648
769.407543
770.288512
771.077036
771.771208
772.369352
772.870023
773.272016
773.574360
773.776329
773.877435
773.877435
773.776329
773.574360
773.272016
772.870023
772.369352
771.771208
771.077036
770.288512
769.407543
769.358506
770.238257
771.025691
771.718903
772.316219
772.816198
773.217635
773.519561
773.721250
773.822217
773.822217
773.721250
773.519561
773.217635
772.816198
772.316219
771.718903
771.025691
770.238257
769.358506
769.309537
770.188072
770.974416
771.666670
772.263160
772.762448
773.163330
773.464839
773.666249
773.767075
773.767075
773.666249
773.464839
773.163330
772.762448
772.263160
771.666670
770.974416
770.188072
769.309537
769.260636
770.137956
770.923213
771.614510
772.210175
772.708773
773.109100
773.410192
773.611324
773.712011
773.712011
773.611324
773.410192
773.109100
772.708773
772.210175
771.614510
770.923213
770.137956
769.260636
769.211803
770.087909
770.872081
771.562422
772.157264
772.655172
773.054946
773.355622
773.556475
773.657023
773.657023
773.556475
773.355622
773.054946
772.655172
772.157264
771.562422
770.872081
770.087909
769.211803
769.163037
770.037932
770.821020
771.510406
772.104426
772.601646
773.000867
773.301127
773.501703
773.602112
773.602112
773.501703
773.301127
773.000867
772.601646
772.104426
771.510406
770.821020
770.037932
769.163037
769.114338
769.988025
770.770030
771.458463
772.051662
772.548195
772.946864
773.246709
773.447008
773.547278
773.547278
773.447008
773.246709
772.946864
772.548195
772.051662
771.458463
770.770030
769.988025
769.114338
769.065707
769.938186
770.719110
771.406592
771.998971
772.494817
772.892935
773.192366
773.392388
773.492519
773.492519
773.392388
773.192366
772.892935
772.494817
771.998971
771.406592
770.719110
769.938186
769.065707
769.017144
769.888417
770.668262
771.354793
771.946353
772.441514
772.839082
773.138099
773.337844
773.437837
773.437837
773.337844
773.138099
772.839082
772.441514
771.946353
771.354793
770.668262
769.888417
769.017144
768.968648
769.838716
770.617483
771.303066
771.893809
772.388285
772.785304
773.083907
773.283377
773.383231
773.383231
773.283377
773.083907
772.785304
772.388285
771.893809
771.303066
770.617483
769.838716
768.968648
768.920218
769.789085
770.566776
771.251411
771.841337
772.335130
772.731600
773.029791
773.228985
773.328702
773.328702
773.228985
773.029791
772.731600
772.335130
771.841337
771.251411
770.566776
769.789085
768.920218
768.871856
769.739522
770.516138
771.199828
771.788938
772.282049
772.677971
772.975750
773.174669
773.274248
773.274248
773.174669
772.975750
772.677971
772.282049
771.788938
771.199828
770.516138
769.739522
768.871856
768.823561
769.690028
770.465571
771.148316
771.736613
772.229042
772.624417
772.921785
773.120428
773.219870
773.219870
773.120428
772.921785
772.624417
772.229042
771.736613
771.148316
770.465571
769.690028
768.823561
768.775332
769.640602
770.415074
771.096875
771.684360
772.176109
772.570938
772.867894
773.066263
773.165567
773.165567
773.066263
772.867894
772.570938
772.176109
771.684360
771.096875
770.415074
769.640602
768.775332
768.727171
769.591245
770.364647
771.045506
771.632179
772.123249
772.517532
772.814078
773.012174
773.111340
773.111340
773.012174
772.814078
772.517532
772.123249
771.632179
771.045506
770.364647
769.591245
768.727171
768.679076
769.541957
770.314290
770.994209
771.580071
772.070463
772.464201
772.760338
772.958159
773.057189
773.057189
772.958159
772.760338
772.464201
772.070463
771.580071
770.994209
770.314290
769.541957
768.679076
768.631047
769.492736
770.264003
770.942982
771.528035
772.017750
772.410944
772.706672
772.904220
773.003113
773.003113
772.904220
772.706672
772.410944
772.017750
771.528035
770.942982
770.264003
769.492736
768.631047
768.583085
769.443584
770.213785
770.891827
771.476072
771.965110
772.357761
772.653080
772.850356
772.949112
772.949112
772.850356
772.653080
772.357761
771.965110
771.476072
770.891827
770.213785
769.443584
768.583085
768.535190
769.394500
770.163637
770.840743
771.424181
771.912543
772.304652
772.599564
772.796567
772.895187
772.895187
772.796567
772.599564
772.304652
771.912543
771.424181
770.840743
770.163637
769.394500
768.535190
768.487360
769.345484
770.113559
770.789730
771.372362
771.860050
772.251617
772.546121
772.742852
772.841336
772.841336
772.742852
772.546121
772.251617
771.860050
771.372362
770.789730
770.113559
769.345484
768.487360
768.439597
769.296536
770.063550
770.738787
771.320615
771.807629
772.198656
772.492753
772.689213
772.787560
772.787560
772.689213
772.492753
772.198656
771.807629
771.320615
770.738787
770.063550
769.296536
768.439597
768.391900
769.247655
770.013611
770.687915
771.268939
771.755281
772.145768
772.439460
772.635647
772.733860
772.733860
772.635647
772.439460
772.145768
771.755281
771.268939
770.687915
770.013611
769.247655
768.391900
768.344269
769.198842
769.963740
770.637114
771.217336
771.703006
772.092954
772.386240
772.582157
772.680233
772.680233
772.582157
772.386240
772.092954
771.703006
771.217336
770.637114
769.963740
769.198842
768.344269
768.296703
769.150097
769.913939
770.586383
771.165804
771.650804
772.040213
772.333094
772.528741
772.626682
772.626682
772.528741
772.333094
772.040213
771.650804
771.165804
770.586383
769.913939
769.150097
768.296703
768.249204
769.101419
769.864207
770.535722
771.114343
771.598674
771.987546
772.280022
772.475399
772.573205
772.573205
772.475399
772.280022
771.987546
771.598674
771.114343
770.535722
769.864207
769.101419
768.249204
768.201770
769.052809
769.814544
770.485132
771.062954
771.546616
771.934952
772.227024
772.422131
772.519802
772.519802
772.422131
772.227024
771.934952
771.546616
771.062954
770.485132
769.814544
769.052809
768.201770
768.154401
769.004266
769.764949
770.434612
771.011637
771.494631
771.882430
772.174100
772.368937
772.466473
772.466473
772.368937
772.174100
771.882430
771.494631
771.011637
770.434612
769.764949
769.004266
768.154401
768.107099
768.955790
769.715424
770.384162
770.960390
771.442718
771.829982
772.121249
772.315818
772.413219
772.413219
772.315818
772.121249
771.829982
771.442718
770.960390
770.384162
769.715424
768.955790
768.107099
768.059861
768.907382
769.665967
770.333782
770.909215
771.390877
771.777607
772.068472
772.262772
772.360039
772.360039
772.262772
772.068472
771.777607
771.390877
770.909215
770.333782
769.665967
768.907382
768.059861
768.012689
768.859040
769.616578
770.283472
770.858111
771.339108
771.725304
772.015768
772.209800
772.306932
772.306932
772.209800
772.015768
771.725304
771.339108
770.858111
770.283472
769.616578
768.859040
768.012689
767.965582
768.810765
769.567258
770.233232
770.807078
771.287411
771.673074
771.963137
772.156901
772.253900
772.253900
772.156901
771.963137
771.673074
771.287411
770.807078
770.233232
769.567258
768.810765
767.965582
767.918540
768.762557
769.518006
770.183061
770.756115
771.235786
771.620917
771.910579
772.104076
772.200941
772.200941
772.104076
771.910579
771.620917
771.235786
770.756115
770.183061
769.518006
768.762557
767.918540
767.871563
768.714416
769.468823
770.132960
770.705223
771.184232
771.568832
771.858095
772.051324
772.148056
772.148056
772.051324
771.858095
771.568832
771.184232
770.705223
770.132960
769.468823
768.714416
767.871563
767.824652
768.666341
769.419707
770.082928
770.654402
771.132750
771.516819
771.805683
771.998646
772.095244
772.095244
771.998646
771.805683
771.516819
771.132750
770.654402
770.082928
769.419707
768.666341
767.824652
767.777805
768.618333
769.370660
770.032966
770.603651
771.081339
771.464878
771.753344
771.946041
772.042506
772.042506
771.946041
771.753344
771.464878
771.081339
770.603651
770.032966
769.370660
768.618333
767.777805
767.731022
768.570391
769.321680
769.983072
770.552971
771.030000
771.413010
771.701078
771.893509
771.989840
771.989840
771.893509
771.701078
771.413010
771.030000
770.552971
769.983072
769.321680
768.570391
767.731022
767.684304
768.522516
769.272768
769.933248
770.502361
770.978732
771.361214
771.648884
771.841050
771.937248
771.937248
771.841050
771.648884
771.361214
770.978732
770.502361
769.933248
769.272768
768.522516
767.684304
767.637651
768.474707
769.223924
769.883493
770.451821
770.927535
771.309489
771.596763
771.788664
771.884730
771.884730
771.788664
771.596763
771.309489
770.927535
770.451821
769.883493
769.223924
768.474707
767.637651
767.591063
768.426963
769.175148
769.833807
770.401351
770.876409
771.257837
771.544714
771.736350
771.832284
771.832284
771.736350
771.544714
771.257837
770.876409
770.401351
769.833807
769.175148
768.426963
767.591063
767.544538
768.379286
769.126439
769.784190
770.350951
770.825354
771.206256
771.492738
771.684109
771.779911
771.779911
771.684109
771.492738
771.206256
770.825354
770.350951
769.784190
769.126439
768.379286
767.544538
767.498078
768.331675
769.077798
769.734642
770.300621
770.774370
771.154747
771.440833
771.631941
771.727610
771.727610
771.631941
771.440833
771.154747
770.774370
770.300621
769.734642
769.077798
768.331675
767.498078
767.451682
768.284130
769.029224
769.685162
770.250361
770.723457
771.103309
771.389001
771.579845
771.675383
771.675383
771.579845
771.389001
771.103309
770.723457
770.250361
769.685162
769.029224
768.284130
767.451682
767.405350
768.236650
768.980717
769.635751
770.200171
770.672614
771.051942
771.337241
771.527822
771.623227
771.623227
771.527822
771.337241
771.051942
770.672614
770.200171
769.635751
768.980717
768.236650
767.405350
767.359082
768.189236
768.932277
769.586408
770.150050
770.621842
771.000647
771.285552
771.475871
771.571145
771.571145
771.475871
771.285552
771.000647
770.621842
770.150050
769.586408
768.932277
768.189236
767.359082
767.312878
768.141888
768.883904
769.537134
770.099998
770.571140
770.949423
771.233935
771.423992
771.519134
771.519134
771.423992
771.233935
770.949423
770.571140
770.099998
769.537134
768.883904
768.141888
767.312878
767.266738
768.094605
768.835599
769.487928
770.050016
770.520509
770.898270
771.182390
771.372184
771.467196
771.467196
771.372184
771.182390
770.898270
770.520509
770.050016
769.487928
768.835599
768.094605
767.266738
767.220662
768.047388
768.787360
769.438790
770.000104
770.469948
770.847188
771.130917
771.320449
771.415330
771.415330
771.320449
771.130917
770.847188
770.469948
770.000104
769.438790
768.787360
768.047388
767.220662
767.174649
768.000235
768.739188
769.389720
769.950260
770.419456
770.796177
771.079514
771.268786
771.363536
771.363536
771.268786
771.079514
770.796177
770.419456
769.950260
769.389720
768.739188
768.000235
767.174649
767.128699
767.953148
768.691082
769.340718
769.900485
770.369035
770.745237
771.028184
771.217194
771.311813
771.311813
771.217194
771.028184
770.745237
770.369035
769.900485
769.340718
768.691082
767.953148
767.128699
767.082814
767.906126
768.643043
769.291783
769.850780
770.318684
770.694367
770.976924
771.165674
771.260163
771.260163
771.165674
770.976924
770.694367
770.318684
769.850780
769.291783
768.643043
767.906126
767.082814
767.036991
767.859169
768.595071
769.242917
769.801143
770.268402
770.643568
770.925736
771.114226
771.208584
771.208584
771.114226
770.925736
770.643568
770.268402
769.801143
769.242917
768.595071
767.859169
767.036991
766.991232
767.812277
768.547164
769.194118
769.751575
770.218191
770.592839
770.874618
771.062848
771.157077
771.157077
771.062848
770.874618
770.592839
770.218191
769.751575
769.194118
768.547164
767.812277
766.991232
766.945535
767.765449
768.499324
769.145387
769.702076
770.168048
770.542181
770.823571
771.011543
771.105641
771.105641
771.011543
770.823571
770.542181
770.168048
769.702076
769.145387
768.499324
767.765449
766.945535
766.899902
767.718687
768.451551
769.096723
769.652645
770.117976
770.491593
770.772596
770.960308
771.054277
771.054277
770.960308
770.772596
770.491593
770.117976
769.652645
769.096723
768.451551
767.718687
766.899902
766.854332
767.671988
768.403843
769.048127
769.603283
770.067972
770.441075
770.721691
770.909144
771.002984
771.002984
770.909144
770.721691
770.441075
770.067972
769.603283
769.048127
768.403843
767.671988
766.854332
766.808825
767.625355
768.356201
768.999597
769.553989
770.018038
770.390627
770.670856
770.858051
770.951762
770.951762
770.858051
770.670856
770.390627
770.018038
769.553989
768.999597
768.356201
767.625355
766.808825
766.763380
767.578786
768.308625
768.951135
769.504763
769.968174
770.340249
770.620092
770.807030
770.900611
770.900611
770.807030
770.620092
770.340249
769.968174
769.504763
768.951135
768.308625
767.578786
766.763380
766.717998
767.532281
768.261115
768.902740
769.455606
769.918378
770.289941
770.569399
770.756079
770.849531
770.849531
770.756079
770.569399
770.289941
769.918378
769.455606
768.902740
768.261115
767.532281
766.717998
766.672679
767.485840
768.213671
768.854412
769.406516
769.868651
770.239702
770.518775
770.705198
770.798522
770.798522
770.705198
770.518775
770.239702
769.868651
769.406516
768.854412
768.213671
767.485840
766.672679
766.627422
767.439464
768.166292
768.806151
769.357495
769.818993
770.189533
770.468222
770.654388
770.747584
770.747584
770.654388
770.468222
770.189533
769.818993
769.357495
768.806151
768.166292
767.439464
766.627422
766.582228
767.393151
768.118979
768.757957
769.308541
769.769404
770.139434
770.417739
770.603649
770.696716
770.696716
770.603649
770.417739
770.139434
769.769404
769.308541
768.757957
768.118979
767.393151
766.582228
766.537096
767.346903
768.071731
768.709829
769.259655
769.719884
770.089404
770.367326
770.552980
770.645919
770.645919
770.552980
770.367326
770.089404
769.719884
769.259655
768.709829
768.071731
767.346903
766.537096
766.492026
767.300718
768.024548
768.661768
769.210837
769.670432
770.039444
770.316983
770.502381
770.595192
770.595192
770.502381
770.316983
770.039444
769.670432
769.210837
768.661768
768.024548
767.300718
766.492026
766.447019
767.254597
767.977431
768.613773
769.162087
769.621049
769.989552
770.266709
770.451852
770.544535
770.544535
770.451852
770.266709
769.989552
769.621049
769.162087
768.613773
767.977431
767.254597
766.447019
766.402073
767.208540
767.930379
768.565845
769.113404
769.571734
769.939730
770.216506
770.401394
770.493949
770.493949
770.401394
770.216506
769.939730
769.571734
769.113404
768.565845
767.930379
767.208540
766.402073
766.357190
767.162546
767.883391
768.517983
769.064788
769.522487
769.889977
770.166371
770.351005
770.443433
770.443433
770.351005
770.166371
769.889977
769.522487
769.064788
768.517983
767.883391
767.162546
766.357190
766.312368
767.116616
767.836469
768.470187
769.016239
769.473309
769.840292
770.116307
770.300686
770.392987
770.392987
770.300686
770.116307
769.840292
769.473309
769.016239
768.470187
767.836469
767.116616
766.312368
766.267608
767.070749
767.789611
768.422457
768.967758
769.424198
769.790677
770.066311
770.250437
770.342611
770.342611
770.250437
770.066311
769.790677
769.424198
768.967758
768.422457
767.789611
767.070749
766.267608
766.222910
767.024946
767.742818
768.374793
768.919344
769.375156
769.741130
770.016385
770.200257
770.292304
770.292304
770.200257
770.016385
769.741130
769.375156
768.919344
768.374793
767.742818
767.024946
766.222910
766.178273
766.979205
767.696090
768.327195
768.870996
769.326181
769.691652
769.966528
770.150147
770.242068
770.242068
770.150147
769.966528
769.691652
769.326181
768.870996
768.327195
767.696090
766.979205
766.178273
766.133698
766.933528
767.649427
768.279663
768.822716
769.277274
769.642242
769.916740
770.100107
770.191901
770.191901
770.100107
769.916740
769.642242
769.277274
768.822716
768.279663
767.649427
766.933528
766.133698
766.089184
766.887914
767.602827
768.232197
768.774502
769.228435
769.592901
769.867021
770.050136
770.141803
770.141803
770.050136
769.867021
769.592901
769.228435
768.774502
768.232197
767.602827
766.887914
766.089184
766.044732
766.842363
767.556293
768.184796
768.726356
769.179664
769.543628
769.817371
770.000234
770.091775
770.091775
770.000234
769.817371
769.543628
769.179664
768.726356
768.184796
767.556293
766.842363
766.044732
766.000341
766.796874
767.509822
768.137461
768.678275
769.130960
769.494424
769.767790
769.950401
770.041816
770.041816
769.950401
769.767790
769.494424
769.130960
768.678275
768.137461
767.509822
766.796874
766.000341
765.956011
766.751449
767.463416
768.090191
768.630261
769.082323
769.445287
769.718277
769.900637
769.991927
769.991927
769.900637
769.718277
769.445287
769.082323
768.630261
768.090191
767.463416
766.751449
765.956011
765.911743
766.706086
767.417073
768.042987
768.582314
769.033754
769.396218
769.668833
769.850942
769.942106
769.942106
769.850942
769.668833
769.396218
769.033754
768.582314
768.042987
767.417073
766.706086
765.911743
765.867535
766.660785
767.370795
767.995847
768.534433
768.985252
769.347218
769.619458
769.801316
769.892355
769.892355
769.801316
769.619458
769.347218
768.985252
768.534433
767.995847
767.370795
766.660785
765.867535
765.823388
766.615547
767.324580
767.948773
768.486618
768.936817
769.298285
769.570150
769.751759
769.842672
769.842672
769.751759
769.570150
769.298285
768.936817
768.486618
767.948773
767.324580
766.615547
765.823388
765.779302
766.570372
767.278430
767.901764
768.438869
768.888449
769.249420
769.520911
769.702270
769.793058
769.793058
769.702270
769.520911
769.249420
768.888449
768.438869
767.901764
767.278430
766.570372
765.779302
765.735276
766.525259
767.232343
767.854820
768.391186
768.840148
769.200622
769.471740
769.652849
769.743513
769.743513
769.652849
769.471740
769.200622
768.840148
768.391186
767.854820
767.232343
766.525259
765.735276
765.691312
766.480208
767.186319
767.807940
768.343569
768.791914
769.151892
769.422638
769.603498
769.694037
769.694037
769.603498
769.422638
769.151892
768.791914
768.343569
767.807940
767.186319
766.480208
765.691312
765.647408
766.435219
767.140360
767.761126
768.296018
768.743746
769.103230
769.373603
769.554214
769.644629
769.644629
769.554214
769.373603
769.103230
768.743746
768.296018
767.761126
767.140360
766.435219
765.647408
765.603564
766.390292
767.094463
767.714376
768.248533
768.695645
769.054634
769.324636
769.504999
769.595289
769.595289
769.504999
769.324636
769.054634
768.695645
768.248533
767.714376
767.094463
766.390292
765.603564
765.559780
766.345427
767.048630
767.667690
768.201113
768.647611
769.006106
769.275737
769.455852
769.546018
769.546018
769.455852
769.275737
769.006106
768.647611
768.201113
767.667690
767.048630
766.345427
765.559780
765.516057
766.300624
767.002860
767.621070
768.153759
768.599643
768.957646
769.226905
769.406772
769.496814
769.496814
769.406772
769.226905
768.957646
768.599643
768.153759
767.621070
767.002860
766.300624
765.516057
765.472395
766.255882
766.957153
767.574513
768.106470
768.551741
768.909252
769.178141
769.357761
769.447679
769.447679
769.357761
769.178141
768.909252
768.551741
768.106470
767.574513
766.957153
766.255882
765.472395
765.428792
766.211203
766.911510
767.528021
768.059247
768.503905
768.860925
769.129445
769.308818
769.398612
769.398612
769.308818
769.129445
768.860925
768.503905
768.059247
767.528021
766.911510
766.211203
765.428792
765.385249
766.166585
766.865929
767.481593
768.012088
768.456136
768.812665
769.080815
769.259942
769.349613
769.349613
769.259942
769.080815
768.812665
768.456136
768.012088
767.481593
766.865929
766.166585
765.385249
765.341766
766.122028
766.820411
767.435229
767.964995
768.408433
768.764471
769.032253
769.211134
769.300682
769.300682
769.211134
769.032253
768.764471
768.408433
767.964995
767.435229
766.820411
766.122028
765.341766
765.298344
766.077533
766.774956
767.388929
767.917967
768.360795
768.716345
768.983759
769.162393
769.251818
769.251818
769.162393
768.983759
768.716345
768.360795
767.917967
767.388929
766.774956
766.077533
765.298344
765.254980
766.033099
766.729564
767.342693
767.871004
768.313224
768.668284
768.935331
769.113720
769.203022
769.203022
769.113720
768.935331
768.668284
768.313224
767.871004
767.342693
766.729564
766.033099
765.254980
765.211677
765.988726
766.684234
767.296521
767.824106
768.265718
768.620291
768.886970
769.065114
769.154294
769.154294
769.065114
768.886970
768.620291
768.265718
767.824106
767.296521
766.684234
765.988726
765.211677
765.168433
765.944415
766.638967
767.250412
767.777273
768.218278
768.572363
768.838677
769.016576
769.105633
769.105633
769.016576
768.838677
768.572363
768.218278
767.777273
767.250412
766.638967
765.944415
765.168433
765.125249
765.900164
766.593762
767.204367
767.730504
768.170903
768.524502
768.790450
768.968104
769.057039
769.057039
768.968104
768.790450
768.524502
768.170903
767.730504
767.204367
766.593762
765.900164
765.125249
765.082124
765.855975
766.548620
767.158386
767.683800
768.123594
768.476707
768.742289
768.919700
769.008512
769.008512
768.919700
768.742289
768.476707
768.123594
767.683800
767.158386
766.548620
765.855975
765.082124
765.039058
765.811846
766.503540
767.112468
767.637160
768.076350
768.428978
768.694195
768.871363
768.960053
768.960053
768.871363
768.694195
768.428978
768.076350
767.637160
767.112468
766.503540
765.811846
765.039058
764.996052
765.767778
766.458522
767.066614
767.590585
768.029171
768.381315
768.646168
768.823092
768.911660
768.911660
768.823092
768.646168
768.381315
768.029171
767.590585
767.066614
766.458522
765.767778
764.996052
764.953105
765.723771
766.413566
767.020822
767.544074
767.982058
768.333718
768.598207
768.774888
768.863335
768.863335
768.774888
768.598207
768.333718
767.982058
767.544074
767.020822
766.413566
765.723771
764.953105
764.910217
765.679824
766.368672
766.975094
767.497627
767.935010
768.286187
768.550313
768.726751
768.815076
768.815076
768.726751
768.550313
768.286187
767.935010
767.497627
766.975094
766.368672
765.679824
764.910217
764.867388
765.635938
766.323840
766.929429
767.451245
767.888026
768.238721
768.502484
768.678680
768.766884
768.766884
768.678680
768.502484
768.238721
767.888026
767.451245
766.929429
766.323840
765.635938
764.867388
764.824617
765.592113
766.279069
766.883827
767.404926
767.841108
768.191321
768.454722
768.630676
768.718759
768.718759
768.630676
768.454722
768.191321
767.841108
767.404926
766.883827
766.279069
765.592113
764.824617
764.781906
765.548347
766.234361
766.838288
767.358671
767.794254
768.143987
768.407026
768.582738
768.670700
768.670700
768.582738
768.407026
768.143987
767.794254
767.358671
766.838288
766.234361
765.548347
764.781906
764.739253
765.504642
766.189714
766.792812
767.312480
767.747465
768.096718
768.359395
768.534866
768.622708
768.622708
768.534866
768.359395
768.096718
767.747465
767.312480
766.792812
766.189714
765.504642
764.739253
764.696659
765.460997
766.145128
766.747398
767.266353
767.700741
768.049514
768.311831
768.487061
768.574781
768.574781
768.487061
768.311831
768.049514
767.700741
767.266353
766.747398
766.145128
765.460997
764.696659
764.654124
765.417413
766.100604
766.702047
767.220290
767.654081
768.002375
768.264332
768.439321
768.526922
768.526922
768.439321
768.264332
768.002375
767.654081
767.220290
766.702047
766.100604
765.417413
764.654124
764.611647
765.373888
766.056141
766.656759
767.174290
767.607486
767.955301
768.216899
768.391648
768.479128
768.479128
768.391648
768.216899
767.955301
767.607486
767.174290
766.656759
766.056141
765.373888
764.611647
764.569229
765.330423
766.011740
766.611533
767.128354
767.560955
767.908293
768.169531
768.344040
768.431400
768.431400
768.344040
768.169531
767.908293
767.560955
767.128354
766.611533
766.011740
765.330423
764.569229
764.526868
765.287018
765.967400
766.566369
767.082480
767.514488
767.861349
768.122229
768.296499
768.383739
768.383739
768.296499
768.122229
767.861349
767.514488
767.082480
766.566369
765.967400
765.287018
764.526868
764.484566
765.243672
765.923120
766.521268
767.036671
767.468085
767.814470
768.074992
768.249023
768.336143
768.336143
768.249023
768.074992
767.814470
767.468085
767.036671
766.521268
765.923120
765.243672
764.484566
764.442323
765.200387
765.878902
766.476229
766.990924
767.421746
767.767656
768.027820
768.201612
768.288613
768.288613
768.201612
768.027820
767.767656
767.421746
766.990924
766.476229
765.878902
765.200387
764.442323
764.400137
765.157161
765.834745
766.431252
766.945241
767.375471
767.720907
767.980714
768.154267
768.241148
768.241148
768.154267
767.980714
767.720907
767.375471
766.945241
766.431252
765.834745
765.157161
764.400137
764.358009
765.113994
765.790648
766.386337
766.899620
767.329261
767.674222
767.933672
768.106987
768.193749
768.193749
768.106987
767.933672
767.674222
767.329261
766.899620
766.386337
765.790648
765.113994
764.358009
764.315939
765.070887
765.746613
766.341483
766.854063
767.283113
767.627601
767.886696
768.059773
768.146416
768.146416
768.059773
767.886696
767.627601
767.283113
766.854063
766.341483
765.746613
765.070887
764.315939
764.273927
765.027839
765.702637
766.296692
766.808568
767.237030
767.581045
767.839784
768.012624
768.099148
768.099148
768.012624
767.839784
767.581045
767.237030
766.808568
766.296692
765.702637
765.027839
764.273927
764.231973
764.984850
765.658723
766.251962
766.763136
767.191010
767.534553
767.792937
767.965540
768.051945
768.051945
767.965540
767.792937
767.534553
767.191010
766.763136
766.251962
765.658723
764.984850
764.231973
764.190076
764.941921
765.614869
766.207294
766.717767
767.145054
767.488126
767.746155
767.918521
768.004808
768.004808
767.918521
767.746155
767.488126
767.145054
766.717767
766.207294
765.614869
764.941921
764.190076
764.148237
764.899050
765.571075
766.162688
766.672460
767.099161
767.441762
767.699438
767.871567
767.957735
767.957735
767.871567
767.699438
767.441762
767.099161
766.672460
766.162688
765.571075
764.899050
764.148237
764.106456
764.856239
765.527342
766.118143
766.627215
767.053331
767.395462
767.652784
767.824678
767.910728
767.910728
767.824678
767.652784
767.395462
767.053331
766.627215
766.118143
765.527342
764.856239
764.106456
764.064732
764.813486
765.483668
766.073659
766.582034
767.007565
767.349227
767.606196
767.777853
767.863785
767.863785
767.777853
767.606196
767.349227
767.007565
766.582034
766.073659
765.483668
764.813486
764.064732
764.023065
764.770792
765.440055
766.029237
766.536914
766.961861
767.303055
767.559671
767.731093
767.816907
767.816907
767.731093
767.559671
767.303055
766.961861
766.536914
766.029237
765.440055
764.770792
764.023065
763.981455
764.728157
765.396502
765.984876
766.491856
766.916221
767.256946
767.513211
767.684398
767.770094
767.770094
767.684398
767.513211
767.256946
766.916221
766.491856
765.984876
765.396502
764.728157
763.981455
763.939903
764.685580
765.353009
765.940576
766.446861
766.870644
767.210902
767.466815
767.637767
767.723346
767.723346
767.637767
767.466815
767.210902
766.870644
766.446861
765.940576
765.353009
764.685580
763.939903
763.898407
764.643062
765.309576
765.896336
766.401928
766.825129
767.164920
767.420483
767.591200
767.676662
767.676662
767.591200
767.420483
767.164920
766.825129
766.401928
765.896336
765.309576
764.643062
763.898407
763.856969
764.600603
765.266202
765.852158
766.357056
766.779677
767.119003
767.374215
767.544698
767.630043
767.630043
767.544698
767.374215
767.119003
766.779677
766.357056
765.852158
765.266202
764.600603
763.856969
763.815587
764.558202
765.222888
765.808041
766.312247
766.734288
767.073148
767.328010
767.498260
767.583487
767.583487
767.498260
767.328010
767.073148
766.734288
766.312247
765.808041
765.222888
764.558202
763.815587
763.774263
764.515859
765.179634
765.763984
766.267499
766.688962
767.027357
767.281870
767.451886
767.536997
767.536997
767.451886
767.281870
767.027357
766.688962
766.267499
765.763984
765.179634
764.515859
763.774263
763.732995
764.473574
765.136439
765.719989
766.222812
766.643698
766.981629
767.235793
767.405576
767.490570
767.490570
767.405576
767.235793
766.981629
766.643698
766.222812
765.719989
765.136439
764.473574
763.732995
763.691783
764.431347
765.093304
765.676053
766.178188
766.598496
766.935964
767.189779
767.359330
767.444207
767.444207
767.359330
767.189779
766.935964
766.598496
766.178188
765.676053
765.093304
764.431347
763.691783
763.650629
764.389179
765.050228
765.632178
766.133625
766.553357
766.890362
767.143829
767.313147
767.397909
767.397909
767.313147
767.143829
766.890362
766.553357
766.133625
765.632178
765.050228
764.389179
763.650629
763.609531
764.347068
765.007211
765.588364
766.089123
766.508279
766.844823
767.097943
767.267029
767.351674
767.351674
767.267029
767.097943
766.844823
766.508279
766.089123
765.588364
765.007211
764.347068
763.609531
763.568489
764.305016
764.964254
765.544610
766.044682
766.463264
766.799347
767.052120
767.220974
767.305503
767.305503
767.220974
767.052120
766.799347
766.463264
766.044682
765.544610
764.964254
764.305016
763.568489
763.527503
764.263021
764.921355
765.500916
766.000303
766.418311
766.753933
767.006360
767.174982
767.259395
767.259395
767.174982
767.006360
766.753933
766.418311
766.000303
765.500916
764.921355
764.263021
763.527503
763.486574
764.221084
764.878516
765.457282
765.955985
766.373420
766.708582
766.960663
767.129054
767.213352
767.213352
767.129054
766.960663
766.708582
766.373420
765.955985
765.457282
764.878516
764.221084
763.486574
763.445701
764.179204
764.835735
765.413709
765.911728
766.328591
766.663294
766.915029
767.083190
767.167371
767.167371
767.083190
766.915029
766.663294
766.328591
765.911728
765.413709
764.835735
764.179204
763.445701
763.404884
764.137382
764.793014
765.370195
765.867531
766.283824
766.618068
766.869458
767.037388
767.121454
767.121454
767.037388
766.869458
766.618068
766.283824
765.867531
765.370195
764.793014
764.137382
763.404884
763.364123
764.095617
764.750351
765.326741
765.823396
766.239118
766.572904
766.823949
766.991650
767.075601
767.075601
766.991650
766.823949
766.572904
766.239118
765.823396
765.326741
764.750351
764.095617
763.364123
763.323418
764.053910
764.707746
765.283347
765.779322
766.194474
766.527802
766.778504
766.945974
767.029811
767.029811
766.945974
766.778504
766.527802
766.194474
765.779322
765.283347
764.707746
764.053910
763.323418
763.282769
764.012260
764.665201
765.240012
765.735308
766.149891
766.482763
766.733121
766.900362
766.984084
766.984084
766.900362
766.733121
766.482763
766.149891
765.735308
765.240012
764.665201
764.012260
763.282769
763.242176
763.970668
764.622713
765.196738
765.691354
766.105370
766.437786
766.687801
766.854813
766.938419
766.938419
766.854813
766.687801
766.437786
766.105370
765.691354
765.196738
764.622713
763.970668
763.242176
763.201638
763.929132
764.580285
765.153523
765.647462
766.060910
766.392870
766.642543
766.809326
766.892818
766.892818
766.809326
766.642543
766.392870
766.060910
765.647462
765.153523
764.580285
763.929132
763.201638
763.161156
763.887653
764.537914
765.110367
765.603629
766.016511
766.348017
766.597347
766.763902
766.847280
766.847280
766.763902
766.597347
766.348017
766.016511
765.603629
765.110367
764.537914
763.887653
763.161156
763.120730
763.846232
764.495602
765.067270
765.559857
765.972174
766.303225
766.552214
766.718541
766.801804
766.801804
766.718541
766.552214
766.303225
765.972174
765.559857
765.067270
764.495602
763.846232
763.120730
763.080359
763.804867
764.453348
765.024233
765.516145
765.927897
766.258495
766.507143
766.673242
766.756392
766.756392
766.673242
766.507143
766.258495
765.927897
765.516145
765.024233
764.453348
763.804867
763.080359
763.040043
763.763559
764.411152
764.981255
765.472494
765.883681
766.213827
766.462134
766.628006
766.711041
766.711041
766.628006
766.462134
766.213827
765.883681
765.472494
764.981255
764.411152
763.763559
763.040043
762.999783
763.722308
764.369014
764.938336
765.428902
765.839527
766.169220
766.417188
766.582832
766.665754
766.665754
766.582832
766.417188
766.169220
765.839527
765.428902
764.938336
764.369014
763.722308
762.999783
762.959578
763.681113
764.326933
764.895477
765.385371
765.795433
766.124675
766.372303
766.537720
766.620528
766.620528
766.537720
766.372303
766.124675
765.795433
765.385371
764.895477
764.326933
763.681113
762.959578
762.919428
763.639975
764.284911
764.852676
765.341899
765.751400
766.080191
766.327479
766.492670
766.575365
766.575365
766.492670
766.327479
766.080191
765.751400
765.341899
764.852676
764.284911
763.639975
762.919428
762.879333
763.598894
764.242946
764.809934
765.298487
765.707427
766.035768
766.282718
766.447683
766.530264
766.530264
766.447683
766.282718
766.035768
765.707427
765.298487
764.809934
764.242946
763.598894
762.879333
762.839293
763.557869
764.201039
764.767251
765.255135
765.663515
765.991406
766.238018
766.402757
766.485226
766.485226
766.402757
766.238018
765.991406
765.663515
765.255135
764.767251
764.201039
763.557869
762.839293
762.799308
763.516900
764.159190
764.724626
765.211842
765.619663
765.947106
766.193380
766.357893
766.440249
766.440249
766.357893
766.193380
765.947106
765.619663
765.211842
764.724626
764.159190
763.516900
762.799308
762.759378
763.475987
764.117398
764.682060
765.168609
765.575872
765.902866
766.148804
766.313092
766.395335
766.395335
766.313092
766.148804
765.902866
765.575872
765.168609
764.682060
764.117398
763.475987
762.759378
762.719502
763.435131
764.075664
764.639552
765.125436
765.532141
765.858688
766.104288
766.268351
766.350482
766.350482
766.268351
766.104288
765.858688
765.532141
765.125436
764.639552
764.075664
763.435131
762.719502
762.679681
763.394330
764.033986
764.597103
765.082322
765.488470
765.814570
766.059834
766.223673
766.305691
766.305691
766.223673
766.059834
765.814570
765.488470
765.082322
764.597103
764.033986
763.394330
762.679681
762.639915
763.353586
763.992367
764.554713
765.039267
765.444859
765.770513
766.015441
766.179056
766.260962
766.260962
766.179056
766.015441
765.770513
765.444859
765.039267
764.554713
763.992367
763.353586
762.639915
762.600204
763.312898
763.950804
764.512380
764.996271
765.401309
765.726516
765.971110
766.134500
766.216294
766.216294
766.134500
765.971110
765.726516
765.401309
764.996271
764.512380
763.950804
763.312898
762.600204
762.560546
763.272265
763.909298
764.470106
764.953335
765.357818
765.682580
765.926839
766.090006
766.171688
766.171688
766.090006
765.926839
765.682580
765.357818
764.953335
764.470106
763.909298
763.272265
762.560546
762.520943
763.231688
763.867849
764.427890
764.910457
765.314387
765.638705
765.882629
766.045573
766.127143
766.127143
766.045573
765.882629
765.638705
765.314387
764.910457
764.427890
763.867849
763.231688
762.520943
762.481395
763.191167
763.826458
764.385732
764.867639
765.271016
765.594890
765.838481
766.001201
766.082659
766.082659
766.001201
765.838481
765.594890
765.271016
764.867639
764.385732
763.826458
763.191167
762.481395
762.441900
763.150701
763.785123
764.343631
764.824879
765.227704
765.551135
765.794392
765.956890
766.038237
766.038237
765.956890
765.794392
765.551135
765.227704
764.824879
764.343631
763.785123
763.150701
762.441900
762.402460
763.110291
763.743844
764.301589
764.782178
765.184452
765.507440
765.750365
765.912641
765.993876
765.993876
765.912641
765.750365
765.507440
765.184452
764.782178
764.301589
763.743844
763.110291
762.402460
762.363074
763.069936
763.702623
764.259604
764.739536
765.141259
765.463806
765.706398
765.868452
765.949576
765.949576
765.868452
765.706398
765.463806
765.141259
764.739536
764.259604
763.702623
763.069936
762.363074
762.323741
763.029637
763.661458
764.217678
764.696952
765.098126
765.420232
765.662492
765.824324
765.905337
765.905337
765.824324
765.662492
765.420232
765.098126
764.696952
764.217678
763.661458
763.029637
762.323741
762.284463
762.989393
763.620349
764.175808
764.654427
765.055052
765.376717
765.618646
765.780257
765.861159
765.861159
765.780257
765.618646
765.376717
765.055052
764.654427
764.175808
763.620349
762.989393
762.284463
762.245238
762.949204
763.579297
764.133996
764.611961
765.012038
765.333263
765.574861
765.736250
765.817042
765.817042
765.736250
765.574861
765.333263
765.012038
764.611961
764.133996
763.579297
762.949204
762.245238
762.206067
762.909070
763.538302
764.092242
764.569553
764.969082
765.289868
765.531135
765.692304
765.772985
765.772985
765.692304
765.531135
765.289868
764.969082
764.569553
764.092242
763.538302
762.909070
762.206067
762.166950
762.868991
763.497362
764.050545
764.527203
764.926186
765.246533
765.487470
765.648418
765.728989
765.728989
765.648418
765.487470
765.246533
764.926186
764.527203
764.050545
763.497362
762.868991
762.166950
762.127886
762.828967
763.456479
764.008905
764.484911
764.883349
765.203257
765.443865
765.604593
765.685054
765.685054
765.604593
765.443865
765.203257
764.883349
764.484911
764.008905
763.456479
762.828967
762.127886
762.088876
762.788998
763.415652
763.967322
764.442677
764.840570
765.160041
765.400320
765.560828
765.641179
765.641179
765.560828
765.400320
765.160041
764.840570
764.442677
763.967322
763.415652
762.788998
762.088876
762.049919
762.749084
763.374881
763.925797
764.400502
764.797850
765.116884
765.356835
765.517124
765.597365
765.597365
765.517124
765.356835
765.116884
764.797850
764.400502
763.925797
763.374881
762.749084
762.049919
762.011016
762.709225
763.334166
763.884328
764.358384
764.755189
765.073787
765.313409
765.473479
765.553610
765.553610
765.473479
765.313409
765.073787
764.755189
764.358384
763.884328
763.334166
762.709225
762.011016
761.972166
762.669420
763.293506
763.842917
764.316324
764.712587
765.030749
765.270044
765.429894
765.509916
765.509916
765.429894
765.270044
765.030749
764.712587
764.316324
763.842917
763.293506
762.669420
761.972166
761.933369
762.629670
763.252903
763.801562
764.274322
764.670043
764.987770
765.226738
765.386370
765.466282
765.466282
765.386370
765.226738
764.987770
764.670043
764.274322
763.801562
763.252903
762.629670
761.933369
761.894625
762.589974
763.212355
763.760264
764.232378
764.627558
764.944850
765.183491
765.342905
765.422708
765.422708
765.342905
765.183491
764.944850
764.627558
764.232378
763.760264
763.212355
762.589974
761.894625
761.855935
762.550333
763.171863
763.719023
764.190491
764.585131
764.901990
765.140304
765.299500
765.379194
765.379194
765.299500
765.140304
764.901990
764.585131
764.190491
763.719023
763.171863
762.550333
761.855935
761.817297
762.510746
763.131426
763.677838
764.148662
764.542762
764.859188
765.097177
765.256155
765.335740
765.335740
765.256155
765.097177
764.859188
764.542762
764.148662
763.677838
763.131426
762.510746
761.817297
761.778712
762.471213
763.091045
763.636710
764.106890
764.500452
764.816445
765.054108
765.212869
765.292346
765.292346
765.212869
765.054108
764.816445
764.500452
764.106890
763.636710
763.091045
762.471213
761.778712
761.740180
762.431734
763.050719
763.595638
764.065176
764.458199
764.773761
765.011099
765.169643
765.249011
765.249011
765.169643
765.011099
764.773761
764.458199
764.065176
763.595638
763.050719
762.431734
761.740180
761.701701
762.392310
763.010448
763.554623
764.023519
764.416005
764.731135
764.968149
765.126477
765.205736
765.205736
765.126477
764.968149
764.731135
764.416005
764.023519
763.554623
763.010448
762.392310
761.701701
761.663274
762.352939
762.970233
763.513664
763.981919
764.373869
764.688568
764.925258
765.083369
765.162520
765.162520
765.083369
764.925258
764.688568
764.373869
763.981919
763.513664
762.970233
762.352939
761.663274
761.624900
762.313623
762.930073
763.472761
763.940376
764.331790
764.646059
764.882426
765.040321
765.119364
765.119364
765.040321
764.882426
764.646059
764.331790
763.940376
763.472761
762.930073
762.313623
761.624900
761.586578
762.274360
762.889968
763.431914
763.898890
764.289770
764.603609
764.839653
764.997332
765.076267
765.076267
764.997332
764.839653
764.603609
764.289770
763.898890
763.431914
762.889968
762.274360
761.586578
761.548309
762.235151
762.849917
763.391123
763.857461
764.247807
764.561218
764.796939
764.954402
765.033229
765.033229
764.954402
764.796939
764.561218
764.247807
763.857461
763.391123
762.849917
762.235151
761.548309
761.510092
762.195996
762.809922
763.350388
763.816089
764.205901
764.518884
764.754283
764.911532
764.990251
764.990251
764.911532
764.754283
764.518884
764.205901
763.816089
763.350388
762.809922
762.195996
761.510092
761.471928
762.156894
762.769982
763.309710
763.774774
764.164053
764.476609
764.711686
764.868720
764.947331
764.947331
764.868720
764.711686
764.476609
764.164053
763.774774
763.309710
762.769982
762.156894
761.471928
761.433816
762.117846
762.730096
763.269087
763.733516
764.122263
764.434391
764.669148
764.825967
764.904471
764.904471
764.825967
764.669148
764.434391
764.122263
763.733516
763.269087
762.730096
762.117846
761.433816
761.395756
762.078851
762.690265
763.228519
763.692314
764.080530
764.392232
764.626668
764.783272
764.861669
764.861669
764.783272
764.626668
764.392232
764.080530
763.692314
763.228519
762.690265
762.078851
761.395756
761.357748
762.039910
762.650489
763.188007
763.651169
764.038855
764.350130
764.584246
764.740637
764.818927
764.818927
764.740637
764.584246
764.350130
764.038855
763.651169
763.188007
762.650489
762.039910
761.357748
761.319792
762.001022
762.610767
763.147551
763.610080
763.997236
764.308087
764.541882
764.698060
764.776243
764.776243
764.698060
764.541882
764.308087
763.997236
763.610080
763.147551
762.610767
762.001022
761.319792
761.281888
761.962188
762.571099
763.107151
763.569047
763.955675
764.266101
764.499577
764.655541
764.733617
764.733617
764.655541
764.499577
764.266101
763.955675
763.569047
763.107151
762.571099
761.962188
761.281888
761.244035
761.923406
762.531486
763.066805
763.528071
763.914171
764.224173
764.457330
764.613081
764.691051
764.691051
764.613081
764.457330
764.224173
763.914171
763.528071
763.066805
762.531486
761.923406
761.244035
761.206235
761.884678
762.491927
763.026515
763.487151
763.872723
764.182302
764.415141
764.570679
764.648542
764.648542
764.570679
764.415141
764.182302
763.872723
763.487151
763.026515
762.491927
761.884678
761.206235
761.168486
761.846003
762.452423
762.986281
763.446288
763.831333
764.140489
764.373010
764.528336
764.606092
764.606092
764.528336
764.373010
764.140489
763.831333
763.446288
762.986281
762.452423
761.846003
761.168486
761.130789
761.807380
762.412972
762.946101
763.405480
763.790000
764.098733
764.330937
764.486050
764.563701
764.563701
764.486050
764.330937
764.098733
763.790000
763.405480
762.946101
762.412972
761.807380
761.130789
761.093144
761.768811
762.373576
762.905977
763.364728
763.748723
764.057035
764.288921
764.443823
764.521367
764.521367
764.443823
764.288921
764.057035
763.748723
763.364728
762.905977
762.373576
761.768811
761.093144
761.055549
761.730294
762.334233
762.865907
763.324032
763.707503
764.015394
764.246963
764.401654
764.479092
764.479092
764.401654
764.246963
764.015394
763.707503
763.324032
762.865907
762.334233
761.730294
761.055549
761.018007
761.691830
762.294945
762.825893
763.283392
763.666339
763.973810
764.205063
764.359542
764.436875
764.436875
764.359542
764.205063
763.973810
763.666339
763.283392
762.825893
762.294945
761.691830
761.018007
760.980515
761.653419
762.255710
762.785933
763.242808
763.625232
763.932283
764.163221
764.317489
764.394716
764.394716
764.317489
764.163221
763.932283
763.625232
763.242808
762.785933
762.255710
761.653419
760.980515
760.943075
761.615060
762.216529
762.746028
763.202279
763.584181
763.890813
764.121435
764.275493
764.352615
764.352615
764.275493
764.121435
763.890813
763.584181
763.202279
762.746028
762.216529
761.615060
760.943075
760.905686
761.576754
762.177402
762.706178
763.161806
763.543187
763.849400
764.079708
764.233555
764.310571
764.310571
764.233555
764.079708
763.849400
763.543187
763.161806
762.706178
762.177402
761.576754
760.905686
760.868349
761.538500
762.138328
762.666382
763.121389
763.502248
763.808044
764.038037
764.191674
764.268586
764.268586
764.191674
764.038037
763.808044
763.502248
763.121389
762.666382
762.138328
761.538500
760.868349
760.831062
761.500299
762.099308
762.626641
763.081026
763.461366
763.766744
763.996424
764.149851
764.226658
764.226658
764.149851
763.996424
763.766744
763.461366
763.081026
762.626641
762.099308
761.500299
760.831062
760.793826
761.462149
762.060341
762.586955
763.040720
763.420540
763.725501
763.954867
764.108086
764.184787
764.184787
764.108086
763.954867
763.725501
763.420540
763.040720
762.586955
762.060341
761.462149
760.793826
760.756641
761.424052
762.021427
762.547322
763.000468
763.379771
763.684315
763.913368
764.066377
764.142974
764.142974
764.066377
763.913368
763.684315
763.379771
763.000468
762.547322
762.021427
761.424052
760.756641
760.719507
761.386007
761.982567
762.507744
762.960272
763.339056
763.643186
763.871926
764.024726
764.101219
764.101219
764.024726
763.871926
763.643186
763.339056
762.960272
762.507744
761.982567
761.386007
760.719507
760.682424
761.348014
761.943760
762.468221
762.920130
763.298398
763.602112
763.830541
763.983132
764.059520
764.059520
763.983132
763.830541
763.602112
763.298398
762.920130
762.468221
761.943760
761.348014
760.682424
760.645391
761.310073
761.905006
762.428751
762.880044
763.257796
763.561096
763.789212
763.941596
764.017879
764.017879
763.941596
763.789212
763.561096
763.257796
762.880044
762.428751
761.905006
761.310073
760.645391
760.608409
761.272184
761.866305
762.389336
762.840013
763.217249
763.520135
763.747940
763.900116
763.976295
763.976295
763.900116
763.747940
763.520135
763.217249
762.840013
762.389336
761.866305
761.272184
760.608409
760.571477
761.234347
761.827657
762.349974
762.800036
763.176758
763.479230
763.706725
763.858693
763.934768
763.934768
763.858693
763.706725
763.479230
763.176758
762.800036
762.349974
761.827657
761.234347
760.571477
760.534596
761.196562
761.789062
762.310667
762.760115
763.136322
763.438382
763.665566
763.817327
763.893299
763.893299
763.817327
763.665566
763.438382
763.136322
762.760115
762.310667
761.789062
761.196562
760.534596
760.497766
761.158828
761.750520
762.271413
762.720248
763.095942
763.397590
763.624464
763.776017
763.851886
763.851886
763.776017
763.624464
763.397590
763.095942
762.720248
762.271413
761.750520
761.158828
760.497766
760.460985
761.121146
761.712031
762.232213
762.680435
763.055617
763.356853
763.583418
763.734765
763.810530
763.810530
763.734765
763.583418
763.356853
763.055617
762.680435
762.232213
761.712031
761.121146
760.460985
760.424255
761.083515
761.673594
762.193066
762.640678
763.015348
763.316173
763.542428
763.693569
763.769230
763.769230
763.693569
763.542428
763.316173
763.015348
762.640678
762.193066
761.673594
761.083515
760.424255
760.387575
761.045936
761.635210
762.153974
762.600974
762.975133
763.275548
763.501495
763.652429
763.727987
763.727987
763.652429
763.501495
763.275548
762.975133
762.600974
762.153974
761.635210
761.045936
760.387575
760.350946
761.008408
761.596878
762.114934
762.561325
762.934974
763.234979
763.460618
763.611346
763.686801
763.686801
763.611346
763.460618
763.234979
762.934974
762.561325
762.114934
761.596878
761.008408
760.350946
760.314366
760.970932
761.558599
762.075949
762.521731
762.894870
763.194466
763.419797
763.570320
763.645672
763.645672
763.570320
763.419797
763.194466
762.894870
762.521731
762.075949
761.558599
760.970932
760.314366
760.277836
760.933506
761.520372
762.037016
762.482190
762.854821
763.154008
763.379032
763.529349
763.604598
763.604598
763.529349
763.379032
763.154008
762.854821
762.482190
762.037016
761.520372
760.933506
760.277836
760.241356
760.896132
761.482198
761.998137
762.442704
762.814826
763.113606
763.338322
763.488435
763.563582
763.563582
763.488435
763.338322
763.113606
762.814826
762.442704
761.998137
761.482198
760.896132
760.241356
760.204926
760.858809
761.444076
761.959311
762.403272
762.774887
763.073259
763.297669
763.447577
763.522621
763.522621
763.447577
763.297669
763.073259
762.774887
762.403272
761.959311
761.444076
760.858809
760.204926
760.168545
760.821537
761.406006
761.920539
762.363894
762.735002
763.032967
763.257071
763.406775
763.481717
763.481717
763.406775
763.257071
763.032967
762.735002
762.363894
761.920539
761.406006
760.821537
760.168545
760.132215
760.784316
761.367988
761.881819
762.324570
762.695172
762.992730
763.216529
763.366028
763.440868
763.440868
763.366028
763.216529
762.992730
762.695172
762.324570
761.881819
761.367988
760.784316
760.132215
760.095934
760.747146
761.330022
761.843152
762.285300
762.655396
762.952549
763.176043
763.325338
763.400076
763.400076
763.325338
763.176043
762.952549
762.655396
762.285300
761.843152
761.330022
760.747146
760.095934
760.059702
760.710026
761.292107
761.804539
762.246083
762.615675
762.912423
763.135612
763.284704
763.359339
763.359339
763.284704
763.135612
762.912423
762.615675
762.246083
761.804539
761.292107
760.710026
760.059702
760.023520
760.672958
761.254245
761.765978
762.206920
762.576008
762.872352
763.095236
763.244125
763.318659
763.318659
763.244125
763.095236
762.872352
762.576008
762.206920
761.765978
761.254245
760.672958
760.023520
759.987387
760.635940
761.216435
761.727470
762.167811
762.536396
762.832335
763.054916
763.203602
763.278034
763.278034
763.203602
763.054916
762.832335
762.536396
762.167811
761.727470
761.216435
760.635940
759.987387
759.951304
760.598972
761.178676
761.689014
762.128755
762.496838
762.792374
763.014651
763.163134
763.237465
763.237465
763.163134
763.014651
762.792374
762.496838
762.128755
761.689014
761.178676
760.598972
759.951304
759.915270
760.562055
761.140969
761.650612
762.089753
762.457334
762.752467
762.974441
763.122722
763.196952
763.196952
763.122722
762.974441
762.752467
762.457334
762.089753
761.650612
761.140969
760.562055
759.915270
759.879285
760.525189
761.103313
761.612261
762.050804
762.417884
762.712615
762.934287
763.082365
763.156494
763.156494
763.082365
762.934287
762.712615
762.417884
762.050804
761.612261
761.103313
760.525189
759.879285
759.843349
760.488373
761.065709
761.573964
762.011909
762.378488
762.672817
762.894187
763.042064
763.116091
763.116091
763.042064
762.894187
762.672817
762.378488
762.011909
761.573964
761.065709
760.488373
759.843349
759.807462
760.451607
761.028156
761.535718
761.973067
762.339146
762.633074
762.854142
763.001817
763.075744
763.075744
763.001817
762.854142
762.633074
762.339146
761.973067
761.535718
761.028156
760.451607
759.807462
759.771625
760.414891
760.990655
761.497525
761.934277
762.299858
762.593386
762.814153
762.961626
763.035452
763.035452
762.961626
762.814153
762.593386
762.299858
761.934277
761.497525
760.990655
760.414891
759.771625
759.735836
760.378226
760.953205
761.459384
761.895541
762.260624
762.553752
762.774217
762.921490
762.995216
762.995216
762.921490
762.774217
762.553752
762.260624
761.895541
761.459384
760.953205
760.378226
759.735836
759.700096
760.341610
760.915806
761.421296
761.856859
762.221444
762.514172
762.734337
762.881409
762.955034
762.955034
762.881409
762.734337
762.514172
762.221444
761.856859
761.421296
760.915806
760.341610
759.700096
759.664404
760.305045
760.878458
761.383259
761.818228
762.182317
762.474646
762.694512
762.841383
762.914908
762.914908
762.841383
762.694512
762.474646
762.182317
761.818228
761.383259
760.878458
760.305045
759.664404
759.628762
760.268529
760.841161
761.345275
761.779651
762.143244
762.435175
762.654740
762.801412
762.874836
762.874836
762.801412
762.654740
762.435175
762.143244
761.779651
761.345275
760.841161
760.268529
759.628762
759.593168
760.232064
760.803916
761.307342
761.741127
762.104224
762.395757
762.615024
762.761496
762.834820
762.834820
762.761496
762.615024
762.395757
762.104224
761.741127
761.307342
760.803916
760.232064
759.593168
759.557622
760.195648
760.766721
761.269461
761.702655
762.065257
762.356393
762.575362
762.721634
762.794858
762.794858
762.721634
762.575362
762.356393
762.065257
761.702655
761.269461
760.766721
760.195648
759.557622
759.522126
760.159282
760.729577
761.231632
761.664236
762.026344
762.317084
762.535754
762.681827
762.754951
762.754951
762.681827
762.535754
762.317084
762.026344
761.664236
761.231632
760.729577
760.159282
759.522126
759.486677
760.122965
760.692483
761.193855
761.625870
761.987485
762.277828
762.496200
762.642074
762.715099
762.715099
762.642074
762.496200
762.277828
761.987485
761.625870
761.193855
760.692483
760.122965
759.486677
759.451277
760.086699
760.655441
761.156129
761.587556
761.948678
762.238626
762.456700
762.602376
762.675301
762.675301
762.602376
762.456700
762.238626
761.948678
761.587556
761.156129
760.655441
760.086699
759.451277
759.415925
760.050481
760.618449
761.118456
761.549294
761.909925
762.199478
762.417255
762.562732
762.635558
762.635558
762.562732
762.417255
762.199478
761.909925
761.549294
761.118456
760.618449
760.050481
759.415925
759.380621
760.014313
760.581507
761.080833
761.511085
761.871224
762.160383
762.377864
762.523142
762.595870
762.595870
762.523142
762.377864
762.160383
761.871224
761.511085
761.080833
760.581507
760.014313
759.380621
759.345366
759.978195
760.544616
761.043262
761.472928
761.832577
762.121341
762.338526
762.483607
762.556235
762.556235
762.483607
762.338526
762.121341
761.832577
761.472928
761.043262
760.544616
759.978195
759.345366
759.310159
759.942126
760.507776
761.005742
761.434823
761.793982
762.082354
762.299242
762.444126
762.516655
762.516655
762.444126
762.299242
762.082354
761.793982
761.434823
761.005742
760.507776
759.942126
759.310159
759.274999
759.906106
760.470985
760.968274
761.396770
761.755440
762.043419
762.260013
762.404699
762.477129
762.477129
762.404699
762.260013
762.043419
761.755440
761.396770
760.968274
760.470985
759.906106
759.274999
759.239888
759.870135
760.434245
760.930857
761.358770
761.716951
762.004538
762.220836
762.365326
762.437657
762.437657
762.365326
762.220836
762.004538
761.716951
761.358770
760.930857
760.434245
759.870135
759.239888
759.204824
759.834213
760.397556
760.893491
761.320821
761.678515
761.965710
762.181714
762.326006
762.398240
762.398240
762.326006
762.181714
761.965710
761.678515
761.320821
760.893491
760.397556
759.834213
759.204824
759.169808
759.798340
760.360916
760.856176
761.282924
761.640131
761.926935
762.142645
762.286741
762.358876
762.358876
762.286741
762.142645
761.926935
761.640131
761.282924
760.856176
760.360916
759.798340
759.169808
759.134840
759.762517
760.324326
760.818912
761.245079
761.601800
761.888213
762.103629
762.247529
762.319566
762.319566
762.247529
762.103629
761.888213
761.601800
761.245079
760.818912
760.324326
759.762517
759.134840
759.099920
759.726742
760.287786
760.781699
761.207286
761.563521
761.849544
762.064667
762.208371
762.280310
762.280310
762.208371
762.064667
761.849544
761.563521
761.207286
760.781699
760.287786
759.726742
759.099920
759.065047
759.691016
760.251297
760.744536
761.169544
761.525294
761.810928
762.025759
762.169267
762.241108
762.241108
762.169267
762.025759
761.810928
761.525294
761.169544
760.744536
760.251297
759.691016
759.065047
759.030222
759.655338
760.214857
760.707425
761.131854
761.487120
761.772365
761.986903
762.130216
762.201959
762.201959
762.130216
761.986903
761.772365
761.487120
761.131854
760.707425
760.214857
759.655338
759.030222
758.995444
759.619710
760.178466
760.670364
761.094216
761.448998
761.733855
761.948101
762.091219
762.162864
762.162864
762.091219
761.948101
761.733855
761.448998
761.094216
760.670364
760.178466
759.619710
758.995444
758.960714
759.584130
760.142126
760.633354
761.056629
761.410928
761.695397
761.909351
762.052274
762.123822
762.123822
762.052274
761.909351
761.695397
761.410928
761.056629
760.633354
760.142126
759.584130
758.960714
758.926031
759.548598
760.105835
760.596394
761.019093
761.372910
761.656992
761.870655
762.013384
762.084834
762.084834
762.013384
761.870655
761.656992
761.372910
761.019093
760.596394
760.105835
759.548598
758.926031
758.891395
759.513115
760.069593
760.559485
760.981609
761.334944
761.618640
761.832012
761.974546
762.045899
762.045899
761.974546
761.832012
761.618640
761.334944
760.981609
760.559485
760.069593
759.513115
758.891395
758.856807
759.477680
760.033401
760.522627
760.944175
761.297030
761.580340
761.793421
761.935762
762.007018
762.007018
761.935762
761.793421
761.580340
761.297030
760.944175
760.522627
760.033401
759.477680
758.856807
758.822265
759.442294
759.997259
760.485818
760.906793
761.259168
761.542092
761.754884
761.897030
761.968189
761.968189
761.897030
761.754884
761.542092
761.259168
760.906793
760.485818
759.997259
759.442294
758.822265
758.787771
759.406956
759.961166
760.449060
760.869463
761.221357
761.503897
761.716399
761.858352
761.929414
761.929414
761.858352
761.716399
761.503897
761.221357
760.869463
760.449060
759.961166
759.406956
758.787771
758.753324
759.371666
759.925122
760.412353
760.832183
761.183599
761.465753
761.677966
761.819727
761.890692
761.890692
761.819727
761.677966
761.465753
761.183599
760.832183
760.412353
759.925122
759.371666
758.753324
758.718923
759.336424
759.889127
760.375695
760.794954
761.145892
761.427662
761.639587
761.781154
761.852023
761.852023
761.781154
761.639587
761.427662
761.145892
760.794954
760.375695
759.889127
759.336424
758.718923
758.684570
759.301231
759.853181
760.339087
760.757776
761.108236
761.389624
761.601260
761.742634
761.813407
761.813407
761.742634
761.601260
761.389624
761.108236
760.757776
760.339087
759.853181
759.301231
758.684570
758.650263
759.266085
759.817285
760.302529
760.720648
761.070632
761.351637
761.562985
761.704167
761.774843
761.774843
761.704167
761.562985
761.351637
761.070632
760.720648
760.302529
759.817285
759.266085
758.650263
758.616003
759.230987
759.781437
760.266022
760.683572
761.033079
761.313702
761.524762
761.665752
761.736332
761.736332
761.665752
761.524762
761.313702
761.033079
760.683572
760.266022
759.781437
759.230987
758.616003
758.581790
759.195937
759.745638
760.229564
760.646546
760.995578
761.275819
761.486592
761.627390
761.697874
761.697874
761.627390
761.486592
761.275819
760.995578
760.646546
760.229564
759.745638
759.195937
758.581790
758.547623
759.160935
759.709888
760.193156
760.609570
760.958128
761.237987
761.448474
761.589081
761.659469
761.659469
761.589081
761.448474
761.237987
760.958128
760.609570
760.193156
759.709888
759.160935
758.547623
758.513503
759.125981
759.674187
760.156797
760.572646
760.920729
761.200208
761.410408
761.550824
761.621116
761.621116
761.550824
761.410408
761.200208
760.920729
760.572646
760.156797
759.674187
759.125981
758.513503
758.479429
759.091074
759.638535
760.120488
760.535771
760.883381
761.162480
761.372394
761.512619
761.582816
761.582816
761.512619
761.372394
761.162480
760.883381
760.535771
760.120488
759.638535
759.091074
758.479429
758.445402
759.056215
759.602931
760.084229
760.498947
760.846084
761.124803
761.334432
761.474466
761.544567
761.544567
761.474466
761.334432
761.124803
760.846084
760.498947
760.084229
759.602931
759.056215
758.445402
758.411421
759.021403
759.567376
760.048019
760.462173
760.808838
761.087178
761.296522
761.436366
761.506372
761.506372
761.436366
761.296522
761.087178
760.808838
760.462173
760.048019
759.567376
759.021403
758.411421
758.377486
758.986639
759.531869
760.011859
760.425450
760.771643
761.049605
761.258664
761.398317
761.468228
761.468228
761.398317
761.258664
761.049605
760.771643
760.425450
760.011859
759.531869
758.986639
758.377486
758.343598
758.951922
759.496411
759.975748
760.388776
760.734499
761.012082
761.220857
761.360321
761.430137
761.430137
761.360321
761.220857
761.012082
760.734499
760.388776
759.975748
759.496411
758.951922
758.343598
758.309756
758.917253
759.461001
759.939686
760.352153
760.697406
760.974612
761.183103
761.322376
761.392097
761.392097
761.322376
761.183103
760.974612
760.697406
760.352153
759.939686
759.461001
758.917253
758.309756
758.275959
758.882630
759.425639
759.903674
760.315580
760.660363
760.937192
761.145399
761.284484
761.354110
761.354110
761.284484
761.145399
760.937192
760.660363
760.315580
759.903674
759.425639
758.882630
758.275959
758.242209
758.848055
759.390326
759.867710
760.279056
760.623371
760.899823
761.107748
761.246643
761.316174
761.316174
761.246643
761.107748
760.899823
760.623371
760.279056
759.867710
759.390326
758.848055
758.242209
758.208505
758.813527
759.355061
759.831796
760.242583
760.586429
760.862506
761.070148
761.208854
761.278291
761.278291
761.208854
761.070148
760.862506
760.586429
760.242583
759.831796
759.355061
758.813527
758.208505
758.174846
758.779046
759.319843
759.795931
760.206159
760.549538
760.825239
761.032599
761.171117
761.240459
761.240459
761.171117
761.032599
760.825239
760.549538
760.206159
759.795931
759.319843
758.779046
758.174846
758.141234
758.744612
759.284674
759.760114
760.169785
760.512697
760.788024
760.995101
761.133431
761.202679
761.202679
761.133431
760.995101
760.788024
760.512697
760.169785
759.760114
759.284674
758.744612
758.141234
758.107667
758.710225
759.249553
759.724347
760.133460
760.475906
760.750859
760.957655
761.095796
761.164951
761.164951
761.095796
760.957655
760.750859
760.475906
760.133460
759.724347
759.249553
758.710225
758.107667
758.074146
758.675885
759.214480
759.688628
760.097186
760.439166
760.713745
760.920260
761.058214
761.127274
761.127274
761.058214
760.920260
760.713745
760.439166
760.097186
759.688628
759.214480
758.675885
758.074146
758.040670
758.641592
759.179454
759.652958
760.060960
760.402476
760.676681
760.882916
761.020682
761.089648
761.089648
761.020682
760.882916
760.676681
760.402476
760.060960
759.652958
759.179454
758.641592
758.040670
758.007240
758.607345
759.144477
759.617337
760.024784
760.365836
760.639669
760.845623
760.983202
761.052074
761.052074
760.983202
760.845623
760.639669
760.365836
760.024784
759.617337
759.144477
758.607345
758.007240
757.973856
758.573145
759.109546
759.581764
759.988658
760.329246
760.602706
760.808381
760.945773
761.014551
761.014551
760.945773
760.808381
760.602706
760.329246
759.988658
759.581764
759.109546
758.573145
757.973856
757.940517
758.538992
759.074664
759.546240
759.952581
760.292706
760.565795
760.771189
760.908395
760.977080
760.977080
760.908395
760.771189
760.565795
760.292706
759.952581
759.546240
759.074664
758.538992
757.940517
757.907223
758.504885
759.039829
759.510764
759.916553
760.256216
760.528933
760.734049
760.871068
760.939660
760.939660
760.871068
760.734049
760.528933
760.256216
759.916553
759.510764
759.039829
758.504885
757.907223
757.873975
758.470824
759.005042
759.475337
759.880574
760.219775
760.492122
760.696959
760.833792
760.902291
760.902291
760.833792
760.696959
760.492122
760.219775
759.880574
759.475337
759.005042
758.470824
757.873975
757.840772
758.436810
758.970302
759.439958
759.844644
760.183384
760.455362
760.659920
760.796567
760.864973
760.864973
760.796567
760.659920
760.455362
760.183384
759.844644
759.439958
758.970302
758.436810
757.840772
757.807614
758.402842
758.935609
759.404627
759.808763
760.147044
760.418651
760.622932
760.759393
760.827706
760.827706
760.759393
760.622932
760.418651
760.147044
759.808763
759.404627
758.935609
758.402842
757.807614
757.774501
758.368921
758.900963
759.369344
759.772932
760.110752
760.381991
760.585994
760.722269
760.790489
760.790489
760.722269
760.585994
760.381991
760.110752
759.772932
759.369344
758.900963
758.368921
757.774501
757.741433
758.335045
758.866365
759.334110
759.737149
760.074510
760.345380
760.549106
760.685197
760.753324
760.753324
760.685197
760.549106
760.345380
760.074510
759.737149
759.334110
758.866365
758.335045
757.741433
757.708410
758.301216
758.831814
759.298923
759.701415
760.038318
760.308820
760.512269
760.648175
760.716209
760.716209
760.648175
760.512269
760.308820
760.038318
759.701415
759.298923
758.831814
758.301216
757.708410
757.675433
758.267433
758.797310
759.263784
759.665729
760.002175
760.272310
760.475482
760.611203
760.679146
760.679146
760.611203
760.475482
760.272310
760.002175
759.665729
759.263784
758.797310
758.267433
757.675433
757.642500
758.233696
758.762853
759.228694
759.630093
759.966081
760.235849
760.438746
760.574282
760.642132
760.642132
760.574282
760.438746
760.235849
759.966081
759.630093
759.228694
758.762853
758.233696
757.642500
757.609611
758.200004
758.728443
759.193651
759.594505
759.930037
760.199438
760.402059
760.537412
760.605169
760.605169
760.537412
760.402059
760.199438
759.930037
759.594505
759.193651
758.728443
758.200004
757.609611
757.576768
758.166359
758.694080
759.158656
759.558965
759.894041
760.163077
760.365423
760.500591
760.568257
760.568257
760.500591
760.365423
760.163077
759.894041
759.558965
759.158656
758.694080
758.166359
757.576768
757.543969
758.132759
758.659763
759.123708
759.523474
759.858095
760.126765
760.328836
760.463821
760.531395
760.531395
760.463821
760.328836
760.126765
759.858095
759.523474
759.123708
758.659763
758.132759
757.543969
757.511215
758.099205
758.625494
759.088809
759.488031
759.822198
760.090503
760.292300
760.427102
760.494584
760.494584
760.427102
760.292300
760.090503
759.822198
759.488031
759.088809
758.625494
758.099205
757.511215
757.478505
758.065697
758.591271
759.053956
759.452637
759.786350
760.054291
760.255813
760.390432
760.457822
760.457822
760.390432
760.255813
760.054291
759.786350
759.452637
759.053956
758.591271
758.065697
757.478505
757.445840
758.032234
758.557094
759.019152
759.417291
759.750551
760.018127
760.219376
760.353812
760.421111
760.421111
760.353812
760.219376
760.018127
759.750551
759.417291
759.019152
758.557094
758.032234
757.445840
757.413219
757.998817
758.522965
758.984395
759.381993
759.714800
759.982014
760.182989
760.317243
760.384450
760.384450
760.317243
760.182989
759.982014
759.714800
759.381993
758.984395
758.522965
757.998817
757.413219
757.380643
757.965446
758.488881
758.949685
759.346743
759.679098
759.945949
760.146652
760.280723
760.347839
760.347839
760.280723
760.146652
759.945949
759.679098
759.346743
758.949685
758.488881
757.965446
757.380643
757.348111
757.932120
758.454844
758.915022
759.311541
759.643445
759.909934
760.110364
760.244253
760.311278
760.311278
760.244253
760.110364
759.909934
759.643445
759.311541
758.915022
758.454844
757.932120
757.348111
757.315623
757.898839
758.420854
758.880407
759.276388
759.607841
759.873967
760.074126
760.207833
760.274767
760.274767
760.207833
760.074126
759.873967
759.607841
759.276388
758.880407
758.420854
757.898839
757.315623
757.283179
757.865603
758.386910
758.845838
759.241282
759.572285
759.838050
760.037937
760.171462
760.238306
760.238306
760.171462
760.037937
759.838050
759.572285
759.241282
758.845838
758.386910
757.865603
757.283179
757.250779
757.832413
758.353011
758.811317
759.206224
759.536778
759.802182
760.001797
760.135142
760.201894
760.201894
760.135142
760.001797
759.802182
759.536778
759.206224
758.811317
758.353011
757.832413
757.250779
757.218424
757.799268
758.319159
758.776843
759.171213
759.501319
759.766363
759.965707
760.098870
760.165532
760.165532
760.098870
759.965707
759.766363
759.501319
759.171213
758.776843
758.319159
757.799268
757.218424
757.186112
757.766168
758.285354
758.742416
759.136251
759.465908
759.730592
759.929666
760.062649
760.129220
760.129220
760.062649
759.929666
759.730592
759.465908
759.136251
758.742416
758.285354
757.766168
757.186112
757.153844
757.733112
758.251594
758.708036
759.101336
759.430546
759.694871
759.893674
760.026476
760.092957
760.092957
760.026476
759.893674
759.694871
759.430546
759.101336
758.708036
758.251594
757.733112
757.153844
757.121621
757.700102
758.217880
758.673702
759.066469
759.395232
759.659198
759.857731
759.990353
760.056744
760.056744
759.990353
759.857731
759.659198
759.395232
759.066469
758.673702
758.217880
757.700102
757.121621
757.089441
757.667137
758.184212
758.639416
759.031649
759.359966
759.623574
759.821838
759.954279
760.020580
760.020580
759.954279
759.821838
759.623574
759.359966
759.031649
758.639416
758.184212
757.667137
757.089441
757.057304
757.634217
758.150590
758.605176
758.996877
759.324748
759.587998
759.785993
759.918255
759.984466
759.984466
759.918255
759.785993
759.587998
759.324748
758.996877
758.605176
758.150590
757.634217
757.057304
757.025212
757.601341
758.117013
758.570982
758.962152
759.289578
759.552471
759.750197
759.882280
759.948401
759.948401
759.882280
759.750197
759.552471
759.289578
758.962152
758.570982
758.117013
757.601341
757.025212
756.993163
757.568510
758.083483
758.536836
758.927474
759.254456
759.516992
759.714450
759.846353
759.912385
759.912385
759.846353
759.714450
759.516992
759.254456
758.927474
758.536836
758.083483
757.568510
756.993163
