872.619885
872.912283
872.979757
872.995328
872.998922
872.999751
872.999943
872.999987
872.999997
872.999999
872.999999
872.999997
872.999987
872.999943
872.999751
872.998922
872.995328
872.979757
872.912283
872.619885
872.409234
872.785427
872.932425
872.980238
872.994478
872.998504
872.999603
872.999897
872.999973
872.999992
872.999992
872.999973
872.999897
872.999603
872.998504
872.994478
872.980238
872.932425
872.785427
872.409234
872.257242
872.666702
872.869615
872.953853
872.984787
872.995238
872.998566
872.999581
872.999878
872.999958
872.999958
872.999878
872.999581
872.998566
872.995238
872.984787
872.953853
872.869615
872.666702
872.257242
872.133554
872.560100
872.801487
872.918881
872.969384
872.989148
872.996340
872.998812
872.999619
872.999853
872.999853
872.999619
872.998812
872.996340
872.989148
872.969384
872.918881
872.801487
872.560100
872.133554
872.026947
872.463798
872.732749
872.878409
872.948873
872.979883
872.992509
872.997329
872.999060
872.999602
872.999602
872.999060
872.997329
872.992509
872.979883
872.948873
872.878409
872.732749
872.463798
872.026947
871.932080
872.375759
872.665341
872.834730
872.924249
872.967492
872.986819
872.994894
872.998045
872.999100
872.999100
872.998045
872.994894
872.986819
872.967492
872.924249
872.834730
872.665341
872.375759
871.932080
871.845931
872.294401
872.599996
872.789358
872.896499
872.952258
872.979180
872.991323
872.996414
872.998220
872.998220
872.996414
872.991323
872.979180
872.952258
872.896499
872.789358
872.599996
872.294401
871.845931
871.766589
872.218545
872.536935
872.743248
872.866451
872.934563
872.969624
872.986500
872.994024
872.996826
872.996826
872.994024
872.986500
872.969624
872.934563
872.866451
872.743248
872.536935
872.218545
871.766589
871.692753
872.147308
872.476157
872.697002
872.834760
872.914794
872.958262
872.980370
872.990758
872.994787
872.994787
872.990758
872.980370
872.958262
872.914794
872.834760
872.697002
872.476157
872.147308
871.692753
871.623490
872.080012
872.417570
872.650992
872.801922
872.893312
872.945244
872.972925
872.986524
872.991986
872.991986
872.986524
872.972925
872.945244
872.893312
872.801922
872.650992
872.417570
872.080012
871.623490
871.558104
872.016126
872.361043
872.605452
872.768313
872.870429
872.930732
872.964188
872.981262
872.988322
872.988322
872.981262
872.964188
872.930732
872.870429
872.768313
872.605452
872.361043
872.016126
871.558104
871.496059
871.955227
872.306440
872.560522
872.734212
872.846410
872.914887
872.954207
872.974935
872.983719
872.983719
872.974935
872.954207
872.914887
872.846410
872.734212
872.560522
872.306440
871.955227
871.496059
871.436930
871.896969
872.253624
872.516284
872.699829
872.821474
872.897858
872.943038
872.967526
872.978122
872.978122
872.967526
872.943038
872.897858
872.821474
872.699829
872.516284
872.253624
871.896969
871.436930
871.380375
871.841069
872.202467
872.472781
872.665318
872.795799
872.879781
872.930746
872.959037
872.971497
872.971497
872.959037
872.930746
872.879781
872.795799
872.665318
872.472781
872.202467
871.841069
871.380375
871.326114
871.787288
872.152851
872.430033
872.630794
872.769531
872.860776
872.917397
872.949480
872.963825
872.963825
872.949480
872.917397
872.860776
872.769531
872.630794
872.430033
872.152851
871.787288
871.326114
871.273913
871.735424
872.104666
872.388038
872.596342
872.742788
872.840947
872.903056
872.938880
872.955106
872.955106
872.938880
872.903056
872.840947
872.742788
872.596342
872.388038
872.104666
871.735424
871.273913
871.223575
871.685306
872.057813
872.346788
872.562022
872.715665
872.820386
872.887787
872.927268
872.945349
872.945349
872.927268
872.887787
872.820386
872.715665
872.562022
872.346788
872.057813
871.685306
871.223575
871.174930
871.636783
872.012200
872.306264
872.527879
872.688239
872.799171
872.871649
872.914679
872.934576
872.934576
872.914679
872.871649
872.799171
872.688239
872.527879
872.306264
872.012200
871.636783
871.174930
871.127832
871.589725
871.967744
872.266443
872.493942
872.660572
872.777371
872.854700
872.901153
872.922812
872.922812
872.901153
872.854700
872.777371
872.660572
872.493942
872.266443
871.967744
871.589725
871.127832
871.082155
871.544016
871.924368
872.227300
872.460234
872.632715
872.755046
872.836993
872.886733
872.910092
872.910092
872.886733
872.836993
872.755046
872.632715
872.460234
872.227300
871.924368
871.544016
871.082155
871.037787
871.499555
871.882003
872.188808
872.426766
872.604707
872.732247
872.818580
872.871460
872.896451
872.896451
872.871460
872.818580
872.732247
872.604707
872.426766
872.188808
871.882003
871.499555
871.037787
870.994627
871.456251
871.840584
872.150937
872.393545
872.576581
872.709021
872.799506
872.855377
872.881930
872.881930
872.855377
872.799506
872.709021
872.576581
872.393545
872.150937
871.840584
871.456251
870.994627
870.952588
871.414021
871.800050
872.113660
872.360573
872.548364
872.685406
872.779816
872.838529
872.866569
872.866569
872.838529
872.779816
872.685406
872.548364
872.360573
872.113660
871.800050
871.414021
870.952588
870.911590
871.372792
871.760348
872.076949
872.327851
872.520077
872.661438
872.759552
872.820956
872.850408
872.850408
872.820956
872.759552
872.661438
872.520077
872.327851
872.076949
871.760348
871.372792
870.911590
870.871560
871.332495
871.721426
872.040775
872.295375
872.491738
872.637149
872.738751
872.802699
872.833491
872.833491
872.802699
872.738751
872.637149
872.491738
872.295375
872.040775
871.721426
871.332495
870.871560
870.832435
871.293071
871.683237
872.005111
872.263140
872.463360
872.612566
872.717449
872.783799
872.815856
872.815856
872.783799
872.717449
872.612566
872.463360
872.263140
872.005111
871.683237
871.293071
870.832435
870.794154
871.254463
871.645737
871.969933
872.231141
872.434956
872.587715
872.695681
872.764294
872.797545
872.797545
872.764294
872.695681
872.587715
872.434956
872.231141
871.969933
871.645737
871.254463
870.794154
870.756663
871.216619
871.608885
871.935215
872.199369
872.406535
872.562618
872.673478
872.744219
872.778596
872.778596
872.744219
872.673478
872.562618
872.406535
872.199369
871.935215
871.608885
871.216619
870.756663
870.719912
871.179491
871.572643
871.900933
872.167817
872.378105
872.537296
872.650869
872.723610
872.759046
872.759046
872.723610
872.650869
872.537296
872.378105
872.167817
871.900933
871.572643
871.179491
870.719912
870.683855
871.143036
871.536975
871.867065
872.136478
872.349672
872.511767
872.627883
872.702501
872.738932
872.738932
872.702501
872.627883
872.511767
872.349672
872.136478
871.867065
871.536975
871.143036
870.683855
870.648449
871.107213
871.501848
871.833588
872.105344
872.321242
872.486049
872.604544
872.680922
872.718288
872.718288
872.680922
872.604544
872.486049
872.321242
872.105344
871.833588
871.501848
871.107213
870.648449
870.613654
871.071984
871.467232
871.800483
872.074406
872.292819
872.460156
872.580877
872.658905
872.697146
872.697146
872.658905
872.580877
872.460156
872.292819
872.074406
871.800483
871.467232
871.071984
870.613654
870.579435
871.037313
871.433096
871.767730
872.043657
872.264408
872.434105
872.556906
872.636476
872.675539
872.675539
872.636476
872.556906
872.434105
872.264408
872.043657
871.767730
871.433096
871.037313
870.579435
870.545757
871.003169
871.399414
871.735311
872.013088
872.236011
872.407907
872.532650
872.613664
872.653495
872.653495
872.613664
872.532650
872.407907
872.236011
872.013088
871.735311
871.399414
871.003169
870.545757
870.512588
870.969521
871.366160
871.703207
871.982694
872.207632
872.381575
872.508131
872.590494
872.631043
872.631043
872.590494
872.508131
872.381575
872.207632
871.982694
871.703207
871.366160
870.969521
870.512588
870.479899
870.936340
871.333311
871.671404
871.952465
872.179272
872.355120
872.483366
872.566989
872.608209
872.608209
872.566989
872.483366
872.355120
872.179272
871.952465
871.671404
871.333311
870.936340
870.479899
870.447662
870.903599
871.300844
871.639885
871.922396
872.150935
872.328554
872.458375
872.543173
872.585020
872.585020
872.543173
872.458375
872.328554
872.150935
871.922396
871.639885
871.300844
870.903599
870.447662
870.415852
870.871274
871.268738
871.608635
871.892479
872.122621
872.301885
872.433172
872.519066
872.561498
872.561498
872.519066
872.433172
872.301885
872.122621
871.892479
871.608635
871.268738
870.871274
870.415852
870.384445
870.839342
871.236974
871.577642
871.862709
872.094332
872.275123
872.407774
872.494689
872.537666
872.537666
872.494689
872.407774
872.275123
872.094332
871.862709
871.577642
871.236974
870.839342
870.384445
870.353418
870.807780
871.205533
871.546891
871.833078
872.066069
872.248276
872.382195
872.470060
872.513545
872.513545
872.470060
872.382195
872.248276
872.066069
871.833078
871.546891
871.205533
870.807780
870.353418
870.322749
870.776569
871.174397
871.516372
871.803582
872.037834
872.221353
872.356449
872.445197
872.489155
872.489155
872.445197
872.356449
872.221353
872.037834
871.803582
871.516372
871.174397
870.776569
870.322749
870.292420
870.745689
871.143551
871.486072
871.774215
872.009628
872.194360
872.330548
872.420117
872.464515
872.464515
872.420117
872.330548
872.194360
872.009628
871.774215
871.486072
871.143551
870.745689
870.292420
870.262411
870.715122
871.112980
871.455980
871.744971
871.981452
872.167305
872.304505
872.394836
872.439642
872.439642
872.394836
872.304505
872.167305
871.981452
871.744971
871.455980
871.112980
870.715122
870.262411
870.232706
870.684852
871.082668
871.426086
871.715847
871.953307
872.140194
872.278331
872.369369
872.414554
872.414554
872.369369
872.278331
872.140194
871.953307
871.715847
871.426086
871.082668
870.684852
870.232706
870.203287
870.654863
871.052603
871.396382
871.686836
871.925193
872.113033
872.252036
872.343729
872.389265
872.389265
872.343729
872.252036
872.113033
871.925193
871.686836
871.396382
871.052603
870.654863
870.203287
870.174141
870.625139
871.022773
871.366857
871.657936
871.897111
872.085827
872.225630
872.317929
872.363791
872.363791
872.317929
872.225630
872.085827
871.897111
871.657936
871.366857
871.022773
870.625139
870.174141
870.145252
870.595667
870.993164
871.337504
871.629141
871.869062
872.058583
872.199123
872.291982
872.338145
872.338145
872.291982
872.199123
872.058583
871.869062
871.629141
871.337504
870.993164
870.595667
870.145252
870.116607
870.566435
870.963766
871.308314
871.600448
871.841047
872.031305
872.172524
872.265899
872.312341
872.312341
872.265899
872.172524
872.031305
871.841047
871.600448
871.308314
870.963766
870.566435
870.116607
870.088193
870.537429
870.934569
871.279280
871.571853
871.813065
872.003997
872.145840
872.239691
872.286390
872.286390
872.239691
872.145840
872.003997
871.813065
871.571853
871.279280
870.934569
870.537429
870.088193
870.059999
870.508638
870.905562
871.250395
871.543353
871.785118
871.976665
872.119079
872.213368
872.260304
872.260304
872.213368
872.119079
871.976665
871.785118
871.543353
871.250395
870.905562
870.508638
870.059999
870.032014
870.480052
870.876737
871.221652
871.514944
871.757206
871.949312
872.092249
872.186940
872.234094
872.234094
872.186940
872.092249
871.949312
871.757206
871.514944
871.221652
870.876737
870.480052
870.032014
870.004227
870.451660
870.848085
871.193045
871.486624
871.729329
871.921941
872.065356
872.160416
872.207769
872.207769
872.160416
872.065356
871.921941
871.729329
871.486624
871.193045
870.848085
870.451660
870.004227
869.976627
870.423454
870.819598
871.164569
871.458390
871.701487
871.894558
872.038407
872.133804
872.181340
872.181340
872.133804
872.038407
871.894558
871.701487
871.458390
871.164569
870.819598
870.423454
869.976627
869.949207
870.395423
870.791268
871.136217
871.430238
871.673682
871.867164
872.011408
872.107112
872.154816
872.154816
872.107112
872.011408
871.867164
871.673682
871.430238
871.136217
870.791268
870.395423
869.949207
869.921958
870.367559
870.763087
871.107985
871.402166
871.645913
871.839763
871.984364
872.080347
872.128204
872.128204
872.080347
871.984364
871.839763
871.645913
871.402166
871.107985
870.763087
870.367559
869.921958
869.894871
870.339856
870.735050
871.079868
871.374172
871.618181
871.812358
871.957281
872.053517
872.101512
872.101512
872.053517
871.957281
871.812358
871.618181
871.374172
871.079868
870.735050
870.339856
869.894871
869.867938
870.312304
870.707150
871.051861
871.346254
871.590486
871.784952
871.930163
872.026628
872.074749
872.074749
872.026628
871.930163
871.784952
871.590486
871.346254
871.051861
870.707150
870.312304
869.867938
869.841153
870.284898
870.679380
871.023960
871.318409
871.562828
871.757547
871.903015
871.999685
872.047920
872.047920
871.999685
871.903015
871.757547
871.562828
871.318409
871.023960
870.679380
870.284898
869.841153
869.814509
870.257631
870.651736
870.996161
871.290635
871.535207
871.730146
871.875842
871.972696
872.021033
872.021033
871.972696
871.875842
871.730146
871.535207
871.290635
870.996161
870.651736
870.257631
869.814509
869.787999
870.230497
870.624212
870.968460
871.262932
871.507624
871.702752
871.848647
871.945665
871.994093
871.994093
871.945665
871.848647
871.702752
871.507624
871.262932
870.968460
870.624212
870.230497
869.787999
869.761618
870.203489
870.596803
870.940853
871.235295
871.480079
871.675365
871.821435
871.918598
871.967107
871.967107
871.918598
871.821435
871.675365
871.480079
871.235295
870.940853
870.596803
870.203489
869.761618
869.735359
870.176603
870.569504
870.913338
871.207725
871.452571
871.647989
871.794209
871.891498
871.940079
871.940079
871.891498
871.794209
871.647989
871.452571
871.207725
870.913338
870.569504
870.176603
869.735359
869.709219
870.149833
870.542311
870.885911
871.180220
871.425102
871.620625
871.766972
871.864371
871.913015
871.913015
871.864371
871.766972
871.620625
871.425102
871.180220
870.885911
870.542311
870.149833
869.709219
869.683191
870.123175
870.515220
870.858568
871.152777
871.397672
871.593274
871.739728
871.837221
871.885920
871.885920
871.837221
871.739728
871.593274
871.397672
871.152777
870.858568
870.515220
870.123175
869.683191
869.657271
870.096623
870.488228
870.831308
871.125396
871.370279
871.565940
871.712480
871.810052
871.858797
871.858797
871.810052
871.712480
871.565940
871.370279
871.125396
870.831308
870.488228
870.096623
869.657271
869.631455
870.070175
870.461330
870.804128
871.098075
871.342925
871.538622
871.685229
871.782867
871.831651
871.831651
871.782867
871.685229
871.538622
871.342925
871.098075
870.804128
870.461330
870.070175
869.631455
869.605739
870.043826
870.434522
870.777025
871.070814
871.315610
871.511323
871.657980
871.755670
871.804487
871.804487
871.755670
871.657980
871.511323
871.315610
871.070814
870.777025
870.434522
870.043826
869.605739
869.580119
870.017571
870.407803
870.749997
871.043610
871.288334
871.484043
871.630734
871.728464
871.777307
871.777307
871.728464
871.630734
871.484043
871.288334
871.043610
870.749997
870.407803
870.017571
869.580119
869.554590
869.991408
870.381169
870.723041
871.016463
871.261097
871.456785
871.603493
871.701253
871.750115
871.750115
871.701253
871.603493
871.456785
871.261097
871.016463
870.723041
870.381169
869.991408
869.554590
869.529151
869.965334
870.354616
870.696157
870.989371
871.233898
871.429549
871.576260
871.674038
871.722914
871.722914
871.674038
871.576260
871.429549
871.233898
870.989371
870.696157
870.354616
869.965334
869.529151
869.503797
869.939345
870.328143
870.669341
870.962335
871.206739
871.402337
871.549038
871.646823
871.695708
871.695708
871.646823
871.549038
871.402337
871.206739
870.962335
870.669341
870.328143
869.939345
869.503797
869.478526
869.913438
870.301747
870.642591
870.935352
871.179618
871.375149
871.521826
871.619610
871.668499
871.668499
871.619610
871.521826
871.375149
871.179618
870.935352
870.642591
870.301747
869.913438
869.478526
869.453335
869.887610
870.275425
870.615907
870.908422
871.152537
871.347987
871.494629
871.592403
871.641290
871.641290
871.592403
871.494629
871.347987
871.152537
870.908422
870.615907
870.275425
869.887610
869.453335
869.428221
869.861860
870.249175
870.589287
870.881544
871.125495
871.320850
871.467446
871.565201
871.614084
871.614084
871.565201
871.467446
871.320850
871.125495
870.881544
870.589287
870.249175
869.861860
869.428221
869.403181
869.836184
870.222995
870.562729
870.854718
871.098492
871.293742
871.440280
871.538009
871.586882
871.586882
871.538009
871.440280
871.293742
871.098492
870.854718
870.562729
870.222995
869.836184
869.403181
869.378214
869.810580
870.196884
870.536231
870.827942
871.071529
871.266661
871.413133
871.510828
871.559687
871.559687
871.510828
871.413133
871.266661
871.071529
870.827942
870.536231
870.196884
869.810580
869.378214
869.353317
869.785047
870.170839
870.509793
870.801216
871.044604
871.239608
871.386004
871.483659
871.532501
871.532501
871.483659
871.386004
871.239608
871.044604
870.801216
870.509793
870.170839
869.785047
869.353317
869.328487
869.759581
870.144859
870.483413
870.774540
871.017719
871.212586
871.358897
871.456504
871.505326
871.505326
871.456504
871.358897
871.212586
871.017719
870.774540
870.483413
870.144859
869.759581
869.328487
869.303724
869.734182
870.118941
870.457089
870.747912
870.990874
871.185593
871.331811
871.429366
871.478164
871.478164
871.429366
871.331811
871.185593
870.990874
870.747912
870.457089
870.118941
869.734182
869.303724
869.279025
869.708847
870.093085
870.430821
870.721332
870.964068
871.158631
871.304749
871.402245
871.451016
871.451016
871.402245
871.304749
871.158631
870.964068
870.721332
870.430821
870.093085
869.708847
869.279025
869.254389
869.683575
870.067289
870.404608
870.694799
870.937301
871.131701
871.277711
871.375143
871.423885
871.423885
871.375143
871.277711
871.131701
870.937301
870.694799
870.404608
870.067289
869.683575
869.254389
869.229813
869.658364
870.041551
870.378449
870.668314
870.910573
871.104802
871.250698
871.348061
871.396771
871.396771
871.348061
871.250698
871.104802
870.910573
870.668314
870.378449
870.041551
869.658364
869.229813
869.205296
869.633212
870.015871
870.352342
870.641875
870.883885
871.077935
871.223711
871.321000
871.369676
871.369676
871.321000
871.223711
871.077935
870.883885
870.641875
870.352342
870.015871
869.633212
869.205296
869.180838
869.608119
869.990247
870.326287
870.615482
870.857237
871.051101
871.196750
871.293962
871.342601
871.342601
871.293962
871.196750
871.051101
870.857237
870.615482
870.326287
869.990247
869.608119
869.180838
869.156436
869.583082
869.964678
870.300284
870.589135
870.830627
871.024301
871.169818
871.266948
871.315547
871.315547
871.266948
871.169818
871.024301
870.830627
870.589135
870.300284
869.964678
869.583082
869.156436
869.132089
869.558102
869.939163
870.274330
870.562833
870.804057
870.997533
871.142914
871.239958
871.288517
871.288517
871.239958
871.142914
870.997533
870.804057
870.562833
870.274330
869.939163
869.558102
869.132089
869.107796
869.533175
869.913700
870.248426
870.536575
870.777527
870.970800
871.116039
871.212994
871.261510
871.261510
871.212994
871.116039
870.970800
870.777527
870.536575
870.248426
869.913700
869.533175
869.107796
869.083556
869.508302
869.888290
870.222571
870.510362
870.751036
870.944101
871.089194
871.186057
871.234527
871.234527
871.186057
871.089194
870.944101
870.751036
870.510362
870.222571
869.888290
869.508302
869.083556
869.059368
869.483482
869.862930
870.196763
870.484193
870.724584
870.917437
871.062379
871.159146
871.207571
871.207571
871.159146
871.062379
870.917437
870.724584
870.484193
870.196763
869.862930
869.483482
869.059368
869.035230
869.458712
869.837621
870.171003
870.458068
870.698171
870.890807
871.035595
871.132264
871.180641
871.180641
871.132264
871.035595
870.890807
870.698171
870.458068
870.171003
869.837621
869.458712
869.035230
869.011143
869.433994
869.812361
870.145291
870.431986
870.671798
870.864213
871.008843
871.105411
871.153738
871.153738
871.105411
871.008843
870.864213
870.671798
870.431986
870.145291
869.812361
869.433994
869.011143
868.987104
869.409324
869.787149
870.119624
870.405947
870.645464
870.837654
870.982123
871.078587
871.126863
871.126863
871.078587
870.982123
870.837654
870.645464
870.405947
870.119624
869.787149
869.409324
868.987104
868.963114
869.384704
869.761986
870.094003
870.379951
870.619169
870.811131
870.955435
871.051793
871.100017
871.100017
871.051793
870.955435
870.811131
870.619169
870.379951
870.094003
869.761986
869.384704
868.963114
868.939170
869.360131
869.736869
870.068428
870.353997
870.592913
870.784643
870.928780
871.025029
871.073201
871.073201
871.025029
870.928780
870.784643
870.592913
870.353997
870.068428
869.736869
869.360131
868.939170
868.915274
869.335605
869.711799
870.042897
870.328086
870.566696
870.758192
870.902158
870.998297
871.046415
871.046415
870.998297
870.902158
870.758192
870.566696
870.328086
870.042897
869.711799
869.335605
868.915274
868.891423
869.311126
869.686776
870.017411
870.302216
870.540519
870.731776
870.875570
870.971597
871.019659
871.019659
870.971597
870.875570
870.731776
870.540519
870.302216
870.017411
869.686776
869.311126
868.891423
868.867617
869.286693
869.661797
869.991968
870.276389
870.514381
870.705398
870.849016
870.944929
870.992935
870.992935
870.944929
870.849016
870.705398
870.514381
870.276389
869.991968
869.661797
869.286693
868.867617
868.843856
869.262305
869.636864
869.966569
870.250602
870.488281
870.679055
870.822497
870.918294
870.966242
870.966242
870.918294
870.822497
870.679055
870.488281
870.250602
869.966569
869.636864
869.262305
868.843856
868.820139
869.237962
869.611975
869.941214
870.224858
870.462221
870.652750
870.796012
870.891691
870.939582
870.939582
870.891691
870.796012
870.652750
870.462221
870.224858
869.941214
869.611975
869.237962
868.820139
868.796465
869.213663
869.587129
869.915901
870.199154
870.436200
870.626481
870.769562
870.865122
870.912954
870.912954
870.865122
870.769562
870.626481
870.436200
870.199154
869.915901
869.587129
869.213663
868.796465
868.772834
869.189408
869.562327
869.890630
870.173491
870.410218
870.600249
870.743147
870.838587
870.886360
870.886360
870.838587
870.743147
870.600249
870.410218
870.173491
869.890630
869.562327
869.189408
868.772834
868.749245
869.165195
869.537569
869.865402
870.147868
870.384274
870.574055
870.716767
870.812086
870.859798
870.859798
870.812086
870.716767
870.574055
870.384274
870.147868
869.865402
869.537569
869.165195
868.749245
868.725699
869.141026
869.512852
869.840215
870.122287
870.358370
870.547897
870.690423
870.785619
870.833271
870.833271
870.785619
870.690423
870.547897
870.358370
870.122287
869.840215
869.512852
869.141026
868.725699
868.702193
869.116898
869.488178
869.815070
870.096745
870.332504
870.521777
870.664115
870.759188
870.806778
870.806778
870.759188
870.664115
870.521777
870.332504
870.096745
869.815070
869.488178
869.116898
868.702193
868.678729
869.092812
869.463546
869.789967
870.071244
870.306677
870.495694
870.637842
870.732791
870.780319
870.780319
870.732791
870.637842
870.495694
870.306677
870.071244
869.789967
869.463546
869.092812
868.678729
868.655305
869.068768
869.438955
869.764904
870.045782
870.280889
870.469648
870.611606
870.706429
870.753895
870.753895
870.706429
870.611606
870.469648
870.280889
870.045782
869.764904
869.438955
869.068768
868.655305
868.631921
869.044764
869.414405
869.739882
870.020361
870.255139
870.443640
870.585406
870.680103
870.727506
870.727506
870.680103
870.585406
870.443640
870.255139
870.020361
869.739882
869.414405
869.044764
868.631921
868.608578
869.020802
869.389897
869.714900
869.994979
870.229428
870.417669
870.559243
870.653812
870.701152
870.701152
870.653812
870.559243
870.417669
870.229428
869.994979
869.714900
869.389897
869.020802
868.608578
868.585273
868.996879
869.365428
869.689959
869.969637
870.203756
870.391736
870.533116
870.627558
870.674834
870.674834
870.627558
870.533116
870.391736
870.203756
869.969637
869.689959
869.365428
868.996879
868.585273
868.562008
868.972997
869.341001
869.665058
869.944334
870.178122
870.365840
870.507026
870.601339
870.648551
870.648551
870.601339
870.507026
870.365840
870.178122
869.944334
869.665058
869.341001
868.972997
868.562008
868.538782
868.949154
869.316613
869.640196
869.919070
870.152527
870.339982
870.480973
870.575156
870.622305
870.622305
870.575156
870.480973
870.339982
870.152527
869.919070
869.640196
869.316613
868.949154
868.538782
868.515594
868.925351
869.292264
869.615374
869.893846
870.126970
870.314162
870.454957
870.549010
870.596094
870.596094
870.549010
870.454957
870.314162
870.126970
869.893846
869.615374
869.292264
868.925351
868.515594
868.492445
868.901587
869.267956
869.590592
869.868661
870.101452
870.288379
870.428977
870.522901
870.569919
870.569919
870.522901
870.428977
870.288379
870.101452
869.868661
869.590592
869.267956
868.901587
868.492445
868.469334
868.877861
869.243686
869.565849
869.843514
870.075972
870.262634
870.403035
870.496828
870.543781
870.543781
870.496828
870.403035
870.262634
870.075972
869.843514
869.565849
869.243686
868.877861
868.469334
868.446260
868.854175
869.219456
869.541145
869.818406
870.050530
870.236927
870.377130
870.470791
870.517679
870.517679
870.470791
870.377130
870.236927
870.050530
869.818406
869.541145
869.219456
868.854175
868.446260
868.423224
868.830526
869.195264
869.516479
869.793337
870.025126
870.211257
870.351262
870.444792
870.491614
870.491614
870.444792
870.351262
870.211257
870.025126
869.793337
869.516479
869.195264
868.830526
868.423224
868.400225
868.806916
869.171111
869.491853
869.768307
869.999761
870.185625
870.325432
870.418829
870.465586
870.465586
870.418829
870.325432
870.185625
869.999761
869.768307
869.491853
869.171111
868.806916
868.400225
868.377264
868.783344
869.146997
869.467265
869.743315
869.974434
870.160031
870.299638
870.392903
870.439594
870.439594
870.392903
870.299638
870.160031
869.974434
869.743315
869.467265
869.146997
868.783344
868.377264
868.354339
868.759810
869.122920
869.442716
869.718361
869.949144
870.134475
870.273882
870.367015
870.413639
870.413639
870.367015
870.273882
870.134475
869.949144
869.718361
869.442716
869.122920
868.759810
868.354339
868.331451
868.736313
869.098882
869.418204
869.693445
869.923893
870.108956
870.248164
870.341163
870.387722
870.387722
870.341163
870.248164
870.108956
869.923893
869.693445
869.418204
869.098882
868.736313
868.331451
868.308599
868.712853
869.074882
869.393731
869.668568
869.898680
870.083475
870.222483
870.315349
870.361841
870.361841
870.315349
870.222483
870.083475
869.898680
869.668568
869.393731
869.074882
868.712853
868.308599
868.285784
868.689431
869.050919
869.369296
869.643729
869.873505
870.058032
870.196839
870.289572
870.335997
870.335997
870.289572
870.196839
870.058032
869.873505
869.643729
869.369296
869.050919
868.689431
868.285784
868.263005
868.666046
869.026995
869.344899
869.618928
869.848367
870.032626
870.171233
870.263832
870.310191
870.310191
870.263832
870.171233
870.032626
869.848367
869.618928
869.344899
869.026995
868.666046
868.263005
868.240262
868.642697
869.003107
869.320540
869.594164
869.823268
870.007259
870.145664
870.238130
870.284422
870.284422
870.238130
870.145664
870.007259
869.823268
869.594164
869.320540
869.003107
868.642697
868.240262
868.217554
868.619386
868.979257
869.296218
869.569439
869.798206
869.981928
870.120133
870.212465
870.258690
870.258690
870.212465
870.120133
869.981928
869.798206
869.569439
869.296218
868.979257
868.619386
868.217554
868.194882
868.596110
868.955444
869.271934
869.544751
869.773182
869.956636
870.094639
870.186837
870.232996
870.232996
870.186837
870.094639
869.956636
869.773182
869.544751
869.271934
868.955444
868.596110
868.194882
868.172246
868.572872
868.931668
869.247687
869.520100
869.748196
869.931381
870.069183
870.161247
870.207338
870.207338
870.161247
870.069183
869.931381
869.748196
869.520100
869.247687
868.931668
868.572872
868.172246
868.149645
868.549669
868.907929
869.223478
869.495488
869.723247
869.906163
870.043764
870.135694
870.181719
870.181719
870.135694
870.043764
869.906163
869.723247
869.495488
869.223478
868.907929
868.549669
868.149645
868.127080
868.526503
868.884226
869.199306
869.470912
869.698335
869.880983
870.018383
870.110179
870.156136
870.156136
870.110179
870.018383
869.880983
869.698335
869.470912
869.199306
868.884226
868.526503
868.127080
868.104549
868.503372
868.860561
869.175171
869.446374
869.673462
869.855841
869.993039
870.084701
870.130591
870.130591
870.084701
869.993039
869.855841
869.673462
869.446374
869.175171
868.860561
868.503372
868.104549
868.082054
868.480278
868.836932
869.151073
869.421874
869.648625
869.830736
869.967733
870.059261
870.105084
870.105084
870.059261
869.967733
869.830736
869.648625
869.421874
869.151073
868.836932
868.480278
868.082054
868.059593
868.457219
868.813339
869.127011
869.397410
869.623826
869.805669
869.942464
870.033858
870.079614
870.079614
870.033858
869.942464
869.805669
869.623826
869.397410
869.127011
868.813339
868.457219
868.059593
868.037167
868.434196
868.789782
869.102987
869.372984
869.599065
869.780638
869.917232
870.008492
870.054181
870.054181
870.008492
869.917232
869.780638
869.599065
869.372984
869.102987
868.789782
868.434196
868.037167
868.014776
868.411208
868.766262
869.078999
869.348595
869.574340
869.755646
869.892039
869.983164
870.028786
870.028786
869.983164
869.892039
869.755646
869.574340
869.348595
869.078999
868.766262
868.411208
868.014776
867.992420
868.388256
868.742778
869.055048
869.324242
869.549653
869.730691
869.866882
869.957873
870.003428
870.003428
869.957873
869.866882
869.730691
869.549653
869.324242
869.055048
868.742778
868.388256
867.992420
867.970097
868.365339
868.719330
869.031134
869.299927
869.525003
869.705773
869.841763
869.932620
869.978108
869.978108
869.932620
869.841763
869.705773
869.525003
869.299927
869.031134
868.719330
868.365339
867.970097
867.947809
868.342457
868.695918
869.007256
869.275648
869.500390
869.680892
869.816681
869.907404
869.952825
869.952825
869.907404
869.816681
869.680892
869.500390
869.275648
869.007256
868.695918
868.342457
867.947809
867.925556
868.319611
868.672542
868.983414
869.251407
869.475814
869.656048
869.791637
869.882226
869.927579
869.927579
869.882226
869.791637
869.656048
869.475814
869.251407
868.983414
868.672542
868.319611
867.925556
867.903336
868.296799
868.649201
868.959609
869.227202
869.451276
869.631242
869.766630
869.857085
869.902371
869.902371
869.857085
869.766630
869.631242
869.451276
869.227202
868.959609
868.649201
868.296799
867.903336
867.881150
868.274023
868.625896
868.935840
869.203033
869.426774
869.606473
869.741660
869.831981
869.877200
869.877200
869.831981
869.741660
869.606473
869.426774
869.203033
868.935840
868.625896
868.274023
867.881150
867.858999
868.251281
868.602627
868.912107
869.178902
869.402309
869.581741
869.716727
869.806914
869.852067
869.852067
869.806914
869.716727
869.581741
869.402309
869.178902
868.912107
868.602627
868.251281
867.858999
867.836881
868.228574
868.579393
868.888410
869.154806
869.377880
869.557046
869.691832
869.781885
869.826971
869.826971
869.781885
869.691832
869.557046
869.377880
869.154806
868.888410
868.579393
868.228574
867.836881
867.814797
868.205901
868.556195
868.864749
869.130747
869.353489
869.532388
869.666973
869.756893
869.801912
869.801912
869.756893
869.666973
869.532388
869.353489
869.130747
868.864749
868.556195
868.205901
867.814797
867.792747
868.183264
868.533032
868.841124
869.106725
869.329134
869.507767
869.642152
869.731939
869.776891
869.776891
869.731939
869.642152
869.507767
869.329134
869.106725
868.841124
868.533032
868.183264
867.792747
867.770730
868.160660
868.509904
868.817534
869.082739
869.304816
869.483183
869.617368
869.707021
869.751907
869.751907
869.707021
869.617368
869.483183
869.304816
869.082739
868.817534
868.509904
868.160660
867.770730
867.748747
868.138091
868.486811
868.793981
869.058789
869.280535
869.458635
869.592621
869.682141
869.726960
869.726960
869.682141
869.592621
869.458635
869.280535
869.058789
868.793981
868.486811
868.138091
867.748747
867.726797
868.115557
868.463753
868.770463
869.034875
869.256290
869.434125
869.567912
869.657298
869.702050
869.702050
869.657298
869.567912
869.434125
869.256290
869.034875
868.770463
868.463753
868.115557
867.726797
867.704881
868.093057
868.440731
868.746981
869.010997
869.232082
869.409651
869.543239
869.632492
869.677177
869.677177
869.632492
869.543239
869.409651
869.232082
869.010997
868.746981
868.440731
868.093057
867.704881
867.682998
868.070590
868.417743
868.723535
868.987156
869.207910
869.385214
869.518603
869.607723
869.652342
869.652342
869.607723
869.518603
869.385214
869.207910
868.987156
868.723535
868.417743
868.070590
867.682998
867.661148
868.048158
868.394790
868.700123
868.963350
869.183774
869.360814
869.494003
869.582991
869.627544
869.627544
869.582991
869.494003
869.360814
869.183774
868.963350
868.700123
868.394790
868.048158
867.661148
867.639331
868.025761
868.371872
868.676748
868.939581
869.159675
869.336451
869.469441
869.558296
869.602782
869.602782
869.558296
869.469441
869.336451
869.159675
868.939581
868.676748
868.371872
868.025761
867.639331
867.617548
868.003397
868.348989
868.653408
868.915847
869.135612
869.312124
869.444916
869.533638
869.578058
869.578058
869.533638
869.444916
869.312124
869.135612
868.915847
868.653408
868.348989
868.003397
867.617548
867.595797
867.981066
868.326140
868.630103
868.892149
869.111586
869.287833
869.420427
869.509017
869.553371
869.553371
869.509017
869.420427
869.287833
869.111586
868.892149
868.630103
868.326140
867.981066
867.595797
867.574080
867.958770
868.303326
868.606833
868.868487
869.087595
869.263579
869.395975
869.484433
869.528720
869.528720
869.484433
869.395975
869.263579
869.087595
868.868487
868.606833
868.303326
867.958770
867.574080
867.552395
867.936508
868.280546
868.583598
868.844860
869.063641
869.239362
869.371560
869.459886
869.504107
869.504107
869.459886
869.371560
869.239362
869.063641
868.844860
868.583598
868.280546
867.936508
867.552395
867.530743
867.914279
868.257801
868.560399
868.821269
869.039722
869.215181
869.347181
869.435375
869.479530
869.479530
869.435375
869.347181
869.215181
869.039722
868.821269
868.560399
868.257801
867.914279
867.530743
867.509124
867.892084
868.235091
868.537234
868.797714
869.015840
869.191036
869.322839
869.410901
869.454990
869.454990
869.410901
869.322839
869.191036
869.015840
868.797714
868.537234
868.235091
867.892084
867.509124
867.487538
867.869922
868.212414
868.514105
868.774194
868.991994
869.166927
869.298533
869.386464
869.430487
869.430487
869.386464
869.298533
869.166927
868.991994
868.774194
868.514105
868.212414
867.869922
867.487538
867.465984
867.847794
868.189772
868.491010
868.750710
868.968183
869.142855
869.274264
869.362063
869.406021
869.406021
869.362063
869.274264
869.142855
868.968183
868.750710
868.491010
868.189772
867.847794
867.465984
867.444462
867.825699
868.167164
868.467950
868.727261
868.944408
869.118819
869.250032
869.337699
869.381591
869.381591
869.337699
869.250032
869.118819
868.944408
868.727261
868.467950
868.167164
867.825699
867.444462
867.422974
867.803638
868.144590
868.444926
868.703847
868.920670
869.094819
869.225835
869.313372
869.357198
869.357198
869.313372
869.225835
869.094819
868.920670
868.703847
868.444926
868.144590
867.803638
867.422974
867.401517
867.781610
868.122051
868.421935
868.680469
868.896966
869.070855
869.201675
869.289081
869.332842
869.332842
869.289081
869.201675
869.070855
868.896966
868.680469
868.421935
868.122051
867.781610
867.401517
867.380094
867.759616
868.099545
868.398980
868.657126
868.873299
869.046927
869.177552
869.264827
869.308522
869.308522
869.264827
869.177552
869.046927
868.873299
868.657126
868.398980
868.099545
867.759616
867.380094
867.358702
867.737654
868.077073
868.376059
868.633818
868.849667
869.023035
869.153464
869.240609
869.284239
869.284239
869.240609
869.153464
869.023035
868.849667
868.633818
868.376059
868.077073
867.737654
867.358702
867.337343
867.715726
868.054636
868.353173
868.610545
868.826071
868.999180
869.129413
869.216427
869.259992
869.259992
869.216427
869.129413
868.999180
868.826071
868.610545
868.353173
868.054636
867.715726
867.337343
867.316016
867.693830
868.032232
868.330321
868.587307
868.802510
868.975359
869.105398
869.192282
869.235781
869.235781
869.192282
869.105398
868.975359
868.802510
868.587307
868.330321
868.032232
867.693830
867.316016
867.294721
867.671968
868.009862
868.307503
868.564105
868.778985
868.951575
869.081419
869.168173
869.211607
869.211607
869.168173
869.081419
868.951575
868.778985
868.564105
868.307503
868.009862
867.671968
867.294721
867.273458
867.650139
867.987525
868.284720
868.540937
868.755495
868.927827
869.057476
869.144100
869.187469
869.187469
869.144100
869.057476
868.927827
868.755495
868.540937
868.284720
867.987525
867.650139
867.273458
867.252227
867.628343
867.965222
868.261972
868.517804
868.732040
868.904114
869.033569
869.120063
869.163367
869.163367
869.120063
869.033569
868.904114
868.732040
868.517804
868.261972
867.965222
867.628343
867.252227
867.231028
867.606579
867.942953
868.239257
868.494706
868.708621
868.880437
869.009698
869.096062
869.139302
869.139302
869.096062
869.009698
868.880437
868.708621
868.494706
868.239257
867.942953
867.606579
867.231028
867.209861
867.584848
867.920718
868.216577
868.471643
868.685237
868.856795
868.985863
869.072098
869.115272
869.115272
869.072098
868.985863
868.856795
868.685237
868.471643
868.216577
867.920718
867.584848
867.209861
867.188726
867.563150
867.898516
868.193931
868.448614
868.661888
868.833189
868.962063
869.048169
869.091279
869.091279
869.048169
868.962063
868.833189
868.661888
868.448614
868.193931
867.898516
867.563150
867.188726
867.167623
867.541485
867.876347
868.171319
868.425620
868.638575
868.809619
868.938300
869.024276
869.067322
869.067322
869.024276
868.938300
868.809619
868.638575
868.425620
868.171319
867.876347
867.541485
867.167623
867.146552
867.519853
867.854212
868.148742
868.402661
868.615296
868.786084
868.914572
869.000420
869.043401
869.043401
869.000420
868.914572
868.786084
868.615296
868.402661
868.148742
867.854212
867.519853
867.146552
867.125512
867.498252
867.832110
868.126198
868.379736
868.592052
868.762584
868.890879
868.976599
869.019515
869.019515
868.976599
868.890879
868.762584
868.592052
868.379736
868.126198
867.832110
867.498252
867.125512
867.104504
867.476685
867.810041
868.103688
868.356846
868.568844
868.739120
868.867223
868.952814
868.995666
868.995666
868.952814
868.867223
868.739120
868.568844
868.356846
868.103688
867.810041
867.476685
867.104504
867.083528
867.455150
867.788006
868.081212
868.333990
868.545670
868.715691
868.843602
868.929064
868.971852
868.971852
868.929064
868.843602
868.715691
868.545670
868.333990
868.081212
867.788006
867.455150
867.083528
867.062583
867.433647
867.766004
868.058770
868.311169
868.522531
868.692297
868.820016
868.905351
868.948075
868.948075
868.905351
868.820016
868.692297
868.522531
868.311169
868.058770
867.766004
867.433647
867.062583
867.041670
867.412177
867.744034
868.036361
868.288382
868.499427
868.668938
868.796466
868.881673
868.924333
868.924333
868.881673
868.796466
868.668938
868.499427
868.288382
868.036361
867.744034
867.412177
867.041670
867.020788
867.390739
867.722098
868.013987
868.265629
868.476358
868.645615
868.772952
868.858030
868.900626
868.900626
868.858030
868.772952
868.645615
868.476358
868.265629
868.013987
867.722098
867.390739
867.020788
866.999938
867.369333
867.700195
867.991646
868.242911
868.453323
868.622327
868.749472
868.834424
868.876956
868.876956
868.834424
868.749472
868.622327
868.453323
868.242911
867.991646
867.700195
867.369333
866.999938
866.979119
867.347960
867.678325
867.969338
868.220226
868.430324
868.599073
868.726028
868.810852
868.853320
868.853320
868.810852
868.726028
868.599073
868.430324
868.220226
867.969338
867.678325
867.347960
866.979119
866.958331
867.326618
867.656488
867.947065
868.197576
868.407358
868.575855
868.702620
868.787316
868.829721
868.829721
868.787316
868.702620
868.575855
868.407358
868.197576
867.947065
867.656488
867.326618
866.958331
866.937574
867.305309
867.634684
867.924824
868.174960
868.384427
868.552671
868.679246
868.763816
868.806157
868.806157
868.763816
868.679246
868.552671
868.384427
868.174960
867.924824
867.634684
867.305309
866.937574
866.916849
867.284032
867.612912
867.902617
868.152378
868.361531
868.529523
868.655908
868.740351
868.782628
868.782628
868.740351
868.655908
868.529523
868.361531
868.152378
867.902617
867.612912
867.284032
866.916849
866.896155
867.262787
867.591174
867.880444
868.129830
868.338669
868.506409
868.632604
868.716921
868.759135
868.759135
868.716921
868.632604
868.506409
868.338669
868.129830
867.880444
867.591174
867.262787
866.896155
866.875492
867.241573
867.569468
867.858304
868.107316
868.315842
868.483330
868.609336
868.693526
868.735677
868.735677
868.693526
868.609336
868.483330
868.315842
868.107316
867.858304
867.569468
867.241573
866.875492
866.854860
867.220392
867.547794
867.836197
868.084835
868.293049
868.460286
868.586103
868.670167
868.712254
868.712254
868.670167
868.586103
868.460286
868.293049
868.084835
867.836197
867.547794
867.220392
866.854860
866.834259
867.199242
867.526153
867.814124
868.062389
868.270290
868.437276
868.562905
868.646842
868.688867
868.688867
868.646842
868.562905
868.437276
868.270290
868.062389
867.814124
867.526153
867.199242
866.834259
866.813689
867.178125
867.504545
867.792083
868.039976
868.247565
868.414301
868.539741
868.623553
868.665514
868.665514
868.623553
868.539741
868.414301
868.247565
868.039976
867.792083
867.504545
867.178125
866.813689
866.793150
867.157039
867.482969
867.770076
868.017597
868.224875
868.391361
868.516613
868.600299
868.642197
868.642197
868.600299
868.516613
868.391361
868.224875
868.017597
867.770076
867.482969
867.157039
866.793150
866.772642
867.135985
867.461426
867.748102
867.995252
868.202219
868.368455
868.493519
868.577079
868.618915
868.618915
868.577079
868.493519
868.368455
868.202219
867.995252
867.748102
867.461426
867.135985
866.772642
866.752164
867.114962
867.439915
867.726161
867.972940
868.179597
868.345583
868.470460
868.553895
868.595668
868.595668
868.553895
868.470460
868.345583
868.179597
867.972940
867.726161
867.439915
867.114962
866.752164
866.731717
867.093971
867.418437
867.704253
867.950662
868.157008
868.322746
868.447435
868.530745
868.572456
868.572456
868.530745
868.447435
868.322746
868.157008
867.950662
867.704253
867.418437
867.093971
866.731717
866.711302
867.073011
867.396990
867.682378
867.928417
868.134454
868.299943
868.424445
868.507631
868.549278
868.549278
868.507631
868.424445
868.299943
868.134454
867.928417
867.682378
867.396990
867.073011
866.711302
866.690916
867.052083
867.375576
867.660536
867.906206
868.111934
868.277175
868.401490
868.484551
868.526136
868.526136
868.484551
868.401490
868.277175
868.111934
867.906206
867.660536
867.375576
867.052083
866.690916
866.670562
867.031187
867.354194
867.638726
867.884028
868.089447
868.254440
868.378569
868.461505
868.503028
868.503028
868.461505
868.378569
868.254440
868.089447
867.884028
867.638726
867.354194
867.031187
866.670562
866.650237
867.010322
867.332845
867.616950
867.861883
868.066995
868.231740
868.355683
868.438495
868.479955
868.479955
868.438495
868.355683
868.231740
868.066995
867.861883
867.616950
867.332845
867.010322
866.650237
866.629944
866.989488
867.311527
867.595206
867.839772
868.044576
868.209074
868.332831
868.415519
868.456917
868.456917
868.415519
868.332831
868.209074
868.044576
867.839772
867.595206
867.311527
866.989488
866.629944
866.609681
866.968685
867.290241
867.573495
867.817694
868.022191
868.186443
868.310014
868.392577
868.433914
868.433914
868.392577
868.310014
868.186443
868.022191
867.817694
867.573495
867.290241
866.968685
866.609681
866.589448
866.947914
867.268988
867.551816
867.795649
867.999839
868.163845
868.287231
868.369670
868.410945
868.410945
868.369670
868.287231
868.163845
867.999839
867.795649
867.551816
867.268988
866.947914
866.589448
866.569246
866.927174
867.247766
867.530170
867.773638
867.977521
868.141281
868.264482
868.346798
868.388010
868.388010
868.346798
868.264482
868.141281
867.977521
867.773638
867.530170
867.247766
866.927174
866.569246
866.549074
866.906465
867.226576
867.508557
867.751659
867.955237
868.118751
868.241767
868.323960
868.365110
868.365110
868.323960
868.241767
868.118751
867.955237
867.751659
867.508557
867.226576
866.906465
866.549074
866.528932
866.885787
867.205418
867.486976
867.729714
867.932986
868.096255
868.219087
868.301156
868.342245
868.342245
868.301156
868.219087
868.096255
867.932986
867.729714
867.486976
867.205418
866.885787
866.528932
866.508821
866.865141
867.184292
867.465428
867.707801
867.910769
868.073793
868.196440
868.278386
868.319414
868.319414
868.278386
868.196440
868.073793
867.910769
867.707801
867.465428
867.184292
866.865141
866.508821
866.488740
866.844525
867.163198
867.443912
867.685921
867.888585
868.051364
868.173828
868.255651
868.296617
868.296617
868.255651
868.173828
868.051364
867.888585
867.685921
867.443912
867.163198
866.844525
866.488740
866.468688
866.823940
867.142135
867.422428
867.664075
867.866434
868.028969
868.151249
868.232950
868.273854
868.273854
868.232950
868.151249
868.028969
867.866434
867.664075
867.422428
867.142135
866.823940
866.468688
866.448667
866.803386
867.121104
867.400976
867.642261
867.844317
868.006608
868.128705
868.210283
868.251126
868.251126
868.210283
868.128705
868.006608
867.844317
867.642261
867.400976
867.121104
866.803386
866.448667
866.428677
866.782863
867.100104
867.379557
867.620480
867.822233
867.984281
868.106194
868.187650
868.228432
868.228432
868.187650
868.106194
867.984281
867.822233
867.620480
867.379557
867.100104
866.782863
866.428677
866.408716
866.762371
867.079136
867.358170
867.598731
867.800182
867.961987
868.083718
868.165051
868.205772
868.205772
868.165051
868.083718
867.961987
867.800182
867.598731
867.358170
867.079136
866.762371
866.408716
866.388785
866.741910
867.058200
867.336815
867.577016
867.778164
867.939726
868.061275
868.142486
868.183146
868.183146
868.142486
868.061275
867.939726
867.778164
867.577016
867.336815
867.058200
866.741910
866.388785
866.368884
866.721479
867.037295
867.315492
867.555333
867.756179
867.917499
868.038865
868.119955
868.160554
868.160554
868.119955
868.038865
867.917499
867.756179
867.555333
867.315492
867.037295
866.721479
866.368884
866.349012
866.701079
867.016421
867.294202
867.533682
867.734228
867.895306
868.016490
868.097458
868.137996
868.137996
868.097458
868.016490
867.895306
867.734228
867.533682
867.294202
867.016421
866.701079
866.349012
866.329171
866.680710
866.995579
867.272943
867.512064
867.712309
867.873146
867.994148
868.074995
868.115472
868.115472
868.074995
867.994148
867.873146
867.712309
867.512064
867.272943
866.995579
866.680710
866.329171
866.309359
866.660371
866.974768
867.251716
867.490479
867.690423
867.851019
867.971840
868.052565
868.092982
868.092982
868.052565
867.971840
867.851019
867.690423
867.490479
867.251716
866.974768
866.660371
866.309359
866.289577
866.640063
866.953988
867.230521
867.468926
867.668570
867.828925
867.949565
868.030170
868.070525
868.070525
868.030170
867.949565
867.828925
867.668570
867.468926
867.230521
866.953988
866.640063
866.289577
866.269825
866.619785
866.933240
867.209358
867.447405
867.646750
867.806865
867.927324
868.007807
868.048103
868.048103
868.007807
867.927324
867.806865
867.646750
867.447405
867.209358
866.933240
866.619785
866.269825
866.250103
866.599538
866.912523
867.188226
867.425917
867.624963
867.784838
867.905116
867.985479
868.025714
868.025714
867.985479
867.905116
867.784838
867.624963
867.425917
867.188226
866.912523
866.599538
866.250103
866.230410
866.579321
866.891836
867.167127
867.404461
867.603209
867.762844
867.882941
867.963184
868.003359
868.003359
867.963184
867.882941
867.762844
867.603209
867.404461
867.167127
866.891836
866.579321
866.230410
866.210746
866.559134
866.871181
867.146059
867.383037
867.581487
867.740882
867.860800
867.940923
867.981037
867.981037
867.940923
867.860800
867.740882
867.581487
867.383037
867.146059
866.871181
866.559134
866.210746
866.191112
866.538978
866.850557
867.125022
867.361645
867.559798
867.718954
867.838692
867.918695
867.958749
867.958749
867.918695
867.838692
867.718954
867.559798
867.361645
867.125022
866.850557
866.538978
866.191112
866.171508
866.518852
866.829964
867.104018
867.340286
867.538141
867.697059
867.816618
867.896500
867.936494
867.936494
867.896500
867.816618
867.697059
867.538141
867.340286
867.104018
866.829964
866.518852
866.171508
866.151933
866.498756
866.809402
867.083045
867.318959
867.516517
867.675197
867.794576
867.874339
867.914273
867.914273
867.874339
867.794576
867.675197
867.516517
867.318959
867.083045
866.809402
866.498756
866.151933
866.132387
866.478690
866.788870
867.062103
867.297663
867.494926
867.653368
867.772568
867.852211
867.892085
867.892085
867.852211
867.772568
867.653368
867.494926
867.297663
867.062103
866.788870
866.478690
866.132387
866.112871
866.458655
866.768370
867.041193
867.276400
867.473367
867.631571
867.750593
867.830116
867.869931
867.869931
867.830116
867.750593
867.631571
867.473367
867.276400
867.041193
866.768370
866.458655
866.112871
866.093384
866.438649
866.747900
867.020314
867.255169
867.451840
867.609807
867.728650
867.808055
867.847810
867.847810
867.808055
867.728650
867.609807
867.451840
867.255169
867.020314
866.747900
866.438649
866.093384
866.073926
866.418674
866.727461
866.999467
867.233969
867.430346
867.588076
867.706741
867.786026
867.825722
867.825722
867.786026
867.706741
867.588076
867.430346
867.233969
866.999467
866.727461
866.418674
866.073926
866.054497
866.398728
866.707052
866.978650
867.212801
867.408884
867.566378
867.684865
867.764031
867.803667
867.803667
867.764031
867.684865
867.566378
867.408884
867.212801
866.978650
866.707052
866.398728
866.054497
866.035098
866.378813
866.686675
866.957866
867.191666
867.387454
867.544712
867.663021
867.742069
867.781645
867.781645
867.742069
867.663021
867.544712
867.387454
867.191666
866.957866
866.686675
866.378813
866.035098
866.015727
866.358927
866.666327
866.937112
867.170561
867.366056
867.523078
867.641211
867.720140
867.759657
867.759657
867.720140
867.641211
867.523078
867.366056
867.170561
866.937112
866.666327
866.358927
866.015727
865.996386
866.339071
866.646011
866.916389
867.149489
867.344691
867.501478
867.619433
867.698244
867.737702
867.737702
867.698244
867.619433
867.501478
867.344691
867.149489
866.916389
866.646011
866.339071
865.996386
865.977074
866.319245
866.625725
866.895698
867.128448
867.323358
867.479909
867.597688
867.676381
867.715779
867.715779
867.676381
867.597688
867.479909
867.323358
867.128448
866.895698
866.625725
866.319245
865.977074
865.957790
866.299449
866.605469
866.875038
867.107439
867.302056
867.458373
867.575975
867.654550
867.693890
867.693890
867.654550
867.575975
867.458373
867.302056
867.107439
866.875038
866.605469
866.299449
865.957790
865.938536
866.279682
866.585244
866.854408
867.086461
867.280787
867.436870
867.554295
867.632752
867.672033
867.672033
867.632752
867.554295
867.436870
867.280787
867.086461
866.854408
866.585244
866.279682
865.938536
865.919310
866.259945
866.565049
866.833810
867.065515
867.259550
867.415398
867.532648
867.610988
867.650209
867.650209
867.610988
867.532648
867.415398
867.259550
867.065515
866.833810
866.565049
866.259945
865.919310
865.900113
866.240238
866.544884
866.813243
867.044601
867.238344
867.393959
867.511033
867.589255
867.628418
867.628418
867.589255
867.511033
867.393959
867.238344
867.044601
866.813243
866.544884
866.240238
865.900113
865.880945
866.220560
866.524750
866.792706
867.023717
867.217171
867.372552
867.489451
867.567556
867.606660
867.606660
867.567556
867.489451
867.372552
867.217171
867.023717
866.792706
866.524750
866.220560
865.880945
865.861806
866.200912
866.504646
866.772200
867.002865
867.196029
867.351178
867.467901
867.545889
867.584935
867.584935
867.545889
867.467901
867.351178
867.196029
867.002865
866.772200
866.504646
866.200912
865.861806
865.842695
866.181293
866.484572
866.751725
866.982045
867.174919
867.329835
867.446384
867.524255
867.563242
867.563242
867.524255
867.446384
867.329835
867.174919
866.982045
866.751725
866.484572
866.181293
865.842695
865.823614
866.161704
866.464528
866.731281
866.961255
867.153840
867.308525
867.424898
867.502653
867.541581
867.541581
867.502653
867.424898
867.308525
867.153840
866.961255
866.731281
866.464528
866.161704
865.823614
865.804560
866.142144
866.444514
866.710868
866.940497
867.132793
867.287246
867.403445
867.481083
867.519954
867.519954
867.481083
867.403445
867.287246
867.132793
866.940497
866.710868
866.444514
866.142144
865.804560
865.785536
866.122613
866.424530
866.690485
866.919770
867.111778
867.266000
867.382025
867.459546
867.498358
867.498358
867.459546
867.382025
867.266000
867.111778
866.919770
866.690485
866.424530
866.122613
865.785536
865.766539
866.103112
866.404577
866.670133
866.899074
867.090795
867.244785
867.360636
867.438042
867.476796
867.476796
867.438042
867.360636
867.244785
867.090795
866.899074
866.670133
866.404577
866.103112
865.766539
865.747572
866.083640
866.384653
866.649811
866.878410
867.069843
867.223602
867.339280
867.416569
867.455265
867.455265
867.416569
867.339280
867.223602
867.069843
866.878410
866.649811
866.384653
866.083640
865.747572
865.728632
866.064197
866.364759
866.629520
866.857776
867.048922
867.202451
867.317956
867.395129
867.433767
867.433767
867.395129
867.317956
867.202451
867.048922
866.857776
866.629520
866.364759
866.064197
865.728632
865.709721
866.044783
866.344895
866.609259
866.837173
867.028033
867.181332
867.296663
867.373721
867.412301
867.412301
867.373721
867.296663
867.181332
867.028033
866.837173
866.609259
866.344895
866.044783
865.709721
865.690839
866.025399
866.325061
866.589028
866.816601
867.007175
867.160244
867.275403
867.352345
867.390868
867.390868
867.352345
867.275403
867.160244
867.007175
866.816601
866.589028
866.325061
866.025399
865.690839
865.671985
866.006043
866.305256
866.568828
866.796060
866.986349
867.139189
867.254175
867.331002
867.369466
867.369466
867.331002
867.254175
867.139189
866.986349
866.796060
866.568828
866.305256
866.006043
865.671985
865.653159
865.986717
866.285481
866.548659
866.775550
866.965553
867.118164
867.232978
867.309690
867.348097
867.348097
867.309690
867.232978
867.118164
866.965553
866.775550
866.548659
866.285481
865.986717
865.653159
865.634361
865.967419
866.265736
866.528519
866.755071
866.944789
867.097172
867.211813
867.288411
867.326760
867.326760
867.288411
867.211813
867.097172
866.944789
866.755071
866.528519
866.265736
865.967419
865.634361
865.615591
865.948151
866.246021
866.508410
866.734622
866.924057
867.076211
867.190681
867.267163
867.305455
867.305455
867.267163
867.190681
867.076211
866.924057
866.734622
866.508410
866.246021
865.948151
865.615591
865.596850
865.928911
866.226335
866.488331
866.714204
866.903355
867.055281
867.169579
867.245947
867.284182
867.284182
867.245947
867.169579
867.055281
866.903355
866.714204
866.488331
866.226335
865.928911
865.596850
865.578136
865.909700
866.206678
866.468282
866.693817
866.882684
867.034383
867.148510
867.224763
867.262941
867.262941
867.224763
867.148510
867.034383
866.882684
866.693817
866.468282
866.206678
865.909700
865.578136
865.559451
865.890518
866.187051
866.448263
866.673460
866.862045
867.013516
867.127472
867.203611
867.241731
867.241731
867.203611
867.127472
867.013516
866.862045
866.673460
866.448263
866.187051
865.890518
865.559451
865.540794
865.871365
866.167454
866.428275
866.653134
866.841436
866.992680
867.106466
867.182491
867.220554
867.220554
867.182491
867.106466
866.992680
866.841436
866.653134
866.428275
866.167454
865.871365
865.540794
865.522164
865.852240
866.147886
866.408316
866.632839
866.820858
866.971876
867.085491
867.161402
867.199408
867.199408
867.161402
867.085491
866.971876
866.820858
866.632839
866.408316
866.147886
865.852240
865.522164
865.503563
865.833145
866.128347
866.388387
866.612573
866.800311
866.951103
867.064548
867.140346
867.178295
867.178295
867.140346
867.064548
866.951103
866.800311
866.612573
866.388387
866.128347
865.833145
865.503563
865.484990
865.814077
866.108838
866.368488
866.592339
866.779795
866.930361
867.043636
867.119320
867.157212
867.157212
867.119320
867.043636
866.930361
866.779795
866.592339
866.368488
866.108838
865.814077
865.484990
865.466444
865.795039
866.089358
866.348619
866.572134
866.759310
866.909650
867.022756
867.098327
867.136162
867.136162
867.098327
867.022756
866.909650
866.759310
866.572134
866.348619
866.089358
865.795039
865.466444
865.447926
865.776028
866.069907
866.328780
866.551960
866.738856
866.888971
867.001907
867.077364
867.115143
867.115143
867.077364
867.001907
866.888971
866.738856
866.551960
866.328780
866.069907
865.776028
865.447926
865.429436
865.757047
866.050485
866.308970
866.531816
866.718432
866.868322
866.981089
867.056434
867.094156
867.094156
867.056434
866.981089
866.868322
866.718432
866.531816
866.308970
866.050485
865.757047
865.429436
865.410973
865.738094
866.031092
866.289190
866.511703
866.698039
866.847705
866.960303
867.035534
867.073200
867.073200
867.035534
866.960303
866.847705
866.698039
866.511703
866.289190
866.031092
865.738094
865.410973
865.392538
865.719169
866.011729
866.269440
866.491619
866.677677
866.827118
866.939547
867.014666
867.052276
867.052276
867.014666
866.939547
866.827118
866.677677
866.491619
866.269440
866.011729
865.719169
865.392538
865.374131
865.700273
865.992394
866.249720
866.471566
866.657345
866.806562
866.918823
866.993830
867.031383
867.031383
866.993830
866.918823
866.806562
866.657345
866.471566
866.249720
865.992394
865.700273
865.374131
865.355752
865.681405
865.973088
866.230029
866.451543
866.637043
866.786037
866.898130
866.973024
867.010521
867.010521
866.973024
866.898130
866.786037
866.637043
866.451543
866.230029
865.973088
865.681405
865.355752
865.337400
865.662565
865.953812
866.210367
866.431550
866.616772
866.765543
866.877468
866.952250
866.989691
866.989691
866.952250
866.877468
866.765543
866.616772
866.431550
866.210367
865.953812
865.662565
865.337400
865.319075
865.643753
865.934564
866.190735
866.411587
866.596532
866.745080
866.856837
866.931507
866.968892
866.968892
866.931507
866.856837
866.745080
866.596532
866.411587
866.190735
865.934564
865.643753
865.319075
865.300778
865.624970
865.915345
866.171133
866.391653
866.576322
866.724648
866.836237
866.910796
866.948124
866.948124
866.910796
866.836237
866.724648
866.576322
866.391653
866.171133
865.915345
865.624970
865.300778
865.282508
865.606215
865.896155
866.151560
866.371750
866.556142
866.704246
866.815668
866.890115
866.927388
866.927388
866.890115
866.815668
866.704246
866.556142
866.371750
866.151560
865.896155
865.606215
865.282508
865.264266
865.587488
865.876994
866.132016
866.351877
866.535992
866.683874
866.795130
866.869465
866.906682
866.906682
866.869465
866.795130
866.683874
866.535992
866.351877
866.132016
865.876994
865.587488
865.264266
865.246051
865.568789
865.857862
866.112502
866.332033
866.515873
866.663534
866.774623
866.848847
866.886008
866.886008
866.848847
866.774623
866.663534
866.515873
866.332033
866.112502
865.857862
865.568789
865.246051
865.227863
865.550118
865.838758
866.093017
866.312219
866.495784
866.643223
866.754146
866.828259
866.865364
866.865364
866.828259
866.754146
866.643223
866.495784
866.312219
866.093017
865.838758
865.550118
865.227863
865.209703
865.531475
865.819683
866.073561
866.292435
866.475725
866.622944
866.733701
866.807702
866.844752
866.844752
866.807702
866.733701
866.622944
866.475725
866.292435
866.073561
865.819683
865.531475
865.209703
865.191569
865.512860
865.800636
866.054134
866.272681
866.455696
866.602694
866.713285
866.787176
866.824171
866.824171
866.787176
866.713285
866.602694
866.455696
866.272681
866.054134
865.800636
865.512860
865.191569
865.173463
865.494272
865.781618
866.034736
866.252956
866.435697
866.582475
866.692901
866.766681
866.803620
866.803620
866.766681
866.692901
866.582475
866.435697
866.252956
866.034736
865.781618
865.494272
865.173463
865.155384
865.475713
865.762628
866.015368
866.233261
866.415728
866.562287
866.672547
866.746217
866.783100
866.783100
866.746217
866.672547
866.562287
866.415728
866.233261
866.015368
865.762628
865.475713
865.155384
865.137332
865.457182
865.743667
865.996028
866.213595
866.395789
866.542128
866.652224
866.725783
866.762612
866.762612
866.725783
866.652224
866.542128
866.395789
866.213595
865.996028
865.743667
865.457182
865.137332
865.119308
865.438678
865.724735
865.976718
866.193959
866.375880
866.522000
866.631931
866.705380
866.742153
866.742153
866.705380
866.631931
866.522000
866.375880
866.193959
865.976718
865.724735
865.438678
865.119308
865.101310
865.420202
865.705830
865.957436
866.174352
866.356001
866.501903
866.611668
866.685008
866.721726
866.721726
866.685008
866.611668
866.501903
866.356001
866.174352
865.957436
865.705830
865.420202
865.101310
865.083339
865.401754
865.686954
865.938184
866.154775
866.336152
866.481835
866.591436
866.664666
866.701329
866.701329
866.664666
866.591436
866.481835
866.336152
866.154775
865.938184
865.686954
865.401754
865.083339
865.065395
865.383333
865.668107
865.918960
866.135227
866.316333
866.461797
866.571235
866.644355
866.680963
866.680963
866.644355
866.571235
866.461797
866.316333
866.135227
865.918960
865.668107
865.383333
865.065395
865.047478
865.364940
865.649287
865.899765
866.115708
866.296543
866.441790
866.551063
866.624074
866.660627
866.660627
866.624074
866.551063
866.441790
866.296543
866.115708
865.899765
865.649287
865.364940
865.047478
865.029587
865.346574
865.630496
865.880599
866.096219
866.276783
866.421812
866.530922
866.603823
866.640322
866.640322
866.603823
866.530922
866.421812
866.276783
866.096219
865.880599
865.630496
865.346574
865.029587
865.011724
865.328236
865.611733
865.861462
866.076758
866.257052
866.401865
866.510811
866.583603
866.620048
866.620048
866.583603
866.510811
866.401865
866.257052
866.076758
865.861462
865.611733
865.328236
865.011724
864.993887
865.309926
865.592998
865.842353
866.057327
866.237351
866.381947
866.490731
866.563414
866.599803
866.599803
866.563414
866.490731
866.381947
866.237351
866.057327
865.842353
865.592998
865.309926
864.993887
864.976077
865.291643
865.574292
865.823273
866.037926
866.217680
866.362059
866.470680
866.543254
866.579590
866.579590
866.543254
866.470680
866.362059
866.217680
866.037926
865.823273
865.574292
865.291643
864.976077
864.958294
865.273387
865.555613
865.804221
866.018553
866.198038
866.342201
866.450659
866.523125
866.559406
866.559406
866.523125
866.450659
866.342201
866.198038
866.018553
865.804221
865.555613
865.273387
864.958294
864.940537
865.255159
865.536962
865.785198
865.999209
866.178426
866.322373
866.430669
866.503026
866.539253
866.539253
866.503026
866.430669
866.322373
866.178426
865.999209
865.785198
865.536962
865.255159
864.940537
864.922807
865.236958
865.518339
865.766204
865.979894
866.158843
866.302575
866.410709
866.482957
866.519130
866.519130
866.482957
866.410709
866.302575
866.158843
865.979894
865.766204
865.518339
865.236958
864.922807
864.905103
865.218784
865.499744
865.747238
865.960609
866.139289
866.282806
866.390778
866.462919
866.499037
866.499037
866.462919
866.390778
866.282806
866.139289
865.960609
865.747238
865.499744
865.218784
864.905103
864.887426
865.200637
865.481177
865.728301
865.941352
866.119765
866.263067
866.370877
866.442910
866.478974
866.478974
866.442910
866.370877
866.263067
866.119765
865.941352
865.728301
865.481177
865.200637
864.887426
864.869776
865.182518
865.462638
865.709392
865.922124
866.100270
866.243358
866.351007
866.422932
866.458942
866.458942
866.422932
866.351007
866.243358
866.100270
865.922124
865.709392
865.462638
865.182518
864.869776
864.852152
865.164426
865.444126
865.690511
865.902925
866.080804
866.223678
866.331166
866.402983
866.438939
866.438939
866.402983
866.331166
866.223678
866.080804
865.902925
865.690511
865.444126
865.164426
864.852152
864.834554
865.146361
865.425643
865.671658
865.883754
866.061368
866.204027
866.311354
866.383064
866.418967
866.418967
866.383064
866.311354
866.204027
866.061368
865.883754
865.671658
865.425643
865.146361
864.834554
864.816982
865.128322
865.407187
865.652834
865.864613
866.041960
866.184406
866.291573
866.363175
866.399024
866.399024
866.363175
866.291573
866.184406
866.041960
865.864613
865.652834
865.407187
865.128322
864.816982
864.799437
865.110311
865.388758
865.634038
865.845500
866.022582
866.164815
866.271821
866.343316
866.379112
866.379112
866.343316
866.271821
866.164815
866.022582
865.845500
865.634038
865.388758
865.110311
864.799437
864.781918
865.092327
865.370357
865.615270
865.826416
866.003233
866.145253
866.252099
866.323487
866.359229
866.359229
866.323487
866.252099
866.145253
866.003233
865.826416
865.615270
865.370357
865.092327
864.781918
864.764426
865.074370
865.351984
865.596531
865.807360
865.983913
866.125720
866.232406
866.303688
866.339376
866.339376
866.303688
866.232406
866.125720
865.983913
865.807360
865.596531
865.351984
865.074370
864.764426
864.746959
865.056440
865.333639
865.577819
865.788333
865.964621
866.106217
866.212743
866.283918
866.319553
866.319553
866.283918
866.212743
866.106217
865.964621
865.788333
865.577819
865.333639
865.056440
864.746959
864.729519
865.038536
865.315320
865.559135
865.769334
865.945359
866.086742
866.193109
866.264178
866.299759
866.299759
866.264178
866.193109
866.086742
865.945359
865.769334
865.559135
865.315320
865.038536
864.729519
864.712105
865.020660
865.297030
865.540480
865.750364
865.926125
866.067297
866.173505
866.244467
866.279995
866.279995
866.244467
866.173505
866.067297
865.926125
865.750364
865.540480
865.297030
865.020660
864.712105
864.694717
865.002810
865.278766
865.521852
865.731423
865.906921
866.047881
866.153930
866.224786
866.260261
866.260261
866.224786
866.153930
866.047881
865.906921
865.731423
865.521852
865.278766
865.002810
864.694717
864.677354
864.984987
865.260530
865.503253
865.712509
865.887745
866.028495
866.134385
866.205135
866.240557
866.240557
866.205135
866.134385
866.028495
865.887745
865.712509
865.503253
865.260530
864.984987
864.677354
864.660018
864.967191
865.242322
865.484681
865.693624
865.868598
866.009137
866.114869
866.185513
866.220882
866.220882
866.185513
866.114869
866.009137
865.868598
865.693624
865.484681
865.242322
864.967191
864.660018
864.642708
864.949421
865.224140
865.466137
865.674768
865.849479
865.989808
866.095382
866.165920
866.201236
866.201236
866.165920
866.095382
865.989808
865.849479
865.674768
865.466137
865.224140
864.949421
864.642708
864.625424
864.931678
865.205986
865.447620
865.655939
865.830390
865.970509
866.075924
866.146357
866.181620
866.181620
866.146357
866.075924
865.970509
865.830390
865.655939
865.447620
865.205986
864.931678
864.625424
864.608166
864.913961
865.187859
865.429132
865.637139
865.811329
865.951238
866.056496
866.126823
866.162034
866.162034
866.126823
866.056496
865.951238
865.811329
865.637139
865.429132
865.187859
864.913961
864.608166
864.590933
864.896271
865.169759
865.410671
865.618367
865.792296
865.931996
866.037096
866.107319
866.142476
866.142476
866.107319
866.037096
865.931996
865.792296
865.618367
865.410671
865.169759
864.896271
864.590933
864.573726
864.878607
865.151687
865.392238
865.599623
865.773292
865.912783
866.017726
866.087843
866.122949
866.122949
866.087843
866.017726
865.912783
865.773292
865.599623
865.392238
865.151687
864.878607
864.573726
864.556545
864.860970
865.133641
865.373833
865.580908
865.754316
865.893599
865.998385
866.068397
866.103450
866.103450
866.068397
865.998385
865.893599
865.754316
865.580908
865.373833
865.133641
864.860970
864.556545
864.539390
864.843360
865.115622
865.355455
865.562220
865.735369
865.874443
865.979073
866.048980
866.083980
866.083980
866.048980
865.979073
865.874443
865.735369
865.562220
865.355455
865.115622
864.843360
864.539390
864.522260
864.825775
865.097631
865.337104
865.543560
865.716451
865.855316
865.959789
866.029592
866.064540
866.064540
866.029592
865.959789
865.855316
865.716451
865.543560
865.337104
865.097631
864.825775
864.522260
864.505156
864.808217
865.079666
865.318781
865.524928
865.697560
865.836218
865.940535
866.010234
866.045129
866.045129
866.010234
865.940535
865.836218
865.697560
865.524928
865.318781
865.079666
864.808217
864.505156
864.488078
864.790686
865.061728
865.300486
865.506325
865.678698
865.817149
865.921310
865.990904
866.025747
866.025747
865.990904
865.921310
865.817149
865.678698
865.506325
865.300486
865.061728
864.790686
864.488078
864.471025
864.773180
865.043817
865.282218
865.487749
865.659864
865.798108
865.902113
865.971603
866.006394
866.006394
865.971603
865.902113
865.798108
865.659864
865.487749
865.282218
865.043817
864.773180
864.471025
864.453998
864.755701
865.025933
865.263977
865.469201
865.641059
865.779096
865.882945
865.952331
865.987070
865.987070
865.952331
865.882945
865.779096
865.641059
865.469201
865.263977
865.025933
864.755701
864.453998
864.436996
864.738248
865.008076
865.245764
865.450680
865.622281
865.760112
865.863806
865.933088
865.967776
865.967776
865.933088
865.863806
865.760112
865.622281
865.450680
865.245764
865.008076
864.738248
864.436996
864.420019
864.720821
864.990245
865.227578
865.432188
865.603532
865.741156
865.844695
865.913874
865.948510
865.948510
865.913874
865.844695
865.741156
865.603532
865.432188
865.227578
864.990245
864.720821
864.420019
864.403068
864.703420
864.972441
865.209419
865.413723
865.584811
865.722229
865.825613
865.894689
865.929272
865.929272
865.894689
865.825613
865.722229
865.584811
865.413723
865.209419
864.972441
864.703420
864.403068
864.386143
864.686045
864.954664
865.191287
865.395286
865.566118
865.703331
865.806560
865.875532
865.910064
865.910064
865.875532
865.806560
865.703331
865.566118
865.395286
865.191287
864.954664
864.686045
864.386143
864.369243
864.668696
864.936914
865.173183
865.376876
865.547453
865.684460
865.787536
865.856404
865.890885
865.890885
865.856404
865.787536
865.684460
865.547453
865.376876
865.173183
864.936914
864.668696
864.369243
864.352368
864.651373
864.919190
865.155105
865.358494
865.528816
865.665618
865.768539
865.837305
865.871734
865.871734
865.837305
865.768539
865.665618
865.528816
865.358494
865.155105
864.919190
864.651373
864.352368
864.335518
864.634076
864.901492
865.137055
865.340139
865.510206
865.646805
865.749572
865.818235
865.852612
865.852612
865.818235
865.749572
865.646805
865.510206
865.340139
865.137055
864.901492
864.634076
864.335518
864.318693
864.616805
864.883821
865.119032
865.321812
865.491625
865.628019
865.730632
865.799193
865.833519
865.833519
865.799193
865.730632
865.628019
865.491625
865.321812
865.119032
864.883821
864.616805
864.318693
864.301894
864.599560
864.866177
865.101035
865.303513
865.473072
865.609262
865.711721
865.780179
865.814454
865.814454
865.780179
865.711721
865.609262
865.473072
865.303513
865.101035
864.866177
864.599560
864.301894
864.285120
864.582341
864.848558
865.083066
865.285241
865.454546
865.590532
865.692839
865.761194
865.795418
865.795418
865.761194
865.692839
865.590532
865.454546
865.285241
865.083066
864.848558
864.582341
864.285120
864.268370
864.565147
864.830967
865.065124
865.266996
865.436048
865.571831
865.673985
865.742238
865.776410
865.776410
865.742238
865.673985
865.571831
865.436048
865.266996
865.065124
864.830967
864.565147
864.268370
864.251646
864.547979
864.813401
865.047208
865.248779
865.417578
865.553158
865.655159
865.723310
865.757431
865.757431
865.723310
865.655159
865.553158
865.417578
865.248779
865.047208
864.813401
864.547979
864.251646
864.234947
864.530837
864.795862
865.029319
865.230589
865.399135
865.534513
865.636361
865.704410
865.738480
865.738480
865.704410
865.636361
865.534513
865.399135
865.230589
865.029319
864.795862
864.530837
864.234947
864.218273
864.513720
864.778349
865.011457
865.212426
865.380720
865.515895
865.617591
865.685539
865.719558
865.719558
865.685539
865.617591
865.515895
865.380720
865.212426
865.011457
864.778349
864.513720
864.218273
864.201624
864.496629
864.760863
864.993622
865.194290
865.362333
865.497306
865.598850
865.666696
865.700664
865.700664
865.666696
865.598850
865.497306
865.362333
865.194290
864.993622
864.760863
864.496629
864.201624
864.185000
864.479564
864.743402
864.975814
865.176181
865.343973
865.478744
865.580136
865.647881
865.681798
865.681798
865.647881
865.580136
865.478744
865.343973
865.176181
864.975814
864.743402
864.479564
864.185000
864.168400
864.462524
864.725968
864.958032
865.158100
865.325641
865.460210
865.561451
865.629094
865.662961
865.662961
865.629094
865.561451
865.460210
865.325641
865.158100
864.958032
864.725968
864.462524
864.168400
864.151826
864.445510
864.708560
864.940277
865.140046
865.307336
865.441704
865.542794
865.610336
865.644152
865.644152
865.610336
865.542794
865.441704
865.307336
865.140046
864.940277
864.708560
864.445510
864.151826
864.135276
864.428521
864.691178
864.922548
865.122018
865.289059
865.423226
865.524164
865.591605
865.625371
865.625371
865.591605
865.524164
865.423226
865.289059
865.122018
864.922548
864.691178
864.428521
864.135276
864.118751
864.411557
864.673821
864.904846
865.104018
865.270809
865.404775
865.505563
865.572903
865.606618
865.606618
865.572903
865.505563
865.404775
865.270809
865.104018
864.904846
864.673821
864.411557
864.118751
864.102251
864.394619
864.656491
864.887171
865.086045
865.252586
865.386352
865.486989
865.554229
865.587893
865.587893
865.554229
865.486989
865.386352
865.252586
865.086045
864.887171
864.656491
864.394619
864.102251
864.085775
864.377707
864.639187
864.869521
865.068098
865.234391
865.367957
865.468443
865.535582
865.569196
865.569196
865.535582
865.468443
865.367957
865.234391
865.068098
864.869521
864.639187
864.377707
864.085775
864.069324
864.360819
864.621909
864.851899
865.050179
865.216223
865.349589
865.449925
865.516964
865.550528
865.550528
865.516964
865.449925
865.349589
865.216223
865.050179
864.851899
864.621909
864.360819
864.069324
864.052898
864.343957
864.604656
864.834302
865.032286
865.198082
865.331249
865.431435
865.498373
865.531887
865.531887
865.498373
865.431435
865.331249
865.198082
865.032286
864.834302
864.604656
864.343957
864.052898
864.036496
864.327120
864.587430
864.816733
865.014420
865.179968
865.312936
865.412972
865.479811
865.513274
865.513274
865.479811
865.412972
865.312936
865.179968
865.014420
864.816733
864.587430
864.327120
864.036496
864.020119
864.310308
864.570229
864.799189
864.996581
865.161881
865.294651
865.394537
865.461276
865.494689
865.494689
865.461276
865.394537
865.294651
865.161881
864.996581
864.799189
864.570229
864.310308
864.020119
864.003766
864.293522
864.553054
864.781671
864.978769
865.143822
865.276393
865.376130
865.442769
865.476132
865.476132
865.442769
865.376130
865.276393
865.143822
864.978769
864.781671
864.553054
864.293522
864.003766
863.987437
864.276760
864.535904
864.764180
864.960983
865.125789
865.258162
865.357750
865.424289
865.457603
865.457603
865.424289
865.357750
865.258162
865.125789
864.960983
864.764180
864.535904
864.276760
863.987437
863.971133
864.260024
864.518780
864.746715
864.943224
865.107784
865.239959
865.339398
865.405838
865.439102
865.439102
865.405838
865.339398
865.239959
865.107784
864.943224
864.746715
864.518780
864.260024
863.971133
863.954854
864.243313
864.501682
864.729276
864.925491
865.089805
865.221782
865.321073
865.387414
865.420628
865.420628
865.387414
865.321073
865.221782
865.089805
864.925491
864.729276
864.501682
864.243313
863.954854
863.938599
864.226626
864.484610
864.711864
864.907785
865.071853
865.203634
865.302776
865.369017
865.402182
865.402182
865.369017
865.302776
865.203634
865.071853
864.907785
864.711864
864.484610
864.226626
863.938599
863.922368
864.209965
864.467563
864.694477
864.890105
865.053929
865.185512
865.284506
865.350648
865.383763
865.383763
865.350648
865.284506
865.185512
865.053929
864.890105
864.694477
864.467563
864.209965
863.922368
863.906161
864.193328
864.450541
864.677116
864.872452
865.036031
865.167417
865.266263
865.332307
865.365372
865.365372
865.332307
865.266263
865.167417
865.036031
864.872452
864.677116
864.450541
864.193328
863.906161
863.889979
864.176717
864.433545
864.659782
864.854826
865.018160
865.149350
865.248048
865.313993
865.347009
865.347009
865.313993
865.248048
865.149350
865.018160
864.854826
864.659782
864.433545
864.176717
863.889979
863.873821
864.160130
864.416575
864.642473
864.837226
865.000315
865.131309
865.229860
865.295706
865.328673
865.328673
865.295706
865.229860
865.131309
865.000315
864.837226
864.642473
864.416575
864.160130
863.873821
863.857687
864.143568
864.399629
864.625190
864.819652
864.982498
865.113296
865.211700
865.277447
865.310365
865.310365
865.277447
865.211700
865.113296
864.982498
864.819652
864.625190
864.399629
864.143568
863.857687
863.841577
864.127031
864.382709
864.607933
864.802104
864.964707
865.095310
865.193566
865.259216
865.292084
865.292084
865.259216
865.193566
865.095310
864.964707
864.802104
864.607933
864.382709
864.127031
863.841577
863.825491
864.110518
864.365815
864.590702
864.784583
864.946942
865.077350
865.175460
865.241011
865.273830
865.273830
865.241011
865.175460
865.077350
864.946942
864.784583
864.590702
864.365815
864.110518
863.825491
863.809429
864.094031
864.348946
864.573497
864.767088
864.929205
865.059417
865.157380
865.222834
865.255604
865.255604
865.222834
865.157380
865.059417
864.929205
864.767088
864.573497
864.348946
864.094031
863.809429
863.793391
864.077568
864.332102
864.556317
864.749619
864.911493
865.041512
865.139328
865.204684
865.237405
865.237405
865.204684
865.139328
865.041512
864.911493
864.749619
864.556317
864.332102
864.077568
863.793391
863.777378
864.061129
864.315283
864.539163
864.732176
864.893809
865.023633
865.121303
865.186561
865.219233
865.219233
865.186561
865.121303
865.023633
864.893809
864.732176
864.539163
864.315283
864.061129
863.777378
863.761388
864.044715
864.298489
864.522035
864.714759
864.876151
865.005781
865.103305
865.168465
865.201089
865.201089
865.168465
865.103305
865.005781
864.876151
864.714759
864.522035
864.298489
864.044715
863.761388
863.745422
864.028326
864.281721
864.504932
864.697369
864.858519
864.987955
865.085334
865.150397
865.182972
865.182972
865.150397
865.085334
864.987955
864.858519
864.697369
864.504932
864.281721
864.028326
863.745422
863.729480
864.011961
864.264977
864.487855
864.680004
864.840914
864.970156
865.067390
865.132355
865.164881
865.164881
865.132355
865.067390
864.970156
864.840914
864.680004
864.487855
864.264977
864.011961
863.729480
863.713561
863.995621
864.248259
864.470804
864.662666
864.823335
864.952384
865.049472
865.114341
865.146818
865.146818
865.114341
865.049472
864.952384
864.823335
864.662666
864.470804
864.248259
863.995621
863.713561
863.697667
863.979305
864.231565
864.453778
864.645353
864.805782
864.934639
865.031582
865.096353
865.128782
865.128782
865.096353
865.031582
864.934639
864.805782
864.645353
864.453778
864.231565
863.979305
863.697667
863.681796
863.963013
864.214897
864.436778
864.628066
864.788255
864.916920
865.013718
865.078393
865.110773
865.110773
865.078393
865.013718
864.916920
864.788255
864.628066
864.436778
864.214897
863.963013
863.681796
863.665949
863.946746
864.198253
864.419802
864.610805
864.770755
864.899227
864.995881
865.060459
865.092791
865.092791
865.060459
864.995881
864.899227
864.770755
864.610805
864.419802
864.198253
863.946746
863.665949
863.650126
863.930503
864.181635
864.402853
864.593570
864.753281
864.881561
864.978070
865.042552
865.074836
865.074836
865.042552
864.978070
864.881561
864.753281
864.593570
864.402853
864.181635
863.930503
863.650126
863.634326
863.914285
864.165041
864.385929
864.576361
864.735833
864.863922
864.960287
865.024672
865.056908
865.056908
865.024672
864.960287
864.863922
864.735833
864.576361
864.385929
864.165041
863.914285
863.634326
863.618550
863.898091
864.148472
864.369030
864.559178
864.718412
864.846309
864.942530
865.006819
865.039006
865.039006
865.006819
864.942530
864.846309
864.718412
864.559178
864.369030
864.148472
863.898091
863.618550
863.602798
863.881921
864.131928
864.352156
864.542020
864.701016
864.828722
864.924799
864.988992
865.021132
865.021132
864.988992
864.924799
864.828722
864.701016
864.542020
864.352156
864.131928
863.881921
863.602798
863.587069
863.865775
864.115408
864.335308
864.524888
864.683646
864.811162
864.907095
864.971193
865.003284
865.003284
864.971193
864.907095
864.811162
864.683646
864.524888
864.335308
864.115408
863.865775
863.587069
863.571364
863.849653
864.098914
864.318484
864.507781
864.666303
864.793627
864.889418
864.953419
864.985463
864.985463
864.953419
864.889418
864.793627
864.666303
864.507781
864.318484
864.098914
863.849653
863.571364
863.555682
863.833555
864.082444
864.301686
864.490701
864.648985
864.776120
864.871767
864.935673
864.967668
864.967668
864.935673
864.871767
864.776120
864.648985
864.490701
864.301686
864.082444
863.833555
863.555682
863.540023
863.817482
864.065998
864.284913
864.473645
864.631693
864.758638
864.854142
864.917953
864.949900
864.949900
864.917953
864.854142
864.758638
864.631693
864.473645
864.284913
864.065998
863.817482
863.540023
863.524388
863.801432
864.049578
864.268165
864.456616
864.614427
864.741182
864.836544
864.900259
864.932159
864.932159
864.900259
864.836544
864.741182
864.614427
864.456616
864.268165
864.049578
863.801432
863.524388
863.508777
863.785407
864.033181
864.251443
864.439611
864.597187
864.723753
864.818972
864.882592
864.914445
864.914445
864.882592
864.818972
864.723753
864.597187
864.439611
864.251443
864.033181
863.785407
863.508777
863.493188
863.769405
864.016810
864.234745
864.422632
864.579973
864.706350
864.801427
864.864952
864.896756
864.896756
864.864952
864.801427
864.706350
864.579973
864.422632
864.234745
864.016810
863.769405
863.493188
863.477623
863.753427
864.000462
864.218072
864.405679
864.562785
864.688972
864.783907
864.847338
864.879095
864.879095
864.847338
864.783907
864.688972
864.562785
864.405679
864.218072
864.000462
863.753427
863.477623
863.462081
863.737473
863.984139
864.201424
864.388751
864.545622
864.671621
864.766414
864.829750
864.861460
864.861460
864.829750
864.766414
864.671621
864.545622
864.388751
864.201424
863.984139
863.737473
863.462081
863.446563
863.721543
863.967841
864.184801
864.371848
864.528485
864.654296
864.748947
864.812188
864.843851
864.843851
864.812188
864.748947
864.654296
864.528485
864.371848
864.184801
863.967841
863.721543
863.446563
863.431067
863.705637
863.951567
864.168203
864.354971
864.511373
864.636997
864.731507
864.794653
864.826268
864.826268
864.794653
864.731507
864.636997
864.511373
864.354971
864.168203
863.951567
863.705637
863.431067
863.415595
863.689755
863.935317
864.151630
864.338118
864.494288
864.619723
864.714092
864.777144
864.808712
864.808712
864.777144
864.714092
864.619723
864.494288
864.338118
864.151630
863.935317
863.689755
863.415595
863.400146
863.673896
863.919092
864.135081
864.321291
864.477227
864.602475
864.696703
864.759661
864.791182
864.791182
864.759661
864.696703
864.602475
864.477227
864.321291
864.135081
863.919092
863.673896
863.400146
863.384720
863.658061
863.902891
864.118558
864.304489
864.460193
864.585254
864.679341
864.742205
864.773678
864.773678
864.742205
864.679341
864.585254
864.460193
864.304489
864.118558
863.902891
863.658061
863.384720
863.369317
863.642250
863.886714
864.102059
864.287713
864.443183
864.568058
864.662004
864.724774
864.756201
864.756201
864.724774
864.662004
864.568058
864.443183
864.287713
864.102059
863.886714
863.642250
863.369317
863.353937
863.626463
863.870561
864.085584
864.270961
864.426199
864.550887
864.644694
864.707370
864.738750
864.738750
864.707370
864.644694
864.550887
864.426199
864.270961
864.085584
863.870561
863.626463
863.353937
863.338580
863.610699
863.854433
864.069135
864.254235
864.409241
864.533743
864.627409
864.689992
864.721325
864.721325
864.689992
864.627409
864.533743
864.409241
864.254235
864.069135
863.854433
863.610699
863.338580
863.323246
863.594958
863.838328
864.052709
864.237533
864.392308
864.516624
864.610150
864.672639
864.703925
864.703925
864.672639
864.610150
864.516624
864.392308
864.237533
864.052709
863.838328
863.594958
863.323246
863.307935
863.579241
863.822248
864.036309
864.220856
864.375400
864.499530
864.592917
864.655313
864.686552
864.686552
864.655313
864.592917
864.499530
864.375400
864.220856
864.036309
863.822248
863.579241
863.307935
863.292646
863.563548
863.806191
864.019933
864.204205
864.358518
864.482463
864.575710
864.638013
864.669205
864.669205
864.638013
864.575710
864.482463
864.358518
864.204205
864.019933
863.806191
863.563548
863.292646
863.277381
863.547878
863.790159
864.003581
864.187578
864.341661
864.465420
864.558528
864.620738
864.651884
864.651884
864.620738
864.558528
864.465420
864.341661
864.187578
864.003581
863.790159
863.547878
863.277381
863.262138
863.532231
863.774151
863.987254
864.170976
864.324829
864.448403
864.541373
864.603489
864.634589
864.634589
864.603489
864.541373
864.448403
864.324829
864.170976
863.987254
863.774151
863.532231
863.262138
863.246918
863.516608
863.758166
863.970952
864.154399
864.308022
864.431412
864.524242
864.586266
864.617320
864.617320
864.586266
864.524242
864.431412
864.308022
864.154399
863.970952
863.758166
863.516608
863.246918
863.231721
863.501008
863.742206
863.954673
864.137847
864.291240
864.414446
864.507138
864.569069
864.600076
864.600076
864.569069
864.507138
864.414446
864.291240
864.137847
863.954673
863.742206
863.501008
863.231721
863.216547
863.485431
863.726269
863.938419
864.121319
864.274484
864.397506
864.490059
864.551898
864.582858
864.582858
864.551898
864.490059
864.397506
864.274484
864.121319
863.938419
863.726269
863.485431
863.216547
863.201395
863.469878
863.710356
863.922190
864.104817
864.257752
864.380591
864.473006
864.534752
864.565666
864.565666
864.534752
864.473006
864.380591
864.257752
864.104817
863.922190
863.710356
863.469878
863.201395
863.186266
863.454348
863.694467
863.905984
864.088339
864.241046
864.363701
864.455978
864.517632
864.548500
864.548500
864.517632
864.455978
864.363701
864.241046
864.088339
863.905984
863.694467
863.454348
863.186266
863.171159
863.438841
863.678602
863.889803
864.071885
864.224364
864.346836
864.438975
864.500538
864.531360
864.531360
864.500538
864.438975
864.346836
864.224364
864.071885
863.889803
863.678602
863.438841
863.171159
863.156075
863.423358
863.662760
863.873646
864.055456
864.207708
864.329997
864.421998
864.483469
864.514245
864.514245
864.483469
864.421998
864.329997
864.207708
864.055456
863.873646
863.662760
863.423358
863.156075
863.141014
863.407897
863.646942
863.857513
864.039052
864.191076
864.313183
864.405047
864.466426
864.497156
864.497156
864.466426
864.405047
864.313183
864.191076
864.039052
863.857513
863.646942
863.407897
863.141014
863.125975
863.392460
863.631148
863.841405
864.022672
864.174470
864.296394
864.388121
864.449408
864.480092
864.480092
864.449408
864.388121
864.296394
864.174470
864.022672
863.841405
863.631148
863.392460
863.125975
863.110959
863.377045
863.615377
863.825320
864.006317
864.157888
864.279630
864.371220
864.432415
864.463054
864.463054
864.432415
864.371220
864.279630
864.157888
864.006317
863.825320
863.615377
863.377045
863.110959
863.095965
863.361654
863.599630
863.809259
863.989986
864.141331
864.262891
864.354344
864.415448
864.446041
864.446041
864.415448
864.354344
864.262891
864.141331
863.989986
863.809259
863.599630
863.361654
863.095965
863.080993
863.346286
863.583906
863.793223
863.973680
864.124798
864.246177
864.337494
864.398507
864.429054
864.429054
864.398507
864.337494
864.246177
864.124798
863.973680
863.793223
863.583906
863.346286
863.080993
863.066044
863.330940
863.568206
863.777210
863.957398
864.108291
864.229488
864.320669
864.381591
864.412092
864.412092
864.381591
864.320669
864.229488
864.108291
863.957398
863.777210
863.568206
863.330940
863.066044
863.051117
863.315618
863.552529
863.761221
863.941140
864.091808
864.212824
864.303869
864.364700
864.395156
864.395156
864.364700
864.303869
864.212824
864.091808
863.941140
863.761221
863.552529
863.315618
863.051117
863.036212
863.300318
863.536876
863.745257
863.924907
864.075349
864.196185
864.287094
864.347834
864.378244
864.378244
864.347834
864.287094
864.196185
864.075349
863.924907
863.745257
863.536876
863.300318
863.036212
863.021330
863.285042
863.521246
863.729316
863.908698
864.058916
864.179571
864.270344
864.330994
864.361359
864.361359
864.330994
864.270344
864.179571
864.058916
863.908698
863.729316
863.521246
863.285042
863.021330
863.006469
863.269788
863.505640
863.713399
863.892513
864.042507
864.162982
864.253619
864.314178
864.344498
864.344498
864.314178
864.253619
864.162982
864.042507
863.892513
863.713399
863.505640
863.269788
863.006469
862.991631
863.254557
863.490057
863.697505
863.876352
864.026122
864.146418
864.236920
864.297388
864.327663
864.327663
864.297388
864.236920
864.146418
864.026122
863.876352
863.697505
863.490057
863.254557
862.991631
862.976816
863.239349
863.474497
863.681636
863.860216
864.009762
864.129878
864.220245
864.280623
864.310852
864.310852
864.280623
864.220245
864.129878
864.009762
863.860216
863.681636
863.474497
863.239349
862.976816
862.962022
863.224163
863.458960
863.665790
863.844103
863.993426
864.113363
864.203595
864.263883
864.294067
864.294067
864.263883
864.203595
864.113363
863.993426
863.844103
863.665790
863.458960
863.224163
862.962022
862.947250
863.209000
863.443447
863.649968
863.828015
863.977115
864.096873
864.186970
864.247168
864.277307
864.277307
864.247168
864.186970
864.096873
863.977115
863.828015
863.649968
863.443447
863.209000
862.947250
862.932501
863.193860
863.427957
863.634169
863.811951
863.960828
864.080407
864.170370
864.230479
864.260573
864.260573
864.230479
864.170370
864.080407
863.960828
863.811951
863.634169
863.427957
863.193860
862.932501
862.917773
863.178742
863.412490
863.618395
863.795911
863.944566
864.063966
864.153795
864.213814
864.243863
864.243863
864.213814
864.153795
864.063966
863.944566
863.795911
863.618395
863.412490
863.178742
862.917773
862.903067
863.163647
863.397046
863.602643
863.779894
863.928328
864.047550
864.137245
864.197174
864.227178
864.227178
864.197174
864.137245
864.047550
863.928328
863.779894
863.602643
863.397046
863.163647
862.903067
862.888384
863.148574
863.381625
863.586916
863.763902
863.912114
864.031158
864.120719
864.180559
864.210518
864.210518
864.180559
864.120719
864.031158
863.912114
863.763902
863.586916
863.381625
863.148574
862.888384
862.873722
863.133524
863.366227
863.571211
863.747934
863.895924
864.014791
864.104218
864.163968
864.193883
864.193883
864.163968
864.104218
864.014791
863.895924
863.747934
863.571211
863.366227
863.133524
862.873722
862.859082
863.118497
863.350852
863.555531
863.731989
863.879759
863.998448
864.087742
864.147403
864.177273
864.177273
864.147403
864.087742
863.998448
863.879759
863.731989
863.555531
863.350852
863.118497
862.859082
862.844464
863.103492
863.335500
863.539873
863.716068
863.863618
863.982130
864.071290
864.130862
864.160688
864.160688
864.130862
864.071290
863.982130
863.863618
863.716068
863.539873
863.335500
863.103492
862.844464
862.829868
863.088509
863.320171
863.524239
863.700171
863.847501
863.965836
864.054863
864.114346
864.144127
864.144127
864.114346
864.054863
863.965836
863.847501
863.700171
863.524239
863.320171
863.088509
862.829868
862.815294
863.073549
863.304865
863.508629
863.684298
863.831408
863.949566
864.038461
864.097855
864.127591
864.127591
864.097855
864.038461
863.949566
863.831408
863.684298
863.508629
863.304865
863.073549
862.815294
862.800742
863.058611
863.289582
863.493041
863.668449
863.815339
863.933321
864.022083
864.081388
864.111081
864.111081
864.081388
864.022083
863.933321
863.815339
863.668449
863.493041
863.289582
863.058611
862.800742
862.786211
863.043695
863.274322
863.477477
863.652623
863.799294
863.917100
864.005729
864.064946
864.094594
864.094594
864.064946
864.005729
863.917100
863.799294
863.652623
863.477477
863.274322
863.043695
862.786211
862.771702
863.028802
863.259084
863.461937
863.636821
863.783273
863.900903
863.989400
864.048529
864.078133
864.078133
864.048529
863.989400
863.900903
863.783273
863.636821
863.461937
863.259084
863.028802
862.771702
862.757214
863.013931
863.243869
863.446419
863.621042
863.767276
863.884731
863.973096
864.032136
864.061696
864.061696
864.032136
863.973096
863.884731
863.767276
863.621042
863.446419
863.243869
863.013931
862.757214
862.742748
862.999082
863.228677
863.430925
863.605288
863.751303
863.868582
863.956815
864.015768
864.045283
864.045283
864.015768
863.956815
863.868582
863.751303
863.605288
863.430925
863.228677
862.999082
862.742748
862.728304
862.984255
863.213508
863.415454
863.589556
863.735353
863.852458
863.940559
863.999424
864.028895
864.028895
863.999424
863.940559
863.852458
863.735353
863.589556
863.415454
863.213508
862.984255
862.728304
862.713881
862.969450
863.198361
863.400006
863.573848
863.719428
863.836358
863.924328
863.983104
864.012532
864.012532
863.983104
863.924328
863.836358
863.719428
863.573848
863.400006
863.198361
862.969450
862.713881
862.699480
862.954668
863.183237
863.384581
863.558164
863.703526
863.820282
863.908120
863.966809
863.996193
863.996193
863.966809
863.908120
863.820282
863.703526
863.558164
863.384581
863.183237
862.954668
862.699480
862.685100
862.939907
863.168135
863.369179
863.542503
863.687648
863.804230
863.891937
863.950539
863.979878
863.979878
863.950539
863.891937
863.804230
863.687648
863.542503
863.369179
863.168135
862.939907
862.685100
862.670742
862.925169
863.153057
863.353800
863.526865
863.671794
863.788202
863.875778
863.934292
863.963588
863.963588
863.934292
863.875778
863.788202
863.671794
863.526865
863.353800
863.153057
862.925169
862.670742
862.656405
862.910453
863.138000
863.338444
863.511251
863.655964
863.772198
863.859644
863.918070
863.947322
863.947322
863.918070
863.859644
863.772198
863.655964
863.511251
863.338444
863.138000
862.910453
862.656405
862.642090
862.895758
863.122966
863.323111
863.495660
863.640157
863.756217
863.843533
863.901872
863.931081
863.931081
863.901872
863.843533
863.756217
863.640157
863.495660
863.323111
863.122966
862.895758
862.642090
862.627796
862.881086
863.107955
863.307801
863.480093
863.624374
863.740261
863.827446
863.885699
863.914864
863.914864
863.885699
863.827446
863.740261
863.624374
863.480093
863.307801
863.107955
862.881086
862.627796
862.613523
862.866435
863.092966
863.292513
863.464549
863.608614
863.724329
863.811384
863.869549
863.898671
863.898671
863.869549
863.811384
863.724329
863.608614
863.464549
863.292513
863.092966
862.866435
862.613523
862.599272
862.851806
863.077999
863.277249
863.449028
863.592878
863.708420
863.795345
863.853424
863.882502
863.882502
863.853424
863.795345
863.708420
863.592878
863.449028
863.277249
863.077999
862.851806
862.599272
862.585042
862.837199
863.063055
863.262007
863.433530
863.577166
863.692535
863.779331
863.837323
863.866357
863.866357
863.837323
863.779331
863.692535
863.577166
863.433530
863.262007
863.063055
862.837199
862.585042
862.570833
862.822614
863.048133
863.246789
863.418055
863.561477
863.676674
863.763340
863.821246
863.850237
863.850237
863.821246
863.763340
863.676674
863.561477
863.418055
863.246789
863.048133
862.822614
862.570833
862.556645
862.808051
863.033233
863.231593
863.402603
863.545811
863.660837
863.747373
863.805193
863.834141
863.834141
863.805193
863.747373
863.660837
863.545811
863.402603
863.231593
863.033233
862.808051
862.556645
862.542479
862.793510
863.018355
863.216419
863.387175
863.530169
863.645023
863.731431
863.789164
863.818068
863.818068
863.789164
863.731431
863.645023
863.530169
863.387175
863.216419
863.018355
862.793510
862.542479
862.528334
862.778990
863.003500
863.201268
863.371769
863.514550
863.629233
863.715512
863.773158
863.802020
863.802020
863.773158
863.715512
863.629233
863.514550
863.371769
863.201268
863.003500
862.778990
862.528334
862.514209
862.764492
862.988667
863.186140
863.356387
863.498955
863.613466
863.699616
863.757177
863.785996
863.785996
863.757177
863.699616
863.613466
863.498955
863.356387
863.186140
862.988667
862.764492
862.514209
862.500106
862.750015
862.973856
863.171035
863.341027
863.483383
863.597723
863.683745
863.741220
863.769995
863.769995
863.741220
863.683745
863.597723
863.483383
863.341027
863.171035
862.973856
862.750015
862.500106
862.486024
862.735560
862.959067
863.155952
863.325691
863.467834
863.582004
863.667897
863.725286
863.754019
863.754019
863.725286
863.667897
863.582004
863.467834
863.325691
863.155952
862.959067
862.735560
862.486024
862.471963
862.721127
862.944301
863.140891
863.310377
863.452308
863.566308
863.652073
863.709377
863.738066
863.738066
863.709377
863.652073
863.566308
863.452308
863.310377
863.140891
862.944301
862.721127
862.471963
862.457923
862.706715
862.929556
863.125853
863.295087
863.436806
863.550635
863.636273
863.693491
863.722138
863.722138
863.693491
863.636273
863.550635
863.436806
863.295087
863.125853
862.929556
862.706715
862.457923
862.443904
862.692325
862.914833
863.110838
863.279819
863.421327
863.534986
863.620496
863.677629
863.706233
863.706233
863.677629
863.620496
863.534986
863.421327
863.279819
863.110838
862.914833
862.692325
862.443904
862.429905
862.677956
862.900132
863.095845
863.264574
863.405870
863.519360
863.604742
863.661790
863.690352
863.690352
863.661790
863.604742
863.519360
863.405870
863.264574
863.095845
862.900132
862.677956
862.429905
862.415928
862.663609
862.885454
863.080874
863.249351
863.390437
863.503758
863.589013
863.645975
863.674494
863.674494
863.645975
863.589013
863.503758
863.390437
863.249351
863.080874
862.885454
862.663609
862.415928
862.401972
862.649283
862.870797
863.065926
863.234152
863.375027
863.488179
863.573307
863.630184
863.658661
863.658661
863.630184
863.573307
863.488179
863.375027
863.234152
863.065926
862.870797
862.649283
862.401972
862.388036
862.634978
862.856162
863.051000
863.218975
863.359640
863.472623
863.557624
863.614416
863.642851
863.642851
863.614416
863.557624
863.472623
863.359640
863.218975
863.051000
862.856162
862.634978
862.388036
862.374121
862.620695
862.841549
863.036096
863.203820
863.344276
863.457091
863.541965
863.598672
863.627064
863.627064
863.598672
863.541965
863.457091
863.344276
863.203820
863.036096
862.841549
862.620695
862.374121
862.360227
862.606433
862.826958
863.021215
863.188689
863.328935
863.441581
863.526329
863.582952
863.611301
863.611301
863.582952
863.526329
863.441581
863.328935
863.188689
863.021215
862.826958
862.606433
862.360227
862.346354
862.592192
862.812388
863.006356
863.173580
863.313617
863.426095
863.510716
863.567255
863.595562
863.595562
863.567255
863.510716
863.426095
863.313617
863.173580
863.006356
862.812388
862.592192
862.346354
862.332501
862.577973
862.797840
862.991519
863.158493
863.298322
863.410632
863.495127
863.551581
863.579846
863.579846
863.551581
863.495127
863.410632
863.298322
863.158493
862.991519
862.797840
862.577973
862.332501
862.318669
862.563775
862.783314
862.976704
863.143430
863.283049
863.395192
863.479561
863.535931
863.564154
863.564154
863.535931
863.479561
863.395192
863.283049
863.143430
862.976704
862.783314
862.563775
862.318669
862.304857
862.549598
862.768810
862.961911
863.128388
863.267800
863.379775
863.464018
863.520305
863.548485
863.548485
863.520305
863.464018
863.379775
863.267800
863.128388
862.961911
862.768810
862.549598
862.304857
862.291067
862.535442
862.754327
862.947140
863.113369
863.252573
863.364382
863.448499
863.504701
863.532840
863.532840
863.504701
863.448499
863.364382
863.252573
863.113369
862.947140
862.754327
862.535442
862.291067
862.277296
862.521308
862.739866
862.932392
863.098373
863.237369
863.349011
863.433002
863.489121
863.517218
863.517218
863.489121
863.433002
863.349011
863.237369
863.098373
862.932392
862.739866
862.521308
862.277296
862.263547
862.507194
862.725427
862.917665
863.083399
863.222187
863.333663
863.417529
863.473564
863.501619
863.501619
863.473564
863.417529
863.333663
863.222187
863.083399
862.917665
862.725427
862.507194
862.263547
862.249818
862.493102
862.711009
862.902960
863.068447
863.207029
863.318338
863.402079
863.458031
863.486043
863.486043
863.458031
863.402079
863.318338
863.207029
863.068447
862.902960
862.711009
862.493102
862.249818
862.236109
862.479030
862.696612
862.888278
863.053517
863.191892
863.303036
863.386652
863.442520
863.470491
863.470491
863.442520
863.386652
863.303036
863.191892
863.053517
862.888278
862.696612
862.479030
862.236109
862.222421
862.464980
862.682237
862.873617
863.038610
863.176779
863.287757
863.371248
863.427033
863.454962
863.454962
863.427033
863.371248
863.287757
863.176779
863.038610
862.873617
862.682237
862.464980
862.222421
862.208753
862.450950
862.667884
862.858978
863.023725
863.161688
863.272500
863.355868
863.411569
863.439457
863.439457
863.411569
863.355868
863.272500
863.161688
863.023725
862.858978
862.667884
862.450950
862.208753
862.195105
862.436942
862.653552
862.844361
863.008863
863.146620
863.257267
863.340510
863.396128
863.423974
863.423974
863.396128
863.340510
863.257267
863.146620
863.008863
862.844361
862.653552
862.436942
862.195105
862.181478
862.422954
862.639241
862.829766
862.994022
863.131574
863.242056
863.325175
863.380710
863.408515
863.408515
863.380710
863.325175
863.242056
863.131574
862.994022
862.829766
862.639241
862.422954
862.181478
862.167872
862.408987
862.624952
862.815193
862.979204
863.116550
863.226868
863.309863
863.365315
863.393078
863.393078
863.365315
863.309863
863.226868
863.116550
862.979204
862.815193
862.624952
862.408987
862.167872
862.154285
862.395041
862.610684
862.800641
862.964408
863.101550
863.211702
863.294573
863.349943
863.377665
863.377665
863.349943
863.294573
863.211702
863.101550
862.964408
862.800641
862.610684
862.395041
862.154285
862.140719
862.381116
862.596437
862.786111
862.949634
863.086571
863.196559
863.279307
863.334594
863.362275
863.362275
863.334594
863.279307
863.196559
863.086571
862.949634
862.786111
862.596437
862.381116
862.140719
862.127173
862.367212
862.582212
862.771603
862.934882
863.071615
863.181439
863.264063
863.319268
863.346908
863.346908
863.319268
863.264063
863.181439
863.071615
862.934882
862.771603
862.582212
862.367212
862.127173
862.113647
862.353328
862.568008
862.757116
862.920152
863.056681
863.166342
863.248843
863.303965
863.331563
863.331563
863.303965
863.248843
863.166342
863.056681
862.920152
862.757116
862.568008
862.353328
862.113647
862.100142
862.339465
862.553825
862.742651
862.905444
863.041769
863.151267
863.233645
863.288685
863.316242
863.316242
863.288685
863.233645
863.151267
863.041769
862.905444
862.742651
862.553825
862.339465
862.100142
862.086656
862.325623
862.539663
862.728208
862.890758
863.026880
863.136214
863.218469
863.273428
863.300943
863.300943
863.273428
863.218469
863.136214
863.026880
862.890758
862.728208
862.539663
862.325623
862.086656
862.073191
862.311801
862.525522
862.713786
862.876093
863.012013
863.121184
863.203317
863.258193
863.285668
863.285668
863.258193
863.203317
863.121184
863.012013
862.876093
862.713786
862.525522
862.311801
862.073191
862.059746
862.298000
862.511403
862.699386
862.861451
862.997168
863.106176
863.188187
863.242981
863.270415
863.270415
863.242981
863.188187
863.106176
862.997168
862.861451
862.699386
862.511403
862.298000
862.059746
862.046321
862.284220
862.497304
862.685007
862.846831
862.982345
863.091191
863.173079
863.227792
863.255185
863.255185
863.227792
863.173079
863.091191
862.982345
862.846831
862.685007
862.497304
862.284220
862.046321
862.032915
862.270460
862.483227
862.670650
862.832232
862.967545
863.076228
863.157994
863.212626
863.239978
863.239978
863.212626
863.157994
863.076228
862.967545
862.832232
862.670650
862.483227
862.270460
862.032915
862.019530
862.256721
862.469170
862.656314
862.817656
862.952766
863.061288
863.142932
863.197482
863.224793
863.224793
863.197482
863.142932
863.061288
862.952766
862.817656
862.656314
862.469170
862.256721
862.019530
862.006165
862.243002
862.455135
862.642000
862.803101
862.938010
863.046369
863.127892
863.182360
863.209631
863.209631
863.182360
863.127892
863.046369
862.938010
862.803101
862.642000
862.455135
862.243002
862.006165
861.992820
862.229304
862.441120
862.627706
862.788567
862.923275
863.031474
863.112874
863.167262
863.194492
863.194492
863.167262
863.112874
863.031474
862.923275
862.788567
862.627706
862.441120
862.229304
861.992820
861.979494
862.215626
862.427126
862.613435
862.774056
862.908563
863.016600
863.097879
863.152186
863.179375
863.179375
863.152186
863.097879
863.016600
862.908563
862.774056
862.613435
862.427126
862.215626
861.979494
861.966189
862.201968
862.413154
862.599184
862.759566
862.893873
863.001748
863.082907
863.137132
863.164281
863.164281
863.137132
863.082907
863.001748
862.893873
862.759566
862.599184
862.413154
862.201968
861.966189
861.952903
862.188331
862.399202
862.584955
862.745097
862.879204
862.986919
863.067956
863.122101
863.149209
863.149209
863.122101
863.067956
862.986919
862.879204
862.745097
862.584955
862.399202
862.188331
861.952903
861.939637
862.174714
862.385271
862.570747
862.730651
862.864558
862.972112
863.053029
863.107092
863.134160
863.134160
863.107092
863.053029
862.972112
862.864558
862.730651
862.570747
862.385271
862.174714
861.939637
861.926391
862.161118
862.371360
862.556560
862.716226
862.849933
862.957327
863.038123
863.092106
863.119134
863.119134
863.092106
863.038123
862.957327
862.849933
862.716226
862.556560
862.371360
862.161118
861.926391
861.913165
862.147542
862.357471
862.542394
862.701822
862.835330
862.942564
863.023239
863.077142
863.104130
863.104130
863.077142
863.023239
862.942564
862.835330
862.701822
862.542394
862.357471
862.147542
861.913165
861.899958
862.133986
862.343602
862.528250
862.687440
862.820749
862.927823
863.008378
863.062201
863.089148
863.089148
863.062201
863.008378
862.927823
862.820749
862.687440
862.528250
862.343602
862.133986
861.899958
861.886771
862.120450
862.329754
862.514127
862.673079
862.806189
862.913104
862.993539
863.047282
863.074188
863.074188
863.047282
862.993539
862.913104
862.806189
862.673079
862.514127
862.329754
862.120450
861.886771
861.873604
862.106934
862.315926
862.500024
862.658740
862.791652
862.898407
862.978722
863.032385
863.059251
863.059251
863.032385
862.978722
862.898407
862.791652
862.658740
862.500024
862.315926
862.106934
861.873604
861.860457
862.093439
862.302119
862.485943
862.644422
862.777136
862.883732
862.963928
863.017510
863.044337
863.044337
863.017510
862.963928
862.883732
862.777136
862.644422
862.485943
862.302119
862.093439
861.860457
861.847329
862.079964
862.288333
862.471883
862.630126
862.762642
862.869079
862.949155
863.002657
863.029444
863.029444
863.002657
862.949155
862.869079
862.762642
862.630126
862.471883
862.288333
862.079964
861.847329
861.834220
862.066509
862.274567
862.457843
862.615851
862.748169
862.854448
862.934404
862.987827
863.014574
863.014574
862.987827
862.934404
862.854448
862.748169
862.615851
862.457843
862.274567
862.066509
861.834220
861.821131
862.053073
862.260822
862.443825
862.601597
862.733718
862.839838
862.919676
862.973019
862.999726
862.999726
862.973019
862.919676
862.839838
862.733718
862.601597
862.443825
862.260822
862.053073
861.821131
861.808062
862.039658
862.247097
862.429828
862.587364
862.719289
862.825251
862.904969
862.958233
862.984900
862.984900
862.958233
862.904969
862.825251
862.719289
862.587364
862.429828
862.247097
862.039658
861.808062
861.795012
862.026263
862.233393
862.415851
862.573153
862.704881
862.810685
862.890285
862.943469
862.970096
862.970096
862.943469
862.890285
862.810685
862.704881
862.573153
862.415851
862.233393
862.026263
861.795012
861.781982
862.012888
862.219709
862.401896
862.558963
862.690494
862.796141
862.875622
862.928727
862.955315
862.955315
862.928727
862.875622
862.796141
862.690494
862.558963
862.401896
862.219709
862.012888
861.781982
861.768970
861.999533
862.206046
862.387961
862.544794
862.676129
862.781618
862.860981
862.914007
862.940555
862.940555
862.914007
862.860981
862.781618
862.676129
862.544794
862.387961
862.206046
861.999533
861.768970
861.755979
861.986198
862.192403
862.374047
862.530646
862.661786
862.767118
862.846362
862.899309
862.925817
862.925817
862.899309
862.846362
862.767118
862.661786
862.530646
862.374047
862.192403
861.986198
861.755979
861.743007
861.972883
862.178780
862.360153
862.516519
862.647464
862.752639
862.831765
862.884633
862.911102
862.911102
862.884633
862.831765
862.752639
862.647464
862.516519
862.360153
862.178780
861.972883
861.743007
861.730054
861.959587
862.165178
862.346281
862.502414
862.633163
862.738181
862.817190
862.869979
862.896408
862.896408
862.869979
862.817190
862.738181
862.633163
862.502414
862.346281
862.165178
861.959587
861.730054
861.717120
861.946311
862.151596
862.332429
862.488329
862.618884
862.723745
862.802636
862.855347
862.881737
862.881737
862.855347
862.802636
862.723745
862.618884
862.488329
862.332429
862.151596
861.946311
861.717120
861.704206
861.933056
862.138034
862.318598
862.474266
862.604626
862.709331
862.788104
862.840736
862.867087
862.867087
862.840736
862.788104
862.709331
862.604626
862.474266
862.318598
862.138034
861.933056
861.704206
861.691311
861.919819
862.124493
862.304787
862.460223
862.590389
862.694938
862.773594
862.826147
862.852459
862.852459
862.826147
862.773594
862.694938
862.590389
862.460223
862.304787
862.124493
861.919819
861.691311
861.678435
861.906603
862.110972
862.290997
862.446202
862.576173
862.680567
862.759106
862.811581
862.837853
862.837853
862.811581
862.759106
862.680567
862.576173
862.446202
862.290997
862.110972
861.906603
861.678435
861.665578
861.893406
862.097470
862.277228
862.432201
862.561979
862.666217
862.744639
862.797036
862.823269
862.823269
862.797036
862.744639
862.666217
862.561979
862.432201
862.277228
862.097470
861.893406
861.665578
861.652741
861.880229
862.083989
862.263479
862.418221
862.547806
862.651889
862.730193
862.782512
862.808706
862.808706
862.782512
862.730193
862.651889
862.547806
862.418221
862.263479
862.083989
861.880229
861.652741
861.639922
861.867072
862.070528
862.249750
862.404262
862.533654
862.637581
862.715770
862.768010
862.794166
862.794166
862.768010
862.715770
862.637581
862.533654
862.404262
862.249750
862.070528
861.867072
861.639922
861.627123
861.853934
862.057087
862.236042
862.390324
862.519523
862.623296
862.701367
862.753530
862.779647
862.779647
862.753530
862.701367
862.623296
862.519523
862.390324
862.236042
862.057087
861.853934
861.627123
861.614343
861.840816
862.043667
862.222355
862.376407
862.505413
862.609031
862.686987
862.739072
862.765149
862.765149
862.739072
862.686987
862.609031
862.505413
862.376407
862.222355
862.043667
861.840816
861.614343
861.601582
861.827718
862.030266
862.208688
862.362510
862.491324
862.594788
862.672627
862.724635
862.750673
862.750673
862.724635
862.672627
862.594788
862.491324
862.362510
862.208688
862.030266
861.827718
861.601582
861.588839
861.814639
862.016885
862.195041
862.348634
862.477257
862.580566
862.658289
862.710220
862.736219
862.736219
862.710220
862.658289
862.580566
862.477257
862.348634
862.195041
862.016885
861.814639
861.588839
861.576116
861.801579
862.003524
862.181415
862.334779
862.463210
862.566366
862.643973
862.695826
862.721787
862.721787
862.695826
862.643973
862.566366
862.463210
862.334779
862.181415
862.003524
861.801579
861.576116
861.563412
861.788539
861.990183
862.167809
862.320945
862.449184
862.552186
862.629678
862.681454
862.707376
862.707376
862.681454
862.629678
862.552186
862.449184
862.320945
862.167809
861.990183
861.788539
861.563412
861.550727
861.775518
861.976862
862.154223
862.307131
862.435179
862.538028
862.615404
862.667103
862.692986
862.692986
862.667103
862.615404
862.538028
862.435179
862.307131
862.154223
861.976862
861.775518
861.550727
861.538061
861.762517
861.963561
862.140658
862.293338
862.421195
862.523891
862.601152
862.652773
862.678618
862.678618
862.652773
862.601152
862.523891
862.421195
862.293338
862.140658
861.963561
861.762517
861.538061
861.525413
861.749535
861.950280
862.127113
862.279565
862.407232
862.509775
862.586920
862.638465
862.664272
862.664272
862.638465
862.586920
862.509775
862.407232
862.279565
862.127113
861.950280
861.749535
861.525413
861.512784
861.736573
861.937018
862.113588
862.265813
862.393290
862.495680
862.572710
862.624178
862.649946
862.649946
862.624178
862.572710
862.495680
862.393290
862.265813
862.113588
861.937018
861.736573
861.512784
861.500175
861.723630
861.923776
862.100083
862.252082
862.379368
862.481605
862.558522
862.609913
862.635643
862.635643
862.609913
862.558522
862.481605
862.379368
862.252082
862.100083
861.923776
861.723630
861.500175
861.487584
861.710706
861.910554
862.086598
862.238370
862.365468
862.467552
862.544354
862.595669
862.621360
862.621360
862.595669
862.544354
862.467552
862.365468
862.238370
862.086598
861.910554
861.710706
861.487584
861.475011
861.697801
861.897352
862.073134
862.224680
862.351588
862.453520
862.530208
862.581446
862.607099
862.607099
862.581446
862.530208
862.453520
862.351588
862.224680
862.073134
861.897352
861.697801
861.475011
861.462458
861.684916
861.884169
862.059689
862.211010
862.337728
862.439509
862.516082
862.567244
862.592859
862.592859
862.567244
862.516082
862.439509
862.337728
862.211010
862.059689
861.884169
861.684916
861.462458
861.449923
861.672050
861.871006
862.046265
862.197360
862.323890
862.425519
862.501978
862.553064
862.578640
862.578640
862.553064
862.501978
862.425519
862.323890
862.197360
862.046265
861.871006
861.672050
861.449923
861.437407
861.659203
861.857863
862.032860
862.183730
862.310072
862.411550
862.487895
862.538904
862.564443
862.564443
862.538904
862.487895
862.411550
862.310072
862.183730
862.032860
861.857863
861.659203
861.437407
861.424910
861.646375
861.844739
862.019476
862.170121
862.296274
862.397601
862.473833
862.524766
862.550267
862.550267
862.524766
862.473833
862.397601
862.296274
862.170121
862.019476
861.844739
861.646375
861.424910
861.412431
861.633566
861.831635
862.006112
862.156532
862.282498
862.383674
862.459791
862.510649
862.536112
862.536112
862.510649
862.459791
862.383674
862.282498
862.156532
862.006112
861.831635
861.633566
861.412431
861.399970
861.620776
861.818550
861.992767
862.142964
862.268741
862.369767
862.445771
862.496553
862.521978
862.521978
862.496553
862.445771
862.369767
862.268741
862.142964
861.992767
861.818550
861.620776
861.399970
861.387529
861.608006
861.805485
861.979442
862.129415
862.255006
862.355880
862.431772
862.482478
862.507865
862.507865
862.482478
862.431772
862.355880
862.255006
862.129415
861.979442
861.805485
861.608006
861.387529
861.375106
861.595254
861.792439
861.966138
862.115887
862.241291
862.342015
862.417793
862.468424
862.493773
862.493773
862.468424
862.417793
862.342015
862.241291
862.115887
861.966138
861.792439
861.595254
861.375106
861.362701
861.582522
861.779413
861.952853
862.102379
862.227596
862.328170
862.403836
862.454391
862.479702
862.479702
862.454391
862.403836
862.328170
862.227596
862.102379
861.952853
861.779413
861.582522
861.362701
861.350315
861.569808
861.766406
861.939587
862.088891
862.213921
862.314346
862.389899
862.440379
862.465652
862.465652
862.440379
862.389899
862.314346
862.213921
862.088891
861.939587
861.766406
861.569808
861.350315
861.337947
861.557114
861.753419
861.926342
862.075424
862.200268
862.300543
862.375983
862.426388
862.451624
862.451624
862.426388
862.375983
862.300543
862.200268
862.075424
861.926342
861.753419
861.557114
861.337947
861.325598
861.544438
861.740451
861.913116
862.061976
862.186634
862.286760
862.362087
862.412417
862.437616
862.437616
862.412417
862.362087
862.286760
862.186634
862.061976
861.913116
861.740451
861.544438
861.325598
861.313267
861.531781
861.727502
861.899911
862.048548
862.173021
862.272997
862.348213
862.398468
862.423629
862.423629
862.398468
862.348213
862.272997
862.173021
862.048548
861.899911
861.727502
861.531781
861.313267
861.300954
861.519143
861.714573
861.886724
862.035141
862.159428
862.259256
862.334359
862.384539
862.409662
862.409662
862.384539
862.334359
862.259256
862.159428
862.035141
861.886724
861.714573
861.519143
861.300954
861.288660
861.506524
861.701663
861.873558
862.021753
862.145855
862.245534
862.320526
862.370631
862.395717
862.395717
862.370631
862.320526
862.245534
862.145855
862.021753
861.873558
861.701663
861.506524
861.288660
861.276384
861.493924
861.688772
861.860411
862.008386
862.132303
862.231833
862.306713
862.356744
862.381793
862.381793
862.356744
862.306713
862.231833
862.132303
862.008386
861.860411
861.688772
861.493924
861.276384
861.264127
861.481342
861.675900
861.847284
861.995038
862.118770
862.218153
862.292921
862.342878
862.367889
862.367889
862.342878
862.292921
862.218153
862.118770
861.995038
861.847284
861.675900
861.481342
861.264127
861.251887
861.468779
861.663047
861.834176
861.981710
862.105258
862.204493
862.279150
862.329032
862.354006
862.354006
862.329032
862.279150
862.204493
862.105258
861.981710
861.834176
861.663047
861.468779
861.251887
861.239666
861.456235
861.650214
861.821088
861.968402
862.091766
862.190853
862.265399
862.315207
862.340143
862.340143
862.315207
862.265399
862.190853
862.091766
861.968402
861.821088
861.650214
861.456235
861.239666
861.227463
861.443710
861.637400
861.808019
861.955114
862.078295
862.177234
862.251669
862.301402
862.326302
862.326302
862.301402
862.251669
862.177234
862.078295
861.955114
861.808019
861.637400
861.443710
861.227463
861.215279
861.431203
861.624605
861.794970
861.941846
862.064843
862.163635
862.237959
862.287618
862.312481
862.312481
862.287618
862.237959
862.163635
862.064843
861.941846
861.794970
861.624605
861.431203
861.215279
861.203112
861.418715
861.611829
861.781940
861.928597
862.051411
862.150056
862.224270
862.273855
862.298680
862.298680
862.273855
862.224270
862.150056
862.051411
861.928597
861.781940
861.611829
861.418715
861.203112
861.190964
861.406246
861.599072
861.768930
861.915369
862.038000
862.136498
862.210601
862.260112
862.284901
862.284901
862.260112
862.210601
862.136498
862.038000
861.915369
861.768930
861.599072
861.406246
861.190964
861.178833
861.393795
861.586334
861.755939
861.902160
862.024608
862.122959
862.196952
862.246390
862.271141
862.271141
862.246390
862.196952
862.122959
862.024608
861.902160
861.755939
861.586334
861.393795
861.178833
861.166721
861.381362
861.573614
861.742967
861.888970
862.011237
862.109441
862.183324
862.232688
862.257403
862.257403
862.232688
862.183324
862.109441
862.011237
861.888970
861.742967
861.573614
861.381362
861.166721
861.154627
861.368948
861.560914
861.730015
861.875801
861.997885
862.095943
862.169716
862.219006
862.243684
862.243684
862.219006
862.169716
862.095943
861.997885
861.875801
861.730015
861.560914
861.368948
861.154627
861.142551
861.356553
861.548233
861.717082
861.862651
861.984553
862.082466
862.156128
862.205345
862.229987
862.229987
862.205345
862.156128
862.082466
861.984553
861.862651
861.717082
861.548233
861.356553
861.142551
860.659683
861.235746
861.510596
861.698415
861.848195
861.970936
862.068937
862.142545
862.191701
862.216308
862.216308
862.191701
862.142545
862.068937
861.970936
861.848195
861.698415
861.510596
861.235746
860.659683
860.386545
861.066358
861.439466
861.666908
861.829613
861.956111
862.055084
862.128887
862.178051
862.202642
862.202642
862.178051
862.128887
862.055084
861.956111
861.829613
861.666908
861.439466
861.066358
860.386545
860.186062
860.906962
861.349154
861.621452
861.804575
861.938819
862.040392
862.114973
862.164335
862.188964
862.188964
862.164335
862.114973
862.040392
861.938819
861.804575
861.621452
861.349154
860.906962
860.186062
860.020649
860.762549
861.252232
861.565375
861.772497
861.918064
862.024256
862.100522
862.150437
862.175220
862.175220
862.150437
862.100522
862.024256
861.918064
861.772497
861.565375
861.252232
860.762549
860.020649
859.876409
860.630882
861.154537
861.502489
861.734115
861.893407
862.006162
862.085213
862.136192
862.161317
862.161317
862.136192
862.085213
862.006162
861.893407
861.734115
861.502489
861.154537
860.630882
859.876409
859.746724
860.509448
861.058478
861.435633
861.690657
861.864904
861.985793
862.068750
862.121406
862.147126
862.147126
862.121406
862.068750
861.985793
861.864904
861.690657
861.435633
861.058478
860.509448
859.746724
859.627853
860.396292
860.964972
861.366679
861.643337
861.832903
861.963036
862.050907
862.105883
862.132490
862.132490
862.105883
862.050907
861.963036
861.832903
861.643337
861.366679
860.964972
860.396292
859.627853
859.517430
860.289961
860.874295
861.296815
861.593184
861.797870
861.937930
862.031539
862.089445
862.117243
862.117243
862.089445
862.031539
861.937930
861.797870
861.593184
861.296815
860.874295
860.289961
859.517430
859.413843
860.189359
860.786450
861.226786
861.541003
861.760287
861.910608
862.010577
862.071945
862.101222
862.101222
862.071945
862.010577
861.910608
861.760287
861.541003
861.226786
860.786450
860.189359
859.413843
859.315938
860.093651
860.701324
861.157055
861.487413
861.720597
861.881255
861.988008
862.053273
862.084282
862.084282
862.053273
861.988008
861.881255
861.720597
861.487413
861.157055
860.701324
860.093651
859.315938
859.222851
860.002179
860.618761
861.087913
861.432876
861.679187
861.850072
861.963864
862.033352
862.066299
862.066299
862.033352
861.963864
861.850072
861.679187
861.432876
861.087913
860.618761
860.002179
859.222851
859.133919
859.914420
860.538589
861.019536
861.377742
861.636383
861.817255
861.938199
862.012135
862.047178
862.047178
862.012135
861.938199
861.817255
861.636383
861.377742
861.019536
860.538589
859.914420
859.133919
859.048616
859.829946
860.460642
860.952025
861.322267
861.592457
861.782990
861.911085
861.989602
862.026850
862.026850
861.989602
861.911085
861.782990
861.592457
861.322267
860.952025
860.460642
859.829946
859.048616
858.966519
859.748408
860.384762
860.885437
861.266647
861.547630
861.747444
861.882600
861.965753
862.005271
862.005271
861.965753
861.882600
861.747444
861.547630
861.266647
860.885437
860.384762
859.748408
858.966519
858.887280
859.669509
860.310804
860.819793
861.211022
861.502082
861.710765
861.852825
861.940604
861.982421
861.982421
861.940604
861.852825
861.710765
861.502082
861.211022
860.819793
860.310804
859.669509
858.887280
858.810611
859.593002
860.238631
860.755096
861.155498
861.455961
861.673083
861.821841
861.914185
861.958295
861.958295
861.914185
861.821841
861.673083
861.455961
861.155498
860.755096
860.238631
859.593002
858.810611
858.736265
859.518671
860.168122
860.691334
861.100152
861.409383
861.634510
861.789726
861.886532
861.932907
861.932907
861.886532
861.789726
861.634510
861.409383
861.100152
860.691334
860.168122
859.518671
858.736265
858.664035
859.446332
860.099164
860.628485
861.045038
861.362445
861.595144
861.756554
861.857691
861.906280
861.906280
861.857691
861.756554
861.595144
861.362445
861.045038
860.628485
860.099164
859.446332
858.664035
858.593739
859.375824
860.031653
860.566521
860.990195
861.315224
861.555070
861.722396
861.827709
861.878447
861.878447
861.827709
861.722396
861.555070
861.315224
860.990195
860.566521
860.031653
859.375824
858.593739
858.525219
859.307004
859.965496
860.505411
860.935648
861.267781
861.514362
861.687317
861.796637
861.849450
861.849450
861.796637
861.687317
861.514362
861.267781
860.935648
860.505411
859.965496
859.307004
858.525219
858.458338
859.239746
859.900607
860.445122
860.881413
861.220167
861.473084
861.651380
861.764530
861.819334
861.819334
861.764530
861.651380
861.473084
861.220167
860.881413
860.445122
859.900607
859.239746
858.458338
858.392972
859.173937
859.836904
860.385617
860.827499
861.172423
861.431292
861.614644
861.731438
861.788145
861.788145
861.731438
861.614644
861.431292
861.172423
860.827499
860.385617
859.836904
859.173937
858.392972
858.329011
859.109476
859.774315
860.326864
860.773910
861.124581
861.389036
861.577162
861.697416
861.755935
861.755935
861.697416
861.577162
861.389036
861.124581
860.773910
860.326864
859.774315
859.109476
858.329011
858.266357
859.046271
859.712771
860.268826
860.720645
861.076668
861.346360
861.538985
861.662514
861.722754
861.722754
861.662514
861.538985
861.346360
861.076668
860.720645
860.268826
859.712771
859.046271
858.266357
858.204921
858.984240
859.652211
860.211470
860.667701
861.028707
861.303301
861.500161
861.626784
861.688652
861.688652
861.626784
861.500161
861.303301
861.028707
860.667701
860.211470
859.652211
858.984240
858.204921
858.144622
858.923305
859.592574
860.154763
860.615071
860.980714
861.259896
861.460735
861.590275
861.653682
861.653682
861.590275
861.460735
861.259896
860.980714
860.615071
860.154763
859.592574
858.923305
858.144622
858.085386
858.863397
859.533808
860.098673
860.562748
860.932704
861.216174
861.420747
861.553033
861.617890
861.617890
861.553033
861.420747
861.216174
860.932704
860.562748
860.098673
859.533808
858.863397
858.085386
858.027147
858.804454
859.475861
860.043169
860.510723
860.884689
861.172165
861.380238
861.515103
861.581326
861.581326
861.515103
861.380238
861.172165
860.884689
860.510723
860.043169
859.475861
858.804454
858.027147
857.969841
858.746415
859.418686
859.988222
860.458988
860.836680
861.127893
861.339243
861.476529
861.544036
861.544036
861.476529
861.339243
861.127893
860.836680
860.458988
859.988222
859.418686
858.746415
857.969841
857.913413
858.689227
859.362239
859.933804
860.407533
860.788683
861.083381
861.297796
861.437351
861.506063
861.506063
861.437351
861.297796
861.083381
860.788683
860.407533
859.933804
859.362239
858.689227
857.913413
857.857808
858.632838
859.306480
859.879887
860.356347
860.740707
861.038652
861.255930
861.397610
861.467450
861.467450
861.397610
861.255930
861.038652
860.740707
860.356347
859.879887
859.306480
858.632838
857.857808
857.802979
858.577203
859.251370
859.826448
860.305422
860.692756
860.993723
861.213675
861.357341
861.428239
861.428239
861.357341
861.213675
860.993723
860.692756
860.305422
859.826448
859.251370
858.577203
857.802979
857.748879
858.522277
859.196872
859.773461
860.254746
860.644836
860.948614
861.171058
861.316581
861.388467
861.388467
861.316581
861.171058
860.948614
860.644836
860.254746
859.773461
859.196872
858.522277
857.748879
857.695468
858.468021
859.142953
859.720904
860.204312
860.596950
860.903339
861.128106
861.275361
861.348172
861.348172
861.275361
861.128106
860.903339
860.596950
860.204312
859.720904
859.142953
858.468021
857.695468
857.642704
858.414395
859.089583
859.668756
860.154109
860.549102
860.857916
861.084844
861.233715
861.307387
861.307387
861.233715
861.084844
860.857916
860.549102
860.154109
859.668756
859.089583
858.414395
857.642704
857.590553
858.361366
859.036730
859.616996
860.104129
860.501296
860.812357
861.041295
861.191670
861.266147
861.266147
861.191670
861.041295
860.812357
860.501296
860.104129
859.616996
859.036730
858.361366
857.590553
857.538979
858.308900
858.984368
859.565605
860.054362
860.453533
860.766675
860.997481
861.149256
861.224482
861.224482
861.149256
860.997481
860.766675
860.453533
860.054362
859.565605
858.984368
858.308900
857.538979
857.487951
858.256967
858.932470
859.514566
860.004801
860.405815
860.720884
860.953422
861.106499
861.182421
861.182421
861.106499
860.953422
860.720884
860.405815
860.004801
859.514566
858.932470
858.256967
857.487951
857.437439
858.205536
858.881013
859.463860
859.955438
860.358146
860.674993
860.909137
861.063423
861.139993
861.139993
861.063423
860.909137
860.674993
860.358146
859.955438
859.463860
858.881013
858.205536
857.437439
857.387414
858.154582
858.829973
859.413472
859.906266
860.310526
860.629014
860.864644
861.020052
861.097223
861.097223
861.020052
860.864644
860.629014
860.310526
859.906266
859.413472
858.829973
858.154582
857.387414
857.337852
858.104080
858.779329
859.363388
859.857277
860.262957
860.582957
860.819961
860.976407
861.054136
861.054136
860.976407
860.819961
860.582957
860.262957
859.857277
859.363388
858.779329
858.104080
857.337852
857.288726
858.054004
858.729061
859.313592
859.808464
860.215440
860.536830
860.775103
860.932510
861.010756
861.010756
860.932510
860.775103
860.536830
860.215440
859.808464
859.313592
858.729061
858.054004
857.288726
857.240015
858.004334
858.679149
859.264071
859.759821
860.167977
860.490642
860.730084
860.888380
860.967104
860.967104
860.888380
860.730084
860.490642
860.167977
859.759821
859.264071
858.679149
858.004334
857.240015
857.191697
857.955049
858.629577
859.214813
859.711342
860.120568
860.444401
860.684920
860.844035
860.923201
860.923201
860.844035
860.684920
860.444401
860.120568
859.711342
859.214813
858.629577
857.955049
857.191697
857.143751
857.906128
858.580327
859.165805
859.663022
860.073215
860.398115
860.639622
860.799492
860.879066
860.879066
860.799492
860.639622
860.398115
860.073215
859.663022
859.165805
858.580327
857.906128
857.143751
857.096158
857.857553
858.531384
859.117038
859.614854
860.025919
860.351791
860.594204
860.754768
860.834717
860.834717
860.754768
860.594204
860.351791
860.025919
859.614854
859.117038
858.531384
857.857553
857.096158
857.048902
857.809308
858.482733
859.068499
859.566834
859.978679
860.305435
860.548676
860.709878
860.790172
860.790172
860.709878
860.548676
860.305435
859.978679
859.566834
859.068499
858.482733
857.809308
857.048902
857.001964
857.761375
858.434361
859.020180
859.518957
859.931498
860.259053
860.503050
860.664836
860.745447
860.745447
860.664836
860.503050
860.259053
859.931498
859.518957
859.020180
858.434361
857.761375
857.001964
856.955330
857.713740
858.386254
858.972071
859.471218
859.884375
860.212652
860.457336
860.619655
860.700556
860.700556
860.619655
860.457336
860.212652
859.884375
859.471218
858.972071
858.386254
857.713740
856.955330
856.908984
857.666389
858.338400
858.924163
859.423613
859.837312
860.166236
860.411544
860.574348
860.655514
860.655514
860.574348
860.411544
860.166236
859.837312
859.423613
858.924163
858.338400
857.666389
856.908984
856.862914
857.619308
858.290787
858.876448
859.376138
859.790308
860.119810
860.365681
860.528927
860.610335
860.610335
860.528927
860.365681
860.119810
859.790308
859.376138
858.876448
858.290787
857.619308
856.862914
856.817105
857.572484
858.243406
858.828918
859.328790
859.743365
860.073380
860.319757
860.483403
860.565030
860.565030
860.483403
860.319757
860.073380
859.743365
859.328790
858.828918
858.243406
857.572484
856.817105
856.771546
857.525906
858.196245
858.781567
859.281564
859.696482
860.026949
860.273780
860.437786
860.519612
860.519612
860.437786
860.273780
860.026949
859.696482
859.281564
858.781567
858.196245
857.525906
856.771546
856.726225
857.479563
858.149296
858.734387
859.234457
859.649661
859.980523
860.227757
860.392087
860.474091
860.474091
860.392087
860.227757
859.980523
859.649661
859.234457
858.734387
858.149296
857.479563
856.726225
856.681131
857.433444
858.102549
858.687372
859.187466
859.602901
859.934104
860.181695
860.346313
860.428479
860.428479
860.346313
860.181695
859.934104
859.602901
859.187466
858.687372
858.102549
857.433444
856.681131
856.636255
857.387539
858.055996
858.640515
859.140588
859.556203
859.887697
860.135600
860.300475
860.382784
860.382784
860.300475
860.135600
859.887697
859.556203
859.140588
858.640515
858.055996
857.387539
856.636255
856.591586
857.341839
858.009629
858.593812
859.093821
859.509567
859.841304
860.089479
860.254580
860.337017
860.337017
860.254580
860.089479
859.841304
859.509567
859.093821
858.593812
858.009629
857.341839
856.591586
856.547117
857.296335
857.963441
858.547256
859.047161
859.462994
859.794930
860.043337
860.208636
860.291185
860.291185
860.208636
860.043337
859.794930
859.462994
859.047161
858.547256
857.963441
857.296335
856.547117
856.502838
857.251020
857.917425
858.500843
859.000605
859.416483
859.748577
859.997180
860.162649
860.245296
860.245296
860.162649
859.997180
859.748577
859.416483
859.000605
858.500843
857.917425
857.251020
856.502838
856.458741
857.205886
857.871573
858.454569
858.954153
859.370036
859.702248
859.951012
860.116628
860.199359
860.199359
860.116628
859.951012
859.702248
859.370036
858.954153
858.454569
857.871573
857.205886
856.458741
856.414820
857.160924
857.825881
858.408428
858.907801
859.323652
859.655945
859.904839
860.070577
860.153380
860.153380
860.070577
859.904839
859.655945
859.323652
858.907801
858.408428
857.825881
857.160924
856.414820
856.371067
857.116130
857.780341
858.362416
858.861547
859.277331
859.609671
859.858665
860.024502
860.107366
860.107366
860.024502
859.858665
859.609671
859.277331
858.861547
858.362416
857.780341
857.116130
856.371067
856.327476
857.071496
857.734949
858.316529
858.815389
859.231074
859.563429
859.812495
859.978410
860.061323
860.061323
859.978410
859.812495
859.563429
859.231074
858.815389
858.316529
857.734949
857.071496
856.327476
856.284040
857.027016
857.689700
858.270765
858.769326
859.184881
859.517220
859.766331
859.932306
860.015257
860.015257
859.932306
859.766331
859.517220
859.184881
858.769326
858.270765
857.689700
857.027016
856.284040
856.240753
856.982685
857.644589
858.225119
858.723356
859.138752
859.471047
859.720178
859.886194
859.969174
859.969174
859.886194
859.720178
859.471047
859.138752
858.723356
858.225119
857.644589
856.982685
856.240753
856.197612
856.938497
857.599611
858.179587
858.677476
859.092687
859.424911
859.674039
859.840079
859.923079
859.923079
859.840079
859.674039
859.424911
859.092687
858.677476
858.179587
857.599611
856.938497
856.197612
856.154609
856.894447
857.554761
858.134168
858.631686
859.046686
859.378814
859.627918
859.793965
859.876976
859.876976
859.793965
859.627918
859.378814
859.046686
858.631686
858.134168
857.554761
856.894447
856.154609
856.111740
856.850532
857.510037
858.088857
858.585984
859.000750
859.332759
859.581817
859.747856
859.830871
859.830871
859.747856
859.581817
859.332759
859.000750
858.585984
858.088857
857.510037
856.850532
856.111740
856.069001
856.806745
857.465434
858.043653
858.540369
858.954878
859.286745
859.535739
859.701756
859.784767
859.784767
859.701756
859.535739
859.286745
858.954878
858.540369
858.043653
857.465434
856.806745
856.069001
856.026388
856.763084
857.420948
857.998553
858.494839
858.909070
859.240776
859.489687
859.655669
859.738668
859.738668
859.655669
859.489687
859.240776
858.909070
858.494839
857.998553
857.420948
856.763084
856.026388
855.983896
856.719544
857.376577
857.953554
858.449393
858.863327
859.194852
859.443664
859.609598
859.692579
859.692579
859.609598
859.443664
859.194852
858.863327
858.449393
857.953554
857.376577
856.719544
855.983896
855.941522
856.676122
857.332316
857.908654
858.404029
858.817649
859.148975
859.397671
859.563546
859.646503
859.646503
859.563546
859.397671
859.148975
858.817649
858.404029
857.908654
857.332316
856.676122
855.941522
855.899263
856.632814
857.288164
857.863850
858.358748
858.772035
859.103145
859.351711
859.517516
859.600443
859.600443
859.517516
859.351711
859.103145
858.772035
858.358748
857.863850
857.288164
856.632814
855.899263
855.857114
856.589617
857.244117
857.819142
858.313547
858.726486
859.057364
859.305786
859.471510
859.554401
859.554401
859.471510
859.305786
859.057364
858.726486
858.313547
857.819142
857.244117
856.589617
855.857114
855.815072
856.546528
857.200173
857.774526
858.268426
858.681002
859.011633
859.259898
859.425532
859.508382
859.508382
859.425532
859.259898
859.011633
858.681002
858.268426
857.774526
857.200173
856.546528
855.815072
855.773136
856.503544
857.156329
857.730002
858.223384
858.635583
858.965953
859.214049
859.379583
859.462388
859.462388
859.379583
859.214049
858.965953
858.635583
858.223384
857.730002
857.156329
856.503544
855.773136
855.731301
856.460662
857.112584
857.685567
858.178419
858.590228
858.920324
859.168240
859.333666
859.416421
859.416421
859.333666
859.168240
858.920324
858.590228
858.178419
857.685567
857.112584
856.460662
855.731301
855.689566
856.417880
857.068933
857.641219
858.133532
858.544939
858.874749
859.122472
859.287783
859.370484
859.370484
859.287783
859.122472
858.874749
858.544939
858.133532
857.641219
857.068933
856.417880
855.689566
855.647928
856.375196
857.025377
857.596958
858.088720
858.499714
858.829226
859.076749
859.241936
859.324579
859.324579
859.241936
859.076749
858.829226
858.499714
858.088720
857.596958
857.025377
856.375196
855.647928
855.606384
856.332606
856.981912
857.552782
858.043985
858.454554
858.783758
859.031070
859.196127
859.278708
859.278708
859.196127
859.031070
858.783758
858.454554
858.043985
857.552782
856.981912
856.332606
855.606384
855.564933
856.290110
856.938537
857.508689
857.999324
858.409458
858.738345
858.985437
859.150357
859.232873
859.232873
859.150357
858.985437
858.738345
858.409458
857.999324
857.508689
856.938537
856.290110
855.564933
855.523572
856.247705
856.895250
857.464679
857.954737
858.364428
858.692987
858.939851
859.104629
859.187076
859.187076
859.104629
858.939851
858.692987
858.364428
857.954737
857.464679
856.895250
856.247705
855.523572
855.482299
856.205388
856.852050
857.420750
857.910224
858.319462
858.647685
858.894313
859.058943
859.141319
859.141319
859.058943
858.894313
858.647685
858.319462
857.910224
857.420750
856.852050
856.205388
855.482299
855.441113
856.163159
856.808935
857.376900
857.865783
858.274561
858.602440
858.848825
859.013301
859.095602
859.095602
859.013301
858.848825
858.602440
858.274561
857.865783
857.376900
856.808935
856.163159
855.441113
855.400012
856.121016
856.765903
857.333130
857.821415
858.229725
858.557252
858.803388
858.967704
859.049929
859.049929
858.967704
858.803388
858.557252
858.229725
857.821415
857.333130
856.765903
856.121016
855.400012
855.358994
856.078957
856.722954
857.289437
857.777119
858.184954
858.512121
858.758001
858.922155
859.004299
859.004299
858.922155
858.758001
858.512121
858.184954
857.777119
857.289437
856.722954
856.078957
855.358994
855.318058
856.036981
856.680085
857.245821
857.732894
858.140247
858.467048
858.712667
858.876652
858.958715
858.958715
858.876652
858.712667
858.467048
858.140247
857.732894
857.245821
856.680085
856.036981
855.318058
855.277202
855.995085
856.637296
857.202282
857.688739
858.095605
858.422034
858.667386
858.831199
858.913178
858.913178
858.831199
858.667386
858.422034
858.095605
857.688739
857.202282
856.637296
855.995085
855.277202
855.236425
855.953270
856.594586
857.158817
857.644655
858.051027
858.377079
858.622158
858.785796
858.867689
858.867689
858.785796
858.622158
858.377079
858.051027
857.644655
857.158817
856.594586
855.953270
855.236425
855.195725
855.911533
856.551953
857.115427
857.600641
858.006514
858.332183
858.576985
858.740443
858.822248
858.822248
858.740443
858.576985
858.332183
858.006514
857.600641
857.115427
856.551953
855.911533
855.195725
855.155102
855.869874
856.509396
857.072110
857.556696
857.962065
858.287346
858.531867
858.695142
858.776858
858.776858
858.695142
858.531867
858.287346
857.962065
857.556696
857.072110
856.509396
855.869874
855.155102
855.114554
855.828291
856.466915
857.028866
857.512820
857.917681
858.242569
858.486804
858.649894
858.731518
858.731518
858.649894
858.486804
858.242569
857.917681
857.512820
857.028866
856.466915
855.828291
855.114554
855.074081
855.786783
856.424509
856.985695
857.469013
857.873361
858.197852
858.441798
858.604699
858.686230
858.686230
858.604699
858.441798
858.197852
857.873361
857.469013
856.985695
856.424509
855.786783
855.074081
855.033680
855.745350
856.382176
856.942595
857.425274
857.829106
858.153195
858.396848
858.559558
858.640994
858.640994
858.559558
858.396848
858.153195
857.829106
857.425274
856.942595
856.382176
855.745350
855.033680
854.993352
855.703989
856.339916
856.899566
857.381603
857.784914
858.108599
858.351955
858.514471
858.595812
858.595812
858.514471
858.351955
858.108599
857.784914
857.381603
856.899566
856.339916
855.703989
854.993352
854.953094
855.662702
856.297728
856.856607
857.337999
857.740787
858.064063
858.307120
858.469440
858.550684
858.550684
858.469440
858.307120
858.064063
857.740787
857.337999
856.856607
856.297728
855.662702
854.953094
854.912908
855.621486
856.255611
856.813718
857.294463
857.696724
858.019589
858.262343
858.424465
858.505610
858.505610
858.424465
858.262343
858.019589
857.696724
857.294463
856.813718
856.255611
855.621486
854.912908
854.872791
855.580341
856.213565
856.770898
857.250994
857.652725
857.975175
858.217624
858.379545
858.460592
858.460592
858.379545
858.217624
857.975175
857.652725
857.250994
856.770898
856.213565
855.580341
854.872791
854.832742
855.539266
856.171590
856.728147
857.207591
857.608790
857.930823
858.172964
858.334683
858.415629
858.415629
858.334683
858.172964
857.930823
857.608790
857.207591
856.728147
856.171590
855.539266
854.832742
854.792762
855.498260
856.129683
856.685464
857.164255
857.564919
857.886532
858.128363
858.289878
858.370723
858.370723
858.289878
858.128363
857.886532
857.564919
857.164255
856.685464
856.129683
855.498260
854.792762
854.752850
855.457323
856.087845
856.642849
857.120984
857.521112
857.842302
858.083822
858.245131
858.325874
858.325874
858.245131
858.083822
857.842302
857.521112
857.120984
856.642849
856.087845
855.457323
854.752850
854.713004
855.416454
856.046076
856.600302
857.077780
857.477369
857.798134
858.039340
858.200442
858.281082
858.281082
858.200442
858.039340
857.798134
857.477369
857.077780
856.600302
856.046076
855.416454
854.713004
854.673224
855.375653
856.004374
856.557821
857.034641
857.433689
857.754028
857.994918
858.155811
858.236348
858.236348
858.155811
857.994918
857.754028
857.433689
857.034641
856.557821
856.004374
855.375653
854.673224
854.633510
855.334918
855.962739
856.515407
856.991567
857.390073
857.709984
857.950556
858.111240
858.191672
858.191672
858.111240
857.950556
857.709984
857.390073
856.991567
856.515407
855.962739
855.334918
854.633510
854.593860
855.294250
855.921172
856.473060
856.948559
857.346521
857.666001
857.906254
858.066727
858.147054
858.147054
858.066727
857.906254
857.666001
857.346521
856.948559
856.473060
855.921172
855.294250
854.593860
854.554276
855.253647
855.879670
856.430778
856.905615
857.303031
857.622080
857.862013
858.022274
858.102496
858.102496
858.022274
857.862013
857.622080
857.303031
856.905615
856.430778
855.879670
855.253647
854.554276
854.514755
855.213110
855.838234
856.388562
856.862736
857.259606
857.578222
857.817832
857.977880
858.057996
858.057996
857.977880
857.817832
857.578222
857.259606
856.862736
856.388562
855.838234
855.213110
854.514755
854.475298
855.172638
855.796864
856.346411
856.819922
857.216243
857.534425
857.773713
857.933547
858.013556
858.013556
857.933547
857.773713
857.534425
857.216243
856.819922
856.346411
855.796864
855.172638
854.475298
854.435904
855.132230
855.755558
856.304325
856.777171
857.172944
857.490690
857.729654
857.889273
857.969175
857.969175
857.889273
857.729654
857.490690
857.172944
856.777171
856.304325
855.755558
855.132230
854.435904
854.396572
855.091887
855.714318
856.262303
856.734485
857.129708
857.447018
857.685656
857.845060
857.924855
857.924855
857.845060
857.685656
857.447018
857.129708
856.734485
856.262303
855.714318
855.091887
854.396572
854.357303
855.051607
855.673141
856.220346
856.691863
857.086535
857.403408
857.641720
857.800907
857.880594
857.880594
857.800907
857.641720
857.403408
857.086535
856.691863
856.220346
855.673141
855.051607
854.357303
854.318095
855.011390
855.632029
856.178453
856.649304
857.043425
857.359859
857.597845
857.756815
857.836394
857.836394
857.756815
857.597845
857.359859
857.043425
856.649304
856.178453
855.632029
855.011390
854.318095
854.278950
854.971236
855.590980
856.136624
856.606809
857.000378
857.316373
857.554031
857.712784
857.792255
857.792255
857.712784
857.554031
857.316373
857.000378
856.606809
856.136624
855.590980
854.971236
854.278950
854.239865
854.931144
855.549994
856.094858
856.564377
856.957394
857.272949
857.510279
857.668814
857.748176
857.748176
857.668814
857.510279
857.272949
856.957394
856.564377
856.094858
855.549994
854.931144
854.239865
854.200841
854.891115
855.509072
856.053155
856.522008
856.914473
857.229587
857.466588
857.624905
857.704158
857.704158
857.624905
857.466588
857.229587
856.914473
856.522008
856.053155
855.509072
854.891115
854.200841
854.161877
854.851148
855.468212
856.011516
856.479703
856.871614
857.186288
857.422959
857.581057
857.660200
857.660200
857.581057
857.422959
857.186288
856.871614
856.479703
856.011516
855.468212
854.851148
854.161877
854.122974
854.811242
855.427415
855.969939
856.437460
856.828817
857.143050
857.379392
857.537270
857.616304
857.616304
857.537270
857.379392
857.143050
856.828817
856.437460
855.969939
855.427415
854.811242
854.122974
854.084130
854.771397
855.386679
855.928425
856.395280
856.786084
857.099875
857.335886
857.493545
857.572469
857.572469
857.493545
857.335886
857.099875
856.786084
856.395280
855.928425
855.386679
854.771397
854.084130
854.045346
854.731614
855.346006
855.886974
856.353162
856.743412
857.056761
857.292442
857.449881
857.528696
857.528696
857.449881
857.292442
857.056761
856.743412
856.353162
855.886974
855.346006
854.731614
854.045346
854.006621
854.691891
855.305395
855.845585
856.311107
856.700803
857.013710
857.249060
857.406279
857.484983
857.484983
857.406279
857.249060
857.013710
856.700803
856.311107
855.845585
855.305395
854.691891
854.006621
853.967956
854.652228
855.264844
855.804257
856.269114
856.658256
856.970721
857.205740
857.362738
857.441333
857.441333
857.362738
857.205740
856.970721
856.658256
856.269114
855.804257
855.264844
854.652228
853.967956
853.929349
854.612626
855.224356
855.762992
856.227183
856.615771
856.927794
857.162481
857.319259
857.397743
857.397743
857.319259
857.162481
856.927794
856.615771
856.227183
855.762992
855.224356
854.612626
853.929349
853.890801
854.573084
855.183928
855.721788
856.185314
856.573348
856.884928
857.119284
857.275841
857.354215
857.354215
857.275841
857.119284
856.884928
856.573348
856.185314
855.721788
855.183928
854.573084
853.890801
853.852311
854.533602
855.143561
855.680646
856.143507
856.530988
856.842125
857.076149
857.232485
857.310749
857.310749
857.232485
857.076149
856.842125
856.530988
856.143507
855.680646
855.143561
854.533602
853.852311
853.813879
854.494179
855.103254
855.639565
856.101761
856.488689
856.799383
857.033076
857.189191
857.267344
857.267344
857.189191
857.033076
856.799383
856.488689
856.101761
855.639565
855.103254
854.494179
853.813879
853.775505
854.454816
855.063008
855.598545
856.060078
856.446451
856.756703
856.990065
857.145959
857.224001
857.224001
857.145959
856.990065
856.756703
856.446451
856.060078
855.598545
855.063008
854.454816
853.775505
853.737189
854.415511
855.022822
855.557586
856.018455
856.404276
856.714085
856.947115
857.102788
857.180720
857.180720
857.102788
856.947115
856.714085
856.404276
856.018455
855.557586
855.022822
854.415511
853.737189
853.698930
854.376266
854.982697
855.516688
855.976894
856.362162
856.671529
856.904227
857.059679
857.137500
857.137500
857.059679
856.904227
856.671529
856.362162
855.976894
855.516688
854.982697
854.376266
853.698930
853.660729
854.337080
854.942631
855.475850
855.935394
856.320109
856.629034
856.861400
857.016631
857.094343
857.094343
857.016631
856.861400
856.629034
856.320109
855.935394
855.475850
854.942631
854.337080
853.660729
853.622585
854.297952
854.902625
855.435074
855.893956
856.278118
856.586601
856.818636
856.973645
857.051246
857.051246
856.973645
856.818636
856.586601
856.278118
855.893956
855.435074
854.902625
854.297952
853.622585
853.584498
854.258882
854.862678
855.394357
855.852578
856.236189
856.544230
856.775933
856.930721
857.008212
857.008212
856.930721
856.775933
856.544230
856.236189
855.852578
855.394357
854.862678
854.258882
853.584498
853.546467
854.219871
854.822791
855.353701
855.811261
856.194320
856.501920
856.733291
856.887859
856.965239
856.965239
856.887859
856.733291
856.501920
856.194320
855.811261
855.353701
854.822791
854.219871
853.546467
853.508494
854.180918
854.782963
855.313105
855.770004
856.152513
856.459671
856.690711
856.845058
856.922327
856.922327
856.845058
856.690711
856.459671
856.152513
855.770004
855.313105
854.782963
854.180918
853.508494
853.470576
854.142022
854.743194
855.272569
855.728809
856.110766
856.417483
856.648193
856.802319
856.879478
856.879478
856.802319
856.648193
856.417483
856.110766
855.728809
855.272569
854.743194
854.142022
853.470576
853.432715
854.103185
854.703484
855.232092
855.687674
856.069081
856.375357
856.605736
856.759641
856.836690
856.836690
856.759641
856.605736
856.375357
856.069081
855.687674
855.232092
854.703484
854.103185
853.432715
853.394911
854.064405
854.663833
855.191676
855.646599
856.027457
856.333292
856.563340
856.717025
856.793963
856.793963
856.717025
856.563340
856.333292
856.027457
855.646599
855.191676
854.663833
854.064405
853.394911
853.357162
854.025682
854.624240
855.151318
855.605584
855.985893
856.291289
856.521006
856.674470
856.751298
856.751298
856.674470
856.521006
856.291289
855.985893
855.605584
855.151318
854.624240
854.025682
853.357162
853.319469
853.987017
854.584706
855.111021
855.564630
855.944390
856.249346
856.478733
856.631977
856.708695
856.708695
856.631977
856.478733
856.249346
855.944390
855.564630
855.111021
854.584706
853.987017
853.319469
853.281832
853.948409
854.545231
855.070782
855.523736
855.902948
856.207464
856.436522
856.589545
856.666153
856.666153
856.589545
856.436522
856.207464
855.902948
855.523736
855.070782
854.545231
853.948409
853.281832
853.244250
853.909858
854.505813
855.030603
855.482901
855.861566
856.165644
856.394371
856.547175
856.623672
856.623672
856.547175
856.394371
856.165644
855.861566
855.482901
855.030603
854.505813
853.909858
853.244250
853.206724
853.871364
854.466454
854.990483
855.442127
855.820244
856.123884
856.352282
856.504866
856.581253
856.581253
856.504866
856.352282
856.123884
855.820244
855.442127
854.990483
854.466454
853.871364
853.206724
853.169254
853.832927
854.427153
854.950422
855.401412
855.778983
856.082184
856.310253
856.462618
856.538895
856.538895
856.462618
856.310253
856.082184
855.778983
855.401412
854.950422
854.427153
853.832927
853.169254
853.131838
853.794547
854.387909
854.910420
855.360757
855.737782
856.040546
856.268286
856.420431
856.496599
856.496599
856.420431
856.268286
856.040546
855.737782
855.360757
854.910420
854.387909
853.794547
853.131838
853.094478
853.756223
854.348723
854.870477
855.320161
855.696642
855.998968
856.226380
856.378305
856.454364
856.454364
856.378305
856.226380
855.998968
855.696642
855.320161
854.870477
854.348723
853.756223
853.094478
853.057172
853.717955
854.309595
854.830592
855.279625
855.655561
855.957451
856.184534
856.336241
856.412189
856.412189
856.336241
856.184534
855.957451
855.655561
855.279625
854.830592
854.309595
853.717955
853.057172
853.019922
853.679744
854.270525
854.790766
855.239149
855.614540
855.915994
856.142750
856.294237
856.370076
856.370076
856.294237
856.142750
855.915994
855.614540
855.239149
854.790766
854.270525
853.679744
853.019922
852.982726
853.641589
854.231512
854.750998
855.198731
855.573580
855.874597
856.101026
856.252295
856.328024
856.328024
856.252295
856.101026
855.874597
855.573580
855.198731
854.750998
854.231512
853.641589
852.982726
852.945585
853.603489
854.192556
854.711288
855.158373
855.532679
855.833261
856.059362
856.210413
856.286033
856.286033
856.210413
856.059362
855.833261
855.532679
855.158373
854.711288
854.192556
853.603489
852.945585
852.908498
853.565446
854.153657
854.671637
855.118073
855.491837
855.791985
856.017759
856.168592
856.244103
856.244103
856.168592
856.017759
855.791985
855.491837
855.118073
854.671637
854.153657
853.565446
852.908498
852.871466
853.527459
854.114815
854.632043
855.077833
855.451056
855.750769
855.976217
856.126832
856.202234
856.202234
856.126832
855.976217
855.750769
855.451056
855.077833
854.632043
854.114815
853.527459
852.871466
852.834488
853.489527
854.076031
854.592508
855.037651
855.410334
855.709613
855.934735
856.085132
856.160426
856.160426
856.085132
855.934735
855.709613
855.410334
855.037651
854.592508
854.076031
853.489527
852.834488
852.797564
853.451651
854.037303
854.553031
854.997529
855.369671
855.668517
855.893314
856.043494
856.118678
856.118678
856.043494
855.893314
855.668517
855.369671
854.997529
854.553031
854.037303
853.451651
852.797564
852.760694
853.413831
853.998632
854.513611
854.957464
855.329068
855.627481
855.851953
856.001915
856.076991
856.076991
856.001915
855.851953
855.627481
855.329068
854.957464
854.513611
853.998632
853.413831
852.760694
852.723879
853.376066
853.960017
854.474249
854.917459
855.288523
855.586505
855.810652
855.960397
856.035364
856.035364
855.960397
855.810652
855.586505
855.288523
854.917459
854.474249
853.960017
853.376066
852.723879
852.687117
853.338356
853.921459
854.434945
854.877512
855.248039
855.545589
855.769411
855.918940
855.993799
855.993799
855.918940
855.769411
855.545589
855.248039
854.877512
854.434945
853.921459
853.338356
852.687117
852.650409
853.300702
853.882958
854.395698
854.837623
855.207613
855.504732
855.728230
855.877542
855.952293
855.952293
855.877542
855.728230
855.504732
855.207613
854.837623
854.395698
853.882958
853.300702
852.650409
852.613754
853.263102
853.844513
854.356509
854.797792
855.167246
855.463935
855.687109
855.836205
855.910848
855.910848
855.836205
855.687109
855.463935
855.167246
854.797792
854.356509
853.844513
853.263102
852.613754
852.577154
853.225558
853.806124
854.317377
854.758020
855.126938
855.423197
855.646048
855.794929
855.869463
855.869463
855.794929
855.646048
855.423197
855.126938
854.758020
854.317377
853.806124
853.225558
852.577154
852.540606
853.188068
853.767791
854.278302
854.718306
855.086689
855.382519
855.605047
855.753712
855.828138
855.828138
855.753712
855.605047
855.382519
855.086689
854.718306
854.278302
853.767791
853.188068
852.540606
852.504113
853.150634
853.729514
854.239284
854.678650
855.046499
855.341899
855.564105
855.712555
855.786874
855.786874
855.712555
855.564105
855.341899
855.046499
854.678650
854.239284
853.729514
853.150634
852.504113
852.467672
853.113254
853.691293
854.200323
854.639051
855.006367
855.301340
855.523224
855.671458
855.745669
855.745669
855.671458
855.523224
855.301340
855.006367
854.639051
854.200323
853.691293
853.113254
852.467672
852.431285
853.075928
853.653128
854.161419
854.599511
854.966294
855.260839
855.482401
855.630421
855.704525
855.704525
855.630421
855.482401
855.260839
854.966294
854.599511
854.161419
853.653128
853.075928
852.431285
852.394950
853.038657
853.615019
854.122572
854.560028
854.926279
855.220397
855.441638
855.589444
855.663440
855.663440
855.589444
855.441638
855.220397
854.926279
854.560028
854.122572
853.615019
853.038657
852.394950
852.358669
853.001441
853.576966
854.083782
854.520603
854.886323
855.180014
855.400935
855.548526
855.622415
855.622415
855.548526
855.400935
855.180014
854.886323
854.520603
854.083782
853.576966
853.001441
852.358669
852.322441
852.964279
853.538968
854.045048
854.481236
854.846425
855.139690
855.360291
855.507668
855.581450
855.581450
855.507668
855.360291
855.139690
854.846425
854.481236
854.045048
853.538968
852.964279
852.322441
852.286266
852.927171
853.501025
854.006371
854.441925
854.806585
855.099425
855.319706
855.466870
855.540545
855.540545
855.466870
855.319706
855.099425
854.806585
854.441925
854.006371
853.501025
852.927171
852.286266
852.250143
852.890117
853.463138
853.967750
854.402673
854.766803
855.059219
855.279180
855.426131
855.499699
855.499699
855.426131
855.279180
855.059219
854.766803
854.402673
853.967750
853.463138
852.890117
852.250143
852.214073
852.853118
853.425307
853.929186
854.363477
854.727079
855.019071
855.238714
855.385451
855.458913
855.458913
855.385451
855.238714
855.019071
854.727079
854.363477
853.929186
853.425307
852.853118
852.214073
852.178056
852.816172
853.387530
853.890678
854.324339
854.687414
854.978982
855.198306
855.344831
855.418186
855.418186
855.344831
855.198306
854.978982
854.687414
854.324339
853.890678
853.387530
852.816172
852.178056
852.142091
852.779280
853.349809
853.852226
854.285258
854.647806
854.938951
855.157957
855.304269
855.377518
855.377518
855.304269
855.157957
854.938951
854.647806
854.285258
853.852226
853.349809
852.779280
852.142091
852.106178
852.742442
853.312142
853.813830
854.246234
854.608255
854.898979
855.117667
855.263767
855.336910
855.336910
855.263767
855.117667
854.898979
854.608255
854.246234
853.813830
853.312142
852.742442
852.106178
852.070318
852.705658
853.274531
853.775491
854.207266
854.568763
854.859064
855.077436
855.223324
855.296361
855.296361
855.223324
855.077436
854.859064
854.568763
854.207266
853.775491
853.274531
852.705658
852.070318
852.034510
852.668927
853.236974
853.737207
854.168356
854.529328
854.819208
855.037263
855.182940
855.255871
855.255871
855.182940
855.037263
854.819208
854.529328
854.168356
853.737207
853.236974
852.668927
852.034510
851.998754
852.632250
853.199472
853.698979
854.129502
854.489951
854.779411
854.997149
855.142615
855.215440
855.215440
855.142615
854.997149
854.779411
854.489951
854.129502
853.698979
853.199472
852.632250
851.998754
851.963050
852.595627
853.162025
853.660807
854.090705
854.450631
854.739671
854.957093
855.102348
855.175067
855.175067
855.102348
854.957093
854.739671
854.450631
854.090705
853.660807
853.162025
852.595627
851.963050
851.927399
852.559056
853.124632
853.622690
854.051965
854.411368
854.699989
854.917096
855.062140
855.134754
855.134754
855.062140
854.917096
854.699989
854.411368
854.051965
853.622690
853.124632
852.559056
851.927399
851.891799
852.522539
853.087294
853.584629
854.013281
854.372163
854.660365
854.877157
855.021991
855.094499
855.094499
855.021991
854.877157
854.660365
854.372163
854.013281
853.584629
853.087294
852.522539
851.891799
851.856251
852.486075
853.050011
853.546623
853.974653
854.333014
854.620798
854.837276
854.981900
855.054303
855.054303
854.981900
854.837276
854.620798
854.333014
853.974653
853.546623
853.050011
852.486075
851.856251
851.820755
852.449665
853.012781
853.508673
853.936082
854.293923
854.581290
854.797454
854.941868
855.014166
855.014166
854.941868
854.797454
854.581290
854.293923
853.936082
853.508673
853.012781
852.449665
851.820755
851.785310
852.413307
852.975606
853.470779
853.897567
854.254889
854.541839
854.757689
854.901894
854.974087
854.974087
854.901894
854.757689
854.541839
854.254889
853.897567
853.470779
852.975606
852.413307
851.785310
851.749917
852.377002
852.938485
853.432939
853.859108
854.215912
854.502445
854.717982
854.861978
854.934067
854.934067
854.861978
854.717982
854.502445
854.215912
853.859108
853.432939
852.938485
852.377002
851.749917
851.714575
852.340750
852.901418
853.395154
853.820705
854.176991
854.463109
854.678334
854.822120
854.894105
854.894105
854.822120
854.678334
854.463109
854.176991
853.820705
853.395154
852.901418
852.340750
851.714575
851.679285
852.304551
852.864405
853.357425
853.782358
854.138127
854.423830
854.638743
854.782321
854.854201
854.854201
854.782321
854.638743
854.423830
854.138127
853.782358
853.357425
852.864405
852.304551
851.679285
851.644046
852.268405
852.827446
853.319751
853.744067
854.099320
854.384609
854.599209
854.742579
854.814355
854.814355
854.742579
854.599209
854.384609
854.099320
853.744067
853.319751
852.827446
852.268405
851.644046
851.608859
852.232311
852.790541
853.282131
853.705832
854.060570
854.345444
854.559734
854.702896
854.774567
854.774567
854.702896
854.559734
854.345444
854.060570
853.705832
853.282131
852.790541
852.232311
851.608859
851.573722
852.196270
852.753690
853.244566
853.667653
854.021876
854.306337
854.520316
854.663270
854.734837
854.734837
854.663270
854.520316
854.306337
854.021876
853.667653
853.244566
852.753690
852.196270
851.573722
851.538637
852.160281
852.716892
853.207056
853.629529
853.983238
854.267286
854.480955
854.623702
854.695166
854.695166
854.623702
854.480955
854.267286
853.983238
853.629529
853.207056
852.716892
852.160281
851.538637
851.503603
852.124344
852.680148
853.169601
853.591461
853.944656
854.228293
854.441652
854.584191
854.655552
854.655552
854.584191
854.441652
854.228293
853.944656
853.591461
853.169601
852.680148
852.124344
851.503603
851.468619
852.088460
852.643457
853.132200
853.553448
853.906131
854.189356
854.402405
854.544739
854.615995
854.615995
854.544739
854.402405
854.189356
853.906131
853.553448
853.132200
852.643457
852.088460
851.468619
851.433687
852.052628
852.606820
853.094854
853.515490
853.867662
854.150477
854.363217
854.505343
854.576497
854.576497
854.505343
854.363217
854.150477
853.867662
853.515490
853.094854
852.606820
852.052628
851.433687
851.398805
852.016848
852.570236
853.057562
853.477588
853.829249
854.111653
854.324085
854.466005
854.537056
854.537056
854.466005
854.324085
854.111653
853.829249
853.477588
853.057562
852.570236
852.016848
851.398805
851.363974
851.981120
852.533705
853.020324
853.439741
853.790892
854.072887
854.285010
854.426725
854.497672
854.497672
854.426725
854.285010
854.072887
853.790892
853.439741
853.020324
852.533705
851.981120
851.363974
851.329193
851.945445
852.497228
852.983140
853.401949
853.752591
854.034176
854.245992
854.387501
854.458346
854.458346
854.387501
854.245992
854.034176
853.752591
853.401949
852.983140
852.497228
851.945445
851.329193
851.294463
851.909821
852.460803
852.946011
853.364212
853.714345
853.995523
854.207031
854.348335
854.419077
854.419077
854.348335
854.207031
853.995523
853.714345
853.364212
852.946011
852.460803
851.909821
851.294463
851.259784
851.874248
852.424432
852.908936
853.326530
853.676156
853.956925
854.168127
854.309226
854.379865
854.379865
854.309226
854.168127
853.956925
853.676156
853.326530
852.908936
852.424432
851.874248
851.259784
851.225155
851.838728
852.388113
852.871914
853.288903
853.638022
853.918384
854.129279
854.270174
854.340711
854.340711
854.270174
854.129279
853.918384
853.638022
853.288903
852.871914
852.388113
851.838728
851.225155
851.190576
851.803259
852.351847
852.834947
853.251331
853.599943
853.879899
854.090489
854.231179
854.301613
854.301613
854.231179
854.090489
853.879899
853.599943
853.251331
852.834947
852.351847
851.803259
851.190576
851.156048
851.767842
852.315634
852.798033
853.213813
853.561920
853.841470
854.051754
854.192240
854.262573
854.262573
854.192240
854.051754
853.841470
853.561920
853.213813
852.798033
852.315634
851.767842
851.156048
851.121569
851.732476
852.279474
852.761173
853.176351
853.523952
853.803097
854.013076
854.153359
854.223589
854.223589
854.153359
854.013076
853.803097
853.523952
853.176351
852.761173
852.279474
851.732476
851.121569
851.087141
851.697162
852.243366
852.724367
853.138942
853.486040
853.764779
853.974454
854.114534
854.184662
854.184662
854.114534
853.974454
853.764779
853.486040
853.138942
852.724367
852.243366
851.697162
851.087141
851.052763
851.661899
852.207311
852.687614
853.101588
853.448182
853.726518
853.935889
854.075765
854.145792
854.145792
854.075765
853.935889
853.726518
853.448182
853.101588
852.687614
852.207311
851.661899
851.052763
851.018434
851.626687
852.171308
852.650915
853.064289
853.410380
853.688312
853.897380
854.037053
854.106978
854.106978
854.037053
853.897380
853.688312
853.410380
853.064289
852.650915
852.171308
851.626687
851.018434
850.984156
851.591526
852.135358
852.614269
853.027043
853.372633
853.650162
853.858927
853.998397
854.068221
854.068221
853.998397
853.858927
853.650162
853.372633
853.027043
852.614269
852.135358
851.591526
850.984156
850.949927
851.556417
852.099460
852.577677
852.989852
853.334941
853.612068
853.820529
853.959798
854.029521
854.029521
853.959798
853.820529
853.612068
853.334941
852.989852
852.577677
852.099460
851.556417
850.949927
850.915748
851.521358
852.063614
852.541137
852.952715
853.297304
853.574029
853.782188
853.921255
853.990876
853.990876
853.921255
853.782188
853.574029
853.297304
852.952715
852.541137
852.063614
851.521358
850.915748
850.881618
851.486351
852.027820
852.504651
852.915632
853.259721
853.536045
853.743903
853.882768
853.952288
853.952288
853.882768
853.743903
853.536045
853.259721
852.915632
852.504651
852.027820
851.486351
850.881618
850.847539
851.451394
851.992078
852.468218
852.878604
853.222194
853.498117
853.705673
853.844337
853.913757
853.913757
853.844337
853.705673
853.498117
853.222194
852.878604
852.468218
851.992078
851.451394
850.847539
850.813508
851.416488
851.956389
852.431838
852.841629
853.184720
853.460244
853.667499
853.805962
853.875281
853.875281
853.805962
853.667499
853.460244
853.184720
852.841629
852.431838
851.956389
851.416488
850.813508
850.779527
851.381633
851.920751
852.395511
852.804707
853.147302
853.422426
853.629381
853.767643
853.836862
853.836862
853.767643
853.629381
853.422426
853.147302
852.804707
852.395511
851.920751
851.381633
850.779527
850.745595
851.346828
851.885164
852.359236
852.767840
853.109938
853.384663
853.591318
853.729380
853.798498
853.798498
853.729380
853.591318
853.384663
853.109938
852.767840
852.359236
851.885164
851.346828
850.745595
850.711713
851.312074
851.849630
852.323015
852.731026
853.072628
853.346955
853.553310
853.691172
853.760190
853.760190
853.691172
853.553310
853.346955
853.072628
852.731026
852.323015
851.849630
851.312074
850.711713
850.677880
851.277371
851.814147
852.286846
852.694265
853.035372
853.309302
853.515358
853.653020
853.721938
853.721938
853.653020
853.515358
853.309302
853.035372
852.694265
852.286846
851.814147
851.277371
850.677880
850.644096
851.242717
851.778716
852.250729
852.657559
852.998171
853.271703
853.477461
853.614924
853.683742
853.683742
853.614924
853.477461
853.271703
852.998171
852.657559
852.250729
851.778716
851.242717
850.644096
850.610360
851.208115
851.743336
852.214666
852.620905
852.961024
853.234160
853.439620
853.576883
853.645601
853.645601
853.576883
853.439620
853.234160
852.961024
852.620905
852.214666
851.743336
851.208115
850.610360
850.576674
851.173562
851.708008
852.178654
852.584305
852.923931
853.196671
853.401833
853.538897
853.607516
853.607516
853.538897
853.401833
853.196671
852.923931
852.584305
852.178654
851.708008
851.173562
850.576674
850.543037
851.139060
851.672731
852.142695
852.547758
852.886892
853.159237
853.364101
853.500967
853.569486
853.569486
853.500967
853.364101
853.159237
852.886892
852.547758
852.142695
851.672731
851.139060
850.543037
850.509448
851.104607
851.637505
852.106788
852.511264
852.849907
853.121857
853.326424
853.463092
853.531512
853.531512
853.463092
853.326424
853.121857
852.849907
852.511264
852.106788
851.637505
851.104607
850.509448
850.475909
851.070205
851.602331
852.070934
852.474824
852.812975
853.084531
853.288803
853.425272
853.493593
853.493593
853.425272
853.288803
853.084531
852.812975
852.474824
852.070934
851.602331
851.070205
850.475909
850.442418
851.035853
851.567207
852.035131
852.438436
852.776098
853.047260
853.251235
853.387507
853.455729
853.455729
853.387507
853.251235
853.047260
852.776098
852.438436
852.035131
851.567207
851.035853
850.442418
850.408975
851.001550
851.532135
851.999381
852.402101
852.739274
853.010043
853.213723
853.349797
853.417920
853.417920
853.349797
853.213723
853.010043
852.739274
852.402101
851.999381
851.532135
851.001550
850.408975
850.375581
850.967298
851.497114
851.963682
852.365819
852.702503
852.972880
853.176265
853.312142
853.380167
853.380167
853.312142
853.176265
852.972880
852.702503
852.365819
851.963682
851.497114
850.967298
850.375581
850.342235
850.933095
851.462143
851.928036
852.329590
852.665786
852.935772
853.138862
853.274542
853.342468
853.342468
853.274542
853.138862
852.935772
852.665786
852.329590
851.928036
851.462143
850.933095
850.342235
850.308938
850.898941
851.427223
851.892441
852.293413
852.629122
852.898717
853.101513
853.236996
853.304824
853.304824
853.236996
853.101513
852.898717
852.629122
852.293413
851.892441
851.427223
850.898941
850.308938
850.275689
850.864838
851.392354
851.856898
852.257289
852.592512
852.861716
853.064218
853.199505
853.267235
853.267235
853.199505
853.064218
852.861716
852.592512
852.257289
851.856898
851.392354
850.864838
850.275689
850.242489
850.830783
851.357536
851.821406
852.221218
852.555955
852.824769
853.026978
853.162069
853.229700
853.229700
853.162069
853.026978
852.824769
852.555955
852.221218
851.821406
851.357536
850.830783
850.242489
850.209336
850.796779
851.322768
851.785967
852.185199
852.519451
852.787876
852.989792
853.124687
853.192221
853.192221
853.124687
852.989792
852.787876
852.519451
852.185199
851.785967
851.322768
850.796779
850.209336
850.176232
850.762823
851.288050
851.750578
852.149232
852.483000
852.751036
852.952660
853.087360
853.154795
853.154795
853.087360
852.952660
852.751036
852.483000
852.149232
851.750578
851.288050
850.762823
850.176232
850.143175
850.728917
851.253383
851.715241
852.113318
852.446603
852.714250
852.915582
853.050087
853.117425
853.117425
853.050087
852.915582
852.714250
852.446603
852.113318
851.715241
851.253383
850.728917
850.143175
850.110166
850.695060
851.218767
851.679956
852.077456
852.410258
852.677518
852.878557
853.012868
853.080108
853.080108
853.012868
852.878557
852.677518
852.410258
852.077456
851.679956
851.218767
850.695060
850.110166
850.077206
850.661252
851.184200
851.644721
852.041646
852.373966
852.640838
852.841587
852.975703
853.042846
853.042846
852.975703
852.841587
852.640838
852.373966
852.041646
851.644721
851.184200
850.661252
850.077206
850.044293
850.627493
851.149684
851.609538
852.005888
852.337726
852.604213
852.804671
852.938592
853.005638
853.005638
852.938592
852.804671
852.604213
852.337726
852.005888
851.609538
851.149684
850.627493
850.044293
850.011428
850.593784
851.115218
851.574406
851.970182
852.301540
852.567640
852.767808
852.901536
852.968484
852.968484
852.901536
852.767808
852.567640
852.301540
851.970182
851.574406
851.115218
850.593784
850.011428
849.978610
850.560123
851.080802
851.539325
851.934528
852.265406
852.531121
852.730999
852.864533
852.931384
852.931384
852.864533
852.730999
852.531121
852.265406
851.934528
851.539325
851.080802
850.560123
849.978610
849.945840
850.526511
851.046436
851.504295
851.898925
852.229324
852.494655
852.694243
852.827584
852.894339
852.894339
852.827584
852.694243
852.494655
852.229324
851.898925
851.504295
851.046436
850.526511
849.945840
849.913118
850.492947
851.012120
851.469316
851.863375
852.193295
852.458241
852.657541
852.790688
852.857347
852.857347
852.790688
852.657541
852.458241
852.193295
851.863375
851.469316
851.012120
850.492947
849.913118
849.880443
850.459433
850.977853
851.434388
851.827876
852.157319
852.421881
852.620892
852.753847
852.820409
852.820409
852.753847
852.620892
852.421881
852.157319
851.827876
851.434388
850.977853
850.459433
849.880443
849.847815
850.425967
850.943637
851.399510
851.792428
852.121394
852.385574
852.584297
852.717059
852.783524
852.783524
852.717059
852.584297
852.385574
852.121394
851.792428
851.399510
850.943637
850.425967
849.847815
849.815235
850.392549
850.909470
851.364683
851.757032
852.085522
852.349319
852.547754
852.680324
852.746693
852.746693
852.680324
852.547754
852.349319
852.085522
851.757032
851.364683
850.909470
850.392549
849.815235
849.782701
850.359180
850.875352
851.329906
851.721688
852.049702
852.313117
852.511265
852.643643
852.709916
852.709916
852.643643
852.511265
852.313117
852.049702
851.721688
851.329906
850.875352
850.359180
849.782701
849.750215
850.325859
850.841284
851.295181
851.686395
852.013934
852.276968
852.474829
852.607015
852.673193
852.673193
852.607015
852.474829
852.276968
852.013934
851.686395
851.295181
850.841284
850.325859
849.750215
849.717776
850.292587
850.807266
851.260505
851.651153
851.978218
852.240871
852.438446
852.570441
852.636522
852.636522
852.570441
852.438446
852.240871
851.978218
851.651153
851.260505
850.807266
850.292587
849.717776
849.685384
850.259363
850.773297
851.225880
851.615962
851.942554
852.204827
852.402115
852.533920
852.599905
852.599905
852.533920
852.402115
852.204827
851.942554
851.615962
851.225880
850.773297
850.259363
849.685384
849.653039
850.226187
850.739377
851.191305
851.580823
851.906942
852.168835
852.365838
852.497451
852.563341
852.563341
852.497451
852.365838
852.168835
851.906942
851.580823
851.191305
850.739377
850.226187
849.653039
849.620741
850.193059
850.705507
851.156780
851.545734
851.871381
852.132895
852.329613
852.461036
852.526831
852.526831
852.461036
852.329613
852.132895
851.871381
851.545734
851.156780
850.705507
850.193059
849.620741
849.588490
850.159980
850.671685
851.122306
851.510697
851.835872
852.097008
852.293441
852.424674
852.490373
852.490373
852.424674
852.293441
852.097008
851.835872
851.510697
851.122306
850.671685
850.159980
849.588490
849.556285
850.126948
850.637913
851.087881
851.475710
851.800415
852.061173
852.257322
852.388364
852.453969
852.453969
852.388364
852.257322
852.061173
851.800415
851.475710
851.087881
850.637913
850.126948
849.556285
849.524127
850.093964
850.604189
851.053506
851.440774
851.765009
852.025390
852.221255
852.352108
852.417617
852.417617
852.352108
852.221255
852.025390
851.765009
851.440774
851.053506
850.604189
850.093964
849.524127
849.492016
850.061028
850.570515
851.019182
851.405889
851.729655
851.989658
852.185240
852.315904
852.381318
852.381318
852.315904
852.185240
851.989658
851.729655
851.405889
851.019182
850.570515
850.061028
849.492016
849.459951
850.028140
850.536889
850.984907
851.371054
851.694352
851.953979
852.149278
852.279752
852.345072
852.345072
852.279752
852.149278
851.953979
851.694352
851.371054
850.984907
850.536889
850.028140
849.459951
849.427933
849.995299
850.503312
850.950682
851.336270
851.659100
851.918352
852.113368
852.243653
852.308879
852.308879
852.243653
852.113368
851.918352
851.659100
851.336270
850.950682
850.503312
849.995299
849.427933
849.395960
849.962506
850.469784
850.916506
851.301537
851.623900
851.882776
852.077510
852.207607
852.272738
852.272738
852.207607
852.077510
851.882776
851.623900
851.301537
850.916506
850.469784
849.962506
849.395960
849.364035
849.929760
850.436305
850.882380
851.266854
851.588750
851.847252
852.041704
852.171613
852.236650
852.236650
852.171613
852.041704
851.847252
851.588750
851.266854
850.882380
850.436305
849.929760
849.364035
849.332155
849.897062
850.402874
850.848304
851.232221
851.553652
851.811780
852.005950
852.135672
852.200614
852.200614
852.135672
852.005950
851.811780
851.553652
851.232221
850.848304
850.402874
849.897062
849.332155
849.300322
849.864412
850.369491
850.814277
851.197639
851.518604
851.776359
851.970249
852.099782
852.164631
852.164631
852.099782
851.970249
851.776359
851.518604
851.197639
850.814277
850.369491
849.864412
849.300322
849.268535
849.831808
850.336157
850.780299
851.163107
851.483608
851.740989
851.934599
852.063945
852.128700
852.128700
852.063945
851.934599
851.740989
851.483608
851.163107
850.780299
850.336157
849.831808
849.268535
849.236793
849.799252
850.302871
850.746371
851.128625
851.448662
851.705671
851.899001
852.028160
852.092821
852.092821
852.028160
851.899001
851.705671
851.448662
851.128625
850.746371
850.302871
849.799252
849.236793
849.205098
849.766743
850.269634
850.712492
851.094193
851.413767
851.670405
851.863454
851.992426
852.056994
852.056994
851.992426
851.863454
851.670405
851.413767
851.094193
850.712492
850.269634
849.766743
849.205098
849.173449
849.734282
850.236445
850.678662
851.059811
851.378923
851.635189
851.827959
851.956745
852.021220
852.021220
851.956745
851.827959
851.635189
851.378923
851.059811
850.678662
850.236445
849.734282
849.173449
849.141845
849.701867
850.203304
850.644881
851.025479
851.344129
851.600025
851.792516
851.921116
851.985497
851.985497
851.921116
851.792516
851.600025
851.344129
851.025479
850.644881
850.203304
849.701867
849.141845
849.110287
849.669499
850.170210
850.611150
850.991196
851.309386
851.564911
851.757124
851.885538
851.949826
851.949826
851.885538
851.757124
851.564911
851.309386
850.991196
850.611150
850.170210
849.669499
849.110287
849.078775
849.637178
850.137165
850.577467
850.956964
851.274693
851.529849
851.721784
851.850012
851.914207
851.914207
851.850012
851.721784
851.529849
851.274693
850.956964
850.577467
850.137165
849.637178
849.078775
849.047309
849.604904
850.104168
850.543833
850.922781
851.240051
851.494838
851.686495
851.814537
851.878640
851.878640
851.814537
851.686495
851.494838
851.240051
850.922781
850.543833
850.104168
849.604904
849.047309
849.015888
849.572677
850.071219
850.510247
850.888648
851.205459
851.459877
851.651257
851.779114
851.843124
851.843124
851.779114
851.651257
851.459877
851.205459
850.888648
850.510247
850.071219
849.572677
849.015888
848.984513
849.540496
850.038317
850.476711
850.854564
851.170917
851.424967
851.616071
851.743743
851.807660
851.807660
851.743743
851.616071
851.424967
851.170917
850.854564
850.476711
850.038317
849.540496
848.984513
848.953183
849.508362
850.005463
850.443223
850.820529
851.136425
851.390108
851.580935
851.708423
851.772247
851.772247
851.708423
851.580935
851.390108
851.136425
850.820529
850.443223
850.005463
849.508362
848.953183
848.921898
849.476274
849.972657
850.409784
850.786545
851.101983
851.355300
851.545851
851.673154
851.736886
851.736886
851.673154
851.545851
851.355300
851.101983
850.786545
850.409784
849.972657
849.476274
848.921898
848.890658
849.444233
849.939898
850.376393
850.752609
851.067592
851.320541
851.510817
851.637936
851.701577
851.701577
851.637936
851.510817
851.320541
851.067592
850.752609
850.376393
849.939898
849.444233
848.890658
848.859464
849.412239
849.907187
850.343050
850.718722
851.033250
851.285834
851.475835
851.602770
851.666318
851.666318
851.602770
851.475835
851.285834
851.033250
850.718722
850.343050
849.907187
849.412239
848.859464
848.828315
849.380290
849.874523
850.309756
850.684885
850.998958
851.251177
851.440903
851.567654
851.631111
851.631111
851.567654
851.440903
851.251177
850.998958
850.684885
850.309756
849.874523
849.380290
848.828315
848.797211
849.348388
849.841906
850.276510
850.651097
850.964715
851.216570
851.406021
851.532590
851.595955
851.595955
851.532590
851.406021
851.216570
850.964715
850.651097
850.276510
849.841906
849.348388
848.797211
848.766152
849.316533
849.809337
850.243313
850.617358
850.930523
851.182013
851.371191
851.497576
851.560849
851.560849
851.497576
851.371191
851.182013
850.930523
850.617358
850.243313
849.809337
849.316533
848.766152
848.735138
849.284723
849.776815
850.210163
850.583668
850.896380
851.147507
851.336411
851.462614
851.525795
851.525795
851.462614
851.336411
851.147507
850.896380
850.583668
850.210163
849.776815
849.284723
848.735138
848.704169
849.252959
849.744340
850.177062
850.550026
850.862286
851.113050
851.301681
851.427702
851.490792
851.490792
851.427702
851.301681
851.113050
850.862286
850.550026
850.177062
849.744340
849.252959
848.704169
848.673245
849.221242
849.711912
850.144008
850.516434
850.828243
851.078644
851.267002
851.392841
851.455840
851.455840
851.392841
851.267002
851.078644
850.828243
850.516434
850.144008
849.711912
849.221242
848.673245
848.642365
849.189570
849.679531
850.111003
850.482890
850.794248
851.044287
851.232374
851.358030
851.420938
851.420938
851.358030
851.232374
851.044287
850.794248
850.482890
850.111003
849.679531
849.189570
848.642365
848.611530
849.157944
849.647197
850.078045
850.449395
850.760303
851.009981
851.197795
851.323270
851.386087
851.386087
851.323270
851.197795
851.009981
850.760303
850.449395
850.078045
849.647197
849.157944
848.611530
848.580740
849.126364
849.614910
850.045135
850.415948
850.726407
850.975724
851.163267
851.288560
851.351286
851.351286
851.288560
851.163267
850.975724
850.726407
850.415948
850.045135
849.614910
849.126364
848.580740
848.549994
849.094830
849.582669
850.012273
850.382550
850.692560
850.941517
851.128788
851.253901
851.316536
851.316536
851.253901
851.128788
850.941517
850.692560
850.382550
850.012273
849.582669
849.094830
848.549994
848.519293
849.063341
849.550475
849.979458
850.349200
850.658762
850.907359
851.094360
851.219292
851.281837
851.281837
851.219292
851.094360
850.907359
850.658762
850.349200
849.979458
849.550475
849.063341
848.519293
848.488636
849.031898
849.518328
849.946691
850.315899
850.625013
850.873251
851.059982
851.184733
851.247188
851.247188
851.184733
851.059982
850.873251
850.625013
850.315899
849.946691
849.518328
849.031898
848.488636
848.458024
849.000500
849.486228
849.913972
850.282645
850.591313
850.839192
851.025654
851.150224
851.212589
851.212589
851.150224
851.025654
850.839192
850.591313
850.282645
849.913972
849.486228
849.000500
848.458024
848.427455
848.969148
849.454174
849.881299
850.249441
850.557663
850.805183
850.991375
851.115766
851.178040
851.178040
851.115766
850.991375
850.805183
850.557663
850.249441
849.881299
849.454174
848.969148
848.427455
848.396931
848.937841
849.422166
849.848675
850.216284
850.524060
850.771224
850.957146
851.081357
851.143542
851.143542
851.081357
850.957146
850.771224
850.524060
850.216284
849.848675
849.422166
848.937841
848.396931
848.366452
848.906580
849.390205
849.816097
850.183175
850.490507
850.737313
850.922967
851.046999
851.109093
851.109093
851.046999
850.922967
850.737313
850.490507
850.183175
849.816097
849.390205
848.906580
848.366452
848.336016
848.875364
849.358290
849.783567
850.150114
850.457002
850.703452
850.888838
851.012690
851.074695
851.074695
851.012690
850.888838
850.703452
850.457002
850.150114
849.783567
849.358290
848.875364
848.336016
848.305624
848.844193
849.326421
849.751083
850.117102
850.423546
850.669639
850.854757
850.978431
851.040346
851.040346
850.978431
850.854757
850.669639
850.423546
850.117102
849.751083
849.326421
848.844193
848.305624
848.275276
848.813067
849.294598
849.718647
850.084137
850.390138
850.635876
850.820727
850.944222
851.006047
851.006047
850.944222
850.820727
850.635876
850.390138
850.084137
849.718647
849.294598
848.813067
848.275276
848.244972
848.781986
849.262822
849.686258
850.051219
850.356779
850.602162
850.786746
850.910062
850.971798
850.971798
850.910062
850.786746
850.602162
850.356779
850.051219
849.686258
849.262822
848.781986
848.244972
848.214712
848.750950
849.231091
849.653916
850.018350
850.323468
850.568497
850.752814
850.875952
850.937599
850.937599
850.875952
850.752814
850.568497
850.323468
850.018350
849.653916
849.231091
848.750950
848.214712
848.184496
848.719959
849.199407
849.621620
849.985528
850.290206
850.534880
850.718931
850.841891
850.903449
850.903449
850.841891
850.718931
850.534880
850.290206
849.985528
849.621620
849.199407
848.719959
848.184496
848.154323
848.689013
849.167768
849.589372
849.952754
850.256991
850.501312
850.685097
850.807880
850.869349
850.869349
850.807880
850.685097
850.501312
850.256991
849.952754
849.589372
849.167768
848.689013
848.154323
848.124194
848.658111
849.136175
849.557170
849.920027
850.223825
850.467793
850.651313
850.773918
850.835298
850.835298
850.773918
850.651313
850.467793
850.223825
849.920027
849.557170
849.136175
848.658111
848.124194
848.094108
848.627255
849.104628
849.525015
849.887348
850.190707
850.434323
850.617577
850.740005
850.801297
850.801297
850.740005
850.617577
850.434323
850.190707
849.887348
849.525015
849.104628
848.627255
848.094108
848.064066
848.596443
849.073126
849.492906
849.854716
850.157637
850.400901
850.583890
850.706142
850.767345
850.767345
850.706142
850.583890
850.400901
850.157637
849.854716
849.492906
849.073126
848.596443
848.064066
848.034068
848.565675
849.041670
849.460844
849.822131
850.124614
850.367527
850.550252
850.672327
850.733442
850.733442
850.672327
850.550252
850.367527
850.124614
849.822131
849.460844
849.041670
848.565675
848.034068
848.004113
848.534952
849.010260
849.428828
849.789593
850.091640
850.334202
850.516663
850.638562
850.699589
850.699589
850.638562
850.516663
850.334202
850.091640
849.789593
849.428828
849.010260
848.534952
848.004113
847.974201
848.504274
848.978895
849.396859
849.757103
850.058713
850.300925
850.483123
850.604846
850.665784
850.665784
850.604846
850.483123
850.300925
850.058713
849.757103
849.396859
848.978895
848.504274
847.974201
847.944332
848.473639
848.947575
849.364935
849.724660
850.025835
850.267696
850.449631
850.571178
850.632029
850.632029
850.571178
850.449631
850.267696
850.025835
849.724660
849.364935
848.947575
848.473639
847.944332
847.914506
848.443049
848.916301
849.333058
849.692263
849.993003
850.234516
850.416188
850.537559
850.598322
850.598322
850.537559
850.416188
850.234516
849.993003
849.692263
849.333058
848.916301
848.443049
847.914506
847.884724
848.412504
848.885072
849.301228
849.659914
849.960220
850.201383
850.382793
850.503989
850.564664
850.564664
850.503989
850.382793
850.201383
849.960220
849.659914
849.301228
848.885072
848.412504
847.884724
847.854985
848.382002
848.853888
849.269443
849.627611
849.927484
850.168299
850.349447
850.470468
850.531055
850.531055
850.470468
850.349447
850.168299
849.927484
849.627611
849.269443
848.853888
848.382002
847.854985
847.825288
848.351545
848.822750
849.237704
849.595355
849.894795
850.135263
850.316149
850.436995
850.497495
850.497495
850.436995
850.316149
850.135263
849.894795
849.595355
849.237704
848.822750
848.351545
847.825288
847.795635
848.321132
848.791656
849.206012
849.563146
849.862153
850.102274
850.282899
850.403571
850.463984
850.463984
850.403571
850.282899
850.102274
849.862153
849.563146
849.206012
848.791656
848.321132
847.795635
847.766024
848.290762
848.760607
849.174365
849.530984
849.829559
850.069333
850.249698
850.370196
850.430521
850.430521
850.370196
850.249698
850.069333
849.829559
849.530984
849.174365
848.760607
848.290762
847.766024
847.736456
848.260437
848.729604
849.142764
849.498868
849.797012
850.036440
850.216544
850.336868
850.397106
850.397106
850.336868
850.216544
850.036440
849.797012
849.498868
849.142764
848.729604
848.260437
847.736456
847.706931
848.230156
848.698645
849.111209
849.466799
849.764513
850.003595
850.183439
850.303589
850.363740
850.363740
850.303589
850.183439
850.003595
849.764513
849.466799
849.111209
848.698645
848.230156
847.706931
847.677449
848.199918
848.667731
849.079699
849.434776
849.732060
849.970797
850.150382
850.270358
850.330423
850.330423
850.270358
850.150382
849.970797
849.732060
849.434776
849.079699
848.667731
848.199918
847.677449
847.648009
848.169724
848.636862
849.048235
849.402799
849.699654
849.938047
850.117372
850.237176
850.297153
850.297153
850.237176
850.117372
849.938047
849.699654
849.402799
849.048235
848.636862
848.169724
847.648009
847.618612
848.139573
848.606037
849.016817
849.370869
849.667296
849.905344
850.084411
850.204041
850.263932
850.263932
850.204041
850.084411
849.905344
849.667296
849.370869
849.016817
848.606037
848.139573
847.618612
847.589257
848.109467
848.575257
848.985444
849.338985
849.634984
849.872689
850.051497
850.170955
850.230759
850.230759
850.170955
850.051497
849.872689
849.634984
849.338985
848.985444
848.575257
848.109467
847.589257
847.559944
848.079403
848.544521
848.954116
849.307147
849.602719
849.840081
850.018631
850.137916
850.197634
850.197634
850.137916
850.018631
849.840081
849.602719
849.307147
848.954116
848.544521
848.079403
847.559944
847.530674
848.049383
848.513830
848.922834
849.275355
849.570500
849.807520
849.985812
850.104925
850.164557
850.164557
850.104925
849.985812
849.807520
849.570500
849.275355
848.922834
848.513830
848.049383
847.530674
847.501446
848.019407
848.483183
848.891597
849.243610
849.538329
849.775006
849.953041
850.071982
850.131528
850.131528
850.071982
849.953041
849.775006
849.538329
849.243610
848.891597
848.483183
848.019407
847.501446
847.472261
847.989474
848.452581
848.860405
849.211910
849.506204
849.742539
849.920317
850.039087
850.098547
850.098547
850.039087
849.920317
849.742539
849.506204
849.211910
848.860405
848.452581
847.989474
847.472261
847.443117
847.959584
848.422023
848.829258
849.180256
849.474125
849.710120
849.887641
850.006240
850.065614
850.065614
850.006240
849.887641
849.710120
849.474125
849.180256
848.829258
848.422023
847.959584
847.443117
847.414016
847.929737
848.391509
848.798157
849.148648
849.442093
849.677747
849.855012
849.973440
850.032728
850.032728
849.973440
849.855012
849.677747
849.442093
849.148648
848.798157
848.391509
847.929737
847.414016
847.384957
847.899934
848.361039
848.767100
849.117086
849.410107
849.645421
849.822431
849.940687
849.999890
849.999890
849.940687
849.822431
849.645421
849.410107
849.117086
848.767100
848.361039
847.899934
847.384957
847.355939
847.870173
848.330613
848.736088
849.085569
849.378168
849.613142
849.789897
849.907982
849.967100
849.967100
849.907982
849.789897
849.613142
849.378168
849.085569
848.736088
848.330613
847.870173
847.355939
847.326964
847.840456
848.300231
848.705122
849.054098
849.346275
849.580910
849.757409
849.875325
849.934357
849.934357
849.875325
849.757409
849.580910
849.346275
849.054098
848.705122
848.300231
847.840456
847.326964
847.298030
847.810782
848.269894
848.674200
849.022672
849.314428
849.548725
849.724969
849.842714
849.901662
849.901662
849.842714
849.724969
849.548725
849.314428
849.022672
848.674200
848.269894
847.810782
847.298030
847.269138
847.781150
848.239600
848.643322
848.991292
849.282627
849.516586
849.692576
849.810151
849.869014
849.869014
849.810151
849.692576
849.516586
849.282627
848.991292
848.643322
848.239600
847.781150
847.269138
847.240288
847.751561
848.209349
848.612490
848.959958
849.250872
849.484493
849.660230
849.777635
849.836413
849.836413
849.777635
849.660230
849.484493
849.250872
848.959958
848.612490
848.209349
847.751561
847.240288
847.211480
847.722015
848.179143
848.581702
848.928669
849.219163
849.452447
849.627930
849.745167
849.803859
849.803859
849.745167
849.627930
849.452447
849.219163
848.928669
848.581702
848.179143
847.722015
847.211480
847.182713
847.692512
848.148980
848.550958
848.897424
849.187500
849.420448
849.595677
849.712745
849.771353
849.771353
849.712745
849.595677
849.420448
849.187500
848.897424
848.550958
848.148980
847.692512
847.182713
847.153987
847.663051
848.118861
848.520259
848.866226
849.155882
849.388494
849.563471
849.680370
849.738893
849.738893
849.680370
849.563471
849.388494
849.155882
848.866226
848.520259
848.118861
847.663051
847.153987
847.125304
847.633633
848.088785
848.489604
848.835072
849.124311
849.356587
849.531312
849.648042
849.706481
849.706481
849.648042
849.531312
849.356587
849.124311
848.835072
848.489604
848.088785
847.633633
847.125304
847.096661
847.604257
848.058753
848.458994
848.803963
849.092785
849.324727
849.499199
849.615761
849.674115
849.674115
849.615761
849.499199
849.324727
849.092785
848.803963
848.458994
848.058753
847.604257
847.096661
847.068060
847.574924
848.028764
848.428428
848.772900
849.061305
849.292912
849.467133
849.583526
849.641797
849.641797
849.583526
849.467133
849.292912
849.061305
848.772900
848.428428
848.028764
847.574924
847.068060
847.039500
847.545633
847.998819
848.397906
848.741881
849.029870
849.261143
849.435113
849.551339
849.609525
849.609525
849.551339
849.435113
849.261143
849.029870
848.741881
848.397906
847.998819
847.545633
847.039500
847.010982
847.516384
847.968917
848.367429
848.710907
848.998481
849.229421
849.403140
849.519197
849.577300
849.577300
849.519197
849.403140
849.229421
848.998481
848.710907
848.367429
847.968917
847.516384
847.010982
846.982504
847.487178
847.939058
848.336995
848.679978
848.967138
849.197744
849.371212
849.487103
849.545122
849.545122
849.487103
849.371212
849.197744
848.967138
848.679978
848.336995
847.939058
847.487178
846.982504
846.954068
847.458014
847.909242
848.306605
848.649094
848.935839
849.166113
849.339331
849.455055
849.512990
849.512990
849.455055
849.339331
849.166113
848.935839
848.649094
848.306605
847.909242
847.458014
846.954068
846.925673
847.428892
847.879469
848.276260
848.618255
848.904586
849.134528
849.307496
849.423053
849.480904
849.480904
849.423053
849.307496
849.134528
848.904586
848.618255
848.276260
847.879469
847.428892
846.925673
846.897318
847.399812
847.849740
848.245958
848.587460
848.873378
849.102989
849.275708
849.391097
849.448866
849.448866
849.391097
849.275708
849.102989
848.873378
848.587460
848.245958
847.849740
847.399812
846.897318
846.869005
847.370774
847.820053
848.215700
848.556709
848.842216
849.071495
849.243965
849.359188
849.416873
849.416873
849.359188
849.243965
849.071495
848.842216
848.556709
848.215700
847.820053
847.370774
846.869005
846.840732
847.341778
847.790409
848.185485
848.526003
848.811098
849.040047
849.212268
849.327325
849.384927
849.384927
849.327325
849.212268
849.040047
848.811098
848.526003
848.185485
847.790409
847.341778
846.840732
846.812501
847.312824
847.760808
848.155315
848.495342
848.780026
849.008644
849.180617
849.295508
849.353027
849.353027
849.295508
849.180617
849.008644
848.780026
848.495342
848.155315
847.760808
847.312824
846.812501
846.784310
847.283912
847.731250
848.125188
848.464724
848.748998
848.977287
849.149012
849.263738
849.321173
849.321173
849.263738
849.149012
848.977287
848.748998
848.464724
848.125188
847.731250
847.283912
846.784310
846.756159
847.255041
847.701735
848.095104
848.434152
848.718015
848.945975
849.117452
849.232013
849.289366
849.289366
849.232013
849.117452
848.945975
848.718015
848.434152
848.095104
847.701735
847.255041
846.756159
846.728050
847.226212
847.672262
848.065064
848.403623
848.687077
848.914708
849.085938
849.200334
849.257604
849.257604
849.200334
849.085938
848.914708
848.687077
848.403623
848.065064
847.672262
847.226212
846.728050
846.699980
847.197425
847.642831
848.035068
848.373138
848.656184
848.883487
849.054470
849.168701
849.225888
849.225888
849.168701
849.054470
848.883487
848.656184
848.373138
848.035068
847.642831
847.197425
846.699980
846.671952
847.168679
847.613444
848.005115
848.342698
848.625335
848.852311
849.023048
849.137113
849.194219
849.194219
849.137113
849.023048
848.852311
848.625335
848.342698
848.005115
847.613444
847.168679
846.671952
846.643964
847.139975
847.584098
847.975205
848.312301
848.594531
848.821180
848.991670
849.105572
849.162595
849.162595
849.105572
848.991670
848.821180
848.594531
848.312301
847.975205
847.584098
847.139975
846.643964
846.616016
847.111312
847.554795
847.945338
848.281949
848.563772
848.790093
848.960339
849.074076
849.131017
849.131017
849.074076
848.960339
848.790093
848.563772
848.281949
847.945338
847.554795
847.111312
846.616016
846.588108
847.082691
847.525535
847.915515
848.251640
848.533057
848.759052
848.929052
849.042625
849.099484
849.099484
849.042625
848.929052
848.759052
848.533057
848.251640
847.915515
847.525535
847.082691
846.588108
846.560241
847.054111
847.496316
847.885734
848.221375
848.502387
848.728056
848.897811
849.011220
849.067997
849.067997
849.011220
848.897811
848.728056
848.502387
848.221375
847.885734
847.496316
847.054111
846.560241
846.532414
847.025572
847.467140
847.855997
848.191154
848.471761
848.697105
848.866615
848.979861
849.036556
849.036556
848.979861
848.866615
848.697105
848.471761
848.191154
847.855997
847.467140
847.025572
846.532414
846.504627
846.997074
847.438006
847.826302
848.160976
848.441179
848.666198
848.835464
848.948547
849.005160
849.005160
848.948547
848.835464
848.666198
848.441179
848.160976
847.826302
847.438006
846.997074
846.504627
846.476880
846.968618
847.408914
847.796651
848.130842
848.410641
848.635336
848.804358
848.917278
848.973810
848.973810
848.917278
848.804358
848.635336
848.410641
848.130842
847.796651
847.408914
846.968618
846.476880
846.449173
846.940202
847.379864
847.767042
848.100752
848.380148
848.604519
848.773297
848.886055
848.942505
848.942505
848.886055
848.773297
848.604519
848.380148
848.100752
847.767042
847.379864
846.940202
846.449173
846.421507
846.911828
847.350856
847.737476
848.070705
848.349698
848.573746
848.742281
848.854876
848.911245
848.911245
848.854876
848.742281
848.573746
848.349698
848.070705
847.737476
847.350856
846.911828
846.421507
846.393880
846.883494
847.321890
847.707953
848.040702
848.319293
848.543018
848.711310
848.823743
848.880030
848.880030
848.823743
848.711310
848.543018
848.319293
848.040702
847.707953
847.321890
846.883494
846.393880
846.366293
846.855202
847.292966
847.678472
848.010742
848.288931
848.512334
848.680384
848.792655
848.848861
848.848861
848.792655
848.680384
848.512334
848.288931
848.010742
847.678472
847.292966
846.855202
846.366293
846.338745
846.826950
847.264083
847.649034
847.980825
848.258614
848.481695
848.649502
848.761611
848.817737
848.817737
848.761611
848.649502
848.481695
848.258614
847.980825
847.649034
847.264083
846.826950
846.338745
846.311238
846.798739
847.235242
847.619639
847.950952
848.228340
848.451100
848.618666
848.730613
848.786657
848.786657
848.730613
848.618666
848.451100
848.228340
847.950952
847.619639
847.235242
846.798739
846.311238
846.283770
846.770569
847.206443
847.590286
847.921121
848.198110
848.420549
848.587873
848.699659
848.755623
848.755623
848.699659
848.587873
848.420549
848.198110
847.921121
847.590286
847.206443
846.770569
846.283770
846.256341
846.742439
847.177686
847.560975
847.891334
848.167924
848.390042
848.557125
848.668750
848.724634
848.724634
848.668750
848.557125
848.390042
848.167924
847.891334
847.560975
847.177686
846.742439
846.256341
846.228953
846.714350
847.148969
847.531707
847.861590
848.137781
848.359579
848.526422
848.637886
848.693689
848.693689
848.637886
848.526422
848.359579
848.137781
847.861590
847.531707
847.148969
846.714350
846.228953
846.201603
846.686301
847.120295
847.502481
847.831889
848.107682
848.329161
848.495763
848.607067
848.662789
848.662789
848.607067
848.495763
848.329161
848.107682
847.831889
847.502481
847.120295
846.686301
846.201603
846.174293
846.658293
847.091662
847.473297
847.802230
848.077626
848.298786
848.465148
848.576292
848.631934
848.631934
848.576292
848.465148
848.298786
848.077626
847.802230
847.473297
847.091662
846.658293
846.174293
846.147023
846.630326
847.063070
847.444155
847.772615
848.047614
848.268455
848.434578
848.545561
848.601123
848.601123
848.545561
848.434578
848.268455
848.047614
847.772615
847.444155
847.063070
846.630326
846.147023
846.119792
846.602398
847.034519
847.415056
847.743042
848.017645
848.238168
848.404052
848.514875
848.570357
848.570357
848.514875
848.404052
848.238168
848.017645
847.743042
847.415056
847.034519
846.602398
846.119792
846.092600
846.574511
847.006009
847.385998
847.713512
847.987720
848.207925
848.373570
848.484234
848.539636
848.539636
848.484234
848.373570
848.207925
847.987720
847.713512
847.385998
847.006009
846.574511
846.092600
846.065447
846.546664
846.977541
847.356983
847.684025
847.957838
848.177726
848.343132
848.453636
848.508958
848.508958
848.453636
848.343132
848.177726
847.957838
847.684025
847.356983
846.977541
846.546664
846.065447
846.038334
846.518858
846.949114
847.328009
847.654580
847.927998
848.147570
848.312738
848.423083
848.478326
848.478326
848.423083
848.312738
848.147570
847.927998
847.654580
847.328009
846.949114
846.518858
846.038334
846.011259
846.491091
846.920728
847.299077
847.625178
847.898202
848.117458
848.282388
848.392574
848.447737
848.447737
848.392574
848.282388
848.117458
847.898202
847.625178
847.299077
846.920728
846.491091
846.011259
845.984224
846.463365
846.892382
847.270187
847.595818
847.868450
848.087389
848.252082
848.362109
848.417193
848.417193
848.362109
848.252082
848.087389
847.868450
847.595818
847.270187
846.892382
846.463365
845.984224
845.957227
846.435678
846.864078
847.241338
847.566501
847.838740
848.057364
848.221819
848.331688
848.386693
848.386693
848.331688
848.221819
848.057364
847.838740
847.566501
847.241338
846.864078
846.435678
845.957227
845.930270
846.408032
846.835815
847.212532
847.537226
847.809073
848.027382
848.191601
848.301311
848.356237
848.356237
848.301311
848.191601
848.027382
847.809073
847.537226
847.212532
846.835815
846.408032
845.930270
845.903351
846.380425
846.807592
847.183767
847.507993
847.779448
847.997444
848.161426
848.270979
848.325824
848.325824
848.270979
848.161426
847.997444
847.779448
847.507993
847.183767
846.807592
846.380425
845.903351
845.876471
846.352858
846.779410
847.155043
847.478803
847.749867
847.967548
848.131294
848.240689
848.295456
848.295456
848.240689
848.131294
847.967548
847.749867
847.478803
847.155043
846.779410
846.352858
845.876471
845.849630
846.325331
846.751269
847.126361
847.449654
847.720328
847.937696
848.101206
848.210444
848.265132
848.265132
848.210444
848.101206
847.937696
847.720328
847.449654
847.126361
846.751269
846.325331
845.849630
845.822827
846.297843
846.723168
847.097720
847.420548
847.690832
847.907887
848.071162
848.180242
848.234852
848.234852
848.180242
848.071162
847.907887
847.690832
847.420548
847.097720
846.723168
846.297843
845.822827
845.796063
846.270395
846.695108
847.069120
847.391484
847.661379
847.878121
848.041161
848.150084
848.204615
848.204615
848.150084
848.041161
847.878121
847.661379
847.391484
847.069120
846.695108
846.270395
845.796063
845.769338
846.242987
846.667088
847.040562
847.362461
847.631968
847.848398
848.011203
848.119970
848.174422
848.174422
848.119970
848.011203
847.848398
847.631968
847.362461
847.040562
846.667088
846.242987
845.769338
845.742651
846.215618
846.639109
847.012045
847.333481
847.602600
847.818719
847.981289
848.089899
848.144273
848.144273
848.089899
847.981289
847.818719
847.602600
847.333481
847.012045
846.639109
846.215618
845.742651
845.716003
846.188289
846.611170
846.983569
847.304542
847.573274
847.789081
847.951418
848.059872
848.114167
848.114167
848.059872
847.951418
847.789081
847.573274
847.304542
846.983569
846.611170
846.188289
845.716003
845.689393
846.160999
846.583271
846.955135
847.275646
847.543990
847.759487
847.921590
848.029887
848.084105
848.084105
848.029887
847.921590
847.759487
847.543990
847.275646
846.955135
846.583271
846.160999
845.689393
845.662821
846.133749
846.555413
846.926741
847.246791
847.514749
847.729936
847.891805
847.999947
848.054086
848.054086
847.999947
847.891805
847.729936
847.514749
847.246791
846.926741
846.555413
846.133749
845.662821
845.636288
846.106538
846.527594
846.898388
847.217977
847.485550
847.700427
847.862063
847.970049
848.024111
848.024111
847.970049
847.862063
847.700427
847.485550
847.217977
846.898388
846.527594
846.106538
845.636288
845.609793
846.079366
846.499816
846.870076
847.189205
847.456393
847.670960
847.832364
847.940195
847.994179
847.994179
847.940195
847.832364
847.670960
847.456393
847.189205
846.870076
846.499816
846.079366
845.609793
845.583336
846.052233
846.472078
846.841805
847.160475
847.427278
847.641537
847.802708
847.910384
847.964290
847.964290
847.910384
847.802708
847.641537
847.427278
847.160475
846.841805
846.472078
846.052233
845.583336
845.556917
846.025139
846.444380
846.813575
847.131786
847.398205
847.612156
847.773095
847.880616
847.934444
847.934444
847.880616
847.773095
847.612156
847.398205
847.131786
846.813575
846.444380
846.025139
845.556917
845.530536
845.998084
846.416722
846.785386
847.103139
847.369174
847.582817
847.743525
847.850890
847.904641
847.904641
847.850890
847.743525
847.582817
847.369174
847.103139
846.785386
846.416722
845.998084
845.530536
845.504193
845.971068
846.389104
846.757237
847.074533
847.340185
847.553520
847.713997
847.821208
847.874882
847.874882
847.821208
847.713997
847.553520
847.340185
847.074533
846.757237
846.389104
845.971068
845.504193
845.477888
845.944092
846.361526
846.729129
847.045968
847.311238
847.524266
847.684512
847.791569
847.845165
847.845165
847.791569
847.684512
847.524266
847.311238
847.045968
846.729129
846.361526
845.944092
845.477888
845.451621
845.917154
846.333987
846.701061
847.017444
847.282333
847.495054
847.655070
847.761972
847.815492
847.815492
847.761972
847.655070
847.495054
847.282333
847.017444
846.701061
846.333987
845.917154
845.451621
845.425392
845.890255
846.306488
846.673034
846.988962
847.253469
847.465885
847.625670
847.732419
847.785861
847.785861
847.732419
847.625670
847.465885
847.253469
846.988962
846.673034
846.306488
845.890255
845.425392
845.399201
845.863394
846.279029
846.645047
846.960521
847.224647
847.436757
847.596312
847.702907
847.756273
847.756273
847.702907
847.596312
847.436757
847.224647
846.960521
846.645047
846.279029
845.863394
845.399201
845.373047
845.836573
846.251609
846.617101
846.932120
847.195867
847.407672
847.566997
847.673439
847.726727
847.726727
847.673439
847.566997
847.407672
847.195867
846.932120
846.617101
846.251609
845.836573
845.373047
845.346931
845.809790
846.224229
846.589195
846.903761
847.167128
847.378628
847.537724
847.644013
847.697225
847.697225
847.644013
847.537724
847.378628
847.167128
846.903761
846.589195
846.224229
845.809790
845.346931
845.320853
845.783045
846.196888
846.561329
846.875443
847.138431
847.349626
847.508494
847.614630
847.667765
847.667765
847.614630
847.508494
847.349626
847.138431
846.875443
846.561329
846.196888
845.783045
845.320853
845.294812
845.756340
846.169587
846.533504
846.847165
847.109775
847.320667
847.479305
847.585289
847.638347
847.638347
847.585289
847.479305
847.320667
847.109775
846.847165
846.533504
846.169587
845.756340
845.294812
845.268809
845.729672
846.142325
846.505718
846.818928
847.081160
847.291749
847.450159
847.555990
847.608972
847.608972
847.555990
847.450159
847.291749
847.081160
846.818928
846.505718
846.142325
845.729672
845.268809
845.242843
845.703043
846.115102
846.477973
846.790732
847.052587
847.262873
847.421055
847.526733
847.579640
847.579640
847.526733
847.421055
847.262873
847.052587
846.790732
846.477973
846.115102
845.703043
845.242843
845.216914
845.676453
846.087919
846.450267
846.762577
847.024055
847.234038
847.391993
847.497519
847.550350
847.550350
847.497519
847.391993
847.234038
847.024055
846.762577
846.450267
846.087919
845.676453
845.216914
845.191023
845.649900
846.060775
846.422602
846.734462
846.995564
847.205245
847.362973
847.468347
847.521102
847.521102
847.468347
847.362973
847.205245
846.995564
846.734462
846.422602
846.060775
845.649900
845.191023
845.165169
845.623386
846.033670
846.394976
846.706388
846.967114
847.176494
847.333995
847.439218
847.491896
847.491896
847.439218
847.333995
847.176494
846.967114
846.706388
846.394976
846.033670
845.623386
845.165169
845.139352
845.596911
846.006604
846.367391
846.678354
846.938706
847.147784
847.305058
847.410130
847.462732
847.462732
847.410130
847.305058
847.147784
846.938706
846.678354
846.367391
846.006604
845.596911
845.139352
845.113573
845.570473
845.979577
846.339845
846.650361
846.910338
847.119115
847.276163
847.381084
847.433611
847.433611
847.381084
847.276163
847.119115
846.910338
846.650361
846.339845
845.979577
845.570473
845.113573
845.087830
845.544073
845.952589
846.312338
846.622408
846.882011
847.090488
847.247311
847.352080
847.404531
847.404531
847.352080
847.247311
847.090488
846.882011
846.622408
846.312338
845.952589
845.544073
845.087830
845.062125
845.517712
845.925640
846.284872
846.594496
846.853725
847.061902
847.218499
847.323118
847.375494
847.375494
847.323118
847.218499
847.061902
846.853725
846.594496
846.284872
845.925640
845.517712
845.062125
845.036457
845.491388
845.898729
846.257445
846.566623
846.825480
847.033358
847.189729
847.294198
847.346499
847.346499
847.294198
847.189729
847.033358
846.825480
846.566623
846.257445
845.898729
845.491388
845.036457
845.010825
845.465102
845.871858
846.230057
846.538791
846.797276
847.004855
847.161001
847.265319
847.317545
847.317545
847.265319
847.161001
847.004855
846.797276
846.538791
846.230057
845.871858
845.465102
845.010825
844.985231
845.438855
845.845025
846.202709
846.510999
846.769112
846.976392
847.132314
847.236483
847.288633
847.288633
847.236483
847.132314
846.976392
846.769112
846.510999
846.202709
845.845025
845.438855
844.985231
844.959673
845.412645
845.818231
846.175401
846.483247
846.740989
846.947971
847.103669
847.207688
847.259763
847.259763
847.207688
847.103669
846.947971
846.740989
846.483247
846.175401
845.818231
845.412645
844.959673
844.934152
845.386472
845.791475
846.148132
846.455536
846.712906
846.919591
847.075065
847.178934
847.230934
847.230934
847.178934
847.075065
846.919591
846.712906
846.455536
846.148132
845.791475
845.386472
844.934152
844.908668
845.360338
845.764758
846.120902
846.427864
846.684864
846.891252
847.046502
847.150222
847.202147
847.202147
847.150222
847.046502
846.891252
846.684864
846.427864
846.120902
845.764758
845.360338
844.908668
844.883220
845.334241
845.738080
846.093711
846.400232
846.656863
846.862954
847.017981
847.121551
847.173402
847.173402
847.121551
847.017981
846.862954
846.656863
846.400232
846.093711
845.738080
845.334241
844.883220
844.857810
845.308181
845.711440
846.066560
846.372639
846.628902
846.834696
846.989500
847.092922
847.144698
847.144698
847.092922
846.989500
846.834696
846.628902
846.372639
846.066560
845.711440
845.308181
844.857810
844.832435
845.282159
845.684838
846.039447
846.345087
846.600981
846.806479
846.961061
847.064334
847.116036
847.116036
847.064334
846.961061
846.806479
846.600981
846.345087
846.039447
845.684838
845.282159
844.832435
844.807098
845.256175
845.658275
846.012374
846.317574
846.573100
846.778303
846.932663
847.035787
847.087415
847.087415
847.035787
846.932663
846.778303
846.573100
846.317574
846.012374
845.658275
845.256175
844.807098
844.781796
845.230228
845.631749
845.985340
846.290101
846.545260
846.750168
846.904305
847.007281
847.058835
847.058835
847.007281
846.904305
846.750168
846.545260
846.290101
845.985340
845.631749
845.230228
844.781796
844.756531
845.204318
845.605262
845.958345
846.262668
846.517460
846.722073
846.875989
846.978817
847.030296
847.030296
846.978817
846.875989
846.722073
846.517460
846.262668
845.958345
845.605262
845.204318
844.756531
844.731303
845.178446
845.578814
845.931388
846.235274
846.489699
846.694019
846.847713
846.950393
847.001799
847.001799
846.950393
846.847713
846.694019
846.489699
846.235274
845.931388
845.578814
845.178446
844.731303
844.706110
845.152611
845.552403
845.904471
846.207920
846.461979
846.666005
846.819479
846.922011
846.973342
846.973342
846.922011
846.819479
846.666005
846.461979
846.207920
845.904471
845.552403
845.152611
844.706110
844.680954
845.126813
845.526030
845.877592
846.180605
846.434299
846.638031
846.791284
846.893670
846.944927
846.944927
846.893670
846.791284
846.638031
846.434299
846.180605
845.877592
845.526030
845.126813
844.680954
844.655834
845.101052
845.499696
845.850752
846.153329
846.406659
846.610098
846.763131
846.865369
846.916553
846.916553
846.865369
846.763131
846.610098
846.406659
846.153329
845.850752
845.499696
845.101052
844.655834
844.630751
845.075329
845.473399
845.823951
846.126093
846.379058
846.582205
846.735018
846.837109
846.888220
846.888220
846.837109
846.735018
846.582205
846.379058
846.126093
845.823951
845.473399
845.075329
844.630751
844.605703
845.049642
845.447140
845.797188
846.098896
846.351498
846.554353
846.706946
846.808890
846.859927
846.859927
846.808890
846.706946
846.554353
846.351498
846.098896
845.797188
845.447140
845.049642
844.605703
844.580692
845.023992
845.420919
845.770464
846.071738
846.323977
846.526540
846.678914
846.780712
846.831675
846.831675
846.780712
846.678914
846.526540
846.323977
846.071738
845.770464
845.420919
845.023992
844.580692
844.555716
844.998379
845.394736
845.743778
846.044619
846.296496
846.498768
846.650923
846.752574
846.803465
846.803465
846.752574
846.650923
846.498768
846.296496
846.044619
845.743778
845.394736
844.998379
844.555716
844.530776
844.972803
845.368590
845.717131
846.017540
846.269054
846.471036
846.622972
846.724477
846.775294
846.775294
846.724477
846.622972
846.471036
846.269054
846.017540
845.717131
845.368590
844.972803
844.530776
844.505872
844.947264
845.342482
845.690522
845.990499
846.241652
846.443343
846.595061
846.696421
846.747165
846.747165
846.696421
846.595061
846.443343
846.241652
845.990499
845.690522
845.342482
844.947264
844.505872
844.481004
844.921762
845.316412
845.663951
845.963497
846.214289
846.415691
846.567191
846.668405
846.719076
846.719076
846.668405
846.567191
846.415691
846.214289
845.963497
845.663951
845.316412
844.921762
844.481004
844.456172
844.896296
845.290379
845.637419
845.936535
846.186966
846.388078
846.539360
846.640429
846.691027
846.691027
846.640429
846.539360
846.388078
846.186966
845.936535
845.637419
845.290379
844.896296
844.456172
844.431376
844.870867
845.264384
845.610925
845.909611
846.159683
846.360506
846.511570
846.612493
846.663019
846.663019
846.612493
846.511570
846.360506
846.159683
845.909611
845.610925
845.264384
844.870867
844.431376
844.406615
844.845475
845.238426
845.584469
845.882726
846.132438
846.332973
846.483820
846.584598
846.635051
846.635051
846.584598
846.483820
846.332973
846.132438
845.882726
845.584469
845.238426
844.845475
844.406615
844.381890
844.820119
845.212505
845.558052
845.855879
846.105233
846.305479
846.456110
846.556743
846.607124
846.607124
846.556743
846.456110
846.305479
846.105233
845.855879
845.558052
845.212505
844.820119
844.381890
844.357200
844.794800
845.186622
845.531672
845.829072
846.078067
846.278026
846.428440
846.528929
846.579237
846.579237
846.528929
846.428440
846.278026
846.078067
845.829072
845.531672
845.186622
844.794800
844.357200
844.332546
844.769517
845.160776
845.505330
845.802303
846.050940
846.250612
846.400810
846.501154
846.551390
846.551390
846.501154
846.400810
846.250612
846.050940
845.802303
845.505330
845.160776
844.769517
844.332546
844.307927
844.744270
845.134968
845.479026
845.775572
846.023853
846.223237
846.373219
846.473420
846.523583
846.523583
846.473420
846.373219
846.223237
846.023853
845.775572
845.479026
845.134968
844.744270
844.307927
844.283344
844.719060
845.109196
845.452760
845.748880
845.996804
846.195902
846.345669
846.445725
846.495817
846.495817
846.445725
846.345669
846.195902
845.996804
845.748880
845.452760
845.109196
844.719060
844.283344
844.258796
844.693886
845.083461
845.426532
845.722227
845.969794
846.168606
846.318158
846.418070
846.468090
846.468090
846.418070
846.318158
846.168606
845.969794
845.722227
845.426532
845.083461
844.693886
844.258796
844.234283
844.668748
845.057764
845.400342
845.695612
845.942823
846.141350
846.290687
846.390456
846.440403
846.440403
846.390456
846.290687
846.141350
845.942823
845.695612
845.400342
845.057764
844.668748
844.234283
844.209805
844.643646
845.032103
845.374189
845.669035
845.915891
846.114132
846.263255
846.362881
846.412757
846.412757
846.362881
846.263255
846.114132
845.915891
845.669035
845.374189
845.032103
844.643646
844.209805
844.185363
844.618581
845.006480
845.348074
845.642496
845.888998
846.086954
846.235863
846.335345
846.385150
846.385150
846.335345
846.235863
846.086954
845.888998
845.642496
845.348074
845.006480
844.618581
844.185363
844.160956
844.593551
844.980893
845.321997
845.615996
845.862144
846.059816
846.208510
846.307850
846.357583
846.357583
846.307850
846.208510
846.059816
845.862144
845.615996
845.321997
844.980893
844.593551
844.160956
844.136584
844.568558
844.955343
845.295957
845.589534
845.835328
846.032716
846.181197
846.280394
846.330055
846.330055
846.280394
846.181197
846.032716
845.835328
845.589534
845.295957
844.955343
844.568558
844.136584
844.112247
844.543600
844.929830
845.269955
845.563110
845.808551
846.005655
846.153923
846.252977
846.302568
846.302568
846.252977
846.153923
846.005655
845.808551
845.563110
845.269955
844.929830
844.543600
844.112247
844.087945
844.518679
844.904354
845.243990
845.536724
845.781812
845.978634
846.126688
846.225601
846.275119
846.275119
846.225601
846.126688
845.978634
845.781812
845.536724
845.243990
844.904354
844.518679
844.087945
844.063678
844.493793
844.878914
845.218062
845.510376
845.755112
845.951651
846.099493
846.198263
846.247711
846.247711
846.198263
846.099493
845.951651
845.755112
845.510376
845.218062
844.878914
844.493793
844.063678
844.039446
844.468943
844.853511
845.192172
845.484066
845.728451
845.924707
846.072337
846.170965
846.220342
846.220342
846.170965
846.072337
845.924707
845.728451
845.484066
845.192172
844.853511
844.468943
844.039446
844.015248
844.444129
844.828144
845.166319
845.457794
845.701828
845.897802
846.045220
846.143706
846.193012
846.193012
846.143706
846.045220
845.897802
845.701828
845.457794
845.166319
844.828144
844.444129
844.015248
843.991086
844.419350
844.802814
845.140503
845.431559
845.675243
845.870936
846.018142
846.116487
846.165722
846.165722
846.116487
846.018142
845.870936
845.675243
845.431559
845.140503
844.802814
844.419350
843.991086
843.966958
844.394607
844.777521
845.114725
845.405363
845.648696
845.844108
845.991103
846.089307
846.138471
846.138471
846.089307
845.991103
845.844108
845.648696
845.405363
845.114725
844.777521
844.394607
843.966958
843.942865
844.369900
844.752264
845.088983
845.379204
845.622188
845.817320
845.964103
846.062166
846.111260
846.111260
846.062166
845.964103
845.817320
845.622188
845.379204
845.088983
844.752264
844.369900
843.942865
843.918806
844.345228
844.727043
845.063279
845.353083
845.595718
845.790569
845.937142
846.035064
846.084087
846.084087
846.035064
845.937142
845.790569
845.595718
845.353083
845.063279
844.727043
844.345228
843.918806
843.894782
844.320592
844.701858
845.037611
845.326999
845.569286
845.763857
845.910220
846.008001
846.056954
846.056954
846.008001
845.910220
845.763857
845.569286
845.326999
845.037611
844.701858
844.320592
843.894782
843.870793
844.295991
844.676710
845.011981
845.300953
845.542892
845.737184
845.883336
845.980977
846.029860
846.029860
845.980977
845.883336
845.737184
845.542892
845.300953
845.011981
844.676710
844.295991
843.870793
843.846838
844.271425
844.651597
844.986387
845.274944
845.516536
845.710549
845.856491
845.953992
846.002805
846.002805
845.953992
845.856491
845.710549
845.516536
845.274944
844.986387
844.651597
844.271425
843.846838
843.822917
844.246895
844.626521
844.960830
845.248973
845.490218
845.683953
845.829685
845.927046
845.975788
845.975788
845.927046
845.829685
845.683953
845.490218
845.248973
844.960830
844.626521
844.246895
843.822917
843.799031
844.222400
844.601481
844.935310
845.223040
845.463938
845.657394
845.802918
845.900139
845.948811
845.948811
845.900139
845.802918
845.657394
845.463938
845.223040
844.935310
844.601481
844.222400
843.799031
843.775179
844.197941
844.576477
844.909827
845.197143
845.437696
845.630874
845.776189
845.873270
845.921873
845.921873
845.873270
845.776189
845.630874
845.437696
845.197143
844.909827
844.576477
844.197941
843.775179
843.751361
844.173516
844.551509
844.884381
845.171284
845.411491
845.604393
845.749498
845.846441
845.894973
845.894973
845.846441
845.749498
845.604393
845.411491
845.171284
844.884381
844.551509
844.173516
843.751361
843.727578
844.149126
844.526577
844.858971
845.145462
845.385325
845.577949
845.722846
845.819649
845.868112
845.868112
845.819649
845.722846
845.577949
845.385325
845.145462
844.858971
844.526577
844.149126
843.727578
843.703829
844.124772
844.501681
844.833597
845.119677
845.359196
845.551543
845.696233
845.792897
845.841290
845.841290
845.792897
845.696233
845.551543
845.359196
845.119677
844.833597
844.501681
844.124772
843.703829
843.680114
844.100453
844.476820
844.808260
845.093930
845.333104
845.525176
845.669658
845.766183
845.814507
845.814507
845.766183
845.669658
845.525176
845.333104
845.093930
844.808260
844.476820
844.100453
843.680114
843.656432
844.076168
844.451996
844.782960
845.068219
845.307050
845.498846
845.643121
845.739507
845.787762
845.787762
845.739507
845.643121
845.498846
845.307050
845.068219
844.782960
844.451996
844.076168
843.656432
843.632785
844.051919
844.427207
844.757695
845.042546
845.281034
845.472554
845.616622
845.712870
845.761055
845.761055
845.712870
845.616622
845.472554
845.281034
845.042546
844.757695
844.427207
844.051919
843.632785
843.609172
844.027704
844.402453
844.732468
845.016909
845.255055
845.446301
845.590161
845.686271
845.734387
845.734387
845.686271
845.590161
845.446301
845.255055
845.016909
844.732468
844.402453
844.027704
843.609172
843.585593
844.003524
844.377735
844.707276
844.991309
845.229113
845.420085
845.563739
845.659711
845.707758
845.707758
845.659711
845.563739
845.420085
845.229113
844.991309
844.707276
844.377735
844.003524
843.585593
843.562048
843.979379
844.353053
844.682121
844.965746
845.203209
845.393906
845.537354
845.633189
845.681167
845.681167
845.633189
845.537354
845.393906
845.203209
844.965746
844.682121
844.353053
843.979379
843.562048
843.538537
843.955269
844.328406
844.657002
844.940220
845.177342
845.367766
845.511008
845.606705
845.654614
845.654614
845.606705
845.511008
845.367766
845.177342
844.940220
844.657002
844.328406
843.955269
843.538537
843.515059
843.931193
844.303795
844.631919
844.914731
845.151512
845.341663
845.484699
845.580259
845.628099
845.628099
845.580259
845.484699
845.341663
845.151512
844.914731
844.631919
844.303795
843.931193
843.515059
843.491615
843.907152
844.279219
844.606872
844.889278
845.125720
845.315597
845.458428
845.553851
845.601623
845.601623
845.553851
845.458428
845.315597
845.125720
844.889278
844.606872
844.279219
843.907152
843.491615
843.468205
843.883145
844.254679
844.581861
844.863862
845.099964
845.289569
845.432195
845.527481
845.575184
845.575184
845.527481
845.432195
845.289569
845.099964
844.863862
844.581861
844.254679
843.883145
843.468205
843.444828
843.859173
844.230173
844.556886
844.838482
845.074246
845.263579
845.406000
845.501149
845.548784
845.548784
845.501149
845.406000
845.263579
845.074246
844.838482
844.556886
844.230173
843.859173
843.444828
843.421485
843.835235
844.205703
844.531948
844.813139
845.048565
845.237626
845.379843
845.474855
845.522422
845.522422
845.474855
845.379843
845.237626
845.048565
844.813139
844.531948
844.205703
843.835235
843.421485
843.398175
843.811332
844.181268
844.507044
844.787833
845.022920
845.211710
845.353723
845.448599
845.496097
845.496097
845.448599
845.353723
845.211710
845.022920
844.787833
844.507044
844.181268
843.811332
843.398175
843.374899
843.787463
844.156868
844.482177
844.762563
844.997313
845.185832
845.327641
845.422381
845.469811
845.469811
845.422381
845.327641
845.185832
844.997313
844.762563
844.482177
844.156868
843.787463
843.374899
843.351657
843.763628
844.132504
844.457346
844.737329
844.971742
845.159990
845.301596
845.396200
845.443562
845.443562
845.396200
845.301596
845.159990
844.971742
844.737329
844.457346
844.132504
843.763628
843.351657
843.328447
843.739828
844.108174
844.432550
844.712131
844.946208
845.134187
845.275589
845.370057
845.417351
845.417351
845.370057
845.275589
845.134187
844.946208
844.712131
844.432550
844.108174
843.739828
843.328447
843.305271
843.716062
844.083879
844.407790
844.686970
844.920711
845.108420
845.249619
845.343952
845.391178
845.391178
845.343952
845.249619
845.108420
844.920711
844.686970
844.407790
844.083879
843.716062
843.305271
843.282129
843.692329
844.059619
844.383065
844.661845
844.895251
845.082690
845.223687
845.317884
845.365043
845.365043
845.317884
845.223687
845.082690
844.895251
844.661845
844.383065
844.059619
843.692329
843.282129
843.259019
843.668631
844.035395
844.358376
844.636756
844.869827
845.056997
845.197792
845.291854
845.338945
845.338945
845.291854
845.197792
845.056997
844.869827
844.636756
844.358376
844.035395
843.668631
843.259019
843.235943
843.644968
844.011204
844.333723
844.611703
844.844440
845.031341
845.171934
845.265861
845.312885
845.312885
845.265861
845.171934
845.031341
844.844440
844.611703
844.333723
844.011204
843.644968
843.235943
843.212900
843.621338
843.987049
844.309105
844.586686
844.819089
845.005723
845.146114
845.239906
845.286862
845.286862
845.239906
845.146114
845.005723
844.819089
844.586686
844.309105
843.987049
843.621338
843.212900
843.189890
843.597742
843.962928
844.284522
844.561705
844.793775
844.980141
845.120330
845.213988
845.260877
845.260877
845.213988
845.120330
844.980141
844.793775
844.561705
844.284522
843.962928
843.597742
843.189890
843.166913
843.574179
843.938842
844.259975
844.536760
844.768497
844.954595
845.094584
845.188108
845.234929
845.234929
845.188108
845.094584
844.954595
844.768497
844.536760
844.259975
843.938842
843.574179
843.166913
843.143969
843.550651
843.914791
844.235463
844.511851
844.743255
844.929087
845.068875
845.162264
845.209018
845.209018
845.162264
845.068875
844.929087
844.743255
844.511851
844.235463
843.914791
843.550651
843.143969
843.121057
843.527157
843.890774
844.210986
844.486978
844.718050
844.903615
845.043203
845.136458
845.183145
845.183145
845.136458
845.043203
844.903615
844.718050
844.486978
844.210986
843.890774
843.527157
843.121057
843.098179
843.503696
843.866792
844.186544
844.462141
844.692881
844.878180
845.017567
845.110689
845.157309
845.157309
845.110689
845.017567
844.878180
844.692881
844.462141
844.186544
843.866792
843.503696
843.098179
843.075334
843.480269
843.842844
844.162138
844.437339
844.667748
844.852782
844.991969
845.084957
845.131510
845.131510
845.084957
844.991969
844.852782
844.667748
844.437339
844.162138
843.842844
843.480269
843.075334
843.052521
843.456875
843.818931
844.137766
844.412573
844.642652
844.827420
844.966407
845.059262
845.105748
845.105748
845.059262
844.966407
844.827420
844.642652
844.412573
844.137766
843.818931
843.456875
843.052521
843.029741
843.433516
843.795051
844.113430
844.387842
844.617591
844.802094
844.940882
845.033604
845.080024
845.080024
845.033604
844.940882
844.802094
844.617591
844.387842
844.113430
843.795051
843.433516
843.029741
843.006994
843.410189
843.771207
844.089129
844.363147
844.592567
844.776805
844.915394
845.007983
845.054336
845.054336
845.007983
844.915394
844.776805
844.592567
844.363147
844.089129
843.771207
843.410189
843.006994
842.984280
843.386897
843.747396
844.064862
844.338488
844.567578
844.751552
844.889943
844.982399
845.028685
845.028685
844.982399
844.889943
844.751552
844.567578
844.338488
844.064862
843.747396
843.386897
842.984280
842.961598
843.363637
843.723620
844.040630
844.313864
844.542626
844.726336
844.864528
844.956851
845.003071
845.003071
844.956851
844.864528
844.726336
844.542626
844.313864
844.040630
843.723620
843.363637
842.961598
842.938948
843.340411
843.699878
844.016434
844.289275
844.517709
844.701156
844.839150
844.931340
844.977494
844.977494
844.931340
844.839150
844.701156
844.517709
844.289275
844.016434
843.699878
843.340411
842.938948
842.916332
843.317219
843.676170
843.992272
844.264722
844.492828
844.676012
844.813808
844.905867
844.951954
844.951954
844.905867
844.813808
844.676012
844.492828
844.264722
843.992272
843.676170
843.317219
842.916332
842.893747
843.294060
843.652496
843.968144
844.240204
844.467983
844.650904
844.788503
844.880429
844.926451
844.926451
844.880429
844.788503
844.650904
844.467983
844.240204
843.968144
843.652496
843.294060
842.893747
842.871195
843.270934
843.628856
843.944052
844.215721
844.443174
844.625833
844.763234
844.855028
844.900984
844.900984
844.855028
844.763234
844.625833
844.443174
844.215721
843.944052
843.628856
843.270934
842.871195
842.848676
843.247841
843.605250
843.919994
844.191274
844.418400
844.600797
844.738001
844.829664
844.875554
844.875554
844.829664
844.738001
844.600797
844.418400
844.191274
843.919994
843.605250
843.247841
842.848676
842.826188
843.224781
843.581677
843.895970
844.166861
844.393662
844.575797
844.712805
844.804336
844.850160
844.850160
844.804336
844.712805
844.575797
844.393662
844.166861
843.895970
843.581677
843.224781
842.826188
842.803733
843.201754
843.558139
843.871981
844.142484
844.368960
844.550834
844.687645
844.779045
844.824803
844.824803
844.779045
844.687645
844.550834
844.368960
844.142484
843.871981
843.558139
843.201754
842.803733
842.781310
843.178761
843.534635
843.848027
844.118142
844.344293
844.525906
844.662521
844.753790
844.799483
844.799483
844.753790
844.662521
844.525906
844.344293
844.118142
843.848027
843.534635
843.178761
842.781310
842.758920
843.155800
843.511164
843.824107
844.093834
844.319661
844.501014
844.637433
844.728572
844.774199
844.774199
844.728572
844.637433
844.501014
844.319661
844.093834
843.824107
843.511164
843.155800
842.758920
842.736561
843.132873
843.487727
843.800221
844.069562
844.295065
844.476158
844.612381
844.703389
844.748951
844.748951
844.703389
844.612381
844.476158
844.295065
844.069562
843.800221
843.487727
843.132873
842.736561
842.714235
843.109978
843.464324
843.776370
844.045324
844.270504
844.451338
844.587366
844.678243
844.723740
844.723740
844.678243
844.587366
844.451338
844.270504
844.045324
843.776370
843.464324
843.109978
842.714235
842.691940
843.087116
843.440954
843.752553
844.021122
844.245979
844.426553
844.562386
844.653133
844.698564
844.698564
844.653133
844.562386
844.426553
844.245979
844.021122
843.752553
843.440954
843.087116
842.691940
842.669678
843.064288
843.417618
843.728770
843.996954
844.221488
844.401804
844.537442
844.628059
844.673425
844.673425
844.628059
844.537442
844.401804
844.221488
843.996954
843.728770
843.417618
843.064288
842.669678
842.647447
843.041491
843.394315
843.705021
843.972821
844.197033
844.377090
844.512534
844.603021
844.648323
844.648323
844.603021
844.512534
844.377090
844.197033
843.972821
843.705021
843.394315
843.041491
842.647447
842.625249
843.018728
843.371046
843.681307
843.948722
844.172614
844.352412
844.487662
844.578020
844.623256
844.623256
844.578020
844.487662
844.352412
844.172614
843.948722
843.681307
843.371046
843.018728
842.625249
842.603082
842.995997
843.347810
843.657626
843.924658
844.148229
844.327770
844.462826
844.553054
844.598225
844.598225
844.553054
844.462826
844.327770
844.148229
843.924658
843.657626
843.347810
842.995997
842.603082
842.580947
842.973299
843.324607
843.633979
843.900629
844.123879
844.303163
844.438025
844.528124
844.573230
844.573230
844.528124
844.438025
844.303163
844.123879
843.900629
843.633979
843.324607
842.973299
842.580947
842.558844
842.950633
843.301438
843.610367
843.876634
844.099564
844.278591
844.413260
844.503230
844.548272
844.548272
844.503230
844.413260
844.278591
844.099564
843.876634
843.610367
843.301438
842.950633
842.558844
842.536772
842.928000
843.278302
843.586788
843.852674
844.075285
844.254055
844.388531
844.478371
844.523349
844.523349
844.478371
844.388531
844.254055
844.075285
843.852674
843.586788
843.278302
842.928000
842.536772
842.514732
842.905400
843.255200
843.563243
843.828748
844.051040
844.229554
844.363837
844.453549
844.498462
844.498462
844.453549
844.363837
844.229554
844.051040
843.828748
843.563243
843.255200
842.905400
842.514732
842.492724
842.882831
843.232130
843.539732
843.804857
844.026830
844.205088
844.339178
844.428762
844.473610
844.473610
844.428762
844.339178
844.205088
844.026830
843.804857
843.539732
843.232130
842.882831
842.492724
842.470747
842.860296
843.209094
843.516255
843.780999
844.002654
844.180657
844.314555
844.404010
844.448795
844.448795
844.404010
844.314555
844.180657
844.002654
843.780999
843.516255
843.209094
842.860296
842.470747
842.448802
842.837792
843.186090
843.492812
843.757177
843.978514
844.156261
844.289968
844.379295
844.424015
844.424015
844.379295
844.289968
844.156261
843.978514
843.757177
843.492812
843.186090
842.837792
842.448802
842.426888
842.815321
843.163120
843.469402
843.733388
843.954408
844.131901
844.265416
844.354615
844.399271
844.399271
844.354615
844.265416
844.131901
843.954408
843.733388
843.469402
843.163120
842.815321
842.426888
842.405006
842.792882
843.140183
843.446026
843.709633
843.930337
844.107575
844.240899
844.329970
844.374562
844.374562
844.329970
844.240899
844.107575
843.930337
843.709633
843.446026
843.140183
842.792882
842.405006
842.383155
842.770475
843.117278
843.422683
843.685913
843.906300
844.083284
844.216417
844.305360
844.349889
844.349889
844.305360
844.216417
844.083284
843.906300
843.685913
843.422683
843.117278
842.770475
842.383155
842.361336
842.748101
843.094407
843.399374
843.662227
843.882298
844.059029
844.191971
844.280787
844.325251
844.325251
844.280787
844.191971
844.059029
843.882298
843.662227
843.399374
843.094407
842.748101
842.361336
842.339547
842.725758
843.071568
843.376098
843.638574
843.858330
844.034808
844.167559
844.256248
844.300649
844.300649
844.256248
844.167559
844.034808
843.858330
843.638574
843.376098
843.071568
842.725758
842.339547
842.317790
842.703448
843.048762
843.352856
843.614956
843.834397
844.010622
844.143183
844.231745
844.276082
844.276082
844.231745
844.143183
844.010622
843.834397
843.614956
843.352856
843.048762
842.703448
842.317790
842.296064
842.681169
843.025989
843.329647
843.591372
843.810498
843.986470
844.118842
844.207276
844.251550
844.251550
844.207276
844.118842
843.986470
843.810498
843.591372
843.329647
843.025989
842.681169
842.296064
842.274370
842.658923
843.003249
843.306471
843.567821
843.786634
843.962354
844.094536
844.182843
844.227054
844.227054
844.182843
844.094536
843.962354
843.786634
843.567821
843.306471
843.003249
842.658923
842.274370
842.252706
842.636708
842.980541
843.283329
843.544304
843.762803
843.938272
844.070264
844.158446
844.202592
844.202592
844.158446
844.070264
843.938272
843.762803
843.544304
843.283329
842.980541
842.636708
842.252706
842.231074
842.614526
842.957865
843.260220
843.520821
843.739007
843.914224
844.046028
844.134083
844.178166
844.178166
844.134083
844.046028
843.914224
843.739007
843.520821
843.260220
842.957865
842.614526
842.231074
842.209472
842.592375
842.935223
843.237144
843.497372
843.715246
843.890212
844.021826
844.109755
844.153775
844.153775
844.109755
844.021826
843.890212
843.715246
843.497372
843.237144
842.935223
842.592375
842.209472
842.187902
842.570256
842.912612
843.214101
843.473956
843.691518
843.866233
843.997659
844.085462
844.129419
844.129419
844.085462
843.997659
843.866233
843.691518
843.473956
843.214101
842.912612
842.570256
842.187902
842.166362
842.548168
842.890035
843.191092
843.450574
843.667824
843.842289
843.973527
844.061204
844.105099
844.105099
844.061204
843.973527
843.842289
843.667824
843.450574
843.191092
842.890035
842.548168
842.166362
842.144853
842.526113
842.867489
843.168115
843.427226
843.644165
843.818380
843.949430
844.036981
844.080813
844.080813
844.036981
843.949430
843.818380
843.644165
843.427226
843.168115
842.867489
842.526113
842.144853
842.123375
842.504089
842.844976
843.145171
843.403911
843.620539
843.794505
843.925367
844.012793
844.056561
844.056561
844.012793
843.925367
843.794505
843.620539
843.403911
843.145171
842.844976
842.504089
842.123375
842.101928
842.482096
842.822495
843.122260
843.380630
843.596947
843.770664
843.901338
843.988639
844.032345
844.032345
843.988639
843.901338
843.770664
843.596947
843.380630
843.122260
842.822495
842.482096
842.101928
842.080512
842.460135
842.800047
843.099383
843.357382
843.573390
843.746857
843.877345
843.964520
844.008164
844.008164
843.964520
843.877345
843.746857
843.573390
843.357382
843.099383
842.800047
842.460135
842.080512
842.059126
842.438206
842.777631
843.076537
843.334167
843.549866
843.723085
843.853385
843.940436
843.984017
843.984017
843.940436
843.853385
843.723085
843.549866
843.334167
843.076537
842.777631
842.438206
842.059126
842.037771
842.416308
842.755246
843.053725
843.310986
843.526375
843.699346
843.829460
843.916387
843.959905
843.959905
843.916387
843.829460
843.699346
843.526375
843.310986
843.053725
842.755246
842.416308
842.037771
842.016447
842.394441
842.732894
843.030946
843.287838
843.502919
843.675642
843.805570
843.892372
843.935828
843.935828
843.892372
843.805570
843.675642
843.502919
843.287838
843.030946
842.732894
842.394441
842.016447
841.995153
842.372606
842.710574
843.008199
843.264723
843.479496
843.651972
843.781713
843.868391
843.911785
843.911785
843.868391
843.781713
843.651972
843.479496
843.264723
843.008199
842.710574
842.372606
841.995153
841.973889
842.350802
842.688286
842.985485
843.241642
843.456107
843.628336
843.757892
843.844445
843.887777
843.887777
843.844445
843.757892
843.628336
843.456107
843.241642
842.985485
842.688286
842.350802
841.973889
841.952656
842.329029
842.666030
842.962803
843.218593
843.432751
843.604734
843.734104
843.820533
843.863803
843.863803
843.820533
843.734104
843.604734
843.432751
843.218593
842.962803
842.666030
842.329029
841.952656
841.931454
842.307288
842.643806
842.940154
843.195578
843.409429
843.581165
843.710350
843.796656
843.839864
843.839864
843.796656
843.710350
843.581165
843.409429
843.195578
842.940154
842.643806
842.307288
841.931454
841.910282
842.285578
842.621614
842.917537
843.172595
843.386141
843.557631
843.686631
843.772813
843.815959
843.815959
843.772813
843.686631
843.557631
843.386141
843.172595
842.917537
842.621614
842.285578
841.910282
841.889140
842.263898
842.599454
842.894953
843.149646
843.362886
843.534130
843.662945
843.749004
843.792088
843.792088
843.749004
843.662945
843.534130
843.362886
843.149646
842.894953
842.599454
842.263898
841.889140
841.868029
842.242250
842.577325
842.872402
843.126730
843.339664
843.510663
843.639294
843.725229
843.768252
843.768252
843.725229
843.639294
843.510663
843.339664
843.126730
842.872402
842.577325
842.242250
841.868029
841.846948
842.220633
842.555228
842.849882
843.103846
843.316475
843.487230
843.615676
843.701489
843.744450
843.744450
843.701489
843.615676
843.487230
843.316475
843.103846
842.849882
842.555228
842.220633
841.846948
841.825897
842.199047
842.533163
842.827395
843.080995
843.293320
843.463830
843.592093
843.677782
843.720682
843.720682
843.677782
843.592093
843.463830
843.293320
843.080995
842.827395
842.533163
842.199047
841.825897
841.804876
842.177492
842.511130
842.804940
843.058178
843.270198
843.440464
843.568543
843.654110
843.696948
843.696948
843.654110
843.568543
843.440464
843.270198
843.058178
842.804940
842.511130
842.177492
841.804876
841.783885
842.155968
842.489128
842.782518
843.035392
843.247110
843.417132
843.545027
843.630472
843.673248
843.673248
843.630472
843.545027
843.417132
843.247110
843.035392
842.782518
842.489128
842.155968
841.783885
841.762924
842.134475
842.467157
842.760127
843.012640
843.224054
843.393833
843.521545
843.606867
843.649582
843.649582
843.606867
843.521545
843.393833
843.224054
843.012640
842.760127
842.467157
842.134475
841.762924
841.741994
842.113012
842.445219
842.737769
842.989920
843.201031
843.370567
843.498097
843.583297
843.625951
843.625951
843.583297
843.498097
843.370567
843.201031
842.989920
842.737769
842.445219
842.113012
841.741994
841.721093
842.091580
842.423311
842.715443
842.967233
843.178042
843.347335
843.474682
843.559760
843.602353
843.602353
843.559760
843.474682
843.347335
843.178042
842.967233
842.715443
842.423311
842.091580
841.721093
841.700223
842.070179
842.401435
842.693149
842.944578
843.155086
843.324136
843.451301
843.536257
843.578789
843.578789
843.536257
843.451301
843.324136
843.155086
842.944578
842.693149
842.401435
842.070179
841.700223
841.679382
842.048809
842.379591
842.670886
842.921956
843.132162
843.300971
843.427953
843.512788
843.555259
843.555259
843.512788
843.427953
843.300971
843.132162
842.921956
842.670886
842.379591
842.048809
841.679382
841.658571
842.027469
842.357777
842.648656
842.899366
843.109271
843.277838
843.404639
843.489352
843.531763
843.531763
843.489352
843.404639
843.277838
843.109271
842.899366
842.648656
842.357777
842.027469
841.658571
841.637790
842.006160
842.335995
842.626458
842.876809
843.086414
843.254739
843.381359
843.465951
843.508300
843.508300
843.465951
843.381359
843.254739
843.086414
842.876809
842.626458
842.335995
842.006160
841.637790
841.048308
841.854320
842.284267
842.597408
842.852703
843.063226
843.231590
843.358092
843.442578
843.484870
843.484870
843.442578
843.358092
843.231590
843.063226
842.852703
842.597408
842.284267
841.854320
841.048308
840.710550
841.643263
842.192099
842.552927
842.823663
843.038604
843.208062
843.334748
843.419209
843.461464
843.461464
843.419209
843.334748
843.208062
843.038604
842.823663
842.552927
842.192099
841.643263
840.710550
840.460156
841.443748
842.076564
842.491596
842.786865
843.011037
843.183543
843.311107
843.395770
843.438053
843.438053
843.395770
843.311107
843.183543
843.011037
842.786865
842.491596
842.076564
841.443748
840.460156
840.251957
841.261988
841.952806
842.417363
842.741571
842.979311
843.157302
843.286834
843.372124
843.414574
843.414574
843.372124
843.286834
843.157302
842.979311
842.741571
842.417363
841.952806
841.261988
840.251957
840.069237
841.095396
841.827902
842.334793
842.688638
842.942885
843.128716
843.261543
843.348073
843.390915
843.390915
843.348073
843.261543
843.128716
842.942885
842.688638
842.334793
841.827902
841.095396
840.069237
839.904038
840.941003
841.704798
842.247311
842.629523
842.901810
843.097397
843.234875
843.323384
843.366921
843.366921
843.323384
843.234875
843.097397
842.901810
842.629523
842.247311
841.704798
840.941003
839.904038
839.751856
840.796489
841.584630
842.157179
842.565685
842.856492
843.063199
843.206554
843.297820
843.342406
843.342406
843.297820
843.206554
843.063199
842.856492
842.565685
842.157179
841.584630
840.796489
839.751856
839.609845
840.660122
841.467758
842.065842
842.498355
842.807485
843.026161
843.176402
843.271166
843.317168
843.317168
843.271166
843.176402
843.026161
842.807485
842.498355
842.065842
841.467758
840.660122
839.609845
839.476068
840.530601
841.354205
841.974207
842.428510
842.755362
842.986439
843.144331
843.243243
843.291011
843.291011
843.243243
843.144331
842.986439
842.755362
842.428510
841.974207
841.354205
840.530601
839.476068
839.349134
840.406929
841.243850
841.882848
842.356894
842.700655
842.944248
843.110321
843.213914
843.263756
843.263756
843.213914
843.110321
842.944248
842.700655
842.356894
841.882848
841.243850
840.406929
839.349134
839.228005
840.288323
841.136515
841.792122
842.284073
842.643829
842.899827
843.074405
843.183084
843.235255
843.235255
843.183084
843.074405
842.899827
842.643829
842.284073
841.792122
841.136515
840.288323
839.228005
839.111883
840.174158
841.032004
841.702249
842.210468
842.585278
842.853412
843.036647
843.150694
843.205388
843.205388
843.150694
843.036647
842.853412
842.585278
842.210468
841.702249
841.032004
840.174158
839.111883
839.000136
840.063926
840.930125
841.613361
842.136396
842.525330
842.805223
842.997130
843.116716
843.174071
843.174071
843.116716
842.997130
842.805223
842.525330
842.136396
841.613361
840.930125
840.063926
839.000136
838.892255
839.957207
840.830693
841.525529
842.062095
842.464252
842.755461
842.955945
843.081147
843.141249
843.141249
843.081147
842.955945
842.755461
842.464252
842.062095
841.525529
840.830693
839.957207
838.892255
838.787822
839.853649
840.733537
841.438788
841.987740
842.402264
842.704304
842.913189
843.044006
843.106891
843.106891
843.044006
842.913189
842.704304
842.402264
841.987740
841.438788
840.733537
839.853649
838.787822
838.686488
839.752956
840.638501
841.353143
841.913461
842.339545
842.651908
842.868957
843.005322
843.070991
843.070991
843.005322
842.868957
842.651908
842.339545
841.913461
841.353143
840.638501
839.752956
838.686488
838.587958
839.654872
840.545438
841.268586
841.839354
842.276238
842.598410
842.823343
842.965141
843.033563
843.033563
842.965141
842.823343
842.598410
842.276238
841.839354
841.268586
840.545438
839.654872
838.587958
838.491982
839.559176
840.454218
841.185092
841.765487
842.212462
842.543927
842.776433
842.923514
842.994632
842.994632
842.923514
842.776433
842.543927
842.212462
841.765487
841.185092
840.454218
839.559176
838.491982
838.398342
839.465676
840.364719
841.102632
841.691911
842.148309
842.488562
842.728314
842.880496
842.954237
842.954237
842.880496
842.728314
842.488562
842.148309
841.691911
841.102632
840.364719
839.465676
838.398342
838.306848
839.374200
840.276830
841.021172
841.618658
842.083857
842.432404
842.679063
842.836149
842.912424
842.912424
842.836149
842.679063
842.432404
842.083857
841.618658
841.021172
840.276830
839.374200
838.306848
838.217333
839.284600
840.190448
840.940673
841.545750
842.019167
842.375532
842.628755
842.790534
842.869246
842.869246
842.790534
842.628755
842.375532
842.019167
841.545750
840.940673
840.190448
839.284600
838.217333
838.129650
839.196739
840.105480
840.861095
841.473200
841.954291
842.318014
842.577460
842.743714
842.824760
842.824760
842.743714
842.577460
842.318014
841.954291
841.473200
840.861095
840.105480
839.196739
838.129650
838.043666
839.110497
840.021838
840.782399
841.401014
841.889270
842.259910
842.525243
842.695753
842.779023
842.779023
842.695753
842.525243
842.259910
841.889270
841.401014
840.782399
840.021838
839.110497
838.043666
837.959262
839.025765
839.939443
840.704544
841.329192
841.824136
842.201273
842.472165
842.646711
842.732098
842.732098
842.646711
842.472165
842.201273
841.824136
841.329192
840.704544
839.939443
839.025765
837.959262
837.876333
838.942442
839.858218
840.627491
841.257733
841.758916
842.142150
842.418284
842.596648
842.684042
842.684042
842.596648
842.418284
842.142150
841.758916
841.257733
840.627491
839.858218
838.942442
837.876333
837.794780
838.860438
839.778097
840.551202
841.186630
841.693635
842.082585
842.363653
842.545624
842.634918
842.634918
842.545624
842.363653
842.082585
841.693635
841.186630
840.551202
839.778097
838.860438
837.794780
837.714514
838.779670
839.699013
840.475639
841.115875
841.628309
842.022614
842.308323
842.493694
842.584783
842.584783
842.493694
842.308323
842.022614
841.628309
841.115875
840.475639
839.699013
838.779670
837.714514
837.635455
838.700061
839.620906
840.400766
841.045460
841.562954
841.962272
842.252339
842.440913
842.533694
842.533694
842.440913
842.252339
841.962272
841.562954
841.045460
840.400766
839.620906
838.700061
837.635455
837.557526
838.621541
839.543722
840.326550
840.975374
841.497584
841.901591
842.195747
842.387332
842.481707
842.481707
842.387332
842.195747
841.901591
841.497584
840.975374
840.326550
839.543722
838.621541
837.557526
837.480661
838.544044
839.467407
840.252956
840.905606
841.432208
841.840598
842.138587
842.333001
842.428875
842.428875
842.333001
842.138587
841.840598
841.432208
840.905606
840.252956
839.467407
838.544044
837.480661
837.404794
838.467510
839.391913
840.179955
840.836146
841.366835
841.779319
842.080899
842.277967
842.375249
842.375249
842.277967
842.080899
841.779319
841.366835
840.836146
840.179955
839.391913
838.467510
837.404794
837.329867
838.391883
839.317193
840.107515
840.766983
841.301473
841.717779
842.022719
842.222275
842.320877
842.320877
842.222275
842.022719
841.717779
841.301473
840.766983
840.107515
839.317193
838.391883
837.329867
837.255825
838.317111
839.243205
840.035610
840.698104
841.236128
841.656000
841.964080
842.165966
842.265806
842.265806
842.165966
841.964080
841.656000
841.236128
840.698104
840.035610
839.243205
838.317111
837.255825
837.182617
838.243145
839.169910
839.964211
840.629501
841.170806
841.594000
841.905015
842.109081
842.210081
842.210081
842.109081
841.905015
841.594000
841.170806
840.629501
839.964211
839.169910
838.243145
837.182617
837.110195
838.169939
839.097268
839.893293
840.561161
841.105512
841.531800
841.845554
842.051658
842.153744
842.153744
842.051658
841.845554
841.531800
841.105512
840.561161
839.893293
839.097268
838.169939
837.110195
837.038515
838.097451
839.025246
839.822834
840.493074
841.040249
841.469417
841.785725
841.993733
842.096833
842.096833
841.993733
841.785725
841.469417
841.040249
840.493074
839.822834
839.025246
838.097451
837.038515
836.967536
838.025641
838.953809
839.752809
840.425232
840.975021
841.406866
841.725555
841.935340
842.039387
842.039387
841.935340
841.725555
841.406866
840.975021
840.425232
839.752809
838.953809
838.025641
836.967536
836.897219
837.954473
838.882928
839.683197
840.357624
840.909831
841.344162
841.665069
841.876510
841.981442
841.981442
841.876510
841.665069
841.344162
840.909831
840.357624
839.683197
838.882928
837.954473
836.897219
836.827527
837.883911
838.812571
839.613979
840.290241
840.844682
841.281320
841.604289
841.817274
841.923031
841.923031
841.817274
841.604289
841.281320
840.844682
840.290241
839.613979
838.812571
837.883911
836.827527
836.758428
837.813923
838.742713
839.545135
840.223074
840.779576
841.218353
841.543239
841.757660
841.864186
841.864186
841.757660
841.543239
841.218353
840.779576
840.223074
839.545135
838.742713
837.813923
836.758428
836.689888
837.744478
838.673328
839.476647
840.156115
840.714516
841.155273
841.481937
841.697696
841.804936
841.804936
841.697696
841.481937
841.155273
840.714516
840.156115
839.476647
838.673328
837.744478
836.689888
836.621878
837.675547
838.604391
839.408498
840.089357
840.649503
841.092090
841.420405
841.637405
841.745311
841.745311
841.637405
841.420405
841.092090
840.649503
840.089357
839.408498
838.604391
837.675547
836.621878
836.554370
837.607104
838.535879
839.340673
840.022792
840.584540
841.028817
841.358660
841.576812
841.685336
841.685336
841.576812
841.358660
841.028817
840.584540
840.022792
839.340673
838.535879
837.607104
836.554370
836.487338
837.539124
838.467771
839.273156
839.956412
840.519628
840.965462
841.296720
841.515940
841.625037
841.625037
841.515940
841.296720
840.965462
840.519628
839.956412
839.273156
838.467771
837.539124
836.487338
836.420757
837.471582
838.400048
839.205933
839.890211
840.454767
840.902035
841.234599
841.454809
841.564437
841.564437
841.454809
841.234599
840.902035
840.454767
839.890211
839.205933
838.400048
837.471582
836.420757
836.354605
837.404457
838.332690
839.138991
839.824184
840.389961
840.838545
841.172315
841.393439
841.503560
841.503560
841.393439
841.172315
840.838545
840.389961
839.824184
839.138991
838.332690
837.404457
836.354605
836.288858
837.337727
838.265680
839.072317
839.758323
840.325209
840.775000
841.109880
841.331848
841.442424
841.442424
841.331848
841.109880
840.775000
840.325209
839.758323
839.072317
838.265680
837.337727
836.288858
836.223498
837.271373
838.199000
839.005900
839.692623
840.260513
840.711407
841.047308
841.270055
841.381051
841.381051
841.270055
841.047308
840.711407
840.260513
839.692623
839.005900
838.199000
837.271373
836.223498
836.158505
837.205377
838.132636
838.939728
839.627079
840.195874
840.647775
840.984611
841.208075
841.319459
841.319459
841.208075
840.984611
840.647775
840.195874
839.627079
838.939728
838.132636
837.205377
836.158505
836.093860
837.139720
838.066572
838.873791
839.561686
840.131293
840.584109
840.921802
841.145925
841.257665
841.257665
841.145925
840.921802
840.584109
840.131293
839.561686
838.873791
838.066572
837.139720
836.093860
836.029547
837.074387
838.000795
838.808079
839.496439
840.066770
840.520416
840.858892
841.083618
841.195685
841.195685
841.083618
840.858892
840.520416
840.066770
839.496439
838.808079
838.000795
837.074387
836.029547
835.965550
837.009362
837.935291
838.742583
839.431334
840.002308
840.456702
840.795890
841.021168
841.133536
841.133536
841.021168
840.795890
840.456702
840.002308
839.431334
838.742583
837.935291
837.009362
835.965550
835.901854
836.944632
837.870049
838.677293
839.366365
839.937905
840.392973
840.732808
840.958589
841.071231
841.071231
840.958589
840.732808
840.392973
839.937905
839.366365
838.677293
837.870049
836.944632
835.901854
835.838444
836.880181
837.805056
838.612203
839.301531
839.873563
840.329233
840.669653
840.895892
841.008784
841.008784
840.895892
840.669653
840.329233
839.873563
839.301531
838.612203
837.805056
836.880181
835.838444
835.775309
836.815998
837.740303
838.547304
839.236826
839.809283
840.265488
840.606434
840.833088
840.946208
840.946208
840.833088
840.606434
840.265488
839.809283
839.236826
838.547304
837.740303
836.815998
835.775309
835.712434
836.752071
837.675778
838.482588
839.172247
839.745066
840.201743
840.543160
840.770189
840.883515
840.883515
840.770189
840.543160
840.201743
839.745066
839.172247
838.482588
837.675778
836.752071
835.712434
835.649809
836.688388
837.611472
838.418050
839.107791
839.680911
840.138001
840.479839
840.707204
840.820717
840.820717
840.707204
840.479839
840.138001
839.680911
839.107791
838.418050
837.611472
836.688388
835.649809
835.587423
836.624939
837.547377
838.353682
839.043454
839.616819
840.074266
840.416477
840.644143
840.757823
840.757823
840.644143
840.416477
840.074266
839.616819
839.043454
838.353682
837.547377
836.624939
835.587423
835.525264
836.561713
837.483483
838.289479
838.979235
839.552790
840.010543
840.353081
840.581015
840.694844
840.694844
840.581015
840.353081
840.010543
839.552790
838.979235
838.289479
837.483483
836.561713
835.525264
835.463325
836.498702
837.419782
838.225434
838.915129
839.488826
839.946836
840.289657
840.517828
840.631790
840.631790
840.517828
840.289657
839.946836
839.488826
838.915129
838.225434
837.419782
836.498702
835.463325
835.401594
836.435897
837.356268
838.161544
838.851134
839.424927
839.883146
840.226212
840.454590
840.568669
840.568669
840.454590
840.226212
839.883146
839.424927
838.851134
838.161544
837.356268
836.435897
835.401594
835.340064
836.373288
837.292933
838.097801
838.787249
839.361092
839.819479
840.162751
840.391308
840.505489
840.505489
840.391308
840.162751
839.819479
839.361092
838.787249
838.097801
837.292933
836.373288
835.340064
835.278726
836.310869
837.229771
838.034202
838.723470
839.297323
839.755836
840.099279
840.327989
840.442259
840.442259
840.327989
840.099279
839.755836
839.297323
838.723470
838.034202
837.229771
836.310869
835.278726
835.217573
836.248632
837.166774
837.970742
838.659795
839.233619
839.692220
840.035801
840.264639
840.378986
840.378986
840.264639
840.035801
839.692220
839.233619
838.659795
837.970742
837.166774
836.248632
835.217573
835.156599
836.186570
837.103938
837.907418
838.596222
839.169981
839.628634
839.972322
840.201266
840.315675
840.315675
840.201266
839.972322
839.628634
839.169981
838.596222
837.907418
837.103938
836.186570
835.156599
835.095795
836.124677
837.041256
837.844224
838.532750
839.106409
839.565081
839.908846
840.137873
840.252335
840.252335
840.137873
839.908846
839.565081
839.106409
838.532750
837.844224
837.041256
836.124677
835.095795
835.035155
836.062946
836.978724
837.781157
838.469376
839.042903
839.501563
839.845377
840.074468
840.188971
840.188971
840.074468
839.845377
839.501563
839.042903
838.469376
837.781157
836.978724
836.062946
835.035155
834.974675
836.001372
836.916337
837.718214
838.406099
838.979464
839.438081
839.781919
840.011055
840.125589
840.125589
840.011055
839.781919
839.438081
838.979464
838.406099
837.718214
836.916337
836.001372
834.974675
834.914347
835.939949
836.854089
837.655392
838.342916
838.916092
839.374638
839.718476
839.947638
840.062194
840.062194
839.947638
839.718476
839.374638
838.916092
838.342916
837.655392
836.854089
835.939949
834.914347
834.854167
835.878673
836.791978
837.592687
838.279828
838.852787
839.311236
839.655051
839.884222
839.998791
839.998791
839.884222
839.655051
839.311236
838.852787
838.279828
837.592687
836.791978
835.878673
834.854167
834.794130
835.817538
836.729997
837.530096
838.216831
838.789548
839.247877
839.591646
839.820812
839.935385
839.935385
839.820812
839.591646
839.247877
838.789548
838.216831
837.530096
836.729997
835.817538
834.794130
834.734231
835.756540
836.668144
837.467617
838.153925
838.726378
839.184562
839.528266
839.757411
839.871981
839.871981
839.757411
839.528266
839.184562
838.726378
838.153925
837.467617
836.668144
835.756540
834.734231
834.674466
835.695674
836.606416
837.405247
838.091108
838.663274
839.121292
839.464913
839.694023
839.808581
839.808581
839.694023
839.464913
839.121292
838.663274
838.091108
837.405247
836.606416
835.695674
834.674466
834.614830
835.634937
836.544808
837.342984
838.028380
838.600238
839.058070
839.401589
839.630651
839.745192
839.745192
839.630651
839.401589
839.058070
838.600238
838.028380
837.342984
836.544808
835.634937
834.614830
834.555320
835.574325
836.483317
837.280825
837.965738
838.537270
838.994896
839.338298
839.567299
839.681815
839.681815
839.567299
839.338298
838.994896
838.537270
837.965738
837.280825
836.483317
835.574325
834.555320
834.495932
835.513834
836.421941
837.218767
837.903183
838.474370
838.931772
839.275040
839.503969
839.618455
839.618455
839.503969
839.275040
838.931772
838.474370
837.903183
837.218767
836.421941
835.513834
834.495932
834.436663
835.453461
836.360676
837.156810
837.840712
838.411537
838.868700
839.211819
839.440666
839.555115
839.555115
839.440666
839.211819
838.868700
838.411537
837.840712
837.156810
836.360676
835.453461
834.436663
834.377508
835.393203
836.299520
837.094951
837.778325
838.348773
838.805679
839.148636
839.377390
839.491798
839.491798
839.377390
839.148636
838.805679
838.348773
837.778325
837.094951
836.299520
835.393203
834.377508
834.318466
835.333057
836.238470
837.033188
837.716021
838.286076
838.742712
839.085494
839.314145
839.428507
839.428507
839.314145
839.085494
838.742712
838.286076
837.716021
837.033188
836.238470
835.333057
834.318466
834.259533
835.273020
836.177524
836.971520
837.653799
838.223448
838.679799
839.022394
839.250934
839.365244
839.365244
839.250934
839.022394
838.679799
838.223448
837.653799
836.971520
836.177524
835.273020
834.259533
834.200707
835.213089
836.116680
836.909944
837.591659
838.160887
838.616941
838.959338
839.187758
839.302012
839.302012
839.187758
838.959338
838.616941
838.160887
837.591659
836.909944
836.116680
835.213089
834.200707
834.141984
835.153262
836.055936
836.848460
837.529598
838.098395
838.554139
838.896327
839.124619
839.238813
839.238813
839.124619
838.896327
838.554139
838.098395
837.529598
836.848460
836.055936
835.153262
834.141984
834.083363
835.093537
835.995288
836.787065
837.467618
838.035971
838.491394
838.833362
839.061520
839.175649
839.175649
839.061520
838.833362
838.491394
838.035971
837.467618
836.787065
835.995288
835.093537
834.083363
834.024841
835.033911
835.934737
836.725760
837.405716
837.973616
838.428707
838.770446
838.998462
839.112524
839.112524
838.998462
838.770446
838.428707
837.973616
837.405716
836.725760
835.934737
835.033911
834.024841
833.966417
834.974383
835.874279
836.664541
837.343893
837.911328
838.366078
838.707580
838.935447
839.049437
839.049437
838.935447
838.707580
838.366078
837.911328
837.343893
836.664541
835.874279
834.974383
833.966417
833.908087
834.914950
835.813914
836.603409
837.282148
837.849109
838.303508
838.644764
838.872476
838.986393
838.986393
838.872476
838.644764
838.303508
837.849109
837.282148
836.603409
835.813914
834.914950
833.908087
833.849851
834.855610
835.753639
836.542361
837.220480
837.786959
838.240997
838.582000
838.809552
838.923391
838.923391
838.809552
838.582000
838.240997
837.786959
837.220480
836.542361
835.753639
834.855610
833.849851
833.791706
834.796362
835.693453
836.481397
837.158888
837.724876
838.178546
838.519289
838.746675
838.860434
838.860434
838.746675
838.519289
838.178546
837.724876
837.158888
836.481397
835.693453
834.796362
833.791706
833.733651
834.737205
835.633355
836.420516
837.097372
837.662862
838.116156
838.456631
838.683847
838.797523
838.797523
838.683847
838.456631
838.116156
837.662862
837.097372
836.420516
835.633355
834.737205
833.733651
833.675684
834.678136
835.573343
836.359717
837.035932
837.600916
838.053827
838.394029
838.621069
838.734659
838.734659
838.621069
838.394029
838.053827
837.600916
837.035932
836.359717
835.573343
834.678136
833.675684
833.617804
834.619154
835.513417
836.298998
836.974567
837.539039
837.991559
838.331482
838.558342
838.671845
838.671845
838.558342
838.331482
837.991559
837.539039
836.974567
836.298998
835.513417
834.619154
833.617804
833.560009
834.560258
835.453574
836.238360
836.913276
837.477229
837.929354
838.268991
838.495668
838.609080
838.609080
838.495668
838.268991
837.929354
837.477229
836.913276
836.238360
835.453574
834.560258
833.560009
833.502297
834.501446
835.393815
836.177801
836.852059
837.415488
837.867211
838.206558
838.433047
838.546367
838.546367
838.433047
838.206558
837.867211
837.415488
836.852059
836.177801
835.393815
834.501446
833.502297
833.444668
834.442718
835.334137
836.117320
836.790917
837.353816
837.805131
838.144182
838.370480
838.483707
838.483707
838.370480
838.144182
837.805131
837.353816
836.790917
836.117320
835.334137
834.442718
833.444668
833.387121
834.384072
835.274539
836.056917
836.729847
837.292211
837.743113
838.081865
838.307968
838.421099
838.421099
838.307968
838.081865
837.743113
837.292211
836.729847
836.056917
835.274539
834.384072
833.387121
833.329654
834.325507
835.215022
835.996591
836.668850
837.230675
837.681159
838.019607
838.245513
838.358546
838.358546
838.245513
838.019607
837.681159
837.230675
836.668850
835.996591
835.215022
834.325507
833.329654
833.272266
834.267021
835.155584
835.936341
836.607926
837.169206
837.619269
837.957409
838.183114
838.296048
838.296048
838.183114
837.957409
837.619269
837.169206
836.607926
835.936341
835.155584
834.267021
833.272266
833.214956
834.208615
835.096223
835.876167
836.547074
837.107806
837.557443
837.895272
838.120773
838.233607
838.233607
838.120773
837.895272
837.557443
837.107806
836.547074
835.876167
835.096223
834.208615
833.214956
833.157723
834.150287
835.036940
835.816068
836.486294
837.046474
837.495681
837.833195
838.058489
838.171222
838.171222
838.058489
837.833195
837.495681
837.046474
836.486294
835.816068
835.036940
834.150287
833.157723
833.100567
834.092036
834.977734
835.756044
836.425586
836.985210
837.433983
837.771179
837.996265
838.108894
838.108894
837.996265
837.771179
837.433983
836.985210
836.425586
835.756044
834.977734
834.092036
833.100567
833.043486
834.033862
834.918603
835.696093
836.364949
836.924014
837.372350
837.709224
837.934100
838.046625
838.046625
837.934100
837.709224
837.372350
836.924014
836.364949
835.696093
834.918603
834.033862
833.043486
832.986480
833.975763
834.859548
835.636216
836.304383
836.862886
837.310782
837.647332
837.871995
837.984414
837.984414
837.871995
837.647332
837.310782
836.862886
836.304383
835.636216
834.859548
833.975763
832.986480
832.929548
833.917739
834.800567
835.576413
836.243887
836.801826
837.249278
837.585502
837.809950
837.922263
837.922263
837.809950
837.585502
837.249278
836.801826
836.243887
835.576413
834.800567
833.917739
832.929548
832.872689
833.859789
834.741660
835.516681
836.183462
836.740833
837.187840
837.523735
837.747967
837.860172
837.860172
837.747967
837.523735
837.187840
836.740833
836.183462
835.516681
834.741660
833.859789
832.872689
832.815902
833.801913
834.682826
835.457022
836.123107
836.679909
837.126467
837.462031
837.686044
837.798142
837.798142
837.686044
837.462031
837.126467
836.679909
836.123107
835.457022
834.682826
833.801913
832.815902
832.759187
833.744109
834.624065
835.397435
836.062822
836.619052
837.065160
837.400390
837.624184
837.736172
837.736172
837.624184
837.400390
837.065160
836.619052
836.062822
835.397435
834.624065
833.744109
832.759187
832.702544
833.686378
834.565377
835.337919
836.002607
836.558262
837.003918
837.338813
837.562386
837.674264
837.674264
837.562386
837.338813
837.003918
836.558262
836.002607
835.337919
834.565377
833.686378
832.702544
832.645971
833.628718
834.506760
835.278474
835.942462
836.497541
836.942742
837.277300
837.500650
837.612417
837.612417
837.500650
837.277300
836.942742
836.497541
835.942462
835.278474
834.506760
833.628718
832.645971
832.589469
833.571130
834.448214
835.219099
835.882385
836.436887
836.881631
837.215851
837.438977
837.550633
837.550633
837.438977
837.215851
836.881631
836.436887
835.882385
835.219099
834.448214
833.571130
832.589469
832.533036
833.513613
834.389740
835.159795
835.822378
836.376300
836.820587
837.154466
837.377367
837.488911
837.488911
837.377367
837.154466
836.820587
836.376300
835.822378
835.159795
834.389740
833.513613
832.533036
832.476672
833.456165
834.331335
835.100561
835.762439
836.315781
836.759608
837.093146
837.315820
837.427252
837.427252
837.315820
837.093146
836.759608
836.315781
835.762439
835.100561
834.331335
833.456165
832.476672
832.420377
833.398788
834.273001
835.041397
835.702569
836.255329
836.698695
837.031890
837.254337
837.365656
837.365656
837.254337
837.031890
836.698695
836.255329
835.702569
835.041397
834.273001
833.398788
832.420377
832.364150
833.341480
834.214737
834.982301
835.642768
836.194945
836.637848
836.970699
837.192918
837.304124
837.304124
837.192918
836.970699
836.637848
836.194945
835.642768
834.982301
834.214737
833.341480
832.364150
832.307990
833.284240
834.156542
834.923275
835.583035
836.134628
836.577067
836.909573
837.131564
837.242655
837.242655
837.131564
836.909573
836.577067
836.134628
835.583035
834.923275
834.156542
833.284240
832.307990
832.251898
833.227069
834.098415
834.864318
835.523370
836.074378
836.516352
836.848512
837.070273
837.181250
837.181250
837.070273
836.848512
836.516352
836.074378
835.523370
834.864318
834.098415
833.227069
832.251898
832.195874
833.169967
834.040358
834.805429
835.463773
836.014195
836.455704
836.787516
837.009047
837.119909
837.119909
837.009047
836.787516
836.455704
836.014195
835.463773
834.805429
834.040358
833.169967
832.195874
832.139915
833.112932
833.982369
834.746608
835.404244
835.954079
836.395121
836.726586
836.947886
837.058633
837.058633
836.947886
836.726586
836.395121
835.954079
835.404244
834.746608
833.982369
833.112932
832.139915
832.084023
833.055964
833.924447
834.687856
835.344783
835.894030
836.334605
836.665721
836.886789
836.997421
836.997421
836.886789
836.665721
836.334605
835.894030
835.344783
834.687856
833.924447
833.055964
832.084023
832.028197
832.999064
833.866594
834.629171
835.285389
835.834048
836.274155
836.604921
836.825758
836.936273
836.936273
836.825758
836.604921
836.274155
835.834048
835.285389
834.629171
833.866594
832.999064
832.028197
831.972437
832.942231
833.808808
834.570554
835.226062
835.774132
836.213771
836.544187
836.764791
836.875191
836.875191
836.764791
836.544187
836.213771
835.774132
835.226062
834.570554
833.808808
832.942231
831.972437
831.916742
832.885464
833.751089
834.512004
835.166803
835.714284
836.153453
836.483519
836.703890
836.814173
836.814173
836.703890
836.483519
836.153453
835.714284
835.166803
834.512004
833.751089
832.885464
831.916742
831.861112
832.828763
833.693437
834.453522
835.107610
835.654502
836.093202
836.422916
836.643054
836.753221
836.753221
836.643054
836.422916
836.093202
835.654502
835.107610
834.453522
833.693437
832.828763
831.861112
831.805547
832.772128
833.635852
834.395106
835.048485
835.594787
836.033016
836.362379
836.582283
836.692333
836.692333
836.582283
836.362379
836.033016
835.594787
835.048485
834.395106
833.635852
832.772128
831.805547
831.750046
832.715559
833.578333
834.336757
834.989426
835.535138
835.972897
836.301908
836.521578
836.631511
836.631511
836.521578
836.301908
835.972897
835.535138
834.989426
834.336757
833.578333
832.715559
831.750046
831.694610
832.659055
833.520880
834.278475
834.930434
835.475556
835.912844
836.241503
836.460938
836.570754
836.570754
836.460938
836.241503
835.912844
835.475556
834.930434
834.278475
833.520880
832.659055
831.694610
831.639238
832.602617
833.463494
834.220259
834.871509
835.416040
835.852857
836.181164
836.400364
836.510063
836.510063
836.400364
836.181164
835.852857
835.416040
834.871509
834.220259
833.463494
832.602617
831.639238
831.583929
832.546244
833.406173
834.162110
834.812649
835.356591
835.792937
836.120890
836.339856
836.449437
836.449437
836.339856
836.120890
835.792937
835.356591
834.812649
834.162110
833.406173
832.546244
831.583929
831.528684
832.489935
833.348918
834.104026
834.753857
835.297208
835.733082
836.060682
836.279413
836.388877
836.388877
836.279413
836.060682
835.733082
835.297208
834.753857
834.104026
833.348918
832.489935
831.528684
831.473502
832.433691
833.291728
834.046009
834.695130
835.237891
835.673293
836.000540
836.219036
836.328383
836.328383
836.219036
836.000540
835.673293
835.237891
834.695130
834.046009
833.291728
832.433691
831.473502
831.418384
832.377512
833.234604
833.988057
834.636469
835.178640
835.613571
835.940464
836.158725
836.267954
836.267954
836.158725
835.940464
835.613571
835.178640
834.636469
833.988057
833.234604
832.377512
831.418384
831.363328
832.321396
833.177545
833.930171
834.577875
835.119455
835.553914
835.880454
836.098479
836.207591
836.207591
836.098479
835.880454
835.553914
835.119455
834.577875
833.930171
833.177545
832.321396
831.363328
831.308335
832.265345
833.120550
833.872351
834.519346
835.060336
835.494323
835.820510
836.038299
836.147293
836.147293
836.038299
835.820510
835.494323
835.060336
834.519346
833.872351
833.120550
832.265345
831.308335
831.253405
832.209357
833.063620
833.814595
834.460882
835.001283
835.434798
835.760632
835.978185
836.087062
836.087062
835.978185
835.760632
835.434798
835.001283
834.460882
833.814595
833.063620
832.209357
831.253405
831.198538
832.153433
833.006755
833.756905
834.402485
834.942296
835.375340
835.700819
835.918137
836.026896
836.026896
835.918137
835.700819
835.375340
834.942296
834.402485
833.756905
833.006755
832.153433
831.198538
831.143732
832.097573
832.949954
833.699280
834.344153
834.883374
835.315946
835.641073
835.858155
835.966796
835.966796
835.858155
835.641073
835.315946
834.883374
834.344153
833.699280
832.949954
832.097573
831.143732
831.088988
832.041776
832.893218
833.641720
834.285886
834.824518
835.256619
835.581392
835.798239
835.906761
835.906761
835.798239
835.581392
835.256619
834.824518
834.285886
833.641720
832.893218
832.041776
831.088988
831.034307
831.986042
832.836545
833.584225
834.227684
834.765728
835.197357
835.521777
835.738388
835.846793
835.846793
835.738388
835.521777
835.197357
834.765728
834.227684
833.584225
832.836545
831.986042
831.034307
830.979687
831.930371
832.779937
833.526794
834.169548
834.707003
835.138161
835.462227
835.678603
835.786890
835.786890
835.678603
835.462227
835.138161
834.707003
834.169548
833.526794
832.779937
831.930371
830.979687
830.925129
831.874762
832.723392
833.469428
834.111477
834.648343
835.079031
835.402744
835.618884
835.727053
835.727053
835.618884
835.402744
835.079031
834.648343
834.111477
833.469428
832.723392
831.874762
830.925129
830.870632
831.819217
832.666911
833.412127
834.053471
834.589749
835.019966
835.343326
835.559230
835.667282
835.667282
835.559230
835.343326
835.019966
834.589749
834.053471
833.412127
832.666911
831.819217
830.870632
830.816197
831.763734
832.610494
833.354889
833.995529
834.531220
834.960967
835.283973
835.499642
835.607577
835.607577
835.499642
835.283973
834.960967
834.531220
833.995529
833.354889
832.610494
831.763734
830.816197
830.761823
831.708314
832.554140
833.297716
833.937653
834.472756
834.902033
835.224686
835.440120
835.547937
835.547937
835.440120
835.224686
834.902033
834.472756
833.937653
833.297716
832.554140
831.708314
830.761823
830.707510
831.652955
832.497849
833.240607
833.879841
834.414358
834.843164
835.165465
835.380664
835.488363
835.488363
835.380664
835.165465
834.843164
834.414358
833.879841
833.240607
832.497849
831.652955
830.707510
830.653258
831.597660
832.441622
833.183563
833.822093
834.356024
834.784361
835.106310
835.321273
835.428854
835.428854
835.321273
835.106310
834.784361
834.356024
833.822093
833.183563
832.441622
831.597660
830.653258
830.599066
831.542426
832.385458
833.126581
833.764411
834.297755
834.725623
835.047219
835.261948
835.369412
835.369412
835.261948
835.047219
834.725623
834.297755
833.764411
833.126581
832.385458
831.542426
830.599066
830.544936
831.487254
832.329356
833.069664
833.706792
834.239552
834.666950
834.988194
835.202688
835.310035
835.310035
835.202688
834.988194
834.666950
834.239552
833.706792
833.069664
832.329356
831.487254
830.544936
830.490866
831.432144
832.273318
833.012811
833.649238
834.181413
834.608343
834.929235
835.143494
835.250723
835.250723
835.143494
834.929235
834.608343
834.181413
833.649238
833.012811
832.273318
831.432144
830.490866
830.436856
831.377095
832.217342
832.956020
833.591748
834.123338
834.549800
834.870341
835.084365
835.191477
835.191477
835.084365
834.870341
834.549800
834.123338
833.591748
832.956020
832.217342
831.377095
830.436856
830.382907
831.322108
832.161429
832.899294
833.534322
834.065329
834.491323
834.811512
835.025302
835.132296
835.132296
835.025302
834.811512
834.491323
834.065329
833.534322
832.899294
832.161429
831.322108
830.382907
830.329018
831.267183
832.105578
832.842631
833.476961
834.007383
834.432910
834.752748
834.966304
835.073181
835.073181
834.966304
834.752748
834.432910
834.007383
833.476961
832.842631
832.105578
831.267183
830.329018
830.275189
831.212319
832.049790
832.786031
833.419663
833.949503
834.374562
834.694050
834.907371
835.014131
835.014131
834.907371
834.694050
834.374562
833.949503
833.419663
832.786031
832.049790
831.212319
830.275189
830.221420
831.157516
831.994064
832.729494
833.362429
833.891687
834.316279
834.635416
834.848504
834.955147
834.955147
834.848504
834.635416
834.316279
833.891687
833.362429
832.729494
831.994064
831.157516
830.221420
830.167711
831.102774
831.938400
832.673020
833.305259
833.833935
834.258061
834.576848
834.789702
834.896228
834.896228
834.789702
834.576848
834.258061
833.833935
833.305259
832.673020
831.938400
831.102774
830.167711
830.114062
831.048094
831.882799
832.616609
833.248152
833.776247
834.199907
834.518344
834.730965
834.837374
834.837374
834.730965
834.518344
834.199907
833.776247
833.248152
832.616609
831.882799
831.048094
830.114062
830.060472
830.993474
831.827259
832.560262
833.191110
833.718623
834.141818
834.459905
834.672293
834.778585
834.778585
834.672293
834.459905
834.141818
833.718623
833.191110
832.560262
831.827259
830.993474
830.060472
830.006943
830.938916
831.771781
832.503977
833.134130
833.661064
834.083794
834.401532
834.613686
834.719862
834.719862
834.613686
834.401532
834.083794
833.661064
833.134130
832.503977
831.771781
830.938916
830.006943
829.953472
830.884418
831.716365
832.447754
833.077214
833.603569
834.025834
834.343223
834.555144
834.661203
834.661203
834.555144
834.343223
834.025834
833.603569
833.077214
832.447754
831.716365
830.884418
829.953472
829.900061
830.829980
831.661011
832.391595
833.020362
833.546137
833.967938
834.284978
834.496667
834.602610
834.602610
834.496667
834.284978
833.967938
833.546137
833.020362
832.391595
831.661011
830.829980
829.900061
829.846710
830.775604
831.605719
832.335497
832.963573
833.488769
833.910107
834.226799
834.438255
834.544081
834.544081
834.438255
834.226799
833.910107
833.488769
832.963573
832.335497
831.605719
830.775604
829.846710
829.793418
830.721287
831.550488
832.279463
832.906847
833.431466
833.852340
834.168684
834.379907
834.485618
834.485618
834.379907
834.168684
833.852340
833.431466
832.906847
832.279463
831.550488
830.721287
829.793418
829.740185
830.667031
831.495318
832.223490
832.850184
833.374226
833.794637
834.110633
834.321625
834.427219
834.427219
834.321625
834.110633
833.794637
833.374226
832.850184
832.223490
831.495318
830.667031
829.740185
829.687011
830.612836
831.440210
832.167580
832.793584
833.317049
833.736998
834.052647
834.263407
834.368885
834.368885
834.263407
834.052647
833.736998
833.317049
832.793584
832.167580
831.440210
830.612836
829.687011
829.633895
830.558700
831.385163
832.111732
832.737047
833.259936
833.679423
833.994725
834.205253
834.310616
834.310616
834.205253
833.994725
833.679423
833.259936
832.737047
832.111732
831.385163
830.558700
829.633895
829.580839
830.504625
831.330177
832.055946
832.680572
833.202887
833.621912
833.936868
834.147164
834.252411
834.252411
834.147164
833.936868
833.621912
833.202887
832.680572
832.055946
831.330177
830.504625
829.580839
829.527842
830.450610
831.275252
832.000222
832.624161
833.145900
833.564465
833.879074
834.089140
834.194271
834.194271
834.089140
833.879074
833.564465
833.145900
832.624161
832.000222
831.275252
830.450610
829.527842
829.474903
830.396654
831.220389
831.944561
832.567812
833.088978
833.507082
833.821345
834.031180
834.136195
834.136195
834.031180
833.821345
833.507082
833.088978
832.567812
831.944561
831.220389
830.396654
829.474903
829.422023
830.342759
831.165586
831.888960
832.511526
833.032118
833.449763
833.763680
833.973284
834.078184
834.078184
833.973284
833.763680
833.449763
833.032118
832.511526
831.888960
831.165586
830.342759
829.422023
829.369202
830.288923
831.110844
831.833422
832.455303
832.975322
833.392507
833.706079
833.915453
834.020237
834.020237
833.915453
833.706079
833.392507
832.975322
832.455303
831.833422
831.110844
830.288923
829.369202
829.316439
830.235147
831.056163
831.777945
832.399142
832.918588
833.335315
833.648542
833.857686
833.962355
833.962355
833.857686
833.648542
833.335315
832.918588
832.399142
831.777945
831.056163
830.235147
829.316439
829.263734
830.181431
831.001543
831.722530
832.343043
832.861918
833.278186
833.591069
833.799982
833.904537
833.904537
833.799982
833.591069
833.278186
832.861918
832.343043
831.722530
831.001543
830.181431
829.263734
829.211087
830.127774
830.946983
831.667177
832.287006
832.805311
833.221121
833.533660
833.742343
833.846783
833.846783
833.742343
833.533660
833.221121
832.805311
832.287006
831.667177
830.946983
830.127774
829.211087
829.158499
830.074176
830.892483
831.611885
832.231032
832.748766
833.164119
833.476314
833.684768
833.789093
833.789093
833.684768
833.476314
833.164119
832.748766
832.231032
831.611885
830.892483
830.074176
829.158499
829.105969
830.020638
830.838044
831.556654
832.175120
832.692285
833.107180
833.419032
833.627257
833.731467
833.731467
833.627257
833.419032
833.107180
832.692285
832.175120
831.556654
830.838044
830.020638
829.105969
829.053497
829.967159
830.783666
831.501485
832.119270
832.635866
833.050305
833.361814
833.569810
833.673905
833.673905
833.569810
833.361814
833.050305
832.635866
832.119270
831.501485
830.783666
829.967159
829.053497
829.001083
829.913740
830.729348
831.446376
832.063482
832.579509
832.993493
833.304659
833.512426
833.616407
833.616407
833.512426
833.304659
832.993493
832.579509
832.063482
831.446376
830.729348
829.913740
829.001083
828.948727
829.860379
830.675089
831.391329
832.007756
832.523215
832.936744
833.247567
833.455106
833.558973
833.558973
833.455106
833.247567
832.936744
832.523215
832.007756
831.391329
830.675089
829.860379
828.948727
828.896429
829.807078
830.620891
831.336343
831.952091
832.466984
832.880057
833.190539
833.397850
833.501602
833.501602
833.397850
833.190539
832.880057
832.466984
831.952091
831.336343
830.620891
829.807078
828.896429
828.844189
829.753835
830.566753
831.281418
831.896489
832.410815
832.823434
833.133575
833.340657
833.444295
833.444295
833.340657
833.133575
832.823434
832.410815
831.896489
831.281418
830.566753
829.753835
828.844189
828.792006
829.700652
830.512675
831.226553
831.840948
832.354708
832.766874
833.076673
833.283528
833.387052
833.387052
833.283528
833.076673
832.766874
832.354708
831.840948
831.226553
830.512675
829.700652
828.792006
828.739881
829.647527
830.458657
831.171750
831.785469
832.298664
832.710376
833.019835
833.226462
833.329872
833.329872
833.226462
833.019835
832.710376
832.298664
831.785469
831.171750
830.458657
829.647527
828.739881
828.687813
829.594461
830.404699
831.117007
831.730051
832.242682
832.653941
832.963059
833.169460
833.272756
833.272756
833.169460
832.963059
832.653941
832.242682
831.730051
831.117007
830.404699
829.594461
828.687813
828.635803
829.541453
830.350800
831.062325
831.674694
832.186762
832.597568
832.906347
833.112520
833.215703
833.215703
833.112520
832.906347
832.597568
832.186762
831.674694
831.062325
830.350800
829.541453
828.635803
828.583850
829.488504
830.296961
831.007704
831.619399
832.130903
832.541259
832.849698
833.055644
833.158714
833.158714
833.055644
832.849698
832.541259
832.130903
831.619399
831.007704
830.296961
829.488504
828.583850
828.531955
829.435614
830.243182
830.953142
831.564166
832.075107
832.485011
832.793111
832.998831
833.101788
833.101788
832.998831
832.793111
832.485011
832.075107
831.564166
830.953142
830.243182
829.435614
828.531955
828.480116
829.382782
830.189462
830.898642
831.508993
832.019373
832.428826
832.736587
832.942082
833.044925
833.044925
832.942082
832.736587
832.428826
832.019373
831.508993
830.898642
830.189462
829.382782
828.480116
828.428335
829.330009
830.135801
830.844202
831.453882
831.963700
832.372704
832.680126
832.885395
832.988125
832.988125
832.885395
832.680126
832.372704
831.963700
831.453882
830.844202
830.135801
829.330009
828.428335
828.376611
829.277293
830.082200
830.789821
831.398831
831.908090
832.316643
832.623728
832.828771
832.931388
832.931388
832.828771
832.623728
832.316643
831.908090
831.398831
830.789821
830.082200
829.277293
828.376611
828.324944
829.224636
830.028658
830.735502
831.343842
831.852540
832.260645
832.567392
832.772209
832.874714
832.874714
832.772209
832.567392
832.260645
831.852540
831.343842
830.735502
830.028658
829.224636
828.324944
828.273334
829.172037
829.975175
830.681242
831.288914
831.797053
832.204709
832.511119
832.715711
832.818103
832.818103
832.715711
832.511119
832.204709
831.797053
831.288914
830.681242
829.975175
829.172037
828.273334
828.221781
829.119496
829.921752
830.627042
831.234046
831.741627
832.148834
832.454908
832.659275
832.761554
832.761554
832.659275
832.454908
832.148834
831.741627
831.234046
830.627042
829.921752
829.119496
828.221781
828.170284
829.067013
829.868387
830.572903
831.179239
831.686262
832.093022
832.398759
832.602902
832.705069
832.705069
832.602902
832.398759
832.093022
831.686262
831.179239
830.572903
829.868387
829.067013
828.170284
828.118845
829.014588
829.815082
830.518823
831.124493
831.630959
832.037272
832.342673
832.546591
832.648646
832.648646
832.546591
832.342673
832.037272
831.630959
831.124493
830.518823
829.815082
829.014588
828.118845
828.067462
828.962221
829.761835
830.464803
831.069807
831.575717
831.981583
832.286649
832.490343
832.592285
832.592285
832.490343
832.286649
831.981583
831.575717
831.069807
830.464803
829.761835
828.962221
828.067462
828.016135
828.909912
829.708647
830.410842
831.015182
831.520536
831.925956
832.230687
832.434157
832.535987
832.535987
832.434157
832.230687
831.925956
831.520536
831.015182
830.410842
829.708647
828.909912
828.016135
827.964865
828.857660
829.655518
830.356942
830.960618
831.465416
831.870391
832.174787
832.378033
832.479752
832.479752
832.378033
832.174787
831.870391
831.465416
830.960618
830.356942
829.655518
828.857660
827.964865
827.913652
828.805466
829.602447
830.303101
830.906114
831.410357
831.814887
832.118949
832.321972
832.423579
832.423579
832.321972
832.118949
831.814887
831.410357
830.906114
830.303101
829.602447
828.805466
827.913652
827.862494
828.753329
829.549435
830.249319
830.851670
831.355359
831.759445
832.063172
832.265973
832.367468
832.367468
832.265973
832.063172
831.759445
831.355359
830.851670
830.249319
829.549435
828.753329
827.862494
827.811394
828.701250
829.496482
830.195597
830.797286
831.300422
831.704065
832.007458
832.210036
832.311419
832.311419
832.210036
832.007458
831.704065
831.300422
830.797286
830.195597
829.496482
828.701250
827.811394
827.760349
828.649229
829.443587
830.141935
830.742963
831.245546
831.648745
831.951805
832.154161
832.255433
832.255433
832.154161
831.951805
831.648745
831.245546
830.742963
830.141935
829.443587
828.649229
827.760349
827.709361
828.597264
829.390751
830.088331
830.688699
831.190731
831.593487
831.896214
832.098347
832.199508
832.199508
832.098347
831.896214
831.593487
831.190731
830.688699
830.088331
829.390751
828.597264
827.709361
827.658428
828.545357
829.337972
830.034787
830.634496
831.135976
831.538290
831.840685
832.042596
832.143646
832.143646
832.042596
831.840685
831.538290
831.135976
830.634496
830.034787
829.337972
828.545357
827.658428
827.607552
828.493507
829.285252
829.981302
830.580353
831.081282
831.483154
831.785217
831.986906
832.087845
832.087845
831.986906
831.785217
831.483154
831.081282
830.580353
829.981302
829.285252
828.493507
827.607552
827.556731
828.441715
829.232591
829.927876
830.526269
831.026649
831.428079
831.729811
831.931279
832.032107
832.032107
831.931279
831.729811
831.428079
831.026649
830.526269
829.927876
829.232591
828.441715
827.556731
827.505967
828.389979
829.179987
829.874509
830.472245
830.972076
831.373066
831.674466
831.875712
831.976430
831.976430
831.875712
831.674466
831.373066
830.972076
830.472245
829.874509
829.179987
828.389979
827.505967
827.455258
828.338300
829.127441
829.821201
830.418281
830.917563
831.318113
831.619182
831.820208
831.920814
831.920814
831.820208
831.619182
831.318113
830.917563
830.418281
829.821201
829.127441
828.338300
827.455258
827.404605
828.286679
829.074954
829.767952
830.364377
830.863110
831.263221
831.563959
831.764764
831.865261
831.865261
831.764764
831.563959
831.263221
830.863110
830.364377
829.767952
829.074954
828.286679
827.404605
827.354008
828.235114
829.022524
829.714762
830.310532
830.808718
831.208389
831.508798
831.709383
831.809769
831.809769
831.709383
831.508798
831.208389
830.808718
830.310532
829.714762
829.022524
828.235114
827.354008
827.303466
828.183605
828.970152
829.661630
830.256747
830.754386
831.153619
831.453698
831.654062
831.754338
831.754338
831.654062
831.453698
831.153619
830.754386
830.256747
829.661630
828.970152
828.183605
827.303466
827.252980
828.132154
828.917837
829.608557
830.203021
830.700114
831.098909
831.398658
831.598803
831.698969
831.698969
831.598803
831.398658
831.098909
830.700114
830.203021
829.608557
828.917837
828.132154
827.252980
827.202550
828.080759
828.865581
829.555543
830.149354
830.645902
831.044259
831.343680
831.543605
831.643661
831.643661
831.543605
831.343680
831.044259
830.645902
830.149354
829.555543
828.865581
828.080759
827.202550
827.152175
828.029421
828.813382
829.502587
830.095747
830.591750
830.989670
831.288762
831.488468
831.588414
831.588414
831.488468
831.288762
830.989670
830.591750
830.095747
829.502587
828.813382
828.029421
827.152175
827.101855
827.978139
828.761240
829.449690
830.042199
830.537658
830.935141
831.233905
831.433392
831.533228
831.533228
831.433392
831.233905
830.935141
830.537658
830.042199
829.449690
828.761240
827.978139
827.101855
827.051590
827.926914
828.709156
829.396851
829.988710
830.483626
830.880673
831.179109
831.378377
831.478104
831.478104
831.378377
831.179109
830.880673
830.483626
829.988710
829.396851
828.709156
827.926914
827.051590
827.001381
827.875745
828.657130
829.344070
829.935280
830.429653
830.826265
831.124374
831.323423
831.423041
831.423041
831.323423
831.124374
830.826265
830.429653
829.935280
829.344070
828.657130
827.875745
827.001381
826.951227
827.824632
828.605160
829.291348
829.881909
830.375740
830.771917
831.069699
831.268530
831.368038
831.368038
831.268530
831.069699
830.771917
830.375740
829.881909
829.291348
828.605160
827.824632
826.951227
826.901127
827.773576
828.553248
829.238683
829.828597
830.321887
830.717629
831.015084
831.213697
831.313096
831.313096
831.213697
831.015084
830.717629
830.321887
829.828597
829.238683
828.553248
827.773576
826.901127
826.851083
827.722575
828.501393
829.186077
829.775344
830.268093
830.663401
830.960530
831.158925
831.258216
831.258216
831.158925
830.960530
830.663401
830.268093
829.775344
829.186077
828.501393
827.722575
826.851083
826.801094
827.671631
828.449595
829.133529
829.722150
830.214358
830.609233
830.906037
831.104214
831.203395
831.203395
831.104214
830.906037
830.609233
830.214358
829.722150
829.133529
828.449595
827.671631
826.801094
826.751160
827.620743
828.397855
829.081038
829.669014
830.160683
830.555125
830.851603
831.049563
831.148636
831.148636
831.049563
830.851603
830.555125
830.160683
829.669014
829.081038
828.397855
827.620743
826.751160
826.701280
827.569911
828.346171
829.028606
829.615938
830.107067
830.501077
830.797230
830.994973
831.093937
831.093937
830.994973
830.797230
830.501077
830.107067
829.615938
829.028606
828.346171
827.569911
826.701280
826.651455
827.519134
828.294544
828.976231
829.562919
830.053511
830.447089
830.742917
830.940443
831.039299
831.039299
830.940443
830.742917
830.447089
830.053511
829.562919
828.976231
828.294544
827.519134
826.651455
826.601685
827.468414
828.242974
828.923914
829.509959
830.000013
830.393160
830.688664
830.885974
830.984721
830.984721
830.885974
830.688664
830.393160
830.000013
829.509959
828.923914
828.242974
827.468414
826.601685
826.551970
827.417749
828.191461
828.871655
829.457058
829.946575
830.339290
830.634471
830.831564
830.930203
830.930203
830.831564
830.634471
830.339290
829.946575
829.457058
828.871655
828.191461
827.417749
826.551970
826.502309
827.367140
828.140004
828.819453
829.404215
829.893195
830.285481
830.580338
830.777215
830.875746
830.875746
830.777215
830.580338
830.285481
829.893195
829.404215
828.819453
828.140004
827.367140
826.502309
826.452702
827.316586
828.088604
828.767309
829.351430
829.839875
830.231730
830.526264
830.722926
830.821349
830.821349
830.722926
830.526264
830.231730
829.839875
829.351430
828.767309
828.088604
827.316586
826.452702
826.403150
827.266088
828.037261
828.715222
829.298703
829.786613
830.178039
830.472251
830.668697
830.767012
830.767012
830.668697
830.472251
830.178039
829.786613
829.298703
828.715222
828.037261
827.266088
826.403150
826.353652
827.215646
827.985974
828.663193
829.246035
829.733410
830.124408
830.418297
830.614528
830.712735
830.712735
830.614528
830.418297
830.124408
829.733410
829.246035
828.663193
827.985974
827.215646
826.353652
826.304209
827.165259
827.934743
828.611221
829.193425
829.680266
830.070835
830.364402
830.560418
830.658518
830.658518
830.560418
830.364402
830.070835
829.680266
829.193425
828.611221
827.934743
827.165259
826.304209
826.254820
827.114927
827.883569
828.559306
829.140872
829.627181
830.017322
830.310567
830.506369
830.604361
830.604361
830.506369
830.310567
830.017322
829.627181
829.140872
828.559306
827.883569
827.114927
826.254820
826.205485
827.064651
827.832451
828.507448
829.088378
829.574154
829.963868
830.256792
830.452379
830.550264
830.550264
830.452379
830.256792
829.963868
829.574154
829.088378
828.507448
827.832451
827.064651
826.205485
826.156204
827.014429
827.781390
828.455648
829.035941
829.521185
829.910473
830.203076
830.398449
830.496227
830.496227
830.398449
830.203076
829.910473
829.521185
829.035941
828.455648
827.781390
827.014429
826.156204
826.106977
826.964263
827.730384
828.403904
828.983563
829.468275
829.857136
830.149419
830.344578
830.442249
830.442249
830.344578
830.149419
829.857136
829.468275
828.983563
828.403904
827.730384
826.964263
826.106977
826.057804
826.914152
827.679435
828.352218
828.931242
829.415424
829.803859
830.095822
830.290767
830.388331
830.388331
830.290767
830.095822
829.803859
829.415424
828.931242
828.352218
827.679435
826.914152
826.057804
826.008685
826.864096
827.628541
828.300588
828.878978
829.362630
829.750641
830.042284
830.237016
830.334473
830.334473
830.237016
830.042284
829.750641
829.362630
828.878978
828.300588
827.628541
826.864096
826.008685
825.959619
826.814095
827.577704
828.249015
828.826772
829.309895
829.697481
829.988805
830.183323
830.280674
830.280674
830.183323
829.988805
829.697481
829.309895
828.826772
828.249015
827.577704
826.814095
825.959619
825.910608
826.764149
827.526922
828.197499
828.774624
829.257218
829.644379
829.935385
830.129690
830.226934
830.226934
830.129690
829.935385
829.644379
829.257218
828.774624
828.197499
827.526922
826.764149
825.910608
825.861650
826.714258
827.476197
828.146040
828.722533
829.204599
829.591337
829.882024
830.076117
830.173254
830.173254
830.076117
829.882024
829.591337
829.204599
828.722533
828.146040
827.476197
826.714258
825.861650
825.812746
826.664421
827.425527
828.094637
828.670500
829.152038
829.538353
829.828721
830.022602
830.119633
830.119633
830.022602
829.828721
829.538353
829.152038
828.670500
828.094637
827.425527
826.664421
825.812746
825.763895
826.614639
827.374912
828.043291
828.618523
829.099535
829.485427
829.775478
829.969146
830.066071
830.066071
829.969146
829.775478
829.485427
829.099535
828.618523
828.043291
827.374912
826.614639
825.763895
825.715098
826.564912
827.324353
827.992001
828.566604
829.047090
829.432560
829.722293
829.915750
830.012569
830.012569
829.915750
829.722293
829.432560
829.047090
828.566604
827.992001
827.324353
826.564912
825.715098
825.666354
826.515239
827.273850
827.940767
828.514743
828.994703
829.379751
829.669167
829.862412
829.959125
829.959125
829.862412
829.669167
829.379751
828.994703
828.514743
827.940767
827.273850
826.515239
825.666354
825.617664
826.465621
827.223403
827.889591
828.462938
828.942373
829.327000
829.616100
829.809134
829.905740
829.905740
829.809134
829.616100
829.327000
828.942373
828.462938
827.889591
827.223403
826.465621
825.617664
825.569027
826.416057
827.173010
827.838470
828.411190
828.890101
829.274307
829.563091
829.755914
829.852415
829.852415
829.755914
829.563091
829.274307
828.890101
828.411190
827.838470
827.173010
826.416057
825.569027
825.520443
826.366547
827.122673
827.787405
828.359500
828.837887
829.221673
829.510141
829.702752
829.799148
829.799148
829.702752
829.510141
829.221673
828.837887
828.359500
827.787405
827.122673
826.366547
825.520443
825.471913
826.317092
827.072392
827.736397
828.307866
828.785730
829.169096
829.457249
829.649650
829.745940
829.745940
829.649650
829.457249
829.169096
828.785730
828.307866
827.736397
827.072392
826.317092
825.471913
825.423435
826.267691
827.022165
827.685445
828.256289
828.733630
829.116577
829.404415
829.596606
829.692791
829.692791
829.596606
829.404415
829.116577
828.733630
828.256289
827.685445
827.022165
826.267691
825.423435
825.375011
826.218344
826.971994
827.634548
828.204769
828.681588
829.064117
829.351640
829.543620
829.639700
829.639700
829.543620
829.351640
829.064117
828.681588
828.204769
827.634548
826.971994
826.218344
825.375011
825.326639
826.169051
826.921878
827.583708
828.153305
828.629604
829.011714
829.298922
829.490693
829.586668
829.586668
829.490693
829.298922
829.011714
828.629604
828.153305
827.583708
826.921878
826.169051
825.326639
825.278321
826.119813
826.871816
827.532924
828.101898
828.577676
828.959369
829.246263
829.437824
829.533694
829.533694
829.437824
829.246263
828.959369
828.577676
828.101898
827.532924
826.871816
826.119813
825.278321
825.230055
826.070628
826.821810
827.482195
828.050548
828.525806
828.907081
829.193662
829.385014
829.480779
829.480779
829.385014
829.193662
828.907081
828.525806
828.050548
827.482195
826.821810
826.070628
825.230055
825.181842
826.021497
826.771859
827.431522
827.999254
828.473992
828.854851
829.141119
829.332261
829.427922
829.427922
829.332261
829.141119
828.854851
828.473992
827.999254
827.431522
826.771859
826.021497
825.181842
825.133682
825.972420
826.721962
827.380905
827.948016
828.422236
828.802679
829.088634
829.279567
829.375123
829.375123
829.279567
829.088634
828.802679
828.422236
827.948016
827.380905
826.721962
825.972420
825.133682
825.085575
825.923397
826.672120
827.330343
827.896835
828.370537
828.750564
829.036206
829.226931
829.322383
829.322383
829.226931
829.036206
828.750564
828.370537
827.896835
827.330343
826.672120
825.923397
825.085575
825.037520
825.874427
826.622333
827.279837
827.845710
828.318895
828.698506
828.983837
829.174353
829.269700
829.269700
829.174353
828.983837
828.698506
828.318895
827.845710
827.279837
826.622333
825.874427
825.037520
824.989518
825.825511
826.572600
827.229386
827.794641
828.267309
828.646506
828.931525
829.121833
829.217076
829.217076
829.121833
828.931525
828.646506
828.267309
827.794641
827.229386
826.572600
825.825511
824.989518
824.941568
825.776649
826.522922
827.178991
827.743629
828.215780
828.594563
828.879270
829.069371
829.164510
829.164510
829.069371
828.879270
828.594563
828.215780
827.743629
827.178991
826.522922
825.776649
824.941568
824.893671
825.727840
826.473299
827.128651
827.692672
828.164308
828.542677
828.827074
829.016966
829.112001
829.112001
829.016966
828.827074
828.542677
828.164308
827.692672
827.128651
826.473299
825.727840
824.893671
824.845826
825.679085
826.423729
827.078367
827.641772
828.112893
828.490849
828.774934
828.964620
829.059551
829.059551
828.964620
828.774934
828.490849
828.112893
827.641772
827.078367
826.423729
825.679085
824.845826
824.798033
825.630383
826.374215
827.028137
827.590927
828.061534
828.439077
828.722852
828.912331
829.007158
829.007158
828.912331
828.722852
828.439077
828.061534
827.590927
827.028137
826.374215
825.630383
824.798033
824.750293
825.581734
826.324754
826.977963
827.540139
828.010231
828.387362
828.670828
828.860099
828.954823
828.954823
828.860099
828.670828
828.387362
828.010231
827.540139
826.977963
826.324754
825.581734
824.750293
824.702604
825.533138
826.275348
826.927844
827.489406
827.958985
828.335704
828.618861
828.807925
828.902546
828.902546
828.807925
828.618861
828.335704
827.958985
827.489406
826.927844
826.275348
825.533138
824.702604
824.654968
825.484596
826.225996
826.877780
827.438729
827.907795
828.284103
828.566951
828.755809
828.850326
828.850326
828.755809
828.566951
828.284103
827.907795
827.438729
826.877780
826.225996
825.484596
824.654968
824.607384
825.436107
826.176698
826.827770
827.388107
827.856662
828.232559
828.515098
828.703750
828.798164
828.798164
828.703750
828.515098
828.232559
827.856662
827.388107
826.827770
826.176698
825.436107
824.607384
824.559852
825.387671
826.127454
826.777816
827.337542
827.805585
828.181072
828.463302
828.651748
828.746059
828.746059
828.651748
828.463302
828.181072
827.805585
827.337542
826.777816
826.127454
825.387671
824.559852
824.512372
825.339288
826.078264
826.727916
827.287031
827.754564
828.129641
828.411563
828.599803
828.694012
828.694012
828.599803
828.411563
828.129641
827.754564
827.287031
826.727916
826.078264
825.339288
824.512372
824.464944
825.290958
826.029128
826.678071
827.236576
827.703599
828.078267
828.359881
828.547916
828.642021
828.642021
828.547916
828.359881
828.078267
827.703599
827.236576
826.678071
826.029128
825.290958
824.464944
824.417567
825.242681
825.980045
826.628281
827.186177
827.652690
828.026949
828.308256
828.496086
828.590088
828.590088
828.496086
828.308256
828.026949
827.652690
827.186177
826.628281
825.980045
825.242681
824.417567
824.370243
825.194456
825.931017
826.578546
827.135833
827.601837
827.975688
828.256688
828.444313
828.538213
828.538213
828.444313
828.256688
827.975688
827.601837
827.135833
826.578546
825.931017
825.194456
824.370243
824.322969
825.146285
825.882042
826.528865
827.085544
827.551040
827.924483
828.205176
828.392596
828.486394
828.486394
828.392596
828.205176
827.924483
827.551040
827.085544
826.528865
825.882042
825.146285
824.322969
824.275748
825.098166
825.833121
826.479238
827.035310
827.500298
827.873334
828.153721
828.340937
828.434632
828.434632
828.340937
828.153721
827.873334
827.500298
827.035310
826.479238
825.833121
825.098166
824.275748
824.228578
825.050099
825.784253
826.429666
826.985132
827.449613
827.822241
828.102323
828.289334
828.382927
828.382927
828.289334
828.102323
827.822241
827.449613
826.985132
826.429666
825.784253
825.050099
824.228578
824.181460
825.002086
825.735439
826.380148
826.935008
827.398983
827.771205
828.050981
828.237789
828.331280
828.331280
828.237789
828.050981
827.771205
827.398983
826.935008
826.380148
825.735439
825.002086
824.181460
824.134393
824.954124
825.686678
826.330685
826.884940
827.348408
827.720225
827.999696
828.186299
828.279688
828.279688
828.186299
827.999696
827.720225
827.348408
826.884940
826.330685
825.686678
824.954124
824.134393
824.087377
824.906215
825.637971
826.281276
826.834926
827.297889
827.669300
827.948467
828.134867
828.228154
828.228154
828.134867
827.948467
827.669300
827.297889
826.834926
826.281276
825.637971
824.906215
824.087377
824.040413
824.858359
825.589317
826.231920
826.784968
827.247426
827.618432
827.897294
828.083491
828.176677
828.176677
828.083491
827.897294
827.618432
827.247426
826.784968
826.231920
825.589317
824.858359
824.040413
823.993500
824.810555
825.540716
826.182619
826.735064
827.197018
827.567620
827.846178
828.032172
828.125256
828.125256
828.032172
827.846178
827.567620
827.197018
826.735064
826.182619
825.540716
824.810555
823.993500
823.946638
824.762803
825.492169
826.133372
826.685215
827.146666
827.516863
827.795117
827.980909
828.073891
828.073891
827.980909
827.795117
827.516863
827.146666
826.685215
826.133372
825.492169
824.762803
823.946638
823.899827
824.715103
825.443675
826.084179
826.635420
827.096368
827.466162
827.744113
827.929702
828.022583
828.022583
827.929702
827.744113
827.466162
827.096368
826.635420
826.084179
825.443675
824.715103
823.899827
823.853068
824.667455
825.395233
826.035040
826.585681
827.046126
827.415517
827.693165
827.878552
827.971331
827.971331
827.878552
827.693165
827.415517
827.046126
826.585681
826.035040
825.395233
824.667455
823.853068
823.806359
824.619860
825.346845
825.985955
826.535995
826.995939
827.364928
827.642273
827.827458
827.920136
827.920136
827.827458
827.642273
827.364928
826.995939
826.535995
825.985955
825.346845
824.619860
823.806359
823.759702
824.572316
825.298510
825.936923
826.486364
826.945807
827.314394
827.591437
827.776420
827.868997
827.868997
827.776420
827.591437
827.314394
826.945807
826.486364
825.936923
825.298510
824.572316
823.759702
823.713095
824.524825
825.250227
825.887945
826.436788
826.895730
827.263915
827.540656
827.725438
827.817914
827.817914
827.725438
827.540656
827.263915
826.895730
826.436788
825.887945
825.250227
824.524825
823.713095
823.666539
824.477385
825.201997
825.839021
826.387266
826.845708
827.213492
827.489932
827.674512
827.766888
827.766888
827.674512
827.489932
827.213492
826.845708
826.387266
825.839021
825.201997
824.477385
823.666539
823.620034
824.429997
825.153820
825.790151
826.337798
826.795741
827.163124
827.439263
827.623642
827.715917
827.715917
827.623642
827.439263
827.163124
826.795741
826.337798
825.790151
825.153820
824.429997
823.620034
823.573579
824.382661
825.105696
825.741333
826.288385
826.745829
827.112812
827.388650
827.572828
827.665002
827.665002
827.572828
827.388650
827.112812
826.745829
826.288385
825.741333
825.105696
824.382661
823.573579
823.527175
824.335376
825.057625
825.692570
826.239025
826.695971
827.062555
827.338092
827.522069
827.614144
827.614144
827.522069
827.338092
827.062555
826.695971
826.239025
825.692570
825.057625
824.335376
823.527175
823.480822
824.288143
825.009606
825.643859
826.189720
826.646168
827.012353
827.287590
827.471367
827.563341
827.563341
827.471367
827.287590
827.012353
826.646168
826.189720
825.643859
825.009606
824.288143
823.480822
823.434519
824.240962
824.961639
825.595202
826.140469
826.596420
826.962206
827.237143
827.420720
827.512594
827.512594
827.420720
827.237143
826.962206
826.596420
826.140469
825.595202
824.961639
824.240962
823.434519
823.388267
824.193832
824.913725
825.546599
826.091271
826.546726
826.912114
827.186752
827.370129
827.461903
827.461903
827.370129
827.186752
826.912114
826.546726
826.091271
825.546599
824.913725
824.193832
823.388267
823.342065
824.146754
824.865863
825.498048
826.042128
826.497087
826.862077
827.136416
827.319593
827.411267
827.411267
827.319593
827.136416
826.862077
826.497087
826.042128
825.498048
824.865863
824.146754
823.342065
823.295914
824.099727
824.818054
825.449551
825.993038
826.447502
826.812095
827.086135
827.269113
827.360687
827.360687
827.269113
827.086135
826.812095
826.447502
825.993038
825.449551
824.818054
824.099727
823.295914
823.249813
824.052751
824.770296
825.401106
825.944003
826.397972
826.762167
827.035909
827.218688
827.310163
827.310163
827.218688
827.035909
826.762167
826.397972
825.944003
825.401106
824.770296
824.052751
823.249813
823.203762
824.005827
824.722591
825.352715
825.895021
826.348496
826.712295
826.985739
827.168319
827.259693
827.259693
827.168319
826.985739
826.712295
826.348496
825.895021
825.352715
824.722591
824.005827
823.203762
823.157761
823.958954
824.674939
825.304377
825.846092
826.299074
826.662477
826.935623
827.118004
827.209280
827.209280
827.118004
826.935623
826.662477
826.299074
825.846092
825.304377
824.674939
823.958954
823.157761
823.111810
823.912132
824.627338
825.256091
825.797217
826.249706
826.612714
826.885563
827.067745
827.158922
827.158922
827.067745
826.885563
826.612714
826.249706
825.797217
825.256091
824.627338
823.912132
823.111810
823.065909
823.865361
824.579789
825.207858
825.748396
826.200392
826.563005
826.835557
827.017542
827.108618
827.108618
827.017542
826.835557
826.563005
826.200392
825.748396
825.207858
824.579789
823.865361
823.065909
823.020059
823.818641
824.532292
825.159678
825.699628
826.151133
826.513351
826.785606
826.967393
827.058371
827.058371
826.967393
826.785606
826.513351
826.151133
825.699628
825.159678
824.532292
823.818641
823.020059
822.974258
823.771972
824.484847
825.111551
825.650913
826.101927
826.463751
826.735711
826.917299
827.008178
827.008178
826.917299
826.735711
826.463751
826.101927
825.650913
825.111551
824.484847
823.771972
822.974258
822.928507
823.725354
824.437454
825.063476
825.602252
826.052775
826.414205
826.685869
826.867260
826.958040
826.958040
826.867260
826.685869
826.414205
826.052775
825.602252
825.063476
824.437454
823.725354
822.928507
822.882806
823.678787
824.390112
825.015454
825.553644
826.003677
826.364714
826.636083
826.817276
826.907958
826.907958
826.817276
826.636083
826.364714
826.003677
825.553644
825.015454
824.390112
823.678787
822.882806
822.837155
823.632270
824.342823
824.967484
825.505089
825.954633
826.315277
826.586351
826.767347
826.857930
826.857930
826.767347
826.586351
826.315277
825.954633
825.505089
824.967484
824.342823
823.632270
822.837155
822.791553
823.585804
824.295585
824.919567
825.456587
825.905642
826.265895
826.536673
826.717473
826.807957
826.807957
826.717473
826.536673
826.265895
825.905642
825.456587
824.919567
824.295585
823.585804
822.791553
822.746001
823.539389
824.248398
824.871702
825.408139
825.856705
826.216566
826.487050
826.667653
826.758039
826.758039
826.667653
826.487050
826.216566
825.856705
825.408139
824.871702
824.248398
823.539389
822.746001
822.700499
823.493025
824.201263
824.823890
825.359743
825.807822
826.167291
826.437481
826.617888
826.708176
826.708176
826.617888
826.437481
826.167291
825.807822
825.359743
824.823890
824.201263
823.493025
822.700499
822.655046
823.446711
824.154179
824.776130
825.311400
825.758992
826.118071
826.387967
826.568178
826.658367
826.658367
826.568178
826.387967
826.118071
825.758992
825.311400
824.776130
824.154179
823.446711
822.655046
822.609643
823.400447
824.107147
824.728422
825.263110
825.710216
826.068904
826.338507
826.518522
826.608613
826.608613
826.518522
826.338507
826.068904
825.710216
825.263110
824.728422
824.107147
823.400447
822.609643
822.564289
823.354234
824.060166
824.680766
825.214873
825.661493
826.019791
826.289101
826.468920
826.558913
826.558913
826.468920
826.289101
826.019791
825.661493
825.214873
824.680766
824.060166
823.354234
822.564289
822.518984
823.308072
824.013237
824.633162
825.166689
825.612823
825.970732
826.239749
826.419373
826.509268
826.509268
826.419373
826.239749
825.970732
825.612823
825.166689
824.633162
824.013237
823.308072
822.518984
822.473729
823.261959
823.966358
824.585610
825.118557
825.564207
825.921727
826.190451
826.369880
826.459678
826.459678
826.369880
826.190451
825.921727
825.564207
825.118557
824.585610
823.966358
823.261959
822.473729
822.428523
823.215897
823.919531
824.538110
825.070478
825.515643
825.872775
826.141208
826.320441
826.410141
826.410141
826.320441
826.141208
825.872775
825.515643
825.070478
824.538110
823.919531
823.215897
822.428523
822.383366
823.169885
823.872755
824.490662
825.022452
825.467133
825.823877
826.092018
826.271057
826.360659
826.360659
826.271057
826.092018
825.823877
825.467133
825.022452
824.490662
823.872755
823.169885
822.383366
822.338258
823.123923
823.826030
824.443265
824.974478
825.418676
825.775032
826.042882
826.221726
826.311231
826.311231
826.221726
826.042882
825.775032
825.418676
824.974478
824.443265
823.826030
823.123923
822.338258
822.293199
823.078011
823.779355
824.395921
824.926556
825.370272
825.726241
825.993800
826.172450
826.261858
826.261858
826.172450
825.993800
825.726241
825.370272
824.926556
824.395921
823.779355
823.078011
822.293199
822.248189
823.032150
823.732732
824.348628
824.878687
825.321921
825.677504
825.944772
826.123227
826.212538
826.212538
826.123227
825.944772
825.677504
825.321921
824.878687
824.348628
823.732732
823.032150
822.248189
822.203228
822.986338
823.686160
824.301387
824.830870
825.273623
825.628819
825.895797
826.074059
826.163273
826.163273
826.074059
825.895797
825.628819
825.273623
824.830870
824.301387
823.686160
822.986338
822.203228
822.158316
822.940576
823.639638
824.254197
824.783106
825.225378
825.580188
825.846876
826.024944
826.114061
826.114061
826.024944
825.846876
825.580188
825.225378
824.783106
824.254197
823.639638
822.940576
822.158316
822.113453
822.894864
823.593167
824.207059
824.735393
825.177185
825.531610
825.798008
825.975883
826.064903
826.064903
825.975883
825.798008
825.531610
825.177185
824.735393
824.207059
823.593167
822.894864
822.113453
822.068639
822.849201
823.546747
824.159972
824.687733
825.129045
825.483085
825.749194
825.926876
826.015799
826.015799
825.926876
825.749194
825.483085
825.129045
824.687733
824.159972
823.546747
822.849201
822.068639
822.023873
822.803588
823.500377
824.112937
824.640125
825.080958
825.434614
825.700433
825.877922
825.966749
825.966749
825.877922
825.700433
825.434614
825.080958
824.640125
824.112937
823.500377
822.803588
822.023873
821.979156
822.758025
823.454058
824.065953
824.592569
825.032923
825.386195
825.651726
825.829022
825.917753
825.917753
825.829022
825.651726
825.386195
825.032923
824.592569
824.065953
823.454058
822.758025
821.979156
821.934487
822.712512
823.407789
824.019020
824.545064
824.984941
825.337829
825.603072
825.780176
825.868810
825.868810
825.780176
825.603072
825.337829
824.984941
824.545064
824.019020
823.407789
822.712512
821.934487
821.889868
822.667048
823.361571
823.972138
824.497612
824.937011
825.289516
825.554471
825.731383
825.819921
825.819921
825.731383
825.554471
825.289516
824.937011
824.497612
823.972138
823.361571
822.667048
821.889868
821.845296
822.621634
823.315403
823.925308
824.450211
824.889133
825.241256
825.505924
825.682643
825.771085
825.771085
825.682643
825.505924
825.241256
824.889133
824.450211
823.925308
823.315403
822.621634
821.845296
821.800773
822.576268
823.269285
823.878529
824.402862
824.841308
825.193049
825.457429
825.633957
825.722302
825.722302
825.633957
825.457429
825.193049
824.841308
824.402862
823.878529
823.269285
822.576268
821.800773
821.756298
822.530953
823.223218
823.831800
824.355565
824.793535
825.144894
825.408988
825.585323
825.673574
825.673574
825.585323
825.408988
825.144894
824.793535
824.355565
823.831800
823.223218
822.530953
821.756298
821.711872
822.485686
823.177200
823.785123
824.308320
824.745814
825.096792
825.360599
825.536744
825.624898
825.624898
825.536744
825.360599
825.096792
824.745814
824.308320
823.785123
823.177200
822.485686
821.711872
821.667494
822.440469
823.131233
823.738497
824.261126
824.698146
825.048743
825.312263
825.488217
825.576276
825.576276
825.488217
825.312263
825.048743
824.698146
824.261126
823.738497
823.131233
822.440469
821.667494
821.623164
822.395301
823.085316
823.691921
824.213983
824.650529
825.000746
825.263981
825.439743
825.527706
825.527706
825.439743
825.263981
825.000746
824.650529
824.213983
823.691921
823.085316
822.395301
821.623164
821.578882
822.350182
823.039449
823.645396
824.166892
824.602965
824.952802
825.215751
825.391323
825.479190
825.479190
825.391323
825.215751
824.952802
824.602965
824.166892
823.645396
823.039449
822.350182
821.578882
821.534648
822.305112
822.993632
823.598922
824.119852
824.555452
824.904909
825.167573
825.342955
825.430727
825.430727
825.342955
825.167573
824.904909
824.555452
824.119852
823.598922
822.993632
822.305112
821.534648
821.490463
822.260092
822.947865
823.552498
824.072864
824.507991
824.857070
825.119449
825.294640
825.382317
825.382317
825.294640
825.119449
824.857070
824.507991
824.072864
823.552498
822.947865
822.260092
821.490463
821.446325
822.215120
822.902148
823.506126
824.025927
824.460583
824.809282
825.071377
825.246378
825.333960
825.333960
825.246378
825.071377
824.809282
824.460583
824.025927
823.506126
822.902148
822.215120
821.446325
821.402235
822.170197
822.856480
823.459803
823.979041
824.413225
824.761547
825.023357
825.198169
825.285656
825.285656
825.198169
825.023357
824.761547
824.413225
823.979041
823.459803
822.856480
822.170197
821.402235
821.358193
822.125323
822.810862
823.413531
823.932206
824.365920
824.713864
824.975390
825.150012
825.237404
825.237404
825.150012
824.975390
824.713864
824.365920
823.932206
823.413531
822.810862
822.125323
821.358193
821.314199
822.080497
822.765294
823.367310
823.885423
824.318666
824.666233
824.927476
825.101908
825.189206
825.189206
825.101908
824.927476
824.666233
824.318666
823.885423
823.367310
822.765294
822.080497
821.314199
821.270253
822.035721
822.719775
823.321139
823.838690
824.271464
824.618654
824.879613
825.053857
825.141060
825.141060
825.053857
824.879613
824.618654
824.271464
823.838690
823.321139
822.719775
822.035721
821.270253
821.226354
821.990993
822.674306
823.275018
823.792008
824.224313
824.571127
824.831803
825.005858
825.092966
825.092966
825.005858
824.831803
824.571127
824.224313
823.792008
823.275018
822.674306
821.990993
821.226354
821.182503
821.946313
822.628886
823.228947
823.745377
824.177214
824.523651
824.784046
824.957912
825.044926
825.044926
824.957912
824.784046
824.523651
824.177214
823.745377
823.228947
822.628886
821.946313
821.182503
821.138699
821.901682
822.583516
823.182927
823.698797
824.130166
824.476228
824.736340
824.910018
824.996937
824.996937
824.910018
824.736340
824.476228
824.130166
823.698797
823.182927
822.583516
821.901682
821.138699
821.094943
821.857100
822.538195
823.136957
823.652268
824.083169
824.428856
824.688687
824.862176
824.949001
824.949001
824.862176
824.688687
824.428856
824.083169
823.652268
823.136957
822.538195
821.857100
821.094943
821.051235
821.812566
822.492923
823.091036
823.605790
824.036224
824.381537
824.641085
824.814386
824.901118
824.901118
824.814386
824.641085
824.381537
824.036224
823.605790
823.091036
822.492923
821.812566
821.051235
821.007574
821.768081
822.447701
823.045166
823.559362
823.989330
824.334268
824.593536
824.766649
824.853286
824.853286
824.766649
824.593536
824.334268
823.989330
823.559362
823.045166
822.447701
821.768081
821.007574
820.963960
821.723643
822.402528
822.999346
823.512985
823.942487
824.287052
824.546038
824.718964
824.805507
824.805507
824.718964
824.546038
824.287052
823.942487
823.512985
822.999346
822.402528
821.723643
820.963960
820.920393
821.679254
822.357404
822.953575
823.466658
823.895695
824.239886
824.498592
824.671331
824.757781
824.757781
824.671331
824.498592
824.239886
823.895695
823.466658
822.953575
822.357404
821.679254
820.920393
820.876874
821.634914
822.312329
822.907855
823.420382
823.848954
824.192773
824.451198
824.623750
824.710106
824.710106
824.623750
824.451198
824.192773
823.848954
823.420382
822.907855
822.312329
821.634914
820.876874
820.833402
821.590621
822.267303
822.862184
823.374156
823.802264
824.145710
824.403856
824.576221
824.662483
824.662483
824.576221
824.403856
824.145710
823.802264
823.374156
822.862184
822.267303
821.590621
820.833402
820.789977
821.546376
822.222326
822.816563
823.327980
823.755625
824.098699
824.356566
824.528743
824.614913
824.614913
824.528743
824.356566
824.098699
823.755625
823.327980
822.816563
822.222326
821.546376
820.789977
820.746599
821.502180
822.177397
822.770991
823.281855
823.709037
824.051740
824.309327
824.481318
824.567394
824.567394
824.481318
824.309327
824.051740
823.709037
823.281855
822.770991
822.177397
821.502180
820.746599
820.703268
821.458031
822.132518
822.725470
823.235780
823.662499
824.004831
824.262139
824.433944
824.519927
824.519927
824.433944
824.262139
824.004831
823.662499
823.235780
822.725470
822.132518
821.458031
820.703268
820.659984
821.413931
822.087687
822.679997
823.189756
823.616012
823.957974
824.215003
824.386622
824.472512
824.472512
824.386622
824.215003
823.957974
823.616012
823.189756
822.679997
822.087687
821.413931
820.659984
820.616747
821.369878
822.042906
822.634574
823.143781
823.569576
823.911168
824.167919
824.339352
824.425149
824.425149
824.339352
824.167919
823.911168
823.569576
823.143781
822.634574
822.042906
821.369878
820.616747
820.573557
821.325873
821.998172
822.589201
823.097856
823.523191
823.864412
824.120886
824.292133
824.377837
824.377837
824.292133
824.120886
823.864412
823.523191
823.097856
822.589201
821.998172
821.325873
820.573557
820.530414
821.281916
821.953488
822.543877
823.051982
823.476856
823.817708
824.073904
824.244966
824.330577
824.330577
824.244966
824.073904
823.817708
823.476856
823.051982
822.543877
821.953488
821.281916
820.530414
820.487317
821.238006
821.908852
822.498602
823.006157
823.430571
823.771055
824.026973
824.197850
824.283369
824.283369
824.197850
824.026973
823.771055
823.430571
823.006157
822.498602
821.908852
821.238006
820.487317
820.444267
821.194144
821.864264
822.453376
822.960382
823.384337
823.724452
823.980094
824.150786
824.236212
824.236212
824.150786
823.980094
823.724452
823.384337
822.960382
822.453376
821.864264
821.194144
820.444267
820.401264
821.150330
821.819725
822.408200
822.914657
823.338154
823.677901
823.933265
824.103773
824.189106
824.189106
824.103773
823.933265
823.677901
823.338154
822.914657
822.408200
821.819725
821.150330
820.401264
820.358307
821.106563
821.775234
822.363073
822.868982
823.292020
823.631400
823.886488
824.056811
824.142052
824.142052
824.056811
823.886488
823.631400
823.292020
822.868982
822.363073
821.775234
821.106563
820.358307
820.315397
821.062844
821.730792
822.317994
822.823357
823.245937
823.584949
823.839762
824.009901
824.095049
824.095049
824.009901
823.839762
823.584949
823.245937
822.823357
822.317994
821.730792
821.062844
820.315397
820.272533
821.019172
821.686398
822.272965
822.777781
823.199904
823.538550
823.793086
823.963041
824.048098
824.048098
823.963041
823.793086
823.538550
823.199904
822.777781
822.272965
821.686398
821.019172
820.272533
820.229716
820.975548
821.642052
822.227985
822.732255
823.153921
823.492201
823.746462
823.916233
824.001197
824.001197
823.916233
823.746462
823.492201
823.153921
822.732255
822.227985
821.642052
820.975548
820.229716
820.186945
820.931970
821.597754
822.183053
822.686778
823.107989
823.445902
823.699888
823.869476
823.954348
823.954348
823.869476
823.699888
823.445902
823.107989
822.686778
822.183053
821.597754
820.931970
820.186945
820.144220
820.888440
821.553504
822.138171
822.641351
823.062106
823.399654
823.653365
823.822769
823.907550
823.907550
823.822769
823.653365
823.399654
823.062106
822.641351
822.138171
821.553504
820.888440
820.144220
820.101542
820.844958
821.509302
822.093337
822.595973
823.016273
823.353456
823.606893
823.776114
823.860803
823.860803
823.776114
823.606893
823.353456
823.016273
822.595973
822.093337
821.509302
820.844958
820.101542
820.058909
820.801522
821.465149
822.048552
822.550644
822.970490
823.307308
823.560472
823.729509
823.814107
823.814107
823.729509
823.560472
823.307308
822.970490
822.550644
822.048552
821.465149
820.801522
820.058909
820.016323
820.758133
821.421043
822.003815
822.505365
822.924757
823.261211
823.514101
823.682955
823.767461
823.767461
823.682955
823.514101
823.261211
822.924757
822.505365
822.003815
821.421043
820.758133
820.016323
819.973783
820.714792
821.376985
821.959128
822.460135
822.879074
823.215164
823.467780
823.636452
823.720867
823.720867
823.636452
823.467780
823.215164
822.879074
822.460135
821.959128
821.376985
820.714792
819.973783
819.931289
820.671497
821.332975
821.914488
822.414954
822.833440
823.169167
823.421510
823.590000
823.674323
823.674323
823.590000
823.421510
823.169167
822.833440
822.414954
821.914488
821.332975
820.671497
819.931289
819.888842
820.628250
821.289012
821.869898
822.369823
822.787856
823.123220
823.375290
823.543598
823.627830
823.627830
823.543598
823.375290
823.123220
822.787856
822.369823
821.869898
821.289012
820.628250
819.888842
819.846439
820.585049
821.245098
821.825355
822.324740
822.742322
823.077323
823.329121
823.497247
823.581388
823.581388
823.497247
823.329121
823.077323
822.742322
822.324740
821.825355
821.245098
820.585049
819.846439
819.804083
820.541895
821.201231
821.780861
822.279706
822.696837
823.031476
823.283002
823.450946
823.534996
823.534996
823.450946
823.283002
823.031476
822.696837
822.279706
821.780861
821.201231
820.541895
819.804083
819.761773
820.498788
821.157411
821.736416
822.234722
822.651401
822.985679
823.236933
823.404696
823.488655
823.488655
823.404696
823.236933
822.985679
822.651401
822.234722
821.736416
821.157411
820.498788
819.761773
819.719508
820.455727
821.113639
821.692018
822.189786
822.606015
822.939932
823.190914
823.358496
823.442364
823.442364
823.358496
823.190914
822.939932
822.606015
822.189786
821.692018
821.113639
820.455727
819.719508
819.677289
820.412713
821.069915
821.647669
822.144899
822.560679
822.894235
823.144946
823.312346
823.396124
823.396124
823.312346
823.144946
822.894235
822.560679
822.144899
821.647669
821.069915
820.412713
819.677289
819.635116
820.369746
821.026238
821.603368
822.100061
822.515391
822.848587
823.099027
823.266246
823.349934
823.349934
823.266246
823.099027
822.848587
822.515391
822.100061
821.603368
821.026238
820.369746
819.635116
819.592989
820.326825
820.982608
821.559115
822.055271
822.470153
822.802989
823.053159
823.220197
823.303794
823.303794
823.220197
823.053159
822.802989
822.470153
822.055271
821.559115
820.982608
820.326825
819.592989
819.550907
820.283951
820.939026
821.514910
822.010530
822.424964
822.757440
823.007340
823.174198
823.257705
823.257705
823.174198
823.007340
822.757440
822.424964
822.010530
821.514910
820.939026
820.283951
819.550907
819.508870
820.241123
820.895490
821.470753
821.965838
822.379825
822.711941
822.961571
823.128249
823.211666
823.211666
823.128249
822.961571
822.711941
822.379825
821.965838
821.470753
820.895490
820.241123
819.508870
819.466879
820.198341
820.852002
821.426644
821.921195
822.334734
822.666492
822.915852
823.082350
823.165676
823.165676
823.082350
822.915852
822.666492
822.334734
821.921195
821.426644
820.852002
820.198341
819.466879
819.424933
820.155606
820.808562
821.382583
821.876599
822.289692
822.621092
822.870183
823.036501
823.119737
823.119737
823.036501
822.870183
822.621092
822.289692
821.876599
821.382583
820.808562
820.155606
819.424933
819.383033
820.112917
820.765168
821.338569
821.832053
822.244699
822.575741
822.824563
822.990702
823.073848
823.073848
822.990702
822.824563
822.575741
822.244699
821.832053
821.338569
820.765168
820.112917
819.383033
819.341178
820.070274
820.721821
821.294603
821.787554
822.199755
822.530440
822.778993
822.944952
823.028009
823.028009
822.944952
822.778993
822.530440
822.199755
821.787554
821.294603
820.721821
820.070274
819.341178
819.299368
820.027678
820.678521
821.250686
821.743104
822.154860
822.485188
822.733473
822.899253
822.982220
822.982220
822.899253
822.733473
822.485188
822.154860
821.743104
821.250686
820.678521
820.027678
819.299368
819.257603
819.985127
820.635269
821.206815
821.698702
822.110014
822.439985
822.688002
822.853603
822.936480
822.936480
822.853603
822.688002
822.439985
822.110014
821.698702
821.206815
820.635269
819.985127
819.257603
819.215884
819.942623
820.592063
821.162992
821.654349
822.065217
822.394831
822.642580
822.808003
822.890791
822.890791
822.808003
822.642580
822.394831
822.065217
821.654349
821.162992
820.592063
819.942623
819.215884
819.174209
819.900164
820.548903
821.119217
821.610043
822.020468
822.349727
822.597208
822.762452
822.845151
822.845151
822.762452
822.597208
822.349727
822.020468
821.610043
821.119217
820.548903
819.900164
819.174209
819.132580
819.857752
820.505791
821.075490
821.565786
821.975767
822.304671
822.551886
822.716951
822.799560
822.799560
822.716951
822.551886
822.304671
821.975767
821.565786
821.075490
820.505791
819.857752
819.132580
819.090995
819.815385
820.462725
821.031809
821.521577
821.931116
822.259665
822.506612
822.671499
822.754020
822.754020
822.671499
822.506612
822.259665
821.931116
821.521577
821.031809
820.462725
819.815385
819.090995
819.049456
819.773064
820.419706
820.988176
821.477415
821.886512
822.214707
822.461388
822.626097
822.708528
822.708528
822.626097
822.461388
822.214707
821.886512
821.477415
820.988176
820.419706
819.773064
819.049456
819.007961
819.730789
820.376734
820.944591
821.433302
821.841958
822.169798
822.416213
822.580744
822.663087
822.663087
822.580744
822.416213
822.169798
821.841958
821.433302
820.944591
820.376734
819.730789
819.007961
818.966511
819.688560
820.333808
820.901052
821.389236
821.797451
822.124938
822.371087
822.535441
822.617694
822.617694
822.535441
822.371087
822.124938
821.797451
821.389236
820.901052
820.333808
819.688560
818.966511
818.925106
819.646376
820.290928
820.857561
821.345218
821.752993
822.080126
822.326010
822.490186
822.572351
822.572351
822.490186
822.326010
822.080126
821.752993
821.345218
820.857561
820.290928
819.646376
818.925106
818.883745
819.604238
820.248095
820.814117
821.301248
821.708583
822.035364
822.280982
822.444981
822.527057
822.527057
822.444981
822.280982
822.035364
821.708583
821.301248
820.814117
820.248095
819.604238
818.883745
818.842430
819.562146
820.205309
820.770720
821.257326
821.664221
821.990649
822.236003
822.399825
822.481813
822.481813
822.399825
822.236003
821.990649
821.664221
821.257326
820.770720
820.205309
819.562146
818.842430
818.801158
819.520099
820.162568
820.727370
821.213451
821.619908
821.945984
822.191073
822.354719
822.436618
822.436618
822.354719
822.191073
821.945984
821.619908
821.213451
820.727370
820.162568
819.520099
818.801158
818.759932
819.478097
820.119874
820.684067
821.169624
821.575643
821.901367
822.146191
822.309661
822.391471
822.391471
822.309661
822.146191
821.901367
821.575643
821.169624
820.684067
820.119874
819.478097
818.759932
818.718750
819.436141
820.077226
820.640811
821.125844
821.531425
821.856798
822.101359
822.264652
822.346374
822.346374
822.264652
822.101359
821.856798
821.531425
821.125844
820.640811
820.077226
819.436141
818.718750
818.677612
819.394230
820.034625
820.597601
821.082112
821.487256
821.812278
822.056575
822.219692
822.301326
822.301326
822.219692
822.056575
821.812278
821.487256
821.082112
820.597601
820.034625
819.394230
818.677612
818.636519
819.352365
819.992069
820.554439
821.038428
821.443134
821.767806
822.011839
822.174781
822.256327
822.256327
822.174781
822.011839
821.767806
821.443134
821.038428
820.554439
819.992069
819.352365
818.636519
818.595470
819.310545
819.949559
820.511323
820.994790
821.399061
821.723382
821.967153
822.129918
822.211377
822.211377
822.129918
821.967153
821.723382
821.399061
820.994790
820.511323
819.949559
819.310545
818.595470
818.554465
819.268770
819.907096
820.468254
820.951200
821.355035
821.679007
821.922514
822.085105
822.166475
822.166475
822.085105
821.922514
821.679007
821.355035
820.951200
820.468254
819.907096
819.268770
818.554465
818.513505
819.227040
819.864678
820.425232
820.907657
821.311057
821.634680
821.877925
822.040340
822.121622
822.121622
822.040340
821.877925
821.634680
821.311057
820.907657
820.425232
819.864678
819.227040
818.513505
818.472589
819.185355
819.822306
820.382256
820.864162
821.267126
821.590401
821.833383
821.995623
822.076818
822.076818
821.995623
821.833383
821.590401
821.267126
820.864162
820.382256
819.822306
819.185355
818.472589
818.431717
819.143715
819.779980
820.339327
820.820713
821.223244
821.546169
821.788890
821.950955
822.032063
822.032063
821.950955
821.788890
821.546169
821.223244
820.820713
820.339327
819.779980
819.143715
818.431717
818.390889
819.102120
819.737700
820.296444
820.777312
821.179408
821.501986
821.744446
821.906336
821.987356
821.987356
821.906336
821.744446
821.501986
821.179408
820.777312
820.296444
819.737700
819.102120
818.390889
818.350105
819.060570
819.695466
820.253608
820.733957
821.135621
821.457851
821.700049
821.861765
821.942698
821.942698
821.861765
821.700049
821.457851
821.135621
820.733957
820.253608
819.695466
819.060570
818.350105
818.309365
819.019065
819.653277
820.210818
820.690650
821.091881
821.413764
821.655701
821.817243
821.898088
821.898088
821.817243
821.655701
821.413764
821.091881
820.690650
820.210818
819.653277
819.019065
818.309365
818.268669
818.977605
819.611134
820.168074
820.647389
821.048188
821.369724
821.611401
821.772768
821.853527
821.853527
821.772768
821.611401
821.369724
821.048188
820.647389
820.168074
819.611134
818.977605
818.268669
818.228017
818.936190
819.569036
820.125377
820.604176
821.004543
821.325733
821.567149
821.728342
821.809014
821.809014
821.728342
821.567149
821.325733
821.004543
820.604176
820.125377
819.569036
818.936190
818.228017
818.187408
818.894819
819.526984
820.082726
820.561009
820.960945
821.281789
821.522945
821.683965
821.764550
821.764550
821.683965
821.522945
821.281789
820.960945
820.561009
820.082726
819.526984
818.894819
818.187408
818.146844
818.853493
819.484977
820.040120
820.517889
820.917394
821.237892
821.478789
821.639635
821.720133
821.720133
821.639635
821.478789
821.237892
820.917394
820.517889
820.040120
819.484977
818.853493
818.146844
818.106323
818.812212
819.443016
819.997562
820.474815
820.873890
821.194044
821.434680
821.595354
821.675765
821.675765
821.595354
821.434680
821.194044
820.873890
820.474815
819.997562
819.443016
818.812212
818.106323
818.065846
818.770975
819.401100
819.955049
820.431789
820.830434
821.150242
821.390620
821.551120
821.631445
821.631445
821.551120
821.390620
821.150242
820.830434
820.431789
819.955049
819.401100
818.770975
818.065846
818.025412
818.729782
819.359230
819.912582
820.388809
820.787024
821.106489
821.346607
821.506935
821.587173
821.587173
821.506935
821.346607
821.106489
820.787024
820.388809
819.912582
819.359230
818.729782
818.025412
817.985022
818.688634
819.317404
819.870161
820.345875
820.743662
821.062782
821.302643
821.462797
821.542949
821.542949
821.462797
821.302643
821.062782
820.743662
820.345875
819.870161
819.317404
818.688634
817.985022
817.944676
818.647531
819.275624
819.827786
820.302988
820.700347
821.019123
821.258725
821.418708
821.498773
821.498773
821.418708
821.258725
821.019123
820.700347
820.302988
819.827786
819.275624
818.647531
817.944676
817.904373
818.606472
819.233889
819.785456
820.260147
820.657078
820.975512
821.214856
821.374666
821.454645
821.454645
821.374666
821.214856
820.975512
820.657078
820.260147
819.785456
819.233889
818.606472
817.904373
817.864114
818.565457
819.192199
819.743173
820.217353
820.613857
820.931947
821.171034
821.330672
821.410565
821.410565
821.330672
821.171034
820.931947
820.613857
820.217353
819.743173
819.192199
818.565457
817.864114
817.823898
818.524486
819.150554
819.700935
820.174605
820.570682
820.888430
821.127259
821.286726
821.366533
821.366533
821.286726
821.127259
820.888430
820.570682
820.174605
819.700935
819.150554
818.524486
817.823898
817.783725
818.483560
819.108954
819.658743
820.131903
820.527554
820.844960
821.083532
821.242827
821.322548
821.322548
821.242827
821.083532
820.844960
820.527554
820.131903
819.658743
819.108954
818.483560
817.783725
817.743595
818.442678
819.067399
819.616596
820.089247
820.484472
820.801537
821.039853
821.198976
821.278612
821.278612
821.198976
821.039853
820.801537
820.484472
820.089247
819.616596
819.067399
818.442678
817.743595
817.703509
818.401840
819.025889
819.574496
820.046638
820.441438
820.758161
820.996220
821.155172
821.234722
821.234722
821.155172
820.996220
820.758161
820.441438
820.046638
819.574496
819.025889
818.401840
817.703509
817.663466
818.361046
818.984424
819.532440
820.004074
820.398450
820.714833
820.952635
821.111416
821.190881
821.190881
821.111416
820.952635
820.714833
820.398450
820.004074
819.532440
818.984424
818.361046
817.663466
817.623466
818.320296
818.943003
819.490430
819.961557
820.355508
820.671551
820.909098
821.067708
821.147086
821.147086
821.067708
820.909098
820.671551
820.355508
819.961557
819.490430
818.943003
818.320296
817.623466
817.583509
818.279589
818.901628
819.448466
819.919086
820.312613
820.628315
820.865607
821.024046
821.103340
821.103340
821.024046
820.865607
820.628315
820.312613
819.919086
819.448466
818.901628
818.279589
817.583509
817.543595
818.238927
818.860296
819.406546
819.876660
820.269764
820.585127
820.822163
820.980432
821.059641
821.059641
820.980432
820.822163
820.585127
820.269764
819.876660
819.406546
818.860296
818.238927
817.543595
817.503724
818.198309
818.819010
819.364672
819.834281
820.226962
820.541986
820.778767
820.936866
821.015989
821.015989
820.936866
820.778767
820.541986
820.226962
819.834281
819.364672
818.819010
818.198309
817.503724
817.463896
818.157734
818.777768
819.322844
819.791947
820.184206
820.498891
820.735417
820.893346
820.972384
820.972384
820.893346
820.735417
820.498891
820.184206
819.791947
819.322844
818.777768
818.157734
817.463896
817.424111
818.117203
818.736571
819.281060
819.749659
820.141496
820.455843
820.692115
820.849874
820.928827
820.928827
820.849874
820.692115
820.455843
820.141496
819.749659
819.281060
818.736571
818.117203
817.424111
817.384369
818.076716
818.695418
819.239322
819.707417
820.098833
820.412841
820.648859
820.806449
820.885316
820.885316
820.806449
820.648859
820.412841
820.098833
819.707417
819.239322
818.695418
818.076716
817.384369
817.344670
818.036272
818.654309
819.197629
819.665221
820.056215
820.369886
820.605651
820.763070
820.841853
820.841853
820.763070
820.605651
820.369886
820.056215
819.665221
819.197629
818.654309
818.036272
817.344670
817.305013
817.995872
818.613245
819.155980
819.623070
820.013644
820.326978
820.562489
820.719739
820.798437
820.798437
820.719739
820.562489
820.326978
820.013644
819.623070
819.155980
818.613245
817.995872
817.305013
817.265399
817.955516
818.572225
819.114377
819.580964
819.971119
820.284116
820.519373
820.676455
820.755069
820.755069
820.676455
820.519373
820.284116
819.971119
819.580964
819.114377
818.572225
817.955516
817.265399
817.225827
817.915203
818.531249
819.072819
819.538905
819.928640
820.241300
820.476305
820.633217
820.711747
820.711747
820.633217
820.476305
820.241300
819.928640
819.538905
819.072819
818.531249
817.915203
817.225827
817.186298
817.874933
818.490318
819.031305
819.496890
819.886207
820.198531
820.433283
820.590027
820.668472
820.668472
820.590027
820.433283
820.198531
819.886207
819.496890
819.031305
818.490318
817.874933
817.186298
817.146812
817.834707
818.449430
818.989837
819.454921
819.843819
820.155808
820.390308
820.546883
820.625243
820.625243
820.546883
820.390308
820.155808
819.843819
819.454921
818.989837
818.449430
817.834707
817.146812
817.107368
817.794525
818.408587
818.948413
819.412998
819.801478
820.113131
820.347379
820.503786
820.582062
820.582062
820.503786
820.347379
820.113131
819.801478
819.412998
818.948413
818.408587
817.794525
817.107368
817.067967
817.754385
818.367788
818.907034
819.371119
819.759182
820.070500
820.304496
820.460735
820.538927
820.538927
820.460735
820.304496
820.070500
819.759182
819.371119
818.907034
818.367788
817.754385
817.067967
817.028608
817.714289
818.327033
818.865699
819.329286
819.716932
820.027916
820.261660
820.417731
820.495839
820.495839
820.417731
820.261660
820.027916
819.716932
819.329286
818.865699
818.327033
817.714289
817.028608
816.989291
817.674236
818.286322
818.824410
819.287498
819.674728
819.985377
820.218871
820.374774
820.452798
820.452798
820.374774
820.218871
819.985377
819.674728
819.287498
818.824410
818.286322
817.674236
816.989291
816.950016
817.634226
818.245654
818.783164
819.245756
819.632569
819.942885
820.176127
820.331863
820.409803
820.409803
820.331863
820.176127
819.942885
819.632569
819.245756
818.783164
818.245654
817.634226
816.950016
816.910784
817.594259
818.205031
818.741963
819.204058
819.590456
819.900438
820.133430
820.288999
820.366855
820.366855
820.288999
820.133430
819.900438
819.590456
819.204058
818.741963
818.205031
817.594259
816.910784
816.871594
817.554335
818.164451
818.700807
819.162405
819.548388
819.858038
820.090779
820.246181
820.323954
820.323954
820.246181
820.090779
819.858038
819.548388
819.162405
818.700807
818.164451
817.554335
816.871594
816.832446
817.514454
818.123915
818.659695
819.120798
819.506366
819.815683
820.048174
820.203409
820.281098
820.281098
820.203409
820.048174
819.815683
819.506366
819.120798
818.659695
818.123915
817.514454
816.832446
816.793340
817.474616
818.083423
818.618628
819.079235
819.464389
819.773374
820.005616
820.160683
820.238289
820.238289
820.160683
820.005616
819.773374
819.464389
819.079235
818.618628
818.083423
817.474616
816.793340
816.754277
817.434821
818.042974
818.577604
819.037717
819.422457
819.731110
819.963103
820.118004
820.195527
820.195527
820.118004
819.963103
819.731110
819.422457
819.037717
818.577604
818.042974
817.434821
816.754277
816.715255
817.395069
818.002569
818.536625
818.996244
819.380571
819.688893
819.920636
820.075371
820.152810
820.152810
820.075371
819.920636
819.688893
819.380571
818.996244
818.536625
818.002569
817.395069
816.715255
816.676275
817.355359
817.962208
818.495691
818.954816
819.338730
819.646721
819.878215
820.032784
820.110140
820.110140
820.032784
819.878215
819.646721
819.338730
818.954816
818.495691
817.962208
817.355359
816.676275
816.637337
817.315693
817.921890
818.454800
818.913432
819.296935
819.604595
819.835840
819.990243
820.067516
820.067516
819.990243
819.835840
819.604595
819.296935
818.913432
818.454800
817.921890
817.315693
816.637337
816.598441
817.276069
817.881615
818.413953
818.872093
819.255184
819.562514
819.793511
819.947748
820.024938
820.024938
819.947748
819.793511
819.562514
819.255184
818.872093
818.413953
817.881615
817.276069
816.598441
816.559587
817.236487
817.841384
818.373151
818.830799
819.213479
819.520478
819.751228
819.905299
819.982407
819.982407
819.905299
819.751228
819.520478
819.213479
818.830799
818.373151
817.841384
817.236487
816.559587
816.520774
817.196949
817.801196
818.332392
818.789550
819.171818
819.478488
819.708990
819.862896
819.939921
819.939921
819.862896
819.708990
819.478488
819.171818
818.789550
818.332392
817.801196
817.196949
816.520774
816.482003
817.157452
817.761051
818.291678
818.748344
819.130203
819.436544
819.666798
819.820539
819.897481
819.897481
819.820539
819.666798
819.436544
819.130203
818.748344
818.291678
817.761051
817.157452
816.482003
816.443274
817.117999
817.720950
818.251007
818.707184
819.088632
819.394644
819.624652
819.778228
819.855087
819.855087
819.778228
819.624652
819.394644
819.088632
818.707184
818.251007
817.720950
817.117999
816.443274
816.404587
817.078587
817.680892
818.210380
818.666067
819.047107
819.352790
819.582551
819.735962
819.812739
819.812739
819.735962
819.582551
819.352790
819.047107
818.666067
818.210380
817.680892
817.078587
816.404587
816.365941
817.039218
817.640877
818.169797
818.624995
819.005626
819.310982
819.540496
819.693742
819.770436
819.770436
819.693742
819.540496
819.310982
819.005626
818.624995
818.169797
817.640877
817.039218
816.365941
816.327336
816.999892
817.600905
818.129258
818.583968
818.964190
819.269218
819.498486
819.651568
819.728180
819.728180
819.651568
819.498486
819.269218
818.964190
818.583968
818.129258
817.600905
816.999892
816.327336
816.288773
816.960607
817.560976
818.088762
818.542984
818.922798
819.227499
819.456521
819.609439
819.685969
819.685969
819.609439
819.456521
819.227499
818.922798
818.542984
818.088762
817.560976
816.960607
816.288773
816.250251
816.921365
817.521090
818.048310
818.502045
818.881452
819.185826
819.414602
819.567355
819.643803
819.643803
819.567355
819.414602
819.185826
818.881452
818.502045
818.048310
817.521090
816.921365
816.250251
816.211771
816.882165
817.481247
818.007902
818.461150
818.840150
819.144197
819.372728
819.525318
819.601683
819.601683
819.525318
819.372728
819.144197
818.840150
818.461150
818.007902
817.481247
816.882165
816.211771
816.173332
816.843008
817.441447
817.967537
818.420299
818.798892
819.102614
819.330899
819.483325
819.559609
819.559609
819.483325
819.330899
819.102614
818.798892
818.420299
817.967537
817.441447
816.843008
816.173332
816.134934
816.803892
817.401690
817.927215
818.379492
818.757679
819.061075
819.289116
819.441378
819.517580
819.517580
819.441378
819.289116
819.061075
818.757679
818.379492
817.927215
817.401690
816.803892
816.134934
816.096578
816.764818
817.361975
817.886938
818.338729
818.716511
819.019581
819.247377
819.399476
819.475597
819.475597
819.399476
819.247377
819.019581
818.716511
818.338729
817.886938
817.361975
816.764818
816.096578
816.058262
816.725787
817.322304
817.846703
818.298010
818.675387
818.978132
819.205684
819.357620
819.433658
819.433658
819.357620
819.205684
818.978132
818.675387
818.298010
817.846703
817.322304
816.725787
816.058262
816.019988
816.686797
817.282675
817.806512
818.257335
818.634307
818.936728
819.164035
819.315809
819.391766
819.391766
819.315809
819.164035
818.936728
818.634307
818.257335
817.806512
817.282675
816.686797
816.019988
815.981755
816.647850
817.243088
817.766364
818.216704
818.593272
818.895368
819.122432
819.274042
819.349918
819.349918
819.274042
819.122432
818.895368
818.593272
818.216704
817.766364
817.243088
816.647850
815.981755
815.943563
816.608944
817.203544
817.726259
818.176116
818.552281
818.854053
819.080874
819.232321
819.308116
819.308116
819.232321
819.080874
818.854053
818.552281
818.176116
817.726259
817.203544
816.608944
815.943563
815.905412
816.570080
817.164043
817.686198
818.135573
818.511334
818.812782
819.039360
819.190645
819.266358
819.266358
819.190645
819.039360
818.812782
818.511334
818.135573
817.686198
817.164043
816.570080
815.905412
815.867302
816.531257
817.124584
817.646179
818.095073
818.470431
818.771557
818.997891
819.149014
819.224646
819.224646
819.149014
818.997891
818.771557
818.470431
818.095073
817.646179
817.124584
816.531257
815.867302
815.829233
816.492477
817.085168
817.606204
818.054616
818.429572
818.730375
818.956467
819.107428
819.182979
819.182979
819.107428
818.956467
818.730375
818.429572
818.054616
817.606204
817.085168
816.492477
815.829233
815.791204
816.453738
817.045794
817.566272
818.014204
818.388757
818.689238
818.915088
819.065887
819.141357
819.141357
819.065887
818.915088
818.689238
818.388757
818.014204
817.566272
817.045794
816.453738
815.791204
815.753217
816.415040
817.006462
817.526382
817.973834
818.347987
818.648145
818.873753
819.024391
819.099780
819.099780
819.024391
818.873753
818.648145
818.347987
817.973834
817.526382
817.006462
816.415040
815.753217
815.715270
816.376385
816.967173
817.486536
817.933509
818.307260
818.607097
818.832463
818.982939
819.058247
819.058247
818.982939
818.832463
818.607097
818.307260
817.933509
817.486536
816.967173
816.376385
815.715270
815.677364
816.337770
816.927926
817.446733
817.893226
818.266577
818.566093
818.791217
818.941532
819.016760
819.016760
818.941532
818.791217
818.566093
818.266577
817.893226
817.446733
816.927926
816.337770
815.677364
815.639498
816.299198
816.888721
817.406972
817.852987
818.225938
818.525133
818.750016
818.900170
818.975317
818.975317
818.900170
818.750016
818.525133
818.225938
817.852987
817.406972
816.888721
816.299198
815.639498
815.601673
816.260666
816.849558
817.367254
817.812792
818.185343
818.484217
818.708859
818.858853
818.933919
818.933919
818.858853
818.708859
818.484217
818.185343
817.812792
817.367254
816.849558
816.260666
815.601673
815.563889
816.222176
816.810438
817.327579
817.772639
818.144792
818.443346
818.667747
818.817580
818.892566
818.892566
818.817580
818.667747
818.443346
818.144792
817.772639
817.327579
816.810438
816.222176
815.563889
815.526145
816.183728
816.771359
817.287947
817.732530
818.104284
818.402518
818.626679
818.776351
818.851257
818.851257
818.776351
818.626679
818.402518
818.104284
817.732530
817.287947
816.771359
816.183728
815.526145
815.488442
816.145320
816.732323
817.248357
817.692464
818.063820
818.361735
818.585656
818.735167
818.809993
818.809993
818.735167
818.585656
818.361735
818.063820
817.692464
817.248357
816.732323
816.145320
815.488442
815.450779
816.106954
816.693328
817.208810
817.652442
818.023400
818.320995
818.544676
818.694028
818.768773
818.768773
818.694028
818.544676
818.320995
818.023400
817.652442
817.208810
816.693328
816.106954
815.450779
815.413156
816.068629
816.654375
817.169305
817.612462
817.983023
818.280300
818.503741
818.652933
818.727598
818.727598
818.652933
818.503741
818.280300
817.983023
817.612462
817.169305
816.654375
816.068629
815.413156
815.375574
816.030345
816.615464
817.129843
817.572525
817.942689
818.239648
818.462850
818.611882
818.686467
818.686467
818.611882
818.462850
818.239648
817.942689
817.572525
817.129843
816.615464
816.030345
815.375574
815.338032
815.992103
816.576595
817.090423
817.532631
817.902399
818.199040
818.422003
818.570875
818.645381
818.645381
818.570875
818.422003
818.199040
817.902399
817.532631
817.090423
816.576595
815.992103
815.338032
815.300530
815.953901
816.537768
817.051046
817.492781
817.862153
818.158476
818.381200
818.529913
818.604338
818.604338
818.529913
818.381200
818.158476
817.862153
817.492781
817.051046
816.537768
815.953901
815.300530
815.263069
815.915740
816.498982
817.011711
817.452973
817.821949
818.117955
818.340441
818.488995
818.563340
818.563340
818.488995
818.340441
818.117955
817.821949
817.452973
817.011711
816.498982
815.915740
815.263069
815.225647
815.877620
816.460238
816.972418
817.413208
817.781789
818.077478
818.299726
818.448121
818.522387
818.522387
818.448121
818.299726
818.077478
817.781789
817.413208
816.972418
816.460238
815.877620
815.225647
815.188266
815.839542
816.421536
816.933168
817.373486
817.741673
818.037045
818.259055
818.407291
818.481477
818.481477
818.407291
818.259055
818.037045
817.741673
817.373486
816.933168
816.421536
815.839542
815.188266
815.150925
815.801504
816.382875
816.893959
817.333806
817.701599
817.996655
818.218428
818.366505
818.440612
818.440612
818.366505
818.218428
817.996655
817.701599
817.333806
816.893959
816.382875
815.801504
815.150925
815.113623
815.763506
816.344256
816.854793
817.294169
817.661569
817.956309
818.177844
818.325762
818.399790
818.399790
818.325762
818.177844
817.956309
817.661569
817.294169
816.854793
816.344256
815.763506
815.113623
815.076362
815.725550
816.305678
816.815669
817.254575
817.621581
817.916006
818.137304
818.285064
818.359013
818.359013
818.285064
818.137304
817.916006
817.621581
817.254575
816.815669
816.305678
815.725550
815.076362
815.039141
815.687634
816.267142
816.776587
817.215024
817.581637
817.875747
818.096808
818.244410
818.318280
818.318280
818.244410
818.096808
817.875747
817.581637
817.215024
816.776587
816.267142
815.687634
815.039141
815.001959
815.649759
816.228647
816.737547
817.175515
817.541736
817.835531
818.056355
818.203800
818.277590
818.277590
818.203800
818.056355
817.835531
817.541736
817.175515
816.737547
816.228647
815.649759
815.001959
814.964818
815.611925
816.190193
816.698549
817.136048
817.501877
817.795358
818.015946
818.163233
818.236944
818.236944
818.163233
818.015946
817.795358
817.501877
817.136048
816.698549
816.190193
815.611925
814.964818
814.927716
815.574131
816.151781
816.659593
817.096624
817.462062
817.755229
817.975581
818.122710
818.196342
818.196342
818.122710
817.975581
817.755229
817.462062
817.096624
816.659593
816.151781
815.574131
814.927716
814.890654
815.536377
816.113410
816.620679
817.057242
817.422289
817.715143
817.935259
818.082230
818.155784
818.155784
818.082230
817.935259
817.715143
817.422289
817.057242
816.620679
816.113410
815.536377
814.890654
814.853631
815.498664
816.075080
816.581807
817.017903
817.382559
817.675099
817.894980
818.041795
818.115270
818.115270
818.041795
817.894980
817.675099
817.382559
817.017903
816.581807
816.075080
815.498664
814.853631
814.816648
815.460992
816.036791
816.542976
816.978606
817.342872
817.635099
817.854745
818.001402
818.074799
818.074799
818.001402
817.854745
817.635099
817.342872
816.978606
816.542976
816.036791
815.460992
814.816648
814.779705
815.423360
815.998543
816.504187
816.939351
817.303228
817.595142
817.814553
817.961054
818.034372
818.034372
817.961054
817.814553
817.595142
817.303228
816.939351
816.504187
815.998543
815.423360
814.779705
814.742801
815.385768
815.960337
816.465440
816.900138
817.263626
817.555229
817.774405
817.920748
817.993988
817.993988
817.920748
817.774405
817.555229
817.263626
816.900138
816.465440
815.960337
815.385768
814.742801
814.705937
815.348217
815.922171
816.426734
816.860968
817.224067
817.515357
817.734299
817.880486
817.953648
817.953648
817.880486
817.734299
817.515357
817.224067
816.860968
816.426734
815.922171
815.348217
814.705937
814.669112
815.310705
815.884046
816.388070
816.821839
817.184550
817.475529
817.694237
817.840268
817.913351
817.913351
817.840268
817.694237
817.475529
817.184550
816.821839
816.388070
815.884046
815.310705
814.669112
814.632327
815.273234
815.845963
816.349447
816.782753
817.145076
817.435744
817.654218
817.800093
817.873097
817.873097
817.800093
817.654218
817.435744
817.145076
816.782753
816.349447
815.845963
815.273234
814.632327
814.595581
815.235804
815.807920
816.310866
816.743709
817.105645
817.396002
817.614242
817.759961
817.832887
817.832887
817.759961
817.614242
817.396002
817.105645
816.743709
816.310866
815.807920
815.235804
814.595581
814.558874
815.198413
815.769917
816.272326
816.704706
817.066255
817.356302
817.574309
817.719872
817.792721
817.792721
817.719872
817.574309
817.356302
817.066255
816.704706
816.272326
815.769917
815.198413
814.558874
814.522207
815.161062
815.731956
816.233828
816.665746
817.026908
817.316645
817.534419
817.679826
817.752597
817.752597
817.679826
817.534419
817.316645
817.026908
816.665746
816.233828
815.731956
815.161062
814.522207
814.485579
815.123751
815.694035
816.195371
816.626827
816.987604
817.277031
817.494572
817.639823
817.712517
817.712517
817.639823
817.494572
817.277031
816.987604
816.626827
816.195371
815.694035
815.123751
814.485579
814.448990
815.086481
815.656155
816.156955
816.587950
816.948341
817.237459
817.454767
817.599864
817.672479
817.672479
817.599864
817.454767
817.237459
816.948341
816.587950
816.156955
815.656155
815.086481
814.448990
814.412440
815.049250
815.618316
816.118581
816.549115
816.909121
817.197930
817.415006
817.559947
817.632485
817.632485
817.559947
817.415006
817.197930
816.909121
816.549115
816.118581
815.618316
815.049250
814.412440
814.375930
815.012059
815.580517
816.080247
816.510322
816.869943
817.158443
817.375287
817.520074
817.592534
817.592534
817.520074
817.375287
817.158443
816.869943
816.510322
816.080247
815.580517
815.012059
814.375930
814.339458
814.974908
815.542759
816.041955
816.471570
816.830807
817.118999
817.335611
817.480243
817.552626
817.552626
817.480243
817.335611
817.118999
816.830807
816.471570
816.041955
815.542759
814.974908
814.339458
814.303025
814.937797
815.505041
816.003704
816.432860
816.791713
817.079597
817.295978
817.440455
817.512761
817.512761
817.440455
817.295978
817.079597
816.791713
816.432860
816.003704
815.505041
814.937797
814.303025
814.266632
814.900725
815.467363
815.965494
816.394192
816.752661
817.040238
817.256388
817.400710
817.472939
817.472939
817.400710
817.256388
817.040238
816.752661
816.394192
815.965494
815.467363
814.900725
814.266632
814.230277
814.863693
815.429726
815.927325
816.355565
816.713651
817.000920
817.216839
817.361008
817.433159
817.433159
817.361008
817.216839
817.000920
816.713651
816.355565
815.927325
815.429726
814.863693
814.230277
814.193961
814.826701
815.392130
815.889197
816.316979
816.674683
816.961646
817.177334
817.321349
817.393423
817.393423
817.321349
817.177334
816.961646
816.674683
816.316979
815.889197
815.392130
814.826701
814.193961
814.157684
814.789748
815.354573
815.851110
816.278435
816.635757
816.922413
817.137871
817.281732
817.353729
817.353729
817.281732
817.137871
816.922413
816.635757
816.278435
815.851110
815.354573
814.789748
814.157684
814.121446
814.752835
815.317057
815.813063
816.239932
816.596873
816.883222
817.098450
817.242157
817.314078
817.314078
817.242157
817.098450
816.883222
816.596873
816.239932
815.813063
815.317057
814.752835
814.121446
814.085246
814.715962
815.279581
815.775058
816.201471
816.558030
816.844074
817.059072
817.202626
817.274469
817.274469
817.202626
817.059072
816.844074
816.558030
816.201471
815.775058
815.279581
814.715962
814.085246
814.049085
814.679128
815.242146
815.737093
816.163051
816.519229
816.804968
817.019736
817.163136
817.234903
817.234903
817.163136
817.019736
816.804968
816.519229
816.163051
815.737093
815.242146
814.679128
814.049085
814.012963
814.642333
815.204750
815.699169
816.124672
816.480470
816.765903
816.980442
817.123689
817.195380
817.195380
817.123689
816.980442
816.765903
816.480470
816.124672
815.699169
815.204750
814.642333
814.012963
813.976880
814.605578
815.167394
815.661285
816.086334
816.441753
816.726881
816.941191
817.084285
817.155899
817.155899
817.084285
816.941191
816.726881
816.441753
816.086334
815.661285
815.167394
814.605578
813.976880
813.940835
814.568862
815.130079
815.623443
816.048038
816.403077
816.687901
816.901982
817.044923
817.116460
817.116460
817.044923
816.901982
816.687901
816.403077
816.048038
815.623443
815.130079
814.568862
813.940835
813.904828
814.532185
815.092803
815.585640
816.009782
816.364442
816.648962
816.862814
817.005603
817.077064
817.077064
817.005603
816.862814
816.648962
816.364442
816.009782
815.585640
815.092803
814.532185
813.904828
813.868860
814.495548
815.055567
815.547879
815.971568
816.325849
816.610065
816.823689
816.966326
817.037710
817.037710
816.966326
816.823689
816.610065
816.325849
815.971568
815.547879
815.055567
814.495548
813.868860
813.832930
814.458949
815.018371
815.510157
815.933395
816.287298
816.571210
816.784606
816.927091
816.998399
816.998399
816.927091
816.784606
816.571210
816.287298
815.933395
815.510157
815.018371
814.458949
813.832930
813.797039
814.422390
814.981215
815.472477
815.895262
816.248787
816.532397
816.745565
816.887897
816.959129
816.959129
816.887897
816.745565
816.532397
816.248787
815.895262
815.472477
814.981215
814.422390
813.797039
813.761186
814.385870
814.944099
815.434836
815.857170
816.210318
816.493625
816.706566
816.848746
816.919902
816.919902
816.848746
816.706566
816.493625
816.210318
815.857170
815.434836
814.944099
814.385870
813.761186
813.725372
814.349390
814.907023
815.397236
815.819120
816.171891
816.454896
816.667609
816.809638
816.880718
816.880718
816.809638
816.667609
816.454896
816.171891
815.819120
815.397236
814.907023
814.349390
813.725372
813.689596
814.312948
814.869986
815.359676
815.781110
816.133505
816.416207
816.628694
816.770571
816.841575
816.841575
816.770571
816.628694
816.416207
816.133505
815.781110
815.359676
814.869986
814.312948
813.689596
813.653858
814.276545
814.832989
815.322157
815.743141
816.095159
816.377560
816.589820
816.731546
816.802474
816.802474
816.731546
816.589820
816.377560
816.095159
815.743141
815.322157
814.832989
814.276545
813.653858
813.618158
814.240181
814.796031
815.284678
815.705212
816.056855
816.338955
816.550988
816.692563
816.763415
816.763415
816.692563
816.550988
816.338955
816.056855
815.705212
815.284678
814.796031
814.240181
813.618158
813.582496
814.203856
814.759113
815.247238
815.667324
816.018592
816.300391
816.512198
816.653621
816.724399
816.724399
816.653621
816.512198
816.300391
816.018592
815.667324
815.247238
814.759113
814.203856
813.582496
813.546872
814.167569
814.722235
815.209839
815.629477
815.980371
816.261869
816.473450
816.614722
816.685424
816.685424
816.614722
816.473450
816.261869
815.980371
815.629477
815.209839
814.722235
814.167569
813.546872
813.511286
814.131322
814.685396
815.172480
815.591671
815.942190
816.223388
816.434743
816.575865
816.646491
816.646491
816.575865
816.434743
816.223388
815.942190
815.591671
815.172480
814.685396
814.131322
813.511286
813.475739
814.095113
814.648596
815.135161
815.553905
815.904050
816.184948
816.396078
816.537049
816.607599
816.607599
816.537049
816.396078
816.184948
815.904050
815.553905
815.135161
814.648596
814.095113
813.475739
813.440229
814.058943
814.611836
815.097882
815.516179
815.865951
816.146549
816.357454
816.498274
816.568750
816.568750
816.498274
816.357454
816.146549
815.865951
815.516179
815.097882
814.611836
814.058943
813.440229
813.404757
814.022812
814.575115
815.060643
815.478494
815.827893
816.108192
816.318872
816.459542
816.529942
816.529942
816.459542
816.318872
816.108192
815.827893
815.478494
815.060643
814.575115
814.022812
813.404757
813.369323
813.986719
814.538434
815.023444
815.440849
815.789875
816.069875
816.280331
816.420851
816.491176
816.491176
816.420851
816.280331
816.069875
815.789875
815.440849
815.023444
814.538434
813.986719
813.369323
813.333927
813.950665
814.501792
814.986285
815.403245
815.751899
816.031600
816.241831
816.382202
816.452452
816.452452
816.382202
816.241831
816.031600
815.751899
815.403245
814.986285
814.501792
813.950665
813.333927
813.298569
813.914649
814.465188
814.949165
815.365681
815.713963
815.993366
816.203373
816.343594
816.413769
816.413769
816.343594
816.203373
815.993366
815.713963
815.365681
814.949165
814.465188
813.914649
813.298569
813.263248
813.878672
814.428624
814.912085
815.328157
815.676068
815.955173
816.164956
816.305027
816.375128
816.375128
816.305027
816.164956
815.955173
815.676068
815.328157
814.912085
814.428624
813.878672
813.263248
813.227965
813.842733
814.392100
814.875045
815.290673
815.638213
815.917021
816.126580
816.266502
816.336528
816.336528
816.266502
816.126580
815.917021
815.638213
815.290673
814.875045
814.392100
813.842733
813.227965
813.192720
813.806833
814.355614
814.838044
815.253229
815.600399
815.878910
816.088245
816.228018
816.297969
816.297969
816.228018
816.088245
815.878910
815.600399
815.253229
814.838044
814.355614
813.806833
813.192720
813.157512
813.770971
814.319167
814.801083
815.215826
815.562626
815.840839
816.049952
816.189576
816.259452
816.259452
816.189576
816.049952
815.840839
815.562626
815.215826
814.801083
814.319167
813.770971
813.157512
813.122342
813.735147
814.282759
814.764162
815.178463
815.524893
815.802810
816.011699
816.151174
816.220977
816.220977
816.151174
816.011699
815.802810
815.524893
815.178463
814.764162
814.282759
813.735147
813.122342
813.087210
813.699362
814.246390
814.727280
815.141139
815.487200
815.764821
815.973488
816.112814
816.182542
816.182542
816.112814
815.973488
815.764821
815.487200
815.141139
814.727280
814.246390
813.699362
813.087210
813.052115
813.663614
814.210060
814.690438
815.103856
815.449548
815.726873
815.935318
816.074496
816.144149
816.144149
816.074496
815.935318
815.726873
815.449548
815.103856
814.690438
814.210060
813.663614
813.052115
813.017057
813.627905
814.173769
814.653635
815.066613
815.411936
815.688966
815.897188
816.036218
816.105797
816.105797
816.036218
815.897188
815.688966
815.411936
815.066613
814.653635
814.173769
813.627905
813.017057
812.982037
813.592235
814.137517
814.616871
815.029409
815.374365
815.651099
815.859100
815.997981
816.067486
816.067486
815.997981
815.859100
815.651099
815.374365
815.029409
814.616871
814.137517
813.592235
812.982037
812.947054
813.556602
814.101303
814.580147
814.992245
815.336833
815.613273
815.821052
815.959785
816.029216
816.029216
815.959785
815.821052
815.613273
815.336833
814.992245
814.580147
814.101303
813.556602
812.947054
812.912108
813.521007
814.065128
814.543462
814.955121
815.299342
815.575487
815.783045
815.921631
815.990987
815.990987
815.921631
815.783045
815.575487
815.299342
814.955121
814.543462
814.065128
813.521007
812.912108
812.877200
813.485450
814.028992
814.506817
814.918037
815.261891
815.537742
815.745079
815.883517
815.952800
815.952800
815.883517
815.745079
815.537742
815.261891
814.918037
814.506817
814.028992
813.485450
812.877200
812.842329
813.449931
813.992894
814.470210
814.880993
815.224481
815.500038
815.707153
815.845444
815.914653
815.914653
815.845444
815.707153
815.500038
815.224481
814.880993
814.470210
813.992894
813.449931
812.842329
812.807495
813.414451
813.956835
814.433643
814.843988
815.187110
815.462373
815.669268
815.807412
815.876547
815.876547
815.807412
815.669268
815.462373
815.187110
814.843988
814.433643
813.956835
813.414451
812.807495
812.772698
813.379008
813.920815
814.397114
814.807022
815.149779
815.424750
815.631424
815.769420
815.838482
815.838482
815.769420
815.631424
815.424750
815.149779
814.807022
814.397114
813.920815
813.379008
812.772698
812.737938
813.343602
813.884833
814.360625
814.770097
815.112489
815.387166
815.593620
815.731469
815.800458
815.800458
815.731469
815.593620
815.387166
815.112489
814.770097
814.360625
813.884833
813.343602
812.737938
812.703215
813.308235
813.848889
814.324175
814.733211
815.075238
815.349623
815.555857
815.693559
815.762474
815.762474
815.693559
815.555857
815.349623
815.075238
814.733211
814.324175
813.848889
813.308235
812.703215
812.668530
813.272905
813.812984
814.287764
814.696364
815.038027
815.312120
815.518135
815.655690
815.724532
815.724532
815.655690
815.518135
815.312120
815.038027
814.696364
814.287764
813.812984
813.272905
812.668530
812.633881
813.237613
813.777117
814.251392
814.659557
815.000856
815.274657
815.480452
815.617861
815.686630
815.686630
815.617861
815.480452
815.274657
815.000856
814.659557
814.251392
813.777117
813.237613
812.633881
812.599269
813.202359
813.741289
814.215058
814.622789
814.963725
815.237234
815.442810
815.580073
815.648768
815.648768
815.580073
815.442810
815.237234
814.963725
814.622789
814.215058
813.741289
813.202359
812.599269
812.564694
813.167142
813.705498
814.178764
814.586060
814.926633
815.199851
815.405209
815.542325
815.610947
815.610947
815.542325
815.405209
815.199851
814.926633
814.586060
814.178764
813.705498
813.167142
812.564694
812.530156
813.131963
813.669746
814.142508
814.549371
814.889581
815.162509
815.367648
815.504618
815.573167
815.573167
815.504618
815.367648
815.162509
814.889581
814.549371
814.142508
813.669746
813.131963
812.530156
812.495655
813.096822
813.634033
814.106291
814.512721
814.852569
815.125206
815.330126
815.466951
815.535427
815.535427
815.466951
815.330126
815.125206
814.852569
814.512721
814.106291
813.634033
813.096822
812.495655
812.461191
813.061718
813.598357
814.070113
814.476110
814.815596
815.087943
815.292646
815.429325
815.497728
815.497728
815.429325
815.292646
815.087943
814.815596
814.476110
814.070113
813.598357
813.061718
812.461191
812.426763
813.026651
813.562719
814.033973
814.439538
814.778663
815.050720
815.255205
815.391738
815.460069
815.460069
815.391738
815.255205
815.050720
814.778663
814.439538
814.033973
813.562719
813.026651
812.426763
812.392372
812.991622
813.527120
813.997872
814.403006
814.741770
815.013537
815.217804
815.354193
815.422450
815.422450
815.354193
815.217804
815.013537
814.741770
814.403006
813.997872
813.527120
812.991622
812.392372
812.358017
812.956630
813.491558
813.961810
814.366512
814.704916
814.976394
815.180444
815.316687
815.384871
815.384871
815.316687
815.180444
814.976394
814.704916
814.366512
813.961810
813.491558
812.956630
812.358017
812.323700
812.921675
813.456034
813.925786
814.330058
814.668101
814.939291
815.143123
815.279221
815.347333
815.347333
815.279221
815.143123
814.939291
814.668101
814.330058
813.925786
813.456034
812.921675
812.323700
812.289418
812.886758
813.420549
813.889800
814.293642
814.631326
814.902227
815.105842
815.241796
815.309835
815.309835
815.241796
815.105842
814.902227
814.631326
814.293642
813.889800
813.420549
812.886758
812.289418
812.255174
812.851878
813.385101
813.853853
814.257266
814.594590
814.865203
815.068602
815.204410
815.272378
815.272378
815.204410
815.068602
814.865203
814.594590
814.257266
813.853853
813.385101
812.851878
812.255174
812.220965
812.817035
813.349691
813.817945
814.220928
814.557894
814.828218
815.031401
815.167065
815.234960
815.234960
815.167065
815.031401
814.828218
814.557894
814.220928
813.817945
813.349691
812.817035
812.220965
812.186793
812.782229
813.314319
813.782074
814.184629
814.521237
814.791273
814.994240
815.129760
815.197582
815.197582
815.129760
814.994240
814.791273
814.521237
814.184629
813.782074
813.314319
812.782229
812.186793
812.152658
812.747461
813.278984
813.746242
814.148369
814.484618
814.754368
814.957118
815.092494
815.160245
815.160245
815.092494
814.957118
814.754368
814.484618
814.148369
813.746242
813.278984
812.747461
812.152658
812.118559
812.712729
813.243688
813.710449
814.112148
814.448039
814.717502
814.920037
815.055269
815.122947
815.122947
815.055269
814.920037
814.717502
814.448039
814.112148
813.710449
813.243688
812.712729
812.118559
812.084496
812.678035
813.208428
813.674693
814.075965
814.411500
814.680676
814.882995
815.018083
815.085689
815.085689
815.018083
814.882995
814.680676
814.411500
814.075965
813.674693
813.208428
812.678035
812.084496
812.050469
812.643377
813.173207
813.638976
814.039821
814.374999
814.643889
814.845993
814.980937
815.048472
815.048472
814.980937
814.845993
814.643889
814.374999
814.039821
813.638976
813.173207
812.643377
812.050469
812.016479
812.608756
813.138023
813.603297
814.003716
814.338537
814.607141
814.809030
814.943831
815.011294
815.011294
814.943831
814.809030
814.607141
814.338537
814.003716
813.603297
813.138023
812.608756
812.016479
811.982525
812.574173
813.102877
813.567656
813.967649
814.302114
814.570433
814.772107
814.906765
814.974156
814.974156
814.906765
814.772107
814.570433
814.302114
813.967649
813.567656
813.102877
812.574173
811.982525
811.948606
812.539626
813.067768
813.532053
813.931621
814.265730
814.533764
814.735224
814.869738
814.937057
814.937057
814.869738
814.735224
814.533764
814.265730
813.931621
813.532053
813.067768
812.539626
811.948606
811.914724
812.505116
813.032696
813.496488
813.895631
814.229386
814.497134
814.698379
814.832751
814.899998
814.899998
814.832751
814.698379
814.497134
814.229386
813.895631
813.496488
813.032696
812.505116
811.914724
811.880879
812.470642
812.997662
813.460961
813.859680
814.193079
814.460543
814.661575
814.795803
814.862979
814.862979
814.795803
814.661575
814.460543
814.193079
813.859680
813.460961
812.997662
812.470642
811.880879
811.847069
812.436206
812.962666
813.425472
813.823767
814.156812
814.423991
814.624809
814.758895
814.826000
814.826000
814.758895
814.624809
814.423991
814.156812
813.823767
813.425472
812.962666
812.436206
811.847069
811.813295
812.401806
812.927706
813.390021
813.787892
814.120584
814.387479
814.588083
814.722026
814.789060
814.789060
814.722026
814.588083
814.387479
814.120584
813.787892
813.390021
812.927706
812.401806
811.813295
811.779557
812.367443
812.892784
813.354607
813.752056
814.084394
814.351005
814.551397
814.685197
814.752160
814.752160
814.685197
814.551397
814.351005
814.084394
813.752056
813.354607
812.892784
812.367443
811.779557
811.745855
812.333116
812.857899
813.319232
813.716258
814.048243
814.314571
814.514749
814.648408
814.715299
814.715299
814.648408
814.514749
814.314571
814.048243
813.716258
813.319232
812.857899
812.333116
811.745855
811.712188
812.298826
812.823052
813.283894
813.680498
814.012130
814.278175
814.478141
814.611657
814.678477
814.678477
814.611657
814.478141
814.278175
814.012130
813.680498
813.283894
812.823052
812.298826
811.712188
811.678558
812.264572
812.788241
813.248594
813.644777
813.976056
814.241818
814.441572
814.574946
814.641695
814.641695
814.574946
814.441572
814.241818
813.976056
813.644777
813.248594
812.788241
812.264572
811.678558
811.644963
812.230355
812.753468
813.213331
813.609093
813.940021
814.205501
814.405042
814.538274
814.604952
814.604952
814.538274
814.405042
814.205501
813.940021
813.609093
813.213331
812.753468
812.230355
811.644963
811.611404
812.196174
812.718731
813.178106
813.573448
813.904024
814.169222
814.368551
814.501642
814.568249
814.568249
814.501642
814.368551
814.169222
813.904024
813.573448
813.178106
812.718731
812.196174
811.611404
811.577881
812.162030
812.684032
813.142919
813.537841
813.868065
814.132981
814.332098
814.465048
814.531585
814.531585
814.465048
814.332098
814.132981
813.868065
813.537841
813.142919
812.684032
812.162030
811.577881
811.544393
812.127922
812.649370
813.107769
813.502272
813.832145
814.096780
814.295685
814.428494
814.494960
814.494960
814.428494
814.295685
814.096780
813.832145
813.502272
813.107769
812.649370
812.127922
811.544393
811.510941
812.093850
812.614744
813.072657
813.466740
813.796264
814.060617
814.259311
814.391979
814.458374
814.458374
814.391979
814.259311
814.060617
813.796264
813.466740
813.072657
812.614744
812.093850
811.510941
811.477525
812.059815
812.580156
813.037582
813.431247
813.760420
814.024493
814.222976
814.355503
814.421827
814.421827
814.355503
814.222976
814.024493
813.760420
813.431247
813.037582
812.580156
812.059815
811.477525
811.444144
812.025816
812.545604
813.002545
813.395791
813.724615
813.988407
814.186680
814.319065
814.385319
814.385319
814.319065
814.186680
813.988407
813.724615
813.395791
813.002545
812.545604
812.025816
811.444144
811.410799
811.991853
812.511089
812.967545
813.360374
813.688848
813.952360
814.150422
814.282667
814.348851
814.348851
814.282667
814.150422
813.952360
813.688848
813.360374
812.967545
812.511089
811.991853
811.410799
811.377489
811.957926
812.476611
812.932582
813.324994
813.653119
813.916352
814.114203
814.246308
814.312421
814.312421
814.246308
814.114203
813.916352
813.653119
813.324994
812.932582
812.476611
811.957926
811.377489
811.344214
811.924036
812.442170
812.897657
813.289652
813.617429
813.880381
814.078023
814.209987
814.276030
814.276030
814.209987
814.078023
813.880381
813.617429
813.289652
812.897657
812.442170
811.924036
811.344214
811.310975
811.890181
812.407765
812.862768
813.254347
813.581776
813.844450
814.041881
814.173705
814.239679
814.239679
814.173705
814.041881
813.844450
813.581776
813.254347
812.862768
812.407765
811.890181
811.310975
811.277771
811.856362
812.373397
812.827917
813.219080
813.546162
813.808556
814.005778
814.137462
814.203366
814.203366
814.137462
814.005778
813.808556
813.546162
813.219080
812.827917
812.373397
811.856362
811.277771
811.244603
811.822580
812.339066
812.793103
813.183851
813.510586
813.772701
813.969714
814.101258
814.167091
814.167091
814.101258
813.969714
813.772701
813.510586
813.183851
812.793103
812.339066
811.822580
811.244603
811.211469
811.788833
812.304771
812.758327
813.148660
813.475047
813.736885
813.933688
814.065093
814.130856
814.130856
814.065093
813.933688
813.736885
813.475047
813.148660
812.758327
812.304771
811.788833
811.211469
811.178371
811.755122
812.270513
812.723587
813.113506
813.439547
813.701106
813.897701
814.028966
814.094659
814.094659
814.028966
813.897701
813.701106
813.439547
813.113506
812.723587
812.270513
811.755122
811.178371
811.145308
811.721447
812.236291
812.688884
813.078389
813.404084
813.665366
813.861752
813.992877
814.058501
814.058501
813.992877
813.861752
813.665366
813.404084
813.078389
812.688884
812.236291
811.721447
811.145308
811.112280
811.687808
812.202105
812.654218
813.043310
813.368659
813.629664
813.825841
813.956828
814.022382
814.022382
813.956828
813.825841
813.629664
813.368659
813.043310
812.654218
812.202105
811.687808
811.112280
811.079288
811.654205
812.167956
812.619590
813.008268
813.333272
813.594000
813.789969
813.920816
813.986301
813.986301
813.920816
813.789969
813.594000
813.333272
813.008268
812.619590
812.167956
811.654205
811.079288
811.046330
811.620637
812.133844
812.584998
812.973264
813.297923
813.558374
813.754135
813.884844
813.950258
813.950258
813.884844
813.754135
813.558374
813.297923
812.973264
812.584998
812.133844
811.620637
811.046330
811.013407
811.587105
812.099767
812.550443
812.938297
813.262611
813.522786
813.718339
813.848909
813.914255
813.914255
813.848909
813.718339
813.522786
813.262611
812.938297
812.550443
812.099767
811.587105
811.013407
810.980519
811.553609
812.065727
812.515925
812.903367
813.227337
813.487236
813.682582
813.813013
813.878289
813.878289
813.813013
813.682582
813.487236
813.227337
812.903367
812.515925
812.065727
811.553609
810.980519
810.947667
811.520148
812.031723
812.481443
812.868475
813.192101
813.451724
813.646862
813.777155
813.842362
813.842362
813.777155
813.646862
813.451724
813.192101
812.868475
812.481443
812.031723
811.520148
810.947667
810.914849
811.486723
811.997756
812.446998
812.833619
813.156903
813.416250
813.611181
813.741336
813.806474
813.806474
813.741336
813.611181
813.416250
813.156903
812.833619
812.446998
811.997756
811.486723
810.914849
810.882066
811.453334
811.963824
812.412590
812.798801
813.121741
813.380813
813.575538
813.705555
813.770623
813.770623
813.705555
813.575538
813.380813
813.121741
812.798801
812.412590
811.963824
811.453334
810.882066
810.849318
811.419980
811.929929
812.378219
812.764020
813.086618
813.345415
813.539933
813.669812
813.734811
813.734811
813.669812
813.539933
813.345415
813.086618
812.764020
812.378219
811.929929
811.419980
810.849318
810.816604
811.386661
811.896069
812.343884
812.729276
813.051532
813.310054
813.504366
813.634107
813.699037
813.699037
813.634107
813.504366
813.310054
813.051532
812.729276
812.343884
811.896069
811.386661
810.816604
810.783925
811.353378
811.862246
812.309586
812.694569
813.016483
813.274731
813.468837
813.598440
813.663302
813.663302
813.598440
813.468837
813.274731
813.016483
812.694569
812.309586
811.862246
811.353378
810.783925
810.751281
811.320130
811.828459
812.275324
812.659899
812.981471
813.239446
813.433346
813.562811
813.627604
813.627604
813.562811
813.433346
813.239446
812.981471
812.659899
812.275324
811.828459
811.320130
810.751281
810.718672
811.286918
811.794707
812.241099
812.625266
812.946497
813.204198
813.397892
813.527221
813.591945
813.591945
813.527221
813.397892
813.204198
812.946497
812.625266
812.241099
811.794707
811.286918
810.718672
810.686097
811.253741
811.760992
812.206910
812.590670
812.911560
813.168988
813.362477
813.491668
813.556324
813.556324
813.491668
813.362477
813.168988
812.911560
812.590670
812.206910
811.760992
811.253741
810.686097
810.653557
811.220599
811.727312
812.172758
812.556110
812.876661
813.133816
813.327099
813.456153
813.520740
813.520740
813.456153
813.327099
813.133816
812.876661
812.556110
812.172758
811.727312
811.220599
810.653557
810.621051
811.187492
811.693668
812.138642
812.521588
812.841799
813.098681
813.291759
813.420676
813.485195
813.485195
813.420676
813.291759
813.098681
812.841799
812.521588
812.138642
811.693668
811.187492
810.621051
810.588580
811.154421
811.660060
812.104562
812.487102
812.806973
813.063583
813.256457
813.385237
813.449688
813.449688
813.385237
813.256457
813.063583
812.806973
812.487102
812.104562
811.660060
811.154421
810.588580
810.556143
811.121384
811.626488
812.070518
812.452653
812.772185
813.028523
813.221192
813.349836
813.414218
813.414218
813.349836
813.221192
813.028523
812.772185
812.452653
812.070518
811.626488
811.121384
810.556143
810.523741
811.088383
811.592951
812.036511
812.418241
812.737434
812.993500
813.185965
813.314473
813.378786
813.378786
813.314473
813.185965
812.993500
812.737434
812.418241
812.036511
811.592951
811.088383
810.523741
810.491373
811.055417
811.559450
812.002540
812.383865
812.702720
812.958515
813.150775
813.279147
813.343392
813.343392
813.279147
813.150775
812.958515
812.702720
812.383865
812.002540
811.559450
811.055417
810.491373
810.459040
811.022486
811.525985
811.968605
812.349526
812.668043
812.923566
813.115623
813.243859
813.308036
813.308036
813.243859
813.115623
812.923566
812.668043
812.349526
811.968605
811.525985
811.022486
810.459040
810.426740
810.989589
811.492555
811.934706
812.315224
812.633403
812.888655
813.080509
813.208609
813.272718
813.272718
813.208609
813.080509
812.888655
812.633403
812.315224
811.934706
811.492555
810.989589
810.426740
810.394475
810.956728
811.459161
811.900844
812.280958
812.598800
812.853782
813.045432
813.173396
813.237437
813.237437
813.173396
813.045432
812.853782
812.598800
812.280958
811.900844
811.459161
810.956728
810.394475
810.362245
810.923902
811.425802
811.867017
812.246728
812.564233
812.818945
813.010392
813.138220
813.202194
813.202194
813.138220
813.010392
812.818945
812.564233
812.246728
811.867017
811.425802
810.923902
810.362245
810.330048
810.891110
811.392479
811.833226
812.212535
812.529704
812.784146
812.975390
813.103083
813.166988
813.166988
813.103083
812.975390
812.784146
812.529704
812.212535
811.833226
811.392479
810.891110
810.330048
810.297886
810.858353
811.359191
811.799471
812.178379
812.495211
812.749383
812.940425
813.067982
813.131820
813.131820
813.067982
812.940425
812.749383
812.495211
812.178379
811.799471
811.359191
810.858353
810.297886
810.265757
810.825631
811.325939
811.765753
812.144258
812.460755
812.714658
812.905497
813.032919
813.096690
813.096690
813.032919
812.905497
812.714658
812.460755
812.144258
811.765753
811.325939
810.825631
810.265757
810.233663
810.792944
811.292722
811.732070
812.110174
812.426336
812.679970
812.870607
812.997894
813.061596
813.061596
812.997894
812.870607
812.679970
812.426336
812.110174
811.732070
811.292722
810.792944
810.233663
810.201603
810.760292
811.259540
811.698422
812.076126
812.391953
812.645318
812.835753
812.962906
813.026541
813.026541
812.962906
812.835753
812.645318
812.391953
812.076126
811.698422
811.259540
810.760292
810.201603
810.169577
810.727674
811.226393
811.664811
812.042115
812.357607
812.610704
812.800937
812.927955
812.991522
812.991522
812.927955
812.800937
812.610704
812.357607
812.042115
811.664811
811.226393
810.727674
810.169577
810.137584
810.695091
811.193282
811.631235
812.008140
812.323298
812.576126
812.766158
812.893041
812.956541
812.956541
812.893041
812.766158
812.576126
812.323298
812.008140
811.631235
811.193282
810.695091
810.137584
810.105626
810.662542
811.160206
811.597695
811.974201
812.289025
812.541586
812.731416
812.858165
812.921598
812.921598
812.858165
812.731416
812.541586
812.289025
811.974201
811.597695
811.160206
810.662542
810.105626
810.073702
810.630028
811.127165
811.564191
811.940298
812.254788
812.507082
812.696711
812.823325
812.886691
812.886691
812.823325
812.696711
812.507082
812.254788
811.940298
811.564191
811.127165
810.630028
810.073702
810.041811
810.597548
811.094159
811.530722
811.906431
812.220588
812.472614
812.662043
812.788523
812.851822
812.851822
812.788523
812.662043
812.472614
812.220588
811.906431
811.530722
811.094159
810.597548
810.041811
810.009954
810.565103
811.061188
811.497289
811.872600
812.186425
812.438184
812.627412
812.753758
812.816990
812.816990
812.753758
812.627412
812.438184
812.186425
811.872600
811.497289
811.061188
810.565103
810.009954
809.978131
810.532693
811.028252
811.463892
811.838805
812.152297
812.403790
812.592817
812.719030
812.782195
812.782195
812.719030
812.592817
812.403790
812.152297
811.838805
811.463892
811.028252
810.532693
809.978131
809.946342
810.500316
810.995351
811.430529
811.805046
812.118206
812.369433
812.558260
812.684339
812.747437
812.747437
812.684339
812.558260
812.369433
812.118206
811.805046
811.430529
810.995351
810.500316
809.946342
809.914586
810.467974
810.962485
811.397203
811.771322
812.084152
812.335112
812.523739
812.649685
812.712716
812.712716
812.649685
812.523739
812.335112
812.084152
811.771322
811.397203
810.962485
810.467974
809.914586
809.882864
810.435667
810.929654
811.363912
811.737635
812.050133
812.300828
812.489256
812.615068
812.678032
812.678032
812.615068
812.489256
812.300828
812.050133
811.737635
811.363912
810.929654
810.435667
809.882864
809.851176
810.403393
810.896858
811.330656
811.703984
812.016151
812.266580
812.454808
812.580487
812.643385
812.643385
812.580487
812.454808
812.266580
812.016151
811.703984
811.330656
810.896858
810.403393
809.851176
809.819521
810.371154
810.864097
811.297435
811.670368
811.982205
812.232369
812.420398
812.545944
812.608775
812.608775
812.545944
812.420398
812.232369
811.982205
811.670368
811.297435
810.864097
810.371154
809.819521
809.787900
810.338949
810.831370
811.264250
811.636788
811.948295
812.198194
812.386024
812.511437
812.574202
812.574202
812.511437
812.386024
812.198194
811.948295
811.636788
811.264250
810.831370
810.338949
809.787900
809.756312
810.306779
810.798678
811.231100
811.603244
811.914421
812.164056
812.351687
812.476967
812.539665
812.539665
812.476967
812.351687
812.164056
811.914421
811.603244
811.231100
810.798678
810.306779
809.756312
809.724758
810.274642
810.766021
811.197986
811.569736
811.880583
812.129954
812.317386
812.442534
812.505166
812.505166
812.442534
812.317386
812.129954
811.880583
811.569736
811.197986
810.766021
810.274642
809.724758
809.693237
810.242539
810.733399
811.164906
811.536263
811.846781
812.095888
812.283122
812.408137
812.470703
812.470703
812.408137
812.283122
812.095888
811.846781
811.536263
811.164906
810.733399
810.242539
809.693237
809.661750
810.210471
810.700811
811.131862
811.502825
811.813015
812.061859
812.248894
812.373777
812.436276
812.436276
812.373777
812.248894
812.061859
811.813015
811.502825
811.131862
810.700811
810.210471
809.661750
809.630295
810.178436
810.668258
811.098852
811.469423
811.779285
812.027865
812.214703
812.339454
812.401887
812.401887
812.339454
812.214703
812.027865
811.779285
811.469423
811.098852
810.668258
810.178436
809.630295
809.598875
810.146436
810.635739
811.065878
811.436057
811.745591
811.993908
812.180548
812.305167
812.367534
812.367534
812.305167
812.180548
811.993908
811.745591
811.436057
811.065878
810.635739
810.146436
809.598875
809.567487
810.114469
810.603255
811.032939
811.402726
811.711933
811.959987
812.146430
812.270917
812.333218
812.333218
812.270917
812.146430
811.959987
811.711933
811.402726
811.032939
810.603255
810.114469
809.567487
809.536133
810.082536
810.570805
811.000035
811.369431
811.678310
811.926102
812.112347
812.236703
812.298938
812.298938
812.236703
812.112347
811.926102
811.678310
811.369431
811.000035
810.570805
810.082536
809.536133
809.504812
810.050637
810.538390
810.967165
811.336171
811.644724
811.892253
812.078302
812.202525
812.264694
812.264694
812.202525
812.078302
811.892253
811.644724
811.336171
810.967165
810.538390
810.050637
809.504812
809.473524
810.018772
810.506009
810.934331
811.302946
811.611173
811.858440
812.044292
812.168384
812.230487
812.230487
812.168384
812.044292
811.858440
811.611173
811.302946
810.934331
810.506009
810.018772
809.473524
809.442269
809.986941
810.473662
810.901531
811.269757
811.577657
811.824663
812.010318
812.134279
812.196317
812.196317
812.134279
812.010318
811.824663
811.577657
811.269757
810.901531
810.473662
809.986941
809.442269
809.411047
809.955143
810.441350
810.868767
811.236603
811.544177
811.790922
811.976381
812.100211
812.162183
812.162183
812.100211
811.976381
811.790922
811.544177
811.236603
810.868767
810.441350
809.955143
809.411047
809.379859
809.923379
810.409072
810.836037
811.203484
811.510733
811.757217
811.942479
812.066178
812.128085
812.128085
812.066178
811.942479
811.757217
811.510733
811.203484
810.836037
810.409072
809.923379
809.379859
809.348703
809.891649
810.376828
810.803341
811.170400
811.477324
811.723548
811.908614
812.032182
812.094023
812.094023
812.032182
811.908614
811.723548
811.477324
811.170400
810.803341
810.376828
809.891649
809.348703
809.317580
809.859953
810.344619
810.770681
811.137351
811.443951
811.689914
811.874785
811.998222
812.059998
812.059998
811.998222
811.874785
811.689914
811.443951
811.137351
810.770681
810.344619
809.859953
809.317580
809.286491
809.828290
810.312443
810.738055
811.104338
811.410614
811.656316
811.840992
811.964298
812.026009
812.026009
811.964298
811.840992
811.656316
811.410614
811.104338
810.738055
810.312443
809.828290
809.286491
809.255434
809.796660
810.280302
810.705464
811.071359
811.377311
811.622754
811.807234
811.930411
811.992056
811.992056
811.930411
811.807234
811.622754
811.377311
811.071359
810.705464
810.280302
809.796660
809.255434
809.224410
809.765064
810.248195
810.672907
811.038416
811.344044
811.589228
811.773513
811.896559
811.958139
811.958139
811.896559
811.773513
811.589228
811.344044
811.038416
810.672907
810.248195
809.765064
809.224410
809.193419
809.733502
810.216122
810.640385
811.005508
811.310813
811.555737
811.739827
811.862743
811.924258
811.924258
811.862743
811.739827
811.555737
811.310813
811.005508
810.640385
810.216122
809.733502
809.193419
809.162460
809.701973
810.184082
810.607898
810.972634
811.277617
811.522282
811.706177
811.828964
811.890413
811.890413
811.828964
811.706177
811.522282
811.277617
810.972634
810.607898
810.184082
809.701973
809.162460
809.131535
809.670477
810.152077
810.575445
810.939795
811.244456
811.488862
811.672563
811.795220
811.856605
811.856605
811.795220
811.672563
811.488862
811.244456
810.939795
810.575445
810.152077
809.670477
809.131535
809.100642
809.639015
810.120106
810.543026
810.906992
811.211330
811.455478
811.638985
811.761512
811.822832
811.822832
811.761512
811.638985
811.455478
811.211330
810.906992
810.543026
810.120106
809.639015
809.100642
809.069782
809.607586
810.088169
810.510642
810.874223
811.178239
811.422130
811.605443
811.727840
811.789095
811.789095
811.727840
811.605443
811.422130
811.178239
810.874223
810.510642
810.088169
809.607586
809.069782
809.038954
809.576190
810.056265
810.478292
810.841489
811.145184
811.388816
811.571936
811.694203
811.755394
811.755394
811.694203
811.571936
811.388816
811.145184
810.841489
810.478292
810.056265
809.576190
809.038954
809.008159
809.544827
810.024396
810.445976
810.808789
811.112164
811.355539
811.538464
811.660603
811.721729
811.721729
811.660603
811.538464
811.355539
811.112164
810.808789
810.445976
810.024396
809.544827
809.008159
808.977397
809.513498
809.992560
810.413695
810.776125
811.079178
811.322296
811.505029
811.627038
811.688099
811.688099
811.627038
811.505029
811.322296
811.079178
810.776125
810.413695
809.992560
809.513498
808.977397
808.946667
809.482202
809.960758
810.381448
810.743495
811.046228
811.289089
811.471628
811.593509
811.654506
811.654506
811.593509
811.471628
811.289089
811.046228
810.743495
810.381448
809.960758
809.482202
808.946667
808.915970
809.450939
809.928989
810.349235
810.710899
811.013313
811.255917
811.438264
811.560015
811.620948
811.620948
811.560015
811.438264
811.255917
811.013313
810.710899
810.349235
809.928989
809.450939
808.915970
808.885305
809.419709
809.897254
810.317056
810.678338
810.980433
811.222781
811.404934
811.526557
811.587425
811.587425
811.526557
811.404934
811.222781
810.980433
810.678338
810.317056
809.897254
809.419709
808.885305
808.854673
809.388512
809.865553
810.284912
810.645812
810.947587
811.189679
811.371640
811.493135
811.553939
811.553939
811.493135
811.371640
811.189679
810.947587
810.645812
810.284912
809.865553
809.388512
808.854673
808.824073
809.357349
809.833885
810.252801
810.613320
810.914777
811.156613
811.338382
811.459748
811.520487
811.520487
811.459748
811.338382
811.156613
810.914777
810.613320
810.252801
809.833885
809.357349
808.824073
808.793505
809.326218
809.802251
810.220725
810.580863
810.882001
811.123582
811.305159
811.426397
811.487072
811.487072
811.426397
811.305159
811.123582
810.882001
810.580863
810.220725
809.802251
809.326218
808.793505
808.762970
809.295120
809.770651
810.188682
810.548440
810.849260
811.090586
811.271971
811.393081
811.453692
811.453692
811.393081
811.271971
811.090586
810.849260
810.548440
810.188682
809.770651
809.295120
808.762970
808.732466
809.264055
809.739084
810.156674
810.516052
810.816554
811.057625
811.238818
811.359800
811.420347
811.420347
811.359800
811.238818
811.057625
810.816554
810.516052
810.156674
809.739084
809.264055
808.732466
808.701996
809.233023
809.707550
810.124699
810.483698
810.783883
811.024699
811.205701
811.326555
811.387038
811.387038
811.326555
811.205701
811.024699
810.783883
810.483698
810.124699
809.707550
809.233023
808.701996
808.671557
809.202024
809.676050
810.092758
810.451378
810.751246
810.991807
811.172619
811.293345
811.353764
811.353764
811.293345
811.172619
810.991807
810.751246
810.451378
810.092758
809.676050
809.202024
808.671557
808.641151
809.171057
809.644583
810.060852
810.419092
810.718644
810.958951
811.139571
811.260171
811.320526
811.320526
811.260171
811.139571
810.958951
810.718644
810.419092
810.060852
809.644583
809.171057
808.641151
808.610776
809.140124
809.613150
810.028978
810.386841
810.686076
810.926130
811.106559
811.227031
811.287323
811.287323
811.227031
811.106559
810.926130
810.686076
810.386841
810.028978
809.613150
809.140124
808.610776
808.580434
809.109223
809.581749
809.997139
810.354624
810.653543
810.893343
811.073582
811.193927
811.254155
811.254155
811.193927
811.073582
810.893343
810.653543
810.354624
809.997139
809.581749
809.109223
808.580434
808.550124
809.078355
809.550382
809.965334
810.322441
810.621045
810.860592
811.040640
811.160858
811.221022
811.221022
811.160858
811.040640
810.860592
810.621045
810.322441
809.965334
809.550382
809.078355
808.550124
808.519846
809.047519
809.519049
809.933562
810.290292
810.588581
810.827875
811.007733
811.127824
811.187925
811.187925
811.127824
811.007733
810.827875
810.588581
810.290292
809.933562
809.519049
809.047519
808.519846
808.489600
809.016716
809.487748
809.901824
810.258178
810.556151
810.795193
810.974861
811.094825
811.154863
811.154863
811.094825
810.974861
810.795193
810.556151
810.258178
809.901824
809.487748
809.016716
808.489600
808.459385
808.985946
809.456480
809.870119
810.226097
810.523756
810.762545
810.942024
811.061861
811.121835
811.121835
811.061861
810.942024
810.762545
810.523756
810.226097
809.870119
809.456480
808.985946
808.459385
808.429203
808.955208
809.425246
809.838448
810.194050
810.491395
810.729932
810.909222
811.028933
811.088843
811.088843
811.028933
810.909222
810.729932
810.491395
810.194050
809.838448
809.425246
808.955208
808.429203
808.399053
808.924502
809.394045
809.806811
810.162038
810.459068
810.697354
810.876454
810.996039
811.055886
811.055886
810.996039
810.876454
810.697354
810.459068
810.162038
809.806811
809.394045
808.924502
808.399053
808.368934
808.893829
809.362876
809.775207
810.130059
810.426776
810.664810
810.843722
810.963180
811.022964
811.022964
810.963180
810.843722
810.664810
810.426776
810.130059
809.775207
809.362876
808.893829
808.368934
808.338848
808.863189
809.331741
809.743637
810.098114
810.394518
810.632301
810.811024
810.930356
810.990077
810.990077
810.930356
810.811024
810.632301
810.394518
810.098114
809.743637
809.331741
808.863189
808.338848
808.308793
808.832581
809.300639
809.712100
810.066203
810.362295
810.599827
810.778360
810.897566
810.957225
810.957225
810.897566
810.778360
810.599827
810.362295
810.066203
809.712100
809.300639
808.832581
808.308793
808.278770
808.802005
809.269569
809.680596
810.034326
810.330105
810.567386
810.745732
810.864812
810.924407
810.924407
810.864812
810.745732
810.567386
810.330105
810.034326
809.680596
809.269569
808.802005
808.278770
808.248778
808.771462
809.238533
809.649126
810.002483
810.297949
810.534980
810.713138
810.832092
810.891625
810.891625
810.832092
810.713138
810.534980
810.297949
810.002483
809.649126
809.238533
808.771462
808.248778
808.218818
808.740951
809.207529
809.617689
809.970673
810.265828
810.502609
810.680578
810.799407
810.858877
810.858877
810.799407
810.680578
810.502609
810.265828
809.970673
809.617689
809.207529
808.740951
808.218818
808.188890
808.710472
809.176558
809.586286
809.938897
810.233741
810.470272
810.648053
810.766757
810.826164
810.826164
810.766757
810.648053
810.470272
810.233741
809.938897
809.586286
809.176558
808.710472
808.188890
808.158994
808.680025
809.145620
809.554915
809.907155
810.201687
810.437969
810.615563
810.734141
810.793485
810.793485
810.734141
810.615563
810.437969
810.201687
809.907155
809.554915
809.145620
808.680025
808.158994
808.129129
808.649611
809.114714
809.523578
809.875446
810.169668
810.405700
810.583107
810.701560
810.760842
810.760842
810.701560
810.583107
810.405700
810.169668
809.875446
809.523578
809.114714
808.649611
808.129129
808.099295
808.619229
809.083842
809.492274
809.843771
810.137683
810.373466
810.550686
810.669014
810.728233
810.728233
810.669014
810.550686
810.373466
810.137683
809.843771
809.492274
809.083842
808.619229
808.099295
808.069493
808.588879
809.053002
809.461003
809.812130
810.105731
810.341266
810.518298
810.636502
810.695658
810.695658
810.636502
810.518298
810.341266
810.105731
809.812130
809.461003
809.053002
808.588879
808.069493
808.039723
808.558561
809.022194
809.429766
809.780522
810.073814
810.309100
810.485946
810.604025
810.663119
810.663119
810.604025
810.485946
810.309100
810.073814
809.780522
809.429766
809.022194
808.558561
808.039723
808.009984
808.528274
808.991419
809.398561
809.748947
810.041930
810.276968
810.453627
810.571581
810.630613
810.630613
810.571581
810.453627
810.276968
810.041930
809.748947
809.398561
808.991419
808.528274
808.009984
807.980276
808.498020
808.960677
809.367389
809.717406
810.010080
810.244870
810.421343
810.539173
810.598142
810.598142
810.539173
810.421343
810.244870
810.010080
809.717406
809.367389
808.960677
808.498020
807.980276
807.950600
808.467798
808.929967
809.336251
809.685898
809.978263
810.212806
810.389093
810.506799
810.565706
810.565706
810.506799
810.389093
810.212806
809.978263
809.685898
809.336251
808.929967
808.467798
807.950600
807.920955
808.437608
808.899290
809.305145
809.654424
809.946481
810.180776
810.356877
810.474459
810.533304
810.533304
810.474459
810.356877
810.180776
809.946481
809.654424
809.305145
808.899290
808.437608
807.920955
807.891341
808.407450
808.868645
809.274072
809.622983
809.914732
810.148780
810.324695
810.442153
810.500936
810.500936
810.442153
810.324695
810.148780
809.914732
809.622983
809.274072
808.868645
808.407450
807.891341
807.861758
808.377323
808.838032
809.243032
809.591575
809.883017
810.116818
810.292548
810.409882
810.468603
810.468603
810.409882
810.292548
810.116818
809.883017
809.591575
809.243032
808.838032
808.377323
807.861758
807.832207
808.347229
808.807452
809.212025
809.560201
809.851335
810.084890
810.260434
810.377645
810.436304
810.436304
810.377645
810.260434
810.084890
809.851335
809.560201
809.212025
808.807452
808.347229
807.832207
807.802687
808.317166
808.776904
809.181051
809.528859
809.819687
810.052996
810.228355
810.345442
810.404039
810.404039
810.345442
810.228355
810.052996
809.819687
809.528859
809.181051
808.776904
808.317166
807.802687
807.773198
808.287135
808.746389
809.150110
809.497551
809.788072
810.021135
810.196310
810.313273
810.371808
810.371808
810.313273
810.196310
810.021135
809.788072
809.497551
809.150110
808.746389
808.287135
807.773198
807.743740
808.257136
808.715905
809.119201
809.466276
809.756491
809.989308
810.164298
810.281138
810.339612
810.339612
810.281138
810.164298
809.989308
809.756491
809.466276
809.119201
808.715905
808.257136
807.743740
807.714314
808.227168
808.685454
809.088325
809.435035
809.724943
809.957515
810.132321
810.249037
810.307450
810.307450
810.249037
810.132321
809.957515
809.724943
809.435035
809.088325
808.685454
808.227168
807.714314
807.684918
808.197232
808.655035
809.057481
809.403826
809.693429
809.925756
810.100377
810.216971
810.275321
810.275321
810.216971
810.100377
809.925756
809.693429
809.403826
809.057481
808.655035
808.197232
807.684918
807.655553
808.167328
808.624649
809.026671
809.372650
809.661948
809.894030
810.068467
810.184938
810.243227
810.243227
810.184938
810.068467
809.894030
809.661948
809.372650
809.026671
808.624649
808.167328
807.655553
807.626219
808.137455
808.594294
808.995892
809.341507
809.630500
809.862338
810.036591
810.152939
810.211167
810.211167
810.152939
810.036591
809.862338
809.630500
809.341507
808.995892
808.594294
808.137455
807.626219
807.596917
808.107613
808.563971
808.965147
809.310398
809.599086
809.830679
810.004749
810.120974
810.179141
810.179141
810.120974
810.004749
809.830679
809.599086
809.310398
808.965147
808.563971
808.107613
807.596917
807.567645
808.077804
808.533681
808.934434
809.279321
809.567705
809.799054
809.972941
810.089043
810.147148
810.147148
810.089043
809.972941
809.799054
809.567705
809.279321
808.934434
808.533681
808.077804
807.567645
807.538404
808.048025
808.503422
808.903753
809.248277
809.536357
809.767462
809.941166
810.057146
810.115190
810.115190
810.057146
809.941166
809.767462
809.536357
809.248277
808.903753
808.503422
808.048025
807.538404
807.509194
808.018278
808.473196
808.873105
809.217265
809.505043
809.735904
809.909425
810.025283
810.083266
810.083266
810.025283
809.909425
809.735904
809.505043
809.217265
808.873105
808.473196
808.018278
807.509194
807.480014
807.988563
808.443001
808.842489
809.186287
809.473761
809.704380
809.877717
809.993453
810.051375
810.051375
809.993453
809.877717
809.704380
809.473761
809.186287
808.842489
808.443001
807.988563
807.480014
807.450866
807.958879
808.412838
808.811905
809.155342
809.442513
809.672888
809.846043
809.961657
810.019518
810.019518
809.961657
809.846043
809.672888
809.442513
809.155342
808.811905
808.412838
807.958879
807.450866
807.421748
807.929226
808.382708
808.781354
809.124429
809.411297
809.641430
809.814403
809.929895
809.987695
809.987695
809.929895
809.814403
809.641430
809.411297
809.124429
808.781354
808.382708
807.929226
807.421748
807.392660
807.899604
808.352609
808.750835
809.093548
809.380115
809.610006
809.782796
809.898167
809.955906
809.955906
809.898167
809.782796
809.610006
809.380115
809.093548
808.750835
808.352609
807.899604
807.392660
807.363604
807.870014
808.322541
808.720349
809.062701
809.348966
809.578614
809.751222
809.866472
809.924150
809.924150
809.866472
809.751222
809.578614
809.348966
809.062701
808.720349
808.322541
807.870014
807.363604
807.334578
807.840455
808.292506
808.689894
809.031886
809.317849
809.547256
809.719682
809.834810
809.892428
809.892428
809.834810
809.719682
809.547256
809.317849
809.031886
808.689894
808.292506
807.840455
807.334578
807.305583
807.810927
808.262502
808.659472
809.001104
809.286766
809.515931
809.688176
809.803183
809.860739
809.860739
809.803183
809.688176
809.515931
809.286766
809.001104
808.659472
808.262502
807.810927
807.305583
807.276618
807.781431
808.232530
808.629082
808.970354
809.255715
809.484639
809.656703
809.771588
809.829084
809.829084
809.771588
809.656703
809.484639
809.255715
808.970354
808.629082
808.232530
807.781431
807.276618
807.247684
807.751965
808.202589
808.598724
808.939637
809.224698
809.453380
809.625263
809.740027
809.797463
809.797463
809.740027
809.625263
809.453380
809.224698
808.939637
808.598724
808.202589
807.751965
807.247684
807.218780
807.722530
808.172681
808.568398
808.908952
809.193713
809.422155
809.593856
809.708500
809.765875
809.765875
809.708500
809.593856
809.422155
809.193713
808.908952
808.568398
808.172681
807.722530
807.218780
807.189907
807.693127
808.142803
808.538104
808.878300
809.162761
809.390962
809.562483
809.677006
809.734320
809.734320
809.677006
809.562483
809.390962
809.162761
808.878300
808.538104
808.142803
807.693127
807.189907
807.161064
807.663755
808.112958
808.507843
808.847680
809.131841
809.359802
809.531142
809.645545
809.702799
809.702799
809.645545
809.531142
809.359802
809.131841
808.847680
808.507843
808.112958
807.663755
807.161064
806.678525
807.530847
808.059499
808.472214
808.815859
809.100673
809.328611
809.499821
809.614114
809.671310
809.671310
809.614114
809.499821
809.328611
809.100673
808.815859
808.472214
808.059499
807.530847
806.678525
806.397499
807.350617
807.973954
808.424420
808.780175
809.068394
809.297134
809.468446
809.582693
809.639848
809.639848
809.582693
809.468446
809.297134
809.068394
808.780175
808.424420
807.973954
807.350617
806.397499
806.186513
807.179666
807.869812
808.363284
808.738386
809.033814
809.264892
809.436849
809.551227
809.608389
809.608389
809.551227
809.436849
809.264892
809.033814
808.738386
808.363284
807.869812
807.179666
806.186513
806.009376
807.022993
807.759146
808.291915
808.689890
808.995970
809.231309
809.404767
809.519607
809.576885
809.576885
809.519607
809.404767
809.231309
808.995970
808.689890
808.291915
807.759146
807.022993
806.009376
805.852687
806.878531
807.647615
808.213938
808.635354
808.954429
809.195893
809.371898
809.487680
809.545250
809.545250
809.487680
809.371898
809.195893
808.954429
808.635354
808.213938
807.647615
806.878531
805.852687
805.710067
806.743898
807.537577
808.132080
808.575931
808.909224
809.158336
809.337958
809.455263
809.513363
809.513363
809.455263
809.337958
809.158336
808.909224
808.575931
808.132080
807.537577
806.743898
805.710067
805.577906
806.617232
807.429940
808.048149
808.512775
808.860673
809.118518
809.302729
809.422171
809.481078
809.481078
809.422171
809.302729
809.118518
808.860673
808.512775
808.048149
807.429940
806.617232
805.577906
805.453921
806.497142
807.324992
807.963297
808.446870
808.809214
809.076469
809.266069
809.388234
809.448238
809.448238
809.388234
809.266069
809.076469
808.809214
808.446870
807.963297
807.324992
806.497142
805.453921
805.336561
806.382581
807.222748
807.878249
808.378991
808.755302
809.032310
809.227907
809.353311
809.414688
809.414688
809.353311
809.227907
809.032310
808.755302
808.378991
807.878249
807.222748
806.382581
805.336561
805.224709
806.272747
807.123110
807.793463
808.309734
808.699359
808.986212
809.188228
809.317293
809.380289
809.380289
809.317293
809.188228
808.986212
808.699359
808.309734
807.793463
807.123110
806.272747
805.224709
805.117535
806.167011
807.025933
807.709223
808.239548
808.641756
808.938364
809.147057
809.280106
809.344922
809.344922
809.280106
809.147057
808.938364
808.641756
808.239548
807.709223
807.025933
806.167011
805.117535
805.014396
806.064870
806.931060
807.625706
808.168771
808.582807
808.888953
809.104444
809.241702
809.308494
809.308494
809.241702
809.104444
808.888953
808.582807
808.168771
807.625706
806.931060
806.064870
805.014396
804.914787
805.965915
806.838333
807.543015
808.097655
808.522772
808.838155
809.060455
809.202059
809.270936
809.270936
809.202059
809.060455
808.838155
808.522772
808.097655
807.543015
806.838333
805.965915
804.914787
804.818298
805.869807
806.747604
807.461208
808.026391
808.461866
808.786131
809.015165
809.161175
809.232205
809.232205
809.161175
809.015165
808.786131
808.461866
808.026391
807.461208
806.747604
805.869807
804.818298
804.724595
805.776265
806.658734
807.380309
807.955117
808.400264
808.733021
808.968648
809.119064
809.192278
809.192278
809.119064
808.968648
808.733021
808.400264
807.955117
807.380309
806.658734
805.776265
804.724595
804.633397
805.685048
806.571596
807.300324
807.883938
808.338108
808.678952
808.920981
809.075750
809.151149
809.151149
809.075750
808.920981
808.678952
808.338108
807.883938
807.300324
806.571596
805.685048
804.633397
804.544469
805.595951
806.486074
807.221244
807.812930
808.275514
808.624030
808.872239
809.031270
809.108828
809.108828
809.031270
808.872239
808.624030
808.275514
807.812930
807.221244
806.486074
805.595951
804.544469
804.457608
805.508796
806.402060
807.143049
807.742148
808.212576
808.568352
808.822491
808.985662
809.065336
809.065336
808.985662
808.822491
808.568352
808.212576
807.742148
807.143049
806.402060
805.508796
804.457608
804.372639
805.423428
806.319456
807.065716
807.671630
808.149368
808.511998
808.771805
808.938973
809.020703
809.020703
808.938973
808.771805
808.511998
808.149368
807.671630
807.065716
806.319456
805.423428
804.372639
804.289412
805.339711
806.238173
806.989216
807.601403
808.085951
808.455041
808.720244
808.891251
808.974966
808.974966
808.891251
808.720244
808.455041
808.085951
807.601403
806.989216
806.238173
805.339711
804.289412
804.207791
805.257522
806.158129
806.913517
807.531485
808.022376
808.397542
808.667867
808.842544
808.928167
808.928167
808.842544
808.667867
808.397542
808.022376
807.531485
806.913517
806.158129
805.257522
804.207791
804.127659
805.176753
806.079246
806.838587
807.461884
807.958682
808.339556
808.614731
808.792903
808.880350
808.880350
808.792903
808.614731
808.339556
807.958682
807.461884
806.838587
806.079246
805.176753
804.127659
804.048908
805.097307
806.001455
806.764394
807.392606
807.894903
808.281131
808.560886
808.742378
808.831563
808.831563
808.742378
808.560886
808.281131
807.894903
807.392606
806.764394
806.001455
805.097307
804.048908
803.971445
805.019096
805.924691
806.690906
807.323651
807.831064
808.222310
808.506382
808.691017
808.781853
808.781853
808.691017
808.506382
808.222310
807.831064
807.323651
806.690906
805.924691
805.019096
803.971445
803.895183
804.942039
805.848893
806.618090
807.255017
807.767187
808.163130
808.451264
808.638869
808.731269
808.731269
808.638869
808.451264
808.163130
807.767187
807.255017
806.618090
805.848893
804.942039
803.895183
803.820044
804.866063
805.774007
806.545915
807.186698
807.703290
808.103625
808.395575
808.585980
808.679858
808.679858
808.585980
808.395575
808.103625
807.703290
807.186698
806.545915
805.774007
804.866063
803.820044
803.745957
804.791102
805.699979
806.474351
807.118688
807.639388
808.043826
808.339356
808.532395
808.627666
808.627666
808.532395
808.339356
808.043826
807.639388
807.118688
806.474351
805.699979
804.791102
803.745957
803.672857
804.717094
805.626762
806.403368
807.050979
807.575492
807.983758
808.282642
808.478157
808.574740
808.574740
808.478157
808.282642
807.983758
807.575492
807.050979
806.403368
805.626762
804.717094
803.672857
803.600683
804.643983
805.554310
806.332940
806.983563
807.511613
807.923448
808.225471
808.423308
808.521123
808.521123
808.423308
808.225471
807.923448
807.511613
806.983563
806.332940
805.554310
804.643983
803.600683
803.529381
804.571715
805.482581
806.263039
806.916431
807.447759
807.862918
808.167874
808.367887
808.466858
808.466858
808.367887
808.167874
807.862918
807.447759
806.916431
806.263039
805.482581
804.571715
803.529381
803.458900
804.500242
805.411535
806.193641
806.849575
807.383937
807.802188
808.109882
808.311931
808.411985
808.411985
808.311931
808.109882
807.802188
807.383937
806.849575
806.193641
805.411535
804.500242
803.458900
803.389192
804.429520
805.341137
806.124719
806.782984
807.320152
807.741277
808.051525
808.255476
808.356544
808.356544
808.255476
808.051525
807.741277
807.320152
806.782984
806.124719
805.341137
804.429520
803.389192
803.320213
804.359505
805.271350
806.056253
806.716650
807.256409
807.680203
807.992829
808.198556
808.300571
808.300571
808.198556
807.992829
807.680203
807.256409
806.716650
806.056253
805.271350
804.359505
803.320213
803.251923
804.290159
805.202144
805.988221
806.650564
807.192713
807.618981
807.933819
808.141203
808.244101
808.244101
808.141203
807.933819
807.618981
807.192713
806.650564
805.988221
805.202144
804.290159
803.251923
803.184283
804.221446
805.133487
805.920600
806.584718
807.129067
807.557627
807.874521
808.083446
808.187169
808.187169
808.083446
807.874521
807.557627
807.129067
806.584718
805.920600
805.133487
804.221446
803.184283
803.117258
804.153331
805.065350
805.853373
806.519102
807.065475
807.496153
807.814956
808.025315
808.129806
808.129806
808.025315
807.814956
807.496153
807.065475
806.519102
805.853373
805.065350
804.153331
803.117258
803.050815
804.085783
804.997709
805.786521
806.453708
807.001938
807.434574
807.755145
807.966837
808.072041
808.072041
807.966837
807.755145
807.434574
807.001938
806.453708
805.786521
804.997709
804.085783
803.050815
802.984922
804.018771
804.930536
805.720026
806.388530
806.938459
807.372900
807.695109
807.908036
808.013904
808.013904
807.908036
807.695109
807.372900
806.938459
806.388530
805.720026
804.930536
804.018771
802.984922
802.919552
803.952267
804.863810
805.653873
806.323558
806.875041
807.311142
807.634865
807.848937
807.955420
807.955420
807.848937
807.634865
807.311142
806.875041
806.323558
805.653873
804.863810
803.952267
802.919552
802.854676
803.886247
804.797507
805.588045
806.258787
806.811684
807.249312
807.574431
807.789564
807.896617
807.896617
807.789564
807.574431
807.249312
806.811684
806.258787
805.588045
804.797507
803.886247
802.854676
802.790269
803.820684
804.731607
805.522528
806.194209
806.748391
807.187418
807.513824
807.729936
807.837516
807.837516
807.729936
807.513824
807.187418
806.748391
806.194209
805.522528
804.731607
803.820684
802.790269
802.726307
803.755556
804.666090
805.457309
806.129818
806.685163
807.125469
807.453059
807.670074
807.778142
807.778142
807.670074
807.453059
807.125469
806.685163
806.129818
805.457309
804.666090
803.755556
802.726307
802.662768
803.690841
804.600939
805.392374
806.065608
806.622001
807.063474
807.392151
807.609997
807.718514
807.718514
807.609997
807.392151
807.063474
806.622001
806.065608
805.392374
804.600939
803.690841
802.662768
802.599631
803.626519
804.536136
805.327711
806.001573
806.558906
807.001441
807.331112
807.549722
807.658654
807.658654
807.549722
807.331112
807.001441
806.558906
806.001573
805.327711
804.536136
803.626519
802.599631
802.536876
803.562571
804.471664
805.263309
805.937707
806.495880
806.939377
807.269957
807.489268
807.598579
807.598579
807.489268
807.269957
806.939377
806.495880
805.937707
805.263309
804.471664
803.562571
802.536876
802.474485
803.498979
804.407509
805.199157
805.874006
806.432923
806.877289
807.208696
807.428648
807.538308
807.538308
807.428648
807.208696
806.877289
806.432923
805.874006
805.199157
804.407509
803.498979
802.474485
802.412440
803.435727
804.343656
805.135245
805.810463
806.370036
806.815184
807.147341
807.367878
807.477857
807.477857
807.367878
807.147341
806.815184
806.370036
805.810463
805.135245
804.343656
803.435727
802.412440
802.350725
803.372797
804.280092
805.071563
805.747076
806.307220
806.753066
807.085903
807.306972
807.417243
807.417243
807.306972
807.085903
806.753066
806.307220
805.747076
805.071563
804.280092
803.372797
802.350725
802.289324
803.310177
804.216804
805.008102
805.683838
806.244475
806.690943
807.024392
807.245943
807.356478
807.356478
807.245943
807.024392
806.690943
806.244475
805.683838
805.008102
804.216804
803.310177
802.289324
802.228224
803.247851
804.153781
804.944855
805.620747
806.181802
806.628819
806.962816
807.184804
807.295579
807.295579
807.184804
806.962816
806.628819
806.181802
805.620747
804.944855
804.153781
803.247851
802.228224
802.167410
803.185806
804.091010
804.881811
805.557798
806.119202
806.566699
806.901186
807.123565
807.234557
807.234557
807.123565
806.901186
806.566699
806.119202
805.557798
804.881811
804.091010
803.185806
802.167410
802.106870
803.124031
804.028482
804.818966
805.494988
806.056676
806.504588
806.839508
807.062238
807.173425
807.173425
807.062238
806.839508
806.504588
806.056676
805.494988
804.818966
804.028482
803.124031
802.106870
802.046592
803.062513
803.966187
804.756310
805.432312
805.994223
806.442491
806.777791
807.000833
807.112194
807.112194
807.000833
806.777791
806.442491
805.994223
805.432312
804.756310
803.966187
803.062513
802.046592
801.986564
803.001242
803.904115
804.693837
805.369769
805.931844
806.380411
806.716042
806.939360
807.050876
807.050876
806.939360
806.716042
806.380411
805.931844
805.369769
804.693837
803.904115
803.001242
801.986564
801.926776
802.940207
803.842258
804.631542
805.307354
805.869540
806.318352
806.654268
806.877827
806.989480
806.989480
806.877827
806.654268
806.318352
805.869540
805.307354
804.631542
803.842258
802.940207
801.926776
801.867218
802.879399
803.780607
804.569419
805.245064
805.807311
806.256318
806.592475
806.816243
806.928015
806.928015
806.816243
806.592475
806.256318
805.807311
805.245064
804.569419
803.780607
802.879399
801.867218
801.807881
802.818809
803.719154
804.507461
805.182898
805.745157
806.194312
806.530669
806.754616
806.866492
806.866492
806.754616
806.530669
806.194312
805.745157
805.182898
804.507461
803.719154
802.818809
801.807881
801.748756
802.758428
803.657893
804.445663
805.120852
805.683079
806.132338
806.468857
806.692954
806.804919
806.804919
806.692954
806.468857
806.132338
805.683079
805.120852
804.445663
803.657893
802.758428
801.748756
801.689834
802.698248
803.596817
804.384021
805.058924
805.621076
806.070398
806.407042
806.631263
806.743303
806.743303
806.631263
806.407042
806.070398
805.621076
805.058924
804.384021
803.596817
802.698248
801.689834
801.631108
802.638262
803.535918
804.322530
804.997111
805.559150
806.008495
806.345231
806.569551
806.681651
806.681651
806.569551
806.345231
806.008495
805.559150
804.997111
804.322530
803.535918
802.638262
801.631108
801.572570
802.578462
803.475192
804.261185
804.935412
805.497300
805.946633
806.283428
806.507823
806.619972
806.619972
806.507823
806.283428
805.946633
805.497300
804.935412
804.261185
803.475192
802.578462
801.572570
801.514214
802.518842
803.414631
804.199983
804.873824
805.435527
805.884812
806.221637
806.446085
806.558270
806.558270
806.446085
806.221637
805.884812
805.435527
804.873824
804.199983
803.414631
802.518842
801.514214
801.456033
802.459395
803.354232
804.138920
804.812346
805.373830
805.823036
806.159862
806.384342
806.496554
806.496554
806.384342
806.159862
805.823036
805.373830
804.812346
804.138920
803.354232
802.459395
801.456033
801.398020
802.400116
803.293988
804.077991
804.750975
805.312211
805.761307
806.098108
806.322600
806.434828
806.434828
806.322600
806.098108
805.761307
805.312211
804.750975
804.077991
803.293988
802.400116
801.398020
801.340171
802.340999
803.233895
804.017194
804.689710
805.250668
805.699626
806.036377
806.260864
806.373098
806.373098
806.260864
806.036377
805.699626
805.250668
804.689710
804.017194
803.233895
802.340999
801.340171
801.282479
802.282039
803.173949
803.956525
804.628549
805.189203
805.637996
805.974674
806.199138
806.311368
806.311368
806.199138
805.974674
805.637996
805.189203
804.628549
803.956525
803.173949
802.282039
801.282479
801.224939
802.223231
803.114145
803.895981
804.567491
805.127815
805.576418
805.913002
806.137427
806.249645
806.249645
806.137427
805.913002
805.576418
805.127815
804.567491
803.895981
803.114145
802.223231
801.224939
801.167548
802.164570
803.054479
803.835560
804.506534
805.066505
805.514895
805.851362
806.075734
806.187932
806.187932
806.075734
805.851362
805.514895
805.066505
804.506534
803.835560
803.054479
802.164570
801.167548
801.110300
802.106051
802.994947
803.775258
804.445676
805.005272
805.453426
805.789760
806.014062
806.126233
806.126233
806.014062
805.789760
805.453426
805.005272
804.445676
803.775258
802.994947
802.106051
801.110300
801.053190
802.047671
802.935547
803.715073
804.384918
804.944117
805.392015
805.728196
805.952417
806.064553
806.064553
805.952417
805.728196
805.392015
804.944117
804.384918
803.715073
802.935547
802.047671
801.053190
800.996216
801.989426
802.876274
803.655003
804.324256
804.883040
805.330663
805.666674
805.890800
806.002895
806.002895
805.890800
805.666674
805.330663
804.883040
804.324256
803.655003
802.876274
801.989426
800.996216
800.939373
801.931312
802.817126
803.595045
804.263691
804.822041
805.269370
805.605195
805.829216
805.941263
805.941263
805.829216
805.605195
805.269370
804.822041
804.263691
803.595045
802.817126
801.931312
800.939373
800.882658
801.873326
802.758100
803.535197
804.203221
804.761119
805.208138
805.543762
805.767666
805.879660
805.879660
805.767666
805.543762
805.208138
804.761119
804.203221
803.535197
802.758100
801.873326
800.882658
800.826066
801.815464
802.699192
803.475457
804.142844
804.700276
805.146967
805.482378
805.706154
805.818089
805.818089
805.706154
805.482378
805.146967
804.700276
804.142844
803.475457
802.699192
801.815464
800.826066
800.769596
801.757724
802.640400
803.415824
804.082561
804.639510
805.085860
805.421043
805.644682
805.756553
805.756553
805.644682
805.421043
805.085860
804.639510
804.082561
803.415824
802.640400
801.757724
800.769596
800.713245
801.700102
802.581722
803.356295
804.022370
804.578822
805.024817
805.359760
805.583253
805.695055
805.695055
805.583253
805.359760
805.024817
804.578822
804.022370
803.356295
802.581722
801.700102
800.713245
800.657008
801.642596
802.523156
803.296869
803.962270
804.518213
804.963839
805.298530
805.521868
805.633597
805.633597
805.521868
805.298530
804.963839
804.518213
803.962270
803.296869
802.523156
801.642596
800.657008
800.600885
801.585203
802.464698
803.237544
803.902260
804.457681
804.902926
805.237355
805.460530
805.572182
805.572182
805.460530
805.237355
804.902926
804.457681
803.902260
803.237544
802.464698
801.585203
800.600885
800.544871
801.527921
802.406348
803.178319
803.842340
804.397227
804.842080
805.176236
805.399241
805.510812
805.510812
805.399241
805.176236
804.842080
804.397227
803.842340
803.178319
802.406348
801.527921
800.544871
800.488966
801.470748
802.348103
803.119192
803.782508
804.336852
804.781301
805.115176
805.338003
805.449488
805.449488
805.338003
805.115176
804.781301
804.336852
803.782508
803.119192
802.348103
801.470748
800.488966
800.433166
801.413680
802.289961
803.060162
803.722765
804.276554
804.720590
805.054174
805.276818
805.388214
805.388214
805.276818
805.054174
804.720590
804.276554
803.722765
803.060162
802.289961
801.413680
800.433166
800.377470
801.356718
802.231921
803.001228
803.663109
804.216334
804.659947
804.993232
805.215686
805.326990
805.326990
805.215686
804.993232
804.659947
804.216334
803.663109
803.001228
802.231921
801.356718
800.377470
800.321875
801.299858
802.173980
802.942388
803.603540
804.156193
804.599374
804.932352
805.154610
805.265819
805.265819
805.154610
804.932352
804.599374
804.156193
803.603540
802.942388
802.173980
801.299858
800.321875
800.266381
801.243098
802.116138
802.883641
803.544057
804.096129
804.538870
804.871534
805.093591
805.204702
805.204702
805.093591
804.871534
804.538870
804.096129
803.544057
802.883641
802.116138
801.243098
800.266381
800.210984
801.186438
802.058393
802.824986
803.484659
804.036143
804.478436
804.810780
805.032631
805.143641
805.143641
805.032631
804.810780
804.478436
804.036143
803.484659
802.824986
802.058393
801.186438
800.210984
800.155684
801.129874
802.000743
802.766423
803.425346
803.976235
804.418073
804.750090
804.971729
805.082636
805.082636
804.971729
804.750090
804.418073
803.976235
803.425346
802.766423
802.000743
801.129874
800.155684
800.100478
801.073407
801.943188
802.707949
803.366118
803.916405
804.357781
804.689465
804.910889
805.021690
805.021690
804.910889
804.689465
804.357781
803.916405
803.366118
802.707949
801.943188
801.073407
800.100478
800.045367
801.017034
801.885725
802.649565
803.306974
803.856652
804.297561
804.628905
804.850110
804.960804
804.960804
804.850110
804.628905
804.297561
803.856652
803.306974
802.649565
801.885725
801.017034
800.045367
799.990347
800.960755
801.828355
802.591270
803.247914
803.796977
804.237413
804.568413
804.789394
804.899978
804.899978
804.789394
804.568413
804.237413
803.796977
803.247914
802.591270
801.828355
800.960755
799.990347
799.935417
800.904567
801.771075
802.533062
803.188936
803.737380
804.177336
804.507988
804.728742
804.839214
804.839214
804.728742
804.507988
804.177336
803.737380
803.188936
802.533062
801.771075
800.904567
799.935417
799.880578
800.848470
801.713884
802.474941
803.130041
803.677861
804.117332
804.447631
804.668155
804.778513
804.778513
804.668155
804.447631
804.117332
803.677861
803.130041
802.474941
801.713884
800.848470
799.880578
799.825826
800.792462
801.656783
802.416906
803.071228
803.618419
804.057402
804.387342
804.607633
804.717876
804.717876
804.607633
804.387342
804.057402
803.618419
803.071228
802.416906
801.656783
800.792462
799.825826
799.771162
800.736543
801.599769
802.358956
803.012497
803.559054
803.997544
804.327123
804.547177
804.657304
804.657304
804.547177
804.327123
803.997544
803.559054
803.012497
802.358956
801.599769
800.736543
799.771162
799.716584
800.680711
801.542842
802.301091
802.953848
803.499767
803.937759
804.266974
804.486788
804.596797
804.596797
804.486788
804.266974
803.937759
803.499767
802.953848
802.301091
801.542842
800.680711
799.716584
799.662091
800.624965
801.486001
802.243310
802.895279
803.440558
803.878048
804.206894
804.426467
804.536356
804.536356
804.426467
804.206894
803.878048
803.440558
802.895279
802.243310
801.486001
800.624965
799.662091
799.607682
800.569306
801.429245
802.185613
802.836791
803.381425
803.818411
804.146885
804.366214
804.475982
804.475982
804.366214
804.146885
803.818411
803.381425
802.836791
802.185613
801.429245
800.569306
799.607682
799.553357
800.513730
801.372573
802.127998
802.778384
803.322370
803.758848
804.086947
804.306030
804.415675
804.415675
804.306030
804.086947
803.758848
803.322370
802.778384
802.127998
801.372573
800.513730
799.553357
799.499114
800.458239
801.315986
802.070466
802.720057
803.263392
803.699358
804.027081
804.245915
804.355437
804.355437
804.245915
804.027081
803.699358
803.263392
802.720057
802.070466
801.315986
800.458239
799.499114
799.444953
800.402831
801.259481
802.013016
802.661809
803.204491
803.639943
803.967286
804.185870
804.295268
804.295268
804.185870
803.967286
803.639943
803.204491
802.661809
802.013016
801.259481
800.402831
799.444953
799.390873
800.347505
801.203059
801.955647
802.603641
803.145667
803.580603
803.907563
804.125895
804.235168
804.235168
804.125895
803.907563
803.580603
803.145667
802.603641
801.955647
801.203059
800.347505
799.390873
799.336873
800.292261
801.146719
801.898359
802.545552
803.086920
803.521337
803.847913
804.065991
804.175138
804.175138
804.065991
803.847913
803.521337
803.086920
802.545552
801.898359
801.146719
800.292261
799.336873
799.282953
800.237097
801.090460
801.841152
802.487542
803.028250
803.462146
803.788335
804.006158
804.115178
804.115178
804.006158
803.788335
803.462146
803.028250
802.487542
801.841152
801.090460
800.237097
799.282953
799.229111
800.182015
801.034282
801.784025
802.429610
802.969657
803.403029
803.728831
803.946397
804.055289
804.055289
803.946397
803.728831
803.403029
802.969657
802.429610
801.784025
801.034282
800.182015
799.229111
799.175348
800.127012
800.978184
801.726977
802.371757
802.911140
803.343987
803.669399
803.886707
803.995471
803.995471
803.886707
803.669399
803.343987
802.911140
802.371757
801.726977
800.978184
800.127012
799.175348
799.121663
800.072088
800.922165
801.670008
802.313982
802.852700
803.285020
803.610040
803.827090
803.935725
803.935725
803.827090
803.610040
803.285020
802.852700
802.313982
801.670008
800.922165
800.072088
799.121663
799.068055
800.017243
800.866226
801.613119
802.256285
802.794336
803.226128
803.550755
803.767544
803.876050
803.876050
803.767544
803.550755
803.226128
802.794336
802.256285
801.613119
800.866226
800.017243
799.068055
799.014523
799.962476
800.810366
801.556308
802.198665
802.736049
803.167311
803.491544
803.708072
803.816447
803.816447
803.708072
803.491544
803.167311
802.736049
802.198665
801.556308
800.810366
799.962476
799.014523
798.961068
799.907786
800.754583
801.499575
802.141123
802.677838
803.108569
803.432407
803.648672
803.756917
803.756917
803.648672
803.432407
803.108569
802.677838
802.141123
801.499575
800.754583
799.907786
798.961068
798.907688
799.853174
800.698879
801.442920
802.083659
802.619703
803.049902
803.373343
803.589346
803.697459
803.697459
803.589346
803.373343
803.049902
802.619703
802.083659
801.442920
800.698879
799.853174
798.907688
798.854384
799.798639
800.643253
801.386342
802.026271
802.561645
802.991311
803.314354
803.530093
803.638075
803.638075
803.530093
803.314354
802.991311
802.561645
802.026271
801.386342
800.643253
799.798639
798.854384
798.801155
799.744180
800.587703
801.329842
801.968960
802.503662
802.932794
803.255439
803.470913
803.578763
803.578763
803.470913
803.255439
802.932794
802.503662
801.968960
801.329842
800.587703
799.744180
798.801155
798.748000
799.689797
800.532230
801.273419
801.911726
802.445756
802.874352
803.196598
803.411807
803.519525
803.519525
803.411807
803.196598
802.874352
802.445756
801.911726
801.273419
800.532230
799.689797
798.748000
798.694919
799.635490
800.476834
801.217073
801.854568
802.387925
802.815986
803.137831
803.352775
803.460360
803.460360
803.352775
803.137831
802.815986
802.387925
801.854568
801.217073
800.476834
799.635490
798.694919
798.641911
799.581258
800.421514
801.160802
801.797487
802.330170
802.757695
803.079139
803.293816
803.401269
803.401269
803.293816
803.079139
802.757695
802.330170
801.797487
801.160802
800.421514
799.581258
798.641911
798.588977
799.527100
800.366269
801.104609
801.740481
802.272491
802.699478
803.020522
803.234932
803.342251
803.342251
803.234932
803.020522
802.699478
802.272491
801.740481
801.104609
800.366269
799.527100
798.588977
798.536116
799.473018
800.311101
801.048491
801.683552
802.214887
802.641337
802.961979
803.176122
803.283308
803.283308
803.176122
802.961979
802.641337
802.214887
801.683552
801.048491
800.311101
799.473018
798.536116
798.483328
799.419009
800.256007
800.992448
801.626698
802.157359
802.583271
802.903511
803.117386
803.224438
803.224438
803.117386
802.903511
802.583271
802.157359
801.626698
800.992448
800.256007
799.419009
798.483328
798.430612
799.365074
800.200988
800.936481
801.569920
802.099906
802.525280
802.845117
803.058724
803.165643
803.165643
803.058724
802.845117
802.525280
802.099906
801.569920
800.936481
800.200988
799.365074
798.430612
798.377968
799.311213
800.146044
800.880590
801.513217
802.042529
802.467364
802.786798
803.000137
803.106922
803.106922
803.000137
802.786798
802.467364
802.042529
801.513217
800.880590
800.146044
799.311213
798.377968
798.325396
799.257426
800.091174
800.824773
801.456590
801.985227
802.409523
802.728554
802.941625
803.048275
803.048275
802.941625
802.728554
802.409523
801.985227
801.456590
800.824773
800.091174
799.257426
798.325396
798.272895
799.203711
800.036379
800.769032
801.400037
801.928000
802.351757
802.670384
802.883186
802.989703
802.989703
802.883186
802.670384
802.351757
801.928000
801.400037
800.769032
800.036379
799.203711
798.272895
798.220465
799.150069
799.981657
800.713364
801.343560
801.870847
802.294066
802.612289
802.824823
802.931205
802.931205
802.824823
802.612289
802.294066
801.870847
801.343560
800.713364
799.981657
799.150069
798.220465
798.168107
799.096500
799.927009
800.657772
801.287157
801.813770
802.236450
802.554269
802.766534
802.872781
802.872781
802.766534
802.554269
802.236450
801.813770
801.287157
800.657772
799.927009
799.096500
798.168107
798.115819
799.043003
799.872435
800.602253
801.230829
801.756768
802.178909
802.496324
802.708319
802.814432
802.814432
802.708319
802.496324
802.178909
801.756768
801.230829
800.602253
799.872435
799.043003
798.115819
798.063601
798.989578
799.817934
800.546809
801.174576
801.699840
802.121442
802.438453
802.650179
802.756158
802.756158
802.650179
802.438453
802.121442
801.699840
801.174576
800.546809
799.817934
798.989578
798.063601
798.011454
798.936225
799.763506
800.491438
801.118397
801.642987
802.064050
802.380657
802.592114
802.697958
802.697958
802.592114
802.380657
802.064050
801.642987
801.118397
800.491438
799.763506
798.936225
798.011454
797.959377
798.882944
799.709150
800.436141
801.062292
801.586209
802.006733
802.322936
802.534124
802.639833
802.639833
802.534124
802.322936
802.006733
801.586209
801.062292
800.436141
799.709150
798.882944
797.959377
797.907370
798.829734
799.654868
800.380918
801.006261
801.529505
801.949490
802.265289
802.476208
802.581783
802.581783
802.476208
802.265289
801.949490
801.529505
801.006261
800.380918
799.654868
798.829734
797.907370
797.855432
798.776595
799.600658
800.325768
800.950304
801.472875
801.892322
802.207717
802.418366
802.523807
802.523807
802.418366
802.207717
801.892322
801.472875
800.950304
800.325768
799.600658
798.776595
797.855432
797.803564
798.723528
799.546520
800.270691
800.894421
801.416319
801.835228
802.150219
802.360599
802.465905
802.465905
802.360599
802.150219
801.835228
801.416319
800.894421
800.270691
799.546520
798.723528
797.803564
797.751765
798.670531
799.492454
800.215687
800.838612
801.359838
801.778208
802.092796
802.302907
802.408078
802.408078
802.302907
802.092796
801.778208
801.359838
800.838612
800.215687
799.492454
798.670531
797.751765
797.700035
798.617605
799.438460
800.160757
800.782876
801.303431
801.721263
802.035448
802.245290
802.350326
802.350326
802.245290
802.035448
801.721263
801.303431
800.782876
800.160757
799.438460
798.617605
797.700035
797.648374
798.564749
799.384538
800.105899
800.727214
801.247097
801.664392
801.978173
802.187746
802.292649
802.292649
802.187746
801.978173
801.664392
801.247097
800.727214
800.105899
799.384538
798.564749
797.648374
797.596782
798.511964
799.330688
800.051113
800.671625
801.190838
801.607596
801.920974
802.130278
802.235045
802.235045
802.130278
801.920974
801.607596
801.190838
800.671625
800.051113
799.330688
798.511964
797.596782
797.545258
798.459248
799.276909
799.996400
800.616109
801.134652
801.550873
801.863848
802.072883
802.177517
802.177517
802.072883
801.863848
801.550873
801.134652
800.616109
799.996400
799.276909
798.459248
797.545258
797.493803
798.406603
799.223201
799.941759
800.560667
801.078540
801.494224
801.806797
802.015564
802.120063
802.120063
802.015564
801.806797
801.494224
801.078540
800.560667
799.941759
799.223201
798.406603
797.493803
797.442416
798.354028
799.169564
799.887191
800.505297
801.022501
801.437650
801.749820
801.958318
802.062683
802.062683
801.958318
801.749820
801.437650
801.022501
800.505297
799.887191
799.169564
798.354028
797.442416
797.391096
798.301522
799.115999
799.832694
800.450000
800.966536
801.381149
801.692917
801.901147
802.005377
802.005377
801.901147
801.692917
801.381149
800.966536
800.450000
799.832694
799.115999
798.301522
797.391096
797.339845
798.249086
799.062504
799.778269
800.394776
800.910644
801.324722
801.636088
801.844050
801.948146
801.948146
801.844050
801.636088
801.324722
800.910644
800.394776
799.778269
799.062504
798.249086
797.339845
797.288662
798.196719
799.009080
799.723916
800.339624
800.854825
801.268369
801.579333
801.787027
801.890989
801.890989
801.787027
801.579333
801.268369
800.854825
800.339624
799.723916
799.009080
798.196719
797.288662
797.237546
798.144421
798.955726
799.669635
800.284545
800.799080
801.212089
801.522652
801.730078
801.833907
801.833907
801.730078
801.522652
801.212089
800.799080
800.284545
799.669635
798.955726
798.144421
797.237546
797.186498
798.092192
798.902443
799.615425
800.229539
800.743407
801.155883
801.466045
801.673204
801.776898
801.776898
801.673204
801.466045
801.155883
800.743407
800.229539
799.615425
798.902443
798.092192
797.186498
797.135517
798.040033
798.849230
799.561287
800.174604
800.687808
801.099750
801.409512
801.616403
801.719964
801.719964
801.616403
801.409512
801.099750
800.687808
800.174604
799.561287
798.849230
798.040033
797.135517
797.084603
797.987942
798.796087
799.507220
800.119742
800.632281
801.043690
801.353052
801.559677
801.663104
801.663104
801.559677
801.353052
801.043690
800.632281
800.119742
799.507220
798.796087
797.987942
797.084603
797.033756
797.935920
798.743015
799.453224
800.064952
800.576827
800.987704
801.296666
801.503024
801.606318
801.606318
801.503024
801.296666
800.987704
800.576827
800.064952
799.453224
798.743015
797.935920
797.033756
796.982976
797.883966
798.690012
799.399299
800.010234
800.521446
800.931791
801.240354
801.446445
801.549605
801.549605
801.446445
801.240354
800.931791
800.521446
800.010234
799.399299
798.690012
797.883966
796.982976
796.932263
797.832080
798.637079
799.345445
799.955587
800.466137
800.875951
801.184115
801.389940
801.492967
801.492967
801.389940
801.184115
800.875951
800.466137
799.955587
799.345445
798.637079
797.832080
796.932263
796.881617
797.780263
798.584215
799.291662
799.901012
800.410901
800.820185
801.127949
801.333508
801.436402
801.436402
801.333508
801.127949
800.820185
800.410901
799.901012
799.291662
798.584215
797.780263
796.881617
796.831037
797.728515
798.531421
799.237949
799.846509
800.355737
800.764491
801.071857
801.277150
801.379911
801.379911
801.277150
801.071857
800.764491
800.355737
799.846509
799.237949
798.531421
797.728515
796.831037
796.780523
797.676834
798.478697
799.184307
799.792078
800.300645
800.708869
801.015838
801.220865
801.323494
801.323494
801.220865
801.015838
800.708869
800.300645
799.792078
799.184307
798.478697
797.676834
796.780523
796.730076
797.625221
798.426042
799.130735
799.737717
800.245625
800.653321
800.959892
801.164654
801.267150
801.267150
801.164654
800.959892
800.653321
800.245625
799.737717
799.130735
798.426042
797.625221
796.730076
796.679696
797.573676
798.373456
799.077234
799.683428
800.190678
800.597845
800.904020
801.108517
801.210879
801.210879
801.108517
800.904020
800.597845
800.190678
799.683428
799.077234
798.373456
797.573676
796.679696
796.629381
797.522198
798.320939
799.023803
799.629211
800.135802
800.542442
800.848220
801.052452
801.154682
801.154682
801.052452
800.848220
800.542442
800.135802
799.629211
799.023803
798.320939
797.522198
796.629381
796.579132
797.470788
798.268491
798.970442
799.575064
800.080998
800.487111
800.792493
800.996461
801.098559
801.098559
800.996461
800.792493
800.487111
800.080998
799.575064
798.970442
798.268491
797.470788
796.579132
796.528949
797.419446
798.216111
798.917151
799.520988
800.026266
800.431853
800.736839
800.940543
801.042508
801.042508
800.940543
800.736839
800.431853
800.026266
799.520988
798.917151
798.216111
797.419446
796.528949
796.478832
797.368170
798.163801
798.863930
799.466983
799.971606
800.376667
800.681258
800.884697
800.986531
800.986531
800.884697
800.681258
800.376667
799.971606
799.466983
798.863930
798.163801
797.368170
796.478832
796.428781
797.316962
798.111559
798.810779
799.413049
799.917017
800.321553
800.625749
800.828925
800.930627
800.930627
800.828925
800.625749
800.321553
799.917017
799.413049
798.810779
798.111559
797.316962
796.428781
796.378795
797.265822
798.059385
798.757697
799.359185
799.862500
800.266511
800.570313
800.773226
800.874796
800.874796
800.773226
800.570313
800.266511
799.862500
799.359185
798.757697
798.059385
797.265822
796.378795
796.328874
797.214748
798.007280
798.704685
799.305393
799.808054
800.211541
800.514949
800.717599
800.819038
800.819038
800.717599
800.514949
800.211541
799.808054
799.305393
798.704685
798.007280
797.214748
796.328874
796.279019
797.163741
797.955243
798.651742
799.251670
799.753679
800.156643
800.459658
800.662045
800.763352
800.763352
800.662045
800.459658
800.156643
799.753679
799.251670
798.651742
797.955243
797.163741
796.279019
796.229229
797.112801
797.903275
798.598869
799.198018
799.699376
800.101817
800.404439
800.606564
800.707739
800.707739
800.606564
800.404439
800.101817
799.699376
799.198018
798.598869
797.903275
797.112801
796.229229
796.179504
797.061927
797.851374
798.546065
799.144436
799.645143
800.047062
800.349292
800.551155
800.652199
800.652199
800.551155
800.349292
800.047062
799.645143
799.144436
798.546065
797.851374
797.061927
796.179504
796.129844
797.011120
797.799541
798.493330
799.090924
799.590981
799.992379
800.294217
800.495818
800.596732
800.596732
800.495818
800.294217
799.992379
799.590981
799.090924
798.493330
797.799541
797.011120
796.129844
796.080249
796.960380
797.747776
798.440664
799.037482
799.536891
799.937768
800.239214
800.440554
800.541337
800.541337
800.440554
800.239214
799.937768
799.536891
799.037482
798.440664
797.747776
796.960380
796.080249
796.030719
796.909706
797.696079
798.388067
798.984111
799.482871
799.883228
800.184283
800.385362
800.486014
800.486014
800.385362
800.184283
799.883228
799.482871
798.984111
798.388067
797.696079
796.909706
796.030719
795.981253
796.859098
797.644450
798.335539
798.930809
799.428922
799.828759
800.129424
800.330242
800.430764
800.430764
800.330242
800.129424
799.828759
799.428922
798.930809
798.335539
797.644450
796.859098
795.981253
795.931853
796.808556
797.592888
798.283079
798.877576
799.375043
799.774362
800.074637
800.275194
800.375586
800.375586
800.275194
800.074637
799.774362
799.375043
798.877576
798.283079
797.592888
796.808556
795.931853
795.882516
796.758081
797.541394
798.230688
798.824414
799.321235
799.720035
800.019921
800.220219
800.320480
800.320480
800.220219
800.019921
799.720035
799.321235
798.824414
798.230688
797.541394
796.758081
795.882516
795.833244
796.707671
797.489966
798.178366
798.771321
799.267497
799.665780
799.965277
800.165315
800.265446
800.265446
800.165315
799.965277
799.665780
799.267497
798.771321
798.178366
797.489966
796.707671
795.833244
795.784037
796.657328
797.438607
798.126112
798.718297
799.213830
799.611596
799.910704
800.110482
800.210484
800.210484
800.110482
799.910704
799.611596
799.213830
798.718297
798.126112
797.438607
796.657328
795.784037
795.734893
796.607050
797.387314
798.073927
798.665343
799.160232
799.557483
799.856202
800.055722
800.155593
800.155593
800.055722
799.856202
799.557483
799.160232
798.665343
798.073927
797.387314
796.607050
795.734893
795.685814
796.556837
797.336088
798.021810
798.612458
799.106705
799.503440
799.801772
800.001033
800.100775
800.100775
800.001033
799.801772
799.503440
799.106705
798.612458
798.021810
797.336088
796.556837
795.685814
795.636799
796.506691
797.284929
797.969761
798.559642
799.053248
799.449468
799.747413
799.946415
800.046028
800.046028
799.946415
799.747413
799.449468
799.053248
798.559642
797.969761
797.284929
796.506691
795.636799
795.587847
796.456609
797.233837
797.917779
798.506895
798.999860
799.395566
799.693125
799.891869
799.991353
799.991353
799.891869
799.693125
799.395566
798.999860
798.506895
797.917779
797.233837
796.456609
795.587847
795.538960
796.406593
797.182812
797.865866
798.454218
798.946543
799.341735
799.638908
799.837395
799.936749
799.936749
799.837395
799.638908
799.341735
798.946543
798.454218
797.865866
797.182812
796.406593
795.538960
795.490136
796.356643
797.131854
797.814021
798.401609
798.893295
799.287975
799.584762
799.782991
799.882217
799.882217
799.782991
799.584762
799.287975
798.893295
798.401609
797.814021
797.131854
796.356643
795.490136
795.441376
796.306757
797.080962
797.762244
798.349069
798.840117
799.234285
799.530687
799.728659
799.827756
799.827756
799.728659
799.530687
799.234285
798.840117
798.349069
797.762244
797.080962
796.306757
795.441376
795.392680
796.256937
797.030136
797.710534
798.296597
798.787008
799.180664
799.476682
799.674397
799.773366
799.773366
799.674397
799.476682
799.180664
798.787008
798.296597
797.710534
797.030136
796.256937
795.392680
795.344046
796.207182
796.979377
797.658891
798.244194
798.733969
799.127114
799.422748
799.620207
799.719047
799.719047
799.620207
799.422748
799.127114
798.733969
798.244194
797.658891
796.979377
796.207182
795.344046
795.295477
796.157492
796.928684
797.607316
798.191860
798.680999
799.073634
799.368885
799.566087
799.664799
799.664799
799.566087
799.368885
799.073634
798.680999
798.191860
797.607316
796.928684
796.157492
795.295477
795.246970
796.107866
796.878058
797.555809
798.139593
798.628098
799.020224
799.315091
799.512038
799.610622
799.610622
799.512038
799.315091
799.020224
798.628098
798.139593
797.555809
796.878058
796.107866
795.246970
795.198527
796.058305
796.827497
797.504369
798.087396
798.575266
798.966884
799.261369
799.458060
799.556516
799.556516
799.458060
799.261369
798.966884
798.575266
798.087396
797.504369
796.827497
796.058305
795.198527
795.150147
796.008809
796.777002
797.452996
798.035266
798.522504
798.913613
799.207716
799.404152
799.502480
799.502480
799.404152
799.207716
798.913613
798.522504
798.035266
797.452996
796.777002
796.008809
795.150147
795.101830
795.959377
796.726574
797.401690
797.983205
798.469810
798.860412
799.154134
799.350315
799.448515
799.448515
799.350315
799.154134
798.860412
798.469810
797.983205
797.401690
796.726574
795.959377
795.101830
795.053576
795.910010
796.676211
797.350451
797.931211
798.417185
798.807281
799.100621
799.296548
799.394621
799.394621
799.296548
799.100621
798.807281
798.417185
797.931211
797.350451
796.676211
795.910010
795.053576
795.005385
795.860707
796.625914
797.299278
797.879285
798.364629
798.754219
799.047178
799.242851
799.340797
799.340797
799.242851
799.047178
798.754219
798.364629
797.879285
797.299278
796.625914
795.860707
795.005385
794.957256
795.811468
796.575682
797.248173
797.827428
798.312142
798.701226
798.993806
799.189225
799.287044
799.287044
799.189225
798.993806
798.701226
798.312142
797.827428
797.248173
796.575682
795.811468
794.957256
794.909190
795.762294
796.525516
797.197135
797.775637
798.259723
798.648302
798.940503
799.135668
799.233361
799.233361
799.135668
798.940503
798.648302
798.259723
797.775637
797.197135
796.525516
795.762294
794.909190
794.861187
795.713184
796.475415
797.146162
797.723915
798.207372
798.595448
798.887269
799.082182
799.179747
799.179747
799.082182
798.887269
798.595448
798.207372
797.723915
797.146162
796.475415
795.713184
794.861187
794.813246
795.664137
796.425380
797.095257
797.672260
798.155090
798.542663
798.834106
799.028765
799.126204
799.126204
799.028765
798.834106
798.542663
798.155090
797.672260
797.095257
796.425380
795.664137
794.813246
794.765367
795.615155
796.375410
797.044418
797.620672
798.102877
798.489946
798.781011
798.975419
799.072731
799.072731
798.975419
798.781011
798.489946
798.102877
797.620672
797.044418
796.375410
795.615155
794.765367
794.717551
795.566236
796.325505
796.993645
797.569152
798.050731
798.437299
798.727986
798.922141
799.019328
799.019328
798.922141
798.727986
798.437299
798.050731
797.569152
796.993645
796.325505
795.566236
794.717551
794.669797
795.517381
796.275665
796.942939
797.517699
797.998654
798.384720
798.675031
798.868934
798.965995
798.965995
798.868934
798.675031
798.384720
797.998654
797.517699
796.942939
796.275665
795.517381
794.669797
794.622105
795.468590
796.225890
796.892298
797.466314
797.946644
798.332210
798.622144
798.815796
798.912731
798.912731
798.815796
798.622144
798.332210
797.946644
797.466314
796.892298
796.225890
795.468590
794.622105
794.574476
795.419862
796.176180
796.841724
797.414995
797.894702
798.279768
798.569327
798.762728
798.859537
798.859537
798.762728
798.569327
798.279768
797.894702
797.414995
796.841724
796.176180
795.419862
794.574476
794.526908
795.371198
796.126535
796.791216
797.363743
797.842829
798.227395
798.516578
798.709728
798.806412
798.806412
798.709728
798.516578
798.227395
797.842829
797.363743
796.791216
796.126535
795.371198
794.526908
794.479402
795.322597
796.076954
796.740773
797.312558
797.791023
798.175090
798.463899
798.656798
798.753357
798.753357
798.656798
798.463899
798.175090
797.791023
797.312558
796.740773
796.076954
795.322597
794.479402
794.431958
795.274059
796.027438
796.690396
797.261440
797.739284
798.122854
798.411288
798.603938
798.700371
798.700371
798.603938
798.411288
798.122854
797.739284
797.261440
796.690396
796.027438
795.274059
794.431958
794.384575
795.225584
795.977987
796.640085
797.210389
797.687613
798.070686
798.358746
798.551146
798.647454
798.647454
798.551146
798.358746
798.070686
797.687613
797.210389
796.640085
795.977987
795.225584
794.384575
794.337254
795.177173
795.928600
796.589840
797.159404
797.636010
798.018586
798.306272
798.498423
798.594606
798.594606
798.498423
798.306272
798.018586
797.636010
797.159404
796.589840
795.928600
795.177173
794.337254
794.289995
795.128825
795.879277
796.539660
797.108485
797.584474
797.966554
798.253867
798.445769
798.541827
798.541827
798.445769
798.253867
797.966554
797.584474
797.108485
796.539660
795.879277
795.128825
794.289995
794.242797
795.080539
795.830019
796.489545
797.057634
797.533005
797.914590
798.201531
798.393184
798.489118
798.489118
798.393184
798.201531
797.914590
797.533005
797.057634
796.489545
795.830019
795.080539
794.242797
794.195661
795.032317
795.780824
796.439496
797.006848
797.481603
797.862693
798.149263
798.340667
798.436477
798.436477
798.340667
798.149263
797.862693
797.481603
797.006848
796.439496
795.780824
795.032317
794.195661
794.148585
794.984157
795.731694
796.389512
796.956129
797.430268
797.810865
798.097063
798.288219
798.383905
798.383905
798.288219
798.097063
797.810865
797.430268
796.956129
796.389512
795.731694
794.984157
794.148585
794.101571
794.936059
795.682628
796.339593
796.905475
797.379000
797.759104
798.044931
798.235839
798.331401
798.331401
798.235839
798.044931
797.759104
797.379000
796.905475
796.339593
795.682628
794.936059
794.101571
794.054618
794.888025
795.633626
796.289740
796.854888
797.327800
797.707410
797.992867
798.183528
798.278966
798.278966
798.183528
797.992867
797.707410
797.327800
796.854888
796.289740
795.633626
794.888025
794.054618
794.007726
794.840053
795.584687
796.239951
796.804367
797.276666
797.655784
797.940871
798.131285
798.226599
798.226599
798.131285
797.940871
797.655784
797.276666
796.804367
796.239951
795.584687
794.840053
794.007726
793.960895
794.792143
795.535812
796.190227
796.753912
797.225598
797.604226
797.888943
798.079111
798.174301
798.174301
798.079111
797.888943
797.604226
797.225598
796.753912
796.190227
795.535812
794.792143
793.960895
793.914125
794.744295
795.487001
796.140568
796.703522
797.174597
797.552734
797.837083
798.027004
798.122071
798.122071
798.027004
797.837083
797.552734
797.174597
796.703522
796.140568
795.487001
794.744295
793.914125
793.867416
794.696510
795.438254
796.090973
796.653198
797.123663
797.501310
797.785290
797.974965
798.069910
798.069910
797.974965
797.785290
797.501310
797.123663
796.653198
796.090973
795.438254
794.696510
793.867416
793.820767
794.648787
795.389569
796.041443
796.602940
797.072795
797.449953
797.733565
797.922995
798.017816
798.017816
797.922995
797.733565
797.449953
797.072795
796.602940
796.041443
795.389569
794.648787
793.820767
793.774179
794.601126
795.340949
795.991978
796.552747
797.021994
797.398663
797.681908
797.871092
797.965790
797.965790
797.871092
797.681908
797.398663
797.021994
796.552747
795.991978
795.340949
794.601126
793.774179
793.727651
794.553527
795.292391
795.942577
796.502620
796.971259
797.347440
797.630318
797.819257
797.913832
797.913832
797.819257
797.630318
797.347440
796.971259
796.502620
795.942577
795.292391
794.553527
793.727651
793.681184
794.505990
795.243897
795.893240
796.452558
796.920589
797.296283
797.578795
797.767489
797.861942
797.861942
797.767489
797.578795
797.296283
796.920589
796.452558
795.893240
795.243897
794.505990
793.681184
793.634777
794.458515
795.195466
795.843968
796.402561
796.869986
797.245194
797.527339
797.715789
797.810120
797.810120
797.715789
797.527339
797.245194
796.869986
796.402561
795.843968
795.195466
794.458515
793.634777
793.588431
794.411101
795.147097
795.794760
796.352629
796.819449
797.194171
797.475951
797.664157
797.758365
797.758365
797.664157
797.475951
797.194171
796.819449
796.352629
795.794760
795.147097
794.411101
793.588431
793.542144
794.363749
795.098792
795.745616
796.302762
796.768978
797.143214
797.424629
797.612592
797.706678
797.706678
797.612592
797.424629
797.143214
796.768978
796.302762
795.745616
795.098792
794.363749
793.542144
793.495918
794.316459
795.050550
795.696535
796.252961
796.718573
797.092324
797.373375
797.561094
797.655058
797.655058
797.561094
797.373375
797.092324
796.718573
796.252961
795.696535
795.050550
794.316459
793.495918
793.449752
794.269230
795.002370
795.647519
796.203224
796.668233
797.041500
797.322187
797.509663
797.603506
797.603506
797.509663
797.322187
797.041500
796.668233
796.203224
795.647519
795.002370
794.269230
793.449752
793.403645
794.222062
794.954253
795.598567
796.153552
796.617959
796.990743
797.271066
797.458299
797.552021
797.552021
797.458299
797.271066
796.990743
796.617959
796.153552
795.598567
794.954253
794.222062
793.403645
793.357599
794.174956
794.906199
795.549678
796.103944
796.567750
796.940052
797.220012
797.407003
797.500603
797.500603
797.407003
797.220012
796.940052
796.567750
796.103944
795.549678
794.906199
794.174956
793.357599
793.311612
794.127911
794.858207
795.500853
796.054402
796.517607
796.889426
797.169024
797.355773
797.449252
797.449252
797.355773
797.169024
796.889426
796.517607
796.054402
795.500853
794.858207
794.127911
793.311612
793.265685
794.080927
794.810277
795.452091
796.004924
796.467529
796.838867
797.118103
797.304610
797.397968
797.397968
797.304610
797.118103
796.838867
796.467529
796.004924
795.452091
794.810277
794.080927
793.265685
793.219818
794.034004
794.762410
795.403393
795.955510
796.417516
796.788374
797.067248
797.253514
797.346751
797.346751
797.253514
797.067248
796.788374
796.417516
795.955510
795.403393
794.762410
794.034004
793.219818
793.174010
793.987142
794.714605
795.354759
795.906160
796.367569
796.737946
797.016460
797.202484
797.295601
797.295601
797.202484
797.016460
796.737946
796.367569
795.906160
795.354759
794.714605
793.987142
793.174010
793.128261
793.940341
794.666862
795.306187
795.856875
796.317686
796.687584
796.965738
797.151521
797.244517
797.244517
797.151521
796.965738
796.687584
796.317686
795.856875
795.306187
794.666862
793.940341
793.128261
793.082572
793.893601
794.619182
795.257679
795.807654
796.267869
796.637288
796.915081
797.100624
797.193500
797.193500
797.100624
796.915081
796.637288
796.267869
795.807654
795.257679
794.619182
793.893601
793.082572
793.036942
793.846921
794.571563
795.209234
795.758497
796.218116
796.587058
796.864491
797.049794
797.142549
797.142549
797.049794
796.864491
796.587058
796.218116
795.758497
795.209234
794.571563
793.846921
793.036942
792.991372
793.800302
794.524006
795.160852
795.709404
796.168429
796.536892
796.813967
796.999030
797.091665
797.091665
796.999030
796.813967
796.536892
796.168429
795.709404
795.160852
794.524006
793.800302
792.991372
792.945860
793.753744
794.476511
795.112533
795.660375
796.118805
796.486792
796.763508
796.948332
797.040848
797.040848
796.948332
796.763508
796.486792
796.118805
795.660375
795.112533
794.476511
793.753744
792.945860
792.900408
793.707246
794.429078
795.064276
795.611410
796.069247
796.436758
796.713116
796.897700
796.990096
796.990096
796.897700
796.713116
796.436758
796.069247
795.611410
795.064276
794.429078
793.707246
792.900408
792.855014
793.660808
794.381706
795.016083
795.562508
796.019753
796.386788
796.662789
796.847134
796.939411
796.939411
796.847134
796.662789
796.386788
796.019753
795.562508
795.016083
794.381706
793.660808
792.855014
792.809680
793.614431
794.334396
794.967952
795.513670
795.970324
796.336884
796.612527
796.796634
796.888791
796.888791
796.796634
796.612527
796.336884
795.970324
795.513670
794.967952
794.334396
793.614431
792.809680
792.764404
793.568114
794.287147
794.919883
795.464896
795.920958
796.287045
796.562331
796.746200
796.838238
796.838238
796.746200
796.562331
796.287045
795.920958
795.464896
794.919883
794.287147
793.568114
792.764404
792.719187
793.521857
794.239960
794.871878
795.416185
795.871658
796.237270
796.512201
796.695832
796.787750
796.787750
796.695832
796.512201
796.237270
795.871658
795.416185
794.871878
794.239960
793.521857
792.719187
792.674029
793.475660
794.192834
794.823934
795.367538
795.822421
796.187560
796.462136
796.645529
796.737329
796.737329
796.645529
796.462136
796.187560
795.822421
795.367538
794.823934
794.192834
793.475660
792.674029
792.628929
793.429523
794.145770
794.776053
795.318953
795.773248
796.137916
796.412135
796.595292
796.686973
796.686973
796.595292
796.412135
796.137916
795.773248
795.318953
794.776053
794.145770
793.429523
792.628929
792.583887
793.383446
794.098766
794.728234
795.270432
795.724140
796.088335
796.362200
796.545120
796.636682
796.636682
796.545120
796.362200
796.088335
795.724140
795.270432
794.728234
794.098766
793.383446
792.583887
792.538904
793.337429
794.051824
794.680478
795.221975
795.675095
796.038820
796.312331
796.495013
796.586457
796.586457
796.495013
796.312331
796.038820
795.675095
795.221975
794.680478
794.051824
793.337429
792.538904
792.493980
793.291471
794.004942
794.632783
795.173580
795.626114
795.989368
796.262526
796.444972
796.536298
796.536298
796.444972
796.262526
795.989368
795.626114
795.173580
794.632783
794.004942
793.291471
792.493980
792.449113
793.245573
793.958122
794.585151
795.125248
795.577197
795.939981
796.212785
796.394996
796.486204
796.486204
796.394996
796.212785
795.939981
795.577197
795.125248
794.585151
793.958122
793.245573
792.449113
792.404305
793.199735
793.911362
794.537580
795.076979
795.528343
795.890659
796.163110
796.345085
796.436175
796.436175
796.345085
796.163110
795.890659
795.528343
795.076979
794.537580
793.911362
793.199735
792.404305
792.359555
793.153956
793.864663
794.490071
795.028772
795.479554
795.841400
796.113499
796.295239
796.386211
796.386211
796.295239
796.113499
795.841400
795.479554
795.028772
794.490071
793.864663
793.153956
792.359555
792.314862
793.108237
793.818024
794.442624
794.980629
795.430827
795.792206
796.063953
796.245458
796.336312
796.336312
796.245458
796.063953
795.792206
795.430827
794.980629
794.442624
793.818024
793.108237
792.314862
792.270228
793.062577
793.771447
794.395239
794.932548
795.382164
795.743076
796.014472
796.195742
796.286479
796.286479
796.195742
796.014472
795.743076
795.382164
794.932548
794.395239
793.771447
793.062577
792.270228
792.225652
793.016976
793.724929
794.347915
794.884529
795.333564
795.694009
795.965054
796.146090
796.236710
796.236710
796.146090
795.965054
795.694009
795.333564
794.884529
794.347915
793.724929
793.016976
792.225652
792.181133
792.971434
793.678472
794.300653
794.836573
795.285028
795.645007
795.915702
796.096503
796.187006
796.187006
796.096503
795.915702
795.645007
795.285028
794.836573
794.300653
793.678472
792.971434
792.181133
792.136672
792.925951
793.632076
794.253452
794.788679
795.236554
795.596068
795.866413
796.046981
796.137366
796.137366
796.046981
795.866413
795.596068
795.236554
794.788679
794.253452
793.632076
792.925951
792.136672
792.092269
792.880528
793.585739
794.206312
794.740848
795.188144
795.547193
795.817188
795.997523
796.087792
796.087792
795.997523
795.817188
795.547193
795.188144
794.740848
794.206312
793.585739
792.880528
792.092269
792.047923
792.835163
793.539463
794.159234
794.693079
795.139796
795.498382
795.768028
795.948130
796.038282
796.038282
795.948130
795.768028
795.498382
795.139796
794.693079
794.159234
793.539463
792.835163
792.047923
792.003634
792.789857
793.493247
794.112216
794.645371
795.091512
795.449634
795.718932
795.898800
795.988836
795.988836
795.898800
795.718932
795.449634
795.091512
794.645371
794.112216
793.493247
792.789857
792.003634
791.959403
792.744610
793.447090
794.065260
794.597726
795.043290
795.400949
795.669899
795.849535
795.939454
795.939454
795.849535
795.669899
795.400949
795.043290
794.597726
794.065260
793.447090
792.744610
791.959403
791.915230
792.699421
793.400994
794.018365
794.550143
794.995131
795.352328
795.620930
795.800334
795.890137
795.890137
795.800334
795.620930
795.352328
794.995131
794.550143
794.018365
793.400994
792.699421
791.915230
791.871113
792.654292
793.354957
793.971531
794.502621
794.947035
795.303770
795.572025
795.751197
795.840884
795.840884
795.751197
795.572025
795.303770
794.947035
794.502621
793.971531
793.354957
792.654292
791.871113
791.827054
792.609220
793.308981
793.924757
794.455162
794.899001
795.255275
795.523184
795.702124
795.791696
795.791696
795.702124
795.523184
795.255275
794.899001
794.455162
793.924757
793.308981
792.609220
791.827054
791.783051
792.564207
793.263064
793.878044
794.407764
794.851029
795.206843
795.474406
795.653115
795.742571
795.742571
795.653115
795.474406
795.206843
794.851029
794.407764
793.878044
793.263064
792.564207
791.783051
791.739106
792.519253
793.217206
793.831392
794.360427
794.803120
795.158474
795.425691
795.604170
795.693510
795.693510
795.604170
795.425691
795.158474
794.803120
794.360427
793.831392
793.217206
792.519253
791.739106
791.695218
792.474356
793.171408
793.784801
794.313152
794.755273
795.110168
795.377040
795.555288
795.644513
795.644513
795.555288
795.377040
795.110168
794.755273
794.313152
793.784801
793.171408
792.474356
791.695218
791.651386
792.429518
793.125669
793.738270
794.265939
794.707488
795.061925
795.328452
795.506470
795.595579
795.595579
795.506470
795.328452
795.061925
794.707488
794.265939
793.738270
793.125669
792.429518
791.651386
791.607611
792.384738
793.079990
793.691799
794.218786
794.659766
795.013745
795.279927
795.457716
795.546710
795.546710
795.457716
795.279927
795.013745
794.659766
794.218786
793.691799
793.079990
792.384738
791.607611
791.563893
792.340016
793.034370
793.645389
794.171695
794.612105
794.965627
795.231466
795.409024
795.497903
795.497903
795.409024
795.231466
794.965627
794.612105
794.171695
793.645389
793.034370
792.340016
791.563893
791.520231
792.295352
792.988809
793.599039
794.124666
794.564506
794.917572
795.183067
795.360396
795.449161
795.449161
795.360396
795.183067
794.917572
794.564506
794.124666
793.599039
792.988809
792.295352
791.520231
791.476626
792.250746
792.943307
793.552749
794.077697
794.516970
794.869579
795.134732
795.311832
795.400481
795.400481
795.311832
795.134732
794.869579
794.516970
794.077697
793.552749
792.943307
792.250746
791.476626
791.433078
792.206197
792.897864
793.506519
794.030789
794.469495
794.821648
795.086459
795.263330
795.351865
795.351865
795.263330
795.086459
794.821648
794.469495
794.030789
793.506519
792.897864
792.206197
791.433078
791.389586
792.161707
792.852481
793.460349
793.983942
794.422081
794.773780
795.038249
795.214892
795.303313
795.303313
795.214892
795.038249
794.773780
794.422081
793.983942
793.460349
792.852481
792.161707
791.389586
791.346150
792.117274
792.807156
793.414239
793.937156
794.374729
794.725974
794.990101
795.166516
795.254823
795.254823
795.166516
794.990101
794.725974
794.374729
793.937156
793.414239
792.807156
792.117274
791.346150
791.302770
792.072898
792.761889
793.368189
793.890431
794.327439
794.678231
794.942017
795.118204
795.206396
795.206396
795.118204
794.942017
794.678231
794.327439
793.890431
793.368189
792.761889
792.072898
791.302770
791.259446
792.028580
792.716682
793.322198
793.843766
794.280210
794.630549
794.893994
795.069954
795.158033
795.158033
795.069954
794.893994
794.630549
794.280210
793.843766
793.322198
792.716682
792.028580
791.259446
791.216179
791.984320
792.671533
793.276268
793.797162
794.233043
794.582929
794.846034
795.021767
795.109732
795.109732
795.021767
794.846034
794.582929
794.233043
793.797162
793.276268
792.671533
791.984320
791.216179
791.172967
791.940117
792.626442
793.230397
793.750618
794.185936
794.535371
794.798137
794.973643
795.061494
795.061494
794.973643
794.798137
794.535371
794.185936
793.750618
793.230397
792.626442
791.940117
791.172967
791.129812
791.895971
792.581410
793.184585
793.704135
794.138891
794.487875
794.750301
794.925581
795.013319
795.013319
794.925581
794.750301
794.487875
794.138891
793.704135
793.184585
792.581410
791.895971
791.129812
791.086712
791.851882
792.536437
793.138833
793.657712
794.091907
794.440441
794.702528
794.877581
794.965206
794.965206
794.877581
794.702528
794.440441
794.091907
793.657712
793.138833
792.536437
791.851882
791.086712
791.043668
791.807850
792.491521
793.093140
793.611350
794.044984
794.393068
794.654817
794.829644
794.917156
794.917156
794.829644
794.654817
794.393068
794.044984
793.611350
793.093140
792.491521
791.807850
791.043668
791.000679
791.763875
792.446664
793.047506
793.565047
793.998122
794.345756
794.607168
794.781769
794.869168
794.869168
794.781769
794.607168
794.345756
793.998122
793.565047
793.047506
792.446664
791.763875
791.000679
790.957747
791.719958
792.401865
793.001932
793.518805
793.951321
794.298507
794.559581
794.733957
794.821243
794.821243
794.733957
794.559581
794.298507
793.951321
793.518805
793.001932
792.401865
791.719958
790.957747
790.914870
791.676097
792.357124
792.956417
793.472623
793.904581
794.251318
794.512055
794.686206
794.773380
794.773380
794.686206
794.512055
794.251318
793.904581
793.472623
792.956417
792.357124
791.676097
790.914870
790.872048
791.632293
792.312441
792.910960
793.426500
793.857901
794.204191
794.464592
794.638518
794.725579
794.725579
794.638518
794.464592
794.204191
793.857901
793.426500
792.910960
792.312441
791.632293
790.872048
790.829281
791.588545
792.267816
792.865563
793.380438
793.811282
794.157125
794.417190
794.590892
794.677840
794.677840
794.590892
794.417190
794.157125
793.811282
793.380438
792.865563
792.267816
791.588545
790.829281
790.786570
791.544854
792.223249
792.820224
793.334435
793.764723
794.110120
794.369849
794.543327
794.630164
794.630164
794.543327
794.369849
794.110120
793.764723
793.334435
792.820224
792.223249
791.544854
790.786570
790.743915
791.501220
792.178740
792.774945
793.288492
793.718225
794.063176
794.322570
794.495824
794.582549
794.582549
794.495824
794.322570
794.063176
793.718225
793.288492
792.774945
792.178740
791.501220
790.743915
790.701314
791.457643
792.134288
792.729724
793.242608
793.671787
794.016293
794.275353
794.448383
794.534996
794.534996
794.448383
794.275353
794.016293
793.671787
793.242608
792.729724
792.134288
791.457643
790.701314
790.658768
791.414121
792.089894
792.684561
793.196784
793.625409
793.969471
794.228196
794.401004
794.487505
794.487505
794.401004
794.228196
793.969471
793.625409
793.196784
792.684561
792.089894
791.414121
790.658768
790.616278
791.370656
792.045557
792.639457
793.151020
793.579091
793.922710
794.181101
794.353686
794.440075
794.440075
794.353686
794.181101
793.922710
793.579091
793.151020
792.639457
792.045557
791.370656
790.616278
790.573842
791.327247
792.001278
792.594412
793.105314
793.532834
793.876009
794.134067
794.306429
794.392707
794.392707
794.306429
794.134067
793.876009
793.532834
793.105314
792.594412
792.001278
791.327247
790.573842
790.531461
791.283895
791.957056
792.549425
793.059668
793.486637
793.829369
794.087095
794.259234
794.345401
794.345401
794.259234
794.087095
793.829369
793.486637
793.059668
792.549425
791.957056
791.283895
790.531461
790.489135
791.240598
791.912891
792.504496
793.014082
793.440499
793.782789
794.040183
794.212100
794.298156
794.298156
794.212100
794.040183
793.782789
793.440499
793.014082
792.504496
791.912891
791.240598
790.489135
790.446864
791.197358
791.868783
792.459626
792.968554
793.394421
793.736270
793.993332
794.165028
794.250972
794.250972
794.165028
793.993332
793.736270
793.394421
792.968554
792.459626
791.868783
791.197358
790.446864
790.404647
791.154173
791.824733
792.414813
792.923085
793.348404
793.689812
793.946542
794.118016
794.203850
794.203850
794.118016
793.946542
793.689812
793.348404
792.923085
792.414813
791.824733
791.154173
790.404647
790.362485
791.111045
791.780739
792.370059
792.877675
793.302445
793.643413
793.899812
794.071065
794.156788
794.156788
794.071065
793.899812
793.643413
793.302445
792.877675
792.370059
791.780739
791.111045
790.362485
790.320378
791.067972
791.736803
792.325363
792.832325
793.256547
793.597075
793.853143
794.024176
794.109788
794.109788
794.024176
793.853143
793.597075
793.256547
792.832325
792.325363
791.736803
791.067972
790.320378
790.278325
791.024955
791.692924
792.280724
792.787032
793.210708
793.550797
793.806535
793.977347
794.062849
794.062849
793.977347
793.806535
793.550797
793.210708
792.787032
792.280724
791.692924
791.024955
790.278325
790.236326
790.981993
791.649101
792.236144
792.741799
793.164928
793.504579
793.759987
793.930579
794.015971
794.015971
793.930579
793.759987
793.504579
793.164928
792.741799
792.236144
791.649101
790.981993
790.236326
790.194381
790.939087
791.605335
792.191621
792.696624
793.119208
793.458421
793.713500
793.883872
793.969154
793.969154
793.883872
793.713500
793.458421
793.119208
792.696624
792.191621
791.605335
790.939087
790.194381
790.152491
790.896237
791.561625
792.147156
792.651508
793.073547
793.412323
793.667073
793.837225
793.922397
793.922397
793.837225
793.667073
793.412323
793.073547
792.651508
792.147156
791.561625
790.896237
790.152491
790.110655
790.853442
791.517973
792.102748
792.606450
793.027945
793.366284
793.620706
793.790639
793.875701
793.875701
793.790639
793.620706
793.366284
793.027945
792.606450
792.102748
791.517973
790.853442
790.110655
790.068872
790.810702
791.474376
792.058398
792.561451
792.982403
793.320306
793.574400
793.744113
793.829066
793.829066
793.744113
793.574400
793.320306
792.982403
792.561451
792.058398
791.474376
790.810702
790.068872
790.027144
790.768018
791.430836
792.014105
792.516510
792.936919
793.274386
793.528153
793.697648
793.782491
793.782491
793.697648
793.528153
793.274386
792.936919
792.516510
792.014105
791.430836
790.768018
790.027144
789.985470
790.725388
791.387353
791.969870
792.471627
792.891495
793.228527
793.481966
793.651243
793.735977
793.735977
793.651243
793.481966
793.228527
792.891495
792.471627
791.969870
791.387353
790.725388
789.985470
789.943849
790.682814
791.343926
791.925692
792.426803
792.846129
793.182727
793.435840
793.604898
793.689523
793.689523
793.604898
793.435840
793.182727
792.846129
792.426803
791.925692
791.343926
790.682814
789.943849
789.902283
790.640295
791.300555
791.881571
792.382036
792.800822
793.136986
793.389773
793.558614
793.643129
793.643129
793.558614
793.389773
793.136986
792.800822
792.382036
791.881571
791.300555
790.640295
789.902283
789.860770
790.597831
791.257240
791.837508
792.337327
792.755574
793.091305
793.343766
793.512389
793.596795
793.596795
793.512389
793.343766
793.091305
792.755574
792.337327
791.837508
791.257240
790.597831
789.860770
789.819310
790.555422
791.213981
791.793501
792.292677
792.710384
793.045683
793.297818
793.466224
793.550522
793.550522
793.466224
793.297818
793.045683
792.710384
792.292677
791.793501
791.213981
790.555422
789.819310
789.777904
790.513067
791.170778
791.749551
792.248084
792.665253
793.000120
793.251930
793.420119
793.504308
793.504308
793.420119
793.251930
793.000120
792.665253
792.248084
791.749551
791.170778
790.513067
789.777904
789.736552
790.470768
791.127631
791.705659
792.203549
792.620180
792.954616
793.206102
793.374074
793.458155
793.458155
793.374074
793.206102
792.954616
792.620180
792.203549
791.705659
791.127631
790.470768
789.736552
789.695253
790.428523
791.084539
791.661823
792.159072
792.575166
792.909171
793.160333
793.328089
793.412061
793.412061
793.328089
793.160333
792.909171
792.575166
792.159072
791.661823
791.084539
790.428523
789.695253
789.654007
790.386332
791.041504
791.618043
792.114652
792.530210
792.863784
793.114623
793.282163
793.366027
793.366027
793.282163
793.114623
792.863784
792.530210
792.114652
791.618043
791.041504
790.386332
789.654007
789.612815
790.344197
790.998524
791.574321
792.070289
792.485313
792.818457
793.068973
793.236297
793.320053
793.320053
793.236297
793.068973
792.818457
792.485313
792.070289
791.574321
790.998524
790.344197
789.612815
789.571675
790.302115
790.955600
791.530655
792.025985
792.440473
792.773189
793.023382
793.190490
793.274138
793.274138
793.190490
793.023382
792.773189
792.440473
792.025985
791.530655
790.955600
790.302115
789.571675
789.530589
790.260088
790.912731
791.487045
791.981737
792.395692
792.727979
792.977850
793.144743
793.228283
793.228283
793.144743
792.977850
792.727979
792.395692
791.981737
791.487045
790.912731
790.260088
789.530589
789.489556
790.218115
790.869918
791.443492
791.937547
792.350969
792.682828
792.932377
793.099055
793.182488
793.182488
793.099055
792.932377
792.682828
792.350969
791.937547
791.443492
790.869918
790.218115
789.489556
789.448576
790.176197
790.827160
791.399996
791.893414
792.306303
792.637735
792.886962
793.053426
793.136752
793.136752
793.053426
792.886962
792.637735
792.306303
791.893414
791.399996
790.827160
790.176197
789.448576
789.407649
790.134332
790.784457
791.356555
791.849338
792.261696
792.592700
792.841607
793.007856
793.091075
793.091075
793.007856
792.841607
792.592700
792.261696
791.849338
791.356555
790.784457
790.134332
789.407649
789.366774
790.092522
790.741809
791.313171
791.805319
792.217146
792.547724
792.796311
792.962346
793.045457
793.045457
792.962346
792.796311
792.547724
792.217146
791.805319
791.313171
790.741809
790.092522
789.366774
789.325952
790.050766
790.699217
791.269843
791.761357
792.172654
792.502807
792.751073
792.916894
792.999898
792.999898
792.916894
792.751073
792.502807
792.172654
791.761357
791.269843
790.699217
790.050766
789.325952
789.285183
790.009064
790.656680
791.226571
791.717453
792.128219
792.457947
792.705894
792.871502
792.954399
792.954399
792.871502
792.705894
792.457947
792.128219
791.717453
791.226571
790.656680
790.009064
789.285183
789.244467
789.967415
790.614197
791.183355
791.673604
792.083843
792.413146
792.660773
792.826168
792.908958
792.908958
792.826168
792.660773
792.413146
792.083843
791.673604
791.183355
790.614197
789.967415
789.244467
789.203803
789.925820
790.571770
791.140195
791.629813
792.039523
792.368402
792.615711
792.780892
792.863576
792.863576
792.780892
792.615711
792.368402
792.039523
791.629813
791.140195
790.571770
789.925820
789.203803
789.163192
789.884279
790.529397
791.097090
791.586078
791.995261
792.323717
792.570707
792.735676
792.818253
792.818253
792.735676
792.570707
792.323717
791.995261
791.586078
791.097090
790.529397
789.884279
789.163192
789.122633
789.842792
790.487080
791.054042
791.542400
791.951056
792.279089
792.525761
792.690518
792.772989
792.772989
792.690518
792.525761
792.279089
791.951056
791.542400
791.054042
790.487080
789.842792
789.122633
789.082126
789.801358
790.444816
791.011049
791.498779
791.906909
792.234519
792.480874
792.645419
792.727784
792.727784
792.645419
792.480874
792.234519
791.906909
791.498779
791.011049
790.444816
789.801358
789.082126
789.041671
789.759978
790.402608
790.968111
791.455214
791.862818
792.190007
792.436045
792.600378
792.682637
792.682637
792.600378
792.436045
792.190007
791.862818
791.455214
790.968111
790.402608
789.759978
789.041671
789.001269
789.718651
790.360454
790.925229
791.411705
791.818785
792.145553
792.391274
792.555395
792.637548
792.637548
792.555395
792.391274
792.145553
791.818785
791.411705
790.925229
790.360454
789.718651
789.001269
788.960919
789.677378
790.318354
790.882403
791.368252
791.774808
792.101156
792.346560
792.510471
792.592518
792.592518
792.510471
792.346560
792.101156
791.774808
791.368252
790.882403
790.318354
789.677378
788.960919
788.920621
789.636158
790.276309
790.839632
791.324856
791.730889
792.056816
792.301905
792.465604
792.547546
792.547546
792.465604
792.301905
792.056816
791.730889
791.324856
790.839632
790.276309
789.636158
788.920621
788.880375
789.594991
790.234318
790.796916
791.281516
791.687026
792.012534
792.257308
792.420796
792.502633
792.502633
792.420796
792.257308
792.012534
791.687026
791.281516
790.796916
790.234318
789.594991
788.880375
788.840181
789.553877
790.192382
790.754256
791.238232
791.643220
791.968309
792.212768
792.376046
792.457777
792.457777
792.376046
792.212768
791.968309
791.643220
791.238232
790.754256
790.192382
789.553877
788.840181
788.800038
789.512816
790.150500
790.711650
791.195004
791.599471
791.924142
792.168286
792.331354
792.412980
792.412980
792.331354
792.168286
791.924142
791.599471
791.195004
790.711650
790.150500
789.512816
788.800038
788.759948
789.471808
790.108671
790.669100
791.151832
791.555778
791.880032
792.123862
792.286720
792.368241
792.368241
792.286720
792.123862
791.880032
791.555778
791.151832
790.669100
790.108671
789.471808
788.759948
788.719909
789.430853
790.066897
790.626605
791.108715
791.512142
791.835978
792.079495
792.242144
792.323560
792.323560
792.242144
792.079495
791.835978
791.512142
791.108715
790.626605
790.066897
789.430853
788.719909
788.679921
789.389951
790.025177
790.584164
791.065655
791.468563
791.791982
792.035185
792.197625
792.278936
792.278936
792.197625
792.035185
791.791982
791.468563
791.065655
790.584164
790.025177
789.389951
788.679921
788.639986
789.349102
789.983510
790.541779
791.022650
791.425039
791.748043
791.990933
792.153164
792.234370
792.234370
792.153164
791.990933
791.748043
791.425039
791.022650
790.541779
789.983510
789.349102
788.639986
788.600101
789.308306
789.941898
790.499448
790.979700
791.381573
791.704160
791.946738
792.108760
792.189862
792.189862
792.108760
791.946738
791.704160
791.381573
790.979700
790.499448
789.941898
789.308306
788.600101
788.560268
789.267562
789.900339
790.457172
790.936806
791.338162
791.660335
791.902600
792.064414
792.145412
792.145412
792.064414
791.902600
791.660335
791.338162
790.936806
790.457172
789.900339
789.267562
788.560268
788.520487
789.226870
789.858833
790.414951
790.893968
791.294807
791.616566
791.858520
792.020125
792.101019
792.101019
792.020125
791.858520
791.616566
791.294807
790.893968
790.414951
789.858833
789.226870
788.520487
788.480757
789.186232
789.817382
790.372784
790.851185
791.251509
791.572853
791.814496
791.975894
792.056684
792.056684
791.975894
791.814496
791.572853
791.251509
790.851185
790.372784
789.817382
789.186232
788.480757
788.441078
789.145645
789.775984
790.330671
790.808457
791.208266
791.529198
791.770530
791.931720
792.012406
792.012406
791.931720
791.770530
791.529198
791.208266
790.808457
790.330671
789.775984
789.145645
788.441078
788.401450
789.105111
789.734639
790.288613
790.765785
791.165080
791.485598
791.726620
791.887603
791.968185
791.968185
791.887603
791.726620
791.485598
791.165080
790.765785
790.288613
789.734639
789.105111
788.401450
788.361873
789.064629
789.693348
790.246609
790.723168
791.121949
791.442055
791.682767
791.843543
791.924022
791.924022
791.843543
791.682767
791.442055
791.121949
790.723168
790.246609
789.693348
789.064629
788.361873
788.322347
789.024200
789.652110
790.204660
790.680605
791.078874
791.398569
791.638971
791.799540
791.879915
791.879915
791.799540
791.638971
791.398569
791.078874
790.680605
790.204660
789.652110
789.024200
788.322347
788.282872
788.983823
789.610925
790.162765
790.638098
791.035854
791.355138
791.595232
791.755594
791.835866
791.835866
791.755594
791.595232
791.355138
791.035854
790.638098
790.162765
789.610925
788.983823
788.282872
788.243448
788.943497
789.569793
790.120924
790.595646
790.992891
791.311764
791.551549
791.711705
791.791874
791.791874
791.711705
791.551549
791.311764
790.992891
790.595646
790.120924
789.569793
788.943497
788.243448
788.204075
788.903224
789.528715
790.079137
790.553248
790.949983
791.268446
791.507923
791.667873
791.747938
791.747938
791.667873
791.507923
791.268446
790.949983
790.553248
790.079137
789.528715
788.903224
788.204075
788.164752
788.863003
789.487689
790.037403
790.510906
790.907130
791.225184
791.464353
791.624098
791.704060
791.704060
791.624098
791.464353
791.225184
790.907130
790.510906
790.037403
789.487689
788.863003
788.164752
788.125481
788.822833
789.446717
789.995724
790.468618
790.864333
791.181978
791.420839
791.580379
791.660238
791.660238
791.580379
791.420839
791.181978
790.864333
790.468618
789.995724
789.446717
788.822833
788.125481
788.086259
788.782715
789.405797
789.954099
790.426384
790.821591
791.138828
791.377382
791.536716
791.616473
791.616473
791.536716
791.377382
791.138828
790.821591
790.426384
789.954099
789.405797
788.782715
788.086259
788.047089
788.742649
789.364930
789.912527
790.384206
790.778904
791.095733
791.333981
791.493110
791.572765
791.572765
791.493110
791.333981
791.095733
790.778904
790.384206
789.912527
789.364930
788.742649
788.047089
788.007968
788.702635
789.324116
789.871009
790.342081
790.736272
791.052694
791.290636
791.449561
791.529113
791.529113
791.449561
791.290636
791.052694
790.736272
790.342081
789.871009
789.324116
788.702635
788.007968
787.968899
788.662672
789.283354
789.829545
790.300012
790.693696
791.009711
791.247347
791.406068
791.485517
791.485517
791.406068
791.247347
791.009711
790.693696
790.300012
789.829545
789.283354
788.662672
787.968899
787.929879
788.622761
789.242645
789.788134
790.257996
790.651174
790.966784
791.204114
791.362631
791.441978
791.441978
791.362631
791.204114
790.966784
790.651174
790.257996
789.788134
789.242645
788.622761
787.929879
787.890910
788.582901
789.201989
789.746776
790.216035
790.608708
790.923911
791.160937
791.319250
791.398496
791.398496
791.319250
791.160937
790.923911
790.608708
790.216035
789.746776
789.201989
788.582901
787.890910
787.851991
788.543093
789.161385
789.705472
790.174128
790.566296
790.881095
791.117815
791.275925
791.355069
791.355069
791.275925
791.117815
790.881095
790.566296
790.174128
789.705472
789.161385
788.543093
787.851991
787.813122
788.503336
789.120833
789.664221
790.132275
790.523939
790.838333
791.074750
791.232657
791.311699
791.311699
791.232657
791.074750
790.838333
790.523939
790.132275
789.664221
789.120833
788.503336
787.813122
787.774303
788.463630
789.080334
789.623024
790.090476
790.481637
790.795627
791.031740
791.189444
791.268384
791.268384
791.189444
791.031740
790.795627
790.481637
790.090476
789.623024
789.080334
788.463630
787.774303
787.735534
788.423975
789.039887
789.581879
790.048731
790.439390
790.752976
790.988786
791.146287
791.225126
791.225126
791.146287
790.988786
790.752976
790.439390
790.048731
789.581879
789.039887
788.423975
787.735534
787.696815
788.384372
788.999492
789.540788
790.007040
790.397197
790.710381
790.945887
791.103186
791.181924
791.181924
791.103186
790.945887
790.710381
790.397197
790.007040
789.540788
788.999492
788.384372
787.696815
787.658145
788.344819
788.959149
789.499750
789.965403
790.355058
790.667840
790.903044
791.060140
791.138777
791.138777
791.060140
790.903044
790.667840
790.355058
789.965403
789.499750
788.959149
788.344819
787.658145
787.619526
788.305318
788.918859
789.458765
789.923819
790.312974
790.625354
790.860256
791.017151
791.095687
791.095687
791.017151
790.860256
790.625354
790.312974
789.923819
789.458765
788.918859
788.305318
787.619526
787.580956
788.265867
788.878620
789.417832
789.882289
790.270945
790.582923
790.817523
790.974217
791.052652
791.052652
790.974217
790.817523
790.582923
790.270945
789.882289
789.417832
788.878620
788.265867
787.580956
787.542436
788.226467
788.838433
789.376953
789.840813
790.228969
790.540547
790.774846
790.931338
791.009672
791.009672
790.931338
790.774846
790.540547
790.228969
789.840813
789.376953
788.838433
788.226467
787.542436
787.503966
788.187118
788.798298
789.336126
789.799391
790.187048
790.498226
790.732223
790.888515
790.966748
790.966748
790.888515
790.732223
790.498226
790.187048
789.799391
789.336126
788.798298
788.187118
787.503966
787.465545
788.147820
788.758214
789.295352
789.758021
790.145181
790.455959
790.689656
790.845747
790.923880
790.923880
790.845747
790.689656
790.455959
790.145181
789.758021
789.295352
788.758214
788.147820
787.465545
787.427173
788.108572
788.718182
789.254630
789.716706
790.103368
790.413747
790.647144
790.803034
790.881067
790.881067
790.803034
790.647144
790.413747
790.103368
789.716706
789.254630
788.718182
788.108572
787.427173
787.388851
788.069375
788.678202
789.213961
789.675443
790.061609
790.371589
790.604687
790.760376
790.838309
790.838309
790.760376
790.604687
790.371589
790.061609
789.675443
789.213961
788.678202
788.069375
787.388851
787.350578
788.030228
788.638274
789.173344
789.634234
790.019904
790.329486
790.562284
790.717774
790.795607
790.795607
790.717774
790.562284
790.329486
790.019904
789.634234
789.173344
788.638274
788.030228
787.350578
787.312355
787.991131
788.598397
789.132780
789.593078
789.978253
790.287437
790.519936
790.675227
790.752959
790.752959
790.675227
790.519936
790.287437
789.978253
789.593078
789.132780
788.598397
787.991131
787.312355
787.274180
787.952085
788.558571
789.092268
789.551975
789.936655
790.245443
790.477643
790.632734
790.710367
790.710367
790.632734
790.477643
790.245443
789.936655
789.551975
789.092268
788.558571
787.952085
787.274180
787.236055
787.913090
788.518796
789.051809
789.510925
789.895111
790.203503
790.435405
790.590297
790.667830
790.667830
790.590297
790.435405
790.203503
789.895111
789.510925
789.051809
788.518796
787.913090
787.236055
787.197979
787.874144
788.479073
789.011401
789.469928
789.853621
790.161616
790.393221
790.547914
790.625348
790.625348
790.547914
790.393221
790.161616
789.853621
789.469928
789.011401
788.479073
787.874144
787.197979
787.159952
787.835249
788.439401
788.971046
789.428984
789.812184
790.119784
790.351092
790.505586
790.582920
790.582920
790.505586
790.351092
790.119784
789.812184
789.428984
788.971046
788.439401
787.835249
787.159952
787.121973
787.796404
788.399780
788.930742
789.388093
789.770801
790.078006
790.309017
790.463313
790.540548
790.540548
790.463313
790.309017
790.078006
789.770801
789.388093
788.930742
788.399780
787.796404
787.121973
787.084044
787.757608
788.360211
788.890491
789.347254
789.729472
790.036282
790.266996
790.421094
790.498230
790.498230
790.421094
790.266996
790.036282
789.729472
789.347254
788.890491
788.360211
787.757608
787.084044
787.046163
787.718863
788.320692
788.850291
789.306468
789.688195
789.994612
790.225030
790.378930
790.455967
790.455967
790.378930
790.225030
789.994612
789.688195
789.306468
788.850291
788.320692
787.718863
787.046163
787.008331
787.680168
788.281224
788.810144
789.265735
789.646972
789.952996
790.183118
790.336820
790.413758
790.413758
790.336820
790.183118
789.952996
789.646972
789.265735
788.810144
788.281224
787.680168
787.008331
786.970548
787.641522
788.241807
788.770048
789.225055
789.605802
789.911433
790.141260
790.294765
790.371604
790.371604
790.294765
790.141260
789.911433
789.605802
789.225055
788.770048
788.241807
787.641522
786.970548
786.932814
787.602926
788.202440
788.730004
789.184426
789.564685
789.869924
790.099456
790.252764
790.329505
790.329505
790.252764
790.099456
789.869924
789.564685
789.184426
788.730004
788.202440
787.602926
786.932814
786.895127
787.564380
788.163125
788.690011
789.143851
789.523621
789.828468
790.057706
790.210817
790.287459
790.287459
790.210817
790.057706
789.828468
789.523621
789.143851
788.690011
788.163125
787.564380
786.895127
786.857490
787.525884
788.123860
788.650070
789.103327
789.482611
789.787066
790.016009
790.168925
790.245468
790.245468
790.168925
790.016009
789.787066
789.482611
789.103327
788.650070
788.123860
787.525884
786.857490
786.819900
787.487437
788.084646
788.610180
789.062856
789.441653
789.745718
789.974367
790.127086
790.203532
790.203532
790.127086
789.974367
789.745718
789.441653
789.062856
788.610180
788.084646
787.487437
786.819900
786.782359
787.449039
788.045482
788.570342
789.022437
789.400747
789.704422
789.932778
790.085302
790.161649
790.161649
790.085302
789.932778
789.704422
789.400747
789.022437
788.570342
788.045482
787.449039
786.782359
786.744867
787.410691
788.006368
788.530555
788.982070
789.359895
789.663180
789.891243
790.043571
790.119820
790.119820
790.043571
789.891243
789.663180
789.359895
788.982070
788.530555
788.006368
787.410691
786.744867
786.707422
787.372392
787.967305
788.490820
788.941755
789.319095
789.621992
789.849762
790.001894
790.078046
790.078046
790.001894
789.849762
789.621992
789.319095
788.941755
788.490820
787.967305
787.372392
786.707422
786.670026
787.334143
787.928292
788.451135
788.901492
789.278348
789.580856
789.808334
789.960271
790.036325
790.036325
789.960271
789.808334
789.580856
789.278348
788.901492
788.451135
787.928292
787.334143
786.670026
786.632678
787.295942
787.889330
788.411502
788.861281
789.237654
789.539774
789.766960
789.918702
789.994658
789.994658
789.918702
789.766960
789.539774
789.237654
788.861281
788.411502
787.889330
787.295942
786.632678
786.595377
787.257791
787.850418
788.371920
788.821122
789.197012
789.498744
789.725639
789.877186
789.953045
789.953045
789.877186
789.725639
789.498744
789.197012
788.821122
788.371920
787.850418
787.257791
786.595377
786.558125
787.219689
787.811555
788.332388
788.781014
789.156422
789.457767
789.684371
789.835724
789.911486
789.911486
789.835724
789.684371
789.457767
789.156422
788.781014
788.332388
787.811555
787.219689
786.558125
786.520921
787.181636
787.772743
788.292908
788.740958
789.115885
789.416844
789.643157
789.794316
789.869980
789.869980
789.794316
789.643157
789.416844
789.115885
788.740958
788.292908
787.772743
787.181636
786.520921
786.483764
787.143632
787.733981
788.253479
788.700954
789.075400
789.375973
789.601996
789.752960
789.828528
789.828528
789.752960
789.601996
789.375973
789.075400
788.700954
788.253479
787.733981
787.143632
786.483764
786.446655
787.105677
787.695268
788.214100
788.661002
789.034967
789.335154
789.560887
789.711659
789.787129
789.787129
789.711659
789.560887
789.335154
789.034967
788.661002
788.214100
787.695268
787.105677
786.446655
786.409594
787.067770
787.656606
788.174772
788.621101
788.994587
789.294389
789.519832
789.670410
789.745784
789.745784
789.670410
789.519832
789.294389
788.994587
788.621101
788.174772
787.656606
787.067770
786.409594
786.372581
787.029913
787.617993
788.135495
788.581251
788.954258
789.253675
789.478830
789.629215
789.704492
789.704492
789.629215
789.478830
789.253675
788.954258
788.581251
788.135495
787.617993
787.029913
786.372581
786.335615
786.992104
787.579430
788.096268
788.541453
788.913981
789.213015
789.437881
789.588073
789.663253
789.663253
789.588073
789.437881
789.213015
788.913981
788.541453
788.096268
787.579430
786.992104
786.335615
786.298696
786.954343
787.540916
788.057092
788.501706
788.873756
789.172407
789.396984
789.546984
789.622068
789.622068
789.546984
789.396984
789.172407
788.873756
788.501706
788.057092
787.540916
786.954343
786.298696
786.261825
786.916632
787.502452
788.017966
788.462010
788.833584
789.131851
789.356140
789.505948
789.580935
789.580935
789.505948
789.356140
789.131851
788.833584
788.462010
788.017966
787.502452
786.916632
786.261825
786.225001
786.878968
787.464038
787.978891
788.422365
788.793462
789.091347
789.315349
789.464964
789.539856
789.539856
789.464964
789.315349
789.091347
788.793462
788.422365
787.978891
787.464038
786.878968
786.225001
786.188225
786.841354
787.425673
787.939865
788.382771
788.753393
789.050896
789.274611
789.424034
789.498830
789.498830
789.424034
789.274611
789.050896
788.753393
788.382771
787.939865
787.425673
786.841354
786.188225
786.151496
786.803787
787.387357
787.900891
788.343229
788.713375
789.010497
789.233925
789.383157
789.457856
789.457856
789.383157
789.233925
789.010497
788.713375
788.343229
787.900891
787.387357
786.803787
786.151496
786.114814
786.766269
787.349091
787.861966
788.303737
788.673409
788.970150
789.193291
789.342332
789.416936
789.416936
789.342332
789.193291
788.970150
788.673409
788.303737
787.861966
787.349091
786.766269
786.114814
786.078179
786.728799
787.310874
787.823091
788.264296
788.633494
788.929855
789.152710
789.301560
789.376068
789.376068
789.301560
789.152710
788.929855
788.633494
788.264296
787.823091
787.310874
786.728799
786.078179
786.041591
786.691377
787.272706
787.784267
788.224906
788.593631
788.889611
789.112181
789.260840
789.335253
789.335253
789.260840
789.112181
788.889611
788.593631
788.224906
787.784267
787.272706
786.691377
786.041591
786.005051
786.654003
787.234587
787.745492
788.185567
788.553819
788.849420
789.071705
789.220173
789.294490
789.294490
789.220173
789.071705
788.849420
788.553819
788.185567
787.745492
787.234587
786.654003
786.005051
785.968557
786.616678
787.196517
787.706768
788.146278
788.514058
788.809281
789.031280
789.179558
789.253780
789.253780
789.179558
789.031280
788.809281
788.514058
788.146278
787.706768
787.196517
786.616678
785.968557
785.932110
786.579400
787.158497
787.668093
788.107040
788.474349
788.769193
788.990908
789.138996
789.213123
789.213123
789.138996
788.990908
788.769193
788.474349
788.107040
787.668093
787.158497
786.579400
785.932110
785.895710
786.542170
787.120525
787.629468
788.067852
788.434691
788.729157
788.950588
789.098486
789.172518
789.172518
789.098486
788.950588
788.729157
788.434691
788.067852
787.629468
787.120525
786.542170
785.895710
785.859356
786.504989
787.082602
787.590893
788.028715
788.395083
788.689172
788.910319
789.058028
789.131965
789.131965
789.058028
788.910319
788.689172
788.395083
788.028715
787.590893
787.082602
786.504989
785.859356
785.823050
786.467854
787.044727
787.552367
787.989629
788.355527
788.649239
788.870103
789.017622
789.091465
789.091465
789.017622
788.870103
788.649239
788.355527
787.989629
787.552367
787.044727
786.467854
785.823050
785.786790
786.430768
787.006902
787.513891
787.950592
788.316022
788.609357
788.829938
788.977269
789.051017
789.051017
788.977269
788.829938
788.609357
788.316022
787.950592
787.513891
787.006902
786.430768
785.786790
785.750576
786.393729
786.969125
787.475464
787.911606
788.276568
788.569527
788.789826
788.936967
789.010621
789.010621
788.936967
788.789826
788.569527
788.276568
787.911606
787.475464
786.969125
786.393729
785.750576
785.714409
786.356738
786.931396
787.437087
787.872670
788.237164
788.529748
788.749764
788.896717
788.970277
788.970277
788.896717
788.749764
788.529748
788.237164
787.872670
787.437087
786.931396
786.356738
785.714409
785.678288
786.319795
786.893716
787.398759
787.833784
788.197811
788.490021
788.709755
788.856520
788.929984
788.929984
788.856520
788.709755
788.490021
788.197811
787.833784
787.398759
786.893716
786.319795
785.678288
785.642214
786.282898
786.856085
787.360481
787.794948
788.158509
788.450344
788.669797
788.816374
788.889744
788.889744
788.816374
788.669797
788.450344
788.158509
787.794948
787.360481
786.856085
786.282898
785.642214
785.606186
786.246050
786.818502
787.322251
787.756163
788.119258
788.410719
788.629890
788.776279
788.849556
788.849556
788.776279
788.629890
788.410719
788.119258
787.756163
787.322251
786.818502
786.246050
785.606186
785.570204
786.209248
786.780967
787.284071
787.717427
788.080056
788.371144
788.590035
788.736237
788.809420
788.809420
788.736237
788.590035
788.371144
788.080056
787.717427
787.284071
786.780967
786.209248
785.570204
785.534269
786.172494
786.743481
787.245940
787.678741
788.040906
788.331621
788.550232
788.696246
788.769335
788.769335
788.696246
788.550232
788.331621
788.040906
787.678741
787.245940
786.743481
786.172494
785.534269
785.498379
786.135787
786.706042
787.207859
787.640104
788.001806
788.292149
788.510479
788.656306
788.729302
788.729302
788.656306
788.510479
788.292149
788.001806
787.640104
787.207859
786.706042
786.135787
785.498379
785.462536
786.099127
786.668652
787.169826
787.601518
787.962756
788.252727
788.470778
788.616418
788.689320
788.689320
788.616418
788.470778
788.252727
787.962756
787.601518
787.169826
786.668652
786.099127
785.462536
785.426739
786.062515
786.631310
787.131842
787.562981
787.923756
788.213356
788.431128
788.576581
788.649390
788.649390
788.576581
788.431128
788.213356
787.923756
787.562981
787.131842
786.631310
786.062515
785.426739
785.390987
786.025949
786.594016
787.093906
787.524494
787.884807
788.174036
788.391528
788.536796
788.609511
788.609511
788.536796
788.391528
788.174036
787.884807
787.524494
787.093906
786.594016
786.025949
785.390987
785.355282
785.989430
786.556770
787.056020
787.486056
787.845908
788.134766
788.351980
788.497062
788.569684
788.569684
788.497062
788.351980
788.134766
787.845908
787.486056
787.056020
786.556770
785.989430
785.355282
785.319622
785.952958
786.519571
787.018182
787.447667
787.807059
788.095547
788.312483
788.457379
788.529908
788.529908
788.457379
788.312483
788.095547
787.807059
787.447667
787.018182
786.519571
785.952958
785.319622
785.284008
785.916533
786.482421
786.980393
787.409328
787.768259
788.056378
788.273037
788.417747
788.490184
788.490184
788.417747
788.273037
788.056378
787.768259
787.409328
786.980393
786.482421
785.916533
785.284008
785.248440
785.880155
786.445318
786.942653
787.371039
787.729510
788.017260
788.233641
788.378166
788.450510
788.450510
788.378166
788.233641
788.017260
787.729510
787.371039
786.942653
786.445318
785.880155
785.248440
785.212917
785.843824
786.408263
786.904961
787.332798
787.690811
787.978193
788.194296
788.338636
788.410887
788.410887
788.338636
788.194296
787.978193
787.690811
787.332798
786.904961
786.408263
785.843824
785.212917
785.177440
785.807539
786.371255
786.867317
787.294607
787.652161
787.939175
788.155002
788.299157
788.371316
788.371316
788.299157
788.155002
787.939175
787.652161
787.294607
786.867317
786.371255
785.807539
785.177440
785.142009
785.771301
786.334295
786.829722
787.256465
787.613561
787.900208
788.115759
788.259729
788.331795
788.331795
788.259729
788.115759
787.900208
787.613561
787.256465
786.829722
786.334295
785.771301
785.142009
785.106623
785.735109
786.297383
786.792176
787.218372
787.575011
787.861291
788.076566
788.220352
788.292326
788.292326
788.220352
788.076566
787.861291
787.575011
787.218372
786.792176
786.297383
785.735109
785.106623
785.071282
785.698964
786.260518
786.754677
787.180328
787.536511
787.822423
788.037423
788.181025
788.252907
788.252907
788.181025
788.037423
787.822423
787.536511
787.180328
786.754677
786.260518
785.698964
785.071282
785.035987
785.662865
786.223700
786.717227
787.142333
787.498060
787.783606
787.998331
788.141749
788.213539
788.213539
788.141749
787.998331
787.783606
787.498060
787.142333
786.717227
786.223700
785.662865
785.035987
785.000736
785.626812
786.186929
786.679825
787.104386
787.459658
787.744839
787.959289
788.102524
788.174222
788.174222
788.102524
787.959289
787.744839
787.459658
787.104386
786.679825
786.186929
785.626812
785.000736
784.965532
785.590806
786.150206
786.642471
787.066489
787.421306
787.706122
787.920297
788.063349
788.134955
788.134955
788.063349
787.920297
787.706122
787.421306
787.066489
786.642471
786.150206
785.590806
784.965532
784.930372
785.554846
786.113530
786.605164
787.028640
787.383003
787.667455
787.881356
788.024224
788.095739
788.095739
788.024224
787.881356
787.667455
787.383003
787.028640
786.605164
786.113530
785.554846
784.930372
784.895257
785.518932
786.076901
786.567906
786.990840
787.344749
787.628837
787.842464
787.985150
788.056573
788.056573
787.985150
787.842464
787.628837
787.344749
786.990840
786.567906
786.076901
785.518932
784.895257
784.860187
785.483064
786.040319
786.530696
786.953088
787.306545
787.590269
787.803623
787.946126
788.017457
788.017457
787.946126
787.803623
787.590269
787.306545
786.953088
786.530696
786.040319
785.483064
784.860187
784.825163
785.447242
786.003784
786.493533
786.915385
787.268389
787.551751
787.764831
787.907152
787.978392
787.978392
787.907152
787.764831
787.551751
787.268389
786.915385
786.493533
786.003784
785.447242
784.825163
784.790183
785.411466
785.967296
786.456419
786.877731
787.230283
787.513282
787.726090
787.868228
787.939378
787.939378
787.868228
787.726090
787.513282
787.230283
786.877731
786.456419
785.967296
785.411466
784.790183
784.755248
785.375736
785.930855
786.419352
786.840125
787.192226
787.474862
787.687398
787.829355
787.900413
787.900413
787.829355
787.687398
787.474862
787.192226
786.840125
786.419352
785.930855
785.375736
784.755248
784.720358
785.340052
785.894461
786.382332
786.802567
787.154218
787.436493
787.648756
787.790531
787.861499
787.861499
787.790531
787.648756
787.436493
787.154218
786.802567
786.382332
785.894461
785.340052
784.720358
784.685513
785.304414
785.858113
786.345360
786.765057
787.116258
787.398172
787.610164
787.751758
787.822634
787.822634
787.751758
787.610164
787.398172
787.116258
786.765057
786.345360
785.858113
785.304414
784.685513
784.650712
785.268821
785.821812
786.308436
786.727596
787.078347
787.359901
787.571622
787.713034
787.783820
787.783820
787.713034
787.571622
787.359901
787.078347
786.727596
786.308436
785.821812
785.268821
784.650712
784.615956
785.233275
785.785558
786.271559
786.690183
787.040486
787.321679
787.533129
787.674360
787.745056
787.745056
787.674360
787.533129
787.321679
787.040486
786.690183
786.271559
785.785558
785.233275
784.615956
784.581244
785.197773
785.749350
786.234729
786.652818
787.002672
787.283506
787.494685
787.635736
787.706341
787.706341
787.635736
787.494685
787.283506
787.002672
786.652818
786.234729
785.749350
785.197773
784.581244
784.546577
785.162317
785.713188
786.197947
786.615501
786.964908
787.245382
787.456291
787.597162
787.667677
787.667677
787.597162
787.456291
787.245382
786.964908
786.615501
786.197947
785.713188
785.162317
784.546577
784.511954
785.126907
785.677073
786.161212
786.578231
786.927192
787.207307
787.417947
787.558637
787.629062
787.629062
787.558637
787.417947
787.207307
786.927192
786.578231
786.161212
785.677073
785.126907
784.511954
784.477376
785.091542
785.641005
786.124524
786.541010
786.889524
787.169281
787.379651
787.520162
787.590496
787.590496
787.520162
787.379651
787.169281
786.889524
786.541010
786.124524
785.641005
785.091542
784.477376
784.442842
785.056223
785.604983
786.087883
786.503837
786.851905
787.131304
787.341405
787.481736
787.551981
787.551981
787.481736
787.341405
787.131304
786.851905
786.503837
786.087883
785.604983
785.056223
784.442842
784.408352
785.020948
785.569006
786.051290
786.466711
786.814334
787.093376
787.303209
787.443360
787.513514
787.513514
787.443360
787.303209
787.093376
786.814334
786.466711
786.051290
785.569006
785.020948
784.408352
784.373907
784.985719
785.533077
786.014743
786.429633
786.776811
787.055496
787.265061
787.405033
787.475098
787.475098
787.405033
787.265061
787.055496
786.776811
786.429633
786.014743
785.533077
784.985719
784.373907
784.339506
784.950536
785.497193
785.978243
786.392603
786.739337
787.017666
787.226962
787.366755
787.436730
787.436730
787.366755
787.226962
787.017666
786.739337
786.392603
785.978243
785.497193
784.950536
784.339506
784.305148
784.915397
785.461355
785.941790
786.355620
786.701911
786.979884
787.188912
787.328527
787.398412
787.398412
787.328527
787.188912
786.979884
786.701911
786.355620
785.941790
785.461355
784.915397
784.305148
784.270835
784.880303
785.425563
785.905384
786.318684
786.664533
786.942150
787.150912
787.290347
787.360144
787.360144
787.290347
787.150912
786.942150
786.664533
786.318684
785.905384
785.425563
784.880303
784.270835
784.236566
784.845255
785.389817
785.869025
786.281797
786.627203
786.904465
787.112960
787.252217
787.321924
787.321924
787.252217
787.112960
786.904465
786.627203
786.281797
785.869025
785.389817
784.845255
784.236566
784.202340
784.810251
785.354117
785.832712
786.244956
786.589921
786.866828
787.075056
787.214136
787.283754
787.283754
787.214136
787.075056
786.866828
786.589921
786.244956
785.832712
785.354117
784.810251
784.202340
784.168159
784.775292
785.318463
785.796446
786.208163
786.552686
786.829240
787.037202
787.176104
787.245633
787.245633
787.176104
787.037202
786.829240
786.552686
786.208163
785.796446
785.318463
784.775292
784.168159
784.134021
784.740378
785.282855
785.760226
786.171417
786.515500
786.791700
786.999396
787.138120
787.207560
787.207560
787.138120
786.999396
786.791700
786.515500
786.171417
785.760226
785.282855
784.740378
784.134021
784.099927
784.705509
785.247292
785.724053
786.134718
786.478361
786.754208
786.961639
787.100186
787.169537
787.169537
787.100186
786.961639
786.754208
786.478361
786.134718
785.724053
785.247292
784.705509
784.099927
784.065876
784.670684
785.211775
785.687927
786.098067
786.441270
786.716765
786.923930
787.062300
787.131563
787.131563
787.062300
786.923930
786.716765
786.441270
786.098067
785.687927
785.211775
784.670684
784.065876
784.031870
784.635904
785.176303
785.651846
786.061462
786.404227
786.679370
786.886270
787.024463
787.093637
787.093637
787.024463
786.886270
786.679370
786.404227
786.061462
785.651846
785.176303
784.635904
784.031870
783.997906
784.601169
785.140877
785.615812
786.024904
786.367231
786.642022
786.848658
786.986674
787.055760
787.055760
786.986674
786.848658
786.642022
786.367231
786.024904
785.615812
785.140877
784.601169
783.997906
783.963987
784.566478
785.105496
785.579824
785.988394
786.330283
786.604723
786.811095
786.948934
787.017932
787.017932
786.948934
786.811095
786.604723
786.330283
785.988394
785.579824
785.105496
784.566478
783.963987
783.930110
784.531832
785.070161
785.543883
785.951930
786.293382
786.567471
786.773579
786.911243
786.980152
786.980152
786.911243
786.773579
786.567471
786.293382
785.951930
785.543883
785.070161
784.531832
783.930110
783.896278
784.497230
785.034871
785.507987
785.915513
786.256529
786.530268
786.736112
786.873600
786.942421
786.942421
786.873600
786.736112
786.530268
786.256529
785.915513
785.507987
785.034871
784.497230
783.896278
783.862488
784.462672
784.999626
785.472138
785.879143
786.219723
786.493112
786.698693
786.836005
786.904739
786.904739
786.836005
786.698693
786.493112
786.219723
785.879143
785.472138
784.999626
784.462672
783.862488
783.828742
784.428159
784.964426
785.436335
785.842819
786.182964
786.456004
786.661322
786.798459
786.867104
786.867104
786.798459
786.661322
786.456004
786.182964
785.842819
785.436335
784.964426
784.428159
783.828742
783.795039
784.393690
784.929272
785.400577
785.806542
786.146253
786.418943
786.624000
786.760961
786.829519
786.829519
786.760961
786.624000
786.418943
786.146253
785.806542
785.400577
784.929272
784.393690
783.795039
783.761379
784.359265
784.894163
785.364865
785.770312
786.109588
786.381930
786.586725
786.723511
786.791981
786.791981
786.723511
786.586725
786.381930
786.109588
785.770312
785.364865
784.894163
784.359265
783.761379
783.727762
784.324884
784.859098
785.329200
785.734128
786.072971
786.344965
786.549498
786.686109
786.754492
786.754492
786.686109
786.549498
786.344965
786.072971
785.734128
785.329200
784.859098
784.324884
783.727762
783.694188
784.290547
784.824079
785.293580
785.697991
786.036400
786.308047
786.512319
786.648755
786.717051
786.717051
786.648755
786.512319
786.308047
786.036400
785.697991
785.293580
784.824079
784.290547
783.694188
783.660657
784.256254
784.789104
785.258005
785.661899
785.999877
786.271176
786.475187
786.611450
786.679658
786.679658
786.611450
786.475187
786.271176
785.999877
785.661899
785.258005
784.789104
784.256254
783.660657
783.627169
784.222005
784.754175
785.222476
785.625855
785.963400
786.234353
786.438103
786.574192
786.642313
786.642313
786.574192
786.438103
786.234353
785.963400
785.625855
785.222476
784.754175
784.222005
783.627169
783.593724
784.187800
784.719290
785.186993
785.589856
785.926971
786.197577
786.401067
786.536982
786.605016
786.605016
786.536982
786.401067
786.197577
785.926971
785.589856
785.186993
784.719290
784.187800
783.593724
783.560322
784.153639
784.684449
785.151556
785.553904
785.890588
786.160849
786.364079
786.499820
786.567767
786.567767
786.499820
786.364079
786.160849
785.890588
785.553904
785.151556
784.684449
784.153639
783.560322
783.526962
784.119521
784.649654
785.116163
785.517998
785.854251
786.124167
786.327137
786.462705
786.530565
786.530565
786.462705
786.327137
786.124167
785.854251
785.517998
785.116163
784.649654
784.119521
783.526962
783.493645
784.085448
784.614903
785.080816
785.482138
785.817962
786.087533
786.290244
786.425638
786.493412
786.493412
786.425638
786.290244
786.087533
785.817962
785.482138
785.080816
784.614903
784.085448
783.493645
783.460371
784.051417
784.580196
785.045515
785.446323
785.781719
786.050945
786.253398
786.388619
786.456306
786.456306
786.388619
786.253398
786.050945
785.781719
785.446323
785.045515
784.580196
784.051417
783.460371
783.427140
784.017431
784.545535
785.010259
785.410555
785.745522
786.014405
786.216599
786.351647
786.419248
786.419248
786.351647
786.216599
786.014405
785.745522
785.410555
785.010259
784.545535
784.017431
783.427140
783.393950
783.983488
784.510917
784.975048
785.374833
785.709372
785.977912
786.179847
786.314723
786.382237
786.382237
786.314723
786.179847
785.977912
785.709372
785.374833
784.975048
784.510917
783.983488
783.393950
783.360804
783.949588
784.476344
784.939882
785.339156
785.673268
785.941465
786.143142
786.277846
786.345274
786.345274
786.277846
786.143142
785.941465
785.673268
785.339156
784.939882
784.476344
783.949588
783.360804
783.327700
783.915732
784.441815
784.904761
785.303526
785.637211
785.905065
786.106485
786.241017
786.308359
786.308359
786.241017
786.106485
785.905065
785.637211
785.303526
784.904761
784.441815
783.915732
783.327700
783.294638
783.881919
784.407330
784.869685
785.267941
785.601200
785.868712
786.069874
786.204235
786.271491
786.271491
786.204235
786.069874
785.868712
785.601200
785.267941
784.869685
784.407330
783.881919
783.294638
783.261618
783.848150
784.372890
784.834654
785.232401
785.565235
785.832405
786.033311
786.167500
786.234670
786.234670
786.167500
786.033311
785.832405
785.565235
785.232401
784.834654
784.372890
783.848150
783.261618
783.228641
783.814424
784.338493
784.799668
785.196907
785.529316
785.796145
785.996795
786.130812
786.197896
786.197896
786.130812
785.996795
785.796145
785.529316
785.196907
784.799668
784.338493
783.814424
783.228641
783.195706
783.780740
784.304141
784.764727
785.161459
785.493443
785.759932
785.960325
786.094171
786.161170
786.161170
786.094171
785.960325
785.759932
785.493443
785.161459
784.764727
784.304141
783.780740
783.195706
783.162813
783.747100
784.269833
784.729831
785.126056
785.457616
785.723765
785.923902
786.057578
786.124491
786.124491
786.057578
785.923902
785.723765
785.457616
785.126056
784.729831
784.269833
783.747100
783.162813
783.129962
783.713504
784.235569
784.694979
785.090699
785.421836
785.687644
785.887526
786.021031
786.087858
786.087858
786.021031
785.887526
785.687644
785.421836
785.090699
784.694979
784.235569
783.713504
783.129962
783.097153
783.679950
784.201348
784.660172
785.055386
785.386101
785.651570
785.851197
785.984531
786.051273
786.051273
785.984531
785.851197
785.651570
785.386101
785.055386
784.660172
784.201348
783.679950
783.097153
783.064386
783.646439
784.167172
784.625410
785.020120
785.350412
785.615542
785.814914
785.948078
786.014735
786.014735
785.948078
785.814914
785.615542
785.350412
785.020120
784.625410
784.167172
783.646439
783.064386
783.031661
783.612971
784.133039
784.590692
784.984898
785.314768
785.579560
785.778678
785.911672
785.978244
785.978244
785.911672
785.778678
785.579560
785.314768
784.984898
784.590692
784.133039
783.612971
783.031661
782.998978
783.579545
784.098950
784.556019
784.949721
785.279171
785.543625
785.742488
785.875312
785.941799
785.941799
785.875312
785.742488
785.543625
785.279171
784.949721
784.556019
784.098950
783.579545
782.998978
782.966336
783.546163
784.064904
784.521390
784.914590
785.243619
785.507735
785.706345
785.839000
785.905402
785.905402
785.839000
785.706345
785.507735
785.243619
784.914590
784.521390
784.064904
783.546163
782.966336
782.933737
783.512823
784.030902
784.486805
784.879504
785.208113
785.471892
785.670248
785.802733
785.869051
785.869051
785.802733
785.670248
785.471892
785.208113
784.879504
784.486805
784.030902
783.512823
782.933737
782.901179
783.479526
783.996944
784.452265
784.844462
785.172652
785.436094
785.634197
785.766514
785.832746
785.832746
785.766514
785.634197
785.436094
785.172652
784.844462
784.452265
783.996944
783.479526
782.901179
782.868662
783.446271
783.963029
784.417769
784.809466
785.137236
785.400343
785.598193
785.730340
785.796489
785.796489
785.730340
785.598193
785.400343
785.137236
784.809466
784.417769
783.963029
783.446271
782.868662
782.836188
783.413060
783.929158
784.383317
784.774514
785.101866
785.364637
785.562234
785.694214
785.760277
785.760277
785.694214
785.562234
785.364637
785.101866
784.774514
784.383317
783.929158
783.413060
782.836188
782.803754
783.379890
783.895330
784.348909
784.739607
785.066542
785.328977
785.526322
785.658133
785.724113
785.724113
785.658133
785.526322
785.328977
785.066542
784.739607
784.348909
783.895330
783.379890
782.803754
782.771363
783.346763
783.861545
784.314546
784.704745
785.031263
785.293363
785.490456
785.622099
785.687994
785.687994
785.622099
785.490456
785.293363
785.031263
784.704745
784.314546
783.861545
783.346763
782.771363
782.739012
783.313678
783.827803
784.280226
784.669927
784.996028
785.257795
785.454636
785.586111
785.651922
785.651922
785.586111
785.454636
785.257795
784.996028
784.669927
784.280226
783.827803
783.313678
782.739012
782.706703
783.280636
783.794105
784.245951
784.635155
784.960839
785.222272
785.418862
785.550169
785.615896
785.615896
785.550169
785.418862
785.222272
784.960839
784.635155
784.245951
783.794105
783.280636
782.706703
782.674436
783.247636
783.760450
784.211719
784.600426
784.925696
785.186794
785.383134
785.514273
785.579917
785.579917
785.514273
785.383134
785.186794
784.925696
784.600426
784.211719
783.760450
783.247636
782.674436
782.642209
783.214678
783.726838
784.177531
784.565743
784.890597
785.151362
785.347452
785.478424
785.543983
785.543983
785.478424
785.347452
785.151362
784.890597
784.565743
784.177531
783.726838
783.214678
782.642209
782.610024
783.181763
783.693268
784.143387
784.531103
784.855543
785.115976
785.311815
785.442620
785.508096
785.508096
785.442620
785.311815
785.115976
784.855543
784.531103
784.143387
783.693268
783.181763
782.610024
782.577880
783.148889
783.659742
784.109287
784.496508
784.820534
785.080635
785.276224
785.406862
785.472255
785.472255
785.406862
785.276224
785.080635
784.820534
784.496508
784.109287
783.659742
783.148889
782.577880
782.545777
783.116058
783.626259
784.075230
784.461957
784.785570
785.045339
785.240679
785.371150
785.436459
785.436459
785.371150
785.240679
785.045339
784.785570
784.461957
784.075230
783.626259
783.116058
782.545777
782.513715
783.083268
783.592819
784.041217
784.427451
784.750651
785.010088
785.205179
785.335484
785.400710
785.400710
785.335484
785.205179
785.010088
784.750651
784.427451
784.041217
783.592819
783.083268
782.513715
782.481694
783.050521
783.559421
784.007247
784.392989
784.715776
784.974883
785.169725
785.299863
785.365006
785.365006
785.299863
785.169725
784.974883
784.715776
784.392989
784.007247
783.559421
783.050521
782.481694
782.449714
783.017815
783.526066
783.973321
784.358571
784.680947
784.939723
785.134316
785.264289
785.329348
785.329348
785.264289
785.134316
784.939723
784.680947
784.358571
783.973321
783.526066
783.017815
782.449714
782.417774
782.985151
783.492754
783.939439
784.324197
784.646161
784.904607
785.098953
785.228759
785.293736
785.293736
785.228759
785.098953
784.904607
784.646161
784.324197
783.939439
783.492754
782.985151
782.417774
782.385876
782.952529
783.459485
783.905599
784.289867
784.611421
784.869537
785.063634
785.193276
785.258170
785.258170
785.193276
785.063634
784.869537
784.611421
784.289867
783.905599
783.459485
782.952529
782.385876
782.354018
782.919948
783.426258
783.871803
784.255581
784.576725
784.834512
785.028362
785.157838
785.222649
785.222649
785.157838
785.028362
784.834512
784.576725
784.255581
783.871803
783.426258
782.919948
782.354018
782.322201
782.887410
783.393073
783.838051
784.221339
784.542073
784.799531
784.993134
785.122445
785.187173
785.187173
785.122445
784.993134
784.799531
784.542073
784.221339
783.838051
783.393073
782.887410
782.322201
782.290425
782.854912
783.359931
783.804341
784.187140
784.507466
784.764596
784.957952
785.087098
785.151743
785.151743
785.087098
784.957952
784.764596
784.507466
784.187140
783.804341
783.359931
782.854912
782.290425
782.258689
782.822457
783.326832
783.770675
784.152986
784.472903
784.729705
784.922814
785.051796
785.116359
785.116359
785.051796
784.922814
784.729705
784.472903
784.152986
783.770675
783.326832
782.822457
782.258689
782.226994
782.790043
783.293774
783.737052
784.118875
784.438384
784.694859
784.887722
785.016539
785.081020
785.081020
785.016539
784.887722
784.694859
784.438384
784.118875
783.737052
783.293774
782.790043
782.226994
782.195339
782.757670
783.260759
783.703471
784.084808
784.403910
784.660058
784.852675
784.981327
785.045726
785.045726
784.981327
784.852675
784.660058
784.403910
784.084808
783.703471
783.260759
782.757670
782.195339
782.163725
782.725339
783.227786
783.669934
784.050785
784.369479
784.625301
784.817672
784.946161
785.010477
785.010477
784.946161
784.817672
784.625301
784.369479
784.050785
783.669934
783.227786
782.725339
782.163725
782.132151
782.693049
783.194856
783.636440
784.016805
784.335093
784.590588
784.782714
784.911039
784.975274
784.975274
784.911039
784.782714
784.590588
784.335093
784.016805
783.636440
783.194856
782.693049
782.132151
782.100617
782.660800
783.161967
783.602988
783.982868
784.300751
784.555920
784.747802
784.875963
784.940116
784.940116
784.875963
784.747802
784.555920
784.300751
783.982868
783.602988
783.161967
782.660800
782.100617
782.069124
782.628593
783.129121
783.569580
783.948975
784.266453
784.521297
784.712934
784.840931
784.905002
784.905002
784.840931
784.712934
784.521297
784.266453
783.948975
783.569580
783.129121
782.628593
782.069124
782.037671
782.596426
783.096317
783.536214
783.915126
784.232199
784.486718
784.678110
784.805945
784.869934
784.869934
784.805945
784.678110
784.486718
784.232199
783.915126
783.536214
783.096317
782.596426
782.037671
782.006258
782.564301
783.063554
783.502891
783.881320
784.197988
784.452183
784.643331
784.771003
784.834911
784.834911
784.771003
784.643331
784.452183
784.197988
783.881320
783.502891
783.063554
782.564301
782.006258
781.974885
782.532217
783.030834
783.469610
783.847557
784.163822
784.417692
784.608597
784.736106
784.799932
784.799932
784.736106
784.608597
784.417692
784.163822
783.847557
783.469610
783.030834
782.532217
781.974885
781.943553
782.500174
782.998155
783.436372
783.813837
784.129699
784.383246
784.573907
784.701254
784.764999
784.764999
784.701254
784.573907
784.383246
784.129699
783.813837
783.436372
782.998155
782.500174
781.943553
781.912260
782.468172
782.965518
783.403176
783.780160
784.095619
784.348843
784.539262
784.666446
784.730110
784.730110
784.666446
784.539262
784.348843
784.095619
783.780160
783.403176
782.965518
782.468172
781.912260
781.881007
782.436210
782.932923
783.370023
783.746527
784.061584
784.314485
784.504661
784.631683
784.695266
784.695266
784.631683
784.504661
784.314485
784.061584
783.746527
783.370023
782.932923
782.436210
781.881007
781.849794
782.404290
782.900369
783.336913
783.712936
784.027592
784.280171
784.470104
784.596964
784.660466
784.660466
784.596964
784.470104
784.280171
784.027592
783.712936
783.336913
782.900369
782.404290
781.849794
781.818621
782.372410
782.867857
783.303845
783.679389
783.993643
784.245900
784.435592
784.562290
784.625711
784.625711
784.562290
784.435592
784.245900
783.993643
783.679389
783.303845
782.867857
782.372410
781.818621
781.787488
782.340571
782.835387
783.270819
783.645884
783.959738
784.211674
784.401124
784.527661
784.591001
784.591001
784.527661
784.401124
784.211674
783.959738
783.645884
783.270819
782.835387
782.340571
781.787488
781.756395
782.308773
782.802958
783.237835
783.612423
783.925877
784.177491
784.366700
784.493075
784.556335
784.556335
784.493075
784.366700
784.177491
783.925877
783.612423
783.237835
782.802958
782.308773
781.756395
781.725341
782.277015
782.770570
783.204893
783.579004
783.892058
784.143352
784.332320
784.458534
784.521713
784.521713
784.458534
784.332320
784.143352
783.892058
783.579004
783.204893
782.770570
782.277015
781.725341
781.694327
782.245298
782.738224
783.171994
783.545627
783.858283
784.109257
784.297984
784.424038
784.487136
784.487136
784.424038
784.297984
784.109257
783.858283
783.545627
783.171994
782.738224
782.245298
781.694327
781.663352
782.213621
782.705920
783.139136
783.512294
783.824552
784.075206
784.263692
784.389585
784.452603
784.452603
784.389585
784.263692
784.075206
783.824552
783.512294
783.139136
782.705920
782.213621
781.663352
781.632417
782.181985
782.673656
783.106321
783.479003
783.790863
784.041198
784.229443
784.355177
784.418114
784.418114
784.355177
784.229443
784.041198
783.790863
783.479003
783.106321
782.673656
782.181985
781.632417
781.601522
782.150389
782.641434
783.073548
783.445755
783.757217
784.007233
784.195239
784.320812
784.383669
784.383669
784.320812
784.195239
784.007233
783.757217
783.445755
783.073548
782.641434
782.150389
781.601522
781.570666
782.118834
782.609253
783.040816
783.412549
783.723615
783.973312
784.161079
784.286492
784.349269
784.349269
784.286492
784.161079
783.973312
783.723615
783.412549
783.040816
782.609253
782.118834
781.570666
781.539849
782.087319
782.577113
783.008126
783.379386
783.690056
783.939435
784.126962
784.252215
784.314912
784.314912
784.252215
784.126962
783.939435
783.690056
783.379386
783.008126
782.577113
782.087319
781.539849
781.509071
782.055844
782.545015
782.975479
783.346265
783.656539
783.905600
784.092889
784.217982
784.280600
784.280600
784.217982
784.092889
783.905600
783.656539
783.346265
782.975479
782.545015
782.055844
781.509071
781.478333
782.024410
782.512957
782.942873
783.313187
783.623065
783.871810
784.058859
784.183794
784.246331
784.246331
784.183794
784.058859
783.871810
783.623065
783.313187
782.942873
782.512957
782.024410
781.478333
781.447634
781.993015
782.480940
782.910308
783.280151
783.589635
783.838062
784.024873
784.149649
784.212106
784.212106
784.149649
784.024873
783.838062
783.589635
783.280151
782.910308
782.480940
781.993015
781.447634
781.416975
781.961661
782.448964
782.877785
783.247157
783.556246
783.804357
783.990931
784.115547
784.177926
784.177926
784.115547
783.990931
783.804357
783.556246
783.247157
782.877785
782.448964
781.961661
781.416975
781.386354
781.930346
782.417029
782.845304
783.214205
783.522901
783.770696
783.957032
784.081490
784.143788
784.143788
784.081490
783.957032
783.770696
783.522901
783.214205
782.845304
782.417029
781.930346
781.386354
781.355773
781.899072
782.385135
782.812864
783.181296
783.489598
783.737078
783.923176
784.047476
784.109695
784.109695
784.047476
783.923176
783.737078
783.489598
783.181296
782.812864
782.385135
781.899072
781.355773
781.325230
781.867837
782.353281
782.780466
783.148428
783.456338
783.703503
783.889364
784.013505
784.075645
784.075645
784.013505
783.889364
783.703503
783.456338
783.148428
782.780466
782.353281
781.867837
781.325230
781.294727
781.836643
782.321468
782.748109
783.115603
783.423121
783.669970
783.855595
783.979578
784.041639
784.041639
783.979578
783.855595
783.669970
783.423121
783.115603
782.748109
782.321468
781.836643
781.294727
781.264262
781.805488
782.289696
782.715794
783.082819
783.389946
783.636481
783.821869
783.945694
784.007676
784.007676
783.945694
783.821869
783.636481
783.389946
783.082819
782.715794
782.289696
781.805488
781.264262
781.233836
781.774373
782.257965
782.683519
783.050078
783.356813
783.603034
783.788187
783.911854
783.973757
783.973757
783.911854
783.788187
783.603034
783.356813
783.050078
782.683519
782.257965
781.774373
781.233836
781.203449
781.743298
782.226274
782.651287
783.017378
783.323723
783.569630
783.754547
783.878057
783.939881
783.939881
783.878057
783.754547
783.569630
783.323723
783.017378
782.651287
782.226274
781.743298
781.203449
781.173101
781.712262
782.194623
782.619095
782.984720
783.290675
783.536269
783.720951
783.844303
783.906049
783.906049
783.844303
783.720951
783.536269
783.290675
782.984720
782.619095
782.194623
781.712262
781.173101
781.142792
781.681266
782.163013
782.586944
782.952104
783.257669
783.502951
783.687397
783.810593
783.872260
783.872260
783.810593
783.687397
783.502951
783.257669
782.952104
782.586944
782.163013
781.681266
781.142792
781.112521
781.650310
782.131443
782.554835
782.919529
783.224705
783.469675
783.653887
783.776925
783.838514
783.838514
783.776925
783.653887
783.469675
783.224705
782.919529
782.554835
782.131443
781.650310
781.112521
781.082288
781.619393
782.099913
782.522766
782.886997
783.191784
783.436442
783.620419
783.743301
783.804811
783.804811
783.743301
783.620419
783.436442
783.191784
782.886997
782.522766
782.099913
781.619393
781.082288
781.052095
781.588515
782.068424
782.490738
782.854505
783.158905
783.403251
783.586994
783.709719
783.771151
783.771151
783.709719
783.586994
783.403251
783.158905
782.854505
782.490738
782.068424
781.588515
781.052095
781.021940
781.557677
782.036975
782.458752
782.822056
783.126068
783.370103
783.553612
783.676181
783.737535
783.737535
783.676181
783.553612
783.370103
783.126068
782.822056
782.458752
782.036975
781.557677
781.021940
780.991823
781.526879
782.005566
782.426806
782.789647
783.093272
783.336997
783.520272
783.642685
783.703961
783.703961
783.642685
783.520272
783.336997
783.093272
782.789647
782.426806
782.005566
781.526879
780.991823
780.961745
781.496119
781.974198
782.394901
782.757280
783.060519
783.303933
783.486975
783.609233
783.670430
783.670430
783.609233
783.486975
783.303933
783.060519
782.757280
782.394901
781.974198
781.496119
780.961745
780.931705
781.465399
781.942869
782.363037
782.724955
783.027808
783.270912
783.453721
783.575823
783.636943
783.636943
783.575823
783.453721
783.270912
783.027808
782.724955
782.363037
781.942869
781.465399
780.931705
780.901703
781.434718
781.911580
782.331213
782.692671
782.995138
783.237933
783.420509
783.542456
783.603498
783.603498
783.542456
783.420509
783.237933
782.995138
782.692671
782.331213
781.911580
781.434718
780.901703
780.871740
781.404076
781.880331
782.299430
782.660428
782.962510
783.204996
783.387340
783.509131
783.570095
783.570095
783.509131
783.387340
783.204996
782.962510
782.660428
782.299430
781.880331
781.404076
780.871740
780.841814
781.373473
781.849122
782.267688
782.628226
782.929924
783.172101
783.354213
783.475849
783.536736
783.536736
783.475849
783.354213
783.172101
782.929924
782.628226
782.267688
781.849122
781.373473
780.841814
780.811927
781.342910
781.817953
782.235986
782.596066
782.897379
783.139249
783.321129
783.442610
783.503419
783.503419
783.442610
783.321129
783.139249
782.897379
782.596066
782.235986
781.817953
781.342910
780.811927
780.782079
781.312385
781.786824
782.204325
782.563946
782.864876
783.106438
783.288087
783.409413
783.470145
783.470145
783.409413
783.288087
783.106438
782.864876
782.563946
782.204325
781.786824
781.312385
780.782079
780.752268
781.281899
781.755735
782.172704
782.531868
782.832415
783.073669
783.255087
783.376259
783.436913
783.436913
783.376259
783.255087
783.073669
782.832415
782.531868
782.172704
781.755735
781.281899
780.752268
780.722495
781.251452
781.724685
782.141124
782.499830
782.799995
783.040942
783.222129
783.343147
783.403724
783.403724
783.343147
783.222129
783.040942
782.799995
782.499830
782.141124
781.724685
781.251452
780.722495
780.692760
781.221044
781.693674
782.109584
782.467833
782.767616
783.008257
783.189213
783.310077
783.370578
783.370578
783.310077
783.189213
783.008257
782.767616
782.467833
782.109584
781.693674
781.221044
780.692760
780.663063
781.190675
781.662704
782.078084
782.435878
782.735279
782.975614
783.156340
783.277050
783.337473
783.337473
783.277050
783.156340
782.975614
782.735279
782.435878
782.078084
781.662704
781.190675
780.663063
780.633404
781.160345
781.631773
782.046624
782.403963
782.702984
782.943012
783.123508
783.244065
783.304411
783.304411
783.244065
783.123508
782.943012
782.702984
782.403963
782.046624
781.631773
781.160345
780.633404
780.603782
781.130053
781.600881
782.015205
782.372089
782.670729
782.910452
783.090719
783.211122
783.271392
783.271392
783.211122
783.090719
782.910452
782.670729
782.372089
782.015205
781.600881
781.130053
780.603782
780.574199
781.099799
781.570029
781.983825
782.340255
782.638516
782.877934
783.057971
783.178221
783.238414
783.238414
783.178221
783.057971
782.877934
782.638516
782.340255
781.983825
781.570029
781.099799
780.574199
780.544653
781.069585
781.539216
781.952486
782.308463
782.606343
782.845457
783.025265
783.145362
783.205479
783.205479
783.145362
783.025265
782.845457
782.606343
782.308463
781.952486
781.539216
781.069585
780.544653
780.515144
781.039409
781.508442
781.921187
782.276710
782.574212
782.813022
782.992601
783.112546
783.172585
783.172585
783.112546
782.992601
782.813022
782.574212
782.276710
781.921187
781.508442
781.039409
780.515144
780.485674
781.009271
781.477708
781.889927
782.244999
782.542122
782.780628
782.959979
783.079771
783.139734
783.139734
783.079771
782.959979
782.780628
782.542122
782.244999
781.889927
781.477708
781.009271
780.485674
780.456241
780.979172
781.447013
781.858708
782.213328
782.510073
782.748276
782.927398
783.047038
783.106925
783.106925
783.047038
782.927398
782.748276
782.510073
782.213328
781.858708
781.447013
780.979172
780.456241
780.426845
780.949111
781.416357
781.827528
782.181697
782.478065
782.715964
782.894859
783.014347
783.074158
783.074158
783.014347
782.894859
782.715964
782.478065
782.181697
781.827528
781.416357
780.949111
780.426845
780.397487
780.919089
781.385740
781.796388
782.150107
782.446098
782.683695
782.862362
782.981697
783.041432
783.041432
782.981697
782.862362
782.683695
782.446098
782.150107
781.796388
781.385740
780.919089
780.397487
780.368166
780.889104
781.355163
781.765288
782.118557
782.414171
782.651466
782.829906
782.949090
783.008749
783.008749
782.949090
782.829906
782.651466
782.414171
782.118557
781.765288
781.355163
780.889104
780.368166
780.338883
780.859158
781.324624
781.734228
782.087047
782.382286
782.619279
782.797492
782.916524
782.976107
782.976107
782.916524
782.797492
782.619279
782.382286
782.087047
781.734228
781.324624
780.859158
780.338883
780.309637
780.829251
781.294124
781.703207
782.055578
782.350441
782.587132
782.765119
782.884000
782.943507
782.943507
782.884000
782.765119
782.587132
782.350441
782.055578
781.703207
781.294124
780.829251
780.309637
780.280428
780.799381
781.263663
781.672226
782.024148
782.318637
782.555027
782.732787
782.851517
782.910948
782.910948
782.851517
782.732787
782.555027
782.318637
782.024148
781.672226
781.263663
780.799381
780.280428
780.251256
780.769549
781.233241
781.641284
781.992759
782.286873
782.522963
782.700497
782.819076
782.878432
782.878432
782.819076
782.700497
782.522963
782.286873
781.992759
781.641284
781.233241
780.769549
780.251256
780.222122
780.739756
781.202858
781.610382
781.961410
782.255150
782.490940
782.668248
782.786676
782.845956
782.845956
782.786676
782.668248
782.490940
782.255150
781.961410
781.610382
781.202858
780.739756
780.222122
780.193024
780.710000
781.172513
781.579520
781.930101
782.223467
782.458957
782.636040
782.754317
782.813523
782.813523
782.754317
782.636040
782.458957
782.223467
781.930101
781.579520
781.172513
780.710000
780.193024
780.163964
780.680282
781.142207
781.548696
781.898832
782.191825
782.427016
782.603873
782.722000
782.781130
782.781130
782.722000
782.603873
782.427016
782.191825
781.898832
781.548696
781.142207
780.680282
780.163964
780.134941
780.650603
781.111940
781.517912
781.867603
782.160224
782.395115
782.571748
782.689724
782.748779
782.748779
782.689724
782.571748
782.395115
782.160224
781.867603
781.517912
781.111940
780.650603
780.134941
780.105954
780.620961
781.081712
781.487168
781.836414
782.128662
782.363255
782.539663
782.657490
782.716470
782.716470
782.657490
782.539663
782.363255
782.128662
781.836414
781.487168
781.081712
780.620961
780.105954
780.077005
780.591356
781.051522
781.456462
781.805264
782.097141
782.331435
782.507620
782.625296
782.684201
782.684201
782.625296
782.507620
782.331435
782.097141
781.805264
781.456462
781.051522
780.591356
780.077005
780.048092
780.561790
781.021370
781.425796
781.774154
782.065660
782.299657
782.475617
782.593144
782.651974
782.651974
782.593144
782.475617
782.299657
782.065660
781.774154
781.425796
781.021370
780.561790
780.048092
780.019217
780.532261
780.991257
781.395169
781.743084
782.034220
782.267919
782.443655
782.561033
782.619788
782.619788
782.561033
782.443655
782.267919
782.034220
781.743084
781.395169
780.991257
780.532261
780.019217
779.990378
780.502770
780.961182
781.364580
781.712054
782.002819
782.236221
782.411734
782.528963
782.587643
782.587643
782.528963
782.411734
782.236221
782.002819
781.712054
781.364580
780.961182
780.502770
779.990378
779.961576
780.473316
780.931146
781.334031
781.681063
781.971459
782.204564
782.379854
782.496933
782.555539
782.555539
782.496933
782.379854
782.204564
781.971459
781.681063
781.334031
780.931146
780.473316
779.961576
779.932810
780.443900
780.901148
781.303521
781.650112
781.940138
782.172947
782.348014
782.464945
782.523476
782.523476
782.464945
782.348014
782.172947
781.940138
781.650112
781.303521
780.901148
780.443900
779.932810
779.904081
780.414522
780.871188
781.273050
781.619200
781.908858
782.141371
782.316215
782.432998
782.491455
782.491455
782.432998
782.316215
782.141371
781.908858
781.619200
781.273050
780.871188
780.414522
779.904081
779.875389
780.385181
780.841267
781.242617
781.588327
781.877617
782.109835
782.284457
782.401091
782.459474
782.459474
782.401091
782.284457
782.109835
781.877617
781.588327
781.242617
780.841267
780.385181
779.875389
779.846733
780.355877
780.811383
781.212224
781.557494
781.846416
782.078339
782.252739
782.369225
782.427533
782.427533
782.369225
782.252739
782.078339
781.846416
781.557494
781.212224
780.811383
780.355877
779.846733
779.818114
780.326610
780.781538
781.181869
781.526701
781.815256
782.046883
782.221062
782.337400
782.395634
782.395634
782.337400
782.221062
782.046883
781.815256
781.526701
781.181869
780.781538
780.326610
779.818114
779.789531
780.297381
780.751730
781.151553
781.495946
781.784135
782.015468
782.189425
782.305615
782.363775
782.363775
782.305615
782.189425
782.015468
781.784135
781.495946
781.151553
780.751730
780.297381
779.789531
779.760984
780.268189
780.721961
781.121275
781.465231
781.753053
781.984093
782.157829
782.273871
782.331957
782.331957
782.273871
782.157829
781.984093
781.753053
781.465231
781.121275
780.721961
780.268189
779.760984
779.732474
780.239035
780.692230
781.091036
781.434555
781.722011
781.952757
782.126273
782.242167
782.300180
782.300180
782.242167
782.126273
781.952757
781.722011
781.434555
781.091036
780.692230
780.239035
779.732474
779.704000
780.209917
780.662536
781.060836
781.403918
781.691009
781.921462
782.094757
782.210504
782.268443
782.268443
782.210504
782.094757
781.921462
781.691009
781.403918
781.060836
780.662536
780.209917
779.704000
779.675563
780.180836
780.632880
781.030674
781.373321
781.660047
781.890207
782.063282
782.178882
782.236747
782.236747
782.178882
782.063282
781.890207
781.660047
781.373321
781.030674
780.632880
780.180836
779.675563
779.647161
780.151793
780.603263
781.000551
781.342762
781.629124
781.858991
782.031846
782.147299
782.205091
782.205091
782.147299
782.031846
781.858991
781.629124
781.342762
781.000551
780.603263
780.151793
779.647161
779.618796
780.122786
780.573682
780.970466
781.312242
781.598240
781.827815
782.000451
782.115758
782.173476
782.173476
782.115758
782.000451
781.827815
781.598240
781.312242
780.970466
780.573682
780.122786
779.618796
779.590467
780.093817
780.544140
780.940419
781.281761
781.567396
781.796680
781.969096
782.084256
782.141901
782.141901
782.084256
781.969096
781.796680
781.567396
781.281761
780.940419
780.544140
780.093817
779.590467
779.562173
780.064884
780.514635
780.910411
781.251319
781.536591
781.765583
781.937780
782.052794
782.110366
782.110366
782.052794
781.937780
781.765583
781.536591
781.251319
780.910411
780.514635
780.064884
779.562173
779.533916
780.035988
780.485168
780.880441
781.220916
781.505825
781.734527
781.906505
782.021373
782.078872
782.078872
782.021373
781.906505
781.734527
781.505825
781.220916
780.880441
780.485168
780.035988
779.533916
779.505695
780.007129
780.455738
780.850509
781.190552
781.475099
781.703510
781.875270
781.989992
782.047417
782.047417
781.989992
781.875270
781.703510
781.475099
781.190552
780.850509
780.455738
780.007129
779.505695
779.477510
779.978307
780.426346
780.820615
781.160226
781.444412
781.672533
781.844074
781.958651
782.016003
782.016003
781.958651
781.844074
781.672533
781.444412
781.160226
780.820615
780.426346
779.978307
779.477510
779.449360
779.949521
780.396991
780.790760
781.129939
781.413764
781.641595
781.812919
781.927349
781.984629
781.984629
781.927349
781.812919
781.641595
781.413764
781.129939
780.790760
780.396991
779.949521
779.449360
779.421247
779.920772
780.367674
780.760942
781.099691
781.383155
781.610697
781.781803
781.896088
781.953295
781.953295
781.896088
781.781803
781.610697
781.383155
781.099691
780.760942
780.367674
779.920772
779.421247
779.393169
779.892060
780.338394
780.731163
781.069481
781.352585
781.579838
781.750727
781.864867
781.922001
781.922001
781.864867
781.750727
781.579838
781.352585
781.069481
780.731163
780.338394
779.892060
779.393169
779.365127
779.863384
780.309151
780.701421
781.039310
781.322054
781.549018
781.719690
781.833685
781.890747
781.890747
781.833685
781.719690
781.549018
781.322054
781.039310
780.701421
780.309151
779.863384
779.365127
779.337120
779.834745
780.279946
780.671717
781.009177
781.291562
781.518238
781.688693
781.802543
781.859533
781.859533
781.802543
781.688693
781.518238
781.291562
781.009177
780.671717
780.279946
779.834745
779.337120
779.309150
779.806142
780.250777
780.642052
780.979082
781.261109
781.487497
781.657736
781.771441
781.828358
781.828358
781.771441
781.657736
781.487497
781.261109
780.979082
780.642052
780.250777
779.806142
779.309150
779.281214
779.777576
780.221646
780.612424
780.949026
781.230695
781.456795
781.626818
781.740379
781.797224
781.797224
781.740379
781.626818
781.456795
781.230695
780.949026
780.612424
780.221646
779.777576
779.281214
779.253315
779.749046
780.192552
780.582833
780.919008
781.200320
781.426133
781.595939
781.709356
781.766129
781.766129
781.709356
781.595939
781.426133
781.200320
780.919008
780.582833
780.192552
779.749046
779.253315
779.225451
779.720552
780.163495
780.553281
780.889029
781.169983
781.395509
781.565100
781.678373
781.735074
781.735074
781.678373
781.565100
781.395509
781.169983
780.889029
780.553281
780.163495
779.720552
779.225451
779.197622
779.692094
780.134475
780.523766
780.859088
781.139685
781.364925
781.534300
781.647429
781.704058
781.704058
781.647429
781.534300
781.364925
781.139685
780.859088
780.523766
780.134475
779.692094
779.197622
779.169828
779.663673
780.105492
780.494288
780.829184
781.109425
781.334379
781.503540
781.616525
781.673082
781.673082
781.616525
781.503540
781.334379
781.109425
780.829184
780.494288
780.105492
779.663673
779.169828
779.142070
779.635288
780.076546
780.464848
780.799319
781.079204
781.303873
781.472818
781.585661
781.642145
781.642145
781.585661
781.472818
781.303873
781.079204
780.799319
780.464848
780.076546
779.635288
779.142070
779.114348
779.606939
780.047637
780.435446
780.769492
781.049022
781.273405
781.442136
781.554835
781.611248
781.611248
781.554835
781.442136
781.273405
781.049022
780.769492
780.435446
780.047637
779.606939
779.114348
779.086660
779.578626
780.018764
780.406081
780.739703
781.018878
781.242976
781.411493
781.524049
781.580390
781.580390
781.524049
781.411493
781.242976
781.018878
780.739703
780.406081
780.018764
779.578626
779.086660
779.059008
779.550349
779.989929
780.376754
780.709952
780.988773
781.212587
781.380889
781.493302
781.549572
781.549572
781.493302
781.380889
781.212587
780.988773
780.709952
780.376754
779.989929
779.550349
779.059008
779.031391
779.522108
779.961130
780.347464
780.680239
780.958706
781.182235
781.350325
781.462595
781.518793
781.518793
781.462595
781.350325
781.182235
780.958706
780.680239
780.347464
779.961130
779.522108
779.031391
779.003809
779.493903
779.932367
780.318211
780.650564
780.928677
781.151923
781.319799
781.431926
781.488053
781.488053
781.431926
781.319799
781.151923
780.928677
780.650564
780.318211
779.932367
779.493903
779.003809
778.976262
779.465734
779.903642
780.288995
780.620927
780.898686
781.121649
781.289312
781.401297
781.457353
781.457353
781.401297
781.289312
781.121649
780.898686
780.620927
780.288995
779.903642
779.465734
778.976262
778.948750
779.437601
779.874952
780.259817
780.591327
780.868734
781.091414
781.258863
781.370707
781.426691
781.426691
781.370707
781.258863
781.091414
780.868734
780.591327
780.259817
779.874952
779.437601
778.948750
778.921273
779.409504
779.846300
780.230676
780.561765
780.838820
781.061217
781.228454
781.340155
781.396069
781.396069
781.340155
781.228454
781.061217
780.838820
780.561765
780.230676
779.846300
779.409504
778.921273
778.893832
779.381442
779.817684
780.201572
780.532241
780.808944
781.031059
781.198084
781.309643
781.365486
781.365486
781.309643
781.198084
781.031059
780.808944
780.532241
780.201572
779.817684
779.381442
778.893832
778.866424
779.353416
779.789104
780.172505
780.502754
780.779106
781.000939
781.167752
781.279170
781.334941
781.334941
781.279170
781.167752
781.000939
780.779106
780.502754
780.172505
779.789104
779.353416
778.866424
778.839052
779.325426
779.760561
780.143475
780.473305
780.749306
780.970857
781.137459
781.248735
781.304436
781.304436
781.248735
781.137459
780.970857
780.749306
780.473305
780.143475
779.760561
779.325426
778.839052
778.811715
779.297471
779.732054
780.114482
780.443893
780.719544
780.940814
781.107204
781.218339
781.273970
781.273970
781.218339
781.107204
780.940814
780.719544
780.443893
780.114482
779.732054
779.297471
778.811715
778.784412
779.269552
779.703583
780.085526
780.414519
780.689820
780.910809
781.076988
781.187982
781.243542
781.243542
781.187982
781.076988
780.910809
780.689820
780.414519
780.085526
779.703583
779.269552
778.784412
778.757144
779.241668
779.675148
780.056607
780.385182
780.660134
780.880843
781.046811
781.157664
781.213153
781.213153
781.157664
781.046811
780.880843
780.660134
780.385182
780.056607
779.675148
779.241668
778.757144
778.729911
779.213820
779.646750
780.027724
780.355883
780.630486
780.850914
781.016672
781.127384
781.182803
781.182803
781.127384
781.016672
780.850914
780.630486
780.355883
780.027724
779.646750
779.213820
778.729911
778.702712
779.186007
779.618388
779.998879
780.326621
780.600875
780.821024
780.986571
781.097143
781.152492
781.152492
781.097143
780.986571
780.821024
780.600875
780.326621
779.998879
779.618388
779.186007
778.702712
778.675548
779.158230
779.590062
779.970070
780.297396
780.571302
780.791172
780.956509
781.066941
781.122219
781.122219
781.066941
780.956509
780.791172
780.571302
780.297396
779.970070
779.590062
779.158230
778.675548
778.648419
779.130488
779.561772
779.941297
780.268208
780.541767
780.761358
780.926485
781.036777
781.091985
781.091985
781.036777
780.926485
780.761358
780.541767
780.268208
779.941297
779.561772
779.130488
778.648419
778.621324
779.102781
779.533518
779.912562
780.239058
780.512270
780.731582
780.896499
781.006651
781.061789
781.061789
781.006651
780.896499
780.731582
780.512270
780.239058
779.912562
779.533518
779.102781
778.621324
778.594263
779.075109
779.505299
779.883863
780.209945
780.482810
780.701843
780.866552
780.976564
781.031632
781.031632
780.976564
780.866552
780.701843
780.482810
780.209945
779.883863
779.505299
779.075109
778.594263
778.567237
779.047473
779.477117
779.855200
780.180868
780.453387
780.672143
780.836642
780.946515
781.001513
781.001513
780.946515
780.836642
780.672143
780.453387
780.180868
779.855200
779.477117
779.047473
778.567237
778.540245
779.019872
779.448971
779.826574
780.151829
780.424002
780.642481
780.806771
780.916504
780.971433
780.971433
780.916504
780.806771
780.642481
780.424002
780.151829
779.826574
779.448971
779.019872
778.540245
778.513287
778.992305
779.420860
779.797984
780.122827
780.394655
780.612856
780.776938
780.886532
780.941391
780.941391
780.886532
780.776938
780.612856
780.394655
780.122827
779.797984
779.420860
778.992305
778.513287
778.486364
778.964774
779.392786
779.769431
780.093861
780.365345
780.583269
780.747143
780.856598
780.911387
780.911387
780.856598
780.747143
780.583269
780.365345
780.093861
779.769431
779.392786
778.964774
778.486364
778.459474
778.937278
779.364746
779.740914
780.064933
780.336072
780.553720
780.717386
780.826702
780.881422
780.881422
780.826702
780.717386
780.553720
780.336072
780.064933
779.740914
779.364746
778.937278
778.459474
778.432619
778.909817
779.336743
779.712434
780.036041
780.306836
780.524208
780.687667
780.796844
780.851494
780.851494
780.796844
780.687667
780.524208
780.306836
780.036041
779.712434
779.336743
778.909817
778.432619
778.405799
778.882391
779.308775
779.683989
780.007187
780.277638
780.494734
780.657985
780.767024
780.821605
780.821605
780.767024
780.657985
780.494734
780.277638
780.007187
779.683989
779.308775
778.882391
778.405799
778.379012
778.854999
779.280843
779.655581
779.978368
780.248477
780.465297
780.628342
780.737242
780.791754
780.791754
780.737242
780.628342
780.465297
780.248477
779.978368
779.655581
779.280843
778.854999
778.379012
778.352259
778.827643
779.252946
779.627209
779.949587
780.219353
780.435898
780.598736
780.707498
780.761941
780.761941
780.707498
780.598736
780.435898
780.219353
779.949587
779.627209
779.252946
778.827643
778.352259
778.325540
778.800321
779.225085
779.598873
779.920842
780.190266
780.406537
780.569168
780.677792
780.732166
780.732166
780.677792
780.569168
780.406537
780.190266
779.920842
779.598873
779.225085
778.800321
778.325540
778.298855
778.773034
779.197259
779.570573
779.892134
780.161216
780.377212
780.539637
780.648124
780.702428
780.702428
780.648124
780.539637
780.377212
780.161216
779.892134
779.570573
779.197259
778.773034
778.298855
778.272204
778.745782
779.169469
779.542310
779.863462
780.132203
780.347926
780.510144
780.618493
780.672729
780.672729
780.618493
780.510144
780.347926
780.132203
779.863462
779.542310
779.169469
778.745782
778.272204
778.245587
778.718564
779.141714
779.514082
779.834827
780.103227
780.318676
780.480689
780.588901
780.643068
780.643068
780.588901
780.480689
780.318676
780.103227
779.834827
779.514082
779.141714
778.718564
778.245587
778.219004
778.691381
779.113994
779.485890
779.806228
780.074288
780.289464
780.451271
780.559346
780.613444
780.613444
780.559346
780.451271
780.289464
780.074288
779.806228
779.485890
779.113994
778.691381
778.219004
778.192455
778.664232
779.086310
779.457733
779.777666
780.045385
780.260289
780.421891
780.529828
780.583858
780.583858
780.529828
780.421891
780.260289
780.045385
779.777666
779.457733
779.086310
778.664232
778.192455
778.165939
778.637118
779.058660
779.429613
779.749140
780.016520
780.231151
780.392548
780.500349
780.554310
780.554310
780.500349
780.392548
780.231151
780.016520
779.749140
779.429613
779.058660
778.637118
778.165939
778.139457
778.610039
779.031046
779.401529
779.720650
779.987691
780.202050
780.363242
780.470906
780.524799
780.524799
780.470906
780.363242
780.202050
779.987691
779.720650
779.401529
779.031046
778.610039
778.139457
778.113008
778.582993
779.003467
779.373480
779.692197
779.958899
780.172986
780.333974
780.441502
780.495326
780.495326
780.441502
780.333974
780.172986
779.958899
779.692197
779.373480
779.003467
778.582993
778.113008
778.086593
778.555982
778.975923
779.345467
779.663779
779.930144
780.143959
780.304743
780.412134
780.465890
780.465890
780.412134
780.304743
780.143959
779.930144
779.663779
779.345467
778.975923
778.555982
778.086593
778.060212
778.529006
778.948414
779.317489
779.635398
779.901425
780.114969
780.275549
780.382804
780.436492
780.436492
780.382804
780.275549
780.114969
779.901425
779.635398
779.317489
778.948414
778.529006
778.060212
778.033864
778.502064
778.920940
779.289547
779.607053
779.872743
780.086016
780.246393
780.353512
780.407132
780.407132
780.353512
780.246393
780.086016
779.872743
779.607053
779.289547
778.920940
778.502064
778.033864
778.007550
778.475156
778.893501
779.261641
779.578744
779.844097
780.057100
780.217273
780.324257
780.377808
780.377808
780.324257
780.217273
780.057100
779.844097
779.578744
779.261641
778.893501
778.475156
778.007550
777.981269
778.448282
778.866097
779.233770
779.550471
779.815488
780.028221
780.188191
780.295039
780.348523
780.348523
780.295039
780.188191
780.028221
779.815488
779.550471
779.233770
778.866097
778.448282
777.981269
777.955021
778.421442
778.838727
779.205934
779.522235
779.786915
779.999378
780.159146
780.265858
780.319274
780.319274
780.265858
780.159146
779.999378
779.786915
779.522235
779.205934
778.838727
778.421442
777.955021
777.928807
778.394637
778.811393
779.178134
779.494033
779.758378
779.970572
780.130137
780.236714
780.290063
780.290063
780.236714
780.130137
779.970572
779.758378
779.494033
779.178134
778.811393
778.394637
777.928807
777.902626
778.367865
778.784093
779.150370
779.465868
779.729878
779.941803
780.101166
780.207607
780.260888
780.260888
780.207607
780.101166
779.941803
779.729878
779.465868
779.150370
778.784093
778.367865
777.902626
777.876478
778.341128
778.756828
779.122640
779.437739
779.701414
779.913070
780.072231
780.178538
780.231751
780.231751
780.178538
780.072231
779.913070
779.701414
779.437739
779.122640
778.756828
778.341128
777.876478
777.850363
778.314424
778.729597
779.094946
779.409645
779.672986
779.884374
780.043333
780.149505
780.202651
780.202651
780.149505
780.043333
779.884374
779.672986
779.409645
779.094946
778.729597
778.314424
777.850363
777.824282
778.287754
778.702401
779.067287
779.381588
779.644594
779.855715
780.014472
780.120510
780.173588
780.173588
780.120510
780.014472
779.855715
779.644594
779.381588
779.067287
778.702401
778.287754
777.824282
777.798234
778.261119
778.675240
779.039663
779.353565
779.616239
779.827092
779.985648
780.091551
780.144563
780.144563
780.091551
779.985648
779.827092
779.616239
779.353565
779.039663
778.675240
778.261119
777.798234
777.772218
778.234517
778.648113
779.012074
779.325579
779.587920
779.798505
779.956860
780.062629
780.115574
780.115574
780.062629
779.956860
779.798505
779.587920
779.325579
779.012074
778.648113
778.234517
777.772218
777.746236
778.207948
778.621021
778.984521
779.297628
779.559636
779.769955
779.928109
780.033744
780.086621
780.086621
780.033744
779.928109
779.769955
779.559636
779.297628
778.984521
778.621021
778.207948
777.746236
777.720287
778.181414
778.593963
778.957002
779.269713
779.531389
779.741441
779.899395
780.004896
780.057706
780.057706
780.004896
779.899395
779.741441
779.531389
779.269713
778.957002
778.593963
778.181414
777.720287
777.694370
778.154913
778.566939
778.929519
779.241833
779.503177
779.712963
779.870717
779.976085
780.028828
780.028828
779.976085
779.870717
779.712963
779.503177
779.241833
778.929519
778.566939
778.154913
777.694370
777.668487
778.128446
778.539950
778.902070
779.213988
779.475002
779.684522
779.842076
779.947310
779.999986
779.999986
779.947310
779.842076
779.684522
779.475002
779.213988
778.902070
778.539950
778.128446
777.668487
777.642636
778.102013
778.512995
778.874656
779.186179
779.446862
779.656116
779.813471
779.918572
779.971181
779.971181
779.918572
779.813471
779.656116
779.446862
779.186179
778.874656
778.512995
778.102013
777.642636
777.616819
778.075613
778.486075
778.847277
779.158406
779.418758
779.627747
779.784903
779.889870
779.942413
779.942413
779.889870
779.784903
779.627747
779.418758
779.158406
778.847277
778.486075
778.075613
777.616819
777.591034
778.049247
778.459188
778.819933
779.130667
779.390690
779.599414
779.756370
779.861205
779.913681
779.913681
779.861205
779.756370
779.599414
779.390690
779.130667
778.819933
778.459188
778.049247
777.591034
777.565281
778.022914
778.432336
778.792624
779.102964
779.362657
779.571117
779.727875
779.832576
779.884986
779.884986
779.832576
779.727875
779.571117
779.362657
779.102964
778.792624
778.432336
778.022914
777.565281
777.539562
777.996614
778.405518
778.765349
779.075296
779.334660
779.542856
779.699415
779.803984
779.856327
779.856327
779.803984
779.699415
779.542856
779.334660
779.075296
778.765349
778.405518
777.996614
777.539562
777.513875
777.970348
778.378734
778.738109
779.047663
779.306699
779.514631
779.670991
779.775428
779.827705
779.827705
779.775428
779.670991
779.514631
779.306699
779.047663
778.738109
778.378734
777.970348
777.513875
777.488220
777.944115
778.351984
778.710904
779.020066
779.278773
779.486442
779.642604
779.746908
779.799119
779.799119
779.746908
779.642604
779.486442
779.278773
779.020066
778.710904
778.351984
777.944115
777.488220
777.462599
777.917916
778.325267
778.683733
778.992503
779.250883
779.458289
779.614253
779.718425
779.770570
779.770570
779.718425
779.614253
779.458289
779.250883
778.992503
778.683733
778.325267
777.917916
777.462599
777.437009
777.891750
778.298585
778.656596
778.964976
779.223028
779.430171
779.585938
779.689978
779.742057
779.742057
779.689978
779.585938
779.430171
779.223028
778.964976
778.656596
778.298585
777.891750
777.437009
777.411452
777.865617
778.271937
778.629495
778.937483
779.195209
779.402089
779.557659
779.661567
779.713580
779.713580
779.661567
779.557659
779.402089
779.195209
778.937483
778.629495
778.271937
777.865617
777.411452
777.385928
777.839517
778.245322
778.602427
778.910026
779.167425
779.374043
779.529416
779.633192
779.685139
779.685139
779.633192
779.529416
779.374043
779.167425
778.910026
778.602427
778.245322
777.839517
777.385928
777.360436
777.813451
778.218742
778.575394
778.882603
779.139676
779.346033
779.501209
779.604854
779.656735
779.656735
779.604854
779.501209
779.346033
779.139676
778.882603
778.575394
778.218742
777.813451
777.360436
777.334976
777.787417
778.192195
778.548396
778.855216
779.111963
779.318058
779.473037
779.576551
779.628367
779.628367
779.576551
779.473037
779.318058
779.111963
778.855216
778.548396
778.192195
777.787417
777.334976
777.309549
777.761417
778.165682
778.521431
778.827863
779.084284
779.290119
779.444902
779.548285
779.600034
779.600034
779.548285
779.444902
779.290119
779.084284
778.827863
778.521431
778.165682
777.761417
777.309549
777.284154
777.735449
778.139202
778.494501
778.800544
779.056641
779.262215
779.416802
779.520054
779.571738
779.571738
779.520054
779.416802
779.262215
779.056641
778.800544
778.494501
778.139202
777.735449
777.284154
777.258791
777.709515
778.112756
778.467605
778.773261
779.029034
779.234347
779.388738
779.491859
779.543478
779.543478
779.491859
779.388738
779.234347
779.029034
778.773261
778.467605
778.112756
777.709515
777.258791
777.233460
777.683613
778.086344
778.440743
778.746012
779.001461
779.206514
779.360710
779.463700
779.515254
779.515254
779.463700
779.360710
779.206514
779.001461
778.746012
778.440743
778.086344
777.683613
777.233460
777.208161
777.657744
778.059965
778.413916
778.718798
778.973923
779.178717
779.332717
779.435577
779.487065
779.487065
779.435577
779.332717
779.178717
778.973923
778.718798
778.413916
778.059965
777.657744
777.208161
777.182895
777.631908
778.033620
778.387122
778.691618
778.946420
779.150955
779.304760
779.407490
779.458913
779.458913
779.407490
779.304760
779.150955
778.946420
778.691618
778.387122
778.033620
777.631908
777.182895
777.157660
777.606105
778.007308
778.360363
778.664473
778.918953
779.123228
779.276839
779.379438
779.430796
779.430796
779.379438
779.276839
779.123228
778.918953
778.664473
778.360363
778.007308
777.606105
777.157660
777.132458
777.580335
777.981029
778.333637
778.637362
778.891520
779.095537
779.248953
779.351422
779.402715
779.402715
779.351422
779.248953
779.095537
778.891520
778.637362
778.333637
777.981029
777.580335
777.132458
777.107287
777.554597
777.954784
778.306946
778.610286
778.864122
779.067880
779.221102
779.323442
779.374670
779.374670
779.323442
779.221102
779.067880
778.864122
778.610286
778.306946
777.954784
777.554597
777.107287
777.082149
777.528892
777.928573
778.280288
778.583244
778.836759
779.040259
779.193287
779.295497
779.346660
779.346660
779.295497
779.193287
779.040259
778.836759
778.583244
778.280288
777.928573
777.528892
777.082149
777.057042
777.503220
777.902394
778.253664
778.556237
778.809430
779.012673
779.165507
779.267588
779.318686
779.318686
779.267588
779.165507
779.012673
778.809430
778.556237
778.253664
777.902394
777.503220
777.057042
777.031967
777.477580
777.876249
778.227074
778.529264
778.782137
778.985122
779.137763
779.239714
779.290748
779.290748
779.239714
779.137763
778.985122
778.782137
778.529264
778.227074
777.876249
777.477580
777.031967
777.006924
777.451972
777.850137
778.200518
778.502325
778.754878
778.957606
779.110053
779.211876
779.262845
779.262845
779.211876
779.110053
778.957606
778.754878
778.502325
778.200518
777.850137
777.451972
777.006924
776.981912
777.426398
777.824058
778.173995
778.475420
778.727653
778.930125
779.082379
779.184073
779.234977
779.234977
779.184073
779.082379
778.930125
778.727653
778.475420
778.173995
777.824058
777.426398
776.981912
776.956933
777.400855
777.798012
778.147506
778.448550
778.700463
778.902679
779.054741
779.156306
779.207145
779.207145
779.156306
779.054741
778.902679
778.700463
778.448550
778.147506
777.798012
777.400855
776.956933
776.931985
777.375345
777.771999
778.121051
778.421714
778.673308
778.875268
779.027137
779.128573
779.179349
779.179349
779.128573
779.027137
778.875268
778.673308
778.421714
778.121051
777.771999
777.375345
776.931985
776.907068
777.349868
777.746019
778.094630
778.394911
778.646188
778.847891
778.999568
779.100876
779.151588
779.151588
779.100876
778.999568
778.847891
778.646188
778.394911
778.094630
777.746019
777.349868
776.907068
776.882184
777.324422
777.720073
778.068242
778.368143
778.619101
778.820550
778.972035
779.073215
779.123862
779.123862
779.073215
778.972035
778.820550
778.619101
778.368143
778.068242
777.720073
777.324422
776.882184
776.857331
777.299009
777.694159
778.041887
778.341409
778.592049
778.793243
778.944536
779.045588
779.096171
779.096171
779.045588
778.944536
778.793243
778.592049
778.341409
778.041887
777.694159
777.299009
776.857331
776.832509
777.273628
777.668278
778.015566
778.314709
778.565032
778.765971
778.917072
779.017996
779.068515
779.068515
779.017996
778.917072
778.765971
778.565032
778.314709
778.015566
777.668278
777.273628
776.832509
776.807719
777.248280
777.642430
777.989278
778.288042
778.538049
778.738733
778.889644
778.990440
779.040895
779.040895
778.990440
778.889644
778.738733
778.538049
778.288042
777.989278
777.642430
777.248280
776.807719
776.782960
777.222963
777.616614
777.963024
778.261410
778.511100
778.711530
778.862250
778.962918
779.013309
779.013309
778.962918
778.862250
778.711530
778.511100
778.261410
777.963024
777.616614
777.222963
776.782960
776.758232
777.197679
777.590832
777.936803
778.234811
778.484185
778.684362
778.834891
778.935432
778.985759
778.985759
778.935432
778.834891
778.684362
778.484185
778.234811
777.936803
777.590832
777.197679
776.758232
776.733536
777.172427
777.565082
777.910615
778.208246
778.457305
778.657228
778.807566
778.907980
778.958244
778.958244
778.907980
778.807566
778.657228
778.457305
778.208246
777.910615
777.565082
777.172427
776.733536
776.708871
777.147206
777.539365
777.884460
778.181715
778.430458
778.630129
778.780277
778.880564
778.930764
778.930764
778.880564
778.780277
778.630129
778.430458
778.181715
777.884460
777.539365
777.147206
776.708871
776.684238
777.122018
777.513680
777.858339
778.155218
778.403646
778.603064
778.753022
778.853182
778.903318
778.903318
778.853182
778.753022
778.603064
778.403646
778.155218
777.858339
777.513680
777.122018
776.684238
776.659636
777.096862
777.488028
777.832251
778.128754
778.376868
778.576033
778.725801
778.825835
778.875908
778.875908
778.825835
778.725801
778.576033
778.376868
778.128754
777.832251
777.488028
777.096862
776.659636
776.635064
777.071737
777.462409
777.806196
778.102324
778.350123
778.549037
778.698616
778.798522
778.848532
778.848532
778.798522
778.698616
778.549037
778.350123
778.102324
777.806196
777.462409
777.071737
776.635064
776.610524
777.046645
777.436822
777.780174
778.075927
778.323413
778.522075
778.671464
778.771245
778.821191
778.821191
778.771245
778.671464
778.522075
778.323413
778.075927
777.780174
777.436822
777.046645
776.610524
776.586016
777.021584
777.411267
777.754185
778.049564
778.296737
778.495147
778.644348
778.744002
778.793885
778.793885
778.744002
778.644348
778.495147
778.296737
778.049564
777.754185
777.411267
777.021584
776.586016
776.561538
776.996555
777.385745
777.728229
778.023234
778.270094
778.468254
778.617265
778.716793
778.766613
778.766613
778.716793
778.617265
778.468254
778.270094
778.023234
777.728229
777.385745
776.996555
776.561538
776.537091
776.971558
777.360255
777.702306
777.996938
778.243486
778.441394
778.590217
778.689619
778.739377
778.739377
778.689619
778.590217
778.441394
778.243486
777.996938
777.702306
777.360255
776.971558
776.537091
776.512675
776.946592
777.334798
777.676416
777.970675
778.216911
778.414569
778.563204
778.662480
778.712174
778.712174
778.662480
778.563204
778.414569
778.216911
777.970675
777.676416
777.334798
776.946592
776.512675
776.488290
776.921658
777.309373
777.650559
777.944445
778.190370
778.387778
778.536225
778.635375
778.685007
778.685007
778.635375
778.536225
778.387778
778.190370
777.944445
777.650559
777.309373
776.921658
776.488290
776.463936
776.896756
777.283980
777.624734
777.918249
778.163862
778.361021
778.509280
778.608305
778.657873
778.657873
778.608305
778.509280
778.361021
778.163862
777.918249
777.624734
777.283980
776.896756
776.463936
776.439613
776.871885
777.258619
777.598942
777.892086
778.137389
778.334298
778.482369
778.581269
778.630775
778.630775
778.581269
778.482369
778.334298
778.137389
777.892086
777.598942
777.258619
776.871885
776.439613
776.415321
776.847046
777.233291
777.573183
777.865956
778.110949
778.307608
778.455492
778.554267
778.603710
778.603710
778.554267
778.455492
778.307608
778.110949
777.865956
777.573183
777.233291
776.847046
776.415321
776.391059
776.822238
777.207995
777.547457
777.839859
778.084542
778.280953
778.428650
778.527300
778.576681
778.576681
778.527300
778.428650
778.280953
778.084542
777.839859
777.547457
777.207995
776.822238
776.391059
776.366828
776.797462
777.182730
777.521763
777.813796
778.058169
778.254332
778.401842
778.500367
778.549685
778.549685
778.500367
778.401842
778.254332
778.058169
777.813796
777.521763
777.182730
776.797462
776.366828
776.342628
776.772717
777.157498
777.496102
777.787765
778.031829
778.227744
778.375067
778.473468
778.522724
778.522724
778.473468
778.375067
778.227744
778.031829
777.787765
777.496102
777.157498
776.772717
776.342628
776.318459
776.748004
777.132298
777.470474
777.761768
778.005523
778.201190
778.348327
778.446603
778.495797
778.495797
778.446603
778.348327
778.201190
778.005523
777.761768
777.470474
777.132298
776.748004
776.318459
776.294320
776.723321
777.107130
777.444878
777.735803
777.979250
778.174670
778.321621
778.419772
778.468904
778.468904
778.419772
778.321621
778.174670
777.979250
777.735803
777.444878
777.107130
776.723321
776.294320
776.270211
776.698670
777.081993
777.419314
777.709872
777.953011
778.148183
778.294948
778.392976
778.442045
778.442045
778.392976
778.294948
778.148183
777.953011
777.709872
777.419314
777.081993
776.698670
776.270211
776.246134
776.674051
777.056889
777.393783
777.683973
777.926805
778.121730
778.268310
778.366213
778.415220
778.415220
778.366213
778.268310
778.121730
777.926805
777.683973
777.393783
777.056889
776.674051
776.246134
776.222086
776.649462
777.031816
777.368284
777.658107
777.900632
778.095311
778.241705
778.339485
778.388430
778.388430
778.339485
778.241705
778.095311
777.900632
777.658107
777.368284
777.031816
776.649462
776.222086
776.198070
776.624905
777.006775
777.342818
777.632274
777.874492
778.068925
778.215134
778.312790
778.361673
778.361673
778.312790
778.215134
778.068925
777.874492
777.632274
777.342818
777.006775
776.624905
776.198070
776.174083
776.600379
776.981766
777.317384
777.606474
777.848386
778.042572
778.188597
778.286129
778.334951
778.334951
778.286129
778.188597
778.042572
777.848386
777.606474
777.317384
776.981766
776.600379
776.174083
776.150127
776.575884
776.956789
777.291982
777.580707
777.822312
778.016253
778.162093
778.259502
778.308262
778.308262
778.259502
778.162093
778.016253
777.822312
777.580707
777.291982
776.956789
776.575884
776.150127
776.126202
776.551420
776.931843
777.266612
777.554972
777.796272
777.989968
778.135623
778.232909
778.281607
778.281607
778.232909
778.135623
777.989968
777.796272
777.554972
777.266612
776.931843
776.551420
776.126202
776.102306
776.526987
776.906929
777.241275
777.529270
777.770265
777.963716
778.109187
778.206350
778.254986
778.254986
778.206350
778.109187
777.963716
777.770265
777.529270
777.241275
776.906929
776.526987
776.102306
776.078441
776.502584
776.882046
777.215969
777.503600
777.744291
777.937497
778.082784
778.179824
778.228399
778.228399
778.179824
778.082784
777.937497
777.744291
777.503600
777.215969
776.882046
776.502584
776.078441
776.054606
776.478213
776.857195
777.190696
777.477964
777.718349
777.911311
778.056415
778.153332
778.201846
778.201846
778.153332
778.056415
777.911311
777.718349
777.477964
777.190696
776.857195
776.478213
776.054606
776.030801
776.453873
776.832376
777.165455
777.452359
777.692441
777.885159
778.030079
778.126874
778.175326
778.175326
778.126874
778.030079
777.885159
777.692441
777.452359
777.165455
776.832376
776.453873
776.030801
776.007027
776.429563
776.807587
777.140246
777.426787
777.666565
777.859040
778.003777
778.100449
778.148840
778.148840
778.100449
778.003777
777.859040
777.666565
777.426787
777.140246
776.807587
776.429563
776.007027
775.983282
776.405285
776.782831
777.115068
777.401248
777.640723
777.832954
777.977508
778.074058
778.122388
778.122388
778.074058
777.977508
777.832954
777.640723
777.401248
777.115068
776.782831
776.405285
775.983282
775.959568
776.381037
776.758106
777.089923
777.375740
777.614913
777.806901
777.951272
778.047700
778.095969
778.095969
778.047700
777.951272
777.806901
777.614913
777.375740
777.089923
776.758106
776.381037
775.959568
775.935884
776.356819
776.733412
777.064810
777.350266
777.589136
777.780881
777.925070
778.021376
778.069584
778.069584
778.021376
777.925070
777.780881
777.589136
777.350266
777.064810
776.733412
776.356819
775.935884
775.912229
776.332633
776.708749
777.039728
777.324823
777.563391
777.754894
777.898900
777.995085
778.043232
778.043232
777.995085
777.898900
777.754894
777.563391
777.324823
777.039728
776.708749
776.332633
775.912229
775.888605
776.308477
776.684117
777.014678
777.299413
777.537679
777.728940
777.872765
777.968828
778.016913
778.016913
777.968828
777.872765
777.728940
777.537679
777.299413
777.014678
776.684117
776.308477
775.888605
775.865010
776.284352
776.659517
776.989660
777.274035
777.512000
777.703019
777.846662
777.942604
777.990629
777.990629
777.942604
777.846662
777.703019
777.512000
777.274035
776.989660
776.659517
776.284352
775.865010
775.841446
776.260257
776.634948
776.964674
777.248689
777.486354
777.677131
777.820592
777.916413
777.964377
777.964377
777.916413
777.820592
777.677131
777.486354
777.248689
776.964674
776.634948
776.260257
775.841446
775.817911
776.236193
776.610410
776.939719
777.223375
777.460740
777.651276
777.794556
777.890255
777.938159
777.938159
777.890255
777.794556
777.651276
777.460740
777.223375
776.939719
776.610410
776.236193
775.817911
775.794406
776.212159
776.585904
776.914796
777.198094
777.435158
777.625454
777.768552
777.864130
777.911974
777.911974
777.864130
777.768552
777.625454
777.435158
777.198094
776.914796
776.585904
776.212159
775.794406
775.770930
776.188155
776.561428
776.889905
777.172844
777.409609
777.599664
777.742582
777.838039
777.885822
777.885822
777.838039
777.742582
777.599664
777.409609
777.172844
776.889905
776.561428
776.188155
775.770930
775.747485
776.164183
776.536983
776.865045
777.147627
777.384092
777.573907
777.716644
777.811981
777.859703
777.859703
777.811981
777.716644
777.573907
777.384092
777.147627
776.865045
776.536983
776.164183
775.747485
775.724069
776.140240
776.512569
776.840216
777.122441
777.358608
777.548183
777.690739
777.785956
777.833618
777.833618
777.785956
777.690739
777.548183
777.358608
777.122441
776.840216
776.512569
776.140240
775.724069
775.700683
776.116328
776.488186
776.815419
777.097288
777.333156
777.522491
777.664867
777.759964
777.807565
777.807565
777.759964
777.664867
777.522491
777.333156
777.097288
776.815419
776.488186
776.116328
775.700683
775.677326
776.092446
776.463835
776.790654
777.072166
777.307736
777.496832
777.639028
777.734004
777.781546
777.781546
777.734004
777.639028
777.496832
777.307736
777.072166
776.790654
776.463835
776.092446
775.677326
775.653999
776.068594
776.439513
776.765920
777.047076
777.282348
777.471206
777.613222
777.708078
777.755560
777.755560
777.708078
777.613222
777.471206
777.282348
777.047076
776.765920
776.439513
776.068594
775.653999
775.630701
776.044772
776.415223
776.741217
777.022018
777.256993
777.445611
777.587449
777.682185
777.729606
777.729606
777.682185
777.587449
777.445611
777.256993
777.022018
776.741217
776.415223
776.044772
775.630701
775.607433
776.020981
776.390964
776.716545
776.996992
777.231670
777.420050
777.561708
777.656324
777.703686
777.703686
777.656324
777.561708
777.420050
777.231670
776.996992
776.716545
776.390964
776.020981
775.607433
775.584194
775.997220
776.366735
776.691905
776.971997
777.206378
777.394521
777.536000
777.630497
777.677798
777.677798
777.630497
777.536000
777.394521
777.206378
776.971997
776.691905
776.366735
775.997220
775.584194
775.560985
775.973489
776.342537
776.667296
776.947034
777.181119
777.369024
777.510324
777.604702
777.651944
777.651944
777.604702
777.510324
777.369024
777.181119
776.947034
776.667296
776.342537
775.973489
775.560985
775.537805
775.949787
776.318369
776.642718
776.922103
777.155892
777.343559
777.484681
777.578939
777.626122
777.626122
777.578939
777.484681
777.343559
777.155892
776.922103
776.642718
776.318369
775.949787
775.537805
775.514655
775.926116
776.294232
776.618172
776.897203
777.130697
777.318127
777.459071
777.553210
777.600332
777.600332
777.553210
777.459071
777.318127
777.130697
776.897203
776.618172
776.294232
775.926116
775.514655
775.491533
775.902475
776.270126
776.593656
776.872335
777.105534
777.292727
777.433493
777.527513
777.574576
777.574576
777.527513
777.433493
777.292727
777.105534
776.872335
776.593656
776.270126
775.902475
775.491533
775.468441
775.878864
776.246050
776.569172
776.847499
777.080403
777.267360
777.407947
777.501848
777.548852
777.548852
777.501848
777.407947
777.267360
777.080403
776.847499
776.569172
776.246050
775.878864
775.468441
775.445379
775.855283
776.222005
776.544718
776.822693
777.055304
777.242024
777.382434
777.476217
777.523161
777.523161
777.476217
777.382434
777.242024
777.055304
776.822693
776.544718
776.222005
775.855283
775.445379
775.422345
775.831731
776.197990
776.520296
776.797920
777.030236
777.216721
777.356953
777.450617
777.497502
777.497502
777.450617
777.356953
777.216721
777.030236
776.797920
776.520296
776.197990
775.831731
775.422345
775.399341
775.808209
776.174006
776.495904
776.773177
777.005200
777.191449
777.331505
777.425051
777.471876
777.471876
777.425051
777.331505
777.191449
777.005200
776.773177
776.495904
776.174006
775.808209
775.399341
775.376365
775.784717
776.150052
776.471543
776.748466
776.980196
777.166210
777.306088
777.399516
777.446283
777.446283
777.399516
777.306088
777.166210
776.980196
776.748466
776.471543
776.150052
775.784717
775.376365
775.353419
775.761255
776.126128
776.447214
776.723787
776.955224
777.141003
777.280704
777.374014
777.420722
777.420722
777.374014
777.280704
777.141003
776.955224
776.723787
776.447214
776.126128
775.761255
775.353419
775.330502
775.737823
776.102235
776.422915
776.699138
776.930283
777.115827
777.255352
777.348544
777.395193
777.395193
777.348544
777.255352
777.115827
776.930283
776.699138
776.422915
776.102235
775.737823
775.330502
775.307613
775.714420
776.078372
776.398646
776.674521
776.905374
777.090684
777.230033
777.323107
777.369697
777.369697
777.323107
777.230033
777.090684
776.905374
776.674521
776.398646
776.078372
775.714420
775.307613
775.284754
775.691047
776.054539
776.374409
776.649935
776.880496
777.065572
777.204745
777.297702
777.344233
777.344233
777.297702
777.204745
777.065572
776.880496
776.649935
776.374409
776.054539
775.691047
775.284754
775.261923
775.667703
776.030736
776.350202
776.625381
776.855650
777.040492
777.179490
777.272329
777.318801
777.318801
777.272329
777.179490
777.040492
776.855650
776.625381
776.350202
776.030736
775.667703
775.261923
775.239122
775.644389
776.006963
776.326026
776.600857
776.830836
777.015444
777.154266
777.246988
777.293401
777.293401
777.246988
777.154266
777.015444
776.830836
776.600857
776.326026
776.006963
775.644389
775.239122
775.216349
775.621104
775.983221
776.301880
776.576364
776.806053
776.990428
777.129075
777.221679
777.268034
777.268034
777.221679
777.129075
776.990428
776.806053
776.576364
776.301880
775.983221
775.621104
775.216349
775.193605
775.597849
775.959508
776.277765
776.551903
776.781301
776.965444
777.103915
777.196403
777.242699
777.242699
777.196403
777.103915
776.965444
776.781301
776.551903
776.277765
775.959508
775.597849
775.193605
775.170890
775.574623
775.935826
776.253681
776.527472
776.756581
776.940491
777.078787
777.171158
777.217396
777.217396
777.171158
777.078787
776.940491
776.756581
776.527472
776.253681
775.935826
775.574623
775.170890
775.148204
775.551427
775.912173
776.229627
776.503072
776.731892
776.915569
777.053691
777.145946
777.192125
777.192125
777.145946
777.053691
776.915569
776.731892
776.503072
776.229627
775.912173
775.551427
775.148204
775.125546
775.528260
775.888551
776.205604
776.478704
776.707234
776.890680
777.028627
777.120765
777.166886
777.166886
777.120765
777.028627
776.890680
776.707234
776.478704
776.205604
775.888551
775.528260
775.125546
775.102917
775.505123
775.864958
776.181611
776.454366
776.682608
776.865822
777.003595
777.095616
777.141679
777.141679
777.095616
777.003595
776.865822
776.682608
776.454366
776.181611
775.864958
775.505123
775.102917
775.080316
775.482014
775.841395
776.157648
776.430059
776.658012
776.840995
776.978594
777.070500
777.116504
777.116504
777.070500
776.978594
776.840995
776.658012
776.430059
776.157648
775.841395
775.482014
775.080316
775.057744
775.458935
775.817862
776.133716
776.405782
776.633448
776.816200
776.953625
777.045415
777.091361
777.091361
777.045415
776.953625
776.816200
776.633448
776.405782
776.133716
775.817862
775.458935
775.057744
775.035201
775.435885
775.794359
776.109814
776.381537
776.608915
776.791436
776.928688
777.020362
777.066250
777.066250
777.020362
776.928688
776.791436
776.608915
776.381537
776.109814
775.794359
775.435885
775.035201
775.012686
775.412864
775.770886
776.085942
776.357322
776.584413
776.766704
776.903782
776.995340
777.041171
777.041171
776.995340
776.903782
776.766704
776.584413
776.357322
776.085942
775.770886
775.412864
775.012686
774.990200
775.389873
775.747442
776.062100
776.333138
776.559942
776.742003
776.878908
776.970350
777.016123
777.016123
776.970350
776.878908
776.742003
776.559942
776.333138
776.062100
775.747442
775.389873
774.990200
774.967742
775.366910
775.724028
776.038289
776.308984
776.535502
776.717333
776.854066
776.945392
776.991107
776.991107
776.945392
776.854066
776.717333
776.535502
776.308984
776.038289
775.724028
775.366910
774.967742
774.945312
775.343976
775.700643
776.014508
776.284861
776.511093
776.692694
776.829254
776.920466
776.966123
776.966123
776.920466
776.829254
776.692694
776.511093
776.284861
776.014508
775.700643
775.343976
774.945312
774.922911
775.321072
775.677289
775.990757
776.260769
776.486715
776.668087
776.804475
776.895571
776.941171
776.941171
776.895571
776.804475
776.668087
776.486715
776.260769
775.990757
775.677289
775.321072
774.922911
774.900538
775.298196
775.653963
775.967036
776.236707
776.462368
776.643511
776.779726
776.870708
776.916250
776.916250
776.870708
776.779726
776.643511
776.462368
776.236707
775.967036
775.653963
775.298196
774.900538
774.878194
775.275350
775.630667
775.943345
776.212675
776.438052
776.618966
776.755010
776.845876
776.891360
776.891360
776.845876
776.755010
776.618966
776.438052
776.212675
775.943345
775.630667
775.275350
774.878194
774.855877
775.252532
775.607401
775.919684
776.188674
776.413766
776.594452
776.730324
776.821076
776.866503
776.866503
776.821076
776.730324
776.594452
776.413766
776.188674
775.919684
775.607401
775.252532
774.855877
774.833589
775.229743
775.584164
775.896053
776.164704
776.389512
776.569969
776.705670
776.796307
776.841676
776.841676
776.796307
776.705670
776.569969
776.389512
776.164704
775.896053
775.584164
775.229743
774.833589
774.811329
775.206983
775.560957
775.872451
776.140763
776.365288
776.545517
776.681046
776.771569
776.816882
776.816882
776.771569
776.681046
776.545517
776.365288
776.140763
775.872451
775.560957
775.206983
774.811329
774.789097
775.184252
775.537779
775.848880
776.116854
776.341094
776.521097
776.656454
776.746863
776.792118
776.792118
776.746863
776.656454
776.521097
776.341094
776.116854
775.848880
775.537779
775.184252
774.789097
774.766893
775.161549
775.514630
775.825339
776.092974
776.316931
776.496707
776.631894
776.722188
776.767386
776.767386
776.722188
776.631894
776.496707
776.316931
776.092974
775.825339
775.514630
775.161549
774.766893
774.744718
775.138875
775.491510
775.801827
776.069124
776.292799
776.472348
776.607364
776.697544
776.742686
776.742686
776.697544
776.607364
776.472348
776.292799
776.069124
775.801827
775.491510
775.138875
774.744718
774.722570
775.116230
775.468420
775.778345
776.045305
776.268698
776.448019
776.582865
776.672932
776.718016
776.718016
776.672932
776.582865
776.448019
776.268698
776.045305
775.778345
775.468420
775.116230
774.722570
774.700450
775.093614
775.445359
775.754893
776.021516
776.244627
776.423722
776.558398
776.648351
776.693378
776.693378
776.648351
776.558398
776.423722
776.244627
776.021516
775.754893
775.445359
775.093614
774.700450
774.678359
775.071026
775.422327
775.731470
775.997757
776.220586
776.399455
776.533961
776.623801
776.668771
776.668771
776.623801
776.533961
776.399455
776.220586
775.997757
775.731470
775.422327
775.071026
774.678359
774.656295
775.048466
775.399325
775.708077
775.974028
776.196576
776.375219
776.509556
776.599282
776.644195
776.644195
776.599282
776.509556
776.375219
776.196576
775.974028
775.708077
775.399325
775.048466
774.656295
774.634259
775.025935
775.376351
775.684714
775.950329
776.172596
776.351014
776.485181
776.574794
776.619651
776.619651
776.574794
776.485181
776.351014
776.172596
775.950329
775.684714
775.376351
775.025935
774.634259
774.612251
775.003433
775.353406
775.661380
775.926660
776.148647
776.326840
776.460837
776.550337
776.595137
776.595137
776.550337
776.460837
776.326840
776.148647
775.926660
775.661380
775.353406
775.003433
774.612251
774.590271
774.980959
775.330491
775.638076
775.903021
776.124728
776.302696
776.436524
776.525911
776.570655
776.570655
776.525911
776.436524
776.302696
776.124728
775.903021
775.638076
775.330491
774.980959
774.590271
774.568318
774.958514
775.307604
775.614802
775.879412
776.100839
776.278582
776.412242
776.501516
776.546203
776.546203
776.501516
776.412242
776.278582
776.100839
775.879412
775.614802
775.307604
774.958514
774.568318
774.546394
774.936097
775.284747
775.591556
775.855833
776.076980
776.254499
776.387990
776.477152
776.521783
776.521783
776.477152
776.387990
776.254499
776.076980
775.855833
775.591556
775.284747
774.936097
774.546394
774.524497
774.913708
775.261918
775.568340
775.832284
776.053152
776.230447
776.363769
776.452818
776.497393
776.497393
776.452818
776.363769
776.230447
776.053152
775.832284
775.568340
775.261918
774.913708
774.524497
774.502627
774.891347
775.239118
775.545154
775.808764
776.029354
776.206425
776.339579
776.428516
776.473034
776.473034
776.428516
776.339579
776.206425
776.029354
775.808764
775.545154
775.239118
774.891347
774.502627
774.480785
774.869015
775.216347
775.521997
775.785274
776.005586
776.182434
776.315420
776.404244
776.448706
776.448706
776.404244
776.315420
776.182434
776.005586
775.785274
775.521997
775.216347
774.869015
774.480785
774.458971
774.846711
775.193605
775.498869
775.761814
775.981848
776.158473
776.291291
776.380003
776.424409
776.424409
776.380003
776.291291
776.158473
775.981848
775.761814
775.498869
775.193605
774.846711
774.458971
774.437185
774.824435
775.170891
775.475770
775.738384
775.958140
776.134542
776.267193
776.355793
776.400143
776.400143
776.355793
776.267193
776.134542
775.958140
775.738384
775.475770
775.170891
774.824435
774.437185
774.415426
774.802188
775.148207
775.452701
775.714983
775.934462
776.110641
776.243125
776.331613
776.375907
776.375907
776.331613
776.243125
776.110641
775.934462
775.714983
775.452701
775.148207
774.802188
774.415426
774.393694
774.779968
775.125550
775.429661
775.691612
775.910814
776.086771
776.219087
776.307464
776.351702
776.351702
776.307464
776.219087
776.086771
775.910814
775.691612
775.429661
775.125550
774.779968
774.393694
774.371990
774.757777
775.102923
775.406650
775.668270
775.887196
776.062931
776.195080
776.283346
776.327528
776.327528
776.283346
776.195080
776.062931
775.887196
775.668270
775.406650
775.102923
774.757777
774.371990
774.350313
774.735613
775.080324
775.383668
775.644958
775.863607
776.039121
776.171104
776.259258
776.303385
776.303385
776.259258
776.171104
776.039121
775.863607
775.644958
775.383668
775.080324
774.735613
774.350313
774.328664
774.713478
775.057754
775.360715
775.621676
775.840049
776.015341
776.147158
776.235200
776.279272
776.279272
776.235200
776.147158
776.015341
775.840049
775.621676
775.360715
775.057754
774.713478
774.328664
774.307042
774.691371
775.035212
775.337791
775.598423
775.816521
775.991592
776.123242
776.211173
776.255189
776.255189
776.211173
776.123242
775.991592
775.816521
775.598423
775.337791
775.035212
774.691371
774.307042
774.285447
774.669291
775.012699
775.314896
775.575199
775.793022
775.967872
776.099356
776.187177
776.231137
776.231137
776.187177
776.099356
775.967872
775.793022
775.575199
775.314896
775.012699
774.669291
774.285447
774.263880
774.647239
774.990214
775.292030
775.552005
775.769553
775.944183
776.075501
776.163211
776.207115
776.207115
776.163211
776.075501
775.944183
775.769553
775.552005
775.292030
774.990214
774.647239
774.263880
774.242340
774.625216
774.967758
775.269193
775.528840
775.746113
775.920523
776.051675
776.139275
776.183124
776.183124
776.139275
776.051675
775.920523
775.746113
775.528840
775.269193
774.967758
774.625216
774.242340
774.220827
774.603220
774.945330
775.246385
775.505704
775.722704
775.896893
776.027880
776.115369
776.159163
776.159163
776.115369
776.027880
775.896893
775.722704
775.505704
775.246385
774.945330
774.603220
774.220827
774.199341
774.581252
774.922930
775.223606
775.482598
775.699324
775.873294
776.004115
776.091494
776.135233
776.135233
776.091494
776.004115
775.873294
775.699324
775.482598
775.223606
774.922930
774.581252
774.199341
774.177882
774.559311
774.900559
775.200855
775.459521
775.675973
775.849724
775.980381
776.067649
776.111332
776.111332
776.067649
775.980381
775.849724
775.675973
775.459521
775.200855
774.900559
774.559311
774.177882
774.156451
774.537399
774.878216
775.178133
775.436473
775.652652
775.826184
775.956676
776.043834
776.087462
776.087462
776.043834
775.956676
775.826184
775.652652
775.436473
775.178133
774.878216
774.537399
774.156451
774.135046
774.515514
774.855901
775.155440
775.413454
775.629361
775.802673
775.933001
776.020049
776.063623
776.063623
776.020049
775.933001
775.802673
775.629361
775.413454
775.155440
774.855901
774.515514
774.135046
774.113669
774.493657
774.833615
775.132776
775.390464
775.606099
775.779193
775.909356
775.996295
776.039813
776.039813
775.996295
775.909356
775.779193
775.606099
775.390464
775.132776
774.833615
774.493657
774.113669
774.092319
774.471827
774.811357
775.110140
775.367504
775.582866
775.755742
775.885741
775.972570
776.016034
776.016034
775.972570
775.885741
775.755742
775.582866
775.367504
775.110140
774.811357
774.471827
774.092319
774.070995
774.450025
774.789126
775.087533
775.344572
775.559663
775.732321
775.862156
775.948876
775.992284
775.992284
775.948876
775.862156
775.732321
775.559663
775.344572
775.087533
774.789126
774.450025
774.070995
774.049699
774.428250
774.766924
775.064955
775.321670
775.536489
775.708929
775.838601
775.925211
775.968565
775.968565
775.925211
775.838601
775.708929
775.536489
775.321670
775.064955
774.766924
774.428250
774.049699
774.028429
774.406503
774.744750
775.042405
775.298796
775.513345
775.685567
775.815075
775.901576
775.944876
775.944876
775.901576
775.815075
775.685567
775.513345
775.298796
775.042405
774.744750
774.406503
774.028429
774.007186
774.384784
774.722604
775.019884
775.275951
775.490230
775.662235
775.791580
775.877972
775.921216
775.921216
775.877972
775.791580
775.662235
775.490230
775.275951
775.019884
774.722604
774.384784
774.007186
773.985970
774.363092
774.700486
774.997391
775.253136
775.467144
775.638932
775.768114
775.854397
775.897587
775.897587
775.854397
775.768114
775.638932
775.467144
775.253136
774.997391
774.700486
774.363092
773.985970
773.964781
774.341427
774.678396
774.974926
775.230349
775.444087
775.615659
775.744677
775.830852
775.873987
775.873987
775.830852
775.744677
775.615659
775.444087
775.230349
774.974926
774.678396
774.341427
773.964781
773.943618
774.319790
774.656333
774.952490
775.207590
775.421059
775.592415
775.721271
775.807336
775.850418
775.850418
775.807336
775.721271
775.592415
775.421059
775.207590
774.952490
774.656333
774.319790
773.943618
773.922483
774.298179
774.634299
774.930082
775.184861
775.398061
775.569200
775.697894
775.783851
775.826878
775.826878
775.783851
775.697894
775.569200
775.398061
775.184861
774.930082
774.634299
774.298179
773.922483
773.901374
774.276597
774.612293
774.907703
775.162160
775.375091
775.546015
775.674546
775.760395
775.803368
775.803368
775.760395
775.674546
775.546015
775.375091
775.162160
774.907703
774.612293
774.276597
773.901374
773.880291
774.255041
774.590314
774.885352
775.139489
775.352151
775.522859
775.651228
775.736969
775.779888
775.779888
775.736969
775.651228
775.522859
775.352151
775.139489
774.885352
774.590314
774.255041
773.880291
773.859235
774.233513
774.568363
774.863029
775.116845
775.329240
775.499733
775.627940
775.713573
775.756437
775.756437
775.713573
775.627940
775.499733
775.329240
775.116845
774.863029
774.568363
774.233513
773.859235
773.838206
774.212012
774.546440
774.840734
775.094231
775.306357
775.476635
775.604681
775.690206
775.733016
775.733016
775.690206
775.604681
775.476635
775.306357
775.094231
774.840734
774.546440
774.212012
773.838206
773.817203
774.190538
774.524544
774.818468
775.071645
775.283504
775.453567
775.581452
775.666868
775.709625
775.709625
775.666868
775.581452
775.453567
775.283504
775.071645
774.818468
774.524544
774.190538
773.817203
773.796227
774.169091
774.502676
774.796229
775.049087
775.260679
775.430528
775.558251
775.643561
775.686263
775.686263
775.643561
775.558251
775.430528
775.260679
775.049087
774.796229
774.502676
774.169091
773.796227
773.775278
774.147671
774.480836
774.774019
775.026558
775.237883
775.407519
775.535081
775.620282
775.662931
775.662931
775.620282
775.535081
775.407519
775.237883
775.026558
774.774019
774.480836
774.147671
773.775278
773.754354
774.126279
774.459023
774.751837
775.004058
775.215117
775.384538
775.511939
775.597033
775.639628
775.639628
775.597033
775.511939
775.384538
775.215117
775.004058
774.751837
774.459023
774.126279
773.754354
773.733457
774.104913
774.437238
774.729683
774.981585
775.192378
775.361586
775.488827
775.573814
775.616355
775.616355
775.573814
775.488827
775.361586
775.192378
774.981585
774.729683
774.437238
774.104913
773.733457
773.712587
774.083574
774.415481
774.707556
774.959142
775.169669
775.338664
775.465744
775.550624
775.593111
775.593111
775.550624
775.465744
775.338664
775.169669
774.959142
774.707556
774.415481
774.083574
773.712587
773.691743
774.062263
774.393751
774.685458
774.936726
775.146988
775.315770
775.442690
775.527463
775.569897
775.569897
775.527463
775.442690
775.315770
775.146988
774.936726
774.685458
774.393751
774.062263
773.691743
773.670925
774.040978
774.372048
774.663388
774.914339
775.124336
775.292905
775.419665
775.504331
775.546712
775.546712
775.504331
775.419665
775.292905
775.124336
774.914339
774.663388
774.372048
774.040978
773.670925
773.650133
774.019720
774.350373
774.641345
774.891981
775.101713
775.270069
775.396670
775.481229
775.523557
775.523557
775.481229
775.396670
775.270069
775.101713
774.891981
774.641345
774.350373
774.019720
773.650133
773.629368
773.998489
774.328725
774.619331
774.869650
775.079118
775.247263
775.373703
775.458156
775.500430
775.500430
775.458156
775.373703
775.247263
775.079118
774.869650
774.619331
774.328725
773.998489
773.629368
773.608629
773.977284
774.307105
774.597344
774.847348
775.056552
775.224484
775.350766
775.435112
775.477333
775.477333
775.435112
775.350766
775.224484
775.056552
774.847348
774.597344
774.307105
773.977284
773.608629
773.587916
773.956107
774.285511
774.575385
774.825074
775.034015
775.201735
775.327858
775.412098
775.454265
775.454265
775.412098
775.327858
775.201735
775.034015
774.825074
774.575385
774.285511
773.956107
773.587916
773.567229
773.934956
774.263945
774.553454
774.802828
775.011505
775.179015
775.304978
775.389112
775.431226
775.431226
775.389112
775.304978
775.179015
775.011505
774.802828
774.553454
774.263945
773.934956
773.567229
773.546569
773.913832
774.242407
774.531550
774.780610
774.989025
775.156323
775.282128
775.366155
775.408217
775.408217
775.366155
775.282128
775.156323
774.989025
774.780610
774.531550
774.242407
773.913832
773.546569
773.525934
773.892735
774.220895
774.509675
774.758421
774.966572
775.133660
775.259306
775.343228
775.385236
775.385236
775.343228
775.259306
775.133660
774.966572
774.758421
774.509675
774.220895
773.892735
773.525934
773.505325
773.871664
774.199411
774.487826
774.736259
774.944148
775.111025
775.236513
775.320329
775.362285
775.362285
775.320329
775.236513
775.111025
774.944148
774.736259
774.487826
774.199411
773.871664
773.505325
773.484743
773.850619
774.177954
774.466006
774.714125
774.921753
775.088419
775.213749
775.297460
775.339362
775.339362
775.297460
775.213749
775.088419
774.921753
774.714125
774.466006
774.177954
773.850619
773.484743
773.464186
773.829602
774.156523
774.444213
774.692020
774.899385
775.065842
775.191014
775.274619
775.316469
775.316469
775.274619
775.191014
775.065842
774.899385
774.692020
774.444213
774.156523
773.829602
773.464186
773.443655
773.808611
774.135120
774.422447
774.669942
774.877046
775.043293
775.168308
775.251807
775.293604
775.293604
775.251807
775.168308
775.043293
774.877046
774.669942
774.422447
774.135120
773.808611
773.443655
773.423151
773.787646
774.113744
774.400709
774.647892
774.854736
775.020773
775.145630
775.229024
775.270769
775.270769
775.229024
775.145630
775.020773
774.854736
774.647892
774.400709
774.113744
773.787646
773.423151
773.402672
773.766708
774.092395
774.378998
774.625870
774.832453
774.998281
775.122981
775.206270
775.247962
775.247962
775.206270
775.122981
774.998281
774.832453
774.625870
774.378998
774.092395
773.766708
773.402672
773.382218
773.745796
774.071073
774.357315
774.603876
774.810199
774.975818
775.100360
775.183545
775.225184
775.225184
775.183545
775.100360
774.975818
774.810199
774.603876
774.357315
774.071073
773.745796
773.382218
773.361791
773.724911
774.049778
774.335659
774.581909
774.787972
774.953383
775.077768
775.160848
775.202435
775.202435
775.160848
775.077768
774.953383
774.787972
774.581909
774.335659
774.049778
773.724911
773.361791
773.341390
773.704052
774.028510
774.314031
774.559971
774.765774
774.930976
775.055205
775.138180
775.179714
775.179714
775.138180
775.055205
774.930976
774.765774
774.559971
774.314031
774.028510
773.704052
773.341390
773.321014
773.683219
774.007268
774.292430
774.538060
774.743604
774.908598
775.032670
775.115541
775.157023
775.157023
775.115541
775.032670
774.908598
774.743604
774.538060
774.292430
774.007268
773.683219
773.321014
773.300664
773.662413
773.986054
774.270856
774.516177
774.721462
774.886248
775.010164
775.092930
775.134360
775.134360
775.092930
775.010164
774.886248
774.721462
774.516177
774.270856
773.986054
773.662413
773.300664
773.280339
773.641632
773.964866
774.249309
774.494321
774.699347
774.863926
774.987686
775.070348
775.111726
775.111726
775.070348
774.987686
774.863926
774.699347
774.494321
774.249309
773.964866
773.641632
773.280339
773.260040
773.620879
773.943705
774.227790
774.472493
774.677261
774.841632
774.965236
775.047794
775.089120
775.089120
775.047794
774.965236
774.841632
774.677261
774.472493
774.227790
773.943705
773.620879
773.260040
773.239767
773.600151
773.922570
774.206298
774.450692
774.655203
774.819367
774.942815
775.025269
775.066543
775.066543
775.025269
774.942815
774.819367
774.655203
774.450692
774.206298
773.922570
773.600151
773.239767
773.219520
773.579449
773.901463
774.184833
774.428920
774.633172
774.797130
774.920423
775.002773
775.043994
775.043994
775.002773
774.920423
774.797130
774.633172
774.428920
774.184833
773.901463
773.579449
773.219520
773.199298
773.558774
773.880382
774.163395
774.407174
774.611169
774.774921
774.898058
774.980304
775.021474
775.021474
774.980304
774.898058
774.774921
774.611169
774.407174
774.163395
773.880382
773.558774
773.199298
773.179101
773.538124
773.859327
774.141984
774.385456
774.589195
774.752739
774.875722
774.957865
774.998982
774.998982
774.957865
774.875722
774.752739
774.589195
774.385456
774.141984
773.859327
773.538124
773.179101
773.158930
773.517501
773.838299
774.120600
774.363766
774.567247
774.730586
774.853414
774.935453
774.976519
774.976519
774.935453
774.853414
774.730586
774.567247
774.363766
774.120600
773.838299
773.517501
773.158930
773.138784
773.496904
773.817298
774.099243
774.342102
774.545328
774.708461
774.831134
774.913070
774.954084
774.954084
774.913070
774.831134
774.708461
774.545328
774.342102
774.099243
773.817298
773.496904
773.138784
773.118664
773.476332
773.796323
774.077913
774.320467
774.523436
774.686364
774.808882
774.890715
774.931678
774.931678
774.890715
774.808882
774.686364
774.523436
774.320467
774.077913
773.796323
773.476332
773.118664
773.098569
773.455787
773.775375
774.056610
774.298858
774.501572
774.664295
774.786659
774.868389
774.909299
774.909299
774.868389
774.786659
774.664295
774.501572
774.298858
774.056610
773.775375
773.455787
773.098569
773.078499
773.435268
773.754453
774.035334
774.277277
774.479736
774.642253
774.764463
774.846090
774.886950
774.886950
774.846090
774.764463
774.642253
774.479736
774.277277
774.035334
773.754453
773.435268
773.078499
773.058455
773.414774
773.733557
774.014085
774.255723
774.457927
774.620240
774.742296
774.823820
774.864628
774.864628
774.823820
774.742296
774.620240
774.457927
774.255723
774.014085
773.733557
773.414774
773.058455
773.038436
773.394306
773.712688
773.992862
774.234196
774.436145
774.598254
774.720157
774.801578
774.842334
774.842334
774.801578
774.720157
774.598254
774.436145
774.234196
773.992862
773.712688
773.394306
773.038436
773.018442
773.373864
773.691845
773.971667
774.212697
774.414392
774.576296
774.698045
774.779364
774.820069
774.820069
774.779364
774.698045
774.576296
774.414392
774.212697
773.971667
773.691845
773.373864
773.018442
772.998474
773.353448
773.671029
773.950498
774.191224
774.392665
774.554366
774.675962
774.757178
774.797832
774.797832
774.757178
774.675962
774.554366
774.392665
774.191224
773.950498
773.671029
773.353448
772.998474
772.978530
773.333058
773.650238
773.929356
774.169779
774.370966
774.532463
774.653906
774.735020
774.775623
774.775623
774.735020
774.653906
774.532463
774.370966
774.169779
773.929356
773.650238
773.333058
772.978530
772.958612
773.312693
773.629474
773.908240
774.148361
774.349295
774.510588
774.631878
774.712890
774.753442
774.753442
774.712890
774.631878
774.510588
774.349295
774.148361
773.908240
773.629474
773.312693
772.958612
772.938719
773.292354
773.608737
773.887151
774.126970
774.327651
774.488741
774.609878
774.690788
774.731289
774.731289
774.690788
774.609878
774.488741
774.327651
774.126970
773.887151
773.608737
773.292354
772.938719
772.918851
773.272041
773.588025
773.866089
774.105606
774.306034
774.466922
774.587906
774.668714
774.709164
774.709164
774.668714
774.587906
774.466922
774.306034
774.105606
773.866089
773.588025
773.272041
772.918851
772.899008
773.251753
773.567339
773.845053
774.084268
774.284444
774.445130
774.565962
774.646668
774.687067
774.687067
774.646668
774.565962
774.445130
774.284444
774.084268
773.845053
773.567339
773.251753
772.899008
772.879190
773.231491
773.546680
773.824044
774.062958
774.262882
774.423365
774.544045
774.624650
774.664998
774.664998
774.624650
774.544045
774.423365
774.262882
774.062958
773.824044
773.546680
773.231491
772.879190
772.859397
773.211255
773.526047
773.803062
774.041675
774.241347
774.401628
774.522156
774.602659
774.642956
774.642956
774.602659
774.522156
774.401628
774.241347
774.041675
773.803062
773.526047
773.211255
772.859397
772.839629
773.191044
773.505439
773.782106
774.020418
774.219839
774.379918
774.500294
774.580696
774.620943
774.620943
774.580696
774.500294
774.379918
774.219839
774.020418
773.782106
773.505439
773.191044
772.839629
772.819886
773.170858
773.484858
773.761176
773.999189
774.198358
774.358236
774.478461
774.558761
774.598957
774.598957
774.558761
774.478461
774.358236
774.198358
773.999189
773.761176
773.484858
773.170858
772.819886
772.800168
773.150698
773.464302
773.740273
773.977986
774.176905
774.336581
774.456655
774.536854
774.576999
774.576999
774.536854
774.456655
774.336581
774.176905
773.977986
773.740273
773.464302
773.150698
772.800168
772.780474
773.130563
773.443773
773.719396
773.956810
774.155478
774.314954
774.434876
774.514975
774.555069
774.555069
774.514975
774.434876
774.314954
774.155478
773.956810
773.719396
773.443773
773.130563
772.780474
772.760806
773.110454
773.423269
773.698545
773.935660
774.134079
774.293353
774.413125
774.493123
774.533167
774.533167
774.493123
774.413125
774.293353
774.134079
773.935660
773.698545
773.423269
773.110454
772.760806
772.741162
773.090370
773.402792
773.677721
773.914538
774.112706
774.271780
774.391401
774.471298
774.511292
774.511292
774.471298
774.391401
774.271780
774.112706
773.914538
773.677721
773.402792
773.090370
772.741162
772.721543
773.070311
773.382340
773.656923
773.893442
774.091361
774.250235
774.369705
774.449501
774.489445
774.489445
774.449501
774.369705
774.250235
774.091361
773.893442
773.656923
773.382340
773.070311
772.721543
772.701948
773.050278
773.361914
773.636152
773.872372
774.070042
774.228716
774.348036
774.427732
774.467625
774.467625
774.427732
774.348036
774.228716
774.070042
773.872372
773.636152
773.361914
773.050278
772.701948
772.682379
773.030270
773.341513
773.615406
773.851329
774.048751
774.207225
774.326394
774.405990
774.445833
774.445833
774.405990
774.326394
774.207225
774.048751
773.851329
773.615406
773.341513
773.030270
772.682379
772.662834
773.010287
773.321139
773.594687
773.830313
774.027486
774.185761
774.304780
774.384276
774.424069
774.424069
774.384276
774.304780
774.185761
774.027486
773.830313
773.594687
773.321139
773.010287
772.662834
772.643314
772.990330
773.300790
773.573994
773.809323
774.006248
774.164324
774.283193
774.362589
774.402332
774.402332
774.362589
774.283193
774.164324
774.006248
773.809323
773.573994
773.300790
772.990330
772.643314
772.623818
772.970397
773.280467
773.553326
773.788360
773.985037
774.142914
774.261634
774.340929
774.380622
774.380622
774.340929
774.261634
774.142914
773.985037
773.788360
773.553326
773.280467
772.970397
772.623818
772.604347
772.950490
773.260169
773.532685
773.767423
773.963853
774.121531
774.240101
774.319297
774.358940
774.358940
774.319297
774.240101
774.121531
773.963853
773.767423
773.532685
773.260169
772.950490
772.604347
772.584900
772.930607
773.239897
773.512070
773.746513
773.942695
774.100175
774.218596
774.297692
774.337285
774.337285
774.297692
774.218596
774.100175
773.942695
773.746513
773.512070
773.239897
772.930607
772.584900
772.565478
772.910750
773.219651
773.491481
773.725629
773.921564
774.078845
774.197118
774.276115
774.315658
774.315658
774.276115
774.197118
774.078845
773.921564
773.725629
773.491481
773.219651
772.910750
772.565478
772.546080
772.890918
773.199430
773.470918
773.704771
773.900460
774.057543
774.175667
774.254564
774.294057
774.294057
774.254564
774.175667
774.057543
773.900460
773.704771
773.470918
773.199430
772.890918
772.546080
772.526707
772.871111
773.179234
773.450381
773.683940
773.879382
774.036268
774.154243
774.233041
774.272485
774.272485
774.233041
774.154243
774.036268
773.879382
773.683940
773.450381
773.179234
772.871111
772.526707
772.507358
772.851329
773.159064
773.429870
773.663135
773.858331
774.015020
774.132846
774.211545
774.250939
774.250939
774.211545
774.132846
774.015020
773.858331
773.663135
773.429870
773.159064
772.851329
772.507358
772.488034
772.831571
773.138920
773.409385
773.642356
773.837307
773.993798
774.111476
774.190076
774.229420
774.229420
774.190076
774.111476
773.993798
773.837307
773.642356
773.409385
773.138920
772.831571
772.488034
772.468734
772.811839
773.118801
773.388926
773.621603
773.816309
773.972603
774.090133
774.168634
774.207929
774.207929
774.168634
774.090133
773.972603
773.816309
773.621603
773.388926
773.118801
772.811839
772.468734
772.449458
772.792132
773.098707
773.368492
773.600877
773.795338
773.951435
774.068817
774.147220
774.186465
774.186465
774.147220
774.068817
773.951435
773.795338
773.600877
773.368492
773.098707
772.792132
772.449458
772.430207
772.772449
773.078639
773.348084
773.580177
773.774393
773.930294
774.047528
774.125832
774.165028
774.165028
774.125832
774.047528
773.930294
773.774393
773.580177
773.348084
773.078639
772.772449
772.430207
772.410979
772.752791
773.058595
773.327702
773.559503
773.753474
773.909179
774.026266
774.104471
774.143618
774.143618
774.104471
774.026266
773.909179
773.753474
773.559503
773.327702
773.058595
772.752791
772.410979
772.391776
772.733158
773.038578
773.307345
773.538854
773.732582
773.888091
774.005031
774.083138
774.122235
774.122235
774.083138
774.005031
773.888091
773.732582
773.538854
773.307345
773.038578
772.733158
772.391776
772.372597
772.713550
773.018585
773.287015
773.518232
773.711716
773.867030
773.983822
774.061831
774.100879
774.100879
774.061831
773.983822
773.867030
773.711716
773.518232
773.287015
773.018585
772.713550
772.372597
772.353443
772.693966
772.998618
773.266710
773.497636
773.690877
773.845995
773.962641
774.040551
774.079550
774.079550
774.040551
773.962641
773.845995
773.690877
773.497636
773.266710
772.998618
772.693966
772.353443
772.334312
772.674407
772.978675
773.246430
773.477066
773.670064
773.824987
773.941486
774.019298
774.058248
774.058248
774.019298
773.941486
773.824987
773.670064
773.477066
773.246430
772.978675
772.674407
772.334312
772.315206
772.654873
772.958758
773.226176
773.456522
773.649277
773.804005
773.920357
773.998072
774.036973
774.036973
773.998072
773.920357
773.804005
773.649277
773.456522
773.226176
772.958758
772.654873
772.315206
772.296123
772.635363
772.938866
773.205948
773.436004
773.628516
773.783050
773.899256
773.976872
774.015724
774.015724
773.976872
773.899256
773.783050
773.628516
773.436004
773.205948
772.938866
772.635363
772.296123
772.277065
772.615878
772.918999
773.185745
773.415512
773.607782
773.762121
773.878180
773.955699
773.994503
773.994503
773.955699
773.878180
773.762121
773.607782
773.415512
773.185745
772.918999
772.615878
772.277065
772.258031
772.596417
772.899157
773.165567
773.395045
773.587073
773.741218
773.857132
773.934553
773.973308
773.973308
773.934553
773.857132
773.741218
773.587073
773.395045
773.165567
772.899157
772.596417
772.258031
772.239020
772.576981
772.879341
773.145415
773.374605
773.566391
773.720342
773.836110
773.913434
773.952140
773.952140
773.913434
773.836110
773.720342
773.566391
773.374605
773.145415
772.879341
772.576981
772.239020
772.220034
772.557570
772.859549
773.125289
773.354190
773.545735
773.699492
773.815115
773.892342
773.930999
773.930999
773.892342
773.815115
773.699492
773.545735
773.354190
773.125289
772.859549
772.557570
772.220034
772.201071
772.538183
772.839782
773.105187
773.333801
773.525105
773.678669
773.794146
773.871275
773.909884
773.909884
773.871275
773.794146
773.678669
773.525105
773.333801
773.105187
772.839782
772.538183
772.201071
772.182133
772.518820
772.820040
773.085112
773.313437
773.504501
773.657872
773.773203
773.850236
773.888796
773.888796
773.850236
773.773203
773.657872
773.504501
773.313437
773.085112
772.820040
772.518820
772.182133
772.163218
772.499482
772.800323
773.065061
773.293099
773.483923
773.637101
773.752287
773.829223
773.867734
773.867734
773.829223
773.752287
773.637101
773.483923
773.293099
773.065061
772.800323
772.499482
772.163218
772.144327
772.480168
772.780630
773.045036
773.272787
773.463371
773.616356
773.731398
773.808237
773.846700
773.846700
773.808237
773.731398
773.616356
773.463371
773.272787
773.045036
772.780630
772.480168
772.144327
772.125460
772.460878
772.760963
773.025036
773.252501
773.442844
773.595637
773.710534
773.787277
773.825691
773.825691
773.787277
773.710534
773.595637
773.442844
773.252501
773.025036
772.760963
772.460878
772.125460
772.106617
772.441613
772.741320
773.005061
773.232240
773.422344
773.574945
773.689697
773.766343
773.804710
773.804710
773.766343
773.689697
773.574945
773.422344
773.232240
773.005061
772.741320
772.441613
772.106617
772.087797
772.422372
772.721702
772.985111
773.212005
773.401870
773.554278
773.668887
773.745436
773.783754
773.783754
773.745436
773.668887
773.554278
773.401870
773.212005
772.985111
772.721702
772.422372
772.087797
772.069001
772.403155
772.702109
772.965187
773.191795
773.381421
773.533638
773.648102
773.724556
773.762825
773.762825
773.724556
773.648102
773.533638
773.381421
773.191795
772.965187
772.702109
772.403155
772.069001
772.050229
772.383963
772.682540
772.945287
773.171610
773.360998
773.513024
773.627344
773.703701
773.741923
773.741923
773.703701
773.627344
773.513024
773.360998
773.171610
772.945287
772.682540
772.383963
772.050229
772.031480
772.364794
772.662996
772.925413
773.151451
773.340601
773.492436
773.606612
773.682873
773.721047
773.721047
773.682873
773.606612
773.492436
773.340601
773.151451
772.925413
772.662996
772.364794
772.031480
772.012755
772.345650
772.643477
772.905564
773.131318
773.320230
773.471873
773.585906
773.662071
773.700197
773.700197
773.662071
773.585906
773.471873
773.320230
773.131318
772.905564
772.643477
772.345650
772.012755
771.994053
772.326530
772.623982
772.885739
773.111210
773.299884
773.451337
773.565226
773.641296
773.679373
773.679373
773.641296
773.565226
773.451337
773.299884
773.111210
772.885739
772.623982
772.326530
771.994053
771.975375
772.307434
772.604512
772.865940
773.091127
773.279564
773.430826
773.544573
773.620547
773.658576
773.658576
773.620547
773.544573
773.430826
773.279564
773.091127
772.865940
772.604512
772.307434
771.975375
771.956721
772.288362
772.585067
772.846166
773.071069
773.259270
773.410342
773.523945
773.599823
773.637805
773.637805
773.599823
773.523945
773.410342
773.259270
773.071069
772.846166
772.585067
772.288362
771.956721
771.938090
772.269314
772.565646
772.826417
773.051037
773.239001
773.389883
773.503344
773.579126
773.617060
773.617060
773.579126
773.503344
773.389883
773.239001
773.051037
772.826417
772.565646
772.269314
771.938090
771.919482
772.250290
772.546249
772.806692
773.031030
773.218758
773.369450
773.482768
773.558455
773.596342
773.596342
773.558455
773.482768
773.369450
773.218758
773.031030
772.806692
772.546249
772.250290
771.919482
771.900898
772.231290
772.526877
772.786992
773.011049
773.198540
773.349043
773.462218
773.537811
773.575649
773.575649
773.537811
773.462218
773.349043
773.198540
773.011049
772.786992
772.526877
772.231290
771.900898
771.882337
772.212313
772.507529
772.767318
772.991092
773.178348
773.328661
773.441694
773.517192
773.554983
773.554983
773.517192
773.441694
773.328661
773.178348
772.991092
772.767318
772.507529
772.212313
771.882337
771.863800
772.193361
772.488206
772.747667
772.971161
773.158181
773.308306
773.421197
773.496599
773.534343
773.534343
773.496599
773.421197
773.308306
773.158181
772.971161
772.747667
772.488206
772.193361
771.863800
771.845286
772.174433
772.468907
772.728042
772.951254
773.138039
773.287975
773.400724
773.476032
773.513728
773.513728
773.476032
773.400724
773.287975
773.138039
772.951254
772.728042
772.468907
772.174433
771.845286
771.826795
772.155528
772.449632
772.708442
772.931373
773.117923
773.267671
773.380278
773.455491
773.493140
773.493140
773.455491
773.380278
773.267671
773.117923
772.931373
772.708442
772.449632
772.155528
771.826795
771.808328
772.136648
772.430381
772.688866
772.911517
773.097833
773.247392
773.359858
773.434976
773.472578
773.472578
773.434976
773.359858
773.247392
773.097833
772.911517
772.688866
772.430381
772.136648
771.808328
771.789884
772.117791
772.411155
772.669315
772.891686
773.077767
773.227139
773.339463
773.414487
773.452041
773.452041
773.414487
773.339463
773.227139
773.077767
772.891686
772.669315
772.411155
772.117791
771.789884
771.771463
772.098957
772.391953
772.649788
772.871880
773.057727
773.206911
773.319094
773.394024
773.431531
773.431531
773.394024
773.319094
773.206911
773.057727
772.871880
772.649788
772.391953
772.098957
771.771463
771.753065
772.080148
772.372775
772.630286
772.852099
773.037713
773.186709
773.298751
773.373586
773.411046
773.411046
773.373586
773.298751
773.186709
773.037713
772.852099
772.630286
772.372775
772.080148
771.753065
771.734690
772.061362
772.353622
772.610809
772.832343
773.017723
773.166532
773.278433
773.353174
773.390587
773.390587
773.353174
773.278433
773.166532
773.017723
772.832343
772.610809
772.353622
772.061362
771.734690
771.716339
772.042600
772.334492
772.591356
772.812611
772.997759
773.146380
773.258141
773.332788
773.370154
773.370154
773.332788
773.258141
773.146380
772.997759
772.812611
772.591356
772.334492
772.042600
771.716339
771.698011
772.023861
772.315387
772.571928
772.792905
772.977820
773.126254
773.237875
773.312428
773.349747
773.349747
773.312428
773.237875
773.126254
772.977820
772.792905
772.571928
772.315387
772.023861
771.698011
771.679705
772.005146
772.296305
772.552524
772.773223
772.957906
773.106154
773.217634
773.292094
773.329366
773.329366
773.292094
773.217634
773.106154
772.957906
772.773223
772.552524
772.296305
772.005146
771.679705
771.661423
771.986455
772.277248
772.533144
772.753566
772.938017
773.086079
773.197418
773.271785
773.309010
773.309010
773.271785
773.197418
773.086079
772.938017
772.753566
772.533144
772.277248
771.986455
771.661423
771.643164
771.967787
772.258215
772.513789
772.733934
772.918153
773.066029
773.177228
773.251501
773.288680
773.288680
773.251501
773.177228
773.066029
772.918153
772.733934
772.513789
772.258215
771.967787
771.643164
771.624927
771.949143
772.239205
772.494459
772.714327
772.898314
773.046004
773.157064
773.231243
773.268375
773.268375
773.231243
773.157064
773.046004
772.898314
772.714327
772.494459
772.239205
771.949143
771.624927
771.606714
771.930522
772.220220
772.475152
772.694744
772.878500
773.026004
773.136925
773.211011
773.248096
773.248096
773.211011
773.136925
773.026004
772.878500
772.694744
772.475152
772.220220
771.930522
771.606714
771.588523
771.911925
772.201258
772.455870
772.675186
772.858711
773.006030
773.116811
773.190804
773.227843
773.227843
773.190804
773.116811
773.006030
772.858711
772.675186
772.455870
772.201258
771.911925
771.588523
771.570356
771.893350
772.182320
772.436613
772.655653
772.838947
772.986081
773.096723
773.170623
773.207615
773.207615
773.170623
773.096723
772.986081
772.838947
772.655653
772.436613
772.182320
771.893350
771.570356
771.552211
771.874800
772.163407
772.417379
772.636144
772.819208
772.966157
773.076660
773.150467
773.187412
773.187412
773.150467
773.076660
772.966157
772.819208
772.636144
772.417379
772.163407
771.874800
771.552211
771.534089
771.856273
772.144517
772.398170
772.616660
772.799494
772.946258
773.056622
773.130337
773.167236
773.167236
773.130337
773.056622
772.946258
772.799494
772.616660
772.398170
772.144517
771.856273
771.534089
771.515990
771.837769
772.125650
772.378985
772.597201
772.779805
772.926384
773.036610
773.110232
773.147084
773.147084
773.110232
773.036610
772.926384
772.779805
772.597201
772.378985
772.125650
771.837769
771.515990
771.497914
771.819288
772.106808
772.359824
772.577766
772.760140
772.906536
773.016622
773.090152
773.126958
773.126958
773.090152
773.016622
772.906536
772.760140
772.577766
772.359824
772.106808
771.819288
771.497914
771.479860
771.800830
772.087989
772.340688
772.558355
772.740500
772.886712
772.996660
773.070097
773.106857
773.106857
773.070097
772.996660
772.886712
772.740500
772.558355
772.340688
772.087989
771.800830
771.479860
771.461829
771.782396
772.069194
772.321575
772.538969
772.720885
772.866913
772.976724
773.050068
773.086782
773.086782
773.050068
772.976724
772.866913
772.720885
772.538969
772.321575
772.069194
771.782396
771.461829
771.443821
771.763985
772.050423
772.302486
772.519607
772.701295
772.847140
772.956812
773.030064
773.066732
773.066732
773.030064
772.956812
772.847140
772.701295
772.519607
772.302486
772.050423
771.763985
771.443821
771.425836
771.745597
772.031675
772.283422
772.500270
772.681729
772.827391
772.936925
773.010086
773.046707
773.046707
773.010086
772.936925
772.827391
772.681729
772.500270
772.283422
772.031675
771.745597
771.425836
771.407873
771.727233
772.012951
772.264381
772.480957
772.662188
772.807667
772.917063
772.990132
773.026708
773.026708
772.990132
772.917063
772.807667
772.662188
772.480957
772.264381
772.012951
771.727233
771.407873
771.389932
771.708891
771.994250
772.245365
772.461668
772.642672
772.787968
772.897227
772.970204
773.006733
773.006733
772.970204
772.897227
772.787968
772.642672
772.461668
772.245365
771.994250
771.708891
771.389932
771.372015
771.690572
771.975573
772.226372
772.442404
772.623180
772.768293
772.877415
772.950300
772.986784
772.986784
772.950300
772.877415
772.768293
772.623180
772.442404
772.226372
771.975573
771.690572
771.372015
771.354119
771.672277
771.956919
772.207404
772.423164
772.603713
772.748644
772.857629
772.930422
772.966860
772.966860
772.930422
772.857629
772.748644
772.603713
772.423164
772.207404
771.956919
771.672277
771.354119
771.336247
771.654005
771.938289
772.188459
772.403948
772.584270
772.729019
772.837867
772.910569
772.946961
772.946961
772.910569
772.837867
772.729019
772.584270
772.403948
772.188459
771.938289
771.654005
771.336247
771.318396
771.635755
771.919683
772.169538
772.384756
772.564852
772.709419
772.818130
772.890741
772.927087
772.927087
772.890741
772.818130
772.709419
772.564852
772.384756
772.169538
771.919683
771.635755
771.318396
771.300569
771.617529
771.901100
772.150641
772.365589
772.545458
772.689844
772.798418
772.870938
772.907238
772.907238
772.870938
772.798418
772.689844
772.545458
772.365589
772.150641
771.901100
771.617529
771.300569
771.282763
771.599325
771.882540
772.131768
772.346446
772.526089
772.670293
772.778731
772.851160
772.887415
772.887415
772.851160
772.778731
772.670293
772.526089
772.346446
772.131768
771.882540
771.599325
771.282763
771.264980
771.581144
771.864003
772.112918
772.327326
772.506744
772.650767
772.759069
772.831406
772.867616
772.867616
772.831406
772.759069
772.650767
772.506744
772.327326
772.112918
771.864003
771.581144
771.264980
771.247220
771.562987
771.845490
772.094092
772.308231
772.487424
772.631265
772.739431
772.811678
772.847842
772.847842
772.811678
772.739431
772.631265
772.487424
772.308231
772.094092
771.845490
771.562987
771.247220
771.229482
771.544852
771.827000
772.075290
772.289160
772.468127
772.611788
772.719819
772.791974
772.828093
772.828093
772.791974
772.719819
772.611788
772.468127
772.289160
772.075290
771.827000
771.544852
771.229482
771.211766
771.526740
771.808534
772.056512
772.270113
772.448856
772.592336
772.700230
772.772296
772.808369
772.808369
772.772296
772.700230
772.592336
772.448856
772.270113
772.056512
771.808534
771.526740
771.211766
771.194072
771.508650
771.790091
772.037757
772.251090
772.429608
772.572908
772.680667
772.752642
772.788670
772.788670
772.752642
772.680667
772.572908
772.429608
772.251090
772.037757
771.790091
771.508650
771.194072
771.176401
771.490584
771.771670
772.019026
772.232091
772.410384
772.553505
772.661128
772.733013
772.768995
772.768995
772.733013
772.661128
772.553505
772.410384
772.232091
772.019026
771.771670
771.490584
771.176401
771.158751
771.472540
771.753273
772.000318
772.213115
772.391185
772.534126
772.641614
772.713408
772.749346
772.749346
772.713408
772.641614
772.534126
772.391185
772.213115
772.000318
771.753273
771.472540
771.158751
771.141124
771.454519
771.734900
771.981634
772.194164
772.372010
772.514771
772.622125
772.693828
772.729721
772.729721
772.693828
772.622125
772.514771
772.372010
772.194164
771.981634
771.734900
771.454519
771.141124
771.123519
771.436520
771.716549
771.962973
772.175237
772.352859
772.495441
772.602660
772.674273
772.710121
772.710121
772.674273
772.602660
772.495441
772.352859
772.175237
771.962973
771.716549
771.436520
771.123519
771.105937
771.418544
771.698221
771.944336
772.156333
772.333733
772.476135
772.583219
772.654743
772.690545
772.690545
772.654743
772.583219
772.476135
772.333733
772.156333
771.944336
771.698221
771.418544
771.105937
771.088376
771.400591
771.679917
771.925723
772.137453
772.314630
772.456854
772.563803
772.635237
772.670994
772.670994
772.635237
772.563803
772.456854
772.314630
772.137453
771.925723
771.679917
771.400591
771.088376
771.070838
771.382660
771.661636
771.907132
772.118597
772.295551
772.437596
772.544412
772.615756
772.651468
772.651468
772.615756
772.544412
772.437596
772.295551
772.118597
771.907132
771.661636
771.382660
771.070838
771.053321
771.364752
771.643377
771.888566
772.099765
772.276497
772.418363
772.525044
772.596299
772.631967
772.631967
772.596299
772.525044
772.418363
772.276497
772.099765
771.888566
771.643377
771.364752
771.053321
771.035827
771.346867
771.625142
771.870022
772.080956
772.257466
772.399155
772.505702
772.576867
772.612490
772.612490
772.576867
772.505702
772.399155
772.257466
772.080956
771.870022
771.625142
771.346867
771.035827
771.018354
771.329004
771.606929
771.851502
772.062171
772.238459
772.379970
772.486383
772.557459
772.593037
772.593037
772.557459
772.486383
772.379970
772.238459
772.062171
771.851502
771.606929
771.329004
771.018354
771.000904
771.311163
771.588739
771.833005
772.043410
772.219477
772.360810
772.467089
772.538076
772.573609
772.573609
772.538076
772.467089
772.360810
772.219477
772.043410
771.833005
771.588739
771.311163
771.000904
770.983475
771.293345
771.570573
771.814532
772.024672
772.200518
772.341673
772.447819
772.518717
772.554206
772.554206
772.518717
772.447819
772.341673
772.200518
772.024672
771.814532
771.570573
771.293345
770.983475
770.966069
771.275549
771.552429
771.796082
772.005958
772.181583
772.322561
772.428574
772.499382
772.534826
772.534826
772.499382
772.428574
772.322561
772.181583
772.005958
771.796082
771.552429
771.275549
770.966069
770.948684
771.257776
771.534308
771.777655
771.987267
772.162672
772.303473
772.409353
772.480072
772.515472
772.515472
772.480072
772.409353
772.303473
772.162672
771.987267
771.777655
771.534308
771.257776
770.948684
770.931321
771.240025
771.516209
771.759251
771.968600
772.143785
772.284409
772.390156
772.460786
772.496141
772.496141
772.460786
772.390156
772.284409
772.143785
771.968600
771.759251
771.516209
771.240025
770.931321
770.913980
771.222296
771.498134
771.740870
771.949956
772.124921
772.265369
772.370983
772.441525
772.476835
772.476835
772.441525
772.370983
772.265369
772.124921
771.949956
771.740870
771.498134
771.222296
770.913980
770.896661
771.204590
771.480081
771.722512
771.931336
772.106081
772.246353
772.351834
772.422287
772.457554
772.457554
772.422287
772.351834
772.246353
772.106081
771.931336
771.722512
771.480081
771.204590
770.896661
770.879363
771.186906
771.462051
771.704178
771.912740
772.087265
772.227360
772.332709
772.403074
772.438296
772.438296
772.403074
772.332709
772.227360
772.087265
771.912740
771.704178
771.462051
771.186906
770.879363
770.862087
771.169244
771.444044
771.685867
771.894166
772.068473
772.208392
772.313609
772.383885
772.419063
772.419063
772.383885
772.313609
772.208392
772.068473
771.894166
771.685867
771.444044
771.169244
770.862087
770.844833
771.151604
771.426059
771.667578
771.875617
772.049704
772.189448
772.294532
772.364721
772.399854
772.399854
772.364721
772.294532
772.189448
772.049704
771.875617
771.667578
771.426059
771.151604
770.844833
770.827601
771.133986
771.408097
771.649313
771.857090
772.030959
772.170527
772.275480
772.345580
772.380670
772.380670
772.345580
772.275480
772.170527
772.030959
771.857090
771.649313
771.408097
771.133986
770.827601
770.810390
771.116391
771.390157
771.631071
771.838587
772.012237
772.151630
772.256451
772.326463
772.361509
772.361509
772.326463
772.256451
772.151630
772.012237
771.838587
771.631071
771.390157
771.116391
770.810390
770.793201
771.098818
771.372240
771.612851
771.820107
771.993539
772.132757
772.237447
772.307371
772.342373
772.342373
772.307371
772.237447
772.132757
771.993539
771.820107
771.612851
771.372240
771.098818
770.793201
770.776034
771.081267
771.354346
771.594655
771.801650
771.974865
772.113908
772.218466
772.288303
772.323260
772.323260
772.288303
772.218466
772.113908
771.974865
771.801650
771.594655
771.354346
771.081267
770.776034
770.758888
771.063737
771.336474
771.576481
771.783217
771.956214
772.095083
772.199509
772.269258
772.304172
772.304172
772.269258
772.199509
772.095083
771.956214
771.783217
771.576481
771.336474
771.063737
770.758888
770.741764
771.046230
771.318624
771.558330
771.764806
771.937587
772.076281
772.180576
772.250238
772.285108
772.285108
772.250238
772.180576
772.076281
771.937587
771.764806
771.558330
771.318624
771.046230
770.741764
770.724661
771.028745
771.300797
771.540202
771.746419
771.918983
772.057503
772.161667
772.231241
772.266068
772.266068
772.231241
772.161667
772.057503
771.918983
771.746419
771.540202
771.300797
771.028745
770.724661
770.707579
771.011282
771.282993
771.522097
771.728055
771.900402
772.038748
772.142782
772.212269
772.247051
772.247051
772.212269
772.142782
772.038748
771.900402
771.728055
771.522097
771.282993
771.011282
770.707579
770.690520
770.993841
771.265211
771.504015
771.709714
771.881845
772.020017
772.123921
772.193320
772.228059
772.228059
772.193320
772.123921
772.020017
771.881845
771.709714
771.504015
771.265211
770.993841
770.690520
770.673481
770.976422
771.247451
771.485955
771.691397
771.863311
772.001310
772.105083
772.174395
772.209090
772.209090
772.174395
772.105083
772.001310
771.863311
771.691397
771.485955
771.247451
770.976422
770.673481
770.656464
770.959025
771.229713
771.467918
771.673102
771.844800
771.982626
772.086269
772.155494
772.190146
772.190146
772.155494
772.086269
771.982626
771.844800
771.673102
771.467918
771.229713
770.959025
770.656464
770.639469
770.941649
771.211998
771.449904
771.654830
771.826313
771.963966
772.067479
772.136617
772.171225
772.171225
772.136617
772.067479
771.963966
771.826313
771.654830
771.449904
771.211998
770.941649
770.639469
770.622494
770.924296
771.194305
771.431913
771.636581
771.807849
771.945329
772.048712
772.117764
772.152328
772.152328
772.117764
772.048712
771.945329
771.807849
771.636581
771.431913
771.194305
770.924296
770.622494
770.605541
770.906964
771.176635
771.413944
771.618356
771.789408
771.926716
772.029969
772.098934
772.133455
772.133455
772.098934
772.029969
771.926716
771.789408
771.618356
771.413944
771.176635
770.906964
770.605541
770.588610
770.889654
771.158986
771.395997
771.600153
771.770991
771.908126
772.011249
772.080128
772.114606
772.114606
772.080128
772.011249
771.908126
771.770991
771.600153
771.395997
771.158986
770.889654
770.588610
770.571699
770.872366
771.141360
771.378074
771.581973
771.752596
771.889560
771.992554
772.061345
772.095780
772.095780
772.061345
771.992554
771.889560
771.752596
771.581973
771.378074
771.141360
770.872366
770.571699
770.554810
770.855099
771.123756
771.360173
771.563816
771.734225
771.871017
771.973881
772.042587
772.076978
772.076978
772.042587
771.973881
771.871017
771.734225
771.563816
771.360173
771.123756
770.855099
770.554810
770.537942
770.837855
771.106174
771.342294
771.545681
771.715877
771.852497
771.955232
772.023852
772.058200
772.058200
772.023852
771.955232
771.852497
771.715877
771.545681
771.342294
771.106174
770.837855
770.537942
770.521096
770.820631
771.088614
771.324438
771.527570
771.697552
771.834000
771.936607
772.005140
772.039445
772.039445
772.005140
771.936607
771.834000
771.697552
771.527570
771.324438
771.088614
770.820631
770.521096
770.504270
770.803430
771.071076
771.306604
771.509481
771.679250
771.815527
771.918005
771.986452
772.020714
772.020714
771.986452
771.918005
771.815527
771.679250
771.509481
771.306604
771.071076
770.803430
770.504270
770.487466
770.786250
771.053560
771.288793
771.491415
771.660971
771.797077
771.899426
771.967788
772.002007
772.002007
771.967788
771.899426
771.797077
771.660971
771.491415
771.288793
771.053560
770.786250
770.487466
770.470682
770.769092
771.036067
771.271004
771.473372
771.642715
771.778650
771.880871
771.949147
771.983323
771.983323
771.949147
771.880871
771.778650
771.642715
771.473372
771.271004
771.036067
770.769092
770.470682
770.453920
770.751955
771.018595
771.253237
771.455352
771.624482
771.760247
771.862339
771.930529
771.964663
771.964663
771.930529
771.862339
771.760247
771.624482
771.455352
771.253237
771.018595
770.751955
770.453920
770.437179
770.734840
771.001145
771.235493
771.437354
771.606272
771.741866
771.843831
771.911935
771.946026
771.946026
771.911935
771.843831
771.741866
771.606272
771.437354
771.235493
771.001145
770.734840
770.437179
770.420459
770.717746
770.983717
771.217771
771.419379
771.588085
771.723509
771.825345
771.893364
771.927412
771.927412
771.893364
771.825345
771.723509
771.588085
771.419379
771.217771
770.983717
770.717746
770.420459
770.403760
770.700674
770.966311
771.200071
771.401426
771.569921
771.705175
771.806883
771.874817
771.908822
771.908822
771.874817
771.806883
771.705175
771.569921
771.401426
771.200071
770.966311
770.700674
770.403760
770.387082
770.683623
770.948927
771.182394
771.383496
771.551779
771.686864
771.788445
771.856293
771.890255
771.890255
771.856293
771.788445
771.686864
771.551779
771.383496
771.182394
770.948927
770.683623
770.387082
770.370424
770.666594
770.931565
771.164739
771.365589
771.533661
771.668576
771.770029
771.837792
771.871712
771.871712
771.837792
771.770029
771.668576
771.533661
771.365589
771.164739
770.931565
770.666594
770.370424
770.353788
770.649586
770.914225
771.147106
771.347704
771.515565
771.650310
771.751637
771.819315
771.853192
771.853192
771.819315
771.751637
771.650310
771.515565
771.347704
771.147106
770.914225
770.649586
770.353788
770.337173
770.632600
770.896906
771.129495
771.329841
771.497492
771.632068
771.733267
771.800861
771.834695
771.834695
771.800861
771.733267
771.632068
771.497492
771.329841
771.129495
770.896906
770.632600
770.337173
770.320578
770.615635
770.879609
771.111907
771.312001
771.479441
771.613849
771.714921
771.782430
771.816222
771.816222
771.782430
771.714921
771.613849
771.479441
771.312001
771.111907
770.879609
770.615635
770.320578
770.304005
770.598691
770.862334
771.094340
771.294184
771.461414
771.595653
771.696598
771.764022
771.797772
771.797772
771.764022
771.696598
771.595653
771.461414
771.294184
771.094340
770.862334
770.598691
770.304005
770.287452
770.581768
770.845081
771.076796
771.276388
771.443409
771.577479
771.678298
771.745637
771.779345
771.779345
771.745637
771.678298
771.577479
771.443409
771.276388
771.076796
770.845081
770.581768
770.287452
770.270920
770.564867
770.827849
771.059273
771.258616
771.425426
771.559329
771.660021
771.727276
771.760941
771.760941
771.727276
771.660021
771.559329
771.425426
771.258616
771.059273
770.827849
770.564867
770.270920
770.254408
770.547987
770.810639
771.041773
771.240865
771.407467
771.541201
771.641767
771.708937
771.742560
771.742560
771.708937
771.641767
771.541201
771.407467
771.240865
771.041773
770.810639
770.547987
770.254408
770.237918
770.531128
770.793451
771.024294
771.223137
771.389530
771.523096
771.623536
771.690622
771.724203
771.724203
771.690622
771.623536
771.523096
771.389530
771.223137
771.024294
770.793451
770.531128
770.237918
770.221448
770.514290
770.776284
771.006838
771.205431
771.371615
771.505014
771.605328
771.672330
771.705869
771.705869
771.672330
771.605328
771.505014
771.371615
771.205431
771.006838
770.776284
770.514290
770.221448
770.204999
770.497474
770.759139
770.989404
771.187748
771.353723
771.486955
771.587143
771.654061
771.687557
771.687557
771.654061
771.587143
771.486955
771.353723
771.187748
770.989404
770.759139
770.497474
770.204999
770.188570
770.480678
770.742015
770.971991
771.170086
771.335853
771.468918
771.568980
771.635814
771.669269
771.669269
771.635814
771.568980
771.468918
771.335853
771.170086
770.971991
770.742015
770.480678
770.188570
770.172162
770.463904
770.724913
770.954600
771.152447
771.318006
771.450904
771.550841
771.617591
771.651004
771.651004
771.617591
771.550841
771.450904
771.318006
771.152447
770.954600
770.724913
770.463904
770.172162
770.155775
770.447151
770.707832
770.937232
771.134830
771.300182
771.432913
771.532724
771.599391
771.632761
771.632761
771.599391
771.532724
771.432913
771.300182
771.134830
770.937232
770.707832
770.447151
770.155775
770.139408
770.430418
770.690773
770.919885
771.117235
771.282379
771.414944
771.514630
771.581213
771.614542
771.614542
771.581213
771.514630
771.414944
771.282379
771.117235
770.919885
770.690773
770.430418
770.139408
770.123062
770.413707
770.673735
770.902560
771.099663
771.264600
771.396998
771.496559
771.563058
771.596345
771.596345
771.563058
771.496559
771.396998
771.264600
771.099663
770.902560
770.673735
770.413707
770.123062
770.106737
770.397017
770.656719
770.885256
771.082112
771.246842
771.379075
771.478511
771.544927
771.578172
771.578172
771.544927
771.478511
771.379075
771.246842
771.082112
770.885256
770.656719
770.397017
770.106737
770.090431
770.380348
770.639724
770.867975
771.064584
771.229107
771.361173
771.460485
771.526817
771.560021
771.560021
771.526817
771.460485
771.361173
771.229107
771.064584
770.867975
770.639724
770.380348
770.090431
770.074147
770.363699
770.622750
770.850715
771.047077
771.211394
771.343295
771.442482
771.508731
771.541893
771.541893
771.508731
771.442482
771.343295
771.211394
771.047077
770.850715
770.622750
770.363699
770.074147
770.057883
770.347072
770.605798
770.833476
771.029593
771.193704
771.325439
771.424502
771.490668
771.523788
771.523788
771.490668
771.424502
771.325439
771.193704
771.029593
770.833476
770.605798
770.347072
770.057883
770.041639
770.330465
770.588867
770.816260
771.012130
771.176035
771.307605
771.406544
771.472627
771.505706
771.505706
771.472627
771.406544
771.307605
771.176035
771.012130
770.816260
770.588867
770.330465
770.041639
770.025415
770.313880
770.571957
770.799065
770.994689
771.158389
771.289794
771.388609
771.454609
771.487646
771.487646
771.454609
771.388609
771.289794
771.158389
770.994689
770.799065
770.571957
770.313880
770.025415
770.009212
770.297315
770.555069
770.781892
770.977271
771.140765
771.272006
771.370696
771.436613
771.469609
771.469609
771.436613
771.370696
771.272006
771.140765
770.977271
770.781892
770.555069
770.297315
770.009212
769.993030
770.280771
770.538202
770.764740
770.959874
771.123163
771.254239
771.352806
771.418641
771.451595
771.451595
771.418641
771.352806
771.254239
771.123163
770.959874
770.764740
770.538202
770.280771
769.993030
769.976867
770.264248
770.521356
770.747610
770.942499
771.105584
771.236495
771.334938
771.400690
771.433604
771.433604
771.400690
771.334938
771.236495
771.105584
770.942499
770.747610
770.521356
770.264248
769.976867
769.960725
770.247745
770.504531
770.730501
770.925146
771.088026
771.218773
771.317093
771.382763
771.415635
771.415635
771.382763
771.317093
771.218773
771.088026
770.925146
770.730501
770.504531
770.247745
769.960725
769.944603
770.231264
770.487727
770.713414
770.907815
771.070490
771.201074
771.299270
771.364858
771.397688
771.397688
771.364858
771.299270
771.201074
771.070490
770.907815
770.713414
770.487727
770.231264
769.944603
769.928502
770.214802
770.470944
770.696348
770.890505
771.052977
771.183397
771.281470
771.346975
771.379765
771.379765
771.346975
771.281470
771.183397
771.052977
770.890505
770.696348
770.470944
770.214802
769.928502
769.912420
770.198362
770.454183
770.679304
770.873218
771.035486
771.165742
771.263692
771.329115
771.361863
771.361863
771.329115
771.263692
771.165742
771.035486
770.873218
770.679304
770.454183
770.198362
769.912420
769.896359
770.181942
770.437442
770.662281
770.855952
771.018016
771.148109
771.245936
771.311277
771.343985
771.343985
771.311277
771.245936
771.148109
771.018016
770.855952
770.662281
770.437442
770.181942
769.896359
769.880318
770.165543
770.420722
770.645280
770.838707
771.000569
771.130498
771.228203
771.293462
771.326128
771.326128
771.293462
771.228203
771.130498
771.000569
770.838707
770.645280
770.420722
770.165543
769.880318
769.864297
770.149165
770.404024
770.628300
770.821485
770.983143
771.112910
771.210492
771.275669
771.308295
771.308295
771.275669
771.210492
771.112910
770.983143
770.821485
770.628300
770.404024
770.149165
769.864297
769.848296
770.132807
770.387346
770.611341
770.804284
770.965739
771.095343
771.192803
771.257899
771.290483
771.290483
771.257899
771.192803
771.095343
770.965739
770.804284
770.611341
770.387346
770.132807
769.848296
769.832316
770.116469
770.370690
770.594403
770.787104
770.948357
771.077799
771.175137
771.240151
771.272694
771.272694
771.240151
771.175137
771.077799
770.948357
770.787104
770.594403
770.370690
770.116469
769.832316
769.816355
770.100152
770.354054
770.577487
770.769946
770.930998
771.060277
771.157492
771.222425
771.254928
771.254928
771.222425
771.157492
771.060277
770.930998
770.769946
770.577487
770.354054
770.100152
769.816355
769.800415
770.083856
770.337439
770.560592
770.752810
770.913659
771.042776
771.139870
771.204721
771.237183
771.237183
771.204721
771.139870
771.042776
770.913659
770.752810
770.560592
770.337439
770.083856
769.800415
769.784494
770.067580
770.320845
770.543718
770.735696
770.896343
771.025298
771.122270
771.187040
771.219461
771.219461
771.187040
771.122270
771.025298
770.896343
770.735696
770.543718
770.320845
770.067580
769.784494
769.768593
770.051324
770.304272
770.526866
770.718602
770.879048
771.007842
771.104692
771.169381
771.201762
771.201762
771.169381
771.104692
771.007842
770.879048
770.718602
770.526866
770.304272
770.051324
769.768593
769.752713
770.035089
770.287720
770.510035
770.701531
770.861776
770.990408
771.087137
771.151744
771.184084
771.184084
771.151744
771.087137
770.990408
770.861776
770.701531
770.510035
770.287720
770.035089
769.752713
769.736852
770.018874
770.271189
770.493224
770.684480
770.844524
770.972995
771.069603
771.134129
771.166429
771.166429
771.134129
771.069603
770.972995
770.844524
770.684480
770.493224
770.271189
770.018874
769.736852
769.721011
770.002680
770.254678
770.476435
770.667451
770.827295
770.955605
771.052091
771.116537
771.148796
771.148796
771.116537
771.052091
770.955605
770.827295
770.667451
770.476435
770.254678
770.002680
769.721011
769.705190
769.986506
770.238188
770.459667
770.650444
770.810087
770.938236
771.034602
771.098966
771.131185
771.131185
771.098966
771.034602
770.938236
770.810087
770.650444
770.459667
770.238188
769.986506
769.705190
769.689389
769.970352
770.221719
770.442920
770.633458
770.792901
770.920889
771.017134
771.081418
771.113596
771.113596
771.081418
771.017134
770.920889
770.792901
770.633458
770.442920
770.221719
769.970352
769.689389
769.673608
769.954219
770.205270
770.426194
770.616493
770.775736
770.903564
770.999688
771.063892
771.096030
771.096030
771.063892
770.999688
770.903564
770.775736
770.616493
770.426194
770.205270
769.954219
769.673608
769.657846
769.938105
770.188842
770.409490
770.599550
770.758593
770.886261
770.982264
771.046387
771.078485
771.078485
771.046387
770.982264
770.886261
770.758593
770.599550
770.409490
770.188842
769.938105
769.657846
769.642105
769.922012
770.172435
770.392806
770.582628
770.741472
770.868979
770.964863
771.028905
771.060963
771.060963
771.028905
770.964863
770.868979
770.741472
770.582628
770.392806
770.172435
769.922012
769.642105
769.626383
769.905939
770.156048
770.376143
770.565727
770.724372
770.851719
770.947483
771.011445
771.043462
771.043462
771.011445
770.947483
770.851719
770.724372
770.565727
770.376143
770.156048
769.905939
769.626383
769.610680
769.889887
770.139682
770.359501
770.548847
770.707293
770.834481
770.930124
770.994007
771.025984
771.025984
770.994007
770.930124
770.834481
770.707293
770.548847
770.359501
770.139682
769.889887
769.610680
769.594998
769.873854
770.123336
770.342880
770.531988
770.690236
770.817265
770.912788
770.976590
771.008527
771.008527
770.976590
770.912788
770.817265
770.690236
770.531988
770.342880
770.123336
769.873854
769.594998
769.579335
769.857842
770.107011
770.326279
770.515151
770.673200
770.800070
770.895473
770.959196
770.991093
770.991093
770.959196
770.895473
770.800070
770.673200
770.515151
770.326279
770.107011
769.857842
769.579335
769.563692
769.841850
770.090706
770.309700
770.498335
770.656186
770.782897
770.878181
770.941823
770.973680
770.973680
770.941823
770.878181
770.782897
770.656186
770.498335
770.309700
770.090706
769.841850
769.563692
769.548068
769.825877
770.074422
770.293141
770.481540
770.639193
770.765745
770.860909
770.924472
770.956289
770.956289
770.924472
770.860909
770.765745
770.639193
770.481540
770.293141
770.074422
769.825877
769.548068
769.532464
769.809925
770.058159
770.276603
770.464766
770.622222
770.748615
770.843660
770.907143
770.938920
770.938920
770.907143
770.843660
770.748615
770.622222
770.464766
770.276603
770.058159
769.809925
769.532464
769.516880
769.793993
770.041915
770.260086
770.448013
770.605272
770.731506
770.826432
770.889836
770.921573
770.921573
770.889836
770.826432
770.731506
770.605272
770.448013
770.260086
770.041915
769.793993
769.516880
769.501315
769.778081
770.025693
770.243590
770.431281
770.588343
770.714419
770.809226
770.872550
770.904248
770.904248
770.872550
770.809226
770.714419
770.588343
770.431281
770.243590
770.025693
769.778081
769.501315
769.485770
769.762189
770.009490
770.227115
770.414571
770.571435
770.697353
770.792042
770.855286
770.886944
770.886944
770.855286
770.792042
770.697353
770.571435
770.414571
770.227115
770.009490
769.762189
769.485770
769.470244
769.746317
769.993308
770.210660
770.397881
770.554549
770.680309
770.774879
770.838044
770.869663
770.869663
770.838044
770.774879
770.680309
770.554549
770.397881
770.210660
769.993308
769.746317
769.470244
769.454738
769.730464
769.977146
770.194225
770.381212
770.537683
770.663286
770.757738
770.820824
770.852402
770.852402
770.820824
770.757738
770.663286
770.537683
770.381212
770.194225
769.977146
769.730464
769.454738
769.439251
769.714632
769.961004
770.177812
770.364564
770.520839
770.646285
770.740618
770.803625
770.835164
770.835164
770.803625
770.740618
770.646285
770.520839
770.364564
770.177812
769.961004
769.714632
769.439251
769.423783
769.698819
769.944883
770.161419
770.347937
770.504016
770.629305
770.723520
770.786448
770.817947
770.817947
770.786448
770.723520
770.629305
770.504016
770.347937
770.161419
769.944883
769.698819
769.423783
769.408335
769.683027
769.928782
770.145046
770.331331
770.487215
770.612346
770.706443
770.769292
770.800752
770.800752
770.769292
770.706443
770.612346
770.487215
770.331331
770.145046
769.928782
769.683027
769.408335
769.392907
769.667254
769.912701
770.128694
770.314745
770.470434
770.595409
770.689387
770.752158
770.783579
770.783579
770.752158
770.689387
770.595409
770.470434
770.314745
770.128694
769.912701
769.667254
769.392907
769.377497
769.651501
769.896641
770.112363
770.298181
770.453675
770.578493
770.672354
770.735045
770.766427
770.766427
770.735045
770.672354
770.578493
770.453675
770.298181
770.112363
769.896641
769.651501
769.377497
769.362107
769.635767
769.880600
770.096052
770.281637
770.436936
770.561598
770.655341
770.717954
770.749296
770.749296
770.717954
770.655341
770.561598
770.436936
770.281637
770.096052
769.880600
769.635767
769.362107
769.346737
769.620054
769.864580
770.079762
770.265114
770.420219
770.544724
770.638350
770.700885
770.732187
770.732187
770.700885
770.638350
770.544724
770.420219
770.265114
770.079762
769.864580
769.620054
769.346737
769.331385
769.604360
769.848579
770.063492
770.248612
770.403522
770.527872
770.621380
770.683837
770.715100
770.715100
770.683837
770.621380
770.527872
770.403522
770.248612
770.063492
769.848579
769.604360
769.331385
769.316053
769.588686
769.832599
770.047243
770.232131
770.386847
770.511040
770.604432
770.666810
770.698034
770.698034
770.666810
770.604432
770.511040
770.386847
770.232131
770.047243
769.832599
769.588686
769.316053
769.300740
769.573031
769.816639
770.031013
770.215670
770.370192
770.494230
770.587504
770.649804
770.680990
770.680990
770.649804
770.587504
770.494230
770.370192
770.215670
770.031013
769.816639
769.573031
769.300740
769.285446
769.557396
769.800699
770.014805
770.199230
770.353558
770.477441
770.570598
770.632820
770.663967
770.663967
770.632820
770.570598
770.477441
770.353558
770.199230
770.014805
769.800699
769.557396
769.285446
769.270172
769.541781
769.784779
769.998616
770.182811
770.336945
770.460673
770.553714
770.615858
770.646965
770.646965
770.615858
770.553714
770.460673
770.336945
770.182811
769.998616
769.784779
769.541781
769.270172
769.254916
769.526185
769.768879
769.982448
770.166412
770.320354
770.443926
770.536850
770.598916
770.629985
770.629985
770.598916
770.536850
770.443926
770.320354
770.166412
769.982448
769.768879
769.526185
769.254916
769.239680
769.510609
769.752998
769.966301
770.150034
770.303782
770.427200
770.520008
770.581996
770.613026
770.613026
770.581996
770.520008
770.427200
770.303782
770.150034
769.966301
769.752998
769.510609
769.239680
769.224463
769.495052
769.737138
769.950173
770.133676
770.287232
770.410495
770.503187
770.565098
770.596088
770.596088
770.565098
770.503187
770.410495
770.287232
770.133676
769.950173
769.737138
769.495052
769.224463
769.209265
769.479515
769.721298
769.934066
770.117339
770.270703
770.393811
770.486387
770.548220
770.579171
770.579171
770.548220
770.486387
770.393811
770.270703
770.117339
769.934066
769.721298
769.479515
769.209265
769.194086
769.463998
769.705477
769.917979
770.101022
770.254194
770.377148
770.469608
770.531364
770.562276
770.562276
770.531364
770.469608
770.377148
770.254194
770.101022
769.917979
769.705477
769.463998
769.194086
769.178926
769.448500
769.689677
769.901912
770.084726
770.237706
770.360506
770.452850
770.514528
770.545402
770.545402
770.514528
770.452850
770.360506
770.237706
770.084726
769.901912
769.689677
769.448500
769.178926
769.163785
769.433021
769.673896
769.885865
770.068450
770.221239
770.343885
770.436113
770.497714
770.528550
770.528550
770.497714
770.436113
770.343885
770.221239
770.068450
769.885865
769.673896
769.433021
769.163785
769.148663
769.417562
769.658135
769.869839
770.052195
770.204792
770.327285
770.419397
770.480921
770.511718
770.511718
770.480921
770.419397
770.327285
770.204792
770.052195
769.869839
769.658135
769.417562
769.148663
769.133560
769.402122
769.642394
769.853832
770.035960
770.188366
770.310705
770.402702
770.464149
770.494907
770.494907
770.464149
770.402702
770.310705
770.188366
770.035960
769.853832
769.642394
769.402122
769.133560
769.118476
769.386701
769.626672
769.837846
770.019746
770.171961
770.294147
770.386029
770.447398
770.478118
770.478118
770.447398
770.386029
770.294147
770.171961
770.019746
769.837846
769.626672
769.386701
769.118476
769.103411
769.371300
769.610970
769.821880
770.003552
770.155576
770.277609
770.369376
770.430669
770.461350
770.461350
770.430669
770.369376
770.277609
770.155576
770.003552
769.821880
769.610970
769.371300
769.103411
769.088364
769.355918
769.595288
769.805933
769.987378
770.139212
770.261092
770.352744
770.413960
770.444603
770.444603
770.413960
770.352744
770.261092
770.139212
769.987378
769.805933
769.595288
769.355918
769.088364
769.073337
769.340556
769.579626
769.790007
769.971224
770.122868
770.244595
770.336132
770.397272
770.427876
770.427876
770.397272
770.336132
770.244595
770.122868
769.971224
769.790007
769.579626
769.340556
769.073337
769.058329
769.325213
769.563983
769.774101
769.955091
770.106545
770.228120
770.319542
770.380605
770.411171
770.411171
770.380605
770.319542
770.228120
770.106545
769.955091
769.774101
769.563983
769.325213
769.058329
769.043339
769.309889
769.548360
769.758215
769.938978
770.090242
770.211665
770.302973
770.363959
770.394487
770.394487
770.363959
770.302973
770.211665
770.090242
769.938978
769.758215
769.548360
769.309889
769.043339
769.028368
769.294584
769.532757
769.742348
769.922885
770.073960
770.195231
770.286424
770.347334
770.377824
770.377824
770.347334
770.286424
770.195231
770.073960
769.922885
769.742348
769.532757
769.294584
769.028368
769.013416
769.279298
769.517173
769.726502
769.906813
770.057698
770.178817
770.269896
770.330730
770.361181
770.361181
770.330730
770.269896
770.178817
770.057698
769.906813
769.726502
769.517173
769.279298
769.013416
768.998482
769.264032
769.501608
769.710675
769.890760
770.041457
770.162424
770.253389
770.314147
770.344560
770.344560
770.314147
770.253389
770.162424
770.041457
769.890760
769.710675
769.501608
769.264032
768.998482
768.983567
769.248784
769.486063
769.694869
769.874728
770.025236
770.146051
770.236903
770.297584
770.327959
770.327959
770.297584
770.236903
770.146051
770.025236
769.874728
769.694869
769.486063
769.248784
768.983567
768.968671
769.233556
769.470538
769.679082
769.858716
770.009035
770.129700
770.220437
770.281043
770.311380
770.311380
770.281043
770.220437
770.129700
770.009035
769.858716
769.679082
769.470538
769.233556
768.968671
768.953794
769.218347
769.455032
769.663315
769.842724
769.992855
770.113368
770.203992
770.264522
770.294821
770.294821
770.264522
770.203992
770.113368
769.992855
769.842724
769.663315
769.455032
769.218347
768.953794
768.938935
769.203157
769.439546
769.647567
769.826752
769.976695
770.097057
770.187568
770.248022
770.278283
770.278283
770.248022
770.187568
770.097057
769.976695
769.826752
769.647567
769.439546
769.203157
768.938935
768.924095
769.187986
769.424079
769.631840
769.810800
769.960555
770.080767
770.171164
770.231542
770.261765
770.261765
770.231542
770.171164
770.080767
769.960555
769.810800
769.631840
769.424079
769.187986
768.924095
768.909274
769.172834
769.408631
769.616132
769.794868
769.944436
770.064497
770.154781
770.215083
770.245269
770.245269
770.215083
770.154781
770.064497
769.944436
769.794868
769.616132
769.408631
769.172834
768.909274
768.894471
769.157701
769.393203
769.600444
769.778956
769.928336
770.048247
770.138418
770.198645
770.228793
770.228793
770.198645
770.138418
770.048247
769.928336
769.778956
769.600444
769.393203
769.157701
768.894471
768.879686
769.142587
769.377794
769.584776
769.763064
769.912257
770.032018
770.122076
770.182228
770.212338
770.212338
770.182228
770.122076
770.032018
769.912257
769.763064
769.584776
769.377794
769.142587
768.879686
768.864921
769.127492
769.362404
769.569127
769.747192
769.896199
770.015809
770.105754
770.165831
770.195903
770.195903
770.165831
770.105754
770.015809
769.896199
769.747192
769.569127
769.362404
769.127492
768.864921
768.850173
769.112416
769.347034
769.553498
769.731340
769.880160
769.999621
770.089453
770.149455
770.179489
770.179489
770.149455
770.089453
769.999621
769.880160
769.731340
769.553498
769.347034
769.112416
768.850173
768.835445
769.097359
769.331683
769.537888
769.715508
769.864141
769.983453
770.073173
770.133099
770.163096
770.163096
770.133099
770.073173
769.983453
769.864141
769.715508
769.537888
769.331683
769.097359
768.835445
768.820734
769.082320
769.316351
769.522298
769.699696
769.848143
769.967305
770.056913
770.116764
770.146723
770.146723
770.116764
770.056913
769.967305
769.848143
769.699696
769.522298
769.316351
769.082320
768.820734
768.806042
769.067301
769.301039
769.506728
769.683903
769.832165
769.951177
770.040673
770.100449
770.130371
770.130371
770.100449
770.040673
769.951177
769.832165
769.683903
769.506728
769.301039
769.067301
768.806042
768.791369
769.052300
769.285746
769.491177
769.668130
769.816206
769.935070
770.024453
770.084155
770.114039
770.114039
770.084155
770.024453
769.935070
769.816206
769.668130
769.491177
769.285746
769.052300
768.791369
768.776714
769.037318
769.270471
769.475646
769.652378
769.800268
769.918983
770.008254
770.067881
770.097728
770.097728
770.067881
770.008254
769.918983
769.800268
769.652378
769.475646
769.270471
769.037318
768.776714
768.762077
769.022355
769.255216
769.460134
769.636644
769.784350
769.902916
769.992076
770.051627
770.081437
770.081437
770.051627
769.992076
769.902916
769.784350
769.636644
769.460134
769.255216
769.022355
768.762077
768.747458
769.007411
769.239981
769.444641
769.620931
769.768451
769.886869
769.975917
770.035395
770.065167
770.065167
770.035395
769.975917
769.886869
769.768451
769.620931
769.444641
769.239981
769.007411
768.747458
768.732858
768.992486
769.224764
769.429168
769.605237
769.752573
769.870843
769.959779
770.019182
770.048917
770.048917
770.019182
769.959779
769.870843
769.752573
769.605237
769.429168
769.224764
768.992486
768.732858
768.718276
768.977579
769.209566
769.413715
769.589563
769.736714
769.854836
769.943661
770.002990
770.032687
770.032687
770.002990
769.943661
769.854836
769.736714
769.589563
769.413715
769.209566
768.977579
768.718276
768.703713
768.962690
769.194388
769.398281
769.573909
769.720876
769.838850
769.927564
769.986818
770.016478
770.016478
769.986818
769.927564
769.838850
769.720876
769.573909
769.398281
769.194388
768.962690
768.703713
768.689168
768.947821
769.179228
769.382866
769.558274
769.705057
769.822883
769.911486
769.970666
770.000290
770.000290
769.970666
769.911486
769.822883
769.705057
769.558274
769.382866
769.179228
768.947821
768.689168
768.674641
768.932970
769.164087
769.367470
769.542659
769.689258
769.806937
769.895429
769.954535
769.984121
769.984121
769.954535
769.895429
769.806937
769.689258
769.542659
769.367470
769.164087
768.932970
768.674641
768.660132
768.918138
769.148966
769.352094
769.527064
769.673479
769.791010
769.879392
769.938424
769.967973
769.967973
769.938424
769.879392
769.791010
769.673479
769.527064
769.352094
769.148966
768.918138
768.660132
768.645641
768.903324
769.133863
769.336737
769.511488
769.657720
769.775104
769.863375
769.922333
769.951845
769.951845
769.922333
769.863375
769.775104
769.657720
769.511488
769.336737
769.133863
768.903324
768.645641
768.631169
768.888529
769.118780
769.321399
769.495931
769.641981
769.759218
769.847378
769.906262
769.935737
769.935737
769.906262
769.847378
769.759218
769.641981
769.495931
769.321399
769.118780
768.888529
768.631169
768.616714
768.873753
769.103715
769.306081
769.480394
769.626261
769.743351
769.831401
769.890212
769.919650
769.919650
769.890212
769.831401
769.743351
769.626261
769.480394
769.306081
769.103715
768.873753
768.616714
768.602278
768.858994
769.088669
769.290782
769.464877
769.610561
769.727505
769.815444
769.874181
769.903583
769.903583
769.874181
769.815444
769.727505
769.610561
769.464877
769.290782
769.088669
768.858994
768.602278
768.587860
768.844255
769.073642
769.275502
769.449379
769.594881
769.711678
769.799507
769.858171
769.887536
769.887536
769.858171
769.799507
769.711678
769.594881
769.449379
769.275502
769.073642
768.844255
768.587860
768.573460
768.829534
769.058634
769.260241
769.433900
769.579220
769.695871
769.783591
769.842181
769.871509
769.871509
769.842181
769.783591
769.695871
769.579220
769.433900
769.260241
769.058634
768.829534
768.573460
768.559078
768.814831
769.043644
769.244999
769.418441
769.563579
769.680084
769.767694
769.826211
769.855502
769.855502
769.826211
769.767694
769.680084
769.563579
769.418441
769.244999
769.043644
768.814831
768.559078
768.544713
768.800147
769.028674
769.229777
769.403002
769.547958
769.664317
769.751817
769.810260
769.839515
769.839515
769.810260
769.751817
769.664317
769.547958
769.403002
769.229777
769.028674
768.800147
768.544713
768.530367
768.785481
769.013722
769.214573
769.387581
769.532356
769.648569
769.735960
769.794330
769.823548
769.823548
769.794330
769.735960
769.648569
769.532356
769.387581
769.214573
769.013722
768.785481
768.530367
768.516039
768.770834
768.998789
769.199389
769.372180
769.516774
769.632842
769.720123
769.778420
769.807602
769.807602
769.778420
769.720123
769.632842
769.516774
769.372180
769.199389
768.998789
768.770834
768.516039
768.501729
768.756205
768.983874
769.184223
769.356799
769.501211
769.617134
769.704306
769.762530
769.791675
769.791675
769.762530
769.704306
769.617134
769.501211
769.356799
769.184223
768.983874
768.756205
768.501729
768.487437
768.741594
768.968979
769.169077
769.341436
769.485668
769.601446
769.688509
769.746660
769.775768
769.775768
769.746660
769.688509
769.601446
769.485668
769.341436
769.169077
768.968979
768.741594
768.487437
768.473163
768.727002
768.954102
769.153949
769.326093
769.470144
769.585777
769.672731
769.730810
769.759882
769.759882
769.730810
769.672731
769.585777
769.470144
769.326093
769.153949
768.954102
768.727002
768.473163
768.458906
768.712428
768.939243
769.138841
769.310769
769.454640
769.570128
769.656973
769.714979
769.744015
769.744015
769.714979
769.656973
769.570128
769.454640
769.310769
769.138841
768.939243
768.712428
768.458906
768.444668
768.697872
768.924404
769.123751
769.295464
769.439155
769.554499
769.641235
769.699169
769.728168
769.728168
769.699169
769.641235
769.554499
769.439155
769.295464
769.123751
768.924404
768.697872
768.444668
768.430447
768.683334
768.909582
769.108681
769.280179
769.423690
769.538889
769.625517
769.683378
769.712341
769.712341
769.683378
769.625517
769.538889
769.423690
769.280179
769.108681
768.909582
768.683334
768.430447
768.416244
768.668815
768.894780
769.093629
769.264913
769.408244
769.523299
769.609819
769.667607
769.696534
769.696534
769.667607
769.609819
769.523299
769.408244
769.264913
769.093629
768.894780
768.668815
768.416244
768.402059
768.654313
768.879996
769.078596
769.249665
769.392817
769.507729
769.594140
769.651856
769.680746
769.680746
769.651856
769.594140
769.507729
769.392817
769.249665
769.078596
768.879996
768.654313
768.402059
768.387892
768.639830
768.865230
769.063582
769.234437
769.377410
769.492178
769.578481
769.636124
769.664979
769.664979
769.636124
769.578481
769.492178
769.377410
769.234437
769.063582
768.865230
768.639830
768.387892
768.373742
768.625366
768.850483
769.048587
769.219228
769.362022
769.476646
769.562841
769.620413
769.649231
769.649231
769.620413
769.562841
769.476646
769.362022
769.219228
769.048587
768.850483
768.625366
768.373742
768.359610
768.610919
768.835755
769.033611
769.204038
769.346654
769.461134
769.547221
769.604721
769.633503
769.633503
769.604721
769.547221
769.461134
769.346654
769.204038
769.033611
768.835755
768.610919
768.359610
768.345496
768.596490
768.821045
769.018653
769.188867
769.331304
769.445641
769.531621
769.589049
769.617795
769.617795
769.589049
769.531621
769.445641
769.331304
769.188867
769.018653
768.821045
768.596490
768.345496
768.331399
768.582079
768.806353
769.003714
769.173716
769.315974
769.430168
769.516040
769.573396
769.602106
769.602106
769.573396
769.516040
769.430168
769.315974
769.173716
769.003714
768.806353
768.582079
768.331399
768.317320
768.567687
768.791680
768.988794
769.158583
769.300663
769.414715
769.500479
769.557763
769.586437
769.586437
769.557763
769.500479
769.414715
769.300663
769.158583
768.988794
768.791680
768.567687
768.317320
768.303259
768.553312
768.777025
768.973892
769.143469
769.285372
769.399280
769.484937
769.542150
769.570788
769.570788
769.542150
769.484937
769.399280
769.285372
769.143469
768.973892
768.777025
768.553312
768.303259
768.289216
768.538956
768.762389
768.959010
769.128374
769.270099
769.383865
769.469415
769.526556
769.555159
769.555159
769.526556
769.469415
769.383865
769.270099
769.128374
768.959010
768.762389
768.538956
768.289216
768.275190
768.524617
768.747771
768.944146
769.113298
769.254846
769.368469
769.453912
769.510982
769.539549
769.539549
769.510982
769.453912
769.368469
769.254846
769.113298
768.944146
768.747771
768.524617
768.275190
768.261181
768.510297
768.733171
768.929300
769.098241
769.239612
769.353093
769.438429
769.495427
769.523958
769.523958
769.495427
769.438429
769.353093
769.239612
769.098241
768.929300
768.733171
768.510297
768.261181
768.247190
768.495994
768.718590
768.914473
769.083203
769.224396
769.337736
769.422965
769.479892
769.508387
769.508387
769.479892
769.422965
769.337736
769.224396
769.083203
768.914473
768.718590
768.495994
768.247190
768.233217
768.481709
768.704026
768.899665
769.068183
769.209200
769.322398
769.407521
769.464376
769.492836
769.492836
769.464376
769.407521
769.322398
769.209200
769.068183
768.899665
768.704026
768.481709
768.233217
768.219261
768.467443
768.689481
768.884875
769.053183
769.194023
769.307079
769.392096
769.448880
769.477304
769.477304
769.448880
769.392096
769.307079
769.194023
769.053183
768.884875
768.689481
768.467443
768.219261
768.205322
768.453194
768.674955
768.870104
769.038201
769.178865
769.291780
769.376690
769.433403
769.461792
769.461792
769.433403
769.376690
769.291780
769.178865
769.038201
768.870104
768.674955
768.453194
768.205322
768.191401
768.438963
768.660446
768.855351
769.023238
769.163726
769.276500
769.361303
769.417946
769.446299
769.446299
769.417946
769.361303
769.276500
769.163726
769.023238
768.855351
768.660446
768.438963
768.191401
768.177498
768.424749
768.645956
768.840617
769.008294
769.148606
769.261239
769.345936
769.402508
769.430825
769.430825
769.402508
769.345936
769.261239
769.148606
769.008294
768.840617
768.645956
768.424749
768.177498
768.163612
768.410554
768.631484
768.825901
768.993368
769.133505
769.245997
769.330588
769.387089
769.415371
769.415371
769.387089
769.330588
769.245997
769.133505
768.993368
768.825901
768.631484
768.410554
768.163612
768.149743
768.396376
768.617029
768.811204
768.978461
769.118423
769.230774
769.315260
769.371690
769.399937
769.399937
769.371690
769.315260
769.230774
769.118423
768.978461
768.811204
768.617029
768.396376
768.149743
768.135892
768.382216
768.602594
768.796525
768.963573
769.103360
769.215570
769.299950
769.356310
769.384521
769.384521
769.356310
769.299950
769.215570
769.103360
768.963573
768.796525
768.602594
768.382216
768.135892
768.122058
768.368074
768.588176
768.781865
768.948704
769.088316
769.200386
769.284660
769.340949
769.369125
769.369125
769.340949
769.284660
769.200386
769.088316
768.948704
768.781865
768.588176
768.368074
768.122058
768.108241
768.353950
768.573776
768.767223
768.933853
769.073290
769.185220
769.269389
769.325607
769.353748
769.353748
769.325607
769.269389
769.185220
769.073290
768.933853
768.767223
768.573776
768.353950
768.108241
768.094441
768.339843
768.559394
768.752599
768.919021
769.058284
769.170073
769.254137
769.310285
769.338391
769.338391
769.310285
769.254137
769.170073
769.058284
768.919021
768.752599
768.559394
768.339843
768.094441
768.080659
768.325754
768.545030
768.737993
768.904207
769.043296
769.154946
769.238904
769.294982
769.323053
769.323053
769.294982
769.238904
769.154946
769.043296
768.904207
768.737993
768.545030
768.325754
768.080659
768.066894
768.311682
768.530684
768.723406
768.889412
769.028327
769.139837
769.223691
769.279698
769.307734
769.307734
769.279698
769.223691
769.139837
769.028327
768.889412
768.723406
768.530684
768.311682
768.066894
768.053147
768.297628
768.516357
768.708837
768.874636
769.013377
769.124747
769.208496
769.264434
769.292434
769.292434
769.264434
769.208496
769.124747
769.013377
768.874636
768.708837
768.516357
768.297628
768.053147
768.039416
768.283592
768.502047
768.694287
768.859878
768.998445
769.109676
769.193320
769.249188
769.277153
769.277153
769.249188
769.193320
769.109676
768.998445
768.859878
768.694287
768.502047
768.283592
768.039416
768.025703
768.269573
768.487755
768.679754
768.845138
768.983532
769.094624
769.178164
769.233962
769.261892
769.261892
769.233962
769.178164
769.094624
768.983532
768.845138
768.679754
768.487755
768.269573
768.025703
768.012007
768.255572
768.473481
768.665240
768.830417
768.968638
769.079591
769.163026
769.218754
769.246650
769.246650
769.218754
769.163026
769.079591
768.968638
768.830417
768.665240
768.473481
768.255572
768.012007
767.998328
768.241589
768.459225
768.650744
768.815714
768.953763
769.064577
769.147908
769.203566
769.231427
769.231427
769.203566
769.147908
769.064577
768.953763
768.815714
768.650744
768.459225
768.241589
767.998328
767.984666
768.227623
768.444986
768.636266
768.801030
768.938906
769.049582
769.132808
769.188397
769.216223
769.216223
769.188397
769.132808
769.049582
768.938906
768.801030
768.636266
768.444986
768.227623
767.984666
767.971021
768.213674
768.430766
768.621807
768.786364
768.924068
769.034605
769.117727
769.173246
769.201037
769.201037
769.173246
769.117727
769.034605
768.924068
768.786364
768.621807
768.430766
768.213674
767.971021
767.957394
768.199743
768.416563
768.607365
768.771717
768.909248
769.019647
769.102665
769.158115
769.185871
769.185871
769.158115
769.102665
769.019647
768.909248
768.771717
768.607365
768.416563
768.199743
767.957394
767.943783
768.185829
768.402379
768.592942
768.757088
768.894447
769.004708
769.087622
769.143003
769.170724
769.170724
769.143003
769.087622
769.004708
768.894447
768.757088
768.592942
768.402379
768.185829
767.943783
767.930190
768.171933
768.388211
768.578536
768.742477
768.879664
768.989788
769.072598
769.127910
769.155596
769.155596
769.127910
769.072598
768.989788
768.879664
768.742477
768.578536
768.388211
768.171933
767.930190
767.916613
768.158054
768.374062
768.564149
768.727885
768.864901
768.974886
769.057593
769.112835
769.140487
769.140487
769.112835
769.057593
768.974886
768.864901
768.727885
768.564149
768.374062
768.158054
767.916613
767.903054
768.144193
768.359930
768.549780
768.713311
768.850155
768.960003
769.042607
769.097780
769.125397
769.125397
769.097780
769.042607
768.960003
768.850155
768.713311
768.549780
768.359930
768.144193
767.903054
767.889511
768.130348
768.345817
768.535428
768.698755
768.835428
768.945139
769.027639
769.082743
769.110326
769.110326
769.082743
769.027639
768.945139
768.835428
768.698755
768.535428
768.345817
768.130348
767.889511
767.875986
768.116522
768.331720
768.521095
768.684217
768.820720
768.930293
769.012690
769.067725
769.095274
769.095274
769.067725
769.012690
768.930293
768.820720
768.684217
768.521095
768.331720
768.116522
767.875986
767.862477
768.102712
768.317642
768.506779
768.669698
768.806029
768.915466
768.997760
769.052726
769.080240
769.080240
769.052726
768.997760
768.915466
768.806029
768.669698
768.506779
768.317642
768.102712
767.862477
767.848985
768.088920
768.303581
768.492482
768.655197
768.791358
768.900657
768.982849
769.037746
769.065226
769.065226
769.037746
768.982849
768.900657
768.791358
768.655197
768.492482
768.303581
768.088920
767.848985
767.835510
768.075145
768.289537
768.478202
768.640714
768.776704
768.885867
768.967956
769.022785
769.050230
769.050230
769.022785
768.967956
768.885867
768.776704
768.640714
768.478202
768.289537
768.075145
767.835510
767.822052
768.061387
768.275512
768.463941
768.626249
768.762069
768.871096
768.953082
769.007842
769.035253
769.035253
769.007842
768.953082
768.871096
768.762069
768.626249
768.463941
768.275512
768.061387
767.822052
767.808611
768.047647
768.261503
768.449697
768.611802
768.747453
768.856343
768.938226
768.992918
769.020295
769.020295
768.992918
768.938226
768.856343
768.747453
768.611802
768.449697
768.261503
768.047647
767.808611
767.795187
768.033924
768.247513
768.435471
768.597373
768.732855
768.841608
768.923389
768.978013
769.005355
769.005355
768.978013
768.923389
768.841608
768.732855
768.597373
768.435471
768.247513
768.033924
767.795187
767.781779
768.020218
768.233540
768.421263
768.582963
768.718275
768.826892
768.908571
768.963126
768.990435
768.990435
768.963126
768.908571
768.826892
768.718275
768.582963
768.421263
768.233540
768.020218
767.781779
767.768388
768.006529
768.219584
768.407072
768.568570
768.703713
768.812195
768.893771
768.948258
768.975533
768.975533
768.948258
768.893771
768.812195
768.703713
768.568570
768.407072
768.219584
768.006529
767.768388
767.755014
767.992857
768.205646
768.392900
768.554196
768.689169
768.797516
768.878990
768.933409
768.960649
768.960649
768.933409
768.878990
768.797516
768.689169
768.554196
768.392900
768.205646
767.992857
767.755014
767.741657
767.979202
768.191725
768.378745
768.539839
768.674644
768.782855
768.864228
768.918578
768.945785
768.945785
768.918578
768.864228
768.782855
768.674644
768.539839
768.378745
768.191725
767.979202
767.741657
767.728316
767.965565
768.177822
768.364608
768.525501
768.660137
768.768213
768.849484
768.903766
768.930938
768.930938
768.903766
768.849484
768.768213
768.660137
768.525501
768.364608
768.177822
767.965565
767.728316
767.714993
767.951944
768.163936
768.350488
768.511180
768.645648
768.753589
768.834758
768.888973
768.916111
768.916111
768.888973
768.834758
768.753589
768.645648
768.511180
768.350488
768.163936
767.951944
767.714993
767.701685
767.938341
768.150067
768.336386
768.496877
768.631177
768.738983
768.820051
768.874198
768.901302
768.901302
768.874198
768.820051
768.738983
768.631177
768.496877
768.336386
768.150067
767.938341
767.701685
767.688395
767.924754
768.136216
768.322302
768.482593
768.616725
768.724395
768.805362
768.859441
768.886512
768.886512
768.859441
768.805362
768.724395
768.616725
768.482593
768.322302
768.136216
767.924754
767.688395
767.675121
767.911185
768.122382
768.308236
768.468326
768.602290
768.709826
768.790692
768.844703
768.871740
768.871740
768.844703
768.790692
768.709826
768.602290
768.468326
768.308236
768.122382
767.911185
767.675121
767.661864
767.897632
768.108566
768.294187
768.454077
768.587874
768.695275
768.776040
768.829984
768.856987
768.856987
768.829984
768.776040
768.695275
768.587874
768.454077
768.294187
768.108566
767.897632
767.661864
767.648623
767.884097
768.094767
768.280156
768.439846
768.573475
768.680743
768.761406
768.815283
768.842252
768.842252
768.815283
768.761406
768.680743
768.573475
768.439846
768.280156
768.094767
767.884097
767.648623
767.635399
767.870578
768.080985
768.266142
768.425632
768.559095
768.666228
768.746791
768.800600
768.827535
768.827535
768.800600
768.746791
768.666228
768.559095
768.425632
768.266142
768.080985
767.870578
767.635399
767.622191
767.857077
768.067220
768.252146
768.411437
768.544732
768.651732
768.732194
768.785936
768.812837
768.812837
768.785936
768.732194
768.651732
768.544732
768.411437
768.252146
768.067220
767.857077
767.622191
767.609000
767.843592
768.053473
768.238167
768.397259
768.530388
768.637254
768.717615
768.771290
768.798158
768.798158
768.771290
768.717615
768.637254
768.530388
768.397259
768.238167
768.053473
767.843592
767.609000
767.595825
767.830124
768.039742
768.224206
768.383099
768.516062
768.622794
768.703055
768.756663
768.783497
768.783497
768.756663
768.703055
768.622794
768.516062
768.383099
768.224206
768.039742
767.830124
767.595825
767.582667
767.816673
768.026029
768.210263
768.368957
768.501753
768.608352
768.688512
768.742053
768.768854
768.768854
768.742053
768.688512
768.608352
768.501753
768.368957
768.210263
768.026029
767.816673
767.582667
767.569526
767.803239
768.012334
768.196337
768.354832
768.487463
768.593928
768.673988
768.727462
768.754230
768.754230
768.727462
768.673988
768.593928
768.487463
768.354832
768.196337
768.012334
767.803239
767.569526
767.556401
767.789822
767.998655
768.182428
768.340725
768.473190
768.579522
768.659483
768.712890
768.739624
768.739624
768.712890
768.659483
768.579522
768.473190
768.340725
768.182428
767.998655
767.789822
767.556401
767.543292
767.776421
767.984993
768.168537
768.326636
768.458935
768.565135
768.644995
768.698335
768.725036
768.725036
768.698335
768.644995
768.565135
768.458935
768.326636
768.168537
767.984993
767.776421
767.543292
767.530199
767.763037
767.971349
768.154663
768.312565
768.444698
768.550765
768.630525
768.683799
768.710466
768.710466
768.683799
768.630525
768.550765
768.444698
768.312565
768.154663
767.971349
767.763037
767.530199
767.517123
767.749670
767.957721
768.140806
768.298511
768.430479
768.536414
768.616074
768.669281
768.695915
768.695915
768.669281
768.616074
768.536414
768.430479
768.298511
768.140806
767.957721
767.749670
767.517123
767.504064
767.736320
767.944111
768.126967
768.284474
768.416278
768.522080
768.601641
768.654782
768.681382
768.681382
768.654782
768.601641
768.522080
768.416278
768.284474
768.126967
767.944111
767.736320
767.504064
767.491020
767.722986
767.930518
768.113145
768.270456
768.402095
768.507764
768.587226
768.640300
768.666867
768.666867
768.640300
768.587226
768.507764
768.402095
768.270456
768.113145
767.930518
767.722986
767.491020
767.477993
767.709670
767.916941
768.099340
768.256455
768.387929
768.493466
768.572829
768.625837
768.652371
768.652371
768.625837
768.572829
768.493466
768.387929
768.256455
768.099340
767.916941
767.709670
767.477993
767.464983
767.696369
767.903382
768.085553
768.242471
768.373781
768.479186
768.558450
768.611391
768.637892
768.637892
768.611391
768.558450
768.479186
768.373781
768.242471
768.085553
767.903382
767.696369
767.464983
767.451988
767.683086
767.889840
768.071783
768.228505
768.359651
768.464924
768.544088
768.596964
768.623432
768.623432
768.596964
768.544088
768.464924
768.359651
768.228505
768.071783
767.889840
767.683086
767.451988
767.439010
767.669819
767.876314
768.058030
768.214556
768.345538
768.450680
768.529745
768.582555
768.608989
768.608989
768.582555
768.529745
768.450680
768.345538
768.214556
768.058030
767.876314
767.669819
767.439010
767.426048
767.656568
767.862806
768.044295
768.200625
768.331443
768.436454
768.515420
768.568164
768.594565
768.594565
768.568164
768.515420
768.436454
768.331443
768.200625
768.044295
767.862806
767.656568
767.426048
767.413103
767.643334
767.849314
768.030576
768.186711
768.317366
768.422245
768.501113
768.553791
768.580159
768.580159
768.553791
768.501113
768.422245
768.317366
768.186711
768.030576
767.849314
767.643334
767.413103
767.400173
767.630117
767.835840
768.016875
768.172815
768.303306
768.408055
768.486824
768.539436
768.565771
768.565771
768.539436
768.486824
768.408055
768.303306
768.172815
768.016875
767.835840
767.630117
767.400173
767.387260
767.616916
767.822382
768.003191
768.158936
768.289264
768.393882
768.472552
768.525098
768.551401
768.551401
768.525098
768.472552
768.393882
768.289264
768.158936
768.003191
767.822382
767.616916
767.387260
767.374363
767.603732
767.808941
767.989524
768.145074
768.275240
768.379727
768.458299
768.510779
768.537049
768.537049
768.510779
768.458299
768.379727
768.275240
768.145074
767.989524
767.808941
767.603732
767.374363
767.361482
767.590565
767.795517
767.975874
768.131230
768.261233
768.365589
768.444063
768.496478
768.522715
768.522715
768.496478
768.444063
768.365589
768.261233
768.131230
767.975874
767.795517
767.590565
767.361482
767.348617
767.577413
767.782109
767.962241
768.117403
768.247244
768.351469
768.429846
768.482195
768.508399
768.508399
768.482195
768.429846
768.351469
768.247244
768.117403
767.962241
767.782109
767.577413
767.348617
767.335768
767.564279
767.768719
767.948626
768.103594
768.233272
768.337367
768.415645
768.467929
768.494101
768.494101
768.467929
768.415645
768.337367
768.233272
768.103594
767.948626
767.768719
767.564279
767.335768
767.322935
767.551160
767.755345
767.935027
768.089801
768.219317
768.323283
768.401463
768.453682
768.479820
768.479820
768.453682
768.401463
768.323283
768.219317
768.089801
767.935027
767.755345
767.551160
767.322935
767.310118
767.538058
767.741988
767.921446
768.076026
768.205380
768.309216
768.387299
768.439452
768.465558
768.465558
768.439452
768.387299
768.309216
768.205380
768.076026
767.921446
767.741988
767.538058
767.310118
767.297317
767.524973
767.728647
767.907881
768.062268
768.191461
768.295167
768.373152
768.425240
768.451314
768.451314
768.425240
768.373152
768.295167
768.191461
768.062268
767.907881
767.728647
767.524973
767.297317
767.284533
767.511904
767.715324
767.894333
768.048528
768.177559
768.281135
768.359023
768.411046
768.437087
768.437087
768.411046
768.359023
768.281135
768.177559
768.048528
767.894333
767.715324
767.511904
767.284533
767.271764
767.498851
767.702017
767.880803
768.034804
768.163674
768.267121
768.344912
768.396870
768.422878
768.422878
768.396870
768.344912
768.267121
768.163674
768.034804
767.880803
767.702017
767.498851
767.271764
767.259011
767.485814
767.688726
767.867289
768.021098
768.149807
768.253125
768.330818
768.382711
768.408687
768.408687
768.382711
768.330818
768.253125
768.149807
768.021098
767.867289
767.688726
767.485814
767.259011
767.246274
767.472794
767.675453
767.853792
768.007409
768.135957
768.239146
768.316742
768.368570
768.394514
768.394514
768.368570
768.316742
768.239146
768.135957
768.007409
767.853792
767.675453
767.472794
767.246274
767.233554
767.459790
767.662195
767.840312
767.993737
768.122125
768.225185
768.302684
768.354447
768.380358
768.380358
768.354447
768.302684
768.225185
768.122125
767.993737
767.840312
767.662195
767.459790
767.233554
767.220849
767.446802
767.648955
767.826849
767.980083
768.108310
768.211241
768.288643
768.340342
768.366220
768.366220
768.340342
768.288643
768.211241
768.108310
767.980083
767.826849
767.648955
767.446802
767.220849
767.208160
767.433831
767.635731
767.813403
767.966445
768.094512
768.197314
768.274620
768.326254
768.352100
768.352100
768.326254
768.274620
768.197314
768.094512
767.966445
767.813403
767.635731
767.433831
767.208160
767.195486
767.420876
767.622523
767.799973
767.952824
768.080731
768.183405
768.260614
768.312184
768.337998
768.337998
768.312184
768.260614
768.183405
768.080731
767.952824
767.799973
767.622523
767.420876
767.195486
767.182829
767.407937
767.609333
767.786561
767.939221
768.066968
768.169513
768.246626
768.298131
768.323913
768.323913
768.298131
768.246626
768.169513
768.066968
767.939221
767.786561
767.609333
767.407937
767.182829
767.170187
767.395014
767.596158
767.773165
767.925634
768.053222
768.155639
768.232655
768.284096
768.309846
768.309846
768.284096
768.232655
768.155639
768.053222
767.925634
767.773165
767.596158
767.395014
767.170187
767.157562
767.382108
767.583000
767.759786
767.912065
768.039493
768.141782
768.218702
768.270079
768.295796
768.295796
768.270079
768.218702
768.141782
768.039493
767.912065
767.759786
767.583000
767.382108
767.157562
767.144952
767.369217
767.569859
767.746423
767.898512
768.025781
768.127943
768.204766
768.256079
768.281764
768.281764
768.256079
768.204766
768.127943
768.025781
767.898512
767.746423
767.569859
767.369217
767.144952
767.132358
767.356343
767.556734
767.733078
767.884976
768.012086
768.114120
768.190848
768.242097
768.267750
768.267750
768.242097
768.190848
768.114120
768.012086
767.884976
767.733078
767.556734
767.356343
767.132358
767.119779
767.343484
767.543625
767.719749
767.871458
767.998409
768.100315
768.176947
768.228132
768.253753
768.253753
768.228132
768.176947
768.100315
767.998409
767.871458
767.719749
767.543625
767.343484
767.119779
767.107216
767.330642
767.530533
767.706437
767.857956
767.984748
768.086528
768.163064
768.214184
768.239774
768.239774
768.214184
768.163064
768.086528
767.984748
767.857956
767.706437
767.530533
767.330642
767.107216
767.094669
767.317816
767.517457
767.693141
767.844471
767.971105
768.072757
768.149198
768.200255
768.225812
768.225812
768.200255
768.149198
768.072757
767.971105
767.844471
767.693141
767.517457
767.317816
767.094669
767.082138
767.305006
767.504398
767.679862
767.831003
767.957479
768.059004
768.135349
768.186342
768.211867
768.211867
768.186342
768.135349
768.059004
767.957479
767.831003
767.679862
767.504398
767.305006
767.082138
767.069623
767.292212
767.491354
767.666600
767.817552
767.943870
768.045268
768.121518
768.172447
768.197940
768.197940
768.172447
768.121518
768.045268
767.943870
767.817552
767.666600
767.491354
767.292212
767.069623
767.057123
767.279434
767.478328
767.653354
767.804118
767.930278
768.031550
768.107704
768.158570
768.184031
768.184031
768.158570
768.107704
768.031550
767.930278
767.804118
767.653354
767.478328
767.279434
767.057123
767.044638
767.266672
767.465317
767.640125
767.790700
767.916703
768.017848
768.093907
768.144709
768.170139
768.170139
768.144709
768.093907
768.017848
767.916703
767.790700
767.640125
767.465317
767.266672
767.044638
767.032169
767.253926
767.452323
767.626912
767.777299
767.903145
768.004163
768.080128
768.130866
768.156264
768.156264
768.130866
768.080128
768.004163
767.903145
767.777299
767.626912
767.452323
767.253926
767.032169
767.019716
767.241196
767.439345
767.613716
767.763916
767.889603
767.990496
768.066366
768.117041
768.142407
768.142407
768.117041
768.066366
767.990496
767.889603
767.763916
767.613716
767.439345
767.241196
767.019716
767.007279
767.228481
767.426383
767.600537
767.750548
767.876079
767.976846
768.052621
768.103233
768.128567
768.128567
768.103233
768.052621
767.976846
767.876079
767.750548
767.600537
767.426383
767.228481
767.007279
766.994857
767.215783
767.413437
767.587373
767.737198
767.862572
767.963213
768.038893
768.089442
768.114744
768.114744
768.089442
768.038893
767.963213
767.862572
767.737198
767.587373
767.413437
767.215783
766.994857
766.982450
767.203100
767.400508
767.574227
767.723864
767.849082
767.949597
768.025182
768.075668
768.100939
768.100939
768.075668
768.025182
767.949597
767.849082
767.723864
767.574227
767.400508
767.203100
766.982450
766.970059
767.190434
767.387595
767.561097
767.710547
767.835608
767.935998
768.011489
768.061911
768.087151
768.087151
768.061911
768.011489
767.935998
767.835608
767.710547
767.561097
767.387595
767.190434
766.970059
766.957684
767.177783
767.374698
767.547983
767.697247
767.822152
767.922416
767.997813
768.048172
768.073380
768.073380
768.048172
767.997813
767.922416
767.822152
767.697247
767.547983
767.374698
767.177783
766.957684
766.945323
767.165148
767.361817
767.534886
767.683963
767.808712
767.908851
767.984153
768.034450
768.059627
768.059627
768.034450
767.984153
767.908851
767.808712
767.683963
767.534886
767.361817
767.165148
766.945323
766.932979
767.152529
767.348952
767.521805
767.670696
767.795289
767.895303
767.970511
768.020745
768.045890
768.045890
768.020745
767.970511
767.895303
767.795289
767.670696
767.521805
767.348952
767.152529
766.932979
766.920650
767.139925
767.336103
767.508740
767.657445
767.781883
767.881772
767.956886
768.007057
768.032171
768.032171
768.007057
767.956886
767.881772
767.781883
767.657445
767.508740
767.336103
767.139925
766.920650
766.908336
767.127338
767.323271
767.495692
767.644211
767.768493
767.868257
767.943278
767.993387
768.018469
768.018469
767.993387
767.943278
767.868257
767.768493
767.644211
767.495692
767.323271
767.127338
766.908336
766.896037
767.114766
767.310454
767.482660
767.630994
767.755121
767.854760
767.929688
767.979733
768.004784
768.004784
767.979733
767.929688
767.854760
767.755121
767.630994
767.482660
767.310454
767.114766
766.896037
766.883754
767.102210
767.297654
767.469644
767.617793
767.741765
767.841280
767.916114
767.966097
767.991117
767.991117
767.966097
767.916114
767.841280
767.741765
767.617793
767.469644
767.297654
767.102210
766.883754
766.871487
767.089669
767.284869
767.456645
767.604608
767.728425
767.827816
767.902557
767.952477
767.977466
767.977466
767.952477
767.902557
767.827816
767.728425
767.604608
767.456645
767.284869
767.089669
766.871487
766.859235
767.077144
767.272100
767.443662
767.591440
767.715103
767.814370
767.889017
767.938875
767.963833
767.963833
767.938875
767.889017
767.814370
767.715103
767.591440
767.443662
767.272100
767.077144
766.859235
766.846998
767.064635
767.259348
767.430695
767.578289
767.701797
767.800940
767.875494
767.925290
767.950216
767.950216
767.925290
767.875494
767.800940
767.701797
767.578289
767.430695
767.259348
767.064635
766.846998
766.834776
767.052142
767.246611
767.417744
767.565154
767.688508
767.787527
767.861988
767.911722
767.936617
767.936617
767.911722
767.861988
767.787527
767.688508
767.565154
767.417744
767.246611
767.052142
766.834776
766.822569
767.039664
767.233890
767.404810
767.552036
767.675235
767.774131
767.848498
767.898170
767.923034
767.923034
767.898170
767.848498
767.774131
767.675235
767.552036
767.404810
767.233890
767.039664
766.822569
766.810378
767.027202
767.221186
767.391891
767.538933
767.661979
767.760751
767.835026
767.884636
767.909469
767.909469
767.884636
767.835026
767.760751
767.661979
767.538933
767.391891
767.221186
767.027202
766.810378
766.798202
767.014755
767.208497
767.378989
767.525848
767.648740
767.747389
767.821571
767.871118
767.895920
767.895920
767.871118
767.821571
767.747389
767.648740
767.525848
767.378989
767.208497
767.014755
766.798202
766.786041
767.002324
767.195824
767.366103
767.512778
767.635517
767.734043
767.808132
767.857618
767.882389
767.882389
767.857618
767.808132
767.734043
767.635517
767.512778
767.366103
767.195824
767.002324
766.786041
766.773896
766.989908
767.183166
767.353233
767.499725
767.622311
767.720713
767.794710
767.844134
767.868874
767.868874
767.844134
767.794710
767.720713
767.622311
767.499725
767.353233
767.183166
766.989908
766.773896
766.761766
766.977508
767.170525
767.340380
767.486689
767.609121
767.707401
767.781305
767.830668
767.855377
767.855377
767.830668
767.781305
767.707401
767.609121
767.486689
767.340380
767.170525
766.977508
766.761766
766.749650
766.965123
767.157899
767.327542
767.473668
767.595948
767.694105
767.767917
767.817218
767.841896
767.841896
767.817218
767.767917
767.694105
767.595948
767.473668
767.327542
767.157899
766.965123
766.749650
766.737550
766.952754
767.145289
767.314720
767.460664
767.582791
767.680825
767.754545
767.803785
767.828432
767.828432
767.803785
767.754545
767.680825
767.582791
767.460664
767.314720
767.145289
766.952754
766.737550
766.725465
766.940401
767.132695
767.301915
767.447676
767.569651
767.667562
767.741190
767.790368
767.814985
767.814985
767.790368
767.741190
767.667562
767.569651
767.447676
767.301915
767.132695
766.940401
766.725465
766.713396
766.928062
767.120117
767.289125
767.434705
767.556527
767.654316
767.727852
767.776969
767.801555
767.801555
767.776969
767.727852
767.654316
767.556527
767.434705
767.289125
767.120117
766.928062
766.713396
766.701341
766.915740
767.107554
767.276351
767.421749
767.543419
767.641087
767.714531
767.763586
767.788141
767.788141
767.763586
767.714531
767.641087
767.543419
767.421749
767.276351
767.107554
766.915740
766.701341
766.689301
766.903432
767.095008
767.263594
767.408810
767.530328
767.627874
767.701226
767.750220
767.774745
767.774745
767.750220
767.701226
767.627874
767.530328
767.408810
767.263594
767.095008
766.903432
766.689301
766.677276
766.891140
767.082476
767.250852
767.395887
767.517254
767.614677
767.687938
767.736871
767.761365
767.761365
767.736871
767.687938
767.614677
767.517254
767.395887
767.250852
767.082476
766.891140
766.677276
766.665267
766.878864
767.069961
767.238126
767.382980
767.504195
767.601497
767.674667
767.723538
767.748002
767.748002
767.723538
767.674667
767.601497
767.504195
767.382980
767.238126
767.069961
766.878864
766.665267
766.653272
766.866602
767.057461
767.225417
767.370090
767.491153
767.588334
767.661412
767.710222
767.734655
767.734655
767.710222
767.661412
767.588334
767.491153
767.370090
767.225417
767.057461
766.866602
766.653272
766.641293
766.854356
767.044977
767.212723
767.357215
767.478127
767.575187
767.648174
767.696923
767.721326
767.721326
767.696923
767.648174
767.575187
767.478127
767.357215
767.212723
767.044977
766.854356
766.641293
766.629328
766.842126
767.032508
767.200045
767.344357
767.465118
767.562056
767.634952
767.683641
767.708013
767.708013
767.683641
767.634952
767.562056
767.465118
767.344357
767.200045
767.032508
766.842126
766.629328
766.617378
766.829910
767.020055
767.187382
767.331514
767.452125
767.548942
767.621747
767.670375
767.694716
767.694716
767.670375
767.621747
767.548942
767.452125
767.331514
767.187382
767.020055
766.829910
766.617378
766.605443
766.817710
767.007617
767.174736
767.318688
767.439148
767.535844
767.608558
767.657125
767.681436
767.681436
767.657125
767.608558
767.535844
767.439148
767.318688
767.174736
767.007617
766.817710
766.605443
766.593524
766.805525
766.995195
767.162105
767.305877
767.426187
767.522763
767.595386
767.643893
767.668173
767.668173
767.643893
767.595386
767.522763
767.426187
767.305877
767.162105
766.995195
766.805525
766.593524
766.581619
766.793356
766.982789
767.149490
767.293083
767.413243
767.509698
767.582230
767.630676
767.654927
767.654927
767.630676
767.582230
767.509698
767.413243
767.293083
767.149490
766.982789
766.793356
766.581619
766.569728
766.781201
766.970398
767.136891
767.280305
767.400314
767.496649
767.569091
767.617477
767.641697
767.641697
767.617477
767.569091
767.496649
767.400314
767.280305
767.136891
766.970398
766.781201
766.569728
766.557853
766.769062
766.958023
767.124308
767.267543
767.387402
767.483617
767.555968
767.604293
767.628483
767.628483
767.604293
767.555968
767.483617
767.387402
767.267543
767.124308
766.958023
766.769062
766.557853
766.545993
766.756938
766.945663
767.111741
767.254796
767.374506
767.470601
767.542862
767.591127
767.615286
767.615286
767.591127
767.542862
767.470601
767.374506
767.254796
767.111741
766.945663
766.756938
766.545993
766.534147
766.744829
766.933318
767.099189
767.242066
767.361627
767.457601
767.529772
767.577976
767.602106
767.602106
767.577976
767.529772
767.457601
767.361627
767.242066
767.099189
766.933318
766.744829
766.534147
766.522316
766.732735
766.920989
767.086653
767.229351
767.348763
767.444617
767.516698
767.564843
767.588942
767.588942
767.564843
767.516698
767.444617
767.348763
767.229351
767.086653
766.920989
766.732735
766.522316
766.510500
766.720656
766.908675
767.074132
767.216653
767.335915
767.431650
767.503641
767.551725
767.575795
767.575795
767.551725
767.503641
767.431650
767.335915
767.216653
767.074132
766.908675
766.720656
766.510500
766.498699
766.708593
766.896377
767.061627
767.203970
767.323084
767.418699
767.490600
767.538624
767.562664
767.562664
767.538624
767.490600
767.418699
767.323084
767.203970
767.061627
766.896377
766.708593
766.498699
766.486913
766.696544
766.884094
767.049138
767.191303
767.310268
767.405764
767.477575
767.525540
767.549549
767.549549
767.525540
767.477575
767.405764
767.310268
767.191303
767.049138
766.884094
766.696544
766.486913
766.475141
766.684511
766.871827
767.036665
767.178652
767.297469
767.392845
767.464567
767.512472
767.536451
767.536451
767.512472
767.464567
767.392845
767.297469
767.178652
767.036665
766.871827
766.684511
766.475141
766.463384
766.672492
766.859574
767.024207
767.166017
767.284685
767.379943
767.451575
767.499420
767.523369
767.523369
767.499420
767.451575
767.379943
767.284685
767.166017
767.024207
766.859574
766.672492
766.463384
766.451641
766.660489
766.847337
767.011764
767.153398
767.271917
767.367056
767.438599
767.486384
767.510304
767.510304
767.486384
767.438599
767.367056
767.271917
767.153398
767.011764
766.847337
766.660489
766.451641
766.439914
766.648501
766.835116
766.999337
767.140794
767.259166
767.354186
767.425639
767.473365
767.497255
767.497255
767.473365
767.425639
767.354186
767.259166
767.140794
766.999337
766.835116
766.648501
766.439914
766.428200
766.636527
766.822909
766.986926
767.128206
767.246430
767.341332
767.412696
767.460362
767.484222
767.484222
767.460362
767.412696
767.341332
767.246430
767.128206
766.986926
766.822909
766.636527
766.428200
766.416502
766.624569
766.810718
766.974530
767.115634
767.233711
767.328494
767.399769
767.447375
767.471205
767.471205
767.447375
767.399769
767.328494
767.233711
767.115634
766.974530
766.810718
766.624569
766.416502
766.404818
766.612625
766.798543
766.962150
767.103077
767.221007
767.315671
767.386858
767.434405
767.458205
767.458205
767.434405
767.386858
767.315671
767.221007
767.103077
766.962150
766.798543
766.612625
766.404818
766.393149
766.600697
766.786382
766.949785
767.090537
767.208319
767.302865
767.373963
767.421450
767.445221
767.445221
767.421450
767.373963
767.302865
767.208319
767.090537
766.949785
766.786382
766.600697
766.393149
766.381494
766.588783
766.774236
766.937436
767.078012
767.195647
767.290075
767.361084
767.408512
767.432253
767.432253
767.408512
767.361084
767.290075
767.195647
767.078012
766.937436
766.774236
766.588783
766.381494
766.369854
766.576884
766.762106
766.925102
767.065502
767.182991
767.277301
767.348221
767.395591
767.419302
767.419302
767.395591
767.348221
767.277301
767.182991
767.065502
766.925102
766.762106
766.576884
766.369854
766.358229
766.565000
766.749991
766.912783
767.053008
767.170350
767.264543
767.335375
767.382685
767.406367
767.406367
767.382685
767.335375
767.264543
767.170350
767.053008
766.912783
766.749991
766.565000
766.358229
766.346617
766.553131
766.737891
766.900480
767.040530
767.157726
767.251801
767.322544
767.369795
767.393447
767.393447
767.369795
767.322544
767.251801
767.157726
767.040530
766.900480
766.737891
766.553131
766.346617
766.335021
766.541277
766.725806
766.888192
767.028068
767.145117
767.239075
767.309730
767.356922
767.380545
767.380545
767.356922
767.309730
767.239075
767.145117
767.028068
766.888192
766.725806
766.541277
766.335021
766.323439
766.529437
766.713736
766.875920
767.015621
767.132524
767.226365
767.296931
767.344064
767.367658
767.367658
767.344064
767.296931
767.226365
767.132524
767.015621
766.875920
766.713736
766.529437
766.323439
766.311871
766.517612
766.701682
766.863663
767.003189
767.119946
767.213670
767.284149
767.331223
767.354787
767.354787
767.331223
767.284149
767.213670
767.119946
767.003189
766.863663
766.701682
766.517612
766.311871
766.300318
766.505803
766.689642
766.851421
766.990773
767.107385
767.200992
767.271382
767.318398
767.341932
767.341932
767.318398
767.271382
767.200992
767.107385
766.990773
766.851421
766.689642
766.505803
766.300318
766.288779
766.494007
766.677617
766.839194
766.978373
767.094839
767.188329
767.258632
767.305589
767.329094
767.329094
767.305589
767.258632
767.188329
767.094839
766.978373
766.839194
766.677617
766.494007
766.288779
766.277255
766.482227
766.665608
766.826983
766.965988
767.082309
767.175682
767.245897
767.292796
767.316271
767.316271
767.292796
767.245897
767.175682
767.082309
766.965988
766.826983
766.665608
766.482227
766.277255
766.265745
766.470461
766.653613
766.814787
766.953619
767.069794
767.163051
767.233179
767.280018
767.303465
767.303465
767.280018
767.233179
767.163051
767.069794
766.953619
766.814787
766.653613
766.470461
766.265745
766.254249
766.458710
766.641634
766.802607
766.941265
767.057295
767.150436
767.220476
767.267257
767.290674
767.290674
767.267257
767.220476
767.150436
767.057295
766.941265
766.802607
766.641634
766.458710
766.254249
766.242768
766.446974
766.629669
766.790441
766.928926
767.044812
767.137836
767.207789
767.254512
767.277900
767.277900
767.254512
767.207789
767.137836
767.044812
766.928926
766.790441
766.629669
766.446974
766.242768
766.231301
766.435252
766.617720
766.778291
766.916603
767.032344
767.125253
767.195118
767.241783
767.265141
767.265141
767.241783
767.195118
767.125253
767.032344
766.916603
766.778291
766.617720
766.435252
766.231301
766.219849
766.423545
766.605785
766.766156
766.904296
767.019892
767.112685
767.182463
767.229069
767.252399
767.252399
767.229069
767.182463
767.112685
767.019892
766.904296
766.766156
766.605785
766.423545
766.219849
766.208411
766.411853
766.593865
766.754036
766.892003
767.007456
767.100132
767.169823
767.216372
767.239672
767.239672
767.216372
767.169823
767.100132
767.007456
766.892003
766.754036
766.593865
766.411853
766.208411
766.196987
766.400175
766.581960
766.741931
766.879726
766.995035
767.087596
767.157200
767.203690
767.226961
767.226961
767.203690
767.157200
767.087596
766.995035
766.879726
766.741931
766.581960
766.400175
766.196987
766.185577
766.388512
766.570070
766.729841
766.867465
766.982629
767.075075
767.144592
767.191024
767.214267
767.214267
767.191024
767.144592
767.075075
766.982629
766.867465
766.729841
766.570070
766.388512
766.185577
766.174181
766.376863
766.558195
766.717767
766.855219
766.970239
767.062569
767.132000
767.178374
767.201588
767.201588
767.178374
767.132000
767.062569
766.970239
766.855219
766.717767
766.558195
766.376863
766.174181
766.162800
766.365229
766.546334
766.705707
766.842988
766.957865
767.050080
767.119424
767.165740
767.188925
767.188925
767.165740
767.119424
767.050080
766.957865
766.842988
766.705707
766.546334
766.365229
766.162800
766.151433
766.353609
766.534489
766.693663
766.830772
766.945506
767.037606
767.106863
767.153122
767.176277
767.176277
767.153122
767.106863
767.037606
766.945506
766.830772
766.693663
766.534489
766.353609
766.151433
766.140080
766.342004
766.522658
766.681634
766.818572
766.933162
767.025147
767.094318
767.140519
767.163646
767.163646
767.140519
767.094318
767.025147
766.933162
766.818572
766.681634
766.522658
766.342004
766.140080
766.128742
766.330414
766.510842
766.669619
766.806386
766.920834
767.012704
767.081789
767.127932
767.151030
767.151030
767.127932
767.081789
767.012704
766.920834
766.806386
766.669619
766.510842
766.330414
766.128742
766.117417
766.318837
766.499041
766.657620
766.794216
766.908522
767.000277
767.069275
767.115361
767.138430
767.138430
767.115361
767.069275
767.000277
766.908522
766.794216
766.657620
766.499041
766.318837
766.117417
766.106107
766.307276
766.487254
766.645636
766.782062
766.896224
766.987865
767.056778
767.102806
767.125846
767.125846
767.102806
767.056778
766.987865
766.896224
766.782062
766.645636
766.487254
766.307276
766.106107
766.094811
766.295729
766.475483
766.633666
766.769922
766.883942
766.975469
767.044295
767.090266
767.113278
767.113278
767.090266
767.044295
766.975469
766.883942
766.769922
766.633666
766.475483
766.295729
766.094811
766.083528
766.284196
766.463726
766.621712
766.757798
766.871676
766.963088
767.031829
767.077742
767.100725
767.100725
767.077742
767.031829
766.963088
766.871676
766.757798
766.621712
766.463726
766.284196
766.083528
766.072260
766.272677
766.451983
766.609773
766.745689
766.859424
766.950723
767.019378
767.065234
767.088188
767.088188
767.065234
767.019378
766.950723
766.859424
766.745689
766.609773
766.451983
766.272677
766.072260
766.061006
766.261173
766.440256
766.597848
766.733594
766.847188
766.938373
767.006942
767.052741
767.075666
767.075666
767.052741
767.006942
766.938373
766.847188
766.733594
766.597848
766.440256
766.261173
766.061006
766.049767
766.249684
766.428543
766.585938
766.721516
766.834968
766.926038
766.994522
767.040264
767.063161
767.063161
767.040264
766.994522
766.926038
766.834968
766.721516
766.585938
766.428543
766.249684
766.049767
766.038541
766.238208
766.416844
766.574044
766.709452
766.822762
766.913719
766.982118
767.027802
767.050671
767.050671
767.027802
766.982118
766.913719
766.822762
766.709452
766.574044
766.416844
766.238208
766.038541
766.027329
766.226748
766.405160
766.562164
766.697403
766.810572
766.901416
766.969729
767.015356
767.038196
767.038196
767.015356
766.969729
766.901416
766.810572
766.697403
766.562164
766.405160
766.226748
766.027329
766.016131
766.215301
766.393491
766.550299
766.685369
766.798397
766.889127
766.957355
767.002926
767.025737
767.025737
767.002926
766.957355
766.889127
766.798397
766.685369
766.550299
766.393491
766.215301
766.016131
766.004947
766.203869
766.381836
766.538448
766.673350
766.786237
766.876855
766.944997
766.990511
767.013294
767.013294
766.990511
766.944997
766.876855
766.786237
766.673350
766.538448
766.381836
766.203869
766.004947
765.993777
766.192450
766.370196
766.526613
766.661347
766.774093
766.864597
766.932655
766.978112
767.000866
767.000866
766.978112
766.932655
766.864597
766.774093
766.661347
766.526613
766.370196
766.192450
765.993777
765.982621
766.181047
766.358571
766.514792
766.649358
766.761963
766.852355
766.920327
766.965728
766.988454
766.988454
766.965728
766.920327
766.852355
766.761963
766.649358
766.514792
766.358571
766.181047
765.982621
765.971479
766.169657
766.346960
766.502986
766.637384
766.749849
766.840128
766.908016
766.953360
766.976057
766.976057
766.953360
766.908016
766.840128
766.749849
766.637384
766.502986
766.346960
766.169657
765.971479
765.960351
766.158282
766.335363
766.491195
766.625425
766.737750
766.827916
766.895719
766.941007
766.963676
766.963676
766.941007
766.895719
766.827916
766.737750
766.625425
766.491195
766.335363
766.158282
765.960351
765.949236
766.146920
766.323781
766.479419
766.613481
766.725666
766.815720
766.883438
766.928669
766.951310
766.951310
766.928669
766.883438
766.815720
766.725666
766.613481
766.479419
766.323781
766.146920
765.949236
765.938136
766.135573
766.312214
766.467657
766.601552
766.713597
766.803538
766.871173
766.916347
766.938960
766.938960
766.916347
766.871173
766.803538
766.713597
766.601552
766.467657
766.312214
766.135573
765.938136
765.927049
766.124241
766.300660
766.455910
766.589638
766.701544
766.791373
766.858922
766.904041
766.926625
766.926625
766.904041
766.858922
766.791373
766.701544
766.589638
766.455910
766.300660
766.124241
765.927049
765.915977
766.112922
766.289122
766.444178
766.577739
766.689505
766.779222
766.846687
766.891749
766.914306
766.914306
766.891749
766.846687
766.779222
766.689505
766.577739
766.444178
766.289122
766.112922
765.915977
765.904918
766.101617
766.277597
766.432460
766.565855
766.677481
766.767086
766.834468
766.879473
766.902002
766.902002
766.879473
766.834468
766.767086
766.677481
766.565855
766.432460
766.277597
766.101617
765.904918
765.893873
766.090327
766.266087
766.420757
766.553986
766.665473
766.754966
766.822263
766.867213
766.889713
766.889713
766.867213
766.822263
766.754966
766.665473
766.553986
766.420757
766.266087
766.090327
765.893873
765.882841
766.079051
766.254592
766.409068
766.542131
766.653479
766.742860
766.810074
766.854967
766.877440
766.877440
766.854967
766.810074
766.742860
766.653479
766.542131
766.409068
766.254592
766.079051
765.882841
765.871824
766.067788
766.243111
766.397395
766.530291
766.641500
766.730770
766.797900
766.842738
766.865182
766.865182
766.842738
766.797900
766.730770
766.641500
766.530291
766.397395
766.243111
766.067788
765.871824
765.860820
766.056540
766.231644
766.385735
766.518466
766.629536
766.718695
766.785741
766.830523
766.852939
766.852939
766.830523
766.785741
766.718695
766.629536
766.518466
766.385735
766.231644
766.056540
765.860820
765.849830
766.045306
766.220191
766.374091
766.506656
766.617588
766.706635
766.773598
766.818323
766.840712
766.840712
766.818323
766.773598
766.706635
766.617588
766.506656
766.374091
766.220191
766.045306
765.849830
765.838854
766.034086
766.208753
766.362460
766.494860
766.605654
766.694590
766.761469
766.806139
766.828499
766.828499
766.806139
766.761469
766.694590
766.605654
766.494860
766.362460
766.208753
766.034086
765.838854
765.827891
766.022880
766.197329
766.350845
766.483080
766.593735
766.682561
766.749356
766.793970
766.816303
766.816303
766.793970
766.749356
766.682561
766.593735
766.483080
766.350845
766.197329
766.022880
765.827891
765.816942
766.011688
766.185919
766.339244
766.471314
766.581831
766.670546
766.737258
766.781816
766.804121
766.804121
766.781816
766.737258
766.670546
766.581831
766.471314
766.339244
766.185919
766.011688
765.816942
765.806007
766.000510
766.174524
766.327657
766.459562
766.569942
766.658546
766.725175
766.769678
766.791955
766.791955
766.769678
766.725175
766.658546
766.569942
766.459562
766.327657
766.174524
766.000510
765.806007
765.795085
765.989345
766.163143
766.316085
766.447826
766.558067
766.646561
766.713107
766.757555
766.779803
766.779803
766.757555
766.713107
766.646561
766.558067
766.447826
766.316085
766.163143
765.989345
765.795085
765.784177
765.978195
766.151776
766.304527
766.436104
766.546208
766.634591
766.701054
766.745446
766.767667
766.767667
766.745446
766.701054
766.634591
766.546208
766.436104
766.304527
766.151776
765.978195
765.784177
765.773283
765.967059
766.140423
766.292984
766.424396
766.534363
766.622636
766.689016
766.733353
766.755547
766.755547
766.733353
766.689016
766.622636
766.534363
766.424396
766.292984
766.140423
765.967059
765.773283
765.762402
765.955936
766.129084
766.281455
766.412703
766.522533
766.610696
766.676994
766.721275
766.743441
766.743441
766.721275
766.676994
766.610696
766.522533
766.412703
766.281455
766.129084
765.955936
765.762402
765.751535
765.944828
766.117760
766.269940
766.401025
766.510718
766.598771
766.664986
766.709212
766.731350
766.731350
766.709212
766.664986
766.598771
766.510718
766.401025
766.269940
766.117760
765.944828
765.751535
765.740681
765.933733
766.106450
766.258440
766.389362
766.498918
766.586861
766.652993
766.697164
766.719275
766.719275
766.697164
766.652993
766.586861
766.498918
766.389362
766.258440
766.106450
765.933733
765.740681
765.729841
765.922652
766.095153
766.246954
766.377713
766.487132
766.574966
766.641015
766.685131
766.707214
766.707214
766.685131
766.641015
766.574966
766.487132
766.377713
766.246954
766.095153
765.922652
765.729841
765.719014
765.911585
766.083871
766.235483
766.366078
766.475361
766.563085
766.629053
766.673114
766.695169
766.695169
766.673114
766.629053
766.563085
766.475361
766.366078
766.235483
766.083871
765.911585
765.719014
765.708201
765.900532
766.072603
766.224026
766.354458
766.463605
766.551220
766.617105
766.661111
766.683139
766.683139
766.661111
766.617105
766.551220
766.463605
766.354458
766.224026
766.072603
765.900532
765.708201
765.697402
765.889492
766.061349
766.212583
766.342853
766.451864
766.539369
766.605172
766.649123
766.671124
766.671124
766.649123
766.605172
766.539369
766.451864
766.342853
766.212583
766.061349
765.889492
765.697402
765.686616
765.878467
766.050109
766.201155
766.331262
766.440137
766.527533
766.593254
766.637150
766.659123
766.659123
766.637150
766.593254
766.527533
766.440137
766.331262
766.201155
766.050109
765.878467
765.686616
765.675843
765.867455
766.038883
766.189740
766.319685
766.428424
766.515712
766.581351
766.625192
766.647138
766.647138
766.625192
766.581351
766.515712
766.428424
766.319685
766.189740
766.038883
765.867455
765.675843
765.665084
765.856457
766.027671
766.178340
766.308123
766.416727
766.503906
766.569462
766.613250
766.635168
766.635168
766.613250
766.569462
766.503906
766.416727
766.308123
766.178340
766.027671
765.856457
765.665084
765.654338
765.845472
766.016474
766.166955
766.296576
766.405044
766.492114
766.557589
766.601322
766.623212
766.623212
766.601322
766.557589
766.492114
766.405044
766.296576
766.166955
766.016474
765.845472
765.654338
765.643606
765.834502
766.005290
766.155583
766.285043
766.393376
766.480337
766.545730
766.589408
766.611272
766.611272
766.589408
766.545730
766.480337
766.393376
766.285043
766.155583
766.005290
765.834502
765.643606
765.632887
765.823545
765.994120
766.144226
766.273524
766.381722
766.468575
766.533887
766.577510
766.599347
766.599347
766.577510
766.533887
766.468575
766.381722
766.273524
766.144226
765.994120
765.823545
765.632887
765.622181
765.812601
765.982964
766.132883
766.262020
766.370082
766.456827
766.522058
766.565627
766.587436
766.587436
766.565627
766.522058
766.456827
766.370082
766.262020
766.132883
765.982964
765.812601
765.622181
765.611489
765.801672
765.971822
766.121554
766.250530
766.358458
766.445094
766.510244
766.553758
766.575540
766.575540
766.553758
766.510244
766.445094
766.358458
766.250530
766.121554
765.971822
765.801672
765.611489
765.600810
765.790756
765.960693
766.110239
766.239054
766.346848
766.433376
766.498444
766.541905
766.563659
766.563659
766.541905
766.498444
766.433376
766.346848
766.239054
766.110239
765.960693
765.790756
765.600810
765.590144
765.779853
765.949579
766.098938
766.227593
766.335252
766.421672
766.486659
766.530066
766.551793
766.551793
766.530066
766.486659
766.421672
766.335252
766.227593
766.098938
765.949579
765.779853
765.590144
765.579492
765.768964
765.938479
766.087651
766.216146
766.323671
766.409984
766.474889
766.518242
766.539942
766.539942
766.518242
766.474889
766.409984
766.323671
766.216146
766.087651
765.938479
765.768964
765.579492
765.568853
765.758089
765.927392
766.076379
766.204713
766.312104
766.398309
766.463134
766.506432
766.528106
766.528106
766.506432
766.463134
766.398309
766.312104
766.204713
766.076379
765.927392
765.758089
765.568853
765.558227
765.747227
765.916319
766.065120
766.193294
766.300551
766.386649
766.451393
766.494638
766.516284
766.516284
766.494638
766.451393
766.386649
766.300551
766.193294
766.065120
765.916319
765.747227
765.558227
765.547615
765.736379
765.905260
766.053876
766.181890
766.289014
766.375004
766.439668
766.482858
766.504477
766.504477
766.482858
766.439668
766.375004
766.289014
766.181890
766.053876
765.905260
765.736379
765.547615
765.537015
765.725545
765.894215
766.042646
766.170500
766.277490
766.363373
766.427956
766.471093
766.492685
766.492685
766.471093
766.427956
766.363373
766.277490
766.170500
766.042646
765.894215
765.725545
765.537015
765.526429
765.714724
765.883184
766.031429
766.159124
766.265981
766.351757
766.416260
766.459342
766.480908
766.480908
766.459342
766.416260
766.351757
766.265981
766.159124
766.031429
765.883184
765.714724
765.526429
765.515857
765.703916
765.872167
766.020227
766.147763
766.254486
766.340156
766.404577
766.447606
766.469145
766.469145
766.447606
766.404577
766.340156
766.254486
766.147763
766.020227
765.872167
765.703916
765.515857
765.505297
765.693122
765.861163
766.009039
766.136416
766.243006
766.328568
766.392910
766.435885
766.457397
766.457397
766.435885
766.392910
766.328568
766.243006
766.136416
766.009039
765.861163
765.693122
765.505297
765.494750
765.682342
765.850173
765.997864
766.125082
766.231540
766.316996
766.381257
766.424179
766.445664
766.445664
766.424179
766.381257
766.316996
766.231540
766.125082
765.997864
765.850173
765.682342
765.494750
765.484217
765.671574
765.839196
765.986704
766.113763
766.220088
766.305437
766.369619
766.412487
766.433945
766.433945
766.412487
766.369619
766.305437
766.220088
766.113763
765.986704
765.839196
765.671574
765.484217
765.473697
765.660821
765.828234
765.975557
766.102458
766.208651
766.293894
766.357995
766.400810
766.422241
766.422241
766.400810
766.357995
766.293894
766.208651
766.102458
765.975557
765.828234
765.660821
765.473697
765.463190
765.650080
765.817285
765.964425
766.091168
766.197227
766.282364
766.346386
766.389147
766.410552
766.410552
766.389147
766.346386
766.282364
766.197227
766.091168
765.964425
765.817285
765.650080
765.463190
765.452696
765.639354
765.806349
765.953306
766.079891
766.185818
766.270849
766.334791
766.377499
766.398877
766.398877
766.377499
766.334791
766.270849
766.185818
766.079891
765.953306
765.806349
765.639354
765.452696
765.442215
765.628640
765.795428
765.942201
766.068628
766.174424
766.259348
766.323210
766.365865
766.387217
766.387217
766.365865
766.323210
766.259348
766.174424
766.068628
765.942201
765.795428
765.628640
765.442215
765.431747
765.617940
765.784520
765.931110
766.057380
766.163043
766.247862
766.311644
766.354246
766.375571
766.375571
766.354246
766.311644
766.247862
766.163043
766.057380
765.931110
765.784520
765.617940
765.431747
765.421293
765.607253
765.773625
765.920033
766.046145
766.151677
766.236390
766.300093
766.342642
766.363940
766.363940
766.342642
766.300093
766.236390
766.151677
766.046145
765.920033
765.773625
765.607253
765.421293
765.410851
765.596580
765.762744
765.908970
766.034925
766.140325
766.224933
766.288556
766.331052
766.352323
766.352323
766.331052
766.288556
766.224933
766.140325
766.034925
765.908970
765.762744
765.596580
765.410851
765.400422
765.585920
765.751877
765.897920
766.023718
766.128987
766.213489
766.277033
766.319476
766.340721
766.340721
766.319476
766.277033
766.213489
766.128987
766.023718
765.897920
765.751877
765.585920
765.400422
765.390007
765.575273
765.741023
765.886884
766.012526
766.117663
766.202060
766.265525
766.307915
766.329134
766.329134
766.307915
766.265525
766.202060
766.117663
766.012526
765.886884
765.741023
765.575273
765.390007
765.379604
765.564639
765.730183
765.875862
766.001347
766.106354
766.190645
766.254031
766.296368
766.317561
766.317561
766.296368
766.254031
766.190645
766.106354
766.001347
765.875862
765.730183
765.564639
765.379604
765.369215
765.554019
765.719357
765.864854
765.990183
766.095058
766.179245
766.242552
766.284836
766.306002
766.306002
766.284836
766.242552
766.179245
766.095058
765.990183
765.864854
765.719357
765.554019
765.369215
765.358838
765.543412
765.708544
765.853860
765.979032
766.083777
766.167859
766.231087
766.273318
766.294458
766.294458
766.273318
766.231087
766.167859
766.083777
765.979032
765.853860
765.708544
765.543412
765.358838
765.348474
765.532818
765.697744
765.842879
765.967895
766.072510
766.156487
766.219636
766.261814
766.282928
766.282928
766.261814
766.219636
766.156487
766.072510
765.967895
765.842879
765.697744
765.532818
765.348474
765.338123
765.522237
765.686958
765.831912
765.956772
766.061257
766.145129
766.208199
766.250325
766.271412
766.271412
766.250325
766.208199
766.145129
766.061257
765.956772
765.831912
765.686958
765.522237
765.338123
765.327785
765.511670
765.676185
765.820959
765.945663
766.050017
766.133785
766.196777
766.238851
766.259911
766.259911
766.238851
766.196777
766.133785
766.050017
765.945663
765.820959
765.676185
765.511670
765.327785
765.317460
765.501116
765.665426
765.810019
765.934568
766.038792
766.122455
766.185369
766.227390
766.248424
766.248424
766.227390
766.185369
766.122455
766.038792
765.934568
765.810019
765.665426
765.501116
765.317460
765.307148
765.490575
765.654680
765.799093
765.923487
766.027581
766.111140
766.173975
766.215944
766.236952
766.236952
766.215944
766.173975
766.111140
766.027581
765.923487
765.799093
765.654680
765.490575
765.307148
765.296849
765.480047
765.643948
765.788181
765.912420
766.016384
766.099839
766.162595
766.204512
766.225494
766.225494
766.204512
766.162595
766.099839
766.016384
765.912420
765.788181
765.643948
765.480047
765.296849
765.286562
765.469532
765.633229
765.777282
765.901366
766.005201
766.088552
766.151230
766.193094
766.214050
766.214050
766.193094
766.151230
766.088552
766.005201
765.901366
765.777282
765.633229
765.469532
765.286562
765.276289
765.459030
765.622523
765.766397
765.890326
765.994032
766.077278
766.139879
766.181691
766.202621
766.202621
766.181691
766.139879
766.077278
765.994032
765.890326
765.766397
765.622523
765.459030
765.276289
765.266028
765.448542
765.611831
765.755525
765.879300
765.982876
766.066019
766.128542
766.170302
766.191206
766.191206
766.170302
766.128542
766.066019
765.982876
765.879300
765.755525
765.611831
765.448542
765.266028
765.255780
765.438066
765.601152
765.744667
765.868288
765.971735
766.054775
766.117219
766.158927
766.179805
766.179805
766.158927
766.117219
766.054775
765.971735
765.868288
765.744667
765.601152
765.438066
765.255780
765.245545
765.427604
765.590486
765.733822
765.857289
765.960608
766.043544
766.105910
766.147566
766.168418
766.168418
766.147566
766.105910
766.043544
765.960608
765.857289
765.733822
765.590486
765.427604
765.245545
765.235322
765.417155
765.579834
765.722992
765.846305
765.949494
766.032327
766.094616
766.136220
766.157045
766.157045
766.136220
766.094616
766.032327
765.949494
765.846305
765.722992
765.579834
765.417155
765.235322
765.225112
765.406718
765.569195
765.712174
765.835333
765.938394
766.021124
766.083335
766.124887
766.145687
766.145687
766.124887
766.083335
766.021124
765.938394
765.835333
765.712174
765.569195
765.406718
765.225112
765.214915
765.396295
765.558569
765.701370
765.824376
765.927308
766.009935
766.072069
766.113569
766.134343
766.134343
766.113569
766.072069
766.009935
765.927308
765.824376
765.701370
765.558569
765.396295
765.214915
765.204731
765.385885
765.547956
765.690580
765.813432
765.916236
765.998760
766.060816
766.102265
766.123013
766.123013
766.102265
766.060816
765.998760
765.916236
765.813432
765.690580
765.547956
765.385885
765.204731
765.194559
765.375487
765.537357
765.679803
765.802502
765.905178
765.987599
766.049578
766.090975
766.111697
766.111697
766.090975
766.049578
765.987599
765.905178
765.802502
765.679803
765.537357
765.375487
765.194559
765.184401
765.365103
765.526771
765.669039
765.791586
765.894134
765.976452
766.038354
766.079699
766.100395
766.100395
766.079699
766.038354
765.976452
765.894134
765.791586
765.669039
765.526771
765.365103
765.184401
765.174254
765.354731
765.516198
765.658289
765.780683
765.883103
765.965319
766.027143
766.068437
766.089108
766.089108
766.068437
766.027143
765.965319
765.883103
765.780683
765.658289
765.516198
765.354731
765.174254
765.164121
765.344373
765.505638
765.647552
765.769794
765.872086
765.954199
766.015947
766.057190
766.077834
766.077834
766.057190
766.015947
765.954199
765.872086
765.769794
765.647552
765.505638
765.344373
765.164121
765.154000
765.334027
765.495092
765.636829
765.758918
765.861083
765.943094
766.004765
766.045956
766.066575
766.066575
766.045956
766.004765
765.943094
765.861083
765.758918
765.636829
765.495092
765.334027
765.154000
765.143891
765.323695
765.484559
765.626119
765.748056
765.850094
765.932002
765.993596
766.034736
766.055329
766.055329
766.034736
765.993596
765.932002
765.850094
765.748056
765.626119
765.484559
765.323695
765.143891
765.133796
765.313375
765.474038
765.615422
765.737207
765.839118
765.920925
765.982442
766.023530
766.044098
766.044098
766.023530
765.982442
765.920925
765.839118
765.737207
765.615422
765.474038
765.313375
765.133796
765.123712
765.303068
765.463531
765.604739
765.726372
765.828156
765.909861
765.971301
766.012339
766.032881
766.032881
766.012339
765.971301
765.909861
765.828156
765.726372
765.604739
765.463531
765.303068
765.123712
765.113642
765.292774
765.453037
765.594069
765.715551
765.817208
765.898811
765.960175
766.001161
766.021677
766.021677
766.001161
765.960175
765.898811
765.817208
765.715551
765.594069
765.453037
765.292774
765.113642
765.103584
765.282493
765.442556
765.583413
765.704743
765.806274
765.887774
765.949062
765.989997
766.010488
766.010488
765.989997
765.949062
765.887774
765.806274
765.704743
765.583413
765.442556
765.282493
765.103584
765.093538
765.272224
765.432089
765.572769
765.693949
765.795353
765.876752
765.937963
765.978847
765.999313
765.999313
765.978847
765.937963
765.876752
765.795353
765.693949
765.572769
765.432089
765.272224
765.093538
765.083505
765.261969
765.421634
765.562139
765.683168
765.784445
765.865743
765.926878
765.967711
765.988151
765.988151
765.967711
765.926878
765.865743
765.784445
765.683168
765.562139
765.421634
765.261969
765.083505
765.073485
765.251726
765.411192
765.551523
765.672400
765.773551
765.854748
765.915807
765.956589
765.977004
765.977004
765.956589
765.915807
765.854748
765.773551
765.672400
765.551523
765.411192
765.251726
765.073485
765.063477
765.241496
765.400763
765.540919
765.661646
765.762671
765.843767
765.904749
765.945481
765.965870
765.965870
765.945481
765.904749
765.843767
765.762671
765.661646
765.540919
765.400763
765.241496
765.063477
765.053482
765.231279
765.390348
765.530329
765.650905
765.751805
765.832799
765.893706
765.934387
765.954750
765.954750
765.934387
765.893706
765.832799
765.751805
765.650905
765.530329
765.390348
765.231279
765.053482
765.043499
765.221074
765.379945
765.519752
765.640178
765.740952
765.821845
765.882676
765.923306
765.943645
765.943645
765.923306
765.882676
765.821845
765.740952
765.640178
765.519752
765.379945
765.221074
765.043499
765.033528
765.210882
765.369555
765.509188
765.629464
765.730112
765.810905
765.871660
765.912240
765.932553
765.932553
765.912240
765.871660
765.810905
765.730112
765.629464
765.509188
765.369555
765.210882
765.033528
765.023570
765.200703
765.359179
765.498637
765.618763
765.719286
765.799979
765.860658
765.901187
765.921474
765.921474
765.901187
765.860658
765.799979
765.719286
765.618763
765.498637
765.359179
765.200703
765.023570
765.013624
765.190537
765.348815
765.488099
765.608076
765.708474
765.789066
765.849669
765.890148
765.910410
765.910410
765.890148
765.849669
765.789066
765.708474
765.608076
765.488099
765.348815
765.190537
765.013624
765.003691
765.180383
765.338464
765.477575
765.597402
765.697675
765.778166
765.838694
765.879123
765.899360
765.899360
765.879123
765.838694
765.778166
765.697675
765.597402
765.477575
765.338464
765.180383
765.003691
764.993770
765.170242
765.328126
765.467064
765.586742
765.686889
765.767281
765.827733
765.868111
765.888323
765.888323
765.868111
765.827733
765.767281
765.686889
765.586742
765.467064
765.328126
765.170242
764.993770
764.983861
765.160114
765.317801
765.456566
765.576094
765.676117
765.756408
765.816786
765.857113
765.877300
765.877300
765.857113
765.816786
765.756408
765.676117
765.576094
765.456566
765.317801
765.160114
764.983861
764.973965
765.149998
765.307488
765.446080
765.565461
765.665359
765.745550
765.805852
765.846129
765.866291
765.866291
765.846129
765.805852
765.745550
765.665359
765.565461
765.446080
765.307488
765.149998
764.973965
764.964081
765.139895
765.297189
765.435608
765.554840
765.654614
765.734705
765.794932
765.835159
765.855295
765.855295
765.835159
765.794932
765.734705
765.654614
765.554840
765.435608
765.297189
765.139895
764.964081
764.954210
765.129804
765.286903
765.425149
765.544232
765.643882
765.723873
765.784025
765.824202
765.844314
765.844314
765.824202
765.784025
765.723873
765.643882
765.544232
765.425149
765.286903
765.129804
764.954210
764.944350
765.119726
765.276629
765.414704
765.533638
765.633164
765.713055
765.773132
765.813259
765.833346
765.833346
765.813259
765.773132
765.713055
765.633164
765.533638
765.414704
765.276629
765.119726
764.944350
764.934503
765.109661
765.266368
765.404271
765.523057
765.622459
765.702251
765.762253
765.802330
765.822391
765.822391
765.802330
765.762253
765.702251
765.622459
765.523057
765.404271
765.266368
765.109661
764.934503
764.924669
765.099608
765.256120
765.393851
765.512489
765.611767
765.691460
765.751387
765.791414
765.811451
765.811451
765.791414
765.751387
765.691460
765.611767
765.512489
765.393851
765.256120
765.099608
764.924669
764.914846
765.089567
765.245885
765.383444
765.501935
765.601089
765.680682
765.740535
765.780512
765.800523
765.800523
765.780512
765.740535
765.680682
765.601089
765.501935
765.383444
765.245885
765.089567
764.914846
764.905036
765.079540
765.235662
765.373050
765.491393
765.590424
765.669918
765.729696
765.769624
765.789610
765.789610
765.769624
765.729696
765.669918
765.590424
765.491393
765.373050
765.235662
765.079540
764.905036
764.895238
765.069524
765.225452
765.362669
765.480865
765.579772
765.659167
765.718871
765.758749
765.778710
765.778710
765.758749
765.718871
765.659167
765.579772
765.480865
765.362669
765.225452
765.069524
764.895238
764.885452
765.059521
765.215255
765.352301
765.470350
765.569134
765.648430
765.708060
765.747888
765.767824
765.767824
765.747888
765.708060
765.648430
765.569134
765.470350
765.352301
765.215255
765.059521
764.885452
764.875679
765.049531
765.205071
765.341946
765.459847
765.558508
765.637706
765.697261
765.737040
765.756952
765.756952
765.737040
765.697261
765.637706
765.558508
765.459847
765.341946
765.205071
765.049531
764.875679
764.865917
765.039553
765.194899
765.331604
765.449358
765.547897
765.626996
765.686477
765.726206
765.746092
765.746092
765.726206
765.686477
765.626996
765.547897
765.449358
765.331604
765.194899
765.039553
764.865917
764.856168
765.029588
765.184740
765.321275
765.438883
765.537298
765.616298
765.675705
765.715385
765.735247
765.735247
765.715385
765.675705
765.616298
765.537298
765.438883
765.321275
765.184740
765.029588
764.856168
764.846431
765.019635
765.174594
765.310958
765.428420
765.526712
765.605615
765.664948
765.704578
765.724415
765.724415
765.704578
765.664948
765.605615
765.526712
765.428420
765.310958
765.174594
765.019635
764.846431
764.836706
765.009694
765.164460
765.300655
765.417970
765.516140
765.594944
765.654203
765.693784
765.713597
765.713597
765.693784
765.654203
765.594944
765.516140
765.417970
765.300655
765.164460
765.009694
764.836706
764.826993
764.999766
765.154339
765.290364
765.407533
765.505581
765.584287
765.643472
765.683004
765.702792
765.702792
765.683004
765.643472
765.584287
765.505581
765.407533
765.290364
765.154339
764.999766
764.826993
764.817292
764.989850
765.144231
765.280086
765.397109
765.495035
765.573643
765.632755
765.672237
765.692000
765.692000
765.672237
765.632755
765.573643
765.495035
765.397109
765.280086
765.144231
764.989850
764.817292
764.807604
764.979946
765.134135
765.269821
765.386699
765.484503
765.563012
765.622050
765.661483
765.681222
765.681222
765.661483
765.622050
765.563012
765.484503
765.386699
765.269821
765.134135
764.979946
764.807604
764.797927
764.970055
765.124052
765.259569
765.376301
765.473983
765.552395
765.611360
765.650743
765.670458
765.670458
765.650743
765.611360
765.552395
765.473983
765.376301
765.259569
765.124052
764.970055
764.797927
764.788263
764.960176
765.113981
765.249330
765.365916
765.463477
765.541791
765.600682
765.640017
765.659706
765.659706
765.640017
765.600682
765.541791
765.463477
765.365916
765.249330
765.113981
764.960176
764.788263
764.778610
764.950310
765.103923
765.239103
765.355544
765.452983
765.531200
765.590018
765.629304
765.648969
765.648969
765.629304
765.590018
765.531200
765.452983
765.355544
765.239103
765.103923
764.950310
764.778610
764.768970
764.940455
765.093877
765.228889
765.345185
765.442503
765.520622
765.579367
765.618604
765.638244
765.638244
765.618604
765.579367
765.520622
765.442503
765.345185
765.228889
765.093877
764.940455
764.768970
764.759341
764.930613
765.083844
765.218688
765.334839
765.432036
765.510058
765.568729
765.607917
765.627533
765.627533
765.607917
765.568729
765.510058
765.432036
765.334839
765.218688
765.083844
764.930613
764.759341
764.749725
764.920784
765.073824
765.208499
765.324506
765.421582
765.499507
765.558105
765.597244
765.616836
765.616836
765.597244
765.558105
765.499507
765.421582
765.324506
765.208499
765.073824
764.920784
764.749725
764.740121
764.910966
765.063816
765.198324
765.314186
765.411141
765.488968
765.547494
765.586584
765.606152
765.606152
765.586584
765.547494
765.488968
765.411141
765.314186
765.198324
765.063816
764.910966
764.740121
764.730528
764.901161
765.053820
765.188161
765.303879
765.400712
765.478443
765.536896
765.575938
765.595481
765.595481
765.575938
765.536896
765.478443
765.400712
765.303879
765.188161
765.053820
764.901161
764.730528
764.720948
764.891368
765.043837
765.178010
765.293584
765.390297
765.467932
765.526311
765.565304
765.584823
765.584823
765.565304
765.526311
765.467932
765.390297
765.293584
765.178010
765.043837
764.891368
764.720948
764.711379
764.881587
765.033866
765.167873
765.283302
765.379895
765.457433
765.515740
765.554684
765.574179
765.574179
765.554684
765.515740
765.457433
765.379895
765.283302
765.167873
765.033866
764.881587
764.711379
764.701822
764.871819
765.023908
765.157747
765.273034
765.369506
765.446947
765.505182
765.544078
765.563548
765.563548
765.544078
765.505182
765.446947
765.369506
765.273034
765.157747
765.023908
764.871819
764.701822
764.692278
764.862062
765.013962
765.147635
765.262778
765.359130
765.436475
765.494636
765.533484
765.552930
765.552930
765.533484
765.494636
765.436475
765.359130
765.262778
765.147635
765.013962
764.862062
764.692278
764.682745
764.852318
765.004029
765.137535
765.252534
765.348767
765.426015
765.484104
765.522904
765.542325
765.542325
765.522904
765.484104
765.426015
765.348767
765.252534
765.137535
765.004029
764.852318
764.682745
764.673224
764.842586
764.994108
765.127448
765.242304
765.338417
765.415569
765.473586
765.512337
765.531734
765.531734
765.512337
765.473586
765.415569
765.338417
765.242304
765.127448
764.994108
764.842586
764.673224
764.663715
764.832866
764.984199
765.117373
765.232086
765.328079
765.405135
765.463080
765.501783
765.521156
765.521156
765.501783
765.463080
765.405135
765.328079
765.232086
765.117373
764.984199
764.832866
764.663715
764.654217
764.823158
764.974303
765.107311
765.221881
765.317755
765.394715
765.452587
765.491242
765.510591
765.510591
765.491242
765.452587
765.394715
765.317755
765.221881
765.107311
764.974303
764.823158
764.654217
764.644732
764.813462
764.964419
765.097261
765.211689
765.307443
765.384307
765.442108
765.480714
765.500039
765.500039
765.480714
765.442108
765.384307
765.307443
765.211689
765.097261
764.964419
764.813462
764.644732
764.635258
764.803778
764.954547
765.087224
765.201509
765.297144
765.373913
765.431641
765.470200
765.489501
765.489501
765.470200
765.431641
765.373913
765.297144
765.201509
765.087224
764.954547
764.803778
764.635258
764.625797
764.794107
764.944688
765.077200
765.191342
765.286858
765.363531
765.421188
765.459698
765.478975
765.478975
765.459698
765.421188
765.363531
765.286858
765.191342
765.077200
764.944688
764.794107
764.625797
764.616347
764.784447
764.934841
765.067188
765.181188
765.276585
765.353163
765.410748
765.449210
765.468463
765.468463
765.449210
765.410748
765.353163
765.276585
765.181188
765.067188
764.934841
764.784447
764.616347
764.606908
764.774800
764.925006
765.057188
765.171047
765.266325
765.342807
765.400320
765.438735
765.457964
765.457964
765.438735
765.400320
765.342807
765.266325
765.171047
765.057188
764.925006
764.774800
764.606908
764.597482
764.765164
764.915184
765.047201
765.160918
765.256077
765.332464
765.389906
765.428273
765.447478
765.447478
765.428273
765.389906
765.332464
765.256077
765.160918
765.047201
764.915184
764.765164
764.597482
